time,position,velocity,position_measured,velocity_estimated,torque_command,torque_applied,load_torque,saturated,safety_fault,target
0.0,0.0,0.0,0.00026591581643884907,0.0,9.419991476073479,0.0,0.0,True,False,0.5235987755982988
0.001,0.0,0.0,-0.0009075573411153578,-0.11734731575542065,9.58193077181596,3.0,0.0,True,False,0.5235987755982988
0.002,0.00015,0.15,0.0008048922121175671,0.06563237114341383,9.331531055579166,3.0,0.0,True,False,0.5235987755982988
0.003,0.0004434000036708267,0.29340000367082675,0.0012641975601264948,0.1049996688299652,9.276022802091143,3.0,0.0,True,False,0.5235987755982988
0.004,0.0008796264073269724,0.4362264036561456,-0.0008229729858869356,-0.11421735265437431,9.576652297700594,3.0,0.0,True,False,0.5235987755982988
0.005,0.0014581079053684934,0.578481498041521,0.0003217419130313161,0.011675872502888249,9.404975559331348,3.0,0.0,True,False,0.5235987755982988
0.006,0.0021782754774178487,0.720167572049355,0.0022898372750351547,0.20731782145298325,9.134779504075166,3.0,0.0,True,False,0.5235987755982988
0.007,0.0030395623791790063,0.8612869017611575,0.0027635886556071202,0.23396117736488145,9.094279952130593,3.0,0.0,True,False,0.5235987755982988
0.008,0.004041404133333119,1.001841754154113,0.004026742357503319,0.3368804298180132,8.948040082552701,3.0,0.0,True,False,0.5235987755982988
0.009000000000000001,0.005183238520470616,1.1418343871374965,0.004438817260455466,0.3443998771314265,8.931599397523467,3.0,0.0,True,False,0.5235987755982988
0.01,0.006464505570059563,1.2812670495889464,0.007231925074895897,0.5892706708623269,8.587478504386459,3.0,0.0,True,False,0.5235987755982988
0.011,0.007884647551450153,1.4201419813905907,0.008563399059884867,0.6634910022749912,8.474447574961461,3.0,0.0,True,False,0.5235987755982988
0.012,0.009443108964915181,1.5584614134650283,0.009500731618906771,0.6908751579496826,8.42471460208944,3.0,0.0,True,False,0.5235987755982988
0.013000000000000001,0.011139336532726349,1.6962275678111682,0.0121230400590137,0.8840184861654072,8.145741056308644,3.0,0.0,True,False,0.5235987755982988
0.014,0.012972779190266272,1.8334426575399236,0.013380758055572834,0.9213884372047799,8.078258191123332,3.0,0.0,True,False,0.5235987755982988
0.015,0.014942888077176036,1.970108886909764,0.014193013941431852,0.9104751820702037,8.076733491339361,3.0,0.0,True,False,0.5235987755982988
0.016,0.01704911652853816,2.1062284513621248,0.017370912293615676,1.1372174990815656,7.7474405405864175,3.0,0.0,True,False,0.5235987755982988
0.017,0.019290920066094838,2.2418035375566765,0.01845413713986721,1.1318182337985625,7.734421611693493,3.0,0.0,True,False,0.5235987755982988
0.018000000000000002,0.02166775638950129,2.37683632340645,0.022434348893148697,1.4166575857468549,7.320970577796478,3.0,0.0,True,False,0.5235987755982988
0.019,0.024179085367614112,2.5113289781128243,0.024135516791175725,1.4451086169748721,7.25620831815837,3.0,0.0,True,False,0.5235987755982988
0.02,0.026824369029814485,2.645283662200373,0.02666304618447031,1.5533506946068432,7.080822295920701,3.0,0.0,True,False,0.5235987755982988
0.021,0.029603071557366058,2.7787025275515713,0.029008848431168372,1.632595849815965,6.94350366922919,3.0,0.0,True,False,0.5235987755982988
0.022,0.03251465927480742,2.911587717441365,0.033581527854887466,1.9266042072062777,6.508385410733872,3.0,0.0,True,False,0.5235987755982988
0.023,0.03555860064137902,3.0439413665715995,0.035423748228703915,1.9181658238672947,6.485351504011955,3.0,0.0,True,False,0.5235987755982988
0.024,0.03873436624248434,3.1757656011053133,0.03836057970375219,2.0200323889853924,6.3102486593193685,3.0,0.0,True,False,0.5235987755982988
0.025,0.042041428781185226,3.307062538700892,0.04173413428804736,2.155384608516371,6.087102013364881,3.0,0.0,True,False,0.5235987755982988
0.026000000000000002,0.04547926306973132,3.4378342885460884,0.04594379046605709,2.360811765465706,5.764815613821504,3.0,0.0,True,False,0.5235987755982988
0.027,0.04904734602112322,3.568082951391904,0.04936625612887438,2.4669771552008646,5.575812764208603,3.0,0.0,True,False,0.5235987755982988
0.028,0.052745156640709556,3.6978106195863365,0.053105333790844804,2.5941872058778204,5.355857305480788,3.0,0.0,True,False,0.5235987755982988
0.029,0.05657217601781755,3.827019377107991,0.056948138267279146,2.7190489329334726,5.1368527524381875,3.0,0.0,True,False,0.5235987755982988
0.03,0.06052788731741711,3.955711299599559,0.062396827420048456,2.9920129549170564,4.711219521308038,3.0,0.0,True,False,0.5235987755982988
0.031,0.06461177577181827,4.083888454401161,0.06425711176354536,2.8788400937750414,4.813541836495512,3.0,0.0,True,False,0.5235987755982988
0.032,0.06882332867240183,4.211552900583556,0.06837631256281686,3.0028761643246873,4.590552937449051,3.0,0.0,True,False,0.5235987755982988
0.033,0.07316203536138305,4.3387066889812225,0.07245188468783992,3.110145760394525,4.38846912391483,3.0,0.0,True,False,0.5235987755982988
0.034,0.07762738722360835,4.4653518622252975,0.07816493067603214,3.370435783174295,3.9732862687916466,3.0,0.0,True,False,0.5235987755982988
0.035,0.08221887767838475,4.591490454776396,0.08320409186197318,3.5373083234509695,3.682334319112698,3.0,0.0,True,False,0.5235987755982988
0.036000000000000004,0.08693600217134204,4.717124492957291,0.08683656425582431,3.5468247304909855,3.605530127575359,3.0,0.0,True,False,0.5235987755982988
0.037,0.0917782581663275,4.842255994985462,0.0910450833285799,3.6129941647174455,3.4503734631940057,3.0,0.0,True,False,0.5235987755982988
0.038,0.09674514513733301,4.96688697100552,0.09602564954560013,3.749751369947724,3.196614625011308,3.0,0.0,True,False,0.5235987755982988
0.039,0.10183616456045451,5.091019423121498,0.10240391387231801,4.0126026656247396,2.7663843123179666,3.0,0.0,False,False,0.5235987755982988
0.04,0.10705081990588353,5.214655345429012,0.10769943152921761,4.1408941647522255,2.517115195540791,2.7663843123179666,0.0,False,False,0.5235987755982988
0.041,0.11237693584554673,5.326115939663194,0.11285092736195604,4.241954331550845,2.3031160703931564,2.517115195540791,0.0,False,False,0.5235987755982988
0.042,0.1178016030812283,5.424667235681581,0.11722083630141973,4.25474979234213,2.209103156533268,2.3031160703931564,0.0,False,False,0.5235987755982988
0.043000000000000003,0.12331372745148682,5.512124370258513,0.12351632642565184,4.4588238255311285,1.850895494470291,2.209103156533268,0.0,False,False,0.5235987755982988
0.044,0.12890825848209095,5.594531030604142,0.1290100860600839,4.562317406421222,1.6278155239824015,1.850895494470291,0.0,False,False,0.5235987755982988
0.045,0.1345669561632962,5.65869768120524,0.13475779796577056,4.6808568563477655,1.38210936976819,1.6278155239824015,0.0,False,False,0.5235987755982988
0.046,0.14027840982997575,5.711453666679539,0.14103887489856706,4.840878863992639,1.077023575804005,1.38210936976819,0.0,False,False,0.5235987755982988
0.047,0.14603012315047698,5.7517133205012305,0.14622524707642306,4.8754281953789755,0.9422096789389931,1.077023575804005,0.0,False,False,0.5235987755982988
0.048,0.1518066807964864,5.776557646009426,0.15239914464708895,5.005275132907666,0.675263197632578,0.9422096789389931,0.0,False,False,0.5235987755982988
0.049,0.15760124269585873,5.794561899372338,0.1576602165592595,5.030854810833954,0.5498682897019629,0.675263197632578,0.0,False,False,0.5235987755982988
0.05,0.1634003895075152,5.7991468116564775,0.16365269377944153,5.127017051768763,0.3266090106169157,0.5498682897019629,0.0,False,False,0.5235987755982988
0.051000000000000004,0.16919783314641015,5.79744363889495,0.16974873604990795,5.223919573638529,0.10059722350480094,0.3266090106169157,0.0,False,False,0.5235987755982988
0.052000000000000005,0.17498241746128038,5.784584314870216,0.17371080912272643,5.097734923556525,0.180701488292474,0.10059722350480094,0.0,False,False,0.5235987755982988
0.053,0.18074289330006635,5.760475838785975,0.18046392753760185,5.263273272688414,-0.1395006621335515,0.0,0.0,False,True,0.5235987755982988
0.054,0.18647432723549717,5.7314339354308315,0.18606384965905945,5.296938157565332,-0.2806971221720893,0.0,0.0,False,True,0.5235987755982988
0.055,0.1921768354351863,5.702508199689108,0.19161930933669113,5.3227903095719675,-0.411717978777423,0.0,0.0,False,True,0.5235987755982988
0.056,0.19785053360207663,5.673698166890351,0.19761042669231388,5.389623014177045,-0.5997573367047249,0.0,0.0,False,True,0.5235987755982988
0.057,0.20349553697629943,5.64500337422279,0.2048001193765555,5.569629981183503,-0.9451801654288241,0.0,0.0,False,True,0.5235987755982988
0.058,0.20911196033702534,5.616423360725898,0.2083563801502722,5.368293060436821,-0.7675885544597056,0.0,0.0,False,True,0.5235987755982988
0.059000000000000004,0.21469991800430832,5.5879576672829945,0.21554490027247905,5.550315766613825,-1.115409164071834,0.0,0.0,False,True,0.5235987755982988
0.06,0.22025952384092218,5.559605836613862,0.21879094292107315,5.319888454811853,-0.8973251575841612,0.0,0.0,False,True,0.5235987755982988
0.061,0.22579089125418958,5.531367413267406,0.225498648934745,5.458670210697853,-1.1846019728934554,0.0,0.0,False,True,0.5235987755982988
0.062,0.23129413319780392,5.503241943614337,0.23143616204049366,5.506554500202934,-1.3489383562030275,0.0,0.0,False,True,0.5235987755982988
0.063,0.2367693621736438,5.4752289758398796,0.23728093766519062,5.540376612652336,-1.4947308523868559,0.0,0.0,False,True,0.5235987755982988
0.064,0.24221669023358033,5.44732805993652,0.24283735251083452,5.541980435951492,-1.5966709075674332,0.0,0.0,False,True,0.5235987755982988
0.065,0.2476362289812771,5.419538747696774,0.24832855504956872,5.536902646229763,-1.6894192055985728,0.0,0.0,False,True,0.5235987755982988
0.066,0.2530280895739831,5.391860592705987,0.2527237695392336,5.422733830573273,-1.6315304876247536,0.0,0.0,False,True,0.5235987755982988
0.067,0.25839238272431825,5.364293150335163,0.2579889046700935,5.406973960601937,-1.7073910760146287,0.0,0.0,False,True,0.5235987755982988
0.068,0.26372921870205207,5.336835977733823,0.2644779439035839,5.515180487890786,-1.9540416149640754,0.0,0.0,False,True,0.5235987755982988
0.069,0.269038707335875,5.3094886338228875,0.2688717628187505,5.403044330618369,-1.898566966710173,0.0,0.0,False,True,0.5235987755982988
0.07,0.2743209580151626,5.282250679287596,0.2732077116869172,5.2963347843732,-1.8485625908429713,0.0,0.0,False,True,0.5235987755982988
0.07100000000000001,0.27957607969173304,5.255121676570446,0.2785871000289773,5.304640140141889,-1.955358007922479,0.0,0.0,False,True,0.5235987755982988
0.07200000000000001,0.2848041808815972,5.228101189864164,0.28400180739631137,5.315646862861107,-2.0660308077975538,0.0,0.0,False,True,0.5235987755982988
0.073,0.29000536966670193,5.201188785104708,0.29043922426147206,5.427823863091065,-2.316516711646397,0.0,0.0,False,True,0.5235987755982988
0.074,0.2951797536966662,5.174384029964289,0.2953040435983666,5.371523410471412,-2.3365229165669144,0.0,0.0,False,True,0.5235987755982988
0.075,0.30032744019051066,5.147686493844431,0.30093000233377476,5.396966942965087,-2.468322412796671,0.0,0.0,False,True,0.5235987755982988
0.076,0.30544853593837973,5.121095747869053,0.30507568766755816,5.271838782046919,-2.39279095570297,0.0,0.0,False,True,0.5235987755982988
0.077,0.3105431473032573,5.0946113648775775,0.3106814992834765,5.30523606543406,-2.5337723048540695,0.0,0.0,False,True,0.5235987755982988
0.078,0.3156113802226754,5.068232919418067,0.3161573108298543,5.322293613528436,-2.652805970402123,0.0,0.0,False,True,0.5235987755982988
0.079,0.32065334021041575,5.041959987740395,0.3203833844280273,5.212671611992888,-2.5973288933265772,-2.652805970402123,0.0,False,False,0.5235987755982988
0.08,0.3255364920596851,4.883151849269327,0.3259351036515329,5.24657637314416,-2.737945552731205,0.0,0.0,False,True,0.5235987755982988
0.081,0.3303941113015573,4.857619241872249,0.3298164719477586,5.110055565452315,-2.6439852128330545,-2.737945552731205,0.0,False,False,0.5235987755982988
0.082,0.33508940278882554,4.6952914872682,0.334772578539596,5.094660668090826,-2.714721254652341,-2.6439852128330545,0.0,False,False,0.5235987755982988
0.083,0.339627713849503,4.538311060677475,0.33929458469300805,5.037395216622946,-2.727398823652302,-2.714721254652341,0.0,False,False,0.5235987755982988
0.084,0.34400613560320514,4.378421753702148,0.3429625686461346,4.900454090273309,-2.629093183189015,-2.727398823652302,0.0,False,False,0.5235987755982988
0.085,0.34822467372870985,4.2185381255047245,0.3486496373865255,4.979115555285066,-2.825854178530159,-2.629093183189015,0.0,False,False,0.5235987755982988
0.08600000000000001,0.3522888830425531,4.0642093138432545,0.3518792522248979,4.804165483593802,-2.6740471595913453,-2.825854178530159,0.0,False,False,0.5235987755982988
0.08700000000000001,0.3561895428102145,3.9006597676613737,0.35620044598566114,4.755868311310745,-2.6938720405454157,-2.6740471595913453,0.0,False,False,0.5235987755982988
0.088,0.35993489758082564,3.745354770611161,0.36035442818411917,4.695679700025473,-2.6964173865753343,-2.6938720405454157,0.0,False,False,0.5235987755982988
0.089,0.3635245773303271,3.5896797495014456,0.36391424929205335,4.582093840816344,-2.624191135467194,-2.6964173865753343,0.0,False,False,0.5235987755982988
0.09,0.3669590774915018,3.434500161174673,0.3675397355387676,4.486433081406137,-2.5746569766158025,-2.624191135467194,0.0,False,False,0.5235987755982988
0.091,0.37024263009525843,3.2835526037566147,0.3701566852967529,4.29948474906405,-2.3974240734490335,-2.5746569766158025,0.0,False,False,0.5235987755982988
0.092,0.37337831563976925,3.1356855445107983,0.37300891817660403,4.15475956214276,-2.275094040980806,-2.3974240734490335,0.0,False,False,0.5235987755982988
0.093,0.37637558723842957,2.9972715986603036,0.37630601997572377,4.068993785840458,-2.231522941802199,-2.275094040980806,0.0,False,False,0.5235987755982988
0.094,0.37924111504864616,2.865527810216622,0.37776863797590404,3.8083562072744397,-1.9450849715262213,-2.231522941802199,0.0,False,False,0.5235987755982988
0.095,0.3819776046005318,2.7364895518856454,0.3807147607360089,3.722132862557482,-1.89464716754776,-1.9450849715262213,0.0,False,False,0.5235987755982988
0.096,0.3845998939456336,2.622289345101792,0.38344562078311173,3.623005581012016,-1.824849910541051,-1.89464716754776,0.0,False,False,0.5235987755982988
0.097,0.3871109617749776,2.5110678293439967,0.3862406997451419,3.5402129191138325,-1.7758101375797741,-1.824849910541051,0.0,False,False,0.5235987755982988
0.098,0.38951474283747717,2.403781062499568,0.38986361166352407,3.548482819040665,-1.8509464320228526,-1.7758101375797741,0.0,False,False,0.5235987755982988
0.099,0.39181411826884777,2.299375431370581,0.39102393872765373,3.3096672435495647,-1.5852536285878656,-1.8509464320228526,0.0,False,False,0.5235987755982988
0.1,0.3940057488768917,2.191630608043956,0.3936757397931048,3.2438806257397124,-1.5540421063941618,-1.5852536285878656,0.0,False,False,0.5235987755982988
0.101,0.39610335028107413,2.097601404182387,0.39723714085764655,3.275632669619919,-1.6562497782121621,-1.5540421063941618,0.0,False,False,0.5235987755982988
0.10200000000000001,0.3981088591743201,2.0055088932459495,0.3977979602092575,3.0041513378190223,-1.340566928380083,-1.6562497782121621,0.0,False,False,0.5235987755982988
0.10300000000000001,0.40001753354308245,1.9086743687623575,0.4006611372908059,2.9900539121919576,-1.375187205095476,-1.340566928380083,0.0,False,False,0.5235987755982988
0.10400000000000001,0.40184554486795077,1.8280113248683039,0.4010308097444006,2.728015766332232,-1.0673955342285102,-1.375187205095476,0.0,False,False,0.5235987755982988
0.105,0.4035914847872648,1.7459399193140568,0.4034122066976625,2.693353885025198,-1.0686664218187838,-1.0673955342285102,0.0,False,False,0.5235987755982988
0.106,0.4052710711701902,1.679586382925375,0.40444202052895256,2.5269998796516866,-0.8875782643337913,-1.0686664218187838,0.0,False,False,0.5235987755982988
0.107,0.4068845058864929,1.6134347163027343,0.40658864371411146,2.4889622102024083,-0.8805722783275174,-0.8875782643337913,0.0,False,False,0.5235987755982988
0.108,0.4084411079507137,1.5566020642208338,0.4091744151372103,2.4986431314920523,-0.9387332694908692,-0.8805722783275174,0.0,False,False,0.5235987755982988
0.109,0.4099414549927613,1.5003470420475746,0.4084340835616789,2.174745660789703,-0.5367303362884845,-0.9387332694908692,0.0,False,False,0.5235987755982988
0.11,0.41138286398316615,1.4414089904048408,0.41176197012958543,2.2900597515013885,-0.7350092033648252,-0.5367303362884845,0.0,False,False,0.5235987755982988
0.111,0.4127856708207949,1.4028068376287972,0.4129931342712904,2.1841701905217485,-0.6301026847399469,-0.7350092033648252,0.0,False,False,0.5235987755982988
0.112,0.41414011597090494,1.3544451501100407,0.4136216223220306,2.028601976543591,-0.4547336128794812,-0.6301026847399469,0.0,False,False,0.5235987755982988
0.113,0.41545163820617753,1.3115222352726033,0.4141897146695074,1.8825510136369108,-0.28969811964604686,-0.4547336128794812,0.0,False,False,0.5235987755982988
0.114,0.41672917767186507,1.2775394656875387,0.41679212254173753,1.9545366994962348,-0.4229242843773786,-0.28969811964604686,0.0,False,False,0.5235987755982988
0.115,0.4179811220737076,1.2519444018424863,0.4175190525167842,1.8317760270512755,-0.28869621699426684,-0.4229242843773786,0.0,False,False,0.5235987755982988
0.116,0.4192009124837238,1.2197904100162476,0.4194039607826841,1.8370892509361412,-0.32900043444230453,-0.28869621699426684,0.0,False,False,0.5235987755982988
0.117,0.4203953889212503,1.1944764375264691,0.42041445851565074,1.7544300991391901,-0.24799841147936252,-0.32900043444230453,0.0,False,False,0.5235987755982988
0.11800000000000001,0.4215626374313045,1.167248510054248,0.42296045320842923,1.8335865585031208,-0.38881406718609246,-0.24799841147936252,0.0,False,False,0.5235987755982988
0.11900000000000001,0.42270681702674456,1.1441795954400629,0.4224979398376155,1.6039765655714378,-0.10495683499342601,-0.38881406718609246,0.0,False,False,0.5235987755982988
0.12,0.42382097920044354,1.114162173698998,0.42292780914383565,1.4865658396363073,0.028198388616768266,-0.10495683499342601,0.0,False,False,0.5235987755982988
0.121,0.42491943688369804,1.0984576832545307,0.4250758843886276,1.5527167801518702,-0.0898480944081621,0.028198388616768266,0.0,False,False,0.5235987755982988
0.122,0.4260089106556504,1.089473771952351,0.4262008939795892,1.5099460612328455,-0.05877340434264178,-0.0898480944081621,0.0,False,False,0.5235987755982988
0.123,0.42708353412779454,1.0746234721441335,0.42826964904480175,1.5658269616308145,-0.16306807599403017,-0.05877340434264178,0.0,False,False,0.5235987755982988
0.124,0.42814492043583297,1.061386308038425,0.42887369247891505,1.469648608879063,-0.05852683450596774,-0.16306807599403017,0.0,False,False,0.5235987755982988
0.125,0.4291879077948395,1.0429873590065697,0.4294993365442014,1.3852481545197937,0.03149211755000092,-0.05852683450596774,0.0,False,False,0.5235987755982988
0.126,0.43021779686268474,1.029889067845245,0.43149476953297144,1.4462666379448172,-0.07764785635788818,0.03149211755000092,0.0,False,False,0.5235987755982988
0.127,0.4312391409801361,1.021344117451364,0.4302017495139362,1.1723379722468104,0.2743409028223549,-0.07764785635788818,0.0,False,False,0.5235987755982988
0.128,0.4322465173282998,1.0073763481636642,0.4316882287962416,1.203752103252668,0.2098873185338288,0.2743409028223549,0.0,False,False,0.5235987755982988
0.129,0.4332575812162119,1.0110638879121272,0.4324489911688473,1.1594531301879707,0.2493523635045629,0.2098873185338288,0.0,False,False,0.5235987755982988
0.13,0.4342690952144991,1.0115139982871701,0.43392892198841815,1.191500899126261,0.1842562860263388,0.2493523635045629,0.0,False,False,0.5235987755982988
0.131,0.4352830307749683,1.0139355604692497,0.4340816454728956,1.0876231576613828,0.306160553063598,0.1842562860263388,0.0,False,False,0.5235987755982988
0.132,0.436296123407497,1.0130926325286898,0.43685039717095053,1.255736011700735,0.05458759765138721,0.306160553063598,0.0,False,False,0.5235987755982988
0.133,0.43731447169714877,1.0183482896517548,0.43712054581029697,1.157177274465305,0.16799540682566705,0.05458759765138721,0.0,False,False,0.5235987755982988
0.134,0.4383254759735245,1.0110042763757172,0.43704195534861806,1.033600500850884,0.3177021634731927,0.16799540682566705,0.0,False,False,0.5235987755982988
0.135,0.439334836003136,1.0093600296114977,0.43844857606406346,1.070902522310335,0.24762056484383455,0.3177021634731927,0.0,False,False,0.5235987755982988
0.136,0.4403500437008027,1.0152076976667115,0.44062363614523276,1.1813182781962315,0.07597057631971116,0.24762056484383455,0.0,False,False,0.5235987755982988
0.137,0.44136757159592094,1.0175278951182363,0.4420989750038308,1.2107203362364103,0.014132007216732356,0.07597057631971116,0.0,False,False,0.5235987755982988
0.138,0.4423788279082747,1.0112563123537488,0.4441213043250899,1.2918812347386812,-0.11966299876865683,0.014132007216732356,0.0,False,False,0.5235987755982988
0.139,0.4433807457957399,1.0019178874651704,0.4459235704948453,1.342919728240356,-0.21334998202626432,-0.11966299876865683,0.0,False,False,0.5235987755982988
0.14,0.44436667286171677,0.9859270659768768,0.44472831331481627,1.0891020374134153,0.1127458762065876,-0.21334998202626432,0.0,False,False,0.5235987755982988
0.14100000000000001,0.4453319887203284,0.9653158586116561,0.44446845380690087,0.9542058828805332,0.27929873278852324,0.1127458762065876,0.0,False,False,0.5235987755982988
0.14200000000000002,0.44629308060931594,0.961091888987539,0.4444325192391329,0.855191837815684,0.39876240908616567,0.27929873278852324,0.0,False,False,0.5235987755982988
0.14300000000000002,0.44725829306738696,0.965212458071015,0.4474919153905484,1.0756122691756638,0.07918876072871117,0.39876240908616567,0.0,False,False,0.5235987755982988
0.14400000000000002,0.44823358279608,0.9752897286930392,0.4475241578591833,0.9712752891215899,0.2038127723581713,0.07918876072871117,0.0,False,False,0.5235987755982988
0.145,0.44920293080389473,0.9693480078147027,0.4488404632157848,1.0057782958695798,0.13871566784175648,0.2038127723581713,0.0,False,False,0.5235987755982988
0.146,0.4501725920582961,0.9696612544013524,0.4496384368340705,0.9849978281111926,0.14928870402267824,0.13871566784175648,0.0,False,False,0.5235987755982988
0.147,0.4511393104510719,0.9667183927758348,0.4510164472248335,1.024299084376375,0.07732300947072512,0.14928870402267824,0.0,False,False,0.5235987755982988
0.148,0.4521036264054778,0.9643159544058654,0.45303386964489845,1.1236114179452295,-0.07816539437306869,0.07732300947072512,0.0,False,False,0.5235987755982988
0.149,0.4530619512465396,0.9583248410617782,0.4531990019759127,1.0277635092521293,0.033879714100395475,-0.07816539437306869,0.0,False,False,0.5235987755982988
0.15,0.45400653451851847,0.9445832719788776,0.453868099507784,0.9918969115140497,0.06487587581240684,0.033879714100395475,0.0,False,False,0.5235987755982988
0.151,0.45494303344311443,0.9364989245959818,0.4540392550482421,0.9098227744084548,0.1602840406108752,0.06487587581240684,0.0,False,False,0.5235987755982988
0.152,0.45587303016580266,0.9299967226882182,0.4544115936001984,0.856074352163238,0.2180800533699221,0.1602840406108752,0.0,False,False,0.5235987755982988
0.153,0.4568013211036307,0.9282909378280091,0.4563769373940398,0.9670012963310533,0.049591532079398926,0.2180800533699221,0.0,False,False,0.5235987755982988
0.154,0.4577308028803759,0.9294817767451932,0.4576838687507808,1.0009943023720516,-0.014724839591137906,0.049591532079398926,0.0,False,False,0.5235987755982988
0.155,0.4586530463066181,0.9222434262421824,0.46019585620344144,1.1520936174009089,-0.24125979177365808,-0.014724839591137906,0.0,False,False,0.5235987755982988
0.156,0.4595648645171757,0.9118182105576568,0.4596785504837338,0.985153683690053,-0.031620368365893325,-0.24125979177365808,0.0,False,False,0.5235987755982988
0.157,0.4604549724653024,0.8901079481267432,0.461312574473142,1.0500407142618682,-0.1388972368614192,-0.031620368365893325,0.0,False,False,0.5235987755982988
0.158,0.4613339389632184,0.8789664979159416,0.4608982213564572,0.9036013311672006,0.04428837895250837,-0.1388972368614192,0.0,False,False,0.5235987755982988
0.159,0.4621964447332996,0.8625057700812069,0.46116238622455163,0.8396576848599246,0.11626578689553968,0.04428837895250837,0.0,False,False,0.5235987755982988
0.16,0.4630517148992481,0.8552701659485075,0.46220949164089103,0.8604024580078722,0.07252416162389341,0.11626578689553968,0.0,False,False,0.5235987755982988
0.161,0.4639033772738776,0.8516623746294905,0.4632704981415061,0.880462862268593,0.029353559499956994,0.07252416162389341,0.0,False,False,0.5235987755982988
0.162,0.46474925920708976,0.8458819332121672,0.4666066994500916,1.126036706900281,-0.3253866776126071,0.029353559499956994,0.0,False,False,0.5235987755982988
0.163,0.4655872252905441,0.8379660834543163,0.4648704301913197,0.8398061103330625,0.049342884925949404,-0.3253866776126071,0.0,False,False,0.5235987755982988
0.164,0.46639957017578393,0.8123448852398687,0.46713129004316517,0.9819114844843049,-0.16187904138876008,0.049342884925949404,0.0,False,False,0.5235987755982988
0.165,0.4672051328257291,0.8055626499452067,0.4664171802175611,0.8123093534754696,0.05449749268271509,-0.16187904138876008,0.0,False,False,0.5235987755982988
0.166,0.4679933792730051,0.7882464472759878,0.46880633008787403,0.9699934051592138,-0.1777280670034106,0.05449749268271509,0.0,False,False,0.5235987755982988
0.167,0.4687751976091261,0.7818183361210196,0.4691111306999901,0.9034741258548998,-0.10339134285632312,-0.1777280670034106,0.0,False,False,0.5235987755982988
0.168,0.4695390022685525,0.763804659426365,0.4694023099161757,0.8422446348879699,-0.035157179587347764,-0.10339134285632312,0.0,False,False,0.5235987755982988
0.169,0.4702885821421983,0.7495798736458433,0.47025301012757365,0.8430901925389666,-0.05148445257370671,-0.035157179587347764,0.0,False,False,0.5235987755982988
0.17,0.47102740583737024,0.7388236951718926,0.4704559957780308,0.7790797383307876,0.021674350767878825,-0.05148445257370671,0.0,False,False,0.5235987755982988
0.171,0.47175470001513276,0.7272941777625197,0.47214397144600684,0.8699693312953104,-0.1177767228131168,0.021674350767878825,0.0,False,False,0.5235987755982988
0.17200000000000001,0.4724741687337226,0.7194687185898636,0.4720771207450161,0.7762873280667076,-0.004155006320960664,-0.1177767228131168,0.0,False,False,0.5235987755982988
0.17300000000000001,0.47317887074129744,0.7047020075748484,0.47210932794583954,0.7018793153423789,0.08455487933341232,-0.004155006320960664,0.0,False,False,0.5235987755982988
0.17400000000000002,0.47387454619052594,0.6956754492285009,0.4727593352751846,0.696692116742647,0.07907938572487949,0.08455487933341232,0.0,False,False,0.5235987755982988
0.17500000000000002,0.4745656666819242,0.6911204913982575,0.4747162780525948,0.8227171828094031,-0.1073756635486115,0.07907938572487949,0.0,False,False,0.5235987755982988
0.176,0.4752519766606431,0.6863099787189084,0.4766299937413339,0.9318170334023732,-0.27274236665747964,-0.1073756635486115,0.0,False,False,0.5235987755982988
0.177,0.47592417261626974,0.6721959556266022,0.4760637916378915,0.7820151197178922,-0.08278843237413847,-0.27274236665747964,0.0,False,False,0.5235987755982988
0.178,0.47657404266974096,0.6498700534712217,0.4764705111992574,0.7444855638826928,-0.04507391747648537,-0.08278843237413847,0.0,False,False,0.5235987755982988
0.179,0.47721117382137956,0.6371311516386299,0.477460604182596,0.7690463058282866,-0.09236848151129329,-0.04507391747648537,0.0,False,False,0.5235987755982988
0.18,0.47783750275253783,0.6263289311582511,0.4789772042740161,0.8438016843874653,-0.2093737374278689,-0.09236848151129329,0.0,False,False,0.5235987755982988
0.181,0.4784507079438959,0.6132051913580534,0.4786421552923989,0.7259166177870007,-0.061880775838202284,-0.2093737374278689,0.0,False,False,0.5235987755982988
0.182,0.4790449916276171,0.5942836837212278,0.47868638996940954,0.6577484237093653,0.01912483286876865,-0.061880775838202284,0.0,False,False,0.5235987755982988
0.183,0.47962780413781153,0.5828125101944327,0.48059322316122083,0.7826569005195572,-0.16508833675606482,0.01912483286876865,0.0,False,False,0.5235987755982988
0.184,0.48020324163960865,0.5754375017970934,0.48057740221662265,0.7028091160077837,-0.06898621833916951,-0.16508833675606482,0.0,False,False,0.5235987755982988
0.185,0.4807621229745607,0.5588813349521018,0.4821023229029388,0.785020273038621,-0.19508817912986498,-0.06898621833916951,0.0,False,False,0.5235987755982988
0.186,0.48130931947325606,0.5471964986953349,0.4814692216848841,0.6432081239292878,-0.013517778273680392,-0.19508817912986498,0.0,False,False,0.5235987755982988
0.187,0.4818385727770001,0.5292533037440603,0.4807700219673886,0.50896733978681,0.16015675761221182,-0.013517778273680392,0.0,False,False,0.5235987755982988
0.188,0.4823590331786155,0.5204604016154001,0.4811650890427012,0.4975773133393906,0.16671358199348796,0.16015675761221182,0.0,False,False,0.5235987755982988
0.189,0.48287941957650504,0.5203863978895491,0.4843201259830339,0.7633232760387215,-0.20897223817169774,0.16671358199348796,0.0,False,False,0.5235987755982988
0.19,0.4834000601079027,0.5206405313976653,0.4849042422094742,0.7454025710788773,-0.19798148429580964,-0.20897223817169774,0.0,False,False,0.5235987755982988
0.191,0.4839021694652662,0.5021093573634897,0.48374550939814764,0.5549890328383339,0.051371952196720416,-0.19798148429580964,0.0,False,False,0.5235987755982988
0.192,0.48438637131098544,0.4842018457192453,0.48405197729069943,0.5301369188096792,0.07567806696517398,0.051371952196720416,0.0,False,False,0.5235987755982988
0.193,0.48486520494693164,0.4788336359462043,0.48614055568363684,0.6859810662224525,-0.14892932100302747,0.07567806696517398,0.0,False,False,0.5235987755982988
0.194,0.4853399071516823,0.4747022047506782,0.48437382754560004,0.44071014579652734,0.17719688999274508,-0.14892932100302747,0.0,False,False,0.5235987755982988
0.195,0.4857992640815638,0.4593569298815241,0.4850184674621972,0.461103122876588,0.14112179899792388,0.17719688999274508,0.0,False,False,0.5235987755982988
0.196,0.4862596434282255,0.46037934666163527,0.48682105196490677,0.5952512608598884,-0.05230248763080925,0.14112179899792388,0.0,False,False,0.5235987755982988
0.197,0.4867192373474504,0.4595939192248849,0.48637487941549357,0.4911088798325792,0.08069947549139944,-0.05230248763080925,0.0,False,False,0.5235987755982988
0.198,0.4871683777666168,0.4491404191664449,0.4871639080947111,0.5209008597710754,0.03074658333928837,0.08069947549139944,0.0,False,False,0.5235987755982988
0.199,0.48761375659788114,0.44537883126434913,0.4874711257619684,0.4995325405196954,0.05085864843031329,0.03074658333928837,0.0,False,False,0.5235987755982988
0.2,0.4880528912429874,0.43913464510625616,0.4883474806103612,0.5372147713070082,-0.010134415785532869,0.05085864843031329,0.0,False,False,0.5235987755982988
0.201,0.48848681228193475,0.4339210389473468,0.48971507191403585,0.6202524245437716,-0.13439624313579246,-0.010134415785532869,0.0,False,False,0.5235987755982988
0.202,0.488912490915937,0.4256786340022808,0.48899154115983945,0.4858741066697545,0.039881291888563264,-0.13439624313579246,0.0,False,False,0.5235987755982988
0.203,0.4893237470232465,0.41125610730948203,0.4898856896294465,0.5267015429634849,-0.025206304116840328,0.039881291888563264,0.0,False,False,0.5235987755982988
0.20400000000000001,0.48972935217072117,0.40560514747467225,0.4879402395009451,0.27948637581699737,0.30646999877196973,-0.025206304116840328,0.0,False,False,0.5235987755982988
0.20500000000000002,0.4901260745824001,0.3967224116789315,0.49008355975640056,0.46586976378084144,0.044230168617159005,0.30646999877196973,0.0,False,False,0.5235987755982988
0.20600000000000002,0.49053053360437093,0.4044590219708143,0.48979467637591634,0.3903944493543356,0.14000044677768192,0.044230168617159005,0.0,False,False,0.5235987755982988
0.20700000000000002,0.4909295862986847,0.399052694313789,0.4898659712551497,0.3584844923422373,0.17700908736599952,0.14000044677768192,0.0,False,False,0.5235987755982988
0.20800000000000002,0.49132804280456016,0.3984565058754179,0.49056171029770573,0.39220994736361786,0.12401523857433405,0.17700908736599952,0.0,False,False,0.5235987755982988
0.209,0.4917277559387804,0.3997131342202162,0.4914361782313643,0.4404357459931146,0.05040385741308351,0.12401523857433405,0.0,False,False,0.5235987755982988
0.21,0.4921260709823924,0.39831504361205206,0.49292534673196736,0.5453090214541075,-0.10224910615096283,0.05040385741308351,0.0,False,False,0.5235987755982988
0.211,0.49251931295870066,0.393241976308258,0.4913618169537491,0.3344251414868693,0.17895508581765196,-0.10224910615096283,0.0,False,False,0.5235987755982988
0.212,0.49289986951179615,0.38055655309547687,0.4929266005318248,0.4574609851457536,0.0031459690216280034,0.17895508581765196,0.0,False,False,0.5235987755982988
0.213,0.4932818515929701,0.3819820811739776,0.4928593340555108,0.4049882389997784,0.06732406097045018,0.0031459690216280034,0.0,False,False,0.5235987755982988
0.214,0.49365646304427047,0.37461145130036305,0.49337051432592977,0.4156074421416971,0.04537977233260643,0.06732406097045018,0.0,False,False,0.5235987755982988
0.215,0.4940269422528141,0.3704792085436841,0.4949020135353993,0.5271966188744818,-0.11609422551718696,0.04537977233260643,0.0,False,False,0.5235987755982988
0.216,0.49439220853314025,0.36526628032613967,0.4948618028397166,0.47045588741876176,-0.04728155524803401,-0.11609422551718696,0.0,False,False,0.5235987755982988
0.217,0.4947442090370692,0.35200050392897575,0.4959113090563101,0.5283609203362355,-0.13565870664768553,-0.04728155524803401,0.0,False,False,0.5235987755982988
0.218,0.4950864374612201,0.34222842415085813,0.4949516058204231,0.37955450471391095,0.06018365034507012,-0.13565870664768553,0.0,False,False,0.5235987755982988
0.219,0.49541451403634196,0.32807657512187044,0.4948071895374129,0.32715742594149916,0.12565963796614799,0.06018365034507012,0.0,False,False,0.5235987755982988
0.22,0.4957382874876806,0.32377345133863655,0.49554293381697145,0.3680161113032074,0.06338581850004366,0.12565963796614799,0.0,False,False,0.5235987755982988
0.221,0.4960610488271122,0.3227613394315895,0.49627266719877244,0.40418783835298566,0.006844545167891902,0.06338581850004366,0.0,False,False,0.5235987755982988
0.222,0.4963796884121111,0.31863958499886547,0.49653377773592716,0.38988010823315894,0.01931383164289907,0.006844545167891902,0.0,False,False,0.5235987755982988
0.223,0.4966913956660284,0.3117072539172648,0.4957450885545371,0.2720231792708352,0.17493855166270894,0.01931383164289907,0.0,False,False,0.5235987755982988
0.224,0.49699682178251214,0.305426116483741,0.497075789013953,0.37789090728534286,0.023944669775813332,0.17493855166270894,0.0,False,False,0.5235987755982988
0.225,0.4973037731221131,0.3069513396009422,0.49750293991247574,0.38281690640908295,0.010344754653915877,0.023944669775813332,0.0,False,False,0.5235987755982988
0.226,0.4976046938898444,0.30092076773132964,0.4998016044292665,0.5744016674472529,-0.26093291989412215,0.010344754653915877,0.0,False,False,0.5235987755982988
0.227,0.4978989282122375,0.29423432239310116,0.49953678411299646,0.4904794690755211,-0.15545951615518283,-0.26093291989412215,0.0,False,False,0.5235987755982988
0.228,0.49817293895134634,0.2740107391088246,0.4974283436619464,0.2305874770629615,0.19436280237879,-0.15545951615518283,0.0,False,False,0.5235987755982988
0.229,0.498432080671691,0.2591417203446453,0.49818129137796685,0.2828235009587122,0.11812651481552072,0.19436280237879,0.0,False,False,0.5235987755982988
0.23,0.49869390396527324,0.261823293582273,0.49741680989807163,0.1780930028733192,0.2575637791561063,0.11812651481552072,0.0,False,False,0.5235987755982988
0.231,0.49895458629142203,0.26068232614877107,0.4984390971760077,0.2625124303795946,0.13785929514572648,0.2575637791561063,0.0,False,False,0.5235987755982988
0.232,0.4992211040772241,0.26651778580203855,0.49949652139964507,0.34200360970537114,0.023436243929322143,0.13785929514572648,0.0,False,False,0.5235987755982988
0.233,0.49948744875664025,0.2663446794161487,0.50053975455572,0.41212656434232475,-0.07948949844437053,0.023436243929322143,0.0,False,False,0.5235987755982988
0.234,0.4997478998695352,0.26045111289498274,0.4991116541949501,0.22810387183110772,0.1670435390629471,-0.07948949844437053,0.0,False,False,0.5235987755982988
0.23500000000000001,0.49999733470305646,0.24943483352124288,0.4994264842445873,0.2367764896117141,0.15096945683275037,0.1670435390629471,0.0,False,False,0.5235987755982988
0.23600000000000002,0.5002481239741969,0.2507892711404816,0.4983742607961522,0.10787649580703415,0.3245894714701979,0.15096945683275037,0.0,False,False,0.5235987755982988
0.23700000000000002,0.5004994585610947,0.2513345868977112,0.5003575057663798,0.29541334324909224,0.0638468450756311,0.3245894714701979,0.0,False,False,0.5235987755982988
0.23800000000000002,0.5007600172832185,0.26055872212377607,0.4998328858078391,0.21341001307010793,0.1716940005441458,0.0638468450756311,0.0,False,False,0.5235987755982988
0.23900000000000002,0.5010167261127076,0.2567088294891205,0.5005547030528371,0.2642507362629007,0.09769242230282982,0.1716940005441458,0.0,False,False,0.5235987755982988
0.24,0.5012749928069061,0.2582666941984565,0.500509787423875,0.23333409974039673,0.13560086745115307,0.09769242230282982,0.0,False,False,0.5235987755982988
0.241,0.501531111055443,0.2561182485368771,0.5014488514587907,0.30390709325792964,0.0340101226016305,0.13560086745115307,0.0,False,False,0.5235987755982988
0.242,0.5017869848743584,0.25587381891537764,0.5002530774851105,0.1539389865641164,0.23549578216045006,0.0340101226016305,0.0,False,False,0.5235987755982988
0.243,0.5020375357041282,0.2505508297698903,0.5007572972137382,0.18896706077047337,0.18438613799752335,0.23549578216045006,0.0,False,False,0.5235987755982988
0.244,0.5022928591196872,0.25532341555899096,0.5041509777543609,0.5094384087556983,-0.2612657293159556,0.18438613799752335,0.0,False,False,0.5235987755982988
0.245,0.502550380548484,0.257521428796729,0.5014268924030962,0.18608603275366148,0.17579065820925266,-0.2612657293159556,0.0,False,False,0.5235987755982988
0.246,0.5027878086050999,0.23742805661582286,0.5018306826284786,0.20785645201653477,0.1423979310369216,0.17579065820925266,0.0,False,False,0.5235987755982988
0.247,0.5030270764824003,0.23926787730040808,0.5046300859395819,0.46701113792521004,-0.21897695165334785,0.1423979310369216,0.0,False,False,0.5235987755982988
0.248,0.5032665071847439,0.23943070234353994,0.5058016565394857,0.5374670841230694,-0.32461235788904763,-0.21897695165334785,0.0,False,False,0.5235987755982988
0.249,0.5034880313166958,0.22152413195197795,0.5024656465627212,0.15011937803430941,0.20025306899922596,-0.32461235788904763,0.0,False,False,0.5235987755982988
0.25,0.5036864387342285,0.19840741753259183,0.5033650808960792,0.22505087356668246,0.0941454563599336,0.20025306899922596,0.0,False,False,0.5235987755982988
0.251,0.5038880651755699,0.20162644134142668,0.5041861286226887,0.28465055887096563,0.007846974915822535,0.0941454563599336,0.0,False,False,0.5235987755982988
0.252,0.504087592383985,0.1995272084150788,0.5055961656673025,0.3971892074452422,-0.15258007017635655,0.007846974915822535,0.0,False,False,0.5235987755982988
0.253,0.5042807138323382,0.19312144835314093,0.503419518569079,0.13980557687836642,0.19545993427191768,-0.15258007017635655,0.0,False,False,0.5235987755982988
0.254,0.5044594337914383,0.17871995910011715,0.5042453884917438,0.2084120114570166,0.09826655416956986,0.19545993427191768,0.0,False,False,0.5235987755982988
0.255,0.5046412118676233,0.18177807618502956,0.5053195668727108,0.29498864840801664,-0.02496062102903651,0.09826655416956986,0.0,False,False,0.5235987755982988
0.256,0.5048211761593651,0.17996429174175677,0.5052005811331357,0.25359120960970105,0.026858048841294724,-0.02496062102903651,0.0,False,False,0.5235987755982988
0.257,0.5049931725630719,0.17199640370675143,0.5046649144658553,0.17466542192068663,0.13121099407916,0.026858048841294724,0.0,False,False,0.5235987755982988
0.258,0.5051598238840127,0.16665132094087476,0.5050430413167335,0.1950115648164415,0.09998933928844592,0.13121099407916,0.0,False,False,0.5235987755982988
0.259,0.5053263691500681,0.16654526605546383,0.5041265462136718,0.08386089802862863,0.24986705128893172,0.09998933928844592,0.0,False,False,0.5235987755982988
0.26,0.5054912477027256,0.1648785526574624,0.5052834019015175,0.19116037701033944,0.10028427412965549,0.24986705128893172,0.0,False,False,0.5235987755982988
0.261,0.505661960094566,0.17071239184035955,0.505429493155227,0.18665346468025124,0.10306292635899111,0.10028427412965549,0.0,False,False,0.5235987755982988
0.262,0.5058310038510081,0.1690437564421135,0.5060336103009065,0.22839983278018,0.04209317601684487,0.10306292635899111,0.0,False,False,0.5235987755982988
0.263,0.5059985245792891,0.16752072828093809,0.5055139101595724,0.15358983536874415,0.1412197754545831,0.04209317601684487,0.0,False,False,0.5235987755982988
0.264,0.5061614798840943,0.1629553048052299,0.5065729748725144,0.24413732312607345,0.013499625312831276,0.1412197754545831,0.0,False,False,0.5235987755982988
0.265,0.506324844357458,0.16336447336363674,0.5072086056278571,0.28328666634773364,-0.04492094014932907,0.013499625312831276,0.0,False,False,0.5235987755982988
0.266,0.5064822303551584,0.1573859977004349,0.5066178680312572,0.19588424005297145,0.07059524814318352,-0.04492094014932907,0.0,False,False,0.5235987755982988
0.267,0.5066307407636144,0.1485104084560236,0.5069377061381921,0.2082796267411665,0.04996369819252086,0.07059524814318352,0.0,False,False,0.5235987755982988
0.268,0.5067761868971041,0.14544613348981386,0.5068225736886179,0.1759384191096325,0.09084553144269678,0.04996369819252086,0.0,False,False,0.5235987755982988
0.269,0.5069175494367577,0.14136253965357654,0.5069176230836233,0.1678495166992068,0.09884132522511085,0.09084553144269678,0.0,False,False,0.5235987755982988
0.27,0.5070568888115321,0.1393393747744037,0.5064272106400551,0.10202332067246837,0.18666018444142418,0.09884132522511085,0.0,False,False,0.5235987755982988
0.271,0.5071946129057284,0.13772409419635293,0.5074708062522219,0.19618054982189295,0.05488678844311384,0.18666018444142418,0.0,False,False,0.5235987755982988
0.272,0.5073351191252986,0.14050621957014742,0.5072502205522795,0.15450392484547149,0.10886928101378138,0.05488678844311384,0.0,False,False,0.5235987755982988
0.273,0.5074718076688984,0.13668854359980845,0.5092984416083605,0.34387563796901777,-0.15524475374393099,0.10886928101378138,0.0,False,False,0.5235987755982988
0.274,0.50760739293627,0.13558526737155163,0.5089804041037994,0.2776843237160107,-0.07009050155822355,-0.15524475374393099,0.0,False,False,0.5235987755982988
0.275,0.5077286736404011,0.1212807041311393,0.5080653882778801,0.15841430875247448,0.08950380126456825,-0.07009050155822355,0.0,False,False,0.5235987755982988
0.276,0.507839964761505,0.11129112110385725,0.5071740717269922,0.05344122278844597,0.23151520233738304,0.08950380126456825,0.0,False,False,0.5235987755982988
0.277,0.5079492860843297,0.10932132282465805,0.5069785239431763,0.028542322128009463,0.2649137432385934,0.23151520233738304,0.0,False,False,0.5235987755982988
0.278,0.5080637460964708,0.1144600121410723,0.5091032144161373,0.23815713721130174,-0.024868463374654093,0.2649137432385934,0.0,False,False,0.5235987755982988
0.279,0.5081849940840296,0.1212479875588038,0.5084142860383237,0.14544858570881802,0.09878250922897,-0.024868463374654093,0.0,False,False,0.5235987755982988
0.28,0.5082985137215492,0.11351963751955904,0.508717517885095,0.16122691181506413,0.07439034465959163,0.09878250922897,0.0,False,False,0.5235987755982988
0.281,0.5084105185469353,0.11200482538607293,0.5068880800690926,-0.03783956096668442,0.3461999926857335,0.07439034465959163,0.0,False,False,0.5235987755982988
0.28200000000000003,0.5085197950342618,0.10927648732645856,0.5093291377899062,0.21005016721134395,0.00479327989745465,0.3461999926857335,0.0,False,False,0.5235987755982988
0.28300000000000003,0.5086399446307279,0.1201495964661053,0.5090365011852213,0.15978149002171696,0.07038315140933571,0.00479327989745465,0.0,False,False,0.5235987755982988
0.28400000000000003,0.5087538533654383,0.11390873471044838,0.507784819787528,0.018635201250218114,0.2622889630936132,0.07038315140933571,0.0,False,False,0.5235987755982988
0.28500000000000003,0.5088648257583565,0.11097239291808285,0.5084533427386148,0.08362397623387326,0.17226901999366517,0.2622889630936132,0.0,False,False,0.5235987755982988
0.28600000000000003,0.5089824688917041,0.1176431333475616,0.5092126055672128,0.15118786147029212,0.07752562679519745,0.17226901999366517,0.0,False,False,0.5235987755982988
0.28700000000000003,0.5091022549968437,0.11978610513960784,0.5091480409158086,0.1296126101828376,0.10457809206541943,0.07752562679519745,0.0,False,False,0.5235987755982988
0.28800000000000003,0.5092194383142267,0.11718331738293038,0.5089644708556402,0.09829434314772019,0.14546427359059036,0.10457809206541943,0.0,False,False,0.5235987755982988
0.289,0.5093353819006605,0.1159435864338436,0.5092450713499136,0.11652495826028458,0.11853672655859254,0.14546427359059036,0.0,False,False,0.5235987755982988
0.29,0.5094521350370425,0.11675313638193453,0.5092322432925298,0.10358965669587766,0.13428999346878895,0.11853672655859254,0.0,False,False,0.5235987755982988
0.291,0.5095683480992192,0.11621306217680721,0.5097014840067844,0.14015476245174807,0.08196553370516199,0.13428999346878895,0.0,False,False,0.5235987755982988
0.292,0.5096848109164941,0.11646281727487978,0.510968929908764,0.25288387640453125,-0.07612342927381027,0.08196553370516199,0.0,False,False,0.5235987755982988
0.293,0.5097989062642027,0.11409534770850957,0.5075590742357848,-0.11339007853383523,0.42478271876585394,-0.07612342927381027,0.0,False,False,0.5235987755982988
0.294,0.5099027391921261,0.10383292792345836,0.5096960483446304,0.11164634020410952,0.11627348232109921,0.42478271876585394,0.0,False,False,0.5235987755982988
0.295,0.510021396295607,0.11865710348091707,0.5101754324417879,0.1484201158994406,0.06351603773786835,0.11627348232109921,0.0,False,False,0.5235987755982988
0.296,0.5101393925291169,0.11799623350985727,0.5103976960134246,0.15580446147316482,0.05065407875993899,0.06351603773786835,0.0,False,False,0.5235987755982988
0.297,0.5102540926696676,0.11470014055065532,0.5099295359706559,0.0934080110489866,0.13395670003878796,0.05065407875993899,0.0,False,False,0.5235987755982988
0.298,0.5103648668388542,0.1107741691865921,0.5088318378815664,-0.025702598964866957,0.2966479976590241,0.13395670003878796,0.0,False,False,0.5235987755982988
0.299,0.5104758959318529,0.11102909299879124,0.5107621259879771,0.16989647157269128,0.02718392709856135,0.2966479976590241,0.0,False,False,0.5235987755982988
0.3,0.510595313489181,0.11941755732807981,0.5121027109177907,0.28696531739678144,-0.13742921662699153,0.02718392709856135,0.0,False,False,0.5235987755982988
0.301,0.5107096126507866,0.11429916160564194,0.509371066061534,-0.014895699968562048,0.27397361162404044,-0.13742921662699153,0.0,False,False,0.5235987755982988
0.302,0.5108105832852993,0.10097063451268327,0.5115644154357991,0.20592880745480155,-0.0304960860207672,0.27397361162404044,0.0,False,False,0.5235987755982988
0.303,0.5109188492122391,0.10826592693984138,0.510632156871272,0.09211007025660477,0.12286705277855792,-0.0304960860207672,0.0,False,False,0.5235987755982988
0.304,0.5110191575095355,0.10030829729641014,0.5109656419222183,0.11624756832557678,0.08789932417875765,0.12286705277855792,0.0,False,False,0.5235987755982988
0.305,0.5111192084545179,0.10005094498231293,0.5102003811694614,0.028096736217334453,0.20745501625827167,0.08789932417875765,0.0,False,False,0.5235987755982988
0.306,0.5112172547039354,0.09804624941757621,0.5109253866333741,0.09778760898686413,0.11077587058440871,0.20745501625827167,0.0,False,False,0.5235987755982988
0.307,0.5113192821814805,0.10202747754503659,0.5124537851114931,0.24084869590008076,-0.08840860631759379,0.11077587058440871,0.0,False,False,0.5235987755982988
0.308,0.511420440787448,0.10115860596747636,0.5119289034062825,0.16427565578901376,0.012926912509477195,-0.08840860631759379,0.0,False,False,0.5235987755982988
0.309,0.5115107748138539,0.09033402640589404,0.5130225018730995,0.25720793689181265,-0.11827659721658751,0.012926912509477195,0.0,False,False,0.5235987755982988
0.31,0.5115953952818768,0.08462046802293902,0.5126228809876161,0.19152505465429157,-0.032263962592861045,-0.11827659721658751,0.0,False,False,0.5235987755982988
0.311,0.5116677659736997,0.07237069182286168,0.512050941386148,0.11517858904205609,0.06964670896824665,-0.032263962592861045,0.0,False,False,0.5235987755982988
0.312,0.5117322426114251,0.06447663772550612,0.5132541125824669,0.22397784976973575,-0.08256948543870829,0.06964670896824665,0.0,False,False,0.5235987755982988
0.313,0.5117939626586061,0.061720047180991916,0.5121770564592918,0.09387445247525203,0.09294160153182401,-0.08256948543870829,0.0,False,False,0.5235987755982988
0.314,0.5118453323437404,0.05136968513430373,0.5125678883363751,0.12357019493605989,0.05027173679135463,0.09294160153182401,0.0,False,False,0.5235987755982988
0.315,0.5118952137240661,0.04988138032569052,0.5116364067438182,0.018065016186757946,0.19364461995654222,0.05027173679135463,0.0,False,False,0.5235987755982988
0.316,0.5119414904317883,0.04627670772220581,0.5119995626112968,0.05257410131594143,0.1456969121869074,0.19364461995654222,0.0,False,False,0.5235987755982988
0.317,0.5119913804576696,0.049890025881294785,0.5113827633577477,-0.014363234170559881,0.23712410133459225,0.1456969121869074,0.0,False,False,0.5235987755982988
0.318,0.5120424369653814,0.05105650771188069,0.5129060118595574,0.13939793942746984,0.025192219984381314,0.23712410133459225,0.0,False,False,0.5235987755982988
0.319,0.5120992177624644,0.05678079708294655,0.5110709538718877,-0.058047653282246814,0.29515797501409585,0.025192219984381314,0.0,False,False,0.5235987755982988
0.32,0.5121510719489072,0.051854186442867475,0.5128338014178718,0.12404186664438815,0.04491929527442004,0.29515797501409585,0.0,False,False,0.5235987755982988
0.321,0.5122115434145641,0.06047146565692301,0.5120451689807703,0.032774436269801616,0.16863559559175045,0.04491929527442004,0.0,False,False,0.5235987755982988
0.322,0.5122680472673798,0.05650385281574801,0.5132901531741507,0.15399541198085862,0.0007607092576353836,0.16863559559175045,0.0,False,False,0.5235987755982988
0.323,0.5123267989306647,0.05875166328479786,0.5129820557358887,0.1077861269565738,0.061757605175492974,0.0007607092576353836,0.0,False,False,0.5235987755982988
0.324,0.5123793872283084,0.05258829764377835,0.5139682007265445,0.19562201332649104,-0.06139606830021116,0.061757605175492974,0.0,False,False,0.5235987755982988
0.325,0.5124289151467032,0.04952791839473822,0.5130666363692339,0.08590337626278281,0.08649445460782935,-0.06139606830021116,0.0,False,False,0.5235987755982988
0.326,0.5124692593193946,0.0403441726913812,0.5110973953976424,-0.11961105852264113,0.3685581138389843,0.08649445460782935,0.0,False,False,0.5235987755982988
0.327,0.5125079754975598,0.03871617816523007,0.5124495478319733,0.02756529076270739,0.1676077508786109,0.3685581138389843,0.0,False,False,0.5235987755982988
0.328,0.5125592095146918,0.051234017132003054,0.5115364402963001,-0.06650199188088299,0.2969244256930369,0.1676077508786109,0.0,False,False,0.5235987755982988
0.329,0.5126126900289154,0.053480514223582326,0.512160405544115,0.0025447320886992295,0.20283698246886933,0.2969244256930369,0.0,False,False,0.5235987755982988
0.33,0.512674859661003,0.062169632087593636,0.5139936552565247,0.18561523012080164,-0.0498461099930286,0.20283698246886933,0.0,False,False,0.5235987755982988
0.331,0.5127409463595503,0.06608669854723821,0.5132972995641978,0.09741813787602595,0.06852480316258744,-0.0498461099930286,0.0,False,False,0.5235987755982988
0.332,0.5127982925675054,0.0573462079552115,0.5121883607064517,-0.023217561686186633,0.23324854207667234,0.06852480316258744,0.0,False,False,0.5235987755982988
0.333,0.5128528742911257,0.05458172362032754,0.5119682390046741,-0.04290797569532222,0.2608392295196308,0.23324854207667234,0.0,False,False,0.5235987755982988
0.334,0.5129129510340139,0.06007674288817872,0.5129415588068331,0.058714802090107814,0.12137213973825314,0.2608392295196308,0.0,False,False,0.5235987755982988
0.335,0.512979858876605,0.06690784259111447,0.5119182098688423,-0.04949157191798605,0.26964006943180074,0.12137213973825314,0.0,False,False,0.5235987755982988
0.336,0.5130465825840129,0.06672370740788104,0.512460902204847,0.009726818874280521,0.1888095384329966,0.26964006943180074,0.0,False,False,0.5235987755982988
0.337,0.5131205365656155,0.0739539816026368,0.5133928161944143,0.10194553594359035,0.06137262613761202,0.1888095384329966,0.0,False,False,0.5235987755982988
0.338,0.5131976425725567,0.07710600694120459,0.5142058425184558,0.17305361475337677,-0.03859154226687789,0.06137262613761202,0.0,False,False,0.5235987755982988
0.339,0.5132715141609961,0.07387158843943652,0.5138027587634764,0.11543987778009523,0.03780044969068985,-0.03859154226687789,0.0,False,False,0.5235987755982988
0.34,0.5133371681112019,0.06565395020577436,0.5113376408091299,-0.14261590543255942,0.39183951272411155,0.03780044969068985,0.0,False,False,0.5235987755982988
0.341,0.5133984663435368,0.06129823233489994,0.513664076421292,0.10428924632690234,0.053677489593840416,0.39183951272411155,0.0,False,False,0.5235987755982988
0.342,0.5134731374254209,0.07467108188403941,0.5135359985766651,0.08105253723152485,0.0838669417115771,0.053677489593840416,0.0,False,False,0.5235987755982988
0.343,0.5135442005524846,0.07106312706369644,0.5139053879635732,0.10988622219918379,0.042617510786040314,0.0838669417115771,0.0,False,False,0.5235987755982988
0.34400000000000003,0.5136131826050174,0.06898205253275502,0.5150235916223885,0.21071796586079738,-0.09850824746657177,0.042617510786040314,0.0,False,False,0.5235987755982988
0.34500000000000003,0.5136780317078096,0.06484910279213142,0.5118775166486387,-0.12496132810026803,0.36093625481420416,-0.09850824746657177,0.0,False,False,0.5235987755982988
0.34600000000000003,0.5137317142894772,0.0536825816676345,0.5132158792400071,0.021371063846602353,0.16124685783332784,0.36093625481420416,0.0,False,False,0.5235987755982988
0.34700000000000003,0.513797284640872,0.06557035139491434,0.5143129476860518,0.12894080206641564,0.012415939940746662,0.16124685783332784,0.0,False,False,0.5235987755982988
0.34800000000000003,0.5138646720706657,0.0673874297935751,0.512484470585587,-0.06680098818671126,0.2802186760528663,0.012415939940746662,0.0,False,False,0.5235987755982988
0.34900000000000003,0.5139264249405473,0.06175286988167795,0.5152144334645578,0.21287539852903578,-0.10453231982750377,0.2802186760528663,0.0,False,False,0.5235987755982988
0.35000000000000003,0.5139959666434387,0.06954170289140159,0.5143174184290947,0.10188635512982998,0.04480080288987756,-0.10453231982750377,0.0,False,False,0.5235987755982988
0.35100000000000003,0.5140540150083497,0.05804836491101795,0.5147927989057309,0.139235767280467,-0.00857534027033846,0.04480080288987756,0.0,False,False,0.5235987755982988
0.352,0.5141081072667069,0.05409225835715183,0.5136098649298595,0.007018792965276688,0.17137784047357577,-0.00857534027033846,0.0,False,False,0.5235987755982988
0.353,0.5141556078510091,0.04750058430229718,0.5148657506371636,0.13190548439915506,-0.001092131978551375,0.17137784047357577,0.0,False,False,0.5235987755982988
0.354,0.5142055902488604,0.04998239785127604,0.5151380075796561,0.14594063020849501,-0.022834931914625295,-0.001092131978551375,0.0,False,False,0.5235987755982988
0.355,0.5142493985652785,0.04380831641813711,0.5144526229756244,0.06280810678447861,0.08926101906676442,-0.022834931914625295,0.0,False,False,0.5235987755982988
0.356,0.5142860382249357,0.03663965965716283,0.514490591592296,0.06032415777319095,0.09155832278022077,0.08926101906676442,0.0,False,False,0.5235987755982988
0.357,0.5143212942586668,0.035256033731103274,0.5145572132404654,0.06095390681281145,0.08960343426562704,0.09155832278022077,0.0,False,False,0.5235987755982988
0.358,0.5143553302938126,0.03403603514588785,0.5136019194212524,-0.040670865789769556,0.22874845013455825,0.08960343426562704,0.0,False,False,0.5235987755982988
0.359,0.5143880965529583,0.032766259145578826,0.5142593534923925,0.029139627903212444,0.13314204442245892,0.22874845013455825,0.0,False,False,0.5235987755982988
0.36,0.5144266057514238,0.03850919846558066,0.5142935047326852,0.029640789142162442,0.1319259286104501,0.13314204442245892,0.0,False,False,0.5235987755982988
0.361,0.5144658678263475,0.03926207492367227,0.5148004420895932,0.077370445918745,0.06552546805420724,0.1319259286104501,0.0,False,False,0.5235987755982988
0.362,0.5145058011936346,0.03993336728708561,0.5153783124461275,0.1274204369803043,-0.0049361876372820135,0.06552546805420724,0.0,False,False,0.5235987755982988
0.363,0.5145430683522171,0.03726715858238707,0.5136193213581329,-0.06122071551718601,0.2530950349436092,-0.0049361876372820135,0.0,False,False,0.5235987755982988
0.364,0.5145742217039679,0.031153351750875063,0.5144651307452779,0.029482294749028366,0.12902685365554267,0.2530950349436092,0.0,False,False,0.5235987755982988
0.365,0.5146124149433484,0.03819323938044025,0.5159052287947776,0.17054387022409934,-0.06616880180553777,0.12902685365554267,0.0,False,False,0.5235987755982988
0.366,0.5146511644103281,0.03874946697968411,0.5140022612667355,-0.036807269602519316,0.21690598149116216,-0.06616880180553777,0.0,False,False,0.5235987755982988
0.367,0.5146806944403307,0.029530030002571366,0.5139631459365159,-0.037038075664228176,0.21788702470916574,0.21690598149116216,0.0,False,False,0.5235987755982988
0.368,0.5147155467865655,0.034852346234823126,0.5148920922437967,0.05956036263027442,0.08524786522470827,0.21788702470916574,0.0,False,False,0.5235987755982988
0.369,0.5147555108980449,0.03996411147939996,0.5154923759844974,0.11363270043731163,0.009555952523651962,0.08524786522470827,0.0,False,False,0.5235987755982988
0.37,0.5147937941428427,0.03828324479765689,0.5148037652573452,0.03340835767835991,0.11822015692313374,0.009555952523651962,0.0,False,False,0.5235987755982988
0.371,0.5148266574506416,0.03286330779891536,0.5159863943472602,0.1483304309020305,-0.040973654563742135,0.11822015692313374,0.0,False,False,0.5235987755982988
0.372,0.5148597328304054,0.033075379763802294,0.5156074266307584,0.09560061616164642,0.029123542021751325,-0.040973654563742135,0.0,False,False,0.5235987755982988
0.373,0.5148850509878707,0.02531815746530529,0.5156196775817002,0.08726564963966345,0.03890498473117819,0.029123542021751325,0.0,False,False,0.5235987755982988
0.374,0.5149066079417064,0.021556953835641914,0.5153901658110932,0.055587907614993284,0.08104948703170907,0.03890498473117819,0.0,False,False,0.5235987755982988
0.375,0.5149252695194728,0.018661577766380583,0.5169565300417375,0.20666553991792075,-0.1284382278834007,0.08104948703170907,0.0,False,False,0.5235987755982988
0.376,0.5149435167683928,0.018247248919988492,0.5147644794199095,-0.03320607625666361,0.19886462271900313,-0.1284382278834007,0.0,False,False,0.5235987755982988
0.377,0.5149509355315871,0.007418763194341963,0.5132025324999039,-0.18608016063156357,0.410428568528985,0.19886462271900313,0.0,False,False,0.5235987755982988
0.378,0.514966138978633,0.015203447045890248,0.5163661150110307,0.14888610654427328,-0.04847543728230169,0.410428568528985,0.0,False,False,0.5235987755982988
0.379,0.5149979559695033,0.03181699087031195,0.5145985378667682,-0.04276021853639955,0.2133165414112299,-0.04847543728230169,0.0,False,False,0.5235987755982988
0.38,0.5150217002436255,0.02374427412218353,0.5151158436912405,0.013246385764469557,0.13679711140968573,0.2133165414112299,0.0,False,False,0.5235987755982988
0.381,0.5150510370913499,0.029336847724405635,0.516193835649978,0.11972094306177045,-0.010376212604349955,0.13679711140968573,0.0,False,False,0.5235987755982988
0.382,0.5150817026069013,0.03066551555141583,0.5136834673837528,-0.1432879778669259,0.35042112130213915,-0.010376212604349955,0.0,False,False,0.5235987755982988
0.383,0.515106260748765,0.0245581418636015,0.5140139925007866,-0.09590666837685358,0.287614097807444,0.35042112130213915,0.0,False,False,0.5235987755982988
0.384,0.5151431898870138,0.036929138248803346,0.5137458112749005,-0.11313412412778037,0.31311430677450636,0.287614097807444,0.0,False,False,0.5235987755982988
0.385,0.5151886435467429,0.045453659729105964,0.5144956288982171,-0.026838949383341706,0.19606337986148104,0.31311430677450636,0.0,False,False,0.5235987755982988
0.386,0.5152436971643534,0.0550536176105127,0.5156273524787178,0.08901730360506563,0.03666485182637906,0.19606337986148104,0.0,False,False,0.5235987755982988
0.387,0.51530238231802,0.058685153666636264,0.5157598225058204,0.09336257595481842,0.029066064518829024,0.03666485182637906,0.0,False,False,0.5235987755982988
0.388,0.5153566998028344,0.05431748481448327,0.5155977945062108,0.06782351839837394,0.06262943757953567,0.029066064518829024,0.0,False,False,0.5235987755982988
0.389,0.5154063055974676,0.049605794633247775,0.5141734347857791,-0.08139480548462791,0.26732990120690747,0.06262943757953567,0.0,False,False,0.5235987755982988
0.39,0.5154529279617972,0.04662236432958695,0.5134369824102534,-0.14690056248874267,0.35919295237130916,0.26732990120690747,0.0,False,False,0.5235987755982988
0.391,0.5155068426149587,0.05391465316154641,0.515554275066225,0.07951875935729186,0.04937849834857888,0.35919295237130916,0.0,False,False,0.5235987755982988
0.392,0.5155725556727689,0.065713057810215,0.5151608534168195,0.032224718481014804,0.11321293708940997,0.04937849834857888,0.0,False,False,0.5235987755982988
0.393,0.5156344915793973,0.061935906628347255,0.5160353812920608,0.11645503415704708,-0.0036049434761728505,0.11321293708940997,0.0,False,False,0.5235987755982988
0.394,0.5156958648490516,0.06137326965424083,0.5163084349477454,0.13211489630979534,-0.027311743861792276,-0.0036049434761728505,0.0,False,False,0.5235987755982988
0.395,0.5157508382508492,0.05497340179765828,0.515871476658454,0.07520757774968023,0.04884228761759024,-0.027311743861792276,0.0,False,False,0.5235987755982988
0.396,0.5157982751430513,0.04743689220204669,0.5164616163977089,0.12670079390020467,-0.023572087069627712,0.04884228761759024,0.0,False,False,0.5235987755982988
0.397,0.5158420679778875,0.043792834836147314,0.5160420926359539,0.07207833833468169,0.049526287320590306,-0.023572087069627712,0.0,False,False,0.5235987755982988
0.398,0.5158786555870919,0.036587609204415276,0.5163412243051599,0.0947836714218167,0.016895517570319707,0.049526287320590306,0.0,False,False,0.5235987755982988
0.399,0.5159118745676445,0.03321898055258821,0.515296931138252,-0.019124012411155522,0.1723820151742287,0.016895517570319707,0.0,False,False,0.5235987755982988
0.4,0.5159402233787512,0.028348811106688705,0.5157834828514751,0.03144356015226936,0.10294299726010314,0.1723820151742287,0.0,False,False,0.5235987755982988
0.401,0.5159717435127416,0.031520133990378826,0.5161434630515359,0.06429722414312074,0.0570389568699874,0.10294299726010314,0.0,False,False,0.5235987755982988
0.402,0.5160027768602742,0.03103334753260097,0.5167188230353943,0.11540350011464677,-0.0146450540052947,0.0570389568699874,0.0,False,False,0.5235987755982988
0.403,0.5160310536611685,0.028276800894326055,0.5156874496683694,0.0007258134006964123,0.14153289065789315,-0.0146450540052947,0.0,False,False,0.5235987755982988
0.404,0.5160531552613066,0.02210160013809317,0.516507959489612,0.08270421418488663,0.028389632934498116,0.14153289065789315,0.0,False,False,0.5235987755982988
0.405,0.5160774312014109,0.02427594010437479,0.5158454430914885,0.008182152954044383,0.12974140157773245,0.028389632934498116,0.0,False,False,0.5235987755982988
0.406,0.5160980026302739,0.020571428863013486,0.5159954277387836,0.022362402388149773,0.11002537860549422,0.12974140157773245,0.0,False,False,0.5235987755982988
0.40700000000000003,0.5161203388349361,0.022336204662242738,0.5168442307595016,0.10500646422113398,-0.004425949967010678,0.11002537860549422,0.0,False,False,0.5235987755982988
0.40800000000000003,0.5161432482244068,0.022909389470694007,0.5144039749411111,-0.14951976404002626,0.34493012867741,-0.004425949967010678,0.0,False,False,0.5235987755982988
0.40900000000000003,0.5161609471929681,0.017698968561330478,0.5150295616536731,-0.07200911637982714,0.2406567906590557,0.34493012867741,0.0,False,False,0.5235987755982988
0.41000000000000003,0.5161915685339653,0.030621340997184533,0.5148981177684474,-0.07795259326441237,0.2501549528546202,0.2406567906590557,0.0,False,False,0.5235987755982988
0.41100000000000003,0.5162286365870251,0.037068053059851155,0.5141921723485767,-0.14075187592503907,0.3382211096050445,0.2501549528546202,0.0,False,False,0.5235987755982988
0.41200000000000003,0.5162723517232228,0.043715136197762156,0.5156804543392276,0.022151510732552282,0.11594796978421913,0.3382211096050445,0.0,False,False,0.5235987755982988
0.41300000000000003,0.5163269527486722,0.0546010254493918,0.5169809572024877,0.14998664598530814,-0.06086324405776991,0.11594796978421913,0.0,False,False,0.5235987755982988
0.41400000000000003,0.5163811835897951,0.05423084112283691,0.5161325753425529,0.05014979539329188,0.07421185013147699,-0.06086324405776991,0.0,False,False,0.5235987755982988
0.41500000000000004,0.5164262070747948,0.045023484999689486,0.5165988114826785,0.0917584298665269,0.015889238241333425,0.07421185013147699,0.0,False,False,0.5235987755982988
0.41600000000000004,0.516468892595792,0.04268552099717807,0.5174194141751887,0.16464285613089058,-0.08634292174108596,0.015889238241333425,0.0,False,False,0.5235987755982988
0.417,0.5165063675409232,0.03747494513112635,0.5176649922629801,0.17273637929694802,-0.10047555512060125,-0.08634292174108596,0.0,False,False,0.5235987755982988
0.418,0.5165336518443934,0.027284303470214443,0.5164733176144434,0.03629527651357767,0.08470391189310478,-0.10047555512060125,0.0,False,False,0.5235987755982988
0.419,0.5165505390302305,0.016887185837192405,0.5177317655543067,0.1585105428485493,-0.08460647062640045,0.08470391189310478,0.0,False,False,0.5235987755982988
0.42,0.5165674651961171,0.016926165886567212,0.5166478608720438,0.034269020337411776,0.08399364066769544,-0.08460647062640045,0.0,False,False,0.5235987755982988
0.421,0.5165759585183262,0.008493322209063781,0.515845190710519,-0.04942489784880927,0.19887440539860707,0.08399364066769544,0.0,False,False,0.5235987755982988
0.422,0.5165862124247781,0.01025390645188814,0.516067500263734,-0.0222514527424278,0.16226469931307919,0.19887440539860707,0.0,False,False,0.5235987755982988
0.423,0.516603536780263,0.017324355484972354,0.5153115249382504,-0.095623840016551,0.2639191199007329,0.16226469931307919,0.0,False,False,0.5235987755982988
0.424,0.5166247083890291,0.02117160876602193,0.5158496653917252,-0.03224741066741811,0.17818087651922743,0.2639191199007329,0.0,False,False,0.5235987755982988
0.425,0.5166542805477112,0.029572158682117565,0.516341852048512,0.020195996078008954,0.10638942860255161,0.17818087651922743,0.0,False,False,0.5235987755982988
0.426,0.5166872362204897,0.03295567277850221,0.5173884964408827,0.12284083570727573,-0.0356239780152407,0.10638942860255161,0.0,False,False,0.5235987755982988
0.427,0.5167198082248612,0.032572004371464236,0.5182214631860028,0.19385342664856042,-0.13583248855694452,-0.0356239780152407,0.0,False,False,0.5235987755982988
0.428,0.5167449135704344,0.025105345573231238,0.5155387326552577,-0.09380496909080366,0.2576467358837038,-0.13583248855694452,0.0,False,False,0.5235987755982988
0.429,0.5167580283457207,0.013114775286325263,0.5171008349813911,0.07178576043161745,0.030820018586397144,0.2576467358837038,0.0,False,False,0.5235987755982988
0.43,0.5167805198751618,0.022491529441158585,0.5158724739876633,-0.05822891498432488,0.20894812697262843,0.030820018586397144,0.0,False,False,0.5235987755982988
0.431,0.5167996075100775,0.019087634915674195,0.5172138588672431,0.08173246447208747,0.016849543792497257,0.20894812697262843,0.0,False,False,0.5235987755982988
0.432,0.5168246156387761,0.025008128698686186,0.5167102209557805,0.0231954268786103,0.09615947131099817,0.016849543792497257,0.0,False,False,0.5235987755982988
0.433,0.5168452758267232,0.02066018794710419,0.515247509078974,-0.12539530348989733,0.3007971615357237,0.09615947131099817,0.0,False,False,0.5235987755982988
0.434,0.516866010672494,0.02073484577081728,0.5176761026194554,0.13000358090723396,-0.04939618346949931,0.3007971615357237,0.0,False,False,0.5235987755982988
0.435,0.5168970428467705,0.031032174276469468,0.5163690801259992,-0.013699026529104985,0.14657335033631821,-0.04939618346949931,0.0,False,False,0.5235987755982988
0.436,0.5169199967799859,0.02295393321542194,0.5164540809281458,-0.0038290436615371765,0.13319935645659853,0.14657335033631821,0.0,False,False,0.5235987755982988
0.437,0.5169452856274265,0.02528884744056587,0.5160117505395188,-0.04767917815809003,0.19378146484774914,0.13319935645659853,0.0,False,False,0.5235987755982988
0.438,0.5169720195820654,0.026733954638902994,0.5164010497111187,-0.00398134318228998,0.1343366777879907,0.19378146484774914,0.0,False,False,0.5235987755982988
0.439,0.5170031104133468,0.031090831281369732,0.5173765152647436,0.09396334649843223,-0.0007553297941247372,0.1343366777879907,0.0,False,False,0.5235987755982988
0.44,0.5170353065248223,0.032196111475563845,0.516870159682817,0.03393145365593138,0.08039734209155466,-0.0007553297941247372,0.0,False,False,0.5235987755982988
0.441,0.5170617972976079,0.026490772785582803,0.5173486090009093,0.07838324009956489,0.01844311063353364,0.08039734209155466,0.0,False,False,0.5235987755982988
0.442,0.5170869945252514,0.025197227643533163,0.5174028309245504,0.0759671084537213,0.02036647398300563,0.01844311063353364,0.0,False,False,0.5235987755982988
0.443,0.5171079069641783,0.020912438926867623,0.5182604016738686,0.1541274725401629,-0.08886223640845076,0.02036647398300563,0.0,False,False,0.5235987755982988
0.444,0.51712507348648,0.017166522301677065,0.5168259361383389,-0.004731828266815008,0.12758930419945583,-0.08886223640845076,0.0,False,False,0.5235987755982988
0.445,0.5171335558654355,0.008482378955524809,0.5158447542910468,-0.10237683016934578,0.26242457973375094,0.12758930419945583,0.0,False,False,0.5235987755982988
0.446,0.517145981411642,0.012425546206517382,0.5180773086626556,0.1311162900084629,-0.057953143168576776,0.26242457973375094,0.0,False,False,0.5235987755982988
0.447,0.5171681663842114,0.022184972569359834,0.5168788883824856,-0.0018373670093754235,0.12316281029588776,-0.057953143168576776,0.0,False,False,0.5235987755982988
0.448,0.5171825421799321,0.014375795720673216,0.5181552075787185,0.12597828931484545,-0.053189722825368296,0.12316281029588776,0.0,False,False,0.5235987755982988
0.449,0.5171993216583313,0.016779478399214332,0.5175338813034225,0.05124783285376233,0.0476706978832592,-0.053189722825368296,0.0,False,False,0.5235987755982988
0.45,0.5172092629414752,0.009941283143938339,0.5170948238577261,0.0022173049987471924,0.11441036533181237,0.0476706978832592,0.0,False,False,0.5235987755982988
0.451,0.5172187891635391,0.00952622206393808,0.5175231535486738,0.04482854359364732,0.055566944580872746,0.11441036533181237,0.0,False,False,0.5235987755982988
0.452,0.5172313380923531,0.01254892881396667,0.5189339177384515,0.1814221082120528,-0.13373908837721246,0.055566944580872746,0.0,False,False,0.5235987755982988
0.453,0.5172432774243642,0.011939332011053221,0.5190557848609543,0.17546660964112032,-0.1287860982971426,-0.13373908837721246,0.0,False,False,0.5235987755982988
0.454,0.5172452727193168,0.0019952949525722675,0.5173058191816586,-0.017076619252555658,0.13376515860259008,-0.1287860982971426,0.0,False,False,0.5235987755982988
0.455,0.5172402241177323,-0.0050486015844461935,0.5173800167819376,-0.00794919729940652,0.12147669545379028,0.13376515860259008,0.0,False,False,0.5235987755982988
0.456,0.5172433671781426,0.003143060410322412,0.5181825638926411,0.073100433500883,0.009771290500780058,0.12147669545379028,0.0,False,False,0.5235987755982988
0.457,0.5172516362694749,0.008269091332319007,0.5165136578005947,-0.10110021905384488,0.24885238322328862,0.009771290500780058,0.0,False,False,0.5235987755982988
0.458,0.5172580124371357,0.0063761676607909604,0.5175486711692873,0.012511139720800132,0.09388851205724773,0.24885238322328862,0.0,False,False,0.5235987755982988
0.459,0.5172749551449413,0.01694270780557262,0.5172523855524044,-0.018368535939568408,0.13627726395358192,0.09388851205724773,0.0,False,False,0.5235987755982988
0.46,0.5172923870877135,0.01743194277231144,0.5175663236796626,0.014862130380210184,0.09074957807919969,0.13627726395358192,0.0,False,False,0.5235987755982988
0.461,0.517312350057788,0.019962970074501103,0.5165850985804264,-0.08474659258142574,0.22794209741941346,0.09074957807919969,0.0,False,False,0.5235987755982988
0.462,0.5173322057620187,0.01985570423069511,0.515945046439973,-0.14027714736863156,0.30609970169222317,0.22794209741941346,0.0,False,False,0.5235987755982988
0.463,0.5173588278636522,0.026622101633464283,0.5155498085487845,-0.16577322175061332,0.3438092729919934,0.30609970169222317,0.0,False,False,0.5235987755982988
0.464,0.5173954313469917,0.03660348333960398,0.5164203297579345,-0.06214377866055319,0.20378455951922142,0.3438092729919934,0.0,False,False,0.5235987755982988
0.465,0.5174433798213773,0.04794847438561832,0.5170431101253916,0.006348635951213086,0.11038361537087393,0.20378455951922142,0.0,False,False,0.5235987755982988
0.466,0.517495424182544,0.0520443611667219,0.5172395662562357,0.025359385440498705,0.08403450562853794,0.11038361537087393,0.0,False,False,0.5235987755982988
0.467,0.5175468450928056,0.05142091026159547,0.5192373982006372,0.22260664133659946,-0.18862317644601007,0.08403450562853794,0.0,False,False,0.5235987755982988
0.468,0.5175963317825056,0.04948668970002694,0.5185614930730111,0.13275546444033426,-0.06863547187322289,-0.18862317644601007,0.0,False,False,0.5235987755982988
0.46900000000000003,0.5176302738812965,0.033942098790825284,0.516790690997079,-0.057600289596915655,0.19166587033825597,-0.06863547187322289,0.0,False,False,0.5235987755982988
0.47000000000000003,0.517655038161032,0.024764279735526147,0.5179584710276461,0.06493774241949259,0.023600191368357074,0.19166587033825597,0.0,False,False,0.5235987755982988
0.47100000000000003,0.5176842170044874,0.029178843455467576,0.5173289742276111,-0.004505711825955647,0.11826327886352478,0.023600191368357074,0.0,False,False,0.5235987755982988
0.47200000000000003,0.5177090744604257,0.024857455938287434,0.5174609201980553,0.009139456401059079,0.09951404952311166,0.11826327886352478,0.0,False,False,0.5235987755982988
0.47300000000000003,0.5177346680128203,0.025593552394570358,0.5178963951513551,0.05177300609092954,0.04051524073587136,0.09951404952311166,0.0,False,False,0.5235987755982988
0.47400000000000003,0.5177599964994886,0.0253284866682291,0.5183003252307121,0.08698871341753836,-0.009014349484485554,0.04051524073587136,0.0,False,False,0.5235987755982988
0.47500000000000003,0.5177821324807772,0.022135981288634362,0.5174860736028222,-0.0031353207132104877,0.11379102077443218,-0.009014349484485554,0.0,False,False,0.5235987755982988
0.47600000000000003,0.5177989116326834,0.016779151906202747,0.5187272972326136,0.12130057433725046,-0.057874078622366154,0.11379102077443218,0.0,False,False,0.5235987755982988
0.47700000000000004,0.5178172016797736,0.01829004709017475,0.5168206725847452,-0.08149194788331388,0.21979619170394213,-0.057874078622366154,0.0,False,False,0.5235987755982988
0.47800000000000004,0.5178281851453445,0.010983465570827362,0.51783371702083,0.02796169051350282,0.07021702577823474,0.21979619170394213,0.0,False,False,0.5235987755982988
0.47900000000000004,0.5178471150845739,0.01892993922952734,0.5201140130556563,0.2531951249447793,-0.24110842416616984,0.07021702577823474,0.0,False,False,0.5235987755982988
0.48,0.5178650509971072,0.01793591253325968,0.5180597247972728,0.02244678661195179,0.07276677048412608,-0.24110842416616984,0.0,False,False,0.5235987755982988
0.481,0.5178665713406557,0.001520343548449439,0.519117286942037,0.12595832242717228,-0.07048319109989332,0.07276677048412608,0.0,False,False,0.5235987755982988
0.482,0.5178712687148112,0.004697374155387449,0.5179511351368679,-0.0032526903324551354,0.10556075670470341,-0.07048319109989332,0.0,False,False,0.5235987755982988
0.483,0.5178710392806635,-0.00022943414768548508,0.5183778629073472,0.03974535574872663,0.04628200153865677,0.10556075670470341,0.0,False,False,0.5235987755982988
0.484,0.5178761576293127,0.005118348649250007,0.5178266049442151,-0.0193549761393617,0.12712504314074158,0.04628200153865677,0.0,False,False,0.5235987755982988
0.485,0.5178820667665118,0.0059091371991120455,0.5177333580984281,-0.0267441631041187,0.13767051072261477,0.12712504314074158,0.0,False,False,0.5235987755982988
0.486,0.5178925856221033,0.010518855591395454,0.5172123589078935,-0.07616966584716783,0.2063590994438967,0.13767051072261477,0.0,False,False,0.5235987755982988
0.487,0.517907052286042,0.014466663938638671,0.5182825610605227,0.03846751600046963,0.04953084247940601,0.2063590994438967,0.0,False,False,0.5235987755982988
0.488,0.517928065219995,0.02101293395303283,0.5171849588372716,-0.07513945792469437,0.20561605120812387,0.04953084247940601,0.0,False,False,0.5235987755982988
0.489,0.517946778298419,0.018713078423969978,0.5185276109897357,0.0666397031141847,0.011313319217115272,0.20561605120812387,0.0,False,False,0.5235987755982988
0.49,0.517971298012691,0.024519714272115398,0.5189183895905254,0.0990535928817394,-0.03461736331816555,0.011313319217115272,0.0,False,False,0.5235987755982988
0.491,0.5179912368480909,0.019938835399902433,0.5183110958415038,0.02841885869140791,0.061075605192620605,-0.03461736331816555,0.0,False,False,0.5235987755982988
0.492,0.518004803219283,0.013566371192125105,0.5177550040752724,-0.030032203800872112,0.14122653197552168,0.061075605192620605,0.0,False,False,0.5235987755982988
0.493,0.5180178265540758,0.01302333479286026,0.5184139862565588,0.03886923470785003,0.04668312650190083,0.14122653197552168,0.0,False,False,0.5235987755982988
0.494,0.5180344243928262,0.01659783875037205,0.5177650563362524,-0.02991068079357565,0.140899763669127,0.04668312650190083,0.0,False,False,0.5235987755982988
0.495,0.5180492074886821,0.014783095855846463,0.5188656263710288,0.08313739076343013,-0.01456818282525664,0.140899763669127,0.0,False,False,0.5235987755982988
0.496,0.5180672046349242,0.017997146242113397,0.5164690013293937,-0.16483885247643093,0.3261425598120099,-0.01456818282525664,0.0,False,False,0.5235987755982988
0.497,0.5180801040131248,0.0128993782005737,0.5177872313347436,-0.01653196669379603,0.12444615677654947,0.3261425598120099,0.0,False,False,0.5235987755982988
0.498,0.5181058492818305,0.02574526870567829,0.5163685380766749,-0.15674809583128124,0.31824199038676737,0.12444615677654947,0.0,False,False,0.5235987755982988
0.499,0.5181325634284579,0.026714146627519416,0.5168278767282047,-0.09513942109517254,0.23604348497590044,0.31824199038676737,0.0,False,False,0.5235987755982988
0.5,0.5181698589940035,0.037295565545561404,0.5193600533166957,0.16759217986343664,-0.12481361476726713,0.23604348497590044,0.0,False,False,0.5235987755982988
0.501,0.5182130888413348,0.0432298473312694,0.5189942851088254,0.11425614109006646,-0.05422654049755812,-0.12481361476726713,0.0,False,False,0.5235987755982988
0.502,0.5182440621290954,0.030973287760612762,0.5176161971804035,-0.03497826586112687,0.14966033055546746,-0.05422654049755812,0.0,False,False,0.5235987755982988
0.503,0.5182667188075787,0.022656678483315415,0.5169555371910534,-0.0975464382100307,0.23663401718245503,0.14966033055546746,0.0,False,False,0.5235987755982988
0.504,0.5182918959542381,0.025177146659442456,0.5157048565047052,-0.21285986302384252,0.39752237931329587,0.23663401718245503,0.0,False,False,0.5235987755982988
0.505,0.5183236996004815,0.03180364624342756,0.5178494102963204,0.02288150244005724,0.07603077250754339,0.39752237931329587,0.0,False,False,0.5235987755982988
0.506,0.5183697310874229,0.04603148694137693,0.5204819416488438,0.28384648744839075,-0.2845127738478779,0.07603077250754339,0.0,False,False,0.5235987755982988
0.507,0.5184134990369581,0.04376794953518133,0.518793007157067,0.08656838952587556,-0.01737823548887797,-0.2845127738478779,0.0,False,False,0.5235987755982988
0.508,0.5184370151916023,0.023516154644191364,0.5179486962518786,-0.0065195399455558745,0.10952487617023166,-0.01737823548887797,0.0,False,False,0.5235987755982988
0.509,0.5184546116192817,0.017596427679439273,0.518860470666364,0.08530985549754193,-0.017082337822223306,0.10952487617023166,0.0,False,False,0.5235987755982988
0.51,0.5184733759260939,0.01876430681209425,0.5171111827887809,-0.09814991781052279,0.23455657194395024,-0.017082337822223306,0.0,False,False,0.5235987755982988
0.511,0.5184868046514803,0.013428725386491213,0.5182273410703716,0.02328090212960235,0.06874873894716696,0.23455657194395024,0.0,False,False,0.5235987755982988
0.512,0.5185083919473726,0.02158729589233192,0.518595202419157,0.05773894679518354,0.020777581070332077,0.06874873894716696,0.0,False,False,0.5235987755982988
0.513,0.5185285725504976,0.020180603124954864,0.518453435557378,0.03778836593776273,0.04727008161125949,0.020777581070332077,0.0,False,False,0.5235987755982988
0.514,0.5185451191467559,0.016546596258421458,0.5192352276751769,0.11218874112388051,-0.05608262673246278,0.04727008161125949,0.0,False,False,0.5235987755982988
0.515,0.5185598888228923,0.01476967613632594,0.5188606485203473,0.06351195152852895,0.009071945568892528,-0.05608262673246278,0.0,False,False,0.5235987755982988
0.516,0.5185680259195512,0.008137096658926136,0.5191512503941876,0.08622094375970954,-0.023409678837650202,0.009071945568892528,0.0,False,False,0.5235987755982988
0.517,0.518574269271729,0.00624335217775679,0.5179735511315093,-0.04017107688409138,0.1494593326631203,-0.023409678837650202,0.0,False,False,0.5235987755982988
0.518,0.5185775027199607,0.003233448231746492,0.5193609944675558,0.10259036440896338,-0.04682837693738162,0.1494593326631203,0.0,False,False,0.5235987755982988
0.519,0.5185872345307022,0.009731810741538465,0.5200087501828735,0.1571068994998392,-0.12390782192215158,-0.04682837693738162,0.0,False,False,0.5235987755982988
0.52,0.518591876958165,0.004642427462806549,0.5177452617904371,-0.08495262969378437,0.20730640417405183,-0.12390782192215158,0.0,False,False,0.5235987755982988
0.521,0.5185889371825466,-0.0029397756184179735,0.5178142765851531,-0.06955588725280658,0.1875880469399906,0.20730640417405183,0.0,False,False,0.5235987755982988
0.522,0.5185972501217497,0.008312939203132546,0.5197629418600175,0.132266228958911,-0.08967446746162913,0.1875880469399906,0.0,False,False,0.5235987755982988
0.523,0.5186125496701078,0.0152995483580575,0.5184455705415217,-0.012697525786554212,0.10799472196585244,-0.08967446746162913,0.0,False,False,0.5235987755982988
0.524,0.5186194403004267,0.006890630318859085,0.5198445055705013,0.12846572969005984,-0.08658201512771699,0.10799472196585244,0.0,False,False,0.5235987755982988
0.525,0.5186297140027891,0.010273702362350826,0.5182435287412803,-0.04447852620104625,0.14976867486758835,-0.08658201512771699,0.0,False,False,0.5235987755982988
0.526,0.5186327806406609,0.003066637871783481,0.519902547444286,0.12587119671962493,-0.08451332929131905,0.14976867486758835,0.0,False,False,0.5235987755982988
0.527,0.5186424105970696,0.009629956408703618,0.5187571536182161,-0.0012553055593304552,0.08865556231268615,-0.08451332929131905,0.0,False,False,0.5235987755982988
0.528,0.5186450917130129,0.002681115943294978,0.5188704388725395,0.010198750428944007,0.07287156054893533,0.08865556231268615,0.0,False,False,0.5235987755982988
0.529,0.5186513953316618,0.00630361864892546,0.5200168693988334,0.12382192801544248,-0.08411200202815355,0.07287156054893533,0.0,False,False,0.5235987755982988
0.53,0.5186594864557504,0.008091124088614498,0.5183437821573548,-0.05586898893396498,0.16163266865775078,-0.08411200202815355,0.0,False,False,0.5235987755982988
0.531,0.5186610365712601,0.0015501155096586065,0.5178397526094021,-0.10068504483583848,0.22448446760314758,0.16163266865775078,0.0,False,False,0.5235987755982988
0.532,0.5186701980140325,0.009161442772450611,0.5182787518971977,-0.04671661157268748,0.15182036050704428,0.22448446760314758,0.0,False,False,0.5235987755982988
0.533,0.5186879759645182,0.017777950485743124,0.5190827118023821,0.03835104010301497,0.03526790020288329,0.15182036050704428,0.0,False,False,0.5235987755982988
0.534,0.5187090087286015,0.021032764083306007,0.5173426261734754,-0.13949262679795718,0.2800018418043706,0.03526790020288329,0.0,False,False,0.5235987755982988
0.535,0.5187270261019898,0.01801737338841091,0.519283324408836,0.06852645941789676,-0.00455362989114462,0.2800018418043706,0.0,False,False,0.5235987755982988
0.536,0.5187546711745111,0.027645072521304027,0.5182845045041242,-0.0382081769950663,0.14150669208922226,-0.00455362989114462,0.0,False,False,0.5235987755982988
0.537,0.5187766892557866,0.022018081275433223,0.5197783447620804,0.11499666650005835,-0.06922824474813857,0.14150669208922226,0.0,False,False,0.5235987755982988
0.538,0.5188008896581751,0.024200402388453248,0.5167115033846592,-0.20318713789206666,0.3677954653159929,-0.06922824474813857,0.0,False,False,0.5235987755982988
0.539,0.5188165117335717,0.015622075396611833,0.5181301036056183,-0.04100840200695238,0.14764617827659238,0.3677954653159929,0.0,False,False,0.5235987755982988
0.54,0.518846541055224,0.030029321652342615,0.5173748199567711,-0.11243592669097094,0.24695431357666314,0.14764617827659238,0.0,False,False,0.5235987755982988
0.541,0.5188784000915042,0.03185903628027593,0.5181573788632519,-0.0229364433738026,0.1254688732794083,0.24695431357666314,0.0,False,False,0.5235987755982988
0.542,0.5189169558031642,0.03855571165998897,0.5191330850741277,0.07692782205116137,-0.011930957026313527,0.1254688732794083,0.0,False,False,0.5235987755982988
0.543,0.5189558794114427,0.03892360827854,0.5187994746753759,0.035873999970865884,0.04333861664757334,-0.011930957026313527,0.0,False,False,0.5235987755982988
0.544,0.5189882906503372,0.032411238894494154,0.5187671770088952,0.029056833325707458,0.052100574618416384,0.04333861664757334,0.0,False,False,0.5235987755982988
0.545,0.5190171909409206,0.028900290583354277,0.5188782759346733,0.03726104257094641,0.04025574286012389,0.052100574618416384,0.0,False,False,0.5235987755982988
0.546,0.5190432124431015,0.026021502180902444,0.5192207021660343,0.06777756144995659,-0.0025277519591871828,0.04025574286012389,0.0,False,False,0.5235987755982988
0.547,0.5190659706483859,0.022758205284438546,0.518185856920539,-0.042484719244574316,0.14841419929316624,-0.0025277519591871828,0.0,False,False,0.5235987755982988
0.548,0.5190836291779367,0.01765852955079925,0.5197004718554481,0.11322524617079507,-0.06570082803364116,0.14841419929316624,0.0,False,False,0.5235987755982988
0.549,0.519104390489089,0.020761311152197575,0.5196826756402965,0.10012310003855227,-0.04965792080222041,-0.06570082803364116,0.0,False,False,0.5235987755982988
0.55,0.5191171209754506,0.01273048636158228,0.51945312996331,0.06715622233604504,-0.005965845373454376,-0.04965792080222041,0.0,False,False,0.5235987755982988
0.551,0.5191239424736971,0.006821498246473875,0.5196096095223706,0.07608855600850237,-0.0195012778434943,-0.005965845373454376,0.0,False,False,0.5235987755982988
0.552,0.5191284677735183,0.0045252998212313485,0.5193871412773328,0.046232875903872234,0.020329966692742243,-0.0195012778434943,0.0,False,False,0.5235987755982988
0.553,0.5191306650211535,0.002197247635161021,0.5209066015037581,0.19355561095602009,-0.1838075994454915,0.020329966692742243,0.0,False,False,0.5235987755982988
0.554,0.5191332134431221,0.002548421968678866,0.519057209440914,-0.010739156423988733,0.09463517854171231,-0.1838075994454915,0.0,False,False,0.5235987755982988
0.555,0.5191258008757964,-0.007412567325780121,0.5188578202139185,-0.02960416348114818,0.12086219309622415,0.09463517854171231,0.0,False,False,0.5235987755982988
0.556,0.5191252769649618,-0.0005239108345840614,0.5184677001008707,-0.06565575843780652,0.17114626907907332,0.12086219309622415,0.0,False,False,0.5235987755982988
0.557,0.5191309553967345,0.005678431772708797,0.5182301362793839,-0.08284656474271333,0.19605138543172523,0.17114626907907332,0.0,False,False,0.5235987755982988
0.558,0.519143509244025,0.012553847290446722,0.5180575027369341,-0.09182526251342049,0.20993322652066998,0.19605138543172523,0.0,False,False,0.5235987755982988
0.559,0.5191624766780992,0.018967434074297525,0.5183868547031613,-0.04970753963935975,0.1534636236797077,0.20993322652066998,0.0,False,False,0.5235987755982988
0.56,0.5191874306337699,0.024953955670658418,0.5191257503649502,0.029152780503473627,0.045531117596106126,0.1534636236797077,0.0,False,False,0.5235987755982988
0.561,0.519214872133989,0.027441500219078305,0.5195065996672721,0.06432243268531132,-0.0035277524638924196,0.045531117596106126,0.0,False,False,0.5235987755982988
0.562,0.5192392054387245,0.024333304735459617,0.5192838353041236,0.03561375310193042,0.03493242157283762,-0.0035277524638924196,0.0,False,False,0.5235987755982988
0.5630000000000001,0.5192582330162626,0.019027577538150618,0.5185901774596968,-0.0373134066509391,0.1349308544759628,0.03493242157283762,0.0,False,False,0.5235987755982988
0.5640000000000001,0.5192744886646012,0.016255648338620605,0.5200600478904901,0.1134049770934822,-0.07238887377162168,0.1349308544759628,0.0,False,False,0.5235987755982988
0.5650000000000001,0.5192933990991593,0.01891043455798391,0.5199386583822904,0.08992552856416079,-0.04202852438884082,-0.07238887377162168,0.0,False,False,0.5235987755982988
0.5660000000000001,0.5193041879547831,0.010788855623766656,0.5191648685242956,0.0035539899082636245,0.07554553944214237,-0.04202852438884082,0.0,False,False,0.5235987755982988
0.5670000000000001,0.5193098768324237,0.005688877640600543,0.5187401000092323,-0.039278260588886144,0.1345900733098603,0.07554553944214237,0.0,False,False,0.5235987755982988
0.5680000000000001,0.5193176581536108,0.007781321187093174,0.5197962518000281,0.07026474454957918,-0.01587226509062188,0.1345900733098603,0.0,False,False,0.5235987755982988
0.5690000000000001,0.5193299145243402,0.01225637072943789,0.519493952424761,0.03300833256791672,0.034276818042179885,-0.01587226509062188,0.0,False,False,0.5235987755982988
0.5700000000000001,0.5193380516077578,0.008137083417624525,0.5180743221745241,-0.11225552571256965,0.23414679248302858,0.034276818042179885,0.0,False,False,0.5235987755982988
0.5710000000000001,0.519345555193752,0.007503585994222372,0.5192862312290882,0.02016093231510148,0.05343267986766867,0.23414679248302858,0.0,False,False,0.5235987755982988
0.5720000000000001,0.5193625850230523,0.017029829300318725,0.519591254406994,0.04864715687417298,0.013758793194478175,0.05343267986766867,0.0,False,False,0.5235987755982988
0.5730000000000001,0.5193780672799733,0.015482256920947252,0.5185929354656114,-0.05604945295151349,0.15736446593019038,0.013758793194478175,0.0,False,False,0.5235987755982988
0.5740000000000001,0.5193902796596995,0.012212379726208557,0.519555949273108,0.045856873093301595,0.01774262614147281,0.15736446593019038,0.0,False,False,0.5235987755982988
0.5750000000000001,0.5194070440371685,0.01676437746901941,0.5181374719171787,-0.1005765498089545,0.2189953260309068,0.01774262614147281,0.0,False,False,0.5235987755982988
0.5760000000000001,0.5194205193013904,0.013475264221865905,0.5205865616446201,0.15439007791608092,-0.1310482423330809,0.2189953260309068,0.0,False,False,0.5235987755982988
0.577,0.5194413657316458,0.020846430255296762,0.5205304075386209,0.13333565952454884,-0.1047721663552561,-0.1310482423330809,0.0,False,False,0.5235987755982988
0.578,0.5194509035451338,0.009537813488019064,0.5192305406000365,-0.00998460028634754,0.09060975031233903,-0.1047721663552561,0.0,False,False,0.5235987755982988
0.579,0.5194525020990308,0.0015985538970005996,0.5197696758428282,0.044927384021457156,0.015010934772722806,0.09060975031233903,0.0,False,False,0.5235987755982988
0.58,0.5194581461986818,0.005644099651035899,0.5173550925477147,-0.20102368389203445,0.35361471558095503,0.015010934772722806,0.0,False,False,0.5235987755982988
0.581,0.5194628686010031,0.00472240232128304,0.5184537649025349,-0.07105408002081146,0.17787508854872386,0.35361471558095503,0.0,False,False,0.5235987755982988
0.582,0.5194838618832696,0.020993282266476256,0.5192274914117891,0.013423978906692127,0.06257434066914354,0.17787508854872386,0.0,False,False,0.5235987755982988
0.583,0.5195089748924083,0.025113009138719996,0.5185733623302456,-0.05333132713832682,0.15445503139094924,0.06257434066914354,0.0,False,False,0.5235987755982988
0.584,0.5195320170033223,0.023042110914019455,0.5201554455426509,0.11021012681603302,-0.07027221117757748,0.15445503139094924,0.0,False,False,0.5235987755982988
0.585,0.519557778994965,0.025761991642701994,0.5213007490249757,0.21371946236690748,-0.21509887652047283,-0.07027221117757748,0.0,False,False,0.5235987755982988
0.586,0.5195747725600679,0.016993565102898116,0.5185479825159943,-0.08292913476792069,0.1904292372029857,-0.21509887652047283,0.0,False,False,0.5235987755982988
0.587,0.5195767977990111,0.0020252389431742995,0.5188459731106988,-0.04483716182068082,0.13935503896161727,0.1904292372029857,0.0,False,False,0.5235987755982988
0.588,0.5195877308953696,0.010933096358478766,0.5197931983576424,0.0543690790557445,0.0032574954649225857,0.13935503896161727,0.0,False,False,0.5235987755982988
0.589,0.519602599958069,0.014869062699382186,0.5210085640292375,0.17046873830967813,-0.15793867772850922,0.0032574954649225857,0.0,False,False,0.5235987755982988
0.59,0.519613785057693,0.01118509962395586,0.5185470622354118,-0.09272831490385453,0.20220481841659163,-0.15793867772850922,0.0,False,False,0.5235987755982988
0.591,0.5196139839363297,0.0001988786368092993,0.5198313089508625,0.044969188131599655,0.013851373895934244,0.20220481841659163,0.0,False,False,0.5235987755982988
0.592,0.5196242325987482,0.010248662418518444,0.5212136156792221,0.17870294215439914,-0.17151065204189783,0.013851373895934244,0.0,False,False,0.5235987755982988
0.593,0.5196323018024129,0.00806920366464291,0.5181908700231297,-0.1414419176702803,0.2670726015573806,-0.17151065204189783,0.0,False,False,0.5235987755982988
0.594,0.5196294657622796,-0.002836040133269038,0.518511521982011,-0.095232530015121,0.20584960111132583,0.2670726015573806,0.0,False,False,0.5235987755982988
0.595,0.5196408398512663,0.011374088986627793,0.5192711733504692,-0.009744140167785298,0.08958980866227473,0.20584960111132583,0.0,False,False,0.5235987755982988
0.596,0.5196593744808473,0.01853462958102832,0.5192050753882443,-0.015379522373496572,0.09754203062917642,0.08958980866227473,0.0,False,False,0.5235987755982988
0.597,0.5196779400641653,0.018565583318061605,0.5203870684630277,0.10435773734219246,-0.0674185563757515,0.09754203062917642,0.0,False,False,0.5235987755982988
0.598,0.5196969297432134,0.018989679047960006,0.5199078176322294,0.04599688052813711,0.011240986755485419,-0.0674185563757515,0.0,False,False,0.5235987755982988
0.599,0.5197080352397075,0.011105496494187721,0.5181590886377708,-0.1334757069705314,0.2580852136541415,0.011240986755485419,0.0,False,False,0.5235987755982988
0.6,0.5197166315847269,0.008596345019423645,0.5201664120112094,0.080604201070378,-0.03494249671684392,0.2580852136541415,0.0,False,False,0.5235987755982988
0.601,0.5197356667936209,0.01903520889401686,0.5192316690364879,-0.020930516508811198,0.10372453792317037,-0.03494249671684392,0.0,False,False,0.5235987755982988
0.602,0.5197484352628183,0.012768469197426486,0.5208606002667435,0.1440556581676347,-0.12357963383316636,0.10372453792317037,0.0,False,False,0.5235987755982988
0.603,0.519762955934142,0.014520671323692282,0.5192152824913768,-0.034881685185798234,0.12076089814755364,-0.12357963383316636,0.0,False,False,0.5235987755982988
0.604,0.5197675157447229,0.004559810580920566,0.5192119641067904,-0.031725355125863226,0.11703303299818771,0.12076089814755364,0.0,False,False,0.5235987755982988
0.605,0.5197767506368953,0.009234892172430516,0.5202489770516533,0.07514847487301446,-0.029881796007997966,0.11703303299818771,0.0,False,False,0.5235987755982988
0.606,0.519789211210861,0.012460573965689604,0.5204549901642329,0.08823493864367474,-0.04929378855922341,-0.029881796007997966,0.0,False,False,0.5235987755982988
0.607,0.5197968084531516,0.0075972422905988685,0.5201878489169905,0.05269732005507088,-0.0018401038025362138,-0.04929378855922341,0.0,False,False,0.5235987755982988
0.608,0.5197997350907497,0.002926637598206646,0.5183287739381923,-0.1384799098302587,0.2610359216782273,-0.0018401038025362138,0.0,False,False,0.5235987755982988
0.609,0.5198016862389273,0.0019511481775507486,0.5202712098622209,0.06961167355562116,-0.023637825017342226,0.2610359216782273,0.0,False,False,0.5235987755982988
0.61,0.5198160978840956,0.014411645168211433,0.5189134938350153,-0.07312109652049892,0.1720803875637023,-0.023637825017342226,0.0,False,False,0.5235987755982988
0.611,0.5198255663724071,0.00946848831147784,0.5200308835123323,0.04592998086325138,0.009106080511495855,0.1720803875637023,0.0,False,False,0.5235987755982988
0.612,0.5198409552340095,0.015388861602414067,0.5185985125554228,-0.10190011291402495,0.21228487026859866,0.009106080511495855,0.0,False,False,0.5235987755982988
0.613,0.5198528582112228,0.011902977213299266,0.5202423477611827,0.07267341895337222,-0.026792401675956964,0.21228487026859866,0.0,False,False,0.5235987755982988
0.614,0.519872126288354,0.019268077131200607,0.5191682359571969,-0.04200510334055163,0.13015583754849724,-0.026792401675956964,0.0,False,False,0.5235987755982988
0.615,0.5198855029251632,0.013376636809188592,0.5187661930378026,-0.0780088849459239,0.1805971480240409,0.13015583754849724,0.0,False,False,0.5235987755982988
0.616,0.5199018285816378,0.016325656474536685,0.5205247541640705,0.1056481161754617,-0.0714453535944446,0.1805971480240409,0.0,False,False,0.5235987755982988
0.617,0.5199230805432434,0.021251961605624245,0.5201339551693768,0.056003405088541354,-0.004837318385652822,-0.0714453535944446,0.0,False,False,0.5235987755982988
0.618,0.5199359552921202,0.012874748876764944,0.5194001594563618,-0.02297650672181451,0.10314689862104452,-0.004837318385652822,0.0,False,False,0.5235987755982988
0.619,0.5199451320423094,0.009176750189205407,0.5212115244898454,0.16045764729873385,-0.14957865680631957,0.10314689862104452,0.0,False,False,0.5235987755982988
0.62,0.5199568546127726,0.011722570463201798,0.5195723128321087,-0.019509283204812267,0.09588746963719688,-0.14957865680631957,0.0,False,False,0.5235987755982988
0.621,0.5199578887271722,0.0010341143995580716,0.5199859079584697,0.02380115775176556,0.0364702282148061,0.09588746963719688,0.0,False,False,0.5235987755982988
0.622,0.5199634031204494,0.00551439327718779,0.5201980743736935,0.04263768349897034,0.01004740184413172,0.0364702282148061,0.0,False,False,0.5235987755982988
0.623,0.519969105334026,0.0057022135765038996,0.5194283447933764,-0.03859904288263358,0.12138660594776365,0.01004740184413172,0.0,False,False,0.5235987755982988
0.624,0.519973621337832,0.004516003805975754,0.5203847653151055,0.06090291357853597,-0.015231311196762923,0.12138660594776365,0.0,False,False,0.5235987755982988
0.625,0.5199828563718641,0.009235034032152867,0.5195173313788384,-0.031930771406026855,0.11178292163752013,-0.015231311196762923,0.0,False,False,0.5235987755982988
0.626,0.5199887038352787,0.005847463414554499,0.5196294816327758,-0.01752266887168375,0.09247449402543513,0.11178292163752013,0.0,False,False,0.5235987755982988
0.627,0.5199984111492418,0.00970731396308064,0.5211875411788736,0.14003555262526246,-0.12464044360066032,0.09247449402543513,0.0,False,False,0.5235987755982988
0.628,0.5200100001755713,0.011589026329512732,0.5191019175372377,-0.08253036680085293,0.1799798852601242,-0.12464044360066032,0.0,False,False,0.5235987755982988
0.629,0.5200121772244912,0.002177048919945043,0.5179066291793873,-0.19380616590579977,0.3350260346273662,0.1799798852601242,0.0,False,False,0.5235987755982988
0.63,0.5200226940121887,0.010516787697437626,0.5214285017424457,0.17776170699061605,-0.17424911898338327,0.3350260346273662,0.0,False,False,0.5235987755982988
0.631,0.520047026868802,0.024332856613316328,0.5222717351931079,0.24430888135777173,-0.2692839303358892,-0.17424911898338327,0.0,False,False,0.5235987755982988
0.632,0.5200575179715641,0.010491102762078675,0.5197038538196026,-0.03691014412853302,0.11440076497077148,-0.2692839303358892,0.0,False,False,0.5235987755982988
0.633,0.5200516156652639,-0.005902306300117335,0.518361405620929,-0.16746394958303706,0.2952293990923006,0.11440076497077148,0.0,False,False,0.5235987755982988
0.634,0.5200531780231716,0.001562357907764306,0.5197822296402065,-0.008635152696987808,0.07906001048204735,0.2952293990923006,0.0,False,False,0.5235987755982988
0.635,0.5200690278453227,0.015849822151066614,0.5198192512018482,-0.004069481263113121,0.07291481665184606,0.07906001048204735,0.0,False,False,0.5235987755982988
0.636,0.5200848083611381,0.015780515815414464,0.5199190685434445,0.006319201022823522,0.05865168575998953,0.07291481665184606,0.0,False,False,0.5235987755982988
0.637,0.5201002243549542,0.015415993816102631,0.5191286099957607,-0.07335857384783692,0.16849326946309012,0.05865168575998953,0.0,False,False,0.5235987755982988
0.638,0.5201146269037874,0.014402548833216585,0.5206203894114291,0.08315522510378269,-0.04617531876088388,0.16849326946309012,0.0,False,False,0.5235987755982988
0.639,0.5201336945764767,0.019067672689305173,0.5205914136089635,0.0719421223468519,-0.03219803100818748,-0.04617531876088388,0.0,False,False,0.5235987755982988
0.64,0.5201459293461587,0.012234769681929974,0.518841814424851,-0.11021200829908817,0.2178797110809665,-0.03219803100818748,0.0,False,False,0.5235987755982988
0.641,0.5201532331769831,0.007303830824441663,0.5207633974313461,0.09296749318033481,-0.060524184811253656,0.2178797110809665,0.0,False,False,0.5235987755982988
0.642,0.5201693031060572,0.016069929074098988,0.521960608678117,0.20339186853938704,-0.21458323768399173,-0.060524184811253656,0.0,False,False,0.5235987755982988
0.643,0.5201782866245047,0.008983518447427808,0.5203283503236973,0.019826846243477025,0.035075439450655096,-0.21458323768399173,0.0,False,False,0.5235987755982988
0.644,0.5201739777187323,-0.004308905772462285,0.5198796059823364,-0.02703027251695916,0.09938138010767444,0.035075439450655096,0.0,False,False,0.5235987755982988
0.645,0.5201727128562753,-0.001264862456946245,0.520048791674284,-0.007408676070506156,0.07279012191687456,0.09938138010767444,0.0,False,False,0.5235987755982988
0.646,0.5201768010759127,0.004088219637329147,0.5207137138923515,0.05982441334330207,-0.019858185304911666,0.07279012191687456,0.0,False,False,0.5235987755982988
0.647,0.5201833027842764,0.00650170836372968,0.5186730068949326,-0.15022872773292648,0.26893830994010426,-0.019858185304911666,0.0,False,False,0.5235987755982988
0.648,0.5201869009890306,0.003598204754304829,0.5203303589403617,0.030529349583282267,0.0221962803429289,0.26893830994010426,0.0,False,False,0.5235987755982988
0.649,0.5202028637527566,0.01596276372595425,0.5198621196763332,-0.01934751177789622,0.09047682072885613,0.0221962803429289,0.0,False,False,0.5235987755982988
0.65,0.5202158945116859,0.013030758929288552,0.5218284260355254,0.17921787531910827,-0.18319515825300794,0.09047682072885613,0.0,False,False,0.5235987755982988
0.651,0.5202299607622682,0.014066250582266444,0.5200779663786634,-0.013749877898996093,0.07987441943223214,-0.18319515825300794,0.0,False,False,0.5235987755982988
0.652,0.5202311721929642,0.0012114306960269786,0.5216866787113271,0.14849634315727214,-0.1437778678232361,0.07987441943223214,0.0,False,False,0.5235987755982988
0.653,0.5202360095135121,0.0048373205478552065,0.5192728140502844,-0.10773975726273141,0.20715501657953792,-0.1437778678232361,0.0,False,False,0.5235987755982988
0.654,0.5202322150463021,-0.0037944672100014027,0.5207446953474635,0.05022234818145399,-0.008893373302708785,0.20715501657953792,0.0,False,False,0.5235987755982988
0.655,0.520239918383612,0.007703337309885495,0.5205186476953568,0.02259534815264325,0.028327884469783866,-0.008893373302708785,0.0,False,False,0.5235987755982988
0.656,0.5202449431219233,0.00502473831116227,0.5194865563303914,-0.08287332315916145,0.17346793461332677,0.028327884469783866,0.0,False,False,0.5235987755982988
0.657,0.5202498876693327,0.004944547409382483,0.5204046949833656,0.01722787445417344,0.03682000172378953,0.17346793461332677,0.0,False,False,0.5235987755982988
0.658,0.5202620319717726,0.012144302439847838,0.5213201542690308,0.10705101557527263,-0.08744603476350246,0.03682000172378953,0.0,False,False,0.5235987755982988
0.659,0.5202727157143989,0.010683742626326053,0.5199901541478766,-0.036654098097668605,0.10894010382480153,-0.08744603476350246,0.0,False,False,0.5235987755982988
0.66,0.5202760529688453,0.0033372544463087395,0.5187995370164064,-0.15205040143493012,0.26884677619598046,0.10894010382480153,0.0,False,False,0.5235987755982988
0.661,0.5202838318927708,0.007778923925604152,0.5202685054353714,0.010051480605067276,0.04788308620661279,0.26884677619598046,0.0,False,False,0.5235987755982988
0.662,0.5203027993314271,0.018967438656288315,0.5195152866189188,-0.0662755491007022,0.15303346054968348,0.04788308620661279,0.0,False,False,0.5235987755982988
0.663,0.5203196507840219,0.016851452594809097,0.5200209019568193,-0.009086460400581975,0.07530547802733019,0.15303346054968348,0.0,False,False,0.5235987755982988
0.664,0.5203399634880719,0.02031270405000336,0.5202687647275537,0.01660846271291705,0.04001004041791201,0.07530547802733019,0.0,False,False,0.5235987755982988
0.665,0.5203593517187247,0.019388230652877314,0.5188708893655543,-0.12483991975831696,0.23490985589938243,0.04001004041791201,0.0,False,False,0.5235987755982988
0.666,0.5203761722250211,0.0168205062963221,0.5189662443445986,-0.10282042987805151,0.20677007842026582,0.23490985589938243,0.0,False,False,0.5235987755982988
0.667,0.5204005528315586,0.024380606537548966,0.5208212355062881,0.09296072927870593,-0.06155715347825451,0.20677007842026582,0.0,False,False,0.5235987755982988
0.668,0.5204301382121451,0.029585380586507424,0.5199739800966505,-0.0010608846129239319,0.06651938056517798,-0.06155715347825451,0.0,False,False,0.5235987755982988
0.669,0.5204511194078582,0.020981195713041568,0.5182129577460249,-0.17705703121419003,0.30941315879795783,0.06651938056517798,0.0,False,False,0.5235987755982988
0.67,0.5204706540044962,0.019534596638033235,0.521155559632169,0.13490886052163253,-0.1179127452356219,0.30941315879795783,0.0,False,False,0.5235987755982988
0.671,0.5205010712399694,0.030417235473187018,0.5207387586905887,0.07973788031144396,-0.044205152034951053,-0.1179127452356219,0.0,False,False,0.5235987755982988
0.672,0.5205200180829133,0.018946842943868905,0.5198970447765867,-0.0124072991199011,0.08151991373469915,-0.044205152034951053,0.0,False,False,0.5235987755982988
0.673,0.5205322474163776,0.012229333464291607,0.5193830962727427,-0.06256141959231182,0.15095593137078417,0.08151991373469915,0.0,False,False,0.5235987755982988
0.674,0.520545232875972,0.01298545959434327,0.5212746128612146,0.13284638121410575,-0.11758072818941048,0.15095593137078417,0.0,False,False,0.5235987755982988
0.675,0.5205622871082722,0.017054232300214946,0.5208671530386508,0.07881576083632136,-0.045409706929921925,-0.11758072818941048,0.0,False,False,0.5235987755982988
0.676,0.5205692391866733,0.0069520784010490035,0.5226484519165918,0.24906407254678764,-0.2817710607854192,-0.045409706929921925,0.0,False,False,0.5235987755982988
0.677,0.5205718874782107,0.0026482915373763844,0.5209385712045653,0.05316959408945987,-0.015919833820149026,-0.2817710607854192,0.0,False,False,0.5235987755982988
0.678,0.5205596467471584,-0.012240731052316739,0.5208979815639257,0.043793670616556216,-0.003938112121152262,-0.015919833820149026,0.0,False,False,0.5235987755982988
0.679,0.5205499323418897,-0.009714405268635718,0.5204042602421931,-0.009957828618363695,0.0694506707519392,-0.003938112121152262,0.0,False,False,0.5235987755982988
0.68,0.5205427647670228,-0.007167574867008174,0.521255536173697,0.07616554739386408,-0.049220347229804576,0.0694506707519392,0.0,False,False,0.5235987755982988
0.681,0.5205411611071246,-0.0016036598982188998,0.5210866508504881,0.05166046033358651,-0.01677430693971109,-0.049220347229804576,0.0,False,False,0.5235987755982988
0.682,0.5205375829140755,-0.003578193049064212,0.5216299190505264,0.10082123430405279,-0.08554606330495912,-0.01677430693971109,0.0,False,False,0.5235987755982988
0.683,0.5205342424678151,-0.003340446260337521,0.5200793023979987,-0.06432255437911723,0.14053758286034257,-0.08554606330495912,0.0,False,False,0.5235987755982988
0.684,0.5205276309982144,-0.006611469600632991,0.5201476662986814,-0.05105390887293998,0.12338465804064207,0.14053758286034257,0.0,False,False,0.5235987755982988
0.685,0.5205299870695157,0.0023560713012262553,0.5201118906800577,-0.04952607984801278,0.12219522434595545,0.12338465804064207,0.0,False,False,0.5235987755982988
0.686,0.5205377993796749,0.007812310159180888,0.5212279040679255,0.06702786692357049,-0.03775775276156523,0.12219522434595545,0.0,False,False,0.5235987755982988
0.687,0.5205494588574261,0.011659477751165876,0.5218570372279714,0.12323839623580037,-0.11653478481706672,-0.03775775276156523,0.0,False,False,0.5235987755982988
0.6880000000000001,0.5205560348683143,0.006576010888112653,0.5201556210009678,-0.05922706608813902,0.13304926205772521,-0.11653478481706672,0.0,False,False,0.5235987755982988
0.6890000000000001,0.5205548531803105,-0.0011816880038306348,0.5201841681740125,-0.05044964217485716,0.12200250424698275,0.13304926205772521,0.0,False,False,0.5235987755982988
0.6900000000000001,0.5205606827766146,0.005829596304144042,0.5208347668597172,0.01965519061310029,0.0261659285587489,0.12200250424698275,0.0,False,False,0.5235987755982988
0.6910000000000001,0.5205708882021552,0.010205425540686298,0.5203564208346619,-0.03014493095373513,0.09453630288994597,0.0261659285587489,0.0,False,False,0.5235987755982988
0.6920000000000001,0.5205795401631943,0.008651961039084107,0.5214103637083408,0.0782638495095265,-0.054525205392187845,0.09453630288994597,0.0,False,False,0.5235987755982988
0.6930000000000001,0.5205904393900346,0.01089922684026445,0.5186253930028876,-0.208059605986751,0.3391924139015036,-0.054525205392187845,0.0,False,False,0.5235987755982988
0.6940000000000001,0.5205955883537512,0.005148963716587692,0.5198741521031734,-0.06237773535948804,0.14189650534364226,0.3391924139015036,0.0,False,False,0.5235987755982988
0.6950000000000001,0.5206161648991681,0.020576545416917284,0.5199333778417176,-0.050217387969128155,0.1262380251814164,0.14189650534364226,0.0,False,False,0.5235987755982988
0.6960000000000001,0.5206391133382435,0.02294843907548888,0.5186142207265143,-0.1771113606925404,0.3022556205231696,0.1262380251814164,0.0,False,False,0.5235987755982988
0.6970000000000001,0.5206633804954727,0.024267157229086723,0.5198224473128211,-0.03857756599260487,0.1142669883297243,0.3022556205231696,0.0,False,False,0.5235987755982988
0.6980000000000001,0.520697637261624,0.03425676615132939,0.5198990128920603,-0.027063251469425877,0.09907163047560419,0.1142669883297243,0.0,False,False,0.5235987755982988
0.6990000000000001,0.5207318483809981,0.03421111937408075,0.5205563514628762,0.04137693075910133,0.005111317526686303,0.09907163047560419,0.0,False,False,0.5235987755982988
0.7000000000000001,0.5207652559430966,0.033407562098568995,0.52173650190669,0.15525428206457217,-0.1527842120285273,0.005111317526686303,0.0,False,False,0.5235987755982988
0.7010000000000001,0.5207931958308822,0.027939887785615382,0.5205793400693642,0.02401267012554234,0.025534635370171588,-0.1527842120285273,0.0,False,False,0.5235987755982988
0.7020000000000001,0.5208080765470355,0.014880716153316072,0.5199085218773624,-0.04547041608719951,0.12098906628149558,0.025534635370171588,0.0,False,False,0.5235987755982988
0.7030000000000001,0.5208203850082188,0.01230846118327795,0.5207706827948119,0.04529271726647102,-0.0034455902570001626,0.12098906628149558,0.0,False,False,0.5235987755982988
0.704,0.520835406089306,0.015021081087156767,0.5217509827952672,0.13879344558535864,-0.13329186424786155,-0.0034455902570001626,0.0,False,False,0.5235987755982988
0.705,0.5208463801423641,0.010974053058069574,0.5199946954071105,-0.05071463778884684,0.12573100878800555,-0.13329186424786155,0.0,False,False,0.5235987755982988
0.706,0.5208476484225283,0.0012682801642535553,0.5200530219320085,-0.03981052152016102,0.11159619181741837,0.12573100878800555,0.0,False,False,0.5235987755982988
0.707,0.5208548182051611,0.007169782632795875,0.5213422441238073,0.09309274981172729,-0.0710937332332246,0.11159619181741837,0.0,False,False,0.5235987755982988
0.708,0.5208654758230945,0.010657617933437544,0.5206721490915154,0.01677397160136726,0.03255051120046114,-0.0710937332332246,0.0,False,False,0.5235987755982988
0.709,0.5208696106428035,0.004134819708955401,0.5214346476282603,0.09134642811572319,-0.07066141027817464,0.03255051120046114,0.0,False,False,0.5235987755982988
0.71,0.5208741333788472,0.004522736043733309,0.5208622243063892,0.024969453117037937,0.01929457951392798,-0.07066141027817464,0.0,False,False,0.5235987755982988
0.711,0.5208737707974219,-0.00036258142532803565,0.5214860878424578,0.0848588614121922,-0.0638022540894916,0.01929457951392798,0.0,False,False,0.5235987755982988
0.712,0.5208744831578105,0.000712360388516456,0.5199712071025434,-0.0751150987204618,0.15543435138815148,-0.0638022540894916,0.0,False,False,0.5235987755982988
0.713,0.5208717889382637,-0.0026942195467801284,0.5208612430910032,0.021400009997566888,0.0235955731342402,0.15543435138815148,0.0,False,False,0.5235987755982988
0.714,0.5208776806250467,0.005891686782995498,0.5206938189024611,0.0025175901436004094,0.049268112352757736,0.0235955731342402,0.0,False,False,0.5235987755982988
0.715,0.5208830104311892,0.005329806142549451,0.5198219454326526,-0.08492151585161446,0.16988876200356945,0.049268112352757736,0.0,False,False,0.5235987755982988
0.716,0.5208892201874343,0.006209756245062012,0.5195248282888026,-0.10614107865144753,0.20070034595266814,0.16988876200356945,0.0,False,False,0.5235987755982988
0.717,0.5209020942578754,0.012874070441017479,0.5215005231832712,0.10204251866055541,-0.08468247892216986,0.20070034595266814,0.0,False,False,0.5235987755982988
0.718,0.5209215473535587,0.01945309568325508,0.5206152836241876,0.003314310886140398,0.04972568247063286,-0.08468247892216986,0.0,False,False,0.5235987755982988
0.719,0.5209321893013529,0.010641947794168384,0.5200400814617049,-0.054537336450748264,0.12950129819958867,0.04972568247063286,0.0,False,False,0.5235987755982988
0.72,0.5209423530691993,0.010163767846456048,0.5208584211131804,0.03275036234187514,0.010025945921881864,0.12950129819958867,0.0,False,False,0.5235987755982988
0.721,0.520956140051999,0.013786982799680533,0.5219405222062654,0.13768543541619177,-0.13537396144282884,0.010025945921881864,0.0,False,False,0.5235987755982988
0.722,0.5209667878018803,0.010647749881308866,0.5189764685630512,-0.1724884724468444,0.29018769357066965,-0.13537396144282884,0.0,False,False,0.5235987755982988
0.723,0.5209677010387647,0.0009132368842888934,0.5196616373961873,-0.0867227418885526,0.17493577790427012,0.29018769357066965,0.0,False,False,0.5235987755982988
0.724,0.5209828462265662,0.015145187801587225,0.5201774758749118,-0.026466619827247836,0.0933433388136635,0.17493577790427012,0.0,False,False,0.5235987755982988
0.725,0.5210028408634172,0.01999463685097836,0.5222779599726587,0.18622845193016485,-0.19969946105467554,0.0933433388136635,0.0,False,False,0.5235987755982988
0.726,0.5210228537995792,0.020012936162028268,0.5212694574633402,0.06675535580529854,-0.038178700537103,-0.19969946105467554,0.0,False,False,0.5235987755982988
0.727,0.521028230516954,0.005376717374780368,0.5216978411296223,0.10291818685297485,-0.08928500378739168,-0.038178700537103,0.0,False,False,0.5235987755982988
0.728,0.5210301015447704,0.0018710278163042615,0.5200351234427045,-0.07364540052409511,0.1525202194296113,-0.08928500378739168,0.0,False,False,0.5235987755982988
0.729,0.5210269411617268,-0.003160383043589373,0.5200499618058434,-0.06479702415779867,0.14163507725355595,0.1525202194296113,0.0,False,False,0.5235987755982988
0.73,0.5210323597326386,0.0054185709118507105,0.5214231509222589,0.07900158989952968,-0.05564066371071681,0.14163507725355595,0.0,False,False,0.5235987755982988
0.731,0.5210432514513059,0.010891718667340119,0.521094105398517,0.03819687853538562,-0.0007521906463895459,-0.05564066371071681,0.0,False,False,0.5235987755982988
0.732,0.5210483388609534,0.0050874096474636645,0.5215272038170875,0.07768703253890027,-0.055936146984876714,-0.0007521906463895459,0.0,False,False,0.5235987755982988
0.733,0.5210518741760595,0.0035353151061422693,0.5208881003409503,0.006007981671294321,0.041582576626719304,-0.055936146984876714,0.0,False,False,0.5235987755982988
0.734,0.5210515488581766,-0.00032531788280084576,0.5212942750491966,0.04602465432878696,-0.013748575310703837,0.041582576626719304,0.0,False,False,0.5235987755982988
0.735,0.5210534015571552,0.001852698978579231,0.5211913864892469,0.031133332900941724,0.005973004481804427,-0.013748575310703837,0.0,False,False,0.5235987755982988
0.736,0.5210540051912848,0.0006036341296173642,0.5217327352789933,0.08215487858549074,-0.06499712855509017,0.005973004481804427,0.0,False,False,0.5235987755982988
0.737,0.5210547240258302,0.0007188345454454872,0.5217589716063699,0.07656302346459443,-0.05875915630279209,-0.06499712855509017,0.0,False,False,0.5235987755982988
0.738,0.5210519745710577,-0.00274945477247773,0.5196383695829085,-0.14315348122799648,0.24307148575062068,-0.05875915630279209,0.0,False,False,0.5235987755982988
0.739,0.5210471178355759,-0.004856735481745047,0.5190860060622142,-0.18407448517462893,0.30211923385907735,0.24307148575062068,0.0,False,False,0.5235987755982988
0.74,0.5210558631417543,0.008745306178427208,0.5219300509145403,0.11873744857543722,-0.11244789398287058,0.30211923385907735,0.0,False,False,0.5235987755982988
0.741,0.5210772111778006,0.02134803604625514,0.5221136968520995,0.12522829747381975,-0.12354253953699634,-0.11244789398287058,0.0,False,False,0.5235987755982988
0.742,0.5210881205449774,0.010909367176899826,0.5201974589393698,-0.07891832354653897,0.15592568811656993,-0.12354253953699634,0.0,False,False,0.5235987755982988
0.743,0.5210898264508614,0.0017059058839869554,0.519466813881392,-0.14409099698965586,0.24728450729190896,0.15592568811656993,0.0,False,False,0.5235987755982988
0.744,0.521098811283257,0.008984832395483623,0.5211852354682919,0.04216026139929291,-0.007148591339026546,0.24728450729190896,0.0,False,False,0.5235987755982988
0.745,0.5211175967491892,0.01878546593228798,0.5219299063418513,0.11241132261530859,-0.10485394052231545,-0.007148591339026546,0.0,False,False,0.5235987755982988
0.746,0.5211315403145395,0.013943565350213152,0.5227002374661541,0.17820330278405805,-0.19767027696226527,-0.10485394052231545,0.0,False,False,0.5235987755982988
0.747,0.5211365699666606,0.00502965212113329,0.5215871245943218,0.04907168532241671,-0.022676304315313256,-0.19767027696226527,0.0,False,False,0.5235987755982988
0.748,0.5211302181153619,-0.006351851298712838,0.520805834103359,-0.033964532306101,0.09103038567623767,-0.022676304315313256,0.0,False,False,0.5235987755982988
0.749,0.5211246018271704,-0.005616288191561929,0.5203451983273184,-0.07663165667955166,0.1505223788931094,0.09103038567623767,0.0,False,False,0.5235987755982988
0.75,0.5211252014754207,0.0005996482503391352,0.5211351946125837,0.010031137514936131,0.03230709272494819,0.1505223788931094,0.0,False,False,0.5235987755982988
0.751,0.5211331450034333,0.007943528012598733,0.5208719872825431,-0.01729270924061682,0.06983344077234241,0.03230709272494819,0.0,False,False,0.5235987755982988
0.752,0.521140406929613,0.00726192617971435,0.5202545930752985,-0.0773028590410155,0.1529587162632237,0.06983344077234241,0.0,False,False,0.5235987755982988
0.753,0.5211490438495662,0.008636919953124989,0.5229369204333864,0.19866016267186815,-0.22647880223781747,0.1529587162632237,0.0,False,False,0.5235987755982988
0.754,0.5211628529803681,0.013809130801909798,0.5227207062963044,0.1571727326964864,-0.1728020317998843,-0.22647880223781747,0.0,False,False,0.5235987755982988
0.755,0.5211616932832762,-0.0011596970919334013,0.5221530827828257,0.08469310807896567,-0.07560925901624242,-0.1728020317998843,0.0,False,False,0.5235987755982988
0.756,0.5211522456431156,-0.009447640160677348,0.5203486520751122,-0.10421927350028311,0.1835653516176995,-0.07560925901624242,0.0,False,False,0.5235987755982988
0.757,0.5211416960620996,-0.010549581015957776,0.5218878411809579,0.06012156443431692,-0.04134905780904344,0.1835653516176995,0.0,False,False,0.5235987755982988
0.758,0.5211432676572317,0.001571595132114148,0.5217014469986542,0.0354699897605146,-0.008412072919013948,-0.04134905780904344,0.0,False,False,0.5235987755982988
0.759,0.5211422950025875,-0.0009726546442611469,0.5215284889142202,0.014627182341067083,0.01971254150413437,-0.008412072919013948,0.0,False,False,0.5235987755982988
0.76,0.5211411972014799,-0.0010978011076248604,0.5222317358743663,0.08348916012157236,-0.07558027711510211,0.01971254150413437,0.0,False,False,0.5235987755982988
0.761,0.5211414184286238,0.00022122714394210308,0.5216958843493783,0.021555091610612226,0.008385932547834565,-0.07558027711510211,0.0,False,False,0.5235987755982988
0.762,0.521137793391567,-0.003625037056909612,0.5217835776383241,0.0281689113441266,-0.0011291303334062947,0.008385932547834565,0.0,False,False,0.5235987755982988
0.763,0.5211356779077881,-0.0021154837788292186,0.5216914834913624,0.016142605513548736,0.014960131308596882,-0.0011291303334062947,0.0,False,False,0.5235987755982988
0.764,0.5211341467182647,-0.0015311895233582735,0.521431543324872,-0.01146567168685079,0.05276898694590435,0.014960131308596882,0.0,False,False,0.5235987755982988
0.765,0.5211338281215369,-0.0003185967279092541,0.5195773337821005,-0.19574005879531467,0.3072740232459478,0.05276898694590435,0.0,False,False,0.5235987755982988
0.766,0.5211362448194776,0.002416697940790307,0.5212092179757216,-0.012977633553668544,0.05858519747079183,0.3072740232459478,0.0,False,False,0.5235987755982988
0.767,0.5211532940505572,0.017049231079553962,0.5206679250028056,-0.06580916748990688,0.13172631170676677,0.05858519747079183,0.0,False,False,0.5235987755982988
0.768,0.5211690502250513,0.015756174494158916,0.5200521782944165,-0.1208029215798204,0.20880225736566574,0.13172631170676677,0.0,False,False,0.5235987755982988
0.769,0.5211873866950789,0.018336470027556742,0.5226550485661569,0.15156439775219477,-0.16489019072407843,0.20880225736566574,0.0,False,False,0.5235987755982988
0.77,0.5212117435847063,0.02435688962740871,0.5227205766572112,0.14296076708240651,-0.15574533955931014,-0.16489019072407843,0.0,False,False,0.5235987755982988
0.771,0.521222724434117,0.01098084941062996,0.5224088681709216,0.09749384174520728,-0.0955742764014585,-0.15574533955931014,0.0,False,False,0.5235987755982988
0.772,0.5212228752798406,0.0001508457235552766,0.5214455910008106,-0.00858325944041552,0.04905723408328723,-0.0955742764014585,0.0,False,False,0.5235987755982988
0.773,0.5212182015555021,-0.0046737243383957764,0.5223968443215407,0.08740039857663544,-0.08324571531031562,0.04905723408328723,0.0,False,False,0.5235987755982988
0.774,0.5212173765276669,-0.000825027835223896,0.5212278949120088,-0.038234582234210834,0.0885573510342728,-0.08324571531031562,0.0,False,False,0.5235987755982988
0.775,0.5212126398822304,-0.004736645436451616,0.5213896138920276,-0.018239226008907632,0.06165198192357017,0.0885573510342728,0.0,False,False,0.5235987755982988
0.776,0.5212137450597735,0.0011051775430628782,0.5202595112752306,-0.12942556508771924,0.21541743592049054,0.06165198192357017,0.0,False,False,0.5235987755982988
0.777,0.5212175971994987,0.003852139725237187,0.5215640374677633,0.013969610674315555,0.019861753540461463,0.21541743592049054,0.0,False,False,0.5235987755982988
0.778,0.5212310632420811,0.013466042582509356,0.5212837599057251,-0.015455106596934914,0.06021641038264943,0.019861753540461463,0.0,False,False,0.5235987755982988
0.779,0.5212419456212327,0.010882379151544962,0.520105167198891,-0.13176886662064835,0.2210075911341188,0.06021641038264943,0.0,False,False,0.5235987755982988
0.78,0.5212528186942147,0.010873072981997573,0.5212081407857792,-0.008294621269767918,0.05298497214907548,0.2210075911341188,0.0,False,False,0.5235987755982988
0.781,0.5212717241625104,0.01890546829572576,0.5212021469924865,-0.00806453847206025,0.05281676107109472,0.05298497214907548,0.0,False,False,0.5235987755982988
0.782,0.5212887774431346,0.01705328062423088,0.5228574454863316,0.15827176475966162,-0.17658217569618437,0.05281676107109472,0.0,False,False,0.5235987755982988
0.783,0.521304248596729,0.015471153594389244,0.5220845969366178,0.06515973331231321,-0.05093646406451749,-0.17658217569618437,0.0,False,False,0.5235987755982988
0.784,0.5213069347964095,0.0026861996805622197,0.5213169228262337,-0.018123651057332317,0.0628217311659717,-0.05093646406451749,0.0,False,False,0.5235987755982988
0.785,0.5213062623791543,-0.0006724172551881066,0.5215233702638148,0.004333457806514559,0.032157146652895,0.0628217311659717,0.0,False,False,0.5235987755982988
0.786,0.5213089353873298,0.002673008175519273,0.5213475179657325,-0.013685117782362637,0.05694477872502827,0.032157146652895,0.0,False,False,0.5235987755982988
0.787,0.5213124083991254,0.003473011795607304,0.5211353325424742,-0.03353514832995569,0.0845841530007892,0.05694477872502827,0.0,False,False,0.5235987755982988
0.788,0.5213176832021778,0.005274803052314194,0.5203730872767998,-0.10640616006440783,0.18574978186427235,0.0845841530007892,0.0,False,False,0.5235987755982988
0.789,0.5213256193707677,0.007936168589987956,0.5211938017404897,-0.01369409768897506,0.05972244666733448,0.18574978186427235,0.0,False,False,0.5235987755982988
0.79,0.5213405479948294,0.014928624061711367,0.5206894544387306,-0.06275941809598537,0.12767908258741026,0.05972244666733448,0.0,False,False,0.5235987755982988
0.791,0.5213546049365431,0.014056941713686925,0.5202634987943903,-0.09907904072042051,0.17892983133485849,0.12767908258741026,0.0,False,False,0.5235987755982988
0.792,0.5213713525736631,0.016747637119966505,0.5218174777672568,0.06622676063827916,-0.04740875180717949,0.17892983133485849,0.0,False,False,0.5235987755982988
0.793,0.5213928731928256,0.021520619162474434,0.5217343160209521,0.051287909943977396,-0.027985219540532076,-0.04740875180717949,0.0,False,False,0.5235987755982988
0.794,0.5214071869563447,0.014313763519173302,0.5198479905141703,-0.1424734317286008,0.23848224958863426,-0.027985219540532076,0.0,False,False,0.5235987755982988
0.795,0.5214163588157117,0.009171859366996677,0.5213092962724164,0.01790448726886934,0.019725243143240267,0.23848224958863426,0.0,False,False,0.5235987755982988
0.796,0.5214348444796315,0.018485663919804732,0.5223037578571628,0.11556019701661882,-0.11536191707949367,0.019725243143240267,0.0,False,False,0.5235987755982988
0.797,0.5214498749587355,0.015030479104006426,0.5223742220466868,0.11105059626736248,-0.11121875159181904,-0.11536191707949367,0.0,False,False,0.5235987755982988
0.798,0.5214552608766138,0.005385917878255512,0.5223504724014443,0.09757057211637189,-0.09461522899626457,-0.11121875159181904,0.0,False,False,0.5235987755982988
0.799,0.5214534864959898,-0.0017743806240117753,0.5214874446751367,0.00151074227398168,0.03619106588813923,-0.09461522899626457,0.0,False,False,0.5235987755982988
0.8,0.5214475193733821,-0.0059671226077012435,0.5207100782082992,-0.07637697863717349,0.1436489273846017,0.03619106588813923,0.0,False,False,0.5235987755982988
0.801,0.5214451245177224,-0.002394855659620746,0.5204994188858524,-0.08980521301813549,0.16355467644579835,0.1436489273846017,0.0,False,False,0.5235987755982988
0.802,0.521450636730309,0.0055122125865726575,0.5217513612406297,0.04436954376141049,-0.019989994075648637,0.16355467644579835,0.0,False,False,0.5235987755982988
0.803,0.5214626916012366,0.012054870927588036,0.521793675870574,0.04416405237970011,-0.0205050677565937,-0.019989994075648637,0.0,False,False,0.5235987755982988
0.804,0.5214704647593579,0.007773158121332104,0.5225938730824012,0.11976736832445257,-0.12563259670318672,-0.0205050677565937,0.0,False,False,0.5235987755982988
0.805,0.5214749603555964,0.004495596238516209,0.5224348736857667,0.09189069182855217,-0.0893185957686843,-0.12563259670318672,0.0,False,False,0.5235987755982988
0.806,0.521471829925309,-0.0031304302872876806,0.5213564386542112,-0.02514188050984993,0.07053232160539667,-0.0893185957686843,0.0,False,False,0.5235987755982988
0.807,0.5214651776212218,-0.006652304087216096,0.5203794031632822,-0.12033124155176282,0.20234619369241374,0.07053232160539667,0.0,False,False,0.5235987755982988
0.808,0.5214640037545909,-0.00117386663094062,0.5211855307154571,-0.027685362179095882,0.07666084250606511,0.20234619369241374,0.0,False,False,0.5235987755982988
0.809,0.5214733036492707,0.009299894679782095,0.5216628736286449,0.02281746535759318,0.007465277024657931,0.07666084250606511,0.0,False,False,0.5235987755982988
0.81,0.5214837945087119,0.01049085944113587,0.5213074436089539,-0.015007283147273332,0.05925271558493704,0.007465277024657931,0.0,False,False,0.5235987755982988
0.811,0.5214917294765256,0.00793496781375823,0.520987421730834,-0.04550874264453182,0.10161486078780468,0.05925271558493704,0.0,False,False,0.5235987755982988
0.812,0.5215003323602821,0.00860288375658228,0.5217210159927582,0.032401557812342205,-0.00508219647507991,0.10161486078780468,0.0,False,False,0.5235987755982988
0.8130000000000001,0.521511548924734,0.011216564451790395,0.5210717628308075,-0.035763914163966695,0.08840292681160422,-0.00508219647507991,0.0,False,False,0.5235987755982988
0.8140000000000001,0.5215194149630153,0.007866038281372235,0.5209713239089596,-0.04223141493235566,0.09797182832693238,0.08840292681160422,0.0,False,False,0.5235987755982988
0.8150000000000001,0.5215294244637819,0.010009500766562953,0.5218012183349451,0.04498116915942657,-0.02162137225094469,0.09797182832693238,0.0,False,False,0.5235987755982988
0.8160000000000001,0.5215415175739534,0.012093110171520444,0.5211907128693614,-0.02056749431488824,0.06802612229874007,-0.02162137225094469,0.0,False,False,0.5235987755982988
0.8170000000000001,0.5215492391188464,0.007721544893075914,0.5217622603841585,0.03864400659631606,-0.013315534061053881,0.06802612229874007,0.0,False,False,0.5235987755982988
0.8180000000000001,0.521558123242451,0.00888412360458309,0.5217965387288741,0.03820744040824327,-0.013408664840247116,-0.013315534061053881,0.0,False,False,0.5235987755982988
0.8190000000000001,0.5215638033036876,0.0056800612366317855,0.5205694639205997,-0.08832078446002523,0.16051255155061503,-0.013408664840247116,0.0,False,False,0.5235987755982988
0.8200000000000001,0.5215671305757803,0.003327272092698055,0.5211471684704079,-0.021718251033201602,0.07019082954187889,0.16051255155061503,0.0,False,False,0.5235987755982988
0.8210000000000001,0.5215774810927558,0.010350516975499444,0.5228321781682954,0.14895454385887258,-0.16494669889058586,0.07019082954187889,0.0,False,False,0.5235987755982988
0.8220000000000001,0.5215884450199411,0.010963927185273606,0.5205743393365818,-0.0917247936983745,0.1645096051489554,-0.16494669889058586,0.0,False,False,0.5235987755982988
0.8230000000000001,0.5215881227532765,-0.0003222666645425528,0.5197409932902004,-0.16588691896667818,0.2685043843057852,0.1645096051489554,0.0,False,False,0.5235987755982988
0.8240000000000001,0.5215961239275689,0.008001174292479245,0.51997135752325,-0.1262618037650541,0.21680768986894422,0.2685043843057852,0.0,False,False,0.5235987755982988
0.8250000000000001,0.5216152383211816,0.0191143936127345,0.5216406415418238,0.0532927784688315,-0.028704921146046947,0.21680768986894422,0.0,False,False,0.5235987755982988
0.8260000000000001,0.5216406624725183,0.025424151336617247,0.5216676428873895,0.05066363517852527,-0.026035973417863317,-0.028704921146046947,0.0,False,False,0.5235987755982988
0.8270000000000001,0.5216594249335789,0.018762461060637062,0.5215567901004161,0.03451199296333019,-0.004658652594107568,-0.026035973417863317,0.0,False,False,0.5235987755982988
0.8280000000000001,0.5216724043939107,0.012979460331855232,0.5227319849068621,0.14858027431159831,-0.1626940967280575,-0.004658652594107568,0.0,False,False,0.5235987755982988
0.8290000000000001,0.5216816731345614,0.009268740650660693,0.5193491850736452,-0.20455773644124908,0.3219619131732631,-0.1626940967280575,0.0,False,False,0.5235987755982988
0.8300000000000001,0.5216801728073616,-0.0015003271997986456,0.5220256902938113,0.08354855921948054,-0.07194273558260128,0.3219619131732631,0.0,False,False,0.5235987755982988
0.8310000000000001,0.5216952258328831,0.015053025521523059,0.5230578377172777,0.17840844564416808,-0.20435325291462073,-0.07194273558260128,0.0,False,False,0.5235987755982988
0.8320000000000001,0.5217028011415035,0.007575308620403449,0.5207186267621025,-0.0733534944377684,0.13986687237685658,-0.20435325291462073,0.0,False,False,0.5235987755982988
0.833,0.5216979586772357,-0.004842464267776893,0.5213665149696732,-0.0012293242369136453,0.04165588039955685,0.13986687237685658,0.0,False,False,0.5235987755982988
0.834,0.5217015539276917,0.003595250455991809,0.5210445317843271,-0.03330471034783757,0.08594204106889632,0.04165588039955685,0.0,False,False,0.5235987755982988
0.835,0.5217061504856922,0.0045965580005719415,0.5209256863278799,-0.04185878495776745,0.09834614881686063,0.08594204106889632,0.0,False,False,0.5235987755982988
0.836,0.5217136705692842,0.007520083591975474,0.5214289532586937,0.012653786619379888,0.02387225816963711,0.09834614881686063,0.0,False,False,0.5235987755982988
0.837,0.5217239224861464,0.010251916862172951,0.5229696383973494,0.16545692182302138,-0.18722383657053698,0.02387225816963711,0.0,False,False,0.5235987755982988
0.838,0.5217324952165386,0.00857273039223293,0.5233359175725151,0.18553914715728215,-0.21791553212463124,-0.18722383657053698,0.0,False,False,0.5235987755982988
0.839,0.521729247376988,-0.003247839550659805,0.5214360850988106,-0.022998014928897026,0.06652604690546496,-0.21791553212463124,0.0,False,False,0.5235987755982988
0.84,0.5217160826285193,-0.01316474846866117,0.523378561287728,0.1735494054557334,-0.2042954289566049,0.06652604690546496,0.0,False,False,0.5235987755982988
0.841,0.5217097599767702,-0.006322651749210306,0.5217408063097523,-0.007581032887409078,0.042540686658728524,-0.2042954289566049,0.0,False,False,0.5235987755982988
0.842,0.5216950838790541,-0.014676097716149014,0.5232254680029848,0.14164323972457876,-0.16325235095384133,0.042540686658728524,0.0,False,False,0.5235987755982988
0.843,0.5216863458457962,-0.008738033257806699,0.5216049274145903,-0.03457514308732387,0.07737943901154187,-0.16325235095384133,0.0,False,False,0.5235987755982988
0.844,0.5216719465848146,-0.014399260981606574,0.5217863161135652,-0.012978758881103239,0.04819878138252924,0.07737943901154187,0.0,False,False,0.5235987755982988
0.845,0.5216651752113122,-0.006771373502448736,0.5219841118552926,0.008098691179747314,0.019345517958415333,0.04819878138252924,0.0,False,False,0.5235987755982988
0.846,0.5216627980561863,-0.002377155125799139,0.5244368712133913,0.2525647578716469,-0.31816343051764157,0.019345517958415333,0.0,False,False,0.5235987755982988
0.847,0.5216621074927392,-0.0006905634470896625,0.5224049943005279,0.024120590798138303,-0.007456645597889333,-0.31816343051764157,0.0,False,False,0.5235987755982988
0.848,0.5216457186067648,-0.016388885974421934,0.5210285138702536,-0.11593951130910289,0.185392124675737,-0.007456645597889333,0.0,False,False,0.5235987755982988
0.849,0.5216330710478778,-0.012647558887000553,0.5224786812119342,0.04067117398986486,-0.02864370983327462,0.185392124675737,0.0,False,False,0.5235987755982988
0.85,0.5216331018101122,3.076223441811528e-05,0.5213173433544639,-0.07952972915615175,0.13650145537641073,-0.02864370983327462,0.0,False,False,0.5235987755982988
0.851,0.5216316910351431,-0.0014107749692310381,0.5212043033749495,-0.08288075419197613,0.14255740505065911,0.13650145537641073,0.0,False,False,0.5235987755982988
0.852,0.5216375335079662,0.005842472823109185,0.5224304377738769,0.04802076111995955,-0.03659483250435656,0.14255740505065911,0.0,False,False,0.5235987755982988
0.853,0.5216487759517192,0.0112424437531105,0.5216759032445454,-0.032234767925186036,0.07329342387778508,-0.03659483250435656,0.0,False,False,0.5235987755982988
0.854,0.521655086382206,0.006310430486793971,0.5218981897284553,-0.0067826427416801775,0.03874971694720034,0.07329342387778508,0.0,False,False,0.5235987755982988
0.855,0.5216632035309726,0.008117148766563824,0.5216754079393812,-0.028382557374921062,0.06867968671042302,0.03874971694720034,0.0,False,False,0.5235987755982988
0.856,0.5216709159992273,0.007712468254652638,0.5219646401875234,0.00337892317679675,0.025359729581801004,0.06867968671042302,0.0,False,False,0.5235987755982988
0.857,0.5216798261153999,0.008910116172518018,0.5220506788213476,0.011644894241534105,0.013891868895281113,0.025359729581801004,0.0,False,False,0.5235987755982988
0.858,0.521687459390898,0.007633275498141112,0.5199971368669998,-0.19487379061740076,0.2986780459042636,0.013891868895281113,0.0,False,False,0.5235987755982988
0.859,0.521693571817805,0.006112426906970639,0.522275266206357,0.05242652238006193,-0.03908865780112168,0.2986780459042636,0.0,False,False,0.5235987755982988
0.86,0.5217128150066057,0.019243188800717747,0.5208558413968776,-0.09475861080588727,0.1630831485926471,-0.03908865780112168,0.0,False,False,0.5235987755982988
0.861,0.5217255553585052,0.012740351899441772,0.5204669119227961,-0.12417569713344084,0.205384382719177,0.1630831485926471,0.0,False,False,0.5235987755982988
0.862,0.5217430217137469,0.017466355241718245,0.521692048287471,0.010755509047383802,0.021414480738040927,0.205384382719177,0.0,False,False,0.5235987755982988
0.863,0.5217664690874171,0.023447373670161607,0.5218397563382654,0.024450763222090256,0.0023214308140931117,0.021414480738040927,0.0,False,False,0.5235987755982988
0.864,0.5217859432154441,0.0194741280270768,0.5211807449177109,-0.04389545515556548,0.0961990984372604,0.0023214308140931117,0.0,False,False,0.5235987755982988
0.865,0.521800953547378,0.015010331933842843,0.5225261656526415,0.09503616385305128,-0.09473641760183055,0.0961990984372604,0.0,False,False,0.5235987755982988
0.866,0.5218169010506328,0.015947503254821836,0.5206456322610491,-0.10252079169149807,0.17618153010029264,-0.09473641760183055,0.0,False,False,0.5235987755982988
0.867,0.5218240725422987,0.007171491665881286,0.5214689471279742,-0.00993722582983761,0.05026158346164816,0.17618153010029264,0.0,False,False,0.5235987755982988
0.868,0.5218379606772772,0.013888134978504666,0.5213275617090605,-0.023082045138226936,0.06858030417216252,0.05026158346164816,0.0,False,False,0.5235987755982988
0.869,0.5218507015058015,0.01274082852426867,0.5218100464429546,0.027474632765007483,-0.0007724345218129008,0.06858030417216252,0.0,False,False,0.5235987755982988
0.87,0.5218634430958553,0.012741590053811286,0.5221067980925209,0.054402334445139644,-0.03842720623016542,-0.0007724345218129008,0.0,False,False,0.5235987755982988
0.871,0.5218727176513863,0.009274555530974764,0.5209931651274579,-0.062401195505680344,0.12178242308195365,-0.03842720623016542,0.0,False,False,0.5235987755982988
0.872,0.5218774350429352,0.004717391548820413,0.5225094909147737,0.09547150277647408,-0.0949586790283172,0.12178242308195365,0.0,False,False,0.5235987755982988
0.873,0.5218868331423718,0.009398099436671794,0.5219418130805715,0.029156569078607086,-0.0051625575752372935,-0.0949586790283172,0.0,False,False,0.5235987755982988
0.874,0.5218888169802754,0.001983837903618684,0.5202377824107223,-0.14416215481417907,0.23349246315339267,-0.0051625575752372935,0.0,False,False,0.5235987755982988
0.875,0.5218899415478306,0.0011245675551634724,0.5201807480810153,-0.13544937230345513,0.22406374207524887,0.23349246315339267,0.0,False,False,0.5235987755982988
0.876,0.5219023992251043,0.012457677273699438,0.5218916486139475,0.04918561822011171,-0.028294456145811178,0.22406374207524887,0.0,False,False,0.5235987755982988
0.877,0.5219226914622751,0.02029223717086917,0.5217298611005414,0.028088305057488567,-6.550510935325604e-05,-0.028294456145811178,0.0,False,False,0.5235987755982988
0.878,0.5219368818309137,0.014190368638588127,0.5218466307561805,0.03695644011565122,-0.01280912098065251,-6.550510935325604e-05,0.0,False,False,0.5235987755982988
0.879,0.5219473499142305,0.01046808331685838,0.5219229306142681,0.04089078191284083,-0.018903728582855897,-0.01280912098065251,0.0,False,False,0.5235987755982988
0.88,0.5219542537306799,0.006903816449376404,0.522151091823666,0.05961782466135154,-0.04548308165023181,-0.018903728582855897,0.0,False,False,0.5235987755982988
0.881,0.5219581921235921,0.003938392912152788,0.5227851724159467,0.11706410142328141,-0.12583206442559935,-0.04548308165023181,0.0,False,False,0.5235987755982988
0.882,0.521958674129796,0.0004820062039263763,0.5209890521869932,-0.07425433161439464,0.13608021934077452,-0.12583206442559935,0.0,False,False,0.5235987755982988
0.883,0.5219527180308823,-0.005956098913727016,0.5209299798790842,-0.07273612924385767,0.1353216780384926,0.13608021934077452,0.0,False,False,0.5235987755982988
0.884,0.5219553255826613,0.0026075517790810562,0.5210012205271243,-0.058338451515462506,0.11676213309969673,0.1353216780384926,0.0,False,False,0.5235987755982988
0.885,0.521963910925069,0.008585342407608477,0.5222160382803681,0.06897716896046725,-0.05788333102980801,0.11676213309969673,0.0,False,False,0.5235987755982988
0.886,0.5219758717808705,0.011960855801468634,0.5230622933194431,0.14670495597191885,-0.16638926614689964,-0.05788333102980801,0.0,False,False,0.5235987755982988
0.887,0.5219816766943196,0.005804913449099547,0.5216052620247705,-0.013668669092529173,0.0522856472345441,-0.16638926614689964,0.0,False,False,0.5235987755982988
0.888,0.5219774447593242,-0.004231934995490101,0.5197942998004634,-0.19339802461398622,0.30055819389782035,0.0522856472345441,0.0,False,False,0.5235987755982988
0.889,0.5219770950005083,-0.0003497588159510562,0.5204900807063565,-0.10448013156328141,0.18133266593089947,0.30055819389782035,0.0,False,False,0.5235987755982988
0.89,0.5219918794673719,0.014784466863690969,0.5212649177872313,-0.016548410319475335,0.06186753298258614,0.18133266593089947,0.0,False,False,0.5235987755982988
0.891,0.5220118993754982,0.020019908126257924,0.5215251891044843,0.011133562437775768,0.023964281963330177,0.06186753298258614,0.0,False,False,0.5235987755982988
0.892,0.5220303605093356,0.018461133837377998,0.5216739742006709,0.024898715812652523,0.0047679661821202896,0.023964281963330177,0.0,False,False,0.5235987755982988
0.893,0.5220455819712528,0.015221461917275695,0.5220792503525096,0.06293645941525909,-0.048172296874104514,0.0047679661821202896,0.0,False,False,0.5235987755982988
0.894,0.5220571306940214,0.011548722768550831,0.5217850806988282,0.027225848105598985,-2.4509536248232267e-05,-0.048172296874104514,0.0,False,False,0.5235987755982988
0.895,0.5220630998102636,0.0059691162422100584,0.5229788213690424,0.1438773303164551,-0.16149362025313047,-2.4509536248232267e-05,0.0,False,False,0.5235987755982988
0.896,0.5220673044315589,0.004204621295315047,0.5214773680423289,-0.02065573538653792,0.06297221847130371,-0.16149362025313047,0.0,False,False,0.5235987755982988
0.897,0.5220621744274191,-0.005130004139874128,0.5213096600478228,-0.03536096129850023,0.08363723346676938,0.06297221847130371,0.0,False,False,0.5235987755982988
0.898,0.522061719669152,-0.0004547582669988462,0.5224796174118742,0.08517087123649525,-0.08206019812815137,0.08363723346676938,0.0,False,False,0.5235987755982988
0.899,0.5220655849955649,0.003865326412788463,0.5207254844829473,-0.09875950877984417,0.1702306506121401,-0.08206019812815137,0.0,False,False,0.5235987755982988
0.9,0.5220641864780613,-0.0013985175035552506,0.5224042566443385,0.07899365823726309,-0.07329104871343071,0.1702306506121401,0.0,False,False,0.5235987755982988
0.901,0.5220717239599212,0.007537481859909796,0.5221612184956425,0.04679047754392838,-0.030272545204899547,-0.07329104871343071,0.0,False,False,0.5235987755982988
0.902,0.5220734068010854,0.0016828411641663203,0.5219447389557649,0.02046347580177767,0.005216488603477721,-0.030272545204899547,0.0,False,False,0.5235987755982988
0.903,0.5220730656193433,-0.00034118174207292424,0.523459097994369,0.1698530320820084,-0.20130944162767267,0.005216488603477721,0.0,False,False,0.5235987755982988
0.904,0.5220730889713533,2.335201003319647e-05,0.5215301105438125,-0.040031016181839796,0.08527319039896168,-0.20130944162767267,0.0,False,False,0.5235987755982988
0.905,0.5220630397522741,-0.010049219079216973,0.5238609890846971,0.19705993952480924,-0.24119177018494087,0.08527319039896168,0.0,False,False,0.5235987755982988
0.906,0.52206007869179,-0.002961060484069543,0.5218633526404615,-0.022409698851238946,0.05812925186255906,-0.24119177018494087,0.0,False,False,0.5235987755982988
0.907,0.5220459517710366,-0.014126920753366643,0.5209315446926944,-0.11334952374281887,0.18402958479226164,0.05812925186255906,0.0,False,False,0.5235987755982988
0.908,0.522038438103048,-0.0075136679886256014,0.5220994544480467,0.014776404166693305,0.009256095704505592,0.18402958479226164,0.0,False,False,0.5235987755982988
0.909,0.5220423096863089,0.0038715832610266426,0.5211031085710915,-0.08633582394549447,0.14852499522432422,0.009256095704505592,0.0,False,False,0.5235987755982988
0.91,0.5220454814067733,0.003171720464396213,0.521389450671,-0.04906803156010404,0.09864948656350435,0.14852499522432422,0.0,False,False,0.5235987755982988
0.911,0.5220551230712689,0.00964166449555562,0.5224015999875353,0.057053703249443456,-0.04691528290558933,0.09864948656350435,0.0,False,False,0.5235987755982988
0.912,0.5220669711807734,0.011848109504537508,0.522551808016376,0.06636913580856837,-0.06079754649567169,-0.04691528290558933,0.0,False,False,0.5235987755982988
0.913,0.5220732363930235,0.006265212250069372,0.5215302926495736,-0.0424193144525279,0.08813587042008694,-0.06079754649567169,0.0,False,False,0.5235987755982988
0.914,0.5220746162641878,0.001379871164384862,0.5229362898057974,0.10242233261510525,-0.11098205487310131,0.08813587042008694,0.0,False,False,0.5235987755982988
0.915,0.522079984103625,0.005367839437181345,0.5230901001783673,0.10756113661058431,-0.1199172063739343,-0.11098205487310131,0.0,False,False,0.5235987755982988
0.916,0.5220782086013874,-0.0017755022375322846,0.5233316183365978,0.1209568387725739,-0.14033937581647046,-0.1199172063739343,0.0,False,False,0.5235987755982988
0.917,0.5220709755966315,-0.00723300475590454,0.5225329759495587,0.02899691619140818,-0.015611905752368094,-0.14033937581647046,0.0,False,False,0.5235987755982988
0.918,0.5220588345557818,-0.012141040849731539,0.5232486505628879,0.09766468590518937,-0.11089537244883148,-0.015611905752368094,0.0,False,False,0.5235987755982988
0.919,0.5220492137755748,-0.009620780207044358,0.5204079075188508,-0.1961760870890437,0.29284692993691674,-0.11089537244883148,0.0,False,False,0.5235987755982988
0.92,0.5220367691618645,-0.012444613710358952,0.5217593433625036,-0.041414894014856735,0.08280765306214152,0.29284692993691674,0.0,False,False,0.5235987755982988
0.921,0.5220423327486137,0.005563586749176501,0.5212857279308666,-0.08463494777707528,0.14319679534627053,0.08280765306214152,0.0,False,False,0.5235987755982988
0.922,0.5220503871485888,0.008054399975095442,0.5221544313400986,0.010698887923838565,0.013159531138996778,0.14319679534627053,0.0,False,False,0.5235987755982988
0.923,0.5220632755273898,0.012888378801112859,0.5215645920082431,-0.049354934054097674,0.0958412254859197,0.013159531138996778,0.0,False,False,0.5235987755982988
0.924,0.5220733629241522,0.01008739676233469,0.5219283628531506,-0.008042356157941632,0.039718256802198114,0.0958412254859197,0.0,False,False,0.5235987755982988
0.925,0.5220854087514487,0.012045827296489231,0.5237279161893432,0.17271721307711635,-0.20958518633133896,0.039718256802198114,0.0,False,False,0.5235987755982988
0.926,0.5220961602400095,0.01075148856079103,0.5219480517773419,-0.022540949430723878,0.05676216809409247,-0.20958518633133896,0.0,False,False,0.5235987755982988
0.927,0.5220934425650741,-0.002717674935382554,0.5224545444827954,0.030362416057692788,-0.015838739190169503,0.05676216809409247,0.0,False,False,0.5235987755982988
0.928,0.522094384190489,0.0009416254149295059,0.52189169096256,-0.028959177571609384,0.06547853652922903,-0.015838739190169503,0.0,False,False,0.5235987755982988
0.929,0.5220942478333584,-0.00013635713059330606,0.5221603201414763,0.0007996580771750875,0.024932608530195424,0.06547853652922903,0.0,False,False,0.5235987755982988
0.93,0.5220974268549882,0.0031790216297491597,0.5221026773991706,-0.005044581961110998,0.032983265937641074,0.024932608530195424,0.0,False,False,0.5235987755982988
0.931,0.5221008940360585,0.0034671810703187636,0.5224921305894166,0.034405195259597066,-0.02136662415163606,0.032983265937641074,0.0,False,False,0.5235987755982988
0.932,0.5221049666536675,0.004072617608886313,0.5231218893183475,0.09394054862672693,-0.10414470531294802,-0.02136662415163606,0.0,False,False,0.5235987755982988
0.933,0.5221067494761692,0.0017828225017384384,0.5235443719429577,0.1267947562250741,-0.1511744416739482,-0.10414470531294802,0.0,False,False,0.5235987755982988
0.934,0.5221027844975321,-0.003964978637027945,0.5223729789905126,-0.0030240146419393266,0.025693156510478998,-0.1511744416739482,0.0,False,False,0.5235987755982988
0.935,0.5220924508080561,-0.010333689475988115,0.5226069275208661,0.020673239857606874,-0.0069546224353398516,0.025693156510478998,0.0,False,False,0.5235987755982988
0.936,0.5220862939333446,-0.0061568747115289865,0.5210819751868627,-0.13388931752849423,0.20596958844004273,-0.0069546224353398516,0.0,False,False,0.5235987755982988
0.937,0.5220816048001733,-0.004689133171272023,0.5220049178756193,-0.02820611689998588,0.06253677928821412,0.20596958844004273,0.0,False,False,0.5235987755982988
0.9380000000000001,0.5220886144212075,0.007009621034223053,0.5229091717754092,0.06503988476900022,-0.06563499291078695,0.06253677928821412,0.0,False,False,0.5235987755982988
0.9390000000000001,0.5220967020301417,0.008087608934239272,0.5228524022281112,0.05285894156230607,-0.049996009211391024,-0.06563499291078695,0.0,False,False,0.5235987755982988
0.9400000000000001,0.5220991733942503,0.0024713641085751196,0.5222838377225772,-0.009283403147324239,0.03480896553977729,-0.049996009211391024,0.0,False,False,0.5235987755982988
0.9410000000000001,0.5220983974138542,-0.0007759803960129758,0.5228719220670668,0.05045337161636185,-0.04746068237745767,0.03480896553977729,0.0,False,False,0.5235987755982988
0.9420000000000001,0.5220995976630326,0.0012002491783691715,0.5225278724095885,0.011003068706900529,0.006072574948504434,-0.04746068237745767,0.0,False,False,0.5235987755982988
0.9430000000000001,0.5220980604339892,-0.0015372290433791009,0.5231455252459352,0.07166804547087317,-0.07784314822250203,0.006072574948504434,0.0,False,False,0.5235987755982988
0.9440000000000001,0.5220972932453172,-0.0007671886720326055,0.522349806745802,-0.015070609089529924,0.04056617025237853,-0.07784314822250203,0.0,False,False,0.5235987755982988
0.9450000000000001,0.522092867011769,-0.004426233548137576,0.5217824616742435,-0.0702980553364303,0.11705131703671258,0.04056617025237853,0.0,False,False,0.5235987755982988
0.9460000000000001,0.5220917933990179,-0.0010736127511312616,0.5223848701838938,-0.003027398837755213,0.025483176064596713,0.11705131703671258,0.0,False,False,0.5235987755982988
0.9470000000000001,0.5220968984213777,0.005105022359815277,0.5195394723764248,-0.2872644397008749,0.41778478563478144,0.025483176064596713,0.0,False,False,0.5235987755982988
0.9480000000000001,0.5221017580920162,0.0048596706385095,0.5224358889299583,0.031103659622557955,-0.01639243151694012,0.41778478563478144,0.0,False,False,0.5235987755982988
0.9490000000000001,0.5221260576922556,0.02429960023940192,0.5189422168786563,-0.3213739114698999,0.4694667507174457,-0.01639243151694012,0.0,False,False,0.5235987755982988
0.9500000000000001,0.5221444114698,0.01835377754432585,0.5206404059199568,-0.11941761619286198,0.19655179364159156,0.4694667507174457,0.0,False,False,0.5235987755982988
0.9510000000000001,0.5221818163562708,0.03740488647091316,0.5225760588334483,0.08608943677557562,-0.08489842236338083,0.19655179364159156,0.0,False,False,0.5235987755982988
0.9520000000000001,0.5222231775152669,0.041361158996149505,0.5226399004757756,0.0838646573307492,-0.08337783659148072,-0.08489842236338083,0.0,False,False,0.5235987755982988
0.9530000000000001,0.5222543171083899,0.031139593122973812,0.5212399066317207,-0.06452119280781267,0.11988507276778117,-0.08337783659148072,0.0,False,False,0.5235987755982988
0.9540000000000001,0.5222756736725757,0.0213565641857558,0.5216542474105276,-0.016634995646344873,0.05496350215549624,0.11988507276778117,0.0,False,False,0.5235987755982988
0.9550000000000001,0.522298207214587,0.022533542011358324,0.5234942298538298,0.16902674824850863,-0.2009502744977674,0.05496350215549624,0.0,False,False,0.5235987755982988
0.9560000000000001,0.5223185395239082,0.020332309321155605,0.5218961435501679,-0.007684556942529397,0.039868845197391936,-0.2009502744977674,0.0,False,False,0.5235987755982988
0.9570000000000001,0.5223241320838642,0.005592559956024031,0.5242814492994288,0.23161447367781146,-0.2902254950337129,0.039868845197391936,0.0,False,False,0.5235987755982988
0.9580000000000001,0.5223300603513457,0.00592826748147506,0.5223283849633915,0.013146592706304583,0.007091120180765964,-0.2902254950337129,0.0,False,False,0.5235987755982988
0.9590000000000001,0.5223197254693678,-0.010334881977854054,0.5226758042070592,0.046573857802439826,-0.03927514432061415,0.007091120180765964,0.0,False,False,0.5235987755982988
0.96,0.5223126375820866,-0.0070878872812087474,0.5237236266743367,0.14669871874994841,-0.17828578186861993,-0.03927514432061415,0.0,False,False,0.5235987755982988
0.961,0.5223056558906318,-0.006981691454749744,0.5224199986199802,0.0016660414393071254,0.019218735882565986,-0.17828578186861993,0.0,False,False,0.5235987755982988
0.962,0.5222918012175283,-0.013854673103593413,0.5214170910824982,-0.09879131645282363,0.15781990102779891,0.019218735882565986,0.0,False,False,0.5235987755982988
0.963,0.5222825613115798,-0.00923990594850968,0.5221868060459853,-0.011940688458831256,0.03974427809224025,0.15781990102779891,0.0,False,False,0.5235987755982988
0.964,0.5222838396145304,0.001278302950608148,0.5222527633847516,-0.0041508857363238665,0.029209282727439015,0.03974427809224025,0.0,False,False,0.5235987755982988
0.965,0.5222867170486422,0.002877434111758994,0.521095755285141,-0.1194366071237527,0.18837829418534463,0.029209282727439015,0.0,False,False,0.5235987755982988
0.966,0.5222901861140368,0.0034690653945906214,0.522066930515182,-0.010375423407268658,0.0400237195848242,0.18837829418534463,0.0,False,False,0.5235987755982988
0.967,0.522302029811211,0.011843697174243488,0.5216543450250847,-0.05059643007627903,0.09571546640938935,0.0400237195848242,0.0,False,False,0.5235987755982988
0.968,0.5223126385286067,0.010608717395623034,0.5231192928450702,0.10095799492990065,-0.11251890435776558,0.09571546640938935,0.0,False,False,0.5235987755982988
0.969,0.5223250762992457,0.012437770639092297,0.5223552808574867,0.014460996678563764,0.005029709320341105,-0.11251890435776558,0.0,False,False,0.5235987755982988
0.97,0.5223285237241938,0.0034474249480286254,0.5220817378775303,-0.014339400984933534,0.04451396015575323,0.005029709320341105,0.0,False,False,0.5235987755982988
0.971,0.5223311847400719,0.002661015878050383,0.5222385235252975,0.002773103890281953,0.02115681264568466,0.04451396015575323,0.0,False,False,0.5235987755982988
0.972,0.5223352671826789,0.0040824426069761945,0.522529977875423,0.031641228513799045,-0.018731115204794,0.02115681264568466,0.0,False,False,0.5235987755982988
0.973,0.5223391831344172,0.0039159517383281365,0.5228774550672992,0.06322482485004134,-0.06288602026205675,-0.018731115204794,0.0,False,False,0.5235987755982988
0.974,0.5223409868668378,0.001803732420679151,0.5214685733687012,-0.08398582749476133,0.13912663312647017,-0.06288602026205675,0.0,False,False,0.5235987755982988
0.975,0.5223390994259207,-0.0018874409171461635,0.521430142744056,-0.07943030720981101,0.13435176002814445,0.13912663312647017,0.0,False,False,0.5235987755982988
0.976,0.5223447404236949,0.00564099777427171,0.5233087548980511,0.11637393891067965,-0.13442835408835607,0.13435176002814445,0.0,False,False,0.5235987755982988
0.977,0.522355427638064,0.010687214369018854,0.5219955958356965,-0.026579361215840147,0.06075246918584902,-0.13442835408835607,0.0,False,False,0.5235987755982988
0.978,0.5223564184415617,0.0009908034977331812,0.5211199904667285,-0.11148196199105856,0.17839648675753556,0.06075246918584902,0.0,False,False,0.5235987755982988
0.979,0.5223601459071827,0.003727465621098357,0.5227474455592294,0.06241174345813129,-0.05957015144650739,0.17839648675753556,0.0,False,False,0.5235987755982988
0.98,0.5223716728175483,0.01152691036549849,0.5227760392560281,0.05902993879219326,-0.056026672389759266,-0.05957015144650739,0.0,False,False,0.5235987755982988
0.981,0.5223770550874706,0.005382269922339567,0.5210412540299885,-0.12035157769099084,0.1904572814587753,-0.056026672389759266,0.0,False,False,0.5235987755982988
0.982,0.5223780376961981,0.0009826087275204027,0.5225782982715963,0.045388004238891444,-0.03609701320602441,0.1904572814587753,0.0,False,False,0.5235987755982988
0.983,0.5223882446928987,0.010206996700585357,0.5230301620371425,0.08603558036962017,-0.09300765234273009,-0.03609701320602441,0.0,False,False,0.5235987755982988
0.984,0.5223937847045805,0.005540011681831103,0.5227204985174372,0.04646567036212872,-0.03994981697904506,-0.09300765234273009,0.0,False,False,0.5235987755982988
0.985,0.5223930314128774,-0.0007532917031043357,0.5229445392980412,0.06422318138631652,-0.06529156425894254,-0.03994981697904506,0.0,False,False,0.5235987755982988
0.986,0.5223905095242002,-0.0025218886772491508,0.5211650535569154,-0.12014771086488923,0.1879842497827677,-0.06529156425894254,0.0,False,False,0.5235987755982988
0.987,0.5223854857270523,-0.005023797147791654,0.5226743727601021,0.04279898054026397,-0.03471952556077571,0.1879842497827677,0.0,False,False,0.5235987755982988
0.988,0.5223913574585001,0.0058717314477703345,0.5221272718992824,-0.016191003595728448,0.04591627089716907,-0.03471952556077571,0.0,False,False,0.5235987755982988
0.989,0.5223937571314884,0.00239967298831192,0.5219724432381898,-0.030054769345417683,0.06533970569646333,0.04591627089716907,0.0,False,False,0.5235987755982988
0.99,0.5223977265522428,0.003969420754467557,0.5231574296375469,0.0914493475248287,-0.10179498973625915,0.06533970569646333,0.0,False,False,0.5235987755982988
0.991,0.5224037716477231,0.006045095480260644,0.5236946821853278,0.1360296675504378,-0.16496191962704662,-0.10179498973625915,0.0,False,False,0.5235987755982988
0.992,0.5224029425652454,-0.0008290824777075325,0.5239688258378438,0.14984106604699304,-0.18647018356820075,-0.16496191962704662,0.0,False,False,0.5235987755982988
0.993,0.5223941172854842,-0.008825279761184954,0.52354150360493,0.0921247361509186,-0.10951878750046388,-0.18647018356820075,0.0,False,False,0.5235987755982988
0.994,0.5223784919473335,-0.015625338150661278,0.5222827308087621,-0.042965017080966075,0.07524682670882044,-0.10951878750046388,0.0,False,False,0.5235987755982988
0.995,0.5223613737708206,-0.017118176512961495,0.5226691801799697,-2.357825211191794e-05,0.01676101143245908,0.07524682670882044,0.0,False,False,0.5235987755982988
0.996,0.5223522512710694,-0.009122499751205649,0.5230214304656811,0.035203808144239006,-0.03185235738596718,0.01676101143245908,0.0,False,False,0.5235987755982988
0.997,0.522346564836167,-0.0056864349023924635,0.5224523125459716,-0.02522836464113319,0.05091037251125015,-0.03185235738596718,0.0,False,False,0.5235987755982988
0.998,0.5223409699304395,-0.005594905727450186,0.5224550832115772,-0.022428461616458728,0.047500616900739784,0.05091037251125015,0.0,False,False,0.5235987755982988
0.999,0.522339578938886,-0.0013909915535424162,0.5230584391576287,0.04014997915034138,-0.038453919048348106,0.047500616900739784,0.0,False,False,0.5235987755982988
1.0,0.5223409851680665,0.00140622918047148,0.5222892512999442,-0.040783804533146645,0.07251200281015922,-0.038453919048348106,0.0,False,False,0.5235987755982988
1.0010000000000001,0.5223400419014493,-0.000943266617105224,0.5217036189898742,-0.09526865508683474,0.14843520505584545,0.07251200281015922,0.0,False,False,0.5235987755982988
1.002,0.5223430107783925,0.00296887694320227,0.521981314795409,-0.05797220902466851,0.09868094528161905,0.14843520505584545,0.0,False,False,0.5235987755982988
1.0030000000000001,0.5223525053619353,0.009494583542800368,0.522905696524636,0.040263184800502505,-0.035840398434672904,0.09868094528161905,0.0,False,False,0.5235987755982988
1.004,0.5223642439395803,0.011738577644931723,0.5223668560789257,-0.01764717825057642,0.043351165249406964,-0.035840398434672904,0.0,False,False,0.5235987755982988
1.0050000000000001,0.5223709774435916,0.006733504011334371,0.5226678666558159,0.014218597263494937,-0.0003059557515011288,0.043351165249406964,0.0,False,False,0.5235987755982988
1.006,0.5223779045362856,0.0069270926939997085,0.5229626589875704,0.04227597071260108,-0.039281065862010515,-0.0003059557515011288,0.0,False,False,0.5235987755982988
1.0070000000000001,0.5223827897906695,0.00488525438395889,0.5220556789056418,-0.05264963455152779,0.0909553019296605,-0.039281065862010515,0.0,False,False,0.5235987755982988
1.008,0.5223842543427207,0.0014645520512038689,0.5230442053635957,0.05146797469902473,-0.05177930541417447,0.0909553019296605,0.0,False,False,0.5235987755982988
1.0090000000000001,0.5223898222196981,0.005567876977373529,0.522720424758557,0.013943116725243003,-0.0009214249549381361,-0.05177930541417447,0.0,False,False,0.5235987755982988
1.01,0.5223911503524942,0.0013281327960464953,0.5213135726518282,-0.12813640562015635,0.1948973397806586,-0.0009214249549381361,0.0,False,False,0.5235987755982988
1.0110000000000001,0.5223920292463268,0.0008788938325832495,0.5236506776175013,0.1183877315091668,-0.14299951415664452,0.1948973397806586,0.0,False,False,0.5235987755982988
1.012,0.5224023859930186,0.01035674669185262,0.5219654037684879,-0.061978426543090076,0.10377480478830495,-0.14299951415664452,0.0,False,False,0.5235987755982988
1.0130000000000001,0.5224026951621903,0.00030916917173098857,0.5209583520035399,-0.15648576038357853,0.23531053716595465,0.10377480478830495,0.0,False,False,0.5235987755982988
1.014,0.5224080990915605,0.005403929370262293,0.5214961264135837,-0.08705974334084395,0.14231937733388533,0.23531053716595465,0.0,False,False,0.5235987755982988
1.0150000000000001,0.5224236640862295,0.015564994669066188,0.52153263409296,-0.07470300106912436,0.1268341483790475,0.14231937733388533,0.0,False,False,0.5235987755982988
1.016,0.5224423725840831,0.018708497853547463,0.5224879023936964,0.02829412911142143,-0.013957237250861461,0.1268341483790475,0.0,False,False,0.5235987755982988
1.0170000000000001,0.5224629492764751,0.020576692391942843,0.5222239696274734,-0.0009285604220147757,0.025860779981274912,-0.013957237250861461,0.0,False,False,0.5235987755982988
1.018,0.5224781051570919,0.015155880616870555,0.522184163814027,-0.004816285724455817,0.031242554986239818,0.025860779981274912,0.0,False,False,0.5235987755982988
1.0190000000000001,0.5224906547986106,0.012549641518671807,0.5230314467825481,0.0803936397000999,-0.08626044895660687,0.031242554986239818,0.0,False,False,0.5235987755982988
1.02,0.5225013784733534,0.01072367474282535,0.5227979756783143,0.04900716530671258,-0.04439419980833416,-0.08626044895660687,0.0,False,False,0.5235987755982988
1.0210000000000001,0.5225048056683511,0.003427194997665103,0.5227806094651841,0.04236982746302144,-0.03611680255956121,-0.04439419980833416,0.0,False,False,0.5235987755982988
1.022,0.5225049812329345,0.00017556458339232752,0.5228626240303723,0.04633430123553861,-0.042350433259969296,-0.03611680255956121,0.0,False,False,0.5235987755982988
1.0230000000000001,0.5225032975871094,-0.0016836458251252922,0.5230409765167255,0.05953611974730756,-0.06140296022845014,-0.042350433259969296,0.0,False,False,0.5235987755982988
1.024,0.5225000070581824,-0.003290528927045524,0.5206604707435608,-0.1844680695438963,0.2742511708379597,-0.06140296022845014,0.0,False,False,0.5235987755982988
1.025,0.5224946378903184,-0.005369167864136293,0.522176605519207,-0.014407785024890624,0.04288840345352195,0.2742511708379597,0.0,False,False,0.5235987755982988
1.026,0.5225045758963792,0.009938006060868447,0.5206019836958563,-0.1704291888574679,0.25845728087292663,0.04288840345352195,0.0,False,False,0.5235987755982988
1.027,0.5225138605150772,0.009284618698016918,0.5225453287376097,0.04094823420362076,-0.03017583755194131,0.25845728087292663,0.0,False,False,0.5235987755982988
1.028,0.5225334297018074,0.019569186730186934,0.5225293866708339,0.03525920410567887,-0.023062044232446677,-0.03017583755194131,0.0,False,False,0.5235987755982988
1.029,0.5225468974307719,0.013467728964484428,0.5234592964623191,0.1247242628436327,-0.14715849096472516,-0.023062044232446677,0.0,False,False,0.5235987755982988
1.03,0.5225556349681834,0.008737537411461015,0.5235920414913287,0.1255263394602201,-0.15051039342680117,-0.14715849096472516,0.0,False,False,0.5235987755982988
1.031,0.5225545133168247,-0.001121651358697304,0.5227314679284694,0.026916349228269076,-0.016688081016992727,-0.15051039342680117,0.0,False,False,0.5235987755982988
1.032,0.522546206775463,-0.008306541361604698,0.522109559362993,-0.03796614224219705,0.07236526292614168,-0.016688081016992727,0.0,False,False,0.5235987755982988
1.033,0.5225394569749245,-0.006749800538521965,0.5229628399157527,0.05115852725799096,-0.04994339042375822,0.07236526292614168,0.0,False,False,0.5235987755982988
1.034,0.5225383038452718,-0.0011531296527199286,0.5220776087977389,-0.0424804372691833,0.0783575271330984,-0.04994339042375822,0.0,False,False,0.5235987755982988
1.035,0.5225350037146899,-0.003300130581876944,0.5225337883970389,0.007385566387734979,0.010307089957396492,0.0783575271330984,0.0,False,False,0.5235987755982988
1.036,0.5225366158116361,0.0016120969462654323,0.5233971820918589,0.09298637923096396,-0.10795497196123874,0.010307089957396492,0.0,False,False,0.5235987755982988
1.037,0.5225382542302959,0.0016384186597448748,0.5220515069072561,-0.05087977715241476,0.08890656902166655,-0.10795497196123874,0.0,False,False,0.5235987755982988
1.038,0.5225339979176905,-0.00425631260533537,0.5232370851660789,0.07276602644510838,-0.0808088039541719,0.08890656902166655,0.0,False,False,0.5235987755982988
1.039,0.5225354619184591,0.0014640007685859501,0.523126606130519,0.054441520244603483,-0.0568307738734871,-0.0808088039541719,0.0,False,False,0.5235987755982988
1.04,0.5225324412055663,-0.003020712892867863,0.5216992281615647,-0.09374042867528815,0.14668036827156047,-0.0568307738734871,0.0,False,False,0.5235987755982988
1.041,0.5225274904222207,-0.00495078334556325,0.5233773733773823,0.08344813577400677,-0.09615252295231132,0.14668036827156047,0.0,False,False,0.5235987755982988
1.042,0.5225313490847386,0.0038586625179136812,0.5231409632232564,0.051462306784016205,-0.05351414539005646,-0.09615252295231132,0.0,False,False,0.5235987755982988
1.043,0.5225292412401936,-0.002107844544979619,0.5226181883565771,-0.005961410562314154,0.024804263025767142,-0.05351414539005646,0.0,False,False,0.5235987755982988
1.044,0.5225250961421838,-0.004145098009856534,0.5218598434267953,-0.08119976248427117,0.1287404940681895,0.024804263025767142,0.0,False,False,0.5235987755982988
1.045,0.5225234338627165,-0.0016622794672716571,0.5217736351638618,-0.08170061252919254,0.13089326285489786,0.1287404940681895,0.0,False,False,0.5235987755982988
1.046,0.5225287127957833,0.005278933066822443,0.5220595136841976,-0.04494269924269414,0.08163795354505551,0.13089326285489786,0.0,False,False,0.5235987755982988
1.047,0.5225389673767569,0.010254580973568735,0.5230124703711336,0.054847239375182086,-0.05526319316124517,0.08163795354505551,0.0,False,False,0.5235987755982988
1.048,0.5225504304242087,0.011463047451817988,0.5217164901449048,-0.08023550718521488,0.13016374678334935,-0.05526319316124517,0.0,False,False,0.5235987755982988
1.049,0.5225559784360151,0.005548011806418497,0.5229377798988262,0.04991701892543943,-0.04800250012001972,0.13016374678334935,0.0,False,False,0.5235987755982988
1.05,0.5225663894577226,0.010411021707493638,0.521482753333534,-0.10057733949632172,0.15878120816135277,-0.04800250012001972,0.0,False,False,0.5235987755982988
1.051,0.5225714899589611,0.005100501238474144,0.522393406524044,0.0005457135043084455,0.02104178713141692,0.15878120816135277,0.0,False,False,0.5235987755982988
1.052,0.5225830112999075,0.011521340946449781,0.5226786970166443,0.029020191413906344,-0.018262815226905732,0.02104178713141692,0.0,False,False,0.5235987755982988
1.053,0.522592419838821,0.009408538913514517,0.5247261984223732,0.2308683128454114,-0.297335586247833,-0.018262815226905732,0.0,False,False,0.5235987755982988
1.054,0.5225982463375309,0.005826498709914776,0.5213963116861262,-0.12520719206383088,0.18989298089570392,-0.297335586247833,0.0,False,False,0.5235987755982988
1.055,0.5225874826279726,-0.0107637095583374,0.523872057669101,0.13488812544003634,-0.1667848278024839,0.18989298089570392,0.0,False,False,0.5235987755982988
1.056,0.5225892063015728,0.0017236736001660508,0.5227199684757335,0.006190393559281582,0.00839005593503701,-0.1667848278024839,0.0,False,False,0.5235987755982988
1.057,0.5225820680134964,-0.007138288076379727,0.5229408832015523,0.027662826785228915,-0.021353329000837376,0.00839005593503701,0.0,False,False,0.5235987755982988
1.058,0.5225774327409732,-0.004635272523094731,0.5226807107785477,-0.0011206981937518477,0.017870004588021956,-0.021353329000837376,0.0,False,False,0.5235987755982988
1.059,0.5225731145503398,-0.004318190633381871,0.5229612119128111,0.027041485051960006,-0.020973635723572873,0.017870004588021956,0.0,False,False,0.5235987755982988
1.06,0.5225709828282208,-0.0021317221190485388,0.5224368672741013,-0.028097127324212146,0.05463090262460942,-0.020973635723572873,0.0,False,False,0.5235987755982988
1.061,0.5225684480570306,-0.0025347711901359976,0.5238373462148133,0.1147604794794026,-0.1420068464725431,0.05463090262460942,0.0,False,False,0.5235987755982988
1.062,0.5225694113558869,0.0009632988562749863,0.5221710651355335,-0.06334367639651729,0.1017112000055971,-0.1420068464725431,0.0,False,False,0.5235987755982988
1.063,0.522562981692832,-0.0064296630548210994,0.5235510427523039,0.08098845292017888,-0.09632695227630632,0.1017112000055971,0.0,False,False,0.5235987755982988
1.064,0.5225635283927079,0.0005466998759533302,0.5220012120007423,-0.08209346752799548,0.12726830578961107,-0.09632695227630632,0.0,False,False,0.5235987755982988
1.065,0.5225590925890451,-0.004435803662839407,0.5225065129340397,-0.023354027445458933,0.04768556089121456,0.12726830578961107,0.0,False,False,0.5235987755982988
1.066,0.5225623472858332,0.003254696788087941,0.5216268834860559,-0.10898156949929398,0.1662719414195252,0.04768556089121456,0.0,False,False,0.5235987755982988
1.067,0.5225670053617983,0.00465807596519615,0.5229640884665353,0.035637085498575444,-0.03134013422654732,0.1662719414195252,0.0,False,False,0.5235987755982988
1.068,0.5225785857106274,0.01158034882913227,0.5238396960133476,0.11963413162994416,-0.1478975254268105,-0.03134013422654732,0.0,False,False,0.5235987755982988
1.069,0.5225854210258363,0.006835315208819032,0.5225179150241044,-0.02450738045736843,0.048864346884341874,-0.1478975254268105,0.0,False,False,0.5235987755982988
1.07,0.5225828598062335,-0.002561219602718787,0.5224110446216099,-0.03274368266107792,0.0606715767736936,0.048864346884341874,0.0,False,False,0.5235987755982988
1.071,0.5225835162418044,0.0006564355709173528,0.5216108294465986,-0.10949083189609773,0.16717202900592035,0.0606715767736936,0.0,False,False,0.5235987755982988
1.072,0.5225870067704858,0.003490528681363217,0.5223869111827296,-0.020933575093390624,0.046933849592314295,0.16717202900592035,0.0,False,False,0.5235987755982988
1.073,0.5225978052839058,0.010798513419962172,0.5212078300769555,-0.13674832816146532,0.2071350131779384,0.046933849592314295,0.0,False,False,0.5235987755982988
1.074,0.5226079497055497,0.0101444216439814,0.5218113133786887,-0.06272516517199783,0.10744451815937965,0.2071350131779384,0.0,False,False,0.5235987755982988
1.075,0.5226256036371147,0.017653931565065575,0.522823511797224,0.04476719319873009,-0.03976588341912892,0.10744451815937965,0.0,False,False,0.5235987755982988
1.076,0.5226443125729126,0.018708935797754213,0.5237953687318049,0.13747616733694765,-0.1685100772074463,-0.03976588341912892,0.0,False,False,0.5235987755982988
1.077,0.5226565596391373,0.012247066224753859,0.5251080585846993,0.25499753589269836,-0.33316413682644735,-0.1685100772074463,0.0,False,False,0.5235987755982988
1.078,0.5226570575240355,0.0004978848981458291,0.5221451654701565,-0.06679152915085004,0.10631481728758088,-0.33316413682644735,0.0,False,False,0.5235987755982988
1.079,0.5226407458759307,-0.01631164810476594,0.5238932815503233,0.11469923178091332,-0.14294018527353725,0.10631481728758088,0.0,False,False,0.5235987755982988
1.08,0.5226338511650066,-0.006894710924077615,0.5228465653321522,-0.001442313214287519,0.015270560647783465,-0.14294018527353725,0.0,False,False,0.5235987755982988
1.081,0.5226218272147621,-0.012023950244481614,0.5224898387436813,-0.036970740739955564,0.06432575227106255,0.015270560647783465,0.0,False,False,0.5235987755982988
1.082,0.522613842295203,-0.00798491955916113,0.5229913521706271,0.016877676028622078,-0.009319589536255404,0.06432575227106255,0.0,False,False,0.5235987755982988
1.083,0.5226113814245775,-0.0024608706254606308,0.5226654137496511,-0.01740393367183476,0.03768523368185984,-0.009319589536255404,0.0,False,False,0.5235987755982988
1.084,0.5226091989758834,-0.002182448694129587,0.5227055374204865,-0.011651173221112261,0.030059695065955815,0.03768523368185984,0.0,False,False,0.5235987755982988
1.085,0.5226095616667996,0.0003626909161946173,0.5222532237599793,-0.055717421949725225,0.09108083942942172,0.030059695065955815,0.0,False,False,0.5235987755982988
1.086,0.5226113170963566,0.0017554295569174548,0.5213912362529851,-0.13634443045417044,0.20334902476065117,0.09108083942942172,0.0,False,False,0.5235987755982988
1.087,0.5226170942654987,0.005777169142214158,0.52127002715546,-0.1348308971612644,0.2037145485646159,0.20334902476065117,0.0,False,False,0.5235987755982988
1.088,0.5226313292744107,0.014235008912007175,0.5232013929761639,0.07178877462524763,-0.07899364235186794,0.2037145485646159,0.0,False,False,0.5235987755982988
1.089,0.5226520224308062,0.020693156395472326,0.5224105560501782,-0.01447379543584651,0.03875650638918751,-0.07899364235186794,0.0,False,False,0.5235987755982988
1.09,0.5226640285142029,0.012006083396722817,0.5221438428175234,-0.03969773915774324,0.07382607704325024,0.03875650638918751,0.0,False,False,0.5235987755982988
1.091,0.5226747008027527,0.010672288549802676,0.5226821233623159,0.01810008923728572,-0.005220366837050343,0.07382607704325024,0.0,False,False,0.5235987755982988
1.092,0.5226860928712377,0.011392068485030722,0.5233798021284214,0.08605795692410631,-0.0993280258511339,-0.005220366837050343,0.0,False,False,0.5235987755982988
1.093,0.5226940879452788,0.00799507404115785,0.5228514851781634,0.02462046620589449,-0.016093331884635503,-0.0993280258511339,0.0,False,False,0.5235987755982988
1.094,0.5226948062085285,0.0007182632496521481,0.5221222902726111,-0.050761070969918234,0.08749002102627995,-0.016093331884635503,0.0,False,False,0.5235987755982988
1.095,0.5226945015457466,-0.00030466278186231906,0.5237646440292509,0.11855041179105272,-0.14524612590640143,0.08749002102627995,0.0,False,False,0.5235987755982988
1.096,0.5226986639944328,0.004162448686138997,0.5240767633207724,0.13790729976408922,-0.17409253872143074,-0.14524612590640143,0.0,False,False,0.5235987755982988
1.097,0.522694316475049,-0.004347519383703546,0.5231258985737007,0.029030095080518084,-0.026324327653856186,-0.17409253872143074,0.0,False,False,0.5235987755982988
1.098,0.5226825658125833,-0.011750662465746872,0.5235322475165575,0.06676197985814006,-0.07891687035842383,-0.026324327653856186,0.0,False,False,0.5235987755982988
1.099,0.522672714650894,-0.00985116168922643,0.523756529207017,0.08251395091827762,-0.1018563060588602,-0.07891687035842383,0.0,False,False,0.5235987755982988
1.1,0.5226616945166821,-0.011020134211915757,0.5236478922139719,0.06339885652194127,-0.07696272690844504,-0.1018563060588602,0.0,False,False,0.5235987755982988
1.101,0.5226486332937436,-0.013061222938502308,0.5231845359224637,0.010723341718929469,-0.005411695897683687,-0.07696272690844504,0.0,False,False,0.5235987755982988
1.102,0.5226352185419741,-0.013414751769381911,0.5231573748440262,0.006934899703288871,-0.00037666606704039353,-0.005411695897683687,0.0,False,False,0.5235987755982988
1.103,0.5226250996535658,-0.010118888408264807,0.5230785890534507,-0.001637169324591974,0.011327960996775972,-0.00037666606704039353,0.0,False,False,0.5235987755982988
1.104,0.5226178030830362,-0.007296570529645515,0.521660195311685,-0.14331282656871053,0.20686983704150222,0.011327960996775972,0.0,False,False,0.5235987755982988
1.105,0.522613198856967,-0.004604226069229736,0.5232246951685754,0.02746844177720495,-0.026228682397624332,0.20686983704150222,0.0,False,False,0.5235987755982988
1.106,0.5226203139127596,0.007115055792627729,0.5214371430207247,-0.15403361718558015,0.2237497270190294,-0.026228682397624332,0.0,False,False,0.5235987755982988
1.107,0.5226240402691804,0.003726356420790124,0.5219306214328562,-0.08928241425387896,0.1371656720826222,0.2237497270190294,0.0,False,False,0.5235987755982988
1.108,0.5226378340582629,0.013793789082501333,0.5237754091806246,0.10412460194835062,-0.12812892681988478,0.1371656720826222,0.0,False,False,0.5235987755982988
1.109,0.5226548442610132,0.017010202750273734,0.523388074675046,0.05497869119565597,-0.06218181281623647,-0.12812892681988478,0.0,False,False,0.5235987755982988
1.11,0.5226612319613108,0.006387700297564228,0.5239592318334882,0.10659653792031518,-0.134404057737788,-0.06218181281623647,0.0,False,False,0.5235987755982988
1.111,0.5226626313157112,0.0013993544005018732,0.5224255506912777,-0.05743123009276932,0.09003552443770294,-0.134404057737788,0.0,False,False,0.5235987755982988
1.112,0.5226568857471997,-0.005745568511543624,0.5216513589430712,-0.12910728190414,0.18998223807906434,0.09003552443770294,0.0,False,False,0.5235987755982988
1.113,0.5226573427049261,0.00045695772645884276,0.5224475216682689,-0.03658028119395913,0.06461890817328925,0.18998223807906434,0.0,False,False,0.5235987755982988
1.114,0.5226671598832571,0.009817178330965855,0.5227561989871036,-0.0020545211910971972,0.017631804430831045,0.06461890817328925,0.0,False,False,0.5235987755982988
1.115,0.5226774393510158,0.010279467758729607,0.5227463700096187,-0.002831966820479062,0.018741660780817765,0.017631804430831045,0.0,False,False,0.5235987755982988
1.116,0.522685721079422,0.00828172840616824,0.5236750439304165,0.09031862194135616,-0.10975517630774621,0.018741660780817765,0.0,False,False,0.5235987755982988
1.117,0.5226925551425773,0.006834063155235384,0.5223772872222578,-0.04848891106864758,0.08017348405111455,-0.10975517630774621,0.0,False,False,0.5235987755982988
1.118,0.522691900128338,-0.0006550142392905221,0.522999108159012,0.018542073713628544,-0.01145647454919086,0.08017348405111455,0.0,False,False,0.5235987755982988
1.119,0.5226954528424027,0.0035527140647143383,0.5218327129007907,-0.09995165947986073,0.15173111993097904,-0.01145647454919086,0.0,False,False,0.5235987755982988
1.12,0.522697363778345,0.0019109359422508558,0.5230903397373692,0.03580619012597379,-0.03381558265443512,0.15173111993097904,0.0,False,False,0.5235987755982988
1.121,0.5227062820839401,0.00891830559516387,0.5227089948057252,-0.005908922051022565,0.02310676072755232,-0.03381558265443512,0.0,False,False,0.5235987755982988
1.122,0.5227109627236847,0.004680639744599894,0.522056627147263,-0.07055479569214192,0.11242442694921544,0.02310676072755232,0.0,False,False,0.5235987755982988
1.123,0.5227154008738323,0.004438150147579789,0.5225096009316909,-0.018201937680139814,0.04144746921511108,0.11242442694921544,0.0,False,False,0.5235987755982988
1.124,0.5227241324803746,0.008731606542382652,0.5225634088214242,-0.011000954938795448,0.03183774791029838,0.04144746921511108,0.0,False,False,0.5235987755982988
1.125,0.5227324366986892,0.00830421831456857,0.5224966818737851,-0.016573554208825426,0.03972595209183806,0.03183774791029838,0.0,False,False,0.5235987755982988
1.1260000000000001,0.5227399422581283,0.007505559439081245,0.5242857291008252,0.16398852391606678,-0.2091513917447543,0.03972595209183806,0.0,False,False,0.5235987755982988
1.127,0.5227472524950402,0.007310236911905161,0.5226613421512553,-0.014849023432529918,0.034692630165819915,-0.2091513917447543,0.0,False,False,0.5235987755982988
1.1280000000000001,0.5227419755629249,-0.00527693211525618,0.5225291360551548,-0.02658473069931982,0.05115518861577552,0.034692630165819915,0.0,False,False,0.5235987755982988
1.129,0.5227400017092024,-0.001973853722489657,0.5209096304537322,-0.18587681777165332,0.2714567939281835,0.05115518861577552,0.0,False,False,0.5235987755982988
1.1300000000000001,0.5227411837513214,0.0011820421189494513,0.5219608406269423,-0.06216811867347982,0.10408457189259383,0.2714567939281835,0.0,False,False,0.5235987755982988
1.131,0.5227555797046508,0.014395953329384505,0.5225260048330879,0.0005651138084288923,0.018631737203682445,0.10408457189259383,0.0,False,False,0.5235987755982988
1.1320000000000001,0.5227714215990182,0.01584189436744796,0.5221729022298734,-0.03480165789385568,0.06742771010428343,0.018631737203682445,0.0,False,False,0.5235987755982988
1.133,0.5227841741483523,0.012752549334102,0.5239899414885648,0.1503824337646665,-0.18749990654238777,0.06742771010428343,0.0,False,False,0.5235987755982988
1.1340000000000001,0.5227968673812506,0.012693232898268321,0.5226529320191717,0.0016432434488918846,0.015053292285617203,-0.18749990654238777,0.0,False,False,0.5235987755982988
1.135,0.5227967673232788,-0.00010005797183117691,0.5239211470422284,0.12830042140966558,-0.15976319168233055,0.015053292285617203,0.0,False,False,0.5235987755982988
1.1360000000000001,0.5227974503472943,0.0006830240154538274,0.5228512977986901,0.008485454914873375,0.0032720544951087126,-0.15976319168233055,0.0,False,False,0.5235987755982988
1.137,0.5227899376520492,-0.007512695245107654,0.5228224250679967,0.00474963635404526,0.00827474592058379,0.0032720544951087126,0.0,False,False,0.5235987755982988
1.1380000000000001,0.522784772073421,-0.005165578628203847,0.5227072825545881,-0.007239578622219857,0.024734369133456835,0.00827474592058379,0.0,False,False,0.5235987755982988
1.139,0.522781557004738,-0.003215068682971086,0.5227848698592394,0.0012431097051371041,0.013158571656904188,0.024734369133456835,0.0,False,False,0.5235987755982988
1.1400000000000001,0.5227805478121089,-0.0010091926290910387,0.5242804794106112,0.15067975387179686,-0.19308637326777875,0.013158571656904188,0.0,False,False,0.5235987755982988
1.141,0.5227805030859253,-4.4726183611932657e-05,0.5207562608586059,-0.21681007671590705,0.3113373573735603,-0.19308637326777875,0.0,False,False,0.5235987755982988
1.1420000000000001,0.5227708176378157,-0.009685448109550715,0.5210241394693289,-0.1683412079720192,0.24835289988788142,0.3113373573735603,0.0,False,False,0.5235987755982988
1.143,0.5227794357516002,0.008618113784544933,0.5223054297814641,-0.023378055961297606,0.05133389185658195,0.24835289988788142,0.0,False,False,0.5235987755982988
1.1440000000000001,0.5227980005703532,0.018564818752952815,0.5228106785390108,0.02948462538949716,-0.021195803400211474,0.05133389185658195,0.0,False,False,0.5235987755982988
1.145,0.5228146791881673,0.016678617814102688,0.5234169089079029,0.08715919973976542,-0.10131743926059263,-0.021195803400211474,0.0,False,False,0.5235987755982988
1.1460000000000001,0.5228261358149459,0.01145662677855468,0.5232389822776765,0.06065061674314673,-0.0663044603205746,-0.10131743926059263,0.0,False,False,0.5235987755982988
1.147,0.5228293761297039,0.0032403147580181008,0.5224940583138491,-0.01990684131390945,0.04377312069678628,-0.0663044603205746,0.0,False,False,0.5235987755982988
1.1480000000000001,0.5228283245829277,-0.0010515467762542367,0.5237176079663654,0.10443880806910684,-0.12746555230812584,0.04377312069678628,0.0,False,False,0.5235987755982988
1.149,0.5228297810720403,0.0014564891125089406,0.5237287961582365,0.09511374644931425,-0.11647686581805598,-0.12746555230812584,0.0,False,False,0.5235987755982988
1.1500000000000001,0.5228244222816467,-0.005358790393571802,0.5229850430401352,0.011227059994245281,-0.002425285946148459,-0.11647686581805598,0.0,False,False,0.5235987755982988
1.151,0.5228148313222152,-0.009590959431590294,0.5236549085326727,0.07709090324857654,-0.093519476717022,-0.002425285946148459,0.0,False,False,0.5235987755982988
1.1520000000000001,0.5228078327514605,-0.0069985707546557745,0.5230457606283033,0.008467022486779968,-0.00020615752421712132,-0.093519476717022,0.0,False,False,0.5235987755982988
1.153,0.5227982040741513,-0.009628677309120837,0.52230821769858,-0.06613397273422585,0.10259080947600886,-0.00020615752421712132,0.0,False,False,0.5235987755982988
1.154,0.5227912879509363,-0.006916123215032347,0.5234002480217568,0.04968245685686963,-0.05604545185048683,0.10259080947600886,0.0,False,False,0.5235987755982988
1.155,0.522791524938684,0.00023698774766087172,0.5228880530979295,-0.006505281211543146,0.02059934246049915,-0.05604545185048683,0.0,False,False,0.5235987755982988
1.156,0.5227888876128911,-0.0026373257928421216,0.522790056849758,-0.015654377907541626,0.03334219096278483,0.02059934246049915,0.0,False,False,0.5235987755982988
1.157,0.5227880774469655,-0.0008101659255996614,0.5240734719251515,0.11425256742256598,-0.14564761479042793,0.03334219096278483,0.0,False,False,0.5235987755982988
1.158,0.5227891805481747,0.0011031012092083225,0.5206503911387553,-0.2394807679593099,0.34044784182295457,-0.14564761479042793,0.0,False,False,0.5235987755982988
1.159,0.5227826662610412,-0.0065142871334561755,0.5215455034349068,-0.12602146154823213,0.18818465279893484,0.34044784182295457,0.0,False,False,0.5235987755982988
1.16,0.5227950884113198,0.012422150278623199,0.5217591740416555,-0.09205225471853833,0.14357553368182557,0.18818465279893484,0.0,False,False,0.5235987755982988
1.161,0.5228135587135984,0.018470302278524503,0.5224965539964482,-0.009109033767411776,0.030770829354204637,0.14357553368182557,0.0,False,False,0.5235987755982988
1.162,0.5228347685748657,0.0212098612672898,0.522612581031621,0.0034045731266066134,0.013666014448272673,0.030770829354204637,0.0,False,False,0.5235987755982988
1.163,0.5228527170231723,0.01794844830665618,0.5215373272505025,-0.10446126229790416,0.16245958501781863,0.013666014448272673,0.0,False,False,0.5235987755982988
1.164,0.5228669867355238,0.014269712351534776,0.5220072741697092,-0.047020444147448354,0.08507155869155189,0.16245958501781863,0.0,False,False,0.5235987755982988
1.165,0.5228856452007519,0.018658465228038303,0.5221344191193203,-0.029603904771584432,0.06188310234751374,0.08507155869155189,0.0,False,False,0.5235987755982988
1.166,0.5229040908866099,0.018445685858101236,0.5250485979628378,0.2647743700573152,-0.3438260466304792,0.06188310234751374,0.0,False,False,0.5235987755982988
1.167,0.5229211950872745,0.017104200664618197,0.5244935115502487,0.18278829179267803,-0.23545119728631161,-0.3438260466304792,0.0,False,False,0.5235987755982988
1.168,0.5229168768796748,-0.0043182075997186195,0.5225575577280864,-0.029085919602817006,0.05364502518720334,-0.23545119728631161,0.0,False,False,0.5235987755982988
1.169,0.5229020790854234,-0.014797794251428143,0.522584792809369,-0.023453819514280248,0.046396273617873324,0.05364502518720334,0.0,False,False,0.5235987755982988
1.17,0.5228937972047507,-0.008281880672665934,0.52189092752835,-0.09049496566475237,0.1393352240567819,0.046396273617873324,0.0,False,False,0.5235987755982988
1.171,0.5228902199253207,-0.0035772794300025588,0.5212250620119097,-0.1480320207423094,0.22036526944577614,0.1393352240567819,0.0,False,False,0.5235987755982988
1.172,0.5228946856000761,0.004465674755454235,0.5227926883959174,0.023533819732697386,-0.013731014036371655,0.22036526944577614,0.0,False,False,0.5235987755982988
1.173,0.5229088338018698,0.014148201793694117,0.5220380436741117,-0.05428403442114762,0.0932340159407459,-0.013731014036371655,0.0,False,False,0.5235987755982988
1.174,0.5229185845589613,0.009750757091575829,0.5228445385014828,0.03179385175808338,-0.02457635436701222,0.0932340159407459,0.0,False,False,0.5235987755982988
1.175,0.5229302444533723,0.011659894411017616,0.5215338014145984,-0.10245924210616997,0.16012062583401188,-0.02457635436701222,0.0,False,False,0.5235987755982988
1.176,0.5229374798586058,0.0072354052334943665,0.5222725317029251,-0.01834028906288132,0.04588073699218462,0.16012062583401188,0.0,False,False,0.5235987755982988
1.177,0.5229506117192605,0.013131860654651129,0.523080313327796,0.06427190233050081,-0.06779396192755086,0.04588073699218462,0.0,False,False,0.5235987755982988
1.178,0.5229625285395837,0.011916820323209988,0.5232821067012704,0.07802404944488756,-0.08792881918735358,-0.06779396192755086,0.0,False,False,0.5235987755982988
1.179,0.5229678034934165,0.005274953832878342,0.5233321165041565,0.0752226247890041,-0.08546728605224238,-0.08792881918735358,0.0,False,False,0.5235987755982988
1.18,0.5229671141213466,-0.0006893720699855319,0.5218147700958538,-0.08403427852016628,0.13295323326821068,-0.08546728605224238,0.0,False,False,0.5235987755982988
1.181,0.5229623608722189,-0.004753249127653444,0.5237082148752528,0.11371362727175147,-0.13842625971127284,0.13295323326821068,0.0,False,False,0.5235987755982988
1.182,0.5229656740175308,0.0033131453119010466,0.5222673575765971,-0.04174346532098544,0.07405768277581257,-0.13842625971127284,0.0,False,False,0.5235987755982988
1.183,0.5229610676470186,-0.004606370512253844,0.5235133403623787,0.0870291597892716,-0.10289715750056441,0.07405768277581257,0.0,False,False,0.5235987755982988
1.184,0.5229615405696253,0.00047292260673797645,0.5229522565728731,0.022217864859785483,-0.015024095374080452,-0.10289715750056441,0.0,False,False,0.5235987755982988
1.185,0.5229567248923216,-0.004815677303681339,0.5217556002102116,-0.09966955789234605,0.1527806264563849,-0.015024095374080452,0.0,False,False,0.5235987755982988
1.186,0.5229525946889952,-0.0041302033263783565,0.5226766601373858,0.002403390614305806,0.013714009559267593,0.1527806264563849,0.0,False,False,0.5235987755982988
1.187,0.5229573417803213,0.004747091326008263,0.5232761817936423,0.062115217178529296,-0.06873157213041833,0.013714009559267593,0.0,False,False,0.5235987755982988
1.188,0.522961357610909,0.004015830587780374,0.5234962708154101,0.07791259763744968,-0.09165003107294198,-0.06873157213041833,0.0,False,False,0.5235987755982988
1.189,0.5229607319841979,-0.0006256267111386911,0.5228376968334044,0.004263939673140815,0.008582690160330152,-0.09165003107294198,0.0,False,False,0.5235987755982988
1.19,0.5229557139852583,-0.005017998939594682,0.524292443237935,0.14931218615888495,-0.19166064090411328,0.008582690160330152,0.0,False,False,0.5235987755982988
1.191,0.5229526197794582,-0.0030942058001484298,0.5238318387896093,0.08832052271042234,-0.11017976469609482,-0.19166064090411328,0.0,False,False,0.5235987755982988
1.192,0.5229408758443359,-0.011743935122280835,0.5227169028758373,-0.032005120937818474,0.0542798541296899,-0.11017976469609482,0.0,False,False,0.5235987755982988
1.193,0.5229268371556637,-0.014038688672259212,0.5235814419263045,0.05764929620268726,-0.06886714934732728,0.0542798541296899,0.0,False,False,0.5235987755982988
1.194,0.5229192021796728,-0.007634975990929586,0.5246067553481804,0.1544157087700025,-0.20344248602187068,-0.06886714934732728,0.0,False,False,0.5235987755982988
1.195,0.5229103397375378,-0.00886244213507555,0.5246211852984533,0.1404171329202921,-0.18690393410713035,-0.20344248602187068,0.0,False,False,0.5235987755982988
1.196,0.5228938379948994,-0.016501742638346965,0.5218222059381769,-0.15352251639937697,0.2162052735614477,-0.18690393410713035,0.0,False,False,0.5235987755982988
1.197,0.5228721240377417,-0.02171395715770044,0.5220635713668198,-0.11403372189514449,0.16447414244079564,0.2162052735614477,0.0,False,False,0.5235987755982988
1.198,0.5228660790152947,-0.006045022447074139,0.524161915112956,0.10720402490798543,-0.13878134115341104,0.16447414244079564,0.0,False,False,0.5235987755982988
1.199,0.5228700421081245,0.003963092829772221,0.5219465176706953,-0.12505612180887554,0.17980798886751337,-0.13878134115341104,0.0,False,False,0.5235987755982988
1.2,0.522865876674282,-0.00416543384246699,0.5217117418108321,-0.1360280956143081,0.19720032291157005,0.17980798886751337,0.0,False,False,0.5235987755982988
1.201,0.5228719501714213,0.006073497139366647,0.5224476657521928,-0.048832891916808965,0.0793194475300788,0.19720032291157005,0.0,False,False,0.5235987755982988
1.202,0.5228860913587271,0.014141187305750232,0.5232528083429847,0.036564656354061545,-0.037650177029219946,0.0793194475300788,0.0,False,False,0.5235987755982988
1.203,0.5229004889765054,0.01439761777830071,0.5228111309928273,-0.01125954429708783,0.02768905605499308,-0.037650177029219946,0.0,False,False,0.5235987755982988
1.204,0.5229092454818572,0.008756505351803548,0.5223415216233687,-0.057094526813240266,0.09114400372463102,0.02768905605499308,0.0,False,False,0.5235987755982988
1.205,0.5229168803728501,0.007634890992884302,0.5223285190070966,-0.052685335759118,0.08608702155258062,0.09114400372463102,0.0,False,False,0.5235987755982988
1.206,0.5229268565951627,0.009976222312582663,0.5223052252372631,-0.04974617916656276,0.08297932149851851,0.08608702155258062,0.0,False,False,0.5235987755982988
1.207,0.5229383301737738,0.011473578611099483,0.5221708132326193,-0.05821276171428784,0.09555863663937725,0.08297932149851851,0.0,False,False,0.5235987755982988
1.208,0.5229507984882816,0.012468314507843036,0.5249418987897926,0.2247170701744723,-0.29383670165625453,0.09555863663937725,0.0,False,False,0.5235987755982988
1.209,0.5229646738507044,0.013875362422800795,0.5232243012383706,0.03048560801482722,-0.029842191139084852,-0.29383670165625453,0.0,False,False,0.5235987755982988
1.21,0.5229601994930713,-0.004474357633208482,0.5237340427516329,0.07841119853957744,-0.09652824700750705,-0.029842191139084852,0.0,False,False,0.5235987755982988
1.211,0.5229555712760039,-0.0046282170673661175,0.5225287706702042,-0.04995712945725349,0.07920864405440725,-0.09652824700750705,0.0,False,False,0.5235987755982988
1.212,0.5229474993596492,-0.008071916354622797,0.522785221545501,-0.019316328981848284,0.03782356772857862,0.07920864405440725,0.0,False,False,0.5235987755982988
1.213,0.5229457182919971,-0.0017810676521781508,0.5223230249737157,-0.06360435326218905,0.09928873515712215,0.03782356772857862,0.0,False,False,0.5235987755982988
1.214,0.5229463684392873,0.0006501472902533429,0.5206323163769415,-0.22631477761339275,0.3249739991205027,0.09928873515712215,0.0,False,False,0.5235987755982988
1.215,0.5229517854472331,0.005417007945777879,0.521749245497032,-0.09199038784299976,0.14368000723440139,0.3249739991205027,0.0,False,False,0.5235987755982988
1.216,0.5229718429913776,0.020057544144482964,0.521391780118189,-0.11853788694300671,0.18197138297358498,0.14368000723440139,0.0,False,False,0.5235987755982988
1.217,0.5229944275065243,0.022584515146741927,0.5210311207873636,-0.14275003133124683,0.2175178241943305,0.18197138297358498,0.0,False,False,0.5235987755982988
1.218,0.523021155728082,0.02672822155776865,0.5219780082358438,-0.03378628335009615,0.06971735254430497,0.2175178241943305,0.0,False,False,0.5235987755982988
1.219,0.523053428082774,0.03227235469194875,0.5242096700351844,0.19275852491896683,-0.2423063297667002,0.06971735254430497,0.0,False,False,0.5235987755982988
1.22,0.5230835150585149,0.03008697574093303,0.5230447371868444,0.056989387593074065,-0.05841457370550958,-0.2423063297667002,0.0,False,False,0.5235987755982988
1.221,0.5230959307837314,0.012415725216485731,0.5242221601267029,0.16903274281961186,-0.2140602128948071,-0.05841457370550958,0.0,False,False,0.5235987755982988
1.222,0.5231020660659721,0.0061352822406661855,0.5234607160227347,0.07598505814083396,-0.0886969974088466,-0.2140602128948071,0.0,False,False,0.5235987755982988
1.223,0.5230956888538354,-0.006377212136737363,0.5237786002587989,0.10017497593316643,-0.1234468150088004,-0.0886969974088466,0.0,False,False,0.5235987755982988
1.224,0.5230867531585529,-0.008935695282500272,0.5223005722190834,-0.05764532563169196,0.09254205158390717,-0.1234468150088004,0.0,False,False,0.5235987755982988
1.225,0.5230741963802803,-0.012556778272655136,0.5235314298437617,0.07120496939929997,-0.08423373969749125,0.09254205158390717,0.0,False,False,0.5235987755982988
1.226,0.523069656305771,-0.004540074509390649,0.5237055794403083,0.0814994321140302,-0.09972178769300635,-0.08423373969749125,0.0,False,False,0.5235987755982988
1.227,0.523062261803988,-0.007394501782956096,0.5225590421103785,-0.04130424409034811,0.06828029569098318,-0.09972178769300635,0.0,False,False,0.5235987755982988
1.228,0.5230520332981915,-0.01022850579641579,0.5235403243864456,0.060954407925395256,-0.0720931676971164,0.06828029569098318,0.0,False,False,0.5235987755982988
1.229,0.5230480860510321,-0.003947247159303543,0.523542178079613,0.055044336449596575,-0.06503444840317134,-0.0720931676971164,0.0,False,False,0.5235987755982988
1.23,0.5230417189691868,-0.0063670818452609915,0.5225621438366026,-0.048463521496403865,0.07681559750621653,-0.06503444840317134,0.0,False,False,0.5235987755982988
1.231,0.5230339737408004,-0.007745228386470654,0.5220541734467712,-0.09441420832990483,0.14109988872338314,0.07681559750621653,0.0,False,False,0.5235987755982988
1.232,0.5230323142547405,-0.0016594860598649133,0.5219989673468518,-0.09049339748885239,0.13738862551266906,0.14109988872338314,0.0,False,False,0.5235987755982988
1.233,0.5230382131075044,0.005898852763948336,0.523113703433892,0.030029550964048607,-0.027304162197534988,0.13738862551266906,0.0,False,False,0.5235987755982988
1.234,0.5230492377302649,0.011024622760454815,0.5233346076751093,0.049117019989378306,-0.054185401369842845,-0.027304162197534988,0.0,False,False,0.5235987755982988
1.235,0.5230558443922931,0.006606662028200843,0.5223642351348635,-0.052831936034138466,0.08562005158280149,-0.054185401369842845,0.0,False,False,0.5235987755982988
1.236,0.5230578024372953,0.001958045002094489,0.5230810025242406,0.024127996506984682,-0.01963368047533396,0.08562005158280149,0.0,False,False,0.5235987755982988
1.237,0.5230634481087851,0.00564567148990772,0.5235613355980444,0.06974850423666579,-0.08302428507941961,-0.01963368047533396,0.0,False,False,0.5235987755982988
1.238,0.52306643941,0.0029913012148855924,0.5236059125788083,0.06723135188938695,-0.0808060879164348,-0.08302428507941961,0.0,False,False,0.5235987755982988
1.239,0.5230643767735078,-0.002062636492204203,0.524418647658127,0.1417817246323154,-0.18489576663568502,-0.0808060879164348,0.0,False,False,0.5235987755982988
1.24,0.5230588986895512,-0.0054780839566212144,0.524173274689887,0.1030662553450829,-0.13402049006268585,-0.18489576663568502,0.0,False,False,0.5235987755982988
1.241,0.5230458012532715,-0.013097436279729393,0.5221720096395909,-0.10736687521903282,0.15452203751958235,-0.13402049006268585,0.0,False,False,0.5235987755982988
1.242,0.5230295048252626,-0.01629642800896557,0.524498710955143,0.13603994385808305,-0.17944676905289494,0.15452203751958235,0.0,False,False,0.5235987755982988
1.243,0.5230250331332441,-0.004471692018493453,0.5225616687204827,-0.07126827399375431,0.1041898525931951,-0.17944676905289494,0.0,False,False,0.5235987755982988
1.244,0.523012926581252,-0.012106551992118186,0.5239247501233472,0.07216669369206631,-0.09246757388134978,0.1041898525931951,0.0,False,False,0.5235987755982988
1.245,0.5230093229263991,-0.00360365485289367,0.5230686524499948,-0.020659743012377704,0.03433390828432577,-0.09246757388134978,0.0,False,False,0.5235987755982988
1.246,0.52300217985433,-0.007143072069219368,0.5226425116711239,-0.06120784659823308,0.09066216660702898,0.03433390828432577,0.0,False,False,0.5235987755982988
1.247,0.5229988382763104,-0.003341578019506994,0.5214213251722587,-0.1772057118249254,0.2518409618586326,0.09066216660702898,0.0,False,False,0.5235987755982988
1.248,0.5230010364211998,0.002198144889276814,0.5228513181420574,-0.016485843662559646,0.033237246607416504,0.2518409618586326,0.0,False,False,0.5235987755982988
1.249,0.5230151610206398,0.014124599440067184,0.5216543424328156,-0.13453483022048573,0.1964415932432806,0.033237246607416504,0.0,False,False,0.5235987755982988
1.25,0.5230272411401948,0.01208011955501185,0.5238713689660689,0.10062130612689135,-0.12565224797213104,0.1964415932432806,0.0,False,False,0.5235987755982988
1.2510000000000001,0.5230458556549522,0.018614514757339554,0.5243695069518098,0.1403729740882965,-0.18232073326915418,-0.12565224797213104,0.0,False,False,0.5235987755982988
1.252,0.5230537275067758,0.007871851823615416,0.5223582914763482,-0.07478587086670116,0.11207175923515324,-0.18232073326915418,0.0,False,False,0.5235987755982988
1.2530000000000001,0.5230502051151447,-0.0035223916311295147,0.5233137243002274,0.028235998607891014,-0.028752274964183346,0.11207175923515324,0.0,False,False,0.5235987755982988
1.254,0.5230533463266173,0.003141211472583766,0.5224203228053627,-0.06392775073937014,0.097925451160095,-0.028752274964183346,0.0,False,False,0.5235987755982988
1.2550000000000001,0.5230541026690992,0.0007563424819807818,0.5225056462771295,-0.049002628488751296,0.07847948196754967,0.097925451160095,0.0,False,False,0.5235987755982988
1.256,0.52305952546413,0.005422795030797813,0.5237353995952155,0.07887296616872956,-0.0971067913469764,0.07847948196754967,0.0,False,False,0.5235987755982988
1.2570000000000001,0.5230672624317342,0.007736967604186785,0.523033631453876,0.0008088554179078999,0.00920196809812036,-0.0971067913469764,0.0,False,False,0.5235987755982988
1.258,0.5230679012714905,0.0006388397562799193,0.5245860305793689,0.15596788242540469,-0.20493204856974753,0.00920196809812036,0.0,False,False,0.5235987755982988
1.2590000000000001,0.5230688060675194,0.0009047960289056156,0.5226479788418484,-0.05343407956918425,0.0812352370991279,-0.20493204856974753,0.0,False,False,0.5235987755982988
1.26,0.5230591893881547,-0.00961667936470016,0.5239312748549789,0.08023892970078275,-0.10227170226118124,0.0812352370991279,0.0,False,False,0.5235987755982988
1.2610000000000001,0.5230563544049162,-0.002834983238494823,0.523141363644502,-0.006776084316984524,0.01636471634872351,-0.10227170226118124,0.0,False,False,0.5235987755982988
1.262,0.5230492620205993,-0.0070923843168008436,0.5237437093398495,0.054136093649458955,-0.06757211972726276,0.01636471634872351,0.0,False,False,0.5235987755982988
1.2630000000000001,0.5230450590359478,-0.004202984651494578,0.5226548403661522,-0.060164413085217916,0.08918812988090105,-0.06757211972726276,0.0,False,False,0.5235987755982988
1.264,0.5230387369132615,-0.006322122686285119,0.5229954886688247,-0.02008314150944087,0.03495893454186265,0.08918812988090105,0.0,False,False,0.5235987755982988
1.2650000000000001,0.5230387353765763,-1.536685276845584e-06,0.5229379435902698,-0.023829335213990034,0.04049017840131043,0.03495893454186265,0.0,False,False,0.5235987755982988
1.266,0.5230404822537704,0.0017468771941395406,0.5223108847843313,-0.08415228228644064,0.1241647733951441,0.04049017840131043,0.0,False,False,0.5235987755982988
1.2670000000000001,0.5230437239178471,0.0032416640767616014,0.5236214990526026,0.05532437276933157,-0.06679826950066563,0.1241647733951441,0.0,False,False,0.5235987755982988
1.268,0.5230521967823291,0.008472864481959615,0.5236196460875872,0.04960663899085588,-0.05990363559621714,-0.06679826950066563,0.0,False,False,0.5235987755982988
1.2690000000000001,0.5230548958706368,0.0026990883077860654,0.5235728700564755,0.0399683719806008,-0.047495746623900534,-0.05990363559621714,0.0,False,False,0.5235987755982988
1.27,0.5230537841345365,-0.0011117361002674522,0.524395039692083,0.11818849834329573,-0.15615895170007035,-0.047495746623900534,0.0,False,False,0.5235987755982988
1.2710000000000001,0.523050635235789,-0.0031488987474895974,0.5243154271747008,0.09840839677074623,-0.13098980450013137,-0.15615895170007035,0.0,False,False,0.5235987755982988
1.272,0.5230406279255293,-0.010007310259683414,0.5227134269579925,-0.0716324645771594,0.10189523301810496,-0.13098980450013137,0.0,False,False,0.5235987755982988
1.2730000000000001,0.523026885581679,-0.01374234385029787,0.5233524351436227,-0.0005683995564204902,0.005116207651874138,0.10189523301810496,0.0,False,False,0.5235987755982988
1.274,0.5230218697299042,-0.005015851774780436,0.5224776754676411,-0.0879875271989391,0.1257648349905654,0.005116207651874138,0.0,False,False,0.5235987755982988
1.2750000000000001,0.5230186037332961,-0.0032659966080985925,0.5230389850914983,-0.023057812093330965,0.037745603634407064,0.1257648349905654,0.0,False,False,0.5235987755982988
1.276,0.5230226102239359,0.0040064906397589695,0.5224992300952286,-0.07472753051096598,0.10946485566842334,0.037745603634407064,0.0,False,False,0.5235987755982988
1.2770000000000001,0.5230273018456583,0.004691621722357911,0.5244410798960696,0.12693020262423058,-0.16747772050895052,0.10946485566842334,0.0,False,False,0.5235987755982988
1.278,0.5230360657184615,0.008763872803267257,0.5233534522288064,0.0054744156354850915,-0.002153478111717899,-0.16747772050895052,0.0,False,False,0.5235987755982988
1.2790000000000001,0.5230339477735341,-0.0021179449274014387,0.5228436814660004,-0.04605010220866396,0.06885181703176906,-0.002153478111717899,0.0,False,False,0.5235987755982988
1.28,0.5230323636454534,-0.0015841280806567944,0.5240739923500457,0.08158599641673733,-0.10645709723152877,0.06885181703176906,0.0,False,False,0.5235987755982988
1.281,0.5230347026918213,0.0023390463678891185,0.5211404834070484,-0.21992349752466284,0.3081574564721022,-0.10645709723152877,0.0,False,False,0.5235987755982988
1.282,0.5230310109951356,-0.0036916966857122,0.5212733749074676,-0.18464199773027912,0.2634276097112966,0.3081574564721022,0.0,False,False,0.5235987755982988
1.283,0.5230438370379705,0.012826042834952773,0.523738337280382,0.08031843933418684,-0.0988942374785214,0.2634276097112966,0.0,False,False,0.5235987755982988
1.284,0.5230663884440357,0.022551406065262396,0.5231191571196967,0.010368579332238628,-0.00380916258384824,-0.0988942374785214,0.0,False,False,0.5235987755982988
1.285,0.523079043816221,0.012655372185242476,0.5232975994431703,0.027175953746378524,-0.027189973703341593,-0.00380916258384824,0.0,False,False,0.5235987755982988
1.286,0.5230880983747535,0.009054558532505549,0.5219305994153268,-0.11224164441261053,0.1647171445886285,-0.027189973703341593,0.0,False,False,0.5235987755982988
1.287,0.5230932123836809,0.005114008927480916,0.5230729371460912,0.013216293105083612,-0.006394459586362439,0.1647171445886285,0.0,False,False,0.5235987755982988
1.288,0.5231050401759745,0.01182779229357063,0.5248534319662842,0.1899441458138798,-0.2505167896003927,-0.006394459586362439,0.0,False,False,0.5235987755982988
1.289,0.5231133155683365,0.008275392362068514,0.5238325654212926,0.06886307673333575,-0.08684390889389172,-0.2505167896003927,0.0,False,False,0.5235987755982988
1.29,0.5231066820072932,-0.006633561043317852,0.5232547789060394,0.00419811753468239,0.001154199419049865,-0.08684390889389172,0.0,False,False,0.5235987755982988
1.291,0.5230976529516967,-0.009029055596387076,0.5227145061354425,-0.05024897127848418,0.07621561586559544,0.001154199419049865,0.0,False,False,0.5235987755982988
1.292,0.523091256277052,-0.00639667464479984,0.5227469265068467,-0.04198203701020839,0.06571172805838757,0.07621561586559544,0.0,False,False,0.5235987755982988
1.293,0.5230905521093386,-0.0007041677133833154,0.521232476429686,-0.18922884102526535,0.26966799426534993,0.06571172805838757,0.0,False,False,0.5235987755982988
1.294,0.5230933475077655,0.0027953984268942727,0.5233181811893304,0.03826451904170358,-0.04086672348861242,0.26966799426534993,0.0,False,False,0.5235987755982988
1.295,0.5231087819234324,0.015434415666827277,0.5238466051240825,0.08728046061274967,-0.1091974841994067,-0.04086672348861242,0.0,False,False,0.5235987755982988
1.296,0.5231182236916111,0.009441768178765395,0.5217432364407518,-0.1317844537815972,0.1915410493737625,-0.1091974841994067,0.0,False,False,0.5235987755982988
1.297,0.5231195285075166,0.001304815905545412,0.5225423333825635,-0.03869631422226916,0.06545153694995856,0.1915410493737625,0.0,False,False,0.5235987755982988
1.298,0.5231300142662885,0.010485758771821521,0.5221199358258956,-0.07706643846683751,0.11909884206346373,0.06545153694995856,0.0,False,False,0.5235987755982988
1.299,0.5231408446428556,0.010830376567174407,0.5222984168034819,-0.051511696861521156,0.08522049454053024,0.11909884206346373,0.0,False,False,0.5235987755982988
1.3,0.5231546218192061,0.013777176350575803,0.5232012933430744,0.043927126783884364,-0.045557871546622004,0.08522049454053024,0.0,False,False,0.5235987755982988
1.301,0.5231690214212709,0.014399602064768199,0.5213500373942601,-0.14559118077593414,0.2151867046038176,-0.045557871546622004,0.0,False,False,0.5235987755982988
1.302,0.5231773841494808,0.008362728209883324,0.5237134362318308,0.10530782105872327,-0.1284332766740428,0.2151867046038176,0.0,False,False,0.5235987755982988
1.303,0.523194100606222,0.016716456741189427,0.5238519632588817,0.10862974165794814,-0.13491306788003013,-0.1284332766740428,0.0,False,False,0.5235987755982988
1.304,0.5232002269919954,0.006126385773505371,0.5229810986459192,0.01068030619590482,-0.001698182292253424,-0.13491306788003013,0.0,False,False,0.5235987755982988
1.305,0.5231978007092873,-0.0024262827080276626,0.5210329741452137,-0.18520017449424397,0.2684246355486256,-0.001698182292253424,0.0,False,False,0.5235987755982988
1.306,0.5231960235575149,-0.001777151772426539,0.5223264842699179,-0.03732914457439515,0.06769621740013064,0.2684246355486256,0.0,False,False,0.5235987755982988
1.307,0.5232082064928957,0.012182935380744535,0.5242841163981106,0.16216698270231086,-0.20693651363938456,0.06769621740013064,0.0,False,False,0.5235987755982988
1.308,0.523220464350152,0.01225785725628686,0.5207962070101377,-0.20284065436520335,0.29385501982514345,-0.20693651363938456,0.0,False,False,0.5235987755982988
1.309,0.5232190493887775,-0.0014149613745458572,0.5229157780002504,0.02940051008257874,-0.02298665533422216,0.29385501982514345,0.0,False,False,0.5235987755982988
1.31,0.523232756619838,0.013707231060570244,0.5222030116818206,-0.044816172768654954,0.07890315781899393,-0.02298665533422216,0.0,False,False,0.5235987755982988
1.311,0.5232416897257224,0.008933105884311713,0.5239438097670434,0.13374525303048662,-0.16670491867398565,0.07890315781899393,0.0,False,False,0.5235987755982988
1.312,0.5232520173824056,0.010327656683159436,0.5226628693178528,-0.007723317191620185,0.026114293677972973,-0.16670491867398565,0.0,False,False,0.5235987755982988
1.313,0.5232511190618057,-0.0008983205999412176,0.5236036354462309,0.08712562736535413,-0.10463823010120242,0.026114293677972973,0.0,False,False,0.5235987755982988
1.314,0.5232517993642665,0.0006803024608035054,0.5237452566694769,0.09257518695342007,-0.11372688362530979,-0.10463823010120242,0.0,False,False,0.5235987755982988
1.315,0.5232470410219506,-0.004758342315813008,0.524849450357625,0.193737037072885,-0.25499659015533294,-0.11372688362530979,0.0,False,False,0.5235987755982988
1.316,0.5232380165333176,-0.009024488633035406,0.5230609162779409,-0.0044900746028080085,0.015069557289811464,-0.25499659015533294,0.0,False,False,0.5235987755982988
1.317,0.5232188157429477,-0.01920079036985299,0.5235469763621228,0.04456494127565663,-0.052545543279619196,0.015069557289811464,0.0,False,False,0.5235987755982988
1.318,0.5232049110005687,-0.013904742379019754,0.5219089556162909,-0.12369362743509485,0.17884911259825603,-0.052545543279619196,0.0,False,False,0.5235987755982988
1.319,0.5231920426152961,-0.012868385272623878,0.5242308744222898,0.1208676159083003,-0.15641891792179757,0.17884911259825603,0.0,False,False,0.5235987755982988
1.32,0.5231915714983516,-0.00047111694449378586,0.5225279023288819,-0.061516355023315886,0.09309534487748336,-0.15641891792179757,0.0,False,False,0.5235987755982988
1.321,0.5231834226289267,-0.008148869424896671,0.5226940723060467,-0.03874772180450557,0.06278192542594481,0.09309534487748336,0.0,False,False,0.5235987755982988
1.322,0.523182278921063,-0.0011437078637584431,0.5231628640574916,0.012006225520432443,-0.006561062889988549,0.06278192542594481,0.0,False,False,0.5235987755982988
1.323,0.5231846216231378,0.002342702074885122,0.521820747740435,-0.12340602873727152,0.18009173592627514,-0.006561062889988549,0.0,False,False,0.5235987755982988
1.324,0.5231859272874292,0.0013056642913936401,0.5233855667991638,0.04541648000934062,-0.05066201762677873,0.18009173592627514,0.0,False,False,0.5235987755982988
1.325,0.5231958411720862,0.009913884656942498,0.5240401147653132,0.10632962862334536,-0.1355396593542734,-0.05066201762677873,0.0,False,False,0.5235987755982988
1.326,0.5232004299553262,0.004588783240111355,0.5234560629408505,0.03729148331473582,-0.042180952143612456,-0.1355396593542734,0.0,False,False,0.5235987755982988
1.327,0.5231968704238692,-0.0035595314570706325,0.5218102957252774,-0.13101438657404568,0.18940990160324078,-0.042180952143612456,0.0,False,False,0.5235987755982988
1.328,0.5231922728083664,-0.0045976155028018195,0.5230842288168353,0.009480361239146584,-0.002114591420631728,0.18940990160324078,0.0,False,False,0.5235987755982988
1.329,0.5231985195696984,0.006246761331935815,0.5238460619447961,0.08471563791131728,-0.10610991973053192,-0.002114591420631728,0.0,False,False,0.5235987755982988
1.33,0.5232028202386508,0.00430066895242368,0.5215639658745723,-0.15196553290219264,0.21898521450970806,-0.10610991973053192,0.0,False,False,0.5235987755982988
1.331,0.5232005275332335,-0.002292705417330328,0.5222626172517508,-0.06690384189412286,0.10433546051081123,0.21898521450970806,0.0,False,False,0.5235987755982988
1.332,0.5232098780738417,0.009350540608100307,0.5239748066702676,0.11100548414697013,-0.13997514027180288,0.10433546051081123,0.0,False,False,0.5235987755982988
1.333,0.5232217907910851,0.011912717243416016,0.5234574935221524,0.04817362092075253,-0.05526526773426806,-0.13997514027180288,0.0,False,False,0.5235987755982988
1.334,0.5232234534792385,0.0016626881533763176,0.5235829665058765,0.05590355720108903,-0.06679970497770597,-0.05526526773426806,0.0,False,False,0.5235987755982988
1.335,0.5232218485927772,-0.0016048864613236193,0.5248445639336154,0.1764729442548704,-0.23419172314154388,-0.06679970497770597,0.0,False,False,0.5235987755982988
1.336,0.5232173905757953,-0.004458016981858544,0.5236262800110103,0.03699725756886882,-0.04489178851144936,-0.23419172314154388,0.0,False,False,0.5235987755982988
1.337,0.5232025564917764,-0.0148340840189056,0.523776672086349,0.048336739345855376,-0.06120622399993045,-0.04489178851144936,0.0,False,False,0.5235987755982988
1.338,0.5231893181968413,-0.013238294934992439,0.5255548899285248,0.2213248496288498,-0.30079987749868814,-0.06120622399993045,0.0,False,False,0.5235987755982988
1.339,0.5231765503614326,-0.012767835408664966,0.52298997068671,-0.05729955951551405,0.07971795982721466,-0.30079987749868814,0.0,False,False,0.5235987755982988
1.34,0.523152176424689,-0.024373936743601676,0.5224558923611863,-0.10497743611633943,0.14654482160763294,0.07971795982721466,0.0,False,False,0.5235987755982988
1.341,0.5231369214977639,-0.015254926925103933,0.5235102442816432,0.010955499540983113,-0.011553035749378054,0.14654482160763294,0.0,False,False,0.5235987755982988
1.342,0.5231329109822339,-0.004010515529965085,0.5235160029247117,0.010435813893735773,-0.01103306854791442,-0.011553035749378054,0.0,False,False,0.5235987755982988
1.343,0.5231295261403479,-0.0033848418859479495,0.5226698802498282,-0.07522003498398651,0.10698415825325508,-0.01103306854791442,0.0,False,False,0.5235987755982988
1.344,0.5231266090516097,-0.002917088738234432,0.5222256726926593,-0.11211878720247748,0.15925839694448438,0.10698415825325508,0.0,False,False,0.5235987755982988
1.345,0.5231299218124427,0.003312760833018017,0.5251456413311575,0.1910899553675896,-0.2571515296325636,0.15925839694448438,0.0,False,False,0.5235987755982988
1.346,0.523140199404058,0.010277591615307696,0.5234254241389038,-4.075939453745958e-05,0.0031692375425551368,-0.2571515296325636,0.0,False,False,0.5235987755982988
1.347,0.5231347405340414,-0.005458870016531579,0.522495700985557,-0.09300899878976657,0.13146614157707298,0.0031692375425551368,0.0,False,False,0.5235987755982988
1.348,0.5231310601312047,-0.0036804028366622873,0.523930360105883,0.05975781312181323,-0.07767789688269135,0.13146614157707298,0.0,False,False,0.5235987755982988
1.349,0.5231350595813439,0.003999450139205137,0.5230398124684772,-0.035272731930949486,0.052388614653928564,-0.07767789688269135,0.0,False,False,0.5235987755982988
1.35,0.5231339750454499,-0.0010845358940178903,0.5229132943526773,-0.04439727031784349,0.06561538680259937,0.052388614653928564,0.0,False,False,0.5235987755982988
1.351,0.5231358393206623,0.0018642752124362928,0.52362651496614,0.03136451806020924,-0.0381367302933922,0.06561538680259937,0.0,False,False,0.5235987755982988
1.352,0.5231404192397727,0.004579919110362447,0.522013039283334,-0.1331195020264126,0.18828665610106216,-0.0381367302933922,0.0,False,False,0.5235987755982988
1.353,0.5231417235503683,0.001304310595495955,0.5234494488373911,0.023833403581939167,-0.025912202601987844,0.18828665610106216,0.0,False,False,0.5235987755982988
1.354,0.5231520462371375,0.010322686769232356,0.5248214142289762,0.15864660238225803,-0.21238341821090279,-0.025912202601987844,0.0,False,False,0.5235987755982988
1.355,0.5231581837571531,0.006137520015514428,0.5235650005123827,0.017140570484685952,-0.01996073303513396,-0.21238341821090279,0.0,False,False,0.5235987755982988
1.356,0.5231518920016754,-0.00629175547758064,0.5228235850068317,-0.05871503711888948,0.08441147518907578,-0.01996073303513396,0.0,False,False,0.5235987755982988
1.357,0.5231464550065279,-0.005436995147564386,0.5227039221666419,-0.06480981742598323,0.09387914268100517,0.08441147518907578,0.0,False,False,0.5235987755982988
1.358,0.5231468524043049,0.00039739777705750153,0.5227887632249341,-0.04984472985416425,0.07439389854556268,0.09387914268100517,0.0,False,False,0.5235987755982988
1.359,0.5231518229659791,0.00497056167416518,0.5229301987205233,-0.03071670730982744,0.04889443257175284,0.07439389854556268,0.0,False,False,0.5235987755982988
1.36,0.5231590321330862,0.007209167107201642,0.5228293337364774,-0.037731534983427004,0.05912779549289713,0.04889443257175284,0.0,False,False,0.5235987755982988
1.361,0.5231665834789407,0.00755134585454818,0.523966216059963,0.07972985086346786,-0.1022897493461161,0.05912779549289713,0.0,False,False,0.5235987755982988
1.362,0.5231748974515605,0.008313972619840059,0.5216623871777338,-0.15862602244579194,0.22520621850512001,-0.1022897493461161,0.0,False,False,0.5235987755982988
1.363,0.5231757038773133,0.0008064257527824635,0.5239279408289157,0.0837919449169734,-0.10647530805147189,0.22520621850512001,0.0,False,False,0.5235987755982988
1.364,0.5231875255915864,0.011821714273187251,0.5228561865921267,-0.031762673253619686,0.05148181001544103,-0.10647530805147189,0.0,False,False,0.5235987755982988
1.365,0.5231907921975096,0.003266605923147859,0.5235197411959339,0.03776905445246043,-0.043900246100384364,0.05148181001544103,0.0,False,False,0.5235987755982988
1.366,0.5231956484679935,0.004856270483876919,0.5222121659848348,-0.09676537210269992,0.1410774195655926,-0.043900246100384364,0.0,False,False,0.5235987755982988
1.367,0.5231968613922464,0.0012129242529766659,0.5243563107252868,0.12732563915276923,-0.1664263992691062,0.1410774195655926,0.0,False,False,0.5235987755982988
1.368,0.5232047599039585,0.00789851171208351,0.524291781470606,0.10814014976941112,-0.14224228542482187,-0.1664263992691062,0.0,False,False,0.5235987755982988
1.369,0.5232020519091811,-0.0027079947773641123,0.5240394526164452,0.07209324937639897,-0.09444408557831448,-0.14224228542482187,0.0,False,False,0.5235987755982988
1.37,0.5231930501020922,-0.009001807088937948,0.5218711771921969,-0.15194361798607647,0.21342911289312644,-0.09444408557831448,0.0,False,False,0.5235987755982988
1.371,0.523181893937596,-0.011156164496187436,0.5239054385669841,0.06667688129125496,-0.08553219098584156,0.21342911289312644,0.0,False,False,0.5235987755982988
1.372,0.5231844919498969,0.002598012300926303,0.5235377946635316,0.023244802816873113,-0.0267961065544372,-0.08553219098584156,0.0,False,False,0.5235987755982988
1.373,0.5231820279114497,-0.002464038447123157,0.5217811644789468,-0.15474269592328593,0.21840823525627856,-0.0267961065544372,0.0,False,False,0.5235987755982988
1.374,0.5231789694178387,-0.0030584936110627076,0.5231577659505177,-0.0016082791738758484,0.009868108668711795,0.21840823525627856,0.0,False,False,0.5235987755982988
1.375,0.5231877540317486,0.008784613909813272,0.5235058703852838,0.033362992220130054,-0.03836329682988659,0.009868108668711795,0.0,False,False,0.5235987755982988
1.3760000000000001,0.5231945188732513,0.006764841502725957,0.5236797860941085,0.0474182638805805,-0.05836010558127054,-0.03836329682988659,0.0,False,False,0.5235987755982988
1.377,0.5231973830480067,0.002864174755403858,0.5233520727724988,0.009905105331558951,-0.007445475533471255,-0.05836010558127054,0.0,False,False,0.5235987755982988
1.3780000000000001,0.5231964643346285,-0.0009187133781624361,0.5234506116900902,0.01876848655754037,-0.01985523352129367,-0.007445475533471255,0.0,False,False,0.5235987755982988
1.379,0.5231954524426478,-0.0010118919807869527,0.5244814209771335,0.11997256660611069,-0.15985469674635644,-0.01985523352129367,0.0,False,False,0.5235987755982988
1.3800000000000001,0.5231937551453926,-0.0016972972552145998,0.5242636715688446,0.08620036911661043,-0.11540857040975608,-0.15985469674635644,0.0,False,False,0.5235987755982988
1.381,0.5231845798727758,-0.00917527261677724,0.5206826024338197,-0.2805265812975378,0.3891230145176695,-0.11540857040975608,0.0,False,False,0.5235987755982988
1.3820000000000001,0.5231722453287341,-0.012334544041682612,0.5228952279309995,-0.031211373449802016,0.05011750615114978,0.3891230145176695,0.0,False,False,0.5235987755982988
1.383,0.5231827093448407,0.010464016106587586,0.523039024217469,-0.013710607457878509,0.026528253804391777,0.05011750615114978,0.0,False,False,0.5235987755982988
1.3840000000000001,0.5231927563804558,0.010047035615156923,0.5216637619347768,-0.1498657749813042,0.21466917592096105,0.026528253804391777,0.0,False,False,0.5235987755982988
1.385,0.5232013058524272,0.00854947197134821,0.5232834960757148,0.027094216610622918,-0.026838028526234903,0.21466917592096105,0.0,False,False,0.5235987755982988
1.3860000000000001,0.523218135338517,0.016829486089789875,0.5243078820729387,0.12682339467194814,-0.16495199014985493,-0.026838028526234903,0.0,False,False,0.5235987755982988
1.387,0.5232294360702655,0.0113007317484945,0.5222812267354553,-0.0885244785435829,0.12994525378348287,-0.16495199014985493,0.0,False,False,0.5235987755982988
1.3880000000000001,0.5232293737707435,-6.229952200715629e-05,0.5235229389700904,0.044499192774284865,-0.05203397202139018,0.12994525378348287,0.0,False,False,0.5235987755982988
1.389,0.5232358276729049,0.006453902161407697,0.5224366209206106,-0.068582531451122,0.10321782193973418,-0.05203397202139018,0.0,False,False,0.5235987755982988
1.3900000000000001,0.5232377824099624,0.0019547370575718074,0.522651428555115,-0.040243514855566556,0.06534446460398785,0.10321782193973418,0.0,False,False,0.5235987755982988
1.391,0.5232443056582052,0.006523248242828667,0.5245335748214188,0.1519954632603686,-0.19922094192860249,0.06534446460398785,0.0,False,False,0.5235987755982988
1.3920000000000001,0.5232521796267039,0.007873968498690364,0.5227787086095341,-0.03869070425413801,0.06119005090273002,-0.19922094192860249,0.0,False,False,0.5235987755982988
1.393,0.5232478137869043,-0.004365839799592456,0.523651170275758,0.052424532793665816,-0.06385254354666478,0.06119005090273002,0.0,False,False,0.5235987755982988
1.3940000000000001,0.5232478142501437,4.6323931662470286e-07,0.5216148683927322,-0.15644810878828444,0.22344806024614058,-0.06385254354666478,0.0,False,False,0.5235987755982988
1.395,0.5232446219453809,-0.003192304762768844,0.5248698006035836,0.18468992317568195,-0.2445063579059439,0.22344806024614058,0.0,False,False,0.5235987755982988
1.3960000000000001,0.5232535644532721,0.008942507891165836,0.5237794779249344,0.05718866299319686,-0.07187903747127675,-0.2445063579059439,0.0,False,False,0.5235987755982988
1.397,0.5232477286739563,-0.005835779315754916,0.5230884675170254,-0.017631244097020438,0.030343038379345575,-0.07187903747127675,0.0,False,False,0.5235987755982988
1.3980000000000001,0.5232400249691499,-0.007703704806365447,0.5237422840490429,0.04951353351442753,-0.06199939233070625,0.030343038379345575,0.0,False,False,0.5235987755982988
1.399,0.5232360724434499,-0.003952525699912782,0.5220057728987637,-0.12908893486493261,0.18358077042955104,-0.06199939233070625,0.0,False,False,0.5235987755982988
1.4000000000000001,0.5232302063163148,-0.005866127135210746,0.5242621590637965,0.10945857512483702,-0.14329119252876227,0.18358077042955104,0.0,False,False,0.5235987755982988
1.401,0.5232352537430259,0.005047426711103009,0.5229525236900886,-0.032450819758434016,0.0505735180579047,-0.14329119252876227,0.0,False,False,0.5235987755982988
1.4020000000000001,0.5232316335416738,-0.003620201352144862,0.5230535492946466,-0.01910317732678591,0.032737886257882126,0.0505735180579047,0.0,False,False,0.5235987755982988
1.403,0.5232316308493945,-2.6922792413989864e-06,0.5228025803860412,-0.04228975045465043,0.0650792143662173,0.032737886257882126,0.0,False,False,0.5235987755982988
1.4040000000000001,0.5232332658698811,0.0016350204865372138,0.5227265519306693,-0.045663620946376646,0.0704963711529832,0.0650792143662173,0.0,False,False,0.5235987755982988
1.405,0.5232376588946666,0.004393024785450203,0.5238438733641545,0.07063488449678065,-0.0891736211815391,0.0704963711529832,0.0,False,False,0.5235987755982988
1.4060000000000001,0.5232442620521569,0.006603157490336937,0.5234675829077933,0.0259423504109798,-0.02876935206407597,-0.0891736211815391,0.0,False,False,0.5235987755982988
1.407,0.5232444681401959,0.00020608803900108285,0.5238132256882577,0.057912393416326834,-0.07335497371885251,-0.02876935206407597,0.0,False,False,0.5235987755982988
1.408,0.5232431731120559,-0.0012950281398947663,0.5232354982976453,-0.005651584986551751,0.013320893395626051,-0.07335497371885251,0.0,False,False,0.5235987755982988
1.409,0.5232386034817215,-0.004569630334472546,0.523686454802917,0.04000922403927499,-0.04958929453025692,0.013320893395626051,0.0,False,False,0.5235987755982988
1.41,0.5232360656962955,-0.0025377854259208076,0.5228705512138289,-0.04558205727346433,0.0678065076486164,-0.04958929453025692,0.0,False,False,0.5235987755982988
1.411,0.5232318158729982,-0.0042498232973480505,0.5251776239764558,0.1896834247165803,-0.25603938046672287,0.0678065076486164,0.0,False,False,0.5235987755982988
1.412,0.5232322294727056,0.0004135997074587979,0.5218639520622618,-0.16065210917448483,0.22400935465804858,-0.25603938046672287,0.0,False,False,0.5235987755982988
1.413,0.5232197153867637,-0.012514085941890771,0.5243200907846367,0.10102697398045701,-0.13421604213063043,0.22400935465804858,0.0,False,False,0.5235987755982988
1.414,0.5232217823481023,0.002066961338693763,0.5244155067919845,0.10046587731718615,-0.13526021426696486,-0.13421604213063043,0.0,False,False,0.5235987755982988
1.415,0.523216512349381,-0.005269998721348399,0.5224728635036829,-0.10384503924468395,0.14488046479670652,-0.13526021426696486,0.0,False,False,0.5235987755982988
1.416,0.5232060458172417,-0.010466532139356171,0.5251514540388429,0.17439851819577964,-0.23722643376472893,0.14488046479670652,0.0,False,False,0.5235987755982988
1.417,0.5232057467549511,-0.00029906229059792865,0.5240744759104015,0.04926085353205867,-0.067675629856318,-0.23722643376472893,0.0,False,False,0.5235987755982988
1.418,0.5231936772792223,-0.012069475728796845,0.5240411559374026,0.04100277087897038,-0.05716617115863322,-0.067675629856318,0.0,False,False,0.5235987755982988
1.419,0.5231815094008437,-0.01216787837857378,0.5232059633722043,-0.046616762728763916,0.06301073534421864,-0.05716617115863322,0.0,False,False,0.5235987755982988
1.42,0.523169789858716,-0.011719542127739655,0.5229802242745972,-0.06452899621659114,0.08856871928653795,0.06301073534421864,0.0,False,False,0.5235987755982988
1.421,0.5231644297083304,-0.005360150385547117,0.5229816860326014,-0.05792992079451249,0.08062351713596806,0.08856871928653795,0.0,False,False,0.5235987755982988
1.422,0.523165090053649,0.0006603453185831448,0.5235058922904265,0.0002836970674509054,0.0013314630607597967,0.08062351713596806,0.0,False,False,0.5235987755982988
1.423,0.523169580901803,0.0044908481540304294,0.5243923465984578,0.08890075816383061,-0.12096518779945832,0.0013314630607597967,0.0,False,False,0.5235987755982988
1.424,0.5231727953002944,0.0032143984913507164,0.5233310218044124,-0.02612179705709393,0.036165724758468604,-0.12096518779945832,0.0,False,False,0.5235987755982988
1.425,0.5231689924804304,-0.003802819863974497,0.5223736078719278,-0.11925101059984528,0.16515423179449315,0.036165724758468604,0.0,False,False,0.5235987755982988
1.426,0.5231681404514377,-0.000852028992711122,0.5238875887854958,0.04407218181694171,-0.058085255549875675,0.16515423179449315,0.0,False,False,0.5235987755982988
1.427,0.5231758049963273,0.007664544889634931,0.5239796606679169,0.04887215187735829,-0.06550251350595551,-0.058085255549875675,0.0,False,False,0.5235987755982988
1.428,0.5231783415791007,0.002536582773375846,0.5237496397916491,0.02098284906284467,-0.027894974355719155,-0.06550251350595551,0.0,False,False,0.5235987755982988
1.429,0.5231768359692054,-0.0015056098952809082,0.5238274064936493,0.026661234356581687,-0.036108837344207445,-0.027894974355719155,0.0,False,False,0.5235987755982988
1.43,0.5231743924646781,-0.0024435045272711386,0.5229379630693018,-0.0649492315138256,0.08983370333853614,-0.036108837344207445,0.0,False,False,0.5235987755982988
1.431,0.5231708827179397,-0.003509746738489969,0.5223601867338502,-0.1162319419076071,0.16177292984920347,0.08983370333853614,0.0,False,False,0.5235987755982988
1.432,0.5231729209423328,0.0020382243931780343,0.5224152792468895,-0.09909949641292075,0.14022233002087323,0.16177292984920347,0.0,False,False,0.5235987755982988
1.433,0.5231824303011242,0.009509358791451185,0.5217552193770766,-0.15519553375291656,0.21941865248550002,0.14022233002087323,0.0,False,False,0.5235987755982988
1.434,0.5231962570987584,0.013826797634227485,0.5234030337702337,0.02510545893808383,-0.026603197820528012,0.21941865248550002,0.0,False,False,0.5235987755982988
1.435,0.5232174064693802,0.021149370621763346,0.5231445836681758,-0.0032500971615073253,0.012075571336022274,-0.026603197820528012,0.0,False,False,0.5235987755982988
1.436,0.5232324329242962,0.015026454916062288,0.5228484712186795,-0.03253633239499099,0.05254907770713687,0.012075571336022274,0.0,False,False,0.5235987755982988
1.437,0.5232441874274342,0.01175450313793631,0.520664923431497,-0.24763747787374676,0.3499743124509297,0.05254907770713687,0.0,False,False,0.5235987755982988
1.438,0.5232553528211784,0.011165393744293694,0.522166862987988,-0.07267977443726936,0.1129901563103183,0.3499743124509297,0.0,False,False,0.5235987755982988
1.439,0.5232809321140678,0.025579292889405993,0.524259050101927,0.14380691440035676,-0.1844532383457349,0.1129901563103183,0.0,False,False,0.5235987755982988
1.44,0.5233069213446977,0.02598923062988668,0.5227269257449246,-0.02378621273991291,0.04423675264863082,-0.1844532383457349,0.0,False,False,0.5235987755982988
1.441,0.5233184144496359,0.011493104938237797,0.523633090051156,0.06920883915721443,-0.08366826714008647,0.04423675264863082,0.0,False,False,0.5235987755982988
1.442,0.5233289608003473,0.010546350711366136,0.5221153588197183,-0.08948516790227942,0.13408370349718518,-0.08366826714008647,0.0,False,False,0.5235987755982988
1.443,0.5233323815847036,0.0034207843563355033,0.5245878889663868,0.1667163635547968,-0.21786367689133898,0.13408370349718518,0.0,False,False,0.5235987755982988
1.444,0.523341476527362,0.00909494265830912,0.5232157886832671,0.012834698887354556,-0.008507874194255027,-0.21786367689133898,0.0,False,False,0.5235987755982988
1.445,0.523337087146452,-0.0043893809099105705,0.5235901951405734,0.048991874729243316,-0.0586358014360339,-0.008507874194255027,0.0,False,False,0.5235987755982988
1.446,0.5233335860009962,-0.003501145455764019,0.5253632117532304,0.2213943485220242,-0.2974330690151979,-0.0586358014360339,0.0,False,False,0.5235987755982988
1.447,0.5233282068143182,-0.005379186677995491,0.5246515504475462,0.12808878310139876,-0.17265648700813122,-0.2974330690151979,0.0,False,False,0.5235987755982988
1.448,0.5233095534283058,-0.01865338601249912,0.5230420244550616,-0.04567269445719503,0.06482875392690303,-0.17265648700813122,0.0,False,False,0.5235987755982988
1.449,0.5232867328474012,-0.022820580904564552,0.5227690505766374,-0.06840281285390426,0.09701842581459127,0.06482875392690303,0.0,False,False,0.5235987755982988
1.45,0.523272133548398,-0.014599299003230244,0.522988041932675,-0.039663395964749285,0.05858928113892769,0.09701842581459127,0.0,False,False,0.5235987755982988
1.451,0.5232661818313173,-0.005951717080617033,0.5237111519956207,0.036613949926293174,-0.04595951506334542,0.05858928113892769,0.0,False,False,0.5235987755982988
1.452,0.5232649179958884,-0.0012638354289702218,0.5231730926161264,-0.020853383015761028,0.0326863532980161,-0.04595951506334542,0.0,False,False,0.5235987755982988
1.453,0.5232617398868067,-0.0031781090816852663,0.5229168243028297,-0.0443948760438575,0.06554897457107293,0.0326863532980161,0.0,False,False,0.5235987755982988
1.454,0.5232611542957613,-0.000585591045452707,0.5245415114731813,0.1225133285956862,-0.16398524006270793,0.06554897457107293,0.0,False,False,0.5235987755982988
1.455,0.5232640241229372,0.0028698271758653237,0.5231643571904436,-0.027453432537648204,0.04076365038657119,-0.16398524006270793,0.0,False,False,0.5235987755982988
1.456,0.5232578281212936,-0.006196001643576464,0.5252645981771162,0.18531600938337736,-0.25236401767876643,0.04076365038657119,0.0,False,False,0.5235987755982988
1.457,0.5232554966174569,-0.0023315038368135355,0.5233346844429156,-0.02620696497501976,0.03620199876692082,-0.25236401767876643,0.0,False,False,0.5235987755982988
1.458,0.5232412525385705,-0.014244078886448004,0.5247992367473524,0.12286896196615833,-0.1690510550423546,0.03620199876692082,0.0,False,False,0.5235987755982988
1.459,0.5232325478779905,-0.008704660579992326,0.5235443678983718,-0.014904819128520277,0.01886512155291104,-0.1690510550423546,0.0,False,False,0.5235987755982988
1.46,0.5232178835952893,-0.014664282701167035,0.5240582252237941,0.0379713953265624,-0.05383576765078969,0.01886512155291104,0.0,False,False,0.5235987755982988
1.461,0.5232079713925193,-0.009912202770049481,0.5225756289602531,-0.11408537056019076,0.15531908415705153,-0.05383576765078969,0.0,False,False,0.5235987755982988
1.462,0.5231981589967679,-0.009812395751322074,0.5224531135240971,-0.11492837711977623,0.15853596987936291,0.15531908415705153,0.0,False,False,0.5235987755982988
1.463,0.5231988800540781,0.0007210573101958193,0.52360004917938,0.011258026120491274,-0.013532555804050255,0.15853596987936291,0.0,False,False,0.5235987755982988
1.464,0.523207308802135,0.008428748056847069,0.5240699842477492,0.05712573034536529,-0.07703263210454524,-0.013532555804050255,0.0,False,False,0.5235987755982988
1.465,0.5232126383633577,0.005329561222754047,0.5232477687886199,-0.030808388602101736,0.04328818889674268,-0.07703263210454524,0.0,False,False,0.5235987755982988
1.466,0.5232125329069354,-0.0001054564223488385,0.5220899429482893,-0.1435101337749555,0.1993711482301187,0.04328818889674268,0.0,False,False,0.5235987755982988
1.467,0.5232146239184171,0.0020910114816888817,0.5220275745599398,-0.1353959592324098,0.19075676976935482,0.1993711482301187,0.0,False,False,0.5235987755982988
1.468,0.5232260500955178,0.011426177100722669,0.521980638640857,-0.12654995521744683,0.1809864114948893,0.19075676976935482,0.0,False,False,0.5235987755982988
1.469,0.5232438704872449,0.01782039172704092,0.5217013291971523,-0.1418259040661711,0.20434512010004285,0.1809864114948893,0.0,False,False,0.5235987755982988
1.47,0.5232663975362217,0.022527048976865645,0.5233619415364757,0.038417920272792366,-0.04183849121453565,0.20434512010004285,0.0,False,False,0.5235987755982988
1.471,0.5232941931298224,0.027795593600647813,0.5242759791629901,0.12597989089694503,-0.1633655332407766,-0.04183849121453565,0.0,False,False,0.5235987755982988
1.472,0.5233144868820455,0.020293752223117884,0.5233027793993663,0.016061925444875003,-0.013946378953064963,-0.1633655332407766,0.0,False,False,0.5235987755982988
1.473,0.5233219250191654,0.007438137119950523,0.5213493410203547,-0.18088810500077537,0.2575555484039248,-0.013946378953064963,0.0,False,False,0.5235987755982988
1.474,0.5233265021338314,0.004577114665930726,0.5231600322280585,0.018269826269685097,-0.014026410859296679,0.2575555484039248,0.0,False,False,0.5235987755982988
1.475,0.5233425890638725,0.016086930041194485,0.5232005201383635,0.020491634673214187,-0.017421363329021156,-0.014026410859296679,0.0,False,False,0.5235987755982988
1.476,0.5233539115674728,0.011322503600213085,0.5251830155329288,0.2166920106624225,-0.28854673161824645,-0.017421363329021156,0.0,False,False,0.5235987755982988
1.477,0.5233612426654211,0.00733109794820567,0.5220896499536168,-0.11431374833501431,0.1643407596062927,-0.28854673161824645,0.0,False,False,0.5235987755982988
1.478,0.5233520112545046,-0.009231410916473273,0.5230110807305469,-0.010739295808505231,0.023465662589740435,0.1643407596062927,0.0,False,False,0.5235987755982988
1.479,0.5233536219875189,0.0016107330142616453,0.5248422592789925,0.17345248861690638,-0.23052569259277447,0.023465662589740435,0.0,False,False,0.5235987755982988
1.48,0.5233559173828688,0.0022953953498917987,0.5237485975638269,0.046741068238648514,-0.058786077265882954,-0.23052569259277447,0.0,False,False,0.5235987755982988
1.481,0.5233459917010743,-0.009925681794459658,0.5238375750936939,0.05096471440148659,-0.06545604819889517,-0.058786077265882954,0.0,False,False,0.5235987755982988
1.482,0.5233359215567918,-0.010070144282613673,0.5234359153416723,0.005702267759182457,-0.003911236691742223,-0.06545604819889517,0.0,False,False,0.5235987755982988
1.483,0.5233254081162169,-0.010513440574897927,0.5236133381709794,0.02287432391397477,-0.027711315005020897,-0.003911236691742223,0.0,False,False,0.5235987755982988
1.484,0.5233176335625086,-0.007774553708271282,0.5239962258924209,0.05887566366672334,-0.07780490169426547,-0.027711315005020897,0.0,False,False,0.5235987755982988
1.485,0.5233107261184146,-0.006907444093996077,0.5226043160426882,-0.08620288767321874,0.12134373720885357,-0.07780490169426547,0.0,False,False,0.5235987755982988
1.486,0.5233019496490586,-0.008776469355952329,0.5240682003104251,0.06880582786779457,-0.09101663825962686,0.12134373720885357,0.0,False,False,0.5235987755982988
1.487,0.5233017514848942,-0.00019816416438308768,0.5221035803206708,-0.13453675389441277,0.18835761967059897,-0.09101663825962686,0.0,False,False,0.5235987755982988
1.488,0.5232970627287775,-0.004688756116744508,0.523583617842978,0.026920673725747177,-0.03203196887512232,0.18835761967059897,0.0,False,False,0.5235987755982988
1.489,0.5233031920197998,0.006129291022266285,0.5234591729356765,0.011784115623015609,-0.011628090820416208,-0.03203196887512232,0.0,False,False,0.5235987755982988
1.49,0.5233059118910541,0.0027198712543519384,0.5227680947137423,-0.05850211813270087,0.08515479768125825,-0.011628090820416208,0.0,False,False,0.5235987755982988
1.491,0.5233072285101684,0.001316619114254215,0.5232874318728608,-0.0007181904075858753,0.006466015546988174,0.08515479768125825,0.0,False,False,0.5235987755982988
1.492,0.5233124031865538,0.005174676385379407,0.5227691344170597,-0.05247611694692817,0.07790488159861708,0.006466015546988174,0.0,False,False,0.5235987755982988
1.493,0.5233163617999098,0.003958613355995562,0.5223811259623233,-0.08602935072587639,0.12515291431861034,0.07790488159861708,0.0,False,False,0.5235987755982988
1.494,0.5233230275081326,0.006665708222812744,0.5230144404318953,-0.014094968696095486,0.027431995430578466,0.12515291431861034,0.0,False,False,0.5235987755982988
1.495,0.523333995380628,0.010967872495361505,0.5223705835510363,-0.07707115991238543,0.11459284874558831,0.027431995430578466,0.0,False,False,0.5235987755982988
1.496,0.5233432950896162,0.009299708988227203,0.523624989017892,0.05607650276442655,-0.06776364486998929,0.11459284874558831,0.0,False,False,0.5235987755982988
1.497,0.5233556824096283,0.012387320012061222,0.522352043482009,-0.07682570110031352,0.11463201941359233,-0.06776364486998929,0.0,False,False,0.5235987755982988
1.498,0.5233613278794335,0.005645469805217711,0.5239826450419205,0.09391702500086378,-0.1196100799862267,0.11463201941359233,0.0,False,False,0.5235987755982988
1.499,0.5233710323206942,0.00970444126064694,0.5223399973317566,-0.07973944851560949,0.11834534701649087,-0.1196100799862267,0.0,False,False,0.5235987755982988
1.5,0.5233720149440383,0.0009826233440863273,0.5228778294033287,-0.017982296506838816,0.0345557873176683,0.11834534701649087,0.8,False,False,0.5235987755982988
1.5010000000000001,0.5233386163542004,-0.033398589837831394,0.5227935470545738,-0.024612301731645428,0.04402887586502452,0.0345557873176683,0.8,False,False,0.5235987755982988
1.502,0.5232726684022599,-0.06594795194045855,0.5244290770768049,0.14140193066462373,-0.1846277434106573,0.04402887586502452,0.8,False,False,0.5235987755982988
1.5030000000000001,0.5231751692987261,-0.09749910353386766,0.5234634016505882,0.030694194976499722,-0.03439630291300939,-0.1846277434106573,0.8,False,False,0.5235987755982988
1.504,0.5230348281048779,-0.14034119384815952,0.5228500555052695,-0.03370983905302184,0.05392876853815338,-0.03439630291300939,0.8,False,False,0.5235987755982988
1.5050000000000001,0.5228593284510159,-0.1754996538620418,0.5232945432655345,0.014109920878775887,-0.011455723064773098,0.05392876853815338,0.8,False,False,0.5235987755982988
1.506,0.5226532272339096,-0.20610121710632023,0.5208143550122231,-0.23531989654024382,0.3325034463976561,-0.011455723064773098,0.8,False,False,0.5235987755982988
1.5070000000000001,0.522413377635505,-0.23984959840457112,0.5223757364776331,-0.05564976034521227,0.08879441658623698,0.3325034463976561,0.8,False,False,0.5235987755982988
1.508,0.5221571126078135,-0.2562650276915299,0.5239002725707115,0.10236882499714328,-0.12826953549999986,0.08879441658623698,0.8,False,False,0.5235987755982988
1.5090000000000001,0.5218723123610619,-0.28480024675154103,0.5219878064755739,-0.09911466701633315,0.14793504462864904,-0.12826953549999986,0.8,False,False,0.5235987755982988
1.51,0.5215482378385223,-0.32407452253954,0.5216075032588958,-0.12723352198250334,0.1885231284882579,0.14793504462864904,0.8,False,False,0.5235987755982988
1.5110000000000001,0.5211988563663044,-0.34938147221794946,0.5216771886137233,-0.1075416343015099,0.163638526884172,0.1885231284882579,0.8,False,False,0.5235987755982988
1.512,0.5208262985763997,-0.37255778990466476,0.5216078615910977,-0.10372017313391096,0.16030065989031267,0.163638526884172,0.8,False,False,0.5235987755982988
1.5130000000000001,0.5204294129439989,-0.3968856324008375,0.5186862944195064,-0.38550487297965086,0.5510305087938441,0.16030065989031267,0.8,False,False,0.5235987755982988
1.514,0.5200081298871222,-0.4212830568767185,0.5185400230770849,-0.3615815199238369,0.5249553692904545,0.5510305087938441,0.8,False,False,0.5235987755982988
1.5150000000000001,0.5195820834879127,-0.4260463992095194,0.5197655972587988,-0.20286594976006592,0.31243634982307966,0.5249553692904545,0.8,False,False,0.5235987755982988
1.516,0.5191499890427645,-0.43209444514815865,0.5185261415552421,-0.30652492513972507,0.4591373229426905,0.31243634982307966,0.8,False,False,0.5235987755982988
1.5170000000000001,0.5187012447928881,-0.44874424987641204,0.5198462028276422,-0.14386630538574954,0.2401858763347193,0.4591373229426905,0.8,False,False,0.5235987755982988
1.518,0.5182432523861584,-0.4579924067297719,0.5179682108450854,-0.3172788731028527,0.4820848132812651,0.2401858763347193,0.8,False,False,0.5235987755982988
1.5190000000000001,0.5177651012428723,-0.4781511432861168,0.5160769047019113,-0.47468160010997945,0.7050115962669514,0.4820848132812651,0.8,False,False,0.5235987755982988
1.52,0.5172789669448234,-0.48613429804890906,0.5161724160543216,-0.41766230485794437,0.6348692376211227,0.7050115962669514,0.8,False,False,0.5235987755982988
1.5210000000000001,0.5167960277637801,-0.48293918104336586,0.5143964827684958,-0.5534894029547314,0.8298285544821317,0.6348692376211227,0.8,False,False,0.5235987755982988
1.522,0.516312763801342,-0.48326396243813624,0.5161084507269126,-0.32694366681758114,0.5271582478660495,0.8298285544821317,0.8,False,False,0.5235987755982988
1.5230000000000001,0.5158389243224777,-0.47383947886427713,0.5156745281585147,-0.33764155697561454,0.5478063222868521,0.5271582478660495,0.8,False,False,0.5235987755982988
1.524,0.5153593381139222,-0.47958620855551753,0.5149889245220406,-0.37243776492546055,0.6019026372832006,0.5478063222868521,0.8,False,False,0.5235987755982988
1.5250000000000001,0.5148750605663153,-0.48427754760695285,0.5158165601394064,-0.2524304266963382,0.4429963902956701,0.6019026372832006,0.8,False,False,0.5235987755982988
1.526,0.5143888152607629,-0.486245305552365,0.5154347211256469,-0.26537128540264765,0.4653985229909113,0.4429963902956701,0.8,False,False,0.5235987755982988
1.5270000000000001,0.5138926647559475,-0.49615050481537204,0.5137439728062052,-0.40790898880655435,0.6668772368255502,0.4653985229909113,0.8,False,False,0.5235987755982988
1.528,0.5133877687793009,-0.5048959766465649,0.5115248971283537,-0.5890256577110501,0.9241606017122722,0.6668772368255502,0.8,False,False,0.5235987755982988
1.5290000000000001,0.5128842362484022,-0.5035325308987012,0.5134229160479774,-0.340321199977574,0.5915509118788742,0.9241606017122722,0.8,False,False,0.5235987755982988
1.53,0.5123949258777127,-0.4893103706894928,0.5128795691038178,-0.360623774395775,0.6256942461755879,0.5915509118788742,0.8,False,False,0.5235987755982988
1.5310000000000001,0.5119031502940999,-0.4917755836127911,0.5121731453729577,-0.3952037700422137,0.6799058681067972,0.6256942461755879,0.8,False,False,0.5235987755982988
1.532,0.5114106265251304,-0.49252376896956057,0.5122671291834842,-0.34628501198534245,0.6195116498490747,0.6799058681067972,0.8,False,False,0.5235987755982988
1.5330000000000001,0.510920068144642,-0.4905583804883425,0.5099035638694928,-0.5480130421859482,0.9041294617416468,0.6195116498490747,0.8,False,False,0.5235987755982988
1.534,0.510428447580168,-0.4916205644739354,0.5121814173479731,-0.2654263901193227,0.5240241166490507,0.9041294617416468,0.8,False,False,0.5235987755982988
1.5350000000000001,0.5099499999710391,-0.4784476091289573,0.5091127413096722,-0.5457513549374758,0.9156502431202499,0.5240241166490507,0.8,False,False,0.5235987755982988
1.536,0.5094656673581791,-0.4843326128599889,0.5101194877037334,-0.3905015800376107,0.7112290781473105,0.9156502431202499,0.8,False,False,0.5235987755982988
1.537,0.5089950545879266,-0.47061277025253645,0.5075225659432542,-0.6111435980817705,1.022744091488928,0.7112290781473105,0.8,False,False,0.5235987755982988
1.538,0.5085278857226624,-0.4671688652641608,0.5077160766372675,-0.5306781688722636,0.9227023839452804,1.022744091488928,0.8,False,False,0.5235987755982988
1.539,0.5080797227374337,-0.4481629852286578,0.5094030040154022,-0.3089176141715678,0.626225025498021,0.9227023839452804,0.8,False,False,0.5235987755982988
1.54,0.5076454875233433,-0.4342352140904791,0.5074178094768815,-0.47654530660647504,0.8631117581132811,0.626225025498021,0.8,False,False,0.5235987755982988
1.541,0.507210300501384,-0.43518702195921616,0.5079432712474589,-0.37634459888809463,0.7334125969808327,0.8631117581132811,0.8,False,False,0.5235987755982988
1.542,0.5067860098154183,-0.42429068596571523,0.5069927924010931,-0.4337580236358639,0.8194173259127401,0.7334125969808327,0.8,False,False,0.5235987755982988
1.543,0.5063660869220455,-0.41992289337281075,0.5062744936520943,-0.4622120961721533,0.866491590438265,0.8194173259127401,0.8,False,False,0.5235987755982988
1.544,0.5059548145865419,-0.4112723355036825,0.5071449985202654,-0.3289403997378295,0.6908964670899969,0.866491590438265,0.8,False,False,0.5235987755982988
1.545,0.5055545119199022,-0.4003026666397545,0.5053479881351984,-0.4757473982707432,0.8994110522606987,0.6908964670899969,0.8,False,False,0.5235987755982988
1.546,0.5051563552872835,-0.39815663261869566,0.5036023681326478,-0.6027346586987318,1.0832169248201962,0.8994110522606987,0.8,False,False,0.5235987755982988
1.547,0.5047707618338083,-0.3855934534751859,0.5040698026193794,-0.4957177441556998,0.9463828066073894,1.0832169248201962,0.8,False,False,0.5235987755982988
1.548,0.504406871600388,-0.3638902334202754,0.5048878771241682,-0.364338519261253,0.7740023956478554,0.9463828066073894,0.8,False,False,0.5235987755982988
1.549,0.5040577560682318,-0.3491155321562248,0.5044029028746141,-0.3764020922905348,0.7972082197749668,0.7740023956478554,0.8,False,False,0.5235987755982988
1.55,0.5037147371179865,-0.3430189502452072,0.502347220816129,-0.5443300889099866,1.0357240927710398,0.7972082197749668,0.8,False,False,0.5235987755982988
1.551,0.5033789506545311,-0.335786463455478,0.5027468425607379,-0.44993490555810434,0.9152566813458222,1.0357240927710398,0.8,False,False,0.5235987755982988
1.552,0.503062293541568,-0.31665711296310417,0.5025546458979318,-0.424161081282906,0.8877876321460944,0.9152566813458222,0.8,False,False,0.5235987755982988
1.553,0.502758665891124,-0.30362765044396084,0.5024397335044629,-0.393236212501499,0.8527462126908449,0.8877876321460944,0.8,False,False,0.5235987755982988
1.554,0.502466642132889,-0.2920237582348811,0.5012659310156876,-0.47129284012887906,0.9675426106416565,0.8527462126908449,0.8,False,False,0.5235987755982988
1.555,0.5021844237803217,-0.2822183525674018,0.5016360665422672,-0.38715000345803047,0.8599087671582052,0.9675426106416565,0.8,False,False,0.5235987755982988
1.556,0.5019177114316966,-0.266712348625056,0.50128187883508,-0.38385377383094776,0.8623286703350757,0.8599087671582052,0.8,False,False,0.5235987755982988
1.557,0.5016610613708239,-0.25665006087267683,0.5023343511543984,-0.2402211645160154,0.671025037409426,0.8623286703350757,0.8,False,False,0.5235987755982988
1.558,0.5014145543437114,-0.24650702711251804,0.5021206458899531,-0.23756957450894461,0.6716898241609566,0.671025037409426,0.8,False,False,0.5235987755982988
1.559,0.5011685845965775,-0.245969747133833,0.501041340967703,-0.32174310928305583,0.7921255544903911,0.6716898241609566,0.8,False,False,0.5235987755982988
1.56,0.50092318321964,-0.2454013769374992,0.5005810639578004,-0.335596499345009,0.8170346087429815,0.7921255544903911,0.8,False,False,0.5235987755982988
1.561,0.5006843697259346,-0.2388134937054936,0.5008064767233681,-0.2794955728537436,0.7456560671732454,0.8170346087429815,0.8,False,False,0.5235987755982988
1.562,0.5004533632166405,-0.23100650929403263,0.49974076700589415,-0.35811698731576314,0.8591845394421997,0.7456560671732454,0.8,False,False,0.5235987755982988
1.563,0.5002265635367411,-0.22679967989930774,0.49922576374667493,-0.3738056145061084,0.88728095073656,0.8591845394421997,0.8,False,False,0.5235987755982988
1.564,0.5000096302825318,-0.2169332542092964,0.49918913249289,-0.34008817843399225,0.8474793900181496,0.88728095073656,0.8,False,False,0.5235987755982988
1.565,0.4998039288088716,-0.20570147366017993,0.49924994981655635,-0.2999976282239568,0.7982760179401125,0.8474793900181496,0.8,False,False,0.5235987755982988
1.566,0.49960742411059295,-0.1965046982786173,0.4985921016822397,-0.3357826788332241,0.8530593450889327,0.7982760179401125,0.8,False,False,0.5235987755982988
1.567,0.49941761923196937,-0.18980487862357973,0.49955904287646824,-0.2055102915270496,0.6793275388254099,0.8530593450889327,0.8,False,False,0.5235987755982988
1.568,0.49923722654004615,-0.1803926919231971,0.4998740235955929,-0.15346119046187776,0.6111989646029596,0.6793275388254099,0.8,False,False,0.5235987755982988
1.569,0.4990575217956562,-0.17970474438995582,0.4976725172505694,-0.35826570591804285,0.8965914973607813,0.6111989646029596,0.8,False,False,0.5235987755982988
1.57,0.4988750958182857,-0.1824259773704843,0.49889702475566083,-0.19998838481709316,0.6846175769479954,0.8965914973607813,0.8,False,False,0.5235987755982988
1.571,0.49870422911954937,-0.17086669873635424,0.4985122989310299,-0.2184621287984788,0.7137111345690152,0.6846175769479954,0.8,False,False,0.5235987755982988
1.572,0.4985342767659998,-0.16995235354955773,0.49883229931533857,-0.16461587748776263,0.6433356260785996,0.7137111345690152,0.8,False,False,0.5235987755982988
1.573,0.49836668977809373,-0.16758698790607393,0.49835539857286576,-0.19584436398626714,0.6893940232413156,0.6433356260785996,0.8,False,False,0.5235987755982988
1.574,0.49819793991881084,-0.16874985928288902,0.4969294352468396,-0.3188562601902585,0.8626756385545764,0.6893940232413156,0.8,False,False,0.5235987755982988
1.575,0.4980303347595642,-0.16760515924663927,0.4969286922742142,-0.28704493143376936,0.8245154175540461,0.8626756385545764,0.8,False,False,0.5235987755982988
1.576,0.49787253380225105,-0.1578009573131452,0.4978982107158344,-0.16138859412837372,0.656276480838408,0.8245154175540461,0.8,False,False,0.5235987755982988
1.577,0.4977225898179623,-0.14994398428875855,0.498620370534525,-0.07303375284647483,0.5372517945636982,0.656276480838408,0.8,False,False,0.5235987755982988
1.578,0.4975720594299612,-0.15053038800112994,0.4956398164359223,-0.3637857874220979,0.9398042098292946,0.5372517945636982,0.8,False,False,0.5235987755982988
1.579,0.49741499374975906,-0.1570656802021442,0.4977166971062189,-0.11971914165022823,0.6095403828377122,0.9398042098292946,0.8,False,False,0.5235987755982988
1.58,0.49727154654095823,-0.14344720880081632,0.4983096875832806,-0.04844817977903709,0.5133414000051726,0.6095403828377122,0.8,False,False,0.5235987755982988
1.581,0.4971251501330657,-0.14639640789256284,0.4969916098640383,-0.1754111337253639,0.6894223436871262,0.5133414000051726,0.8,False,False,0.5235987755982988
1.582,0.49697100637554154,-0.1541437575241275,0.4974511486309592,-0.1119161436607378,0.6049566578049987,0.6894223436871262,0.8,False,False,0.5235987755982988
1.583,0.49681795030780634,-0.15305606773518335,0.4962044067912745,-0.22539871326313463,0.7635770944421996,0.6049566578049987,0.8,False,False,0.5235987755982988
1.584,0.49666175429452813,-0.15619601327820373,0.49655758763487945,-0.16754075757632395,0.6877902924331374,0.7635770944421996,0.8,False,False,0.5235987755982988
1.585,0.49651036191804965,-0.15139237647846945,0.4950958480288215,-0.2969606424244859,0.8694054671599747,0.6877902924331374,0.8,False,False,0.5235987755982988
1.586,0.49635996462250503,-0.15039729554459608,0.4943141391460547,-0.3454354664587169,0.9416460158908542,0.8694054671599747,0.8,False,False,0.5235987755982988
1.587,0.4962196391859728,-0.1403254365322645,0.49704235755130194,-0.038070079288122394,0.5236996199916907,0.9416460158908542,0.8,False,False,0.5235987755982988
1.588,0.49609295734232234,-0.12668184365042492,0.49523338711211057,-0.2151601152784472,0.7687691310855251,0.5236996199916907,0.8,False,False,0.5235987755982988
1.589,0.4959589671692491,-0.13399017307323713,0.4955614441327579,-0.1608384016858715,0.6976780484027827,0.7687691310855251,0.8,False,False,0.5235987755982988
1.59,0.49582995139522285,-0.1290157740262455,0.49462005228480616,-0.23889374631245658,0.8082895152178158,0.6976780484027827,0.8,False,False,0.5235987755982988
1.591,0.49570233555678356,-0.12761583843928276,0.49447190487317455,-0.22981911284437143,0.8000666084654825,0.8082895152178158,0.8,False,False,0.5235987755982988
1.592,0.4955816446230323,-0.12069093375126835,0.495429942611495,-0.11103342772789157,0.6402791070359389,0.8000666084654825,0.8,False,False,0.5235987755982988
1.593,0.4954674397146314,-0.11420490840085715,0.49483076350537497,-0.1598479955671031,0.7096418123531529,0.6402791070359389,0.8,False,False,0.5235987755982988
1.594,0.49535170544959645,-0.11573426503498509,0.4956815473691993,-0.05878480962796166,0.5730518796773456,0.7096418123531529,0.8,False,False,0.5235987755982988
1.595,0.4952379160992852,-0.11378935031125925,0.49563283036943334,-0.057778028641759585,0.5727206484896901,0.5730518796773456,0.8,False,False,0.5235987755982988
1.596,0.4951192343631548,-0.11868173613040399,0.495399228499766,-0.0753604127443202,0.5980243430667753,0.5727206484896901,0.8,False,False,0.5235987755982988
1.597,0.49499566330227407,-0.1235710608807446,0.4952038817722523,-0.0873590442212583,0.6159389419343477,0.5980243430667753,0.8,False,False,0.5235987755982988
1.598,0.4948684876912013,-0.12717561107279768,0.4962453501916684,0.025523702142477775,0.4617332147483746,0.6159389419343477,0.8,False,False,0.5235987755982988
1.599,0.4947386176936935,-0.129869997507827,0.493806966376513,-0.22086704958730755,0.8012930254969137,0.4617332147483746,0.8,False,False,0.5235987755982988
1.6,0.4945983538094343,-0.1402638842591871,0.49455041409496514,-0.12443557278336288,0.6721931944000417,0.8012930254969137,0.8,False,False,0.5235987755982988
1.601,0.4944647156222685,-0.13363818716577247,0.495453173960863,-0.02171602891523819,0.5326800641721301,0.6721931944000417,0.8,False,False,0.5235987755982988
1.602,0.49433122162871984,-0.13349399354869088,0.49543474078849437,-0.021387743260580298,0.5326179184891765,0.5326800641721301,0.8,False,False,0.5235987755982988
1.603,0.49419089559522855,-0.14032603349126982,0.4929501727519169,-0.2677057725922706,0.8729217783455995,0.5326179184891765,0.8,False,False,0.5235987755982988
1.604,0.49404376175213743,-0.14713384309110153,0.49377118020746663,-0.1588344497780686,0.7274980567686616,0.8729217783455995,0.8,False,False,0.5235987755982988
1.605,0.49390686252844673,-0.13689922369067573,0.4950920467666306,-0.010864348883864866,0.5261583376306658,0.7274980567686616,0.8,False,False,0.5235987755982988
1.606,0.49377288579088346,-0.13397673756324638,0.494216268453199,-0.09735574533863914,0.6457120230181638,0.5261583376306658,0.8,False,False,0.5235987755982988
1.607,0.49363175285892796,-0.14113293195550614,0.49380215199926536,-0.1290318161981385,0.6911774042203684,0.6457120230181638,0.8,False,False,0.5235987755982988
1.608,0.4934894700509416,-0.14228280798632179,0.49329950431936015,-0.16639340256884566,0.7450589661035107,0.6911774042203684,0.8,False,False,0.5235987755982988
1.609,0.4933483152364565,-0.1411548144851247,0.4930133857451664,-0.1783659197313361,0.7645761210339868,0.7450589661035107,0.8,False,False,0.5235987755982988
1.61,0.49321097798064445,-0.1373372558120795,0.4934624965615414,-0.11561824612070268,0.6811949180064767,0.7645761210339868,0.8,False,False,0.5235987755982988
1.611,0.49307841886688464,-0.13255911375978696,0.4928581808954937,-0.16448798811340073,0.7507162903865727,0.6811949180064767,0.8,False,False,0.5235987755982988
1.612,0.4929464497144806,-0.1319691524040385,0.4929092928580714,-0.142927993044293,0.7239242809772453,0.7507162903865727,0.8,False,False,0.5235987755982988
1.613,0.49281854423092974,-0.12790548355087641,0.4928871345414055,-0.1308510254064547,0.7098307695118257,0.7239242809772453,0.8,False,False,0.5235987755982988
1.614,0.49269334654991814,-0.12519768101159887,0.49210161751310605,-0.1963176256957524,0.8025299963683726,0.7098307695118257,0.8,False,False,0.5235987755982988
1.615,0.49257014115426184,-0.12320539565629325,0.4930345116353022,-0.08339645090656121,0.6502324924218124,0.8025299963683726,0.8,False,False,0.5235987755982988
1.616,0.49245355502649635,-0.11658612776549723,0.49499671324267003,0.12116335492087679,0.369441096496266,0.6502324924218124,0.8,False,False,0.5235987755982988
1.617,0.49233594676413256,-0.11760826236380285,0.49078523338312313,-0.31210096652590036,0.9651649197042427,0.369441096496266,0.8,False,False,0.5235987755982988
1.618,0.49220328089599125,-0.1326658681412892,0.4924860351642319,-0.1108106917624341,0.6930021579281255,0.9651649197042427,0.8,False,False,0.5235987755982988
1.619,0.4920854039165311,-0.1178769794601391,0.49142201291715976,-0.2061318472934045,0.8265399450125884,0.6930021579281255,0.8,False,False,0.5235987755982988
1.62,0.4919686484617165,-0.11675545481459482,0.49247252726607715,-0.08046722767232434,0.6568331431867791,0.8265399450125884,0.8,False,False,0.5235987755982988
1.621,0.49185968692398296,-0.10896153773352985,0.491900315984032,-0.1296416331096073,0.7261422327883315,0.6568331431867791,0.8,False,False,0.5235987755982988
1.622,0.4917500026672114,-0.10968425677151984,0.49241484637866534,-0.06522443033531268,0.6395800423557778,0.7261422327883315,0.8,False,False,0.5235987755982988
1.623,0.49164306405226044,-0.10693861495096305,0.4926688870592067,-0.03329791924764578,0.5966954968008331,0.6395800423557778,0.8,False,False,0.5235987755982988
1.624,0.49153453192168817,-0.10853213057226489,0.4917024510244593,-0.12661173079761984,0.7260679192862549,0.5966954968008331,0.8,False,False,0.5235987755982988
1.625,0.4914222684623744,-0.11226345931376272,0.4924101704492526,-0.043178615238527146,0.6132092309690642,0.7260679192862549,0.8,False,False,0.5235987755982988
1.6260000000000001,0.49131275729304064,-0.10951116933375732,0.4892669714483316,-0.35318065380677705,1.0417892592675426,0.6132092309690642,0.8,False,False,0.5235987755982988
1.627,0.49120034441947535,-0.11241287356525939,0.49258827587920256,0.014267854660998114,0.5410675693505348,1.0417892592675426,0.8,False,False,0.5235987755982988
1.6280000000000001,0.49110647050291634,-0.09387391655900405,0.49143377397542315,-0.10260912118304313,0.7021009746314137,0.5410675693505348,0.8,False,False,0.5235987755982988
1.629,0.4910060244552911,-0.10044604762521718,0.49194662022421604,-0.0410635841854502,0.6190150977560303,0.7021009746314137,0.8,False,False,0.5235987755982988
1.6300000000000001,0.4909070847195781,-0.09893973571303694,0.489842542308943,-0.2473650172942113,0.9044502199614587,0.6190150977560303,0.8,False,False,0.5235987755982988
1.631,0.49080549089199066,-0.10159382758743833,0.49008050740396986,-0.19883200606210197,0.8419272347724436,0.9044502199614587,0.8,False,False,0.5235987755982988
1.6320000000000001,0.4907155254861958,-0.08996540579489269,0.4908428806730743,-0.10271147854544742,0.7128598829085782,0.8419272347724436,0.8,False,False,0.5235987755982988
1.633,0.4906340148178971,-0.08151066829872278,0.4906191464545706,-0.11481375254127174,0.7314098276366338,0.7128598829085782,0.8,False,False,0.5235987755982988
1.6340000000000001,0.4905544697262851,-0.07954509161201027,0.4908014936697724,-0.08509765576696733,0.6924682616338366,0.7314098276366338,0.8,False,False,0.5235987755982988
1.635,0.49047780909499344,-0.0766606312916087,0.49142422711229466,-0.014314545938042308,0.5963193278737254,0.6924682616338366,0.8,False,False,0.5235987755982988
1.6360000000000001,0.4904020729004394,-0.07573619455404679,0.48886162757418306,-0.269143045155399,0.9482403186205625,0.5963193278737254,0.8,False,False,0.5235987755982988
1.637,0.49032244945427234,-0.07962344616708436,0.49117226691028143,-0.011164807030021706,0.597074924820339,0.9482403186205625,0.8,False,False,0.5235987755982988
1.6380000000000001,0.49025655233925114,-0.0658971150211979,0.4902637796691071,-0.10089705044445113,0.721106387258792,0.597074924820339,0.8,False,False,0.5235987755982988
1.639,0.4901867560883317,-0.06979625091944551,0.49000892286670844,-0.11629302563987332,0.7441689799364747,0.721106387258792,0.8,False,False,0.5235987755982988
1.6400000000000001,0.490119283184338,-0.06747290399369404,0.4888354929585248,-0.22200671389425025,0.8921471441890326,0.7441689799364747,0.8,False,False,0.5235987755982988
1.641,0.49005527454880016,-0.0640086355378568,0.49049426732684764,-0.033928605672540635,0.6365954756931699,0.8921471441890326,0.8,False,False,0.5235987755982988
1.6420000000000001,0.4900021094165546,-0.053165132245545525,0.48789540289161776,-0.2904221886282751,0.9911673350741892,0.6365954756931699,0.8,False,False,0.5235987755982988
1.643,0.4899469280883668,-0.05518132818775365,0.4905127586056833,0.0003556016411039864,0.5951215838977549,0.9911673350741892,0.8,False,False,0.5235987755982988
1.6440000000000001,0.4899074778847403,-0.03945020362652718,0.4886053699038791,-0.1904188287034244,0.8583838969436642,0.5951215838977549,0.8,False,False,0.5235987755982988
1.645,0.48986371375940574,-0.04376412533455182,0.48991036458872667,-0.04087747734832484,0.6554443709902885,0.8583838969436642,0.8,False,False,0.5235987755982988
1.6460000000000001,0.48982889491356807,-0.034818845837668644,0.4897249004847108,-0.0553361400150799,0.6761331200626803,0.6554443709902885,0.8,False,False,0.5235987755982988
1.647,0.4897926295766124,-0.03626533695565633,0.49081324414651006,0.059031840166355425,0.519301357932571,0.6761331200626803,0.8,False,False,0.5235987755982988
1.6480000000000001,0.4897560049337108,-0.03662464290158707,0.4896000988874608,-0.0681858697552054,0.6937992245013306,0.519301357932571,0.8,False,False,0.5235987755982988
1.649,0.48971119153613346,-0.044813397577335844,0.48910544136828105,-0.11083303469766126,0.7538796577775133,0.6937992245013306,0.8,False,False,0.5235987755982988
1.6500000000000001,0.4896671130545264,-0.0440784816070187,0.48922501880231756,-0.08779198782424406,0.7240780077167556,0.7538796577775133,0.8,False,False,0.5235987755982988
1.651,0.4896267604525826,-0.04035260194382361,0.4907375602179161,0.07224135251803371,0.5048122538252486,0.7240780077167556,0.8,False,False,0.5235987755982988
1.6520000000000001,0.4895885646747538,-0.03819577782874374,0.49005657206878744,-0.0030815976466343764,0.6074575807071659,0.5048122538252486,0.8,False,False,0.5235987755982988
1.653,0.48954150469884666,-0.04705997590715454,0.48920497905524746,-0.08793273923596956,0.7246076248580879,0.6074575807071659,0.8,False,False,0.5235987755982988
1.6540000000000001,0.4894908983232553,-0.05060637559136706,0.48928455989660863,-0.07118138117625551,0.70307354004193,0.7246076248580879,0.8,False,False,0.5235987755982988
1.655,0.4894426491357644,-0.048249187490911186,0.4880750291261373,-0.18501632010576113,0.8614470206258203,0.70307354004193,0.8,False,False,0.5235987755982988
1.6560000000000001,0.4893956510626278,-0.04699807313661432,0.48973465875582345,-0.0005517251265718115,0.6102161733164427,0.8614470206258203,0.8,False,False,0.5235987755982988
1.657,0.4893578051525762,-0.03784591005159422,0.4878220762361962,-0.19175480457663718,0.8740863540098113,0.6102161733164427,0.8,False,False,0.5235987755982988
1.6580000000000001,0.48931635487279773,-0.04145027977846427,0.489972421054482,0.04245515770960634,0.5543281925371747,0.8740863540098113,0.8,False,False,0.5235987755982988
1.659,0.4892845875609566,-0.03176731184110769,0.48939683107486315,-0.01934935602324163,0.638854228649732,0.5543281925371747,0.8,False,False,0.5235987755982988
1.6600000000000001,0.4892461831181434,-0.03840444281322276,0.4913291915175918,0.17582162385194783,0.3698665648303889,0.638854228649732,0.8,False,False,0.5235987755982988
1.661,0.4892056226181652,-0.04056049997816884,0.4882455732366282,-0.15012236662960649,0.8165044824655987,0.3698665648303889,0.8,False,False,0.5235987755982988
1.6620000000000001,0.48914951341838137,-0.05610919978383838,0.4890599238430993,-0.05367506931953438,0.6861094147770321,0.8165044824655987,0.8,False,False,0.5235987755982988
1.663,0.4891004101470467,-0.049103271334655745,0.490669712211008,0.11267127440328947,0.4575176116872869,0.6861094147770321,0.8,False,False,0.5235987755982988
1.6640000000000001,0.4890517209656606,-0.04868918138610522,0.49009140456052236,0.043573381914394,0.5508446203827034,0.4575176116872869,0.8,False,False,0.5235987755982988
1.665,0.4889920109442278,-0.05971002143278429,0.4883844513146211,-0.13147928086717087,0.7916329741468038,0.5508446203827034,0.8,False,False,0.5235987755982988
1.666,0.4889260514516382,-0.06595949258957214,0.48912149990375525,-0.04462649386703897,0.6741427551422309,0.7916329741468038,0.8,False,False,0.5235987755982988
1.667,0.4888659210774071,-0.06013037423109976,0.48886766584502533,-0.06554725035332688,0.703816675982915,0.6741427551422309,0.8,False,False,0.5235987755982988
1.668,0.488805709074343,-0.06021200306412606,0.4890517619859102,-0.040582911229506025,0.670545738498402,0.703816675982915,0.8,False,False,0.5235987755982988
1.669,0.48874689970252894,-0.05880937181408788,0.4881371860011687,-0.12798221858070932,0.7918872750451937,0.670545738498402,0.8,False,False,0.5235987755982988
1.67,0.4886878194424135,-0.059080260115400386,0.4886098726865968,-0.0679153281798281,0.7112986462264304,0.7918872750451937,0.8,False,False,0.5235987755982988
1.671,0.48863453734491935,-0.053282097494190106,0.4872399735665246,-0.19811370736906347,0.8921948854148121,0.7112986462264304,0.8,False,False,0.5235987755982988
1.672,0.48858297535635337,-0.05156198856597586,0.48870089281294127,-0.032210411990490184,0.6668143845250241,0.8921948854148121,0.8,False,False,0.5235987755982988
1.673,0.4885421605935575,-0.04081476279585933,0.48893487771622013,-0.005590880463555069,0.6306592184336824,0.6668143845250241,0.8,False,False,0.5235987755982988
1.674,0.4885006505822038,-0.04151001135366883,0.48830218970552447,-0.06830059348676544,0.7172992582540567,0.6306592184336824,0.8,False,False,0.5235987755982988
1.675,0.4884566535182042,-0.04399706399962217,0.4870472557368057,-0.18696393100996742,0.8822840747188373,0.7172992582540567,0.8,False,False,0.5235987755982988
1.676,0.4884145518219348,-0.04210169626942781,0.4892772086103163,0.054727749442092494,0.552114906453174,0.8822840747188373,0.8,False,False,0.5235987755982988
1.677,0.4883825572153883,-0.03199460654646467,0.4887006653213349,-0.008399354400260219,0.638245210265663,0.552114906453174,0.8,False,False,0.5235987755982988
1.678,0.48834382610029836,-0.03873111508996331,0.4877102584065948,-0.10660011043424024,0.7739134419717602,0.638245210265663,0.8,False,False,0.5235987755982988
1.679,0.48830291773013174,-0.040908370166635524,0.48805804764613714,-0.061161175436584454,0.7131265136628115,0.7739134419717602,0.8,False,False,0.5235987755982988
1.68,0.488266671264383,-0.036246465748709676,0.486957090161259,-0.1651408063807411,0.8577193055236062,0.7131265136628115,0.8,False,False,0.5235987755982988
1.681,0.48823191451464587,-0.034756749737114685,0.48733707536899484,-0.11062820496908143,0.7854644500903692,0.8577193055236062,0.8,False,False,0.5235987755982988
1.682,0.48820582260919276,-0.026091905453126063,0.48773649367176697,-0.05962355419496076,0.7170693397115262,0.7854644500903692,0.8,False,False,0.5235987755982988
1.683,0.48818428570263106,-0.021536906561704965,0.48925628509134667,0.09831794318250497,0.5001832973061328,0.7170693397115262,0.8,False,False,0.5235987755982988
1.684,0.48816344056849886,-0.0208451341322126,0.4876053685810661,-0.07660550216379973,0.7398079289067482,0.5001832973061328,0.8,False,False,0.5235987755982988
1.685,0.4881323606456964,-0.03107992280246855,0.4886910524592728,0.039623435873248014,0.5807908934545707,0.7398079289067482,0.8,False,False,0.5235987755982988
1.686,0.4881038820936414,-0.02847855205497138,0.487634112585803,-0.07003289506105431,0.7314034082981894,0.5807908934545707,0.8,False,False,0.5235987755982988
1.687,0.48806989949298357,-0.03398260065785196,0.48828627455844126,0.002186591708874322,0.6330011086667868,0.7314034082981894,0.8,False,False,0.5235987755982988
1.688,0.48803823479450875,-0.03166469847482351,0.48791484394151274,-0.03517512915486452,0.6845209248079868,0.6330011086667868,0.8,False,False,0.5235987755982988
1.689,0.4880038614438261,-0.0343733506826381,0.4887657470552204,0.05343269513138875,0.5628752796177448,0.6845209248079868,0.8,False,False,0.5235987755982988
1.69,0.487969477847096,-0.03438359673013329,0.4875027669106505,-0.07820858883874372,0.7435784629841626,0.5628752796177448,0.8,False,False,0.5235987755982988
1.691,0.487929002133918,-0.0404757131780038,0.4865567123567596,-0.16499318534395446,0.8647489607604508,0.7435784629841626,0.8,False,False,0.5235987755982988
1.692,0.4878916612672464,-0.03734086667156024,0.48668568323264433,-0.13559677922108862,0.8271517976470871,0.8647489607604508,0.8,False,False,0.5235987755982988
1.693,0.48786342716400205,-0.028234103244352576,0.4873992764896742,-0.05067777559599436,0.7124043146704366,0.8271517976470871,0.8,False,False,0.5235987755982988
1.694,0.48784199072115497,-0.02143644284707206,0.4867519802689952,-0.11033962010429436,0.7956498600526185,0.7124043146704366,0.8,False,False,0.5235987755982988
1.695,0.48782100112018084,-0.02098960097412841,0.48817897863542337,0.04339417854895286,0.5854833310730146,0.7956498600526185,0.8,False,False,0.5235987755982988
1.696,0.4878045675953895,-0.016433524791374908,0.4873981081940022,-0.039032283448059056,0.69845075341501,0.5854833310730146,0.8,False,False,0.5235987755982988
1.697,0.4877815298583762,-0.0230377370132674,0.4898537649952454,0.2104366250210679,0.3548862408296798,0.69845075341501,0.8,False,False,0.5235987755982988
1.698,0.4877584170791029,-0.02311277927329259,0.48624197502184774,-0.17178603482080604,0.8785656521610866,0.3548862408296798,0.8,False,False,0.5235987755982988
1.699,0.4877180587442871,-0.04035833481578642,0.4878957622160265,0.010771288079149177,0.6297286951859229,0.8785656521610866,0.8,False,False,0.5235987755982988
1.7,0.4876875817561538,-0.03047698813332336,0.48670325705275386,-0.10955635705602851,0.7955869622870435,0.6297286951859229,0.8,False,False,0.5235987755982988
1.701,0.4876541693076165,-0.033412448537283146,0.48722359541144494,-0.046566885481317086,0.7106335059409502,0.7955869622870435,0.8,False,False,0.5235987755982988
1.702,0.487626259660561,-0.02790964705549434,0.48774967143237247,0.010697405159566999,0.6324469887951939,0.7106335059409502,0.8,False,False,0.5235987755982988
1.703,0.4875992995547884,-0.02696010577257225,0.48557003021362927,-0.20833645723070965,0.9345211656009034,0.6324469887951939,0.8,False,False,0.5235987755982988
1.704,0.48756931112879554,-0.029988425992904685,0.4877759809034287,0.03309225747230643,0.605099595540894,0.9345211656009034,0.8,False,False,0.5235987755982988
1.705,0.4875515989765298,-0.017712152265761484,0.48921219900540247,0.17340484192245095,0.41087256836519304,0.605099595540894,0.8,False,False,0.5235987755982988
1.706,0.48752846795742527,-0.023131019104528135,0.48713276839436664,-0.05187870337337672,0.7186425737188311,0.41087256836519304,0.8,False,False,0.5235987755982988
1.707,0.48749089256685013,-0.03757539057514983,0.48771761769304045,0.011794096831341569,0.6317079260970407,0.7186425737188311,0.8,False,False,0.5235987755982988
1.708,0.4874551259017657,-0.035766665084428,0.4883495388077734,0.07380679862149991,0.545918103883658,0.6317079260970407,0.8,False,False,0.5235987755982988
1.709,0.48741676120595506,-0.03836469581062945,0.48727368478617306,-0.041159283400682034,0.7032427746990821,0.545918103883658,0.8,False,False,0.5235987755982988
1.71,0.4873715925038198,-0.04516870213526325,0.4868646090981757,-0.07795092386035005,0.7547561056346362,0.7032427746990821,0.8,False,False,0.5235987755982988
1.711,0.4873276369536533,-0.04395555016648538,0.4853416822960313,-0.22244851168875368,0.9555658934673196,0.7547561056346362,0.8,False,False,0.5235987755982988
1.712,0.48728744884927944,-0.04018810437382649,0.4878468187756879,0.050309987445782745,0.5831632378720568,0.9555658934673196,0.8,False,False,0.5235987755982988
1.713,0.48726098790845607,-0.026460940823351847,0.4871622298405053,-0.02317990481705947,0.683673709420755,0.5831632378720568,0.8,False,False,0.5235987755982988
1.714,0.4872289962114043,-0.03199169705174331,0.48634526283697926,-0.10255861468795496,0.7936335673292979,0.683673709420755,0.8,False,False,0.5235987755982988
1.715,0.4871968458028492,-0.03215040855511443,0.4873073222736762,0.0039031904505320986,0.6485623313025689,0.7936335673292979,0.8,False,False,0.5235987755982988
1.716,0.48717004243090817,-0.026803371941049148,0.486660685230634,-0.06115083289873974,0.7382666260964544,0.6485623313025689,0.8,False,False,0.5235987755982988
1.717,0.48714100466543686,-0.029037765471302143,0.4866798658733598,-0.05311768533628331,0.7282815974524419,0.7382666260964544,0.8,False,False,0.5235987755982988
1.718,0.4871143727760485,-0.026631889388335078,0.4876434616210395,0.04855365796531296,0.5889312620322922,0.7282815974524419,0.8,False,False,0.5235987755982988
1.719,0.48708947932503455,-0.02489345101396306,0.48592152033861546,-0.12849583607362164,0.8323855979626462,0.5889312620322922,0.8,False,False,0.5235987755982988
1.72,0.4870592127087846,-0.030266616249948704,0.4879731677112073,0.08951848479292407,0.5338387602161384,0.8323855979626462,0.8,False,False,0.5235987755982988
1.721,0.48703613160905634,-0.023081099728280808,0.4858164203362572,-0.13510810118137684,0.842212116134401,0.5338387602161384,0.8,False,False,0.5235987755982988
1.722,0.4870047493294966,-0.03138227955975978,0.4864264332528265,-0.06059599940631337,0.7418173615060782,0.842212116134401,0.8,False,False,0.5235987755982988
1.723,0.48698110449313886,-0.023644836357734,0.48865919161439664,0.16873943669133432,0.42642518768063803,0.7418173615060782,0.8,False,False,0.5235987755982988
1.724,0.4869596140473993,-0.021490445739592804,0.4879434166688341,0.08028799846594896,0.5454508625712258,0.42642518768063803,0.8,False,False,0.5235987755982988
1.725,0.48692427777637276,-0.03533627102652759,0.4870094533279796,-0.02113713546609526,0.6839723634250597,0.5454508625712258,0.8,False,False,0.5235987755982988
1.726,0.4868820149483583,-0.042262828014476,0.4860612474996089,-0.11384400475655977,0.8122883114842905,0.6839723634250597,0.8,False,False,0.5235987755982988
1.727,0.48683994703417327,-0.042067914185014495,0.48637806981459636,-0.07077737278215632,0.7549055514452319,0.8122883114842905,0.8,False,False,0.5235987755982988
1.728,0.4868044857011891,-0.0354613329841411,0.4868684304761869,-0.014663569344887939,0.6787424954118803,0.7549055514452319,0.8,False,False,0.5235987755982988
1.729,0.48677257515848005,-0.03191054270904807,0.4868053203559959,-0.01950822442949926,0.6856920636768519,0.6787424954118803,0.8,False,False,0.5235987755982988
1.73,0.48674025533762,-0.032319820860033814,0.48666095549180394,-0.031993888405744145,0.7032734280038008,0.6856920636768519,0.8,False,False,0.5235987755982988
1.731,0.4867078936420995,-0.032361695520508625,0.4866809871977277,-0.02679132897279575,0.6966697859776354,0.7032734280038008,0.8,False,False,0.5235987755982988
1.732,0.48667637114006995,-0.031522502029516106,0.48648929356513604,-0.043281559334680024,0.7199085477985461,0.6966697859776354,0.8,False,False,0.5235987755982988
1.733,0.48664531618488216,-0.031054955187774454,0.485386952350849,-0.14918752482991593,0.8668378482499958,0.7199085477985461,0.8,False,False,0.5235987755982988
1.734,0.4866158663032431,-0.029449881639050636,0.4861651256496118,-0.056451442470645805,0.7415474300411415,0.8668378482499958,0.8,False,False,0.5235987755982988
1.735,0.4865952764265011,-0.020589876742043774,0.4873934364845015,0.07202478526539106,0.5652663617298823,0.7415474300411415,0.8,False,False,0.5235987755982988
1.736,0.48657648851230195,-0.018787914199109537,0.4853823915742904,-0.13628218428225702,0.8514335335708596,0.5652663617298823,0.8,False,False,0.5235987755982988
1.737,0.4865504487347834,-0.026039777518541796,0.4863850303452003,-0.022390088763042187,0.6967155210714238,0.8514335335708596,0.8,False,False,0.5235987755982988
1.738,0.48653225819876544,-0.01819053601795389,0.4858168879431049,-0.07696532009627857,0.7724323619090248,0.6967155210714238,0.8,False,False,0.5235987755982988
1.739,0.4865133016312812,-0.018956567484255216,0.48661047321210654,0.010089738813513258,0.6536817563752451,0.7724323619090248,0.8,False,False,0.5235987755982988
1.74,0.4864974752981433,-0.01582633313792162,0.48615832886853755,-0.03613366942473749,0.7172884444453878,0.6536817563752451,0.8,False,False,0.5235987755982988
1.741,0.48647835128379097,-0.019124014352360608,0.48776762047388666,0.1284088580526479,0.4908701625762413,0.7172884444453878,0.8,False,False,0.5235987755982988
1.742,0.48645962365207396,-0.018727631717030385,0.4869017008508619,0.028976009944904013,0.6257761335199802,0.4908701625762413,0.8,False,False,0.5235987755982988
1.743,0.4864299157711226,-0.029707880951383322,0.48528515155207774,-0.1355765209279995,0.8523370579455787,0.6257761335199802,0.8,False,False,0.5235987755982988
1.744,0.4863970303705235,-0.03288540059909595,0.4869827873122372,0.04774470718074704,0.6017941405322125,0.8523370579455787,0.8,False,False,0.5235987755982988
1.745,0.48637246176724147,-0.024568603282029505,0.4856964504948185,-0.08566344527919637,0.785037986197681,0.6017941405322125,0.8,False,False,0.5235987755982988
1.746,0.4863431338856565,-0.02932788158498433,0.4858396095630266,-0.06278119393047132,0.7550024213514659,0.785037986197681,0.8,False,False,0.5235987755982988
1.747,0.4863185685390146,-0.024565346641859886,0.48659242729682717,0.01877869884263505,0.6435798308153275,0.7550024213514659,0.8,False,False,0.5235987755982988
1.748,0.48629690403090836,-0.021664508106236074,0.4858677734527845,-0.05556455544589731,0.7458355051543348,0.6435798308153275,0.8,False,False,0.5235987755982988
1.749,0.48627227152518226,-0.02463250572609039,0.4870514352122031,0.06835807604055655,0.5758224357010546,0.7458355051543348,0.8,False,False,0.5235987755982988
1.75,0.48625008762540406,-0.02218389977820473,0.48557420009224245,-0.08620124355956645,0.7878838513804943,0.5758224357010546,0.8,False,False,0.5235987755982988
1.7510000000000001,0.4862216062489033,-0.02848137650073807,0.4856814734870739,-0.06685377972046339,0.7627359736666044,0.7878838513804943,0.8,False,False,0.5235987755982988
1.752,0.4861979756585057,-0.023630590397632267,0.4856251839981721,-0.06579735063859656,0.7624814695685964,0.7627359736666044,0.8,False,False,0.5235987755982988
1.7530000000000001,0.4861775439889235,-0.02043166958222709,0.48568393106214075,-0.053342909177873515,0.7464786926642935,0.7624814695685964,0.8,False,False,0.5235987755982988
1.754,0.48615994118375716,-0.017602805166327232,0.48711916677147854,0.0955149526736928,0.5420150156743336,0.7464786926642935,0.8,False,False,0.5235987755982988
1.7550000000000001,0.48614397166191803,-0.015969521839114417,0.48669269994430986,0.04331677468945542,0.6123292321444547,0.5420150156743336,0.8,False,False,0.5235987755982988
1.756,0.48611914587270566,-0.02482578921239221,0.48761135347380974,0.13085045017049785,0.49075305803620595,0.6123292321444547,0.8,False,False,0.5235987755982988
1.7570000000000001,0.48609011078598996,-0.02903508671568986,0.48806900366708034,0.16353042448050784,0.4432993853853232,0.49075305803620595,0.8,False,False,0.5235987755982988
1.758,0.4860511057278524,-0.03900505813758798,0.4851516354346722,-0.1445594412083553,0.8655198523953052,0.4432993853853232,0.8,False,False,0.5235987755982988
1.7590000000000001,0.48600018369355585,-0.05092203429653683,0.486061635974968,-0.03910344305794232,0.7225926448894857,0.8655198523953052,0.8,False,False,0.5235987755982988
1.76,0.48595866805671034,-0.041515636845536844,0.48493223964728893,-0.14813273152005357,0.8737569249422422,0.7225926448894857,0.8,False,False,0.5235987755982988
1.7610000000000001,0.48591926216405706,-0.03940589265326753,0.48524067297794543,-0.10247612530239833,0.8134171975292389,0.8737569249422422,0.8,False,False,0.5235987755982988
1.762,0.48588947294714113,-0.029789216915930276,0.4853396222289815,-0.08233358766854894,0.7874650658499699,0.8134171975292389,0.8,False,False,0.5235987755982988
1.7630000000000001,0.4858658930998942,-0.02357984724693276,0.48494335143703327,-0.11372730809652015,0.832270404618604,0.7874650658499699,0.8,False,False,0.5235987755982988
1.764,0.48584674362701163,-0.019149472882566958,0.48492879881341655,-0.10380983964853963,0.8206313897061284,0.832270404618604,0.8,False,False,0.5235987755982988
1.7650000000000001,0.48583374315941713,-0.013000467594501741,0.48570783128619854,-0.015525608405486377,0.7006677277043886,0.8206313897061284,0.8,False,False,0.5235987755982988
1.766,0.48582525637740803,-0.008486782009102047,0.484763469253883,-0.10840925079649481,0.829126615155279,0.7006677277043886,0.8,False,False,0.5235987755982988
1.7670000000000001,0.48581424040640975,-0.011015970998306555,0.4865491348142477,0.08099823031962929,0.5696956577293646,0.829126615155279,0.8,False,False,0.5235987755982988
1.768,0.4858077315408657,-0.006508865544042948,0.48500684049337767,-0.08133102479933885,0.7922520616477873,0.5696956577293646,0.8,False,False,0.5235987755982988
1.7690000000000001,0.4857916200162847,-0.01611152458103397,0.4882434314707871,0.25046117542153645,0.3358427837893675,0.7922520616477873,0.8,False,False,0.5235987755982988
1.77,0.48577918839682754,-0.012431619457119621,0.48538528115374574,-0.06039997382475126,0.7603228685916569,0.3358427837893675,0.8,False,False,0.5235987755982988
1.7710000000000001,0.4857469120100428,-0.03227638678476989,0.48580975925859154,-0.011912165957695682,0.6944968932639657,0.7603228685916569,0.8,False,False,0.5235987755982988
1.772,0.4857183232069242,-0.028588803118560303,0.4845879247766434,-0.1329043975567386,0.8616805918578835,0.6944968932639657,0.8,False,False,0.5235987755982988
1.7730000000000001,0.4856899229145565,-0.028400292367740568,0.48717876884057976,0.1394704485925689,0.4881955833278604,0.8616805918578835,0.8,False,False,0.5235987755982988
1.774,0.48567005786479506,-0.019865049761429054,0.48664700650771153,0.07234717044648963,0.5783152390947836,0.4881955833278604,0.8,False,False,0.5235987755982988
1.7750000000000001,0.48563923452907837,-0.03082333571669973,0.48589834250636693,-0.009753946732619437,0.6903125317339173,0.5783152390947836,0.8,False,False,0.5235987755982988
1.776,0.48560292414599854,-0.036310383079833176,0.48442761720347577,-0.15585108234847372,0.8921021499249833,0.6903125317339173,0.8,False,False,0.5235987755982988
1.7770000000000001,0.4855669649695567,-0.03595917644182393,0.48575080650161623,-0.007947044299580458,0.6907998968997832,0.8921021499249833,0.8,False,False,0.5235987755982988
1.778,0.4855414343026535,-0.0255306669031896,0.48456280109829925,-0.12595288020132067,0.853790997241577,0.6907998968997832,0.8,False,False,0.5235987755982988
1.7790000000000001,0.48551567910447496,-0.0257551981785449,0.48679182481354893,0.10954477934378028,0.5310713789129615,0.853790997241577,0.8,False,False,0.5235987755982988
1.78,0.4854978677092983,-0.017811395176627734,0.4862040233273298,0.039810152787490324,0.6253333575324537,0.5310713789129615,0.8,False,False,0.5235987755982988
1.7810000000000001,0.4854709511788428,-0.026916530455516507,0.48555423745167026,-0.02914945005721456,0.7197810267079715,0.6253333575324537,0.8,False,False,0.5235987755982988
1.782,0.4854406473700922,-0.030303808750644992,0.48331450851313584,-0.2502073989049344,1.0253656862188547,0.7197810267079715,0.8,False,False,0.5235987755982988
1.7830000000000001,0.4854119009628932,-0.02874640719897348,0.4845537086256771,-0.10126664776031596,0.8243311828195702,1.0253656862188547,0.8,False,False,0.5235987755982988
1.784,0.485399896767696,-0.012004195197213324,0.486000081578379,0.053497312285904694,0.6125797176154714,0.8243311828195702,0.8,False,False,0.5235987755982988
1.7850000000000001,0.4853923803412844,-0.007516426411631952,0.48645082103450005,0.09322152666942053,0.5567973501450731,0.6125797176154714,0.8,False,False,0.5235987755982988
1.786,0.485377677404664,-0.014702936620423162,0.4863456106633771,0.07337833689018523,0.5825029645603683,0.5567973501450731,0.8,False,False,0.5235987755982988
1.7870000000000001,0.4853546303715026,-0.023047033161342198,0.48396533694031896,-0.17198686910464894,0.9197861387692161,0.5825029645603683,0.8,False,False,0.5235987755982988
1.788,0.4853257118645086,-0.028918506993999442,0.4855888658955521,0.007564713329131473,0.6751007186544828,0.9197861387692161,0.8,False,False,0.5235987755982988
1.7890000000000001,0.48530826764385526,-0.01744422065335971,0.4861944718504418,0.06736883748518595,0.5924348624792033,0.6751007186544828,0.8,False,False,0.5235987755982988
1.79,0.4852888632105693,-0.019404433285991018,0.4838416924244527,-0.17464598886224303,0.925202683763922,0.5924348624792033,0.8,False,False,0.5235987755982988
1.7910000000000001,0.4852636509482167,-0.025212262352587334,0.48525675295726484,-0.015675336694803643,0.708966811572376,0.925202683763922,0.8,False,False,0.5235987755982988
1.792,0.48524990706741267,-0.013743880804068227,0.48548887964151466,0.009104865399658981,0.6750522887425241,0.708966811572376,0.8,False,False,0.5235987755982988
1.793,0.48523524356097725,-0.014663506435400004,0.4849727769470288,-0.0434158905888945,0.7473670444295339,0.6750522887425241,0.8,False,False,0.5235987755982988
1.794,0.48521814134782093,-0.017102213156303895,0.483601825214991,-0.1761694747337823,0.9313484765800792,0.7473670444295339,0.8,False,False,0.5235987755982988
1.795,0.48520263827559096,-0.015503072229981497,0.4849184130561755,-0.026893743141955,0.7285190175285656,0.9313484765800792,0.8,False,False,0.5235987755982988
1.796,0.4851976641366783,-0.004974138912632041,0.484912036265798,-0.024842047865511082,0.7261717654236283,0.7285190175285656,0.8,False,False,0.5235987755982988
1.797,0.48519059806192405,-0.007066074754259851,0.4850613805123889,-0.0074234184198689705,0.7025812136502213,0.7261717654236283,0.8,False,False,0.5235987755982988
1.798,0.4851819046529761,-0.008693408947922216,0.4846901830722475,-0.04380082059202338,0.752915650179352,0.7025812136502213,0.8,False,False,0.5235987755982988
1.799,0.48517083038074743,-0.011074272228710894,0.4847842293457268,-0.030016111184890136,0.7346811659681646,0.752915650179352,0.8,False,False,0.5235987755982988
1.8,0.48516046597797885,-0.010364402768599353,0.4851258157099448,0.007144136355398262,0.6839403143638947,0.7346811659681646,0.8,False,False,0.5235987755982988
1.801,0.4851497350419759,-0.010730936002983006,0.48553584952434253,0.047433104159633206,0.6282129443396532,0.6839403143638947,0.8,False,False,0.5235987755982988
1.802,0.48513618626288824,-0.013548779087661385,0.4848705237957364,-0.023842779116941527,0.725719867386453,0.6282129443396532,0.8,False,False,0.5235987755982988
1.803,0.4851176414376836,-0.018544825204616935,0.4847601553088192,-0.03249534989696743,0.7380895850869936,0.725719867386453,0.8,False,False,0.5235987755982988
1.804,0.4850998326156738,-0.017808822009801325,0.48518042671792644,0.012781326003451322,0.6761926886425612,0.7380895850869936,0.8,False,False,0.5235987755982988
1.805,0.4850832691773945,-0.016563438279283887,0.4834069537993512,-0.1658440984544152,0.9224657105263548,0.6761926886425612,0.8,False,False,0.5235987755982988
1.806,0.485064658586437,-0.01861059095751489,0.4854809502673256,0.0581399581884611,0.6163529061313651,0.9224657105263548,0.8,False,False,0.5235987755982988
1.807,0.4850566307675279,-0.008027818909053975,0.48505613937258774,0.009844872895831289,0.6819536045878019,0.6163529061313651,0.8,False,False,0.5235987755982988
1.808,0.4850417395360794,-0.014891231448525277,0.48507637867262215,0.01088431560969008,0.6803419659305519,0.6819536045878019,0.8,False,False,0.5235987755982988
1.809,0.48502479690928535,-0.016942626794003886,0.48586319575450493,0.08847759223699841,0.5730673265038919,0.6803419659305519,0.8,False,False,0.5235987755982988
1.81,0.4850060765583529,-0.01872035093244114,0.48330192352418194,-0.176497390019,0.9371402053569037,0.5730673265038919,0.8,False,False,0.5235987755982988
1.811,0.48498048477809913,-0.02559178025377071,0.48325798978227813,-0.1632410252074812,0.9220233749373498,0.9371402053569037,0.8,False,False,0.5235987755982988
1.812,0.48496699062749077,-0.013494150608336499,0.4852059295577666,0.04787705486211294,0.6336187628950445,0.9220233749373498,0.8,False,False,0.5235987755982988
1.813,0.48496318003000793,-0.0038105974828256846,0.48495696940228894,0.01819333382813655,0.6737205109344139,0.6336187628950445,0.8,False,False,0.5235987755982988
1.814,0.4849521951571704,-0.010984872837520407,0.48510070255565435,0.030747315781863963,0.6560685358293636,0.6737205109344139,0.8,False,False,0.5235987755982988
1.815,0.48493793996810114,-0.014255189069300452,0.4845346580168826,-0.02893186967349614,0.737872360073687,0.6560685358293636,0.8,False,False,0.5235987755982988
1.816,0.48492021965237003,-0.017720315731112542,0.4854999776030305,0.0704932759086407,0.6011864328244612,0.737872360073687,0.8,False,False,0.5235987755982988
1.817,0.48490372035752694,-0.01649929484308151,0.4857176012846362,0.08520631647834827,0.5796135578719092,0.6011864328244612,0.8,False,False,0.5235987755982988
1.818,0.484881412959742,-0.022307397784903864,0.48530376718728246,0.03530227509513965,0.6469474212841267,0.5796135578719092,0.8,False,False,0.5235987755982988
1.819,0.48485301118372753,-0.02840177601450853,0.48462539541462446,-0.03606512968017471,0.744798998922348,0.6469474212841267,0.8,False,False,0.5235987755982988
1.82,0.4848224080905694,-0.03060309315810357,0.4829831021194087,-0.19668794623373298,0.9671076581005016,0.744798998922348,0.8,False,False,0.5235987755982988
1.821,0.48479463006606804,-0.027778024501393994,0.48546591529385824,0.0712621658345941,0.6008768864784174,0.9671076581005016,0.8,False,False,0.5235987755982988
1.822,0.4847806161100514,-0.014013956016608433,0.4858467754996262,0.1022219698279288,0.5568696379825928,0.6008768864784174,0.8,False,False,0.5235987755982988
1.823,0.4847603309172557,-0.020285192795754803,0.485322814242783,0.039603647160818434,0.6414429278063024,0.5568696379825928,0.8,False,False,0.5235987755982988
1.824,0.48473257545574744,-0.027755461508258642,0.48396494262585754,-0.10014387924780994,0.8335816486013149,0.6414429278063024,0.8,False,False,0.5235987755982988
1.825,0.4847022992423578,-0.030276213389658014,0.48529029577490684,0.04240582358190122,0.6386656485227741,0.8335816486013149,0.8,False,False,0.5235987755982988
1.826,0.4846792688940476,-0.023030348310209024,0.48543022272980524,0.052157936713550596,0.6244444275766237,0.6386656485227741,0.8,False,False,0.5235987755982988
1.827,0.484653173486405,-0.026095407642607982,0.4860134972842889,0.10526959849056033,0.5502114914635063,0.6244444275766237,0.8,False,False,0.5235987755982988
1.828,0.48462358235883524,-0.029591127569778337,0.48385903221947646,-0.1207038678397384,0.8601600222264885,0.5502114914635063,0.8,False,False,0.5235987755982988
1.829,0.48458702847938695,-0.03655387944830254,0.4843894095740604,-0.05559574559737017,0.7724834831531356,0.8601600222264885,0.8,False,False,0.5235987755982988
1.83,0.48455932641645505,-0.027702062931909625,0.4852114443014843,0.032167301704753876,0.6523712012969571,0.7724834831531356,0.8,False,False,0.5235987755982988
1.831,0.48453565186912473,-0.023674547330325632,0.4845857516076448,-0.033618697849671184,0.7425768692513781,0.6523712012969571,0.8,False,False,0.5235987755982988
1.832,0.48450966231996423,-0.025989549160522808,0.48353461004600384,-0.1353709842287974,0.8836001610158664,0.7425768692513781,0.8,False,False,0.5235987755982988
1.833,0.4844860751039374,-0.023587216026860938,0.48484789606924256,0.009494716517953652,0.6861221717014683,0.8836001610158664,0.8,False,False,0.5235987755982988
1.834,0.48447172574452424,-0.014349359413122629,0.4849767032827765,0.021425966219550417,0.6694861422159416,0.6861221717014683,0.8,False,False,0.5235987755982988
1.835,0.484455431921867,-0.0162938226572167,0.48453219402989534,-0.025167555690518845,0.7333995350598852,0.6694861422159416,0.8,False,False,0.5235987755982988
1.836,0.48443671060158483,-0.018721320282193338,0.4846283345999369,-0.01303674311730778,0.7171120297112833,0.7333995350598852,0.8,False,False,0.5235987755982988
1.837,0.48441913460067526,-0.01757600090956021,0.48419337111173744,-0.05522941762552612,0.7755725819087361,0.7171120297112833,0.8,False,False,0.5235987755982988
1.838,0.48440171941125915,-0.01741518941612085,0.4856917611458153,0.10013252754481324,0.5621672270909274,0.7755725819087361,0.8,False,False,0.5235987755982988
1.839,0.48438736307045444,-0.014356340804707216,0.48360136086281624,-0.11892075350957412,0.8626583694501753,0.5621672270909274,0.8,False,False,0.5235987755982988
1.84,0.48436486584820543,-0.022497222249007652,0.4838523317944278,-0.08193158499745845,0.8137538904666279,0.8626583694501753,0.8,False,False,0.5235987755982988
1.841,0.4843504470521831,-0.01441879602232108,0.484360033721237,-0.022968233816796968,0.7338592343672694,0.8137538904666279,0.8,False,False,0.5235987755982988
1.842,0.48434047857246665,-0.009968479716458917,0.48510751066031893,0.05407628347307751,0.6279512287159449,0.7338592343672694,0.8,False,False,0.5235987755982988
1.843,0.48433000818920036,-0.0104703832662954,0.4830233035917416,-0.1597520517319617,0.9220609581963837,0.6279512287159449,0.8,False,False,0.5235987755982988
1.844,0.48431385971815705,-0.016148471043320983,0.48317041009507766,-0.12906619622516077,0.8825900145281736,0.9220609581963837,0.8,False,False,0.5235987755982988
1.845,0.4843078878879797,-0.00597183017734319,0.4825296343018936,-0.18023715592105033,0.9555291304405542,0.8825900145281736,0.8,False,False,0.5235987755982988
1.846,0.484307809584581,-7.830339873039164e-05,0.4843363415510985,0.018457284591544415,0.6845750713397523,0.9555291304405542,0.8,False,False,0.5235987755982988
1.847,0.48431553154181745,0.007721957236484291,0.48333962561409444,-0.08306003756801668,0.8243367447972988,0.6845750713397523,0.8,False,False,0.5235987755982988
1.848,0.48431524341661586,-0.00028812520159375663,0.4839796601386799,-0.010750581352670804,0.7260447758963459,0.8243367447972988,0.8,False,False,0.5235987755982988
1.849,0.4843162597127362,0.0010162961202921305,0.48489342106346073,0.08170056926068113,0.5986556985142683,0.7260447758963459,0.8,False,False,0.5235987755982988
1.85,0.4843132695557823,-0.002990156953876581,0.48375341791728915,-0.04046980228254449,0.7657802009972273,0.5986556985142683,0.8,False,False,0.5235987755982988
1.851,0.484301114566915,-0.012154988867290644,0.4845029462067922,0.038530006896013144,0.6574889207719036,0.7657802009972273,0.8,False,False,0.5235987755982988
1.852,0.4842905524536599,-0.010562113255100172,0.48402933085034494,-0.012684529438312497,0.7274714407891447,0.6574889207719036,0.8,False,False,0.5235987755982988
1.853,0.484275810625207,-0.01474182845283148,0.484862341012618,0.07188493973282387,0.6109938948628661,0.7274714407891447,0.8,False,False,0.5235987755982988
1.854,0.484261265644014,-0.014544981193011626,0.484675893101207,0.046051654618443405,0.6453498994055203,0.6109938948628661,0.8,False,False,0.5235987755982988
1.855,0.4842410568142944,-0.020208829719597473,0.48363723075410736,-0.06241974555336594,0.7942115018594853,0.6453498994055203,0.8,False,False,0.5235987755982988
1.856,0.4842177919822173,-0.023264832077089546,0.48407061556291237,-0.012839290117528948,0.7269140287779908,0.7942115018594853,0.8,False,False,0.5235987755982988
1.857,0.4841992633455084,-0.018528636708946725,0.48511010128731713,0.09239321133470042,0.5819242839960298,0.7269140287779908,0.8,False,False,0.5235987755982988
1.858,0.48418152808054865,-0.017735264959744673,0.4845248141599049,0.02462517746000667,0.6737810929390826,0.5819242839960298,0.8,False,False,0.5235987755982988
1.859,0.4841572187189761,-0.024309361572562534,0.4829381393473165,-0.13650482154483354,0.895697238371482,0.6737810929390826,0.8,False,False,0.5235987755982988
1.86,0.4841317255229871,-0.0254931959889826,0.4847038602131362,0.05371774719162177,0.6356471803029806,0.895697238371482,0.8,False,False,0.5235987755982988
1.861,0.4841162494951973,-0.015476027789807568,0.48316974817201647,-0.10506523163951545,0.8538007716405008,0.6356471803029806,0.8,False,False,0.5235987755982988
1.862,0.4840965125372809,-0.019736957916400323,0.48532916272719456,0.12138274704224566,0.5431937352291818,0.8538007716405008,0.8,False,False,0.5235987755982988
1.863,0.4840840806560653,-0.012431881215653296,0.4849777754871193,0.07410574833049374,0.606251104004639,0.5431937352291818,0.8,False,False,0.5235987755982988
1.864,0.48406217161072074,-0.0219090453445308,0.4843151444111451,0.0004320659000247862,0.7065868822887372,0.606251104004639,0.8,False,False,0.5235987755982988
1.865,0.48403545591383523,-0.026715696885482948,0.48417266745434695,-0.013858836369792009,0.726300550234884,0.7065868822887372,0.8,False,False,0.5235987755982988
1.866,0.4840094003604033,-0.02605555343194254,0.4838269853048758,-0.04704116767992995,0.7723416264975306,0.726300550234884,0.8,False,False,0.5235987755982988
1.867,0.4839849386757861,-0.024461684617185217,0.48457706252606475,0.032670671206960204,0.6631860298518609,0.7723416264975306,0.8,False,False,0.5235987755982988
1.868,0.48396423528890364,-0.02070338688250827,0.48364067029632213,-0.064235618887998,0.7963286381011779,0.6631860298518609,0.8,False,False,0.5235987755982988
1.869,0.48394142985690874,-0.022805431994908962,0.4841470033499669,-0.007178751634720142,0.7187464024316385,0.7963286381011779,0.8,False,False,0.5235987755982988
1.87,0.48392341911172226,-0.01801074518646148,0.484684325389575,0.04727132748956199,0.6437345107695541,0.7187464024316385,0.8,False,False,0.5235987755982988
1.871,0.4839057170858607,-0.01770202586155037,0.4834154483886722,-0.08434350534967767,0.8245120961928927,0.6437345107695541,0.8,False,False,0.5235987755982988
1.872,0.48388452638799495,-0.021190697865792744,0.4833467967810088,-0.08277431558104938,0.8238647974084798,0.8245120961928927,0.8,False,False,0.5235987755982988
1.873,0.4838693589724259,-0.015167415569047459,0.48282707846688555,-0.1264687154352674,0.8856530068877596,0.8238647974084798,0.8,False,False,0.5235987755982988
1.874,0.4838592861642739,-0.01007280815193973,0.48293035845339155,-0.10349384524114068,0.8562241228976996,0.8856530068877596,0.8,False,False,0.5235987755982988
1.875,0.4838563261496589,-0.0029600146150309103,0.4822607502390248,-0.16010528215370007,0.9362107950513721,0.8562241228976996,0.8,False,False,0.5235987755982988
1.8760000000000001,0.48385707075826045,0.0007446086015289069,0.48449396652546867,0.07922687470605497,0.6088143136636768,0.9362107950513721,0.8,False,False,0.5235987755982988
1.877,0.48386439964875305,0.007328890492605418,0.48544297538108055,0.16620507279663826,0.4873583165539628,0.6088143136636768,0.8,False,False,0.5235987755982988
1.8780000000000001,0.48386003467215766,-0.004364976595418794,0.4851038688215341,0.11567390956233017,0.5540996305069684,0.4873583165539628,0.8,False,False,0.5235987755982988
1.879,0.48384134416142555,-0.01869051073212262,0.4824223177493185,-0.16404858861546545,0.9380345476202044,0.5540996305069684,0.8,False,False,0.5235987755982988
1.8800000000000001,0.4838148295755482,-0.026514585877301176,0.48444738460640413,0.05486295595464549,0.6388894907085297,0.9380345476202044,0.8,False,False,0.5235987755982988
1.881,0.4838005319853901,-0.014297590158149326,0.4850415538913743,0.10879358885620011,0.5634776840972008,0.6388894907085297,0.8,False,False,0.5235987755982988
1.8820000000000001,0.4837819184253063,-0.01861356008373955,0.48338327651431323,-0.06791350773552891,0.8053751927943752,0.5634776840972008,0.8,False,False,0.5235987755982988
1.883,0.4837559386627508,-0.025979762555526854,0.4838444682468774,-0.015002983705561239,0.7335811127722593,0.8053751927943752,0.8,False,False,0.5235987755982988
1.8840000000000001,0.4837355003535406,-0.020438309210177037,0.48198328311531785,-0.19962119849095794,0.9886243028828069,0.7335811127722593,0.8,False,False,0.5235987755982988
1.885,0.4837164467265887,-0.019053626951946557,0.48394921794485596,0.016934404311948537,0.6933707525876331,0.9886243028828069,0.8,False,False,0.5235987755982988
1.8860000000000001,0.4837113464965749,-0.005100230013843613,0.4827832155430621,-0.10135927629863381,0.8563112125526218,0.6933707525876331,0.8,False,False,0.5235987755982988
1.887,0.48370243294750864,-0.00891354906623394,0.4838766473657503,0.018119833600052426,0.6932545078658101,0.8563112125526218,0.8,False,False,0.5235987755982988
1.8880000000000001,0.4836988806496492,-0.003552297859447484,0.4823364740854516,-0.13770947778982345,0.907972800579038,0.6932545078658101,0.8,False,False,0.5235987755982988
1.889,0.48369105990890976,-0.007820740739482874,0.484164793078343,0.05889336927829643,0.6391396422252493,0.907972800579038,0.8,False,False,0.5235987755982988
1.8900000000000001,0.4836909026145876,-0.000157294322172887,0.4845849585853182,0.09502058304798797,0.5882240065760657,0.6391396422252493,0.8,False,False,0.5235987755982988
1.891,0.48368275011887774,-0.008152495709870311,0.48299929675776554,-0.07304765801207615,0.8184478087440903,0.5882240065760657,0.8,False,False,0.5235987755982988
1.8920000000000001,0.48366636015779724,-0.016389961080479565,0.48267420803850297,-0.09825176413712525,0.8545443330408755,0.8184478087440903,0.8,False,False,0.5235987755982988
1.893,0.4836550069264949,-0.011353231302346587,0.48177352188442674,-0.17849520313103628,0.9670488106069409,0.8545443330408755,0.8,False,False,0.5235987755982988
1.8940000000000001,0.48364950816387675,-0.005498762618102396,0.48341701849680246,0.003703978419640097,0.7188268537233662,0.9670488106069409,0.8,False,False,0.5235987755982988
1.895,0.4836539931194274,0.004484955550659733,0.48314645666628536,-0.02372260247403411,0.7566088637450831,0.7188268537233662,0.8,False,False,0.5235987755982988
1.8960000000000001,0.48365307810009156,-0.0009150193358398442,0.4822995583247005,-0.10604017638511631,0.8706341225869092,0.7566088637450831,0.8,False,False,0.5235987755982988
1.897,0.4836502714984539,-0.002806601637628197,0.4840456049420008,0.07916850298342204,0.6169548682332583,0.8706341225869092,0.8,False,False,0.5235987755982988
1.8980000000000001,0.4836518443261255,0.0015728276716028447,0.4832591710911258,-0.007391732402415835,0.734982960012013,0.6169548682332583,0.8,False,False,0.5235987755982988
1.899,0.48364378772790645,-0.008056598219054191,0.4827050310098836,-0.06206656728639583,0.8105672833351488,0.734982960012013,0.8,False,False,0.5235987755982988
1.9000000000000001,0.4836348067105008,-0.008981017405665941,0.48315085098954424,-0.011277912591691815,0.7415961380676125,0.8105672833351488,0.8,False,False,0.5235987755982988
1.901,0.4836289166923744,-0.005890018126384695,0.4845638062671685,0.13114540642990238,0.545254960244463,0.7415961380676125,0.8,False,False,0.5235987755982988
1.9020000000000001,0.48362184767421273,-0.007069018161678252,0.48414800941673475,0.07645118074353743,0.6183723743759083,0.545254960244463,0.8,False,False,0.5235987755982988
1.903,0.48360410627469647,-0.017741399516270212,0.483490637130369,0.003068834032608325,0.7182638915836068,0.6183723743759083,0.8,False,False,0.5235987755982988
1.9040000000000001,0.48358161412060896,-0.022492154087513386,0.48412188517000054,0.06588675459250237,0.6315199221983661,0.7182638915836068,0.8,False,False,0.5235987755982988
1.905,0.48355998012375356,-0.021633996855390827,0.4825468933255177,-0.0982011053150321,0.8567752072880985,0.6315199221983661,0.8,False,False,0.5235987755982988
1.9060000000000001,0.48353477163065084,-0.025208493102744253,0.4835630198724953,0.01323165991422913,0.7047656111673887,0.8567752072880985,0.8,False,False,0.5235987755982988
1.907,0.4835176098187278,-0.017161811922992605,0.4836461728051628,0.02022378718955917,0.6948783056489771,0.7047656111673887,0.8,False,False,0.5235987755982988
1.9080000000000001,0.48349992657015806,-0.017683248569745298,0.48308991686918923,-0.037424185126754925,0.7740684792760785,0.6948783056489771,0.8,False,False,0.5235987755982988
1.909,0.48348130896058855,-0.018617609569487412,0.4838613180464742,0.04345835111441749,0.6631242145955422,0.7740684792760785,0.8,False,False,0.5235987755982988
1.9100000000000001,0.4834658552702601,-0.01545369032846283,0.48278479860144713,-0.0685394284997311,0.8168989001430077,0.6631242145955422,0.8,False,False,0.5235987755982988
1.911,0.4834475105318578,-0.018344738402311992,0.4838924130291349,0.049075957119017286,0.6558233777021301,0.8168989001430077,0.8,False,False,0.5235987755982988
1.9120000000000001,0.48343443164333333,-0.013078888524493218,0.48391601927179495,0.046528985673122365,0.6584548310693228,0.6558233777021301,0.8,False,False,0.5235987755982988
1.913,0.4834176421552889,-0.016789488044431186,0.48087193991902644,-0.2625318481710412,1.0841212600321524,0.6584548310693228,0.8,False,False,0.5235987755982988
1.9140000000000001,0.4833979557501739,-0.019686405114986164,0.4844366934317499,0.12019668791840796,0.5606814534957911,1.0841212600321524,0.8,False,False,0.5235987755982988
1.915,0.48339708373386997,-0.0008720163039550553,0.4807375226010496,-0.26174006394345883,1.085590630682636,0.5606814534957911,0.8,False,False,0.5235987755982988
1.9160000000000001,0.4833845107175502,-0.012573016319814351,0.48284690652506734,-0.02462766514734141,0.7630868414949762,1.085590630682636,0.8,False,False,0.5235987755982988
1.917,0.4833896102598182,0.0050995422680170585,0.4842843952186507,0.12158397072572712,0.5617580819627938,0.7630868414949762,0.8,False,False,0.5235987755982988
1.9180000000000001,0.4833913461970627,0.0017359372444827061,0.4831144612956364,-0.007567818648274369,0.7377990398258527,0.5617580819627938,0.8,False,False,0.5235987755982988
1.919,0.48338064361735616,-0.010702579706528121,0.4821011549753221,-0.10814166881487913,0.8767271737914363,0.7377990398258527,0.8,False,False,0.5235987755982988
1.92,0.4833698095516192,-0.01083406573700778,0.48241534390771695,-0.06590860869390358,0.8203921008631578,0.8767271737914363,0.8,False,False,0.5235987755982988
1.921,0.4833658208380862,-0.003988713532968443,0.48426196515713343,0.12534437711713475,0.5576493354004152,0.8203921008631578,0.8,False,False,0.5235987755982988
1.922,0.48336404868197574,-0.0017721561104527745,0.48168721964947264,-0.14466461136065784,0.9280055407116605,0.5576493354004152,0.8,False,False,0.5235987755982988
1.923,0.48335069634106814,-0.013352340907596896,0.4843359269379433,0.1346725786224743,0.54512418153943,0.9280055407116605,0.8,False,False,0.5235987755982988
1.924,0.4833472981477218,-0.0033981933463411457,0.4832992124950694,0.01753387647283708,0.7043514840907248,0.54512418153943,0.8,False,False,0.5235987755982988
1.925,0.4833321795158637,-0.015118631858096856,0.4822916182907824,-0.08497893160314983,0.8455035494590757,0.7043514840907248,0.8,False,False,0.5235987755982988
1.926,0.48331617097873864,-0.016008537125068622,0.4828073070822543,-0.02491215929564465,0.7641410244435752,0.8455035494590757,0.8,False,False,0.5235987755982988
1.927,0.483306487305268,-0.009683673470659291,0.4824187916060853,-0.06127249098297731,0.814766701039416,0.7641410244435752,0.8,False,False,0.5235987755982988
1.928,0.48329774694518357,-0.008740360084389873,0.48405367103612007,0.10834270111879675,0.5818006407766614,0.814766701039416,0.8,False,False,0.5235987755982988
1.929,0.48329224689934575,-0.005500045837812816,0.4839314107400223,0.08528240139714281,0.6116736857724054,0.5818006407766614,0.8,False,False,0.5235987755982988
1.93,0.4832774685255839,-0.01477837376183923,0.4817772174176611,-0.13866517097869338,0.9191862524259108,0.6116736857724054,0.8,False,False,0.5235987755982988
1.931,0.4832571038980887,-0.020364627495227806,0.48290490333292563,-0.012030062354372054,0.7469257756019638,0.9191862524259108,0.8,False,False,0.5235987755982988
1.932,0.4832473949128266,-0.009708985262069831,0.4824941233196308,-0.05190505744841576,0.8021698099541229,0.7469257756019638,0.8,False,False,0.5235987755982988
1.933,0.48323777463496836,-0.009620277858233856,0.48436657502781755,0.14053061911509865,0.5375428673305445,0.8021698099541229,0.8,False,False,0.5235987755982988
1.934,0.48323098366013384,-0.006790974834498665,0.4820527999181549,-0.10489995376267419,0.8737075067577992,0.5375428673305445,0.8,False,False,0.5235987755982988
1.935,0.48321305943938886,-0.01792422074499031,0.48461301343104257,0.16161139290235865,0.507810047527782,0.8737075067577992,0.8,False,False,0.5235987755982988
1.936,0.48320317897854415,-0.009880460844718577,0.4831741238371359,0.0015612942214583425,0.725770178635182,0.507810047527782,0.8,False,False,0.5235987755982988
1.937,0.48318147296369607,-0.02170601484805068,0.48216749390951913,-0.09925782796236725,0.8648724639528751,0.725770178635182,0.8,False,False,0.5235987755982988
1.938,0.48316091322114146,-0.020559742554619023,0.48256987999865547,-0.049093436252496354,0.7974322442965758,0.8648724639528751,0.8,False,False,0.5235987755982988
1.939,0.48314831793947677,-0.012595281664693498,0.48244877353360527,-0.05629473913226697,0.8082537241232042,0.7974322442965758,0.8,False,False,0.5235987755982988
1.94,0.48313899198963645,-0.009325949840344615,0.4820266775985525,-0.09287485872431714,0.8597475944646142,0.8082537241232042,0.8,False,False,0.5235987755982988
1.941,0.4831327272472593,-0.006264742377158811,0.4832154792933404,0.03529279662690564,0.6845479775369645,0.8597475944646142,0.8,False,False,0.5235987755982988
1.942,0.4831312952184998,-0.0014320287595024133,0.4820597367536992,-0.08381073699990847,0.8482755836026837,0.6845479775369645,0.8,False,False,0.5235987755982988
1.943,0.48312452519269483,-0.006770025804945062,0.48122179673060944,-0.159223665608891,0.9538540183490779,0.8482755836026837,0.8,False,False,0.5235987755982988
1.944,0.4831221528586904,-0.0023723340044338233,0.4827908226332578,0.013601291216832734,0.7182216039105392,0.9538540183490779,0.8,False,False,0.5235987755982988
1.945,0.48312819109596444,0.006038237273999268,0.48155490226759073,-0.11135087447155588,0.8904107693186125,0.7182216039105392,0.8,False,False,0.5235987755982988
1.946,0.48312835789296354,0.00016679699911122548,0.4824719737103417,-0.008508642749306447,0.7504928052823963,0.8904107693186125,0.8,False,False,0.5235987755982988
1.947,0.48313299452330094,0.0046366303374045514,0.48233965259102496,-0.020889890406047197,0.767732082618186,0.7504928052823963,0.8,False,False,0.5235987755982988
1.948,0.48313377065391305,0.0007761306121123407,0.48237349120625594,-0.015417039842343924,0.7605555668675844,0.767732082618186,0.8,False,False,0.5235987755982988
1.949,0.48313269756176075,-0.001073092152281796,0.48487886727844404,0.23666227136069964,0.41296362412454646,0.7605555668675844,0.8,False,False,0.5235987755982988
1.95,0.4831299781593979,-0.002719402362873446,0.48317920653856383,0.04302997023660926,0.6759162787912986,0.41296362412454646,0.8,False,False,0.5235987755982988
1.951,0.4831087286458667,-0.02124951353122024,0.48332285524566215,0.05309184392278039,0.6612563536401235,0.6759162787912986,0.8,False,False,0.5235987755982988
1.952,0.4830860796015637,-0.022649044303013885,0.48153587964666417,-0.13091490036929626,0.9142300075725792,0.6612563536401235,0.8,False,False,0.5235987755982988
1.953,0.4830614551122784,-0.024624489285322026,0.48249076461884716,-0.02233491311406767,0.766746093367011,0.9142300075725792,0.8,False,False,0.5235987755982988
1.954,0.4830476982260946,-0.013756886183757224,0.4832355852151287,0.05438063782549499,0.6612806615064678,0.766746093367011,0.8,False,False,0.5235987755982988
1.955,0.4830359132442937,-0.011784981800954757,0.4821418431036832,-0.060431637101607295,0.81874274942501,0.6612806615064678,0.8,False,False,0.5235987755982988
1.956,0.48302041556747655,-0.015497676817110902,0.4838128498891971,0.11271220515994407,0.5808920165718982,0.81874274942501,0.8,False,False,0.5235987755982988
1.957,0.48300981558094186,-0.010599986534693974,0.48196026481461846,-0.08381752281391418,0.8500742214829435,0.5808920165718982,0.8,False,False,0.5235987755982988
1.958,0.48299121487863766,-0.018600702304214047,0.4827413132817846,0.002669076184091776,0.7322314302763457,0.8500742214829435,0.8,False,False,0.5235987755982988
1.959,0.482979575951822,-0.011638926815667174,0.4824681494166077,-0.024914217952006924,0.7702483328128483,0.7322314302763457,0.8,False,False,0.5235987755982988
1.96,0.4829677396240154,-0.011836327806593683,0.4831111364507785,0.041875907260275416,0.6785264159430348,0.7702483328128483,0.8,False,False,0.5235987755982988
1.961,0.4829576502624638,-0.010089361551593515,0.4823987172334532,-0.03355360519828652,0.7818653768051653,0.6785264159430348,0.8,False,False,0.5235987755982988
1.962,0.4829443213219734,-0.013328940490399937,0.48270792203622054,0.0007222355982781196,0.7351686813994752,0.7818653768051653,0.8,False,False,0.5235987755982988
1.963,0.48293363479338325,-0.010686528590139858,0.4827275724151551,0.002615049931909117,0.7325435973782954,0.7351686813994752,0.8,False,False,0.5235987755982988
1.964,0.4829226815326869,-0.010953260696320914,0.48228180731504616,-0.04222296507217814,0.7943729871851615,0.7325435973782954,0.8,False,False,0.5235987755982988
1.965,0.48291139186483656,-0.011289667850351534,0.4833347161241621,0.06729021234663564,0.6440048157184977,0.7943729871851615,0.8,False,False,0.5235987755982988
1.966,0.4829029337830873,-0.00845808174928475,0.4831109668850569,0.03818626720144899,0.6829570361966159,0.6440048157184977,0.8,False,False,0.5235987755982988
1.967,0.4828891060193255,-0.013827763761815447,0.482811775763933,0.004448528368917584,0.7288277629758831,0.6829570361966159,0.8,False,False,0.5235987755982988
1.968,0.4828730746567682,-0.016031362557271136,0.48249742889619024,-0.02743101124225291,0.7727414541286579,0.7288277629758831,0.8,False,False,0.5235987755982988
1.969,0.4828575382829757,-0.015536373792561276,0.4835526540814597,0.08083460840891829,0.6238286572124021,0.7727414541286579,0.8,False,False,0.5235987755982988
1.97,0.4828446063889249,-0.012931894050796228,0.4826388021867495,-0.018634041902995113,0.7596403716914821,0.6238286572124021,0.8,False,False,0.5235987755982988
1.971,0.4828263338937889,-0.018272495136042604,0.4825586900198139,-0.024781854406255355,0.7684597657002352,0.7596403716914821,0.8,False,False,0.5235987755982988
1.972,0.48281045371209186,-0.015880181697035235,0.48290181299786983,0.012008628839964477,0.7181349721997644,0.7684597657002352,0.8,False,False,0.5235987755982988
1.973,0.4827970240844951,-0.013429627596756135,0.48427757526766163,0.14838399293514826,0.5297208144292914,0.7181349721997644,0.8,False,False,0.5235987755982988
1.974,0.48278307064494647,-0.013953439548657617,0.4816133891959707,-0.1328730135274609,0.9151845714748594,0.5297208144292914,0.8,False,False,0.5235987755982988
1.975,0.48275927638793564,-0.023794257010829222,0.48343110326558514,0.06218569478673028,0.6483952682447699,0.9151845714748594,0.8,False,False,0.5235987755982988
1.976,0.48274631947527336,-0.012956912662299985,0.4810942159719029,-0.17772160406016818,0.9783479981473286,0.6483952682447699,0.8,False,False,0.5235987755982988
1.977,0.4827292554609196,-0.017064014353739082,0.4829188620602844,0.02251516518399957,0.7052202454634602,0.9783479981473286,0.8,False,False,0.5235987755982988
1.978,0.48272533352994385,-0.003921930975777147,0.4840998525966136,0.1383627022985192,0.5449453712721111,0.7052202454634602,0.8,False,False,0.5235987755982988
1.979,0.48271785002533985,-0.007483504604013187,0.4831442937604807,0.028970548455376513,0.6934160149342746,0.5449453712721111,0.8,False,False,0.5235987755982988
1.98,0.4826997895533167,-0.018060472023127015,0.4828486880236664,-0.003487080071591965,0.7376860724292943,0.6934160149342746,0.8,False,False,0.5235987755982988
1.981,0.48268077872549603,-0.01901082782071331,0.48219169429941267,-0.06883774448980347,0.8279327567677148,0.7376860724292943,0.8,False,False,0.5235987755982988
1.982,0.48266316841292145,-0.017610312574553474,0.48269026220652406,-0.012097179329684002,0.7508698562475664,0.8279327567677148,0.8,False,False,0.5235987755982988
1.983,0.48265126524468605,-0.011903168235429269,0.4824312989421543,-0.03678378783369052,0.7851551252110298,0.7508698562475664,0.8,False,False,0.5235987755982988
1.984,0.48264015475461286,-0.011110490073167159,0.4819542607720099,-0.08080922606475982,0.8465723381509118,0.7851551252110298,0.8,False,False,0.5235987755982988
1.985,0.48263137435828574,-0.008780396327117001,0.48237841016272165,-0.03031336438711129,0.7783426151049225,0.8465723381509118,0.8,False,False,0.5235987755982988
1.986,0.4826274346902937,-0.003939667992062745,0.48280055491163665,0.014932446943099708,0.7164490360281994,0.7783426151049225,0.8,False,False,0.5235987755982988
1.987,0.48262359475884425,-0.0038399314494324457,0.48195407156267633,-0.07120913264724166,0.8350556318178947,0.7164490360281994,0.8,False,False,0.5235987755982988
1.988,0.4826167306689874,-0.006864089856861643,0.4819131170454913,-0.06818367110102294,0.8321622592717632,0.8350556318178947,0.8,False,False,0.5235987755982988
1.989,0.48261362882842745,-0.0031018405599830285,0.481426592497696,-0.11001775877045036,0.8911206063353915,0.8321622592717632,0.8,False,False,0.5235987755982988
1.99,0.482613070670431,-0.0005581579964244452,0.4829540425791906,0.05372902525605766,0.6671303640366785,0.8911206063353915,0.8,False,False,0.5235987755982988
1.991,0.4826172381793236,0.004167508892612982,0.48309312249977565,0.0622641147889558,0.65438481802667,0.6671303640366785,0.8,False,False,0.5235987755982988
1.992,0.48261351307031786,-0.0037251090057581412,0.48281567494524585,0.02829294785708051,0.7001442743264567,0.65438481802667,0.8,False,False,0.5235987755982988
1.993,0.48260362688938047,-0.009886180937392828,0.48344589703644103,0.08848586219089005,0.616568779484372,0.7001442743264567,0.8,False,False,0.5235987755982988
1.994,0.48259153324548626,-0.012093643894197103,0.4826682122241366,0.0018687947413563999,0.7345075870452925,0.616568779484372,0.8,False,False,0.5235987755982988
1.995,0.48257355865273094,-0.0179745927553244,0.482915652730774,0.02642596593096494,0.7005850524982883,0.7345075870452925,0.8,False,False,0.5235987755982988
1.996,0.4825566754101733,-0.01688324255766818,0.4828218235835812,0.014400454618588127,0.716704590722611,0.7005850524982883,0.8,False,False,0.5235987755982988
1.997,0.48253901699708357,-0.017658413089726547,0.48245913326027423,-0.02330862317396979,0.7684839098932063,0.716704590722611,0.8,False,False,0.5235987755982988
1.998,0.4825215117239965,-0.017505273087069805,0.4820582822918806,-0.061062857695937924,0.8210043087506538,0.7684839098932063,0.8,False,False,0.5235987755982988
1.999,0.4825067248990804,-0.01478682491608792,0.4844389375634411,0.18310895522970638,0.4851463383517915,0.8210043087506538,0.8,False,False,0.5235987755982988
2.0,0.48249681991885796,-0.00990498022248737,0.48210241828605505,-0.06885386803186819,0.8295590732586297,0.4851463383517915,0.8,False,False,0.5235987755982988
2.001,0.4824739621108321,-0.02285780802587275,0.4818928741870973,-0.08292289112445506,0.8502136947509732,0.8295590732586297,0.8,False,False,0.5235987755982988
2.0020000000000002,0.48245756599823686,-0.016396112595229217,0.48283631101849706,0.019713081127965076,0.7100686650828736,0.8502136947509732,0.8,False,False,0.5235987755982988
2.003,0.48244779593924353,-0.00977005899333399,0.48266758037837265,0.0008687090027281984,0.7357190631553971,0.7100686650828736,0.8,False,False,0.5235987755982988
2.004,0.4824362865583505,-0.011509380893006562,0.48121037466785116,-0.14493873294969378,0.9369176962876904,0.7357190631553971,0.8,False,False,0.5235987755982988
2.005,0.48242472535479175,-0.01156120355875961,0.48340444695392576,0.08896236895273552,0.6167430728554324,0.9369176962876904,0.8,False,False,0.5235987755982988
2.0060000000000002,0.48242318380544613,-0.0015415493456191615,0.4823409835315766,-0.026280210177452246,0.7741765094139422,0.6167430728554324,0.8,False,False,0.5235987755982988
2.007,0.4824129471270909,-0.010236678355252543,0.48144347685837585,-0.11340285647978354,0.8948788050943536,0.7741765094139422,0.8,False,False,0.5235987755982988
2.008,0.48240428845811995,-0.00865866897091003,0.4834416983026639,0.09775957359700206,0.6055159030050256,0.8948788050943536,0.8,False,False,0.5235987755982988
2.009,0.4824028549835767,-0.0014334745432069964,0.4829488599222592,0.038699778196831555,0.6852587483325149,0.6055159030050256,0.8,False,False,0.5235987755982988
2.0100000000000002,0.4823921323455614,-0.010722638015311165,0.48128861128110045,-0.13119506373872836,0.9190170341960445,0.6852587483325149,0.8,False,False,0.5235987755982988
2.011,0.4823786558617929,-0.01347648376845788,0.483929540460415,0.1460173605665966,0.5388253998019932,0.9190170341960445,0.8,False,False,0.5235987755982988
2.012,0.48237470907447727,-0.003946787315648544,0.4829496182335505,0.0334234018234876,0.6915767503772849,0.5388253998019932,0.8,False,False,0.5235987755982988
2.013,0.4823588882462946,-0.015820828182701793,0.48234999045686605,-0.02988171602730419,0.7783361917785547,0.6915767503772849,0.8,False,False,0.5235987755982988
2.0140000000000002,0.48234166353046676,-0.01722471582780341,0.48372939122972836,0.11104653286165668,0.5843930792002803,0.7783361917785547,0.8,False,False,0.5235987755982988
2.015,0.48232760588610674,-0.014057644360036524,0.4824666194270546,-0.026335300691884625,0.7719811719126575,0.5843930792002803,0.8,False,False,0.5235987755982988
2.016,0.4823064612905764,-0.021144595530296083,0.4822819541843439,-0.04216829489376747,0.7943047393237097,0.7719811719126575,0.8,False,False,0.5235987755982988
2.017,0.4822887079397945,-0.01775335078191392,0.4817124873860003,-0.09489814523874834,0.8678309621078711,0.7943047393237097,0.8,False,False,0.5235987755982988
2.0180000000000002,0.48227500227801684,-0.013705661777667162,0.48278276257402103,0.021619188087198413,0.708745208732362,0.8678309621078711,0.8,False,False,0.5235987755982988
2.019,0.4822683126463441,-0.006689631672722265,0.48268422719657306,0.009603731533681327,0.7249373933906461,0.708745208732362,0.8,False,False,0.5235987755982988
2.02,0.4822590222851085,-0.00929036123564409,0.48227183312389493,-0.03259604888749919,0.7830002232042689,0.7249373933906461,0.8,False,False,0.5235987755982988
2.021,0.4822486185113267,-0.010403773781749776,0.481559225365286,-0.10059721985964222,0.8774285680258013,0.7830002232042689,0.8,False,False,0.5235987755982988
2.0220000000000002,0.482240273437579,-0.008345073747680471,0.4823536586251707,-0.011094171885207199,0.7557251117785545,0.8774285680258013,0.8,False,False,0.5235987755982988
2.023,0.48223820085828145,-0.0020725792975999037,0.48217728992700926,-0.027621624512832017,0.7787326914986105,0.7557251117785545,0.8,False,False,0.5235987755982988
2.024,0.4822345423824636,-0.0036584758178527625,0.4810708665148286,-0.1355018032796134,0.9281045274379998,0.7787326914986105,0.8,False,False,0.5235987755982988
2.025,0.48223092063786044,-0.003621744603176409,0.4809465220627541,-0.13438606815910079,0.9290038454307255,0.9281045274379998,0.8,False,False,0.5235987755982988
2.0260000000000002,0.48223479340709735,0.003872769236925652,0.48272798276904744,0.05719860928614068,0.667035939783156,0.9290038454307255,0.8,False,False,0.5235987755982988
2.027,0.4822439533534976,0.00915994640026733,0.47997337746015667,-0.22398178253155007,1.0540353055244187,0.667035939783156,0.8,False,False,0.5235987755982988
2.028,0.48224385775369893,-9.559979870746478e-05,0.48242311225438544,0.04338987514448239,0.6890940900170618,1.0540353055244187,0.8,False,False,0.5235987755982988
2.029,0.4822564929812968,0.01263522759789321,0.48183928680850646,-0.019331656957864096,0.7748687865656992,0.6890940900170618,0.8,False,False,0.5235987755982988
2.0300000000000002,0.4822601767892635,0.003683807966671457,0.4834018373251684,0.13885656040411543,0.5569170164314091,0.7748687865656992,0.8,False,False,0.5235987755982988
2.031,0.48226149648935906,0.0013197000955986514,0.4818308642391763,-0.03212640423550388,0.7903740895468097,0.5569170164314091,0.8,False,False,0.5235987755982988
2.032,0.4822502614250484,-0.011235064310686854,0.4828257699702296,0.07057680929337287,0.6492219301531988,0.7903740895468097,0.8,False,False,0.5235987755982988
2.033,0.48224164566800043,-0.008615757047988686,0.48189527299918355,-0.029530568740566823,0.7860997292727548,0.6492219301531988,0.8,False,False,0.5235987755982988
2.0340000000000003,0.48222796134759716,-0.013684320403255873,0.482327225337417,0.016617721956835297,0.7229466383476701,0.7860997292727548,0.8,False,False,0.5235987755982988
2.035,0.4822172022714348,-0.010759076162365612,0.48286021344711116,0.06825476073056722,0.651388405844697,0.7229466383476701,0.8,False,False,0.5235987755982988
2.036,0.4822055821885758,-0.01162008285900743,0.48180192617738654,-0.044399442314951736,0.805622620354363,0.651388405844697,0.8,False,False,0.5235987755982988
2.037,0.48218971837561225,-0.01586381296352842,0.4830593765711787,0.0857855412957593,0.6267665329332509,0.805622620354363,0.8,False,False,0.5235987755982988
2.0380000000000003,0.48217816042532863,-0.011557950283607376,0.4813109954390493,-0.097631126046755,0.8783373941225969,0.6267665329332509,0.8,False,False,0.5235987755982988
2.039,0.48216111384721466,-0.017046578113950737,0.4824181945999873,0.022851902651719297,0.713828174787544,0.8783373941225969,0.8,False,False,0.5235987755982988
2.04,0.4821522060302383,-0.008907816976356179,0.48295736107885506,0.07448336027332321,0.6421654290219997,0.713828174787544,0.8,False,False,0.5235987755982988
2.041,0.4821415338708033,-0.010672159435004939,0.48271752524172057,0.04305144053254146,0.6842007777793587,0.6421654290219997,0.8,False,False,0.5235987755982988
2.0420000000000003,0.48212594147671495,-0.01559239408832724,0.4837983551283154,0.14682928513877314,0.5402124262931732,0.6842007777793587,0.8,False,False,0.5235987755982988
2.043,0.48210853642132406,-0.017405055390905474,0.48144230993501164,-0.10345816270548319,0.8829661771857491,0.5402124262931732,0.8,False,False,0.5235987755982988
2.044,0.4820824206226727,-0.02611579865135221,0.4808788858570503,-0.14945475423106874,0.9483037204197557,0.8829661771857491,0.8,False,False,0.5235987755982988
2.045,0.48206573683365866,-0.016683789014010478,0.4811980157580879,-0.10259628870420118,0.8863292235688378,0.9483037204197557,0.8,False,False,0.5235987755982988
2.0460000000000003,0.4820606312806249,-0.005105553033782694,0.48263697614595447,0.051559378952875046,0.6754411353987483,0.8863292235688378,0.8,False,False,0.5235987755982988
2.047,0.4820613618506799,0.0007305700550178547,0.4824958815818895,0.03229398465109058,0.7010993107140591,0.6754411353987483,0.8,False,False,0.5235987755982988
2.048,0.4820556424816384,-0.005719369041506836,0.4821448782512853,-0.006035746874435623,0.7534130484955656,0.7010993107140591,0.8,False,False,0.5235987755982988
2.049,0.4820466714754341,-0.00897100620430966,0.48106670658216416,-0.11324933909910843,0.9014764492093539,0.7534130484955656,0.8,False,False,0.5235987755982988
2.05,0.4820379312454595,-0.008740229974615167,0.482707149205182,0.06211985711258475,0.6615054465410013,0.9014764492093539,0.8,False,False,0.5235987755982988
2.051,0.48203676678418544,-0.001164461274073927,0.48096801024744007,-0.11800602437286517,0.9089610055628956,0.6615054465410013,0.8,False,False,0.5235987755982988
2.052,0.4820290311972566,-0.007735586928833817,0.4830404055011111,0.10103410343152462,0.6088097376315493,0.9089610055628956,0.8,False,False,0.5235987755982988
2.053,0.4820289860854403,-4.5111816276154765e-05,0.4845225715182796,0.23914729480522173,0.4163949196740798,0.6088097376315493,0.8,False,False,0.5235987755982988
2.054,0.4820193951744748,-0.009590910965502186,0.48233918412724386,-0.003106173778874427,0.7464000550136385,0.4163949196740798,0.8,False,False,0.5235987755982988
2.055,0.4819933376506242,-0.0260575238505919,0.48250219549374385,0.013505580249011783,0.7235317455831753,0.7464000550136385,0.8,False,False,0.5235987755982988
2.056,0.4819698791301444,-0.023458520479786766,0.4815397778442521,-0.0840867427250625,0.8579660508429157,0.7235317455831753,0.8,False,False,0.5235987755982988
2.057,0.4819476422785581,-0.022236851586309853,0.48036793314773674,-0.19286253810409407,1.0095902098350302,0.8579660508429157,0.8,False,False,0.5235987755982988
2.058,0.48193322095341323,-0.014421325144822576,0.4814072490858932,-0.06964469047803648,0.8430211057969446,1.0095902098350302,0.8,False,False,0.5235987755982988
2.059,0.48193304224005656,-0.00017871335668070108,0.48097931122322907,-0.105474007696648,0.893719167987233,0.8430211057969446,0.8,False,False,0.5235987755982988
2.06,0.4819350689094232,0.0020266693666855106,0.4806723192019298,-0.1256258090569078,0.9234271860029313,0.893719167987233,0.8,False,False,0.5235987755982988
2.061,0.4819411675022691,0.00609859284587619,0.48344421009688326,0.16412586134412732,0.5258311454125272,0.9234271860029313,0.8,False,False,0.5235987755982988
2.062,0.48195163815561587,0.010470653346744553,0.4821897556228575,0.02226782780713671,0.7186409661893799,0.5258311454125272,0.8,False,False,0.5235987755982988
2.063,0.481945475952042,-0.006162203573873044,0.48227681587257426,0.028747069998100533,0.7092987910653213,0.7186409661893799,0.8,False,False,0.5235987755982988
2.064,0.4819370627468785,-0.008413205163521351,0.48166738986012975,-0.035070238246160894,0.7968492291824363,0.7092987910653213,0.8,False,False,0.5235987755982988
2.065,0.48192653305319805,-0.01052969368040249,0.48177567457469184,-0.020734742965335784,0.7776975099833285,0.7968492291824363,0.8,False,False,0.5235987755982988
2.066,0.48191878407605016,-0.00774897714786843,0.48276051333642184,0.0798226075041978,0.6393015917087482,0.7776975099833285,0.8,False,False,0.5235987755982988
2.067,0.481912165923281,-0.006618152769118166,0.48188394646368904,-0.01581634051950176,0.7698465330463781,0.6393015917087482,0.8,False,False,0.5235987755982988
2.068,0.4818994553392756,-0.012710584005454061,0.4823625731662209,0.03362796378563321,0.7018980872346429,0.7698465330463781,0.8,False,False,0.5235987755982988
2.069,0.481888659010756,-0.0107963285195697,0.48171761299348326,-0.03423084986669307,0.7949379467267117,0.7018980872346429,0.8,False,False,0.5235987755982988
2.07,0.48187595786588455,-0.012701144871462478,0.48157737314146004,-0.044831750082345384,0.8101833443219124,0.7949379467267117,0.8,False,False,0.5235987755982988
2.071,0.481866423571076,-0.009534294808516695,0.48063865934694094,-0.13421995452602054,0.9343460379556663,0.8101833443219124,0.8,False,False,0.5235987755982988
2.072,0.48186009823287534,-0.0063253382006686135,0.4801341865870485,-0.1712452350626645,0.9878568842777034,0.9343460379556663,0.8,False,False,0.5235987755982988
2.073,0.48186235226323715,0.002254030361784143,0.4816340964446679,-0.004129725794453948,0.7603198957187007,0.9878568842777034,0.8,False,False,0.5235987755982988
2.074,0.48187331676109785,0.010964497860703484,0.4819226194256862,0.02513554488681943,0.7200081572428437,0.7603198957187007,0.8,False,False,0.5235987755982988
2.075,0.4818792582640139,0.005941502916050186,0.4807568980765457,-0.09395014451591276,0.8838939688106513,0.7200081572428437,0.8,False,False,0.5235987755982988
2.076,0.48187944460660836,0.00018634259446644649,0.4818493596114066,0.024691023421770722,0.7218602596579345,0.8838939688106513,0.8,False,False,0.5235987755982988
2.077,0.4818837690011122,0.004324394503844723,0.4819306769613907,0.030353656078000342,0.7136013881707458,0.7218602596579345,0.8,False,False,0.5235987755982988
2.078,0.4818828916385894,-0.00087736252278868,0.4800014197183347,-0.1656074338353978,0.9834813264418313,0.7136013881707458,0.8,False,False,0.5235987755982988
2.079,0.4818779608949712,-0.004930743618196895,0.4810793639762657,-0.04125226465875734,0.8148521267871046,0.9834813264418313,0.8,False,False,0.5235987755982988
2.08,0.48188367390551584,0.005713010544660624,0.48223907869902466,0.07884443408301259,0.6498612232873198,0.8148521267871046,0.8,False,False,0.5235987755982988
2.081,0.48188843791036834,0.004764004852500824,0.48222621037169544,0.06967315794178948,0.6610983845487134,0.6498612232873198,0.8,False,False,0.5235987755982988
2.082,0.48188427314985827,-0.0041647605100772166,0.48087750186041595,-0.07216500898033894,0.8555809380582984,0.6610983845487134,0.8,False,False,0.5235987755982988
2.083,0.4818744116439346,-0.009861505923700203,0.4820126836526639,0.04856967114249239,0.6902660496504373,0.8555809380582984,0.8,False,False,0.5235987755982988
2.084,0.48187010855400286,-0.004303089931695627,0.4827623271729389,0.11867705605573876,0.5926436043895924,0.6902660496504373,0.8,False,False,0.5235987755982988
2.085,0.48186160734832223,-0.008501205680648667,0.4825397314314525,0.08454977630152845,0.6376030634413994,0.5926436043895924,0.8,False,False,0.5235987755982988
2.086,0.481845179436889,-0.016427911433260677,0.4817620269012016,-0.0016756543537132795,0.7550722617722054,0.6376030634413994,0.8,False,False,0.5235987755982988
2.087,0.48182475236272604,-0.020427074162963955,0.48141636598828336,-0.03607418021016858,0.8025723892324805,0.7550722617722054,0.8,False,False,0.5235987755982988
2.088,0.48180678311395436,-0.017969248771653856,0.48125757644490924,-0.04834571652656332,0.8201564445928883,0.8025723892324805,0.8,False,False,0.5235987755982988
2.089,0.48179330765191936,-0.013475462035007957,0.4822015574278063,0.05088695341579823,0.6840855829699075,0.8201564445928883,0.8,False,False,0.5235987755982988
2.09,0.48178441865203764,-0.00888899988171691,0.48195467898779093,0.02111041407268207,0.7242612421019234,0.6840855829699075,0.8,False,False,0.5235987755982988
2.091,0.481772273444703,-0.012145207334622082,0.4823215320562893,0.05568467951525125,0.6761687683378697,0.7242612421019234,0.8,False,False,0.5235987755982988
2.092,0.4817596430546607,-0.012630390042361177,0.48187472466646686,0.005435472581481575,0.7445103496751974,0.6761687683378697,0.8,False,False,0.5235987755982988
2.093,0.48174422621033697,-0.015416844323695871,0.4824587325468469,0.06329271336133782,0.664569518892529,0.7445103496751974,0.8,False,False,0.5235987755982988
2.094,0.4817299810643789,-0.014245145958059216,0.4818125286217746,-0.007656950482026782,0.7613407861558681,0.664569518892529,0.8,False,False,0.5235987755982988
2.095,0.4817126939171949,-0.017287147184010476,0.48239746400218214,0.05160228260693063,0.6797008696017834,0.7613407861558681,0.8,False,False,0.5235987755982988
2.096,0.4816977339332451,-0.014959983949784544,0.48245767016045693,0.052462670173716495,0.6775846936726941,0.6797008696017834,0.8,False,False,0.5235987755982988
2.097,0.4816806225554198,-0.01711137782527078,0.4809785406245499,-0.10069655043435602,0.8880000900487073,0.6775846936726941,0.8,False,False,0.5235987755982988
2.098,0.48166162266340895,-0.018999892010853617,0.4800837193149975,-0.18010902634616333,0.9994018447148199,0.8880000900487073,0.8,False,False,0.5235987755982988
2.099,0.4816515374591095,-0.010085204299476902,0.48299848907503273,0.12937885229197701,0.5755505346684171,0.9994018447148199,0.8,False,False,0.5235987755982988
2.1,0.4816542554538052,0.002717994695698311,0.4818782324490511,0.0044153044646151884,0.7456714113289208,0.5755505346684171,0.8,False,False,0.5235987755982988
2.101,0.48164492968783146,-0.009325765973744357,0.48014875849506095,-0.16897362138086092,0.9848686535153147,0.7456714113289208,0.8,False,False,0.5235987755982988
2.102,0.48163553596823294,-0.009393719598511128,0.4810126109436631,-0.06569101438255946,0.8453801810425142,0.9848686535153147,0.8,False,False,0.5235987755982988
2.103,0.48163805092953393,0.002514961300986345,0.4823116383202017,0.07078082470955507,0.6582314813542822,0.8453801810425142,0.8,False,False,0.5235987755982988
2.104,0.48164207430345973,0.004023373925822727,0.4813980102262191,-0.027660067159660337,0.7928058572890275,0.6582314813542822,0.8,False,False,0.5235987755982988
2.105,0.4816378021685892,-0.00427213487052826,0.4811909442816115,-0.04560065490445081,0.8180617495857123,0.7928058572890275,0.8,False,False,0.5235987755982988
2.106,0.4816344499120699,-0.003352256519323547,0.4828569499567661,0.12555997810145117,0.5826808878258476,0.8180617495857123,0.8,False,False,0.5235987755982988
2.107,0.48163301051580665,-0.0014393962632399792,0.480719080069896,-0.10078300839570307,0.8927741295860944,0.5826808878258476,0.8,False,False,0.5235987755982988
2.108,0.48162114199638273,-0.011868519423924669,0.4809246217949492,-0.07015053505081123,0.8523154105212662,0.8927741295860944,0.8,False,False,0.5235987755982988
2.109,0.4816171537882828,-0.003988208099953419,0.48180162328747167,0.024564667706515442,0.7228711403470701,0.8523154105212662,0.8,False,False,0.5235987755982988
2.11,0.4816169781553105,-0.0001756329722663744,0.4819577143625601,0.037717308444704375,0.7042783321096521,0.7228711403470701,0.8,False,False,0.5235987755982988
2.111,0.4816129994704248,-0.0039786848857370945,0.482046140478854,0.04278818922962886,0.6966016050744516,0.7042783321096521,0.8,False,False,0.5235987755982988
2.112,0.4816054287220925,-0.007570748332317839,0.48240063392945065,0.07395871536632866,0.6528160915996726,0.6966016050744516,0.8,False,False,0.5235987755982988
2.113,0.48159488695674874,-0.010541765343762138,0.4817681794944968,0.003317400334310286,0.748969849467264,0.6528160915996726,0.8,False,False,0.5235987755982988
2.114,0.48157992707626507,-0.014959880483658174,0.4820069951283078,0.02686722368197995,0.7164113800414623,0.748969849467264,0.8,False,False,0.5235987755982988
2.115,0.48156627923192025,-0.013647844344803494,0.481340076480585,-0.0425113634584961,0.8116702202690436,0.7164113800414623,0.8,False,False,0.5235987755982988
2.116,0.48155206498227593,-0.014214249644299471,0.48160677957362064,-0.011589917809085096,0.7697638298151094,0.8116702202690436,0.8,False,False,0.5235987755982988
2.117,0.48154215784114784,-0.009907141128061459,0.4816359991161663,-0.007508971773612157,0.7643407428067203,0.7697638298151094,0.8,False,False,0.5235987755982988
2.118,0.4815335292674741,-0.008628573673728492,0.4817212378017213,0.0017657939592535228,0.7516767275872906,0.7643407428067203,0.8,False,False,0.5235987755982988
2.119,0.4815255913327679,-0.00793793470622277,0.48219975949502003,0.04944138389319873,0.6858526291871797,0.7516767275872906,0.8,False,False,0.5235987755982988
2.12,0.481517532729556,-0.00805860321191716,0.48200198872846434,0.024720168848309482,0.7190779610390492,0.6858526291871797,0.8,False,False,0.5235987755982988
2.121,0.48150609371217235,-0.011439017383673145,0.48154468032647096,-0.023482688235858723,0.7851529407759318,0.7190779610390492,0.8,False,False,0.5235987755982988
2.122,0.4814937550922996,-0.012338619872792167,0.4807876594672664,-0.09683650533272664,0.886803896757855,0.7851529407759318,0.8,False,False,0.5235987755982988
2.123,0.48148401739951496,-0.009737692784599622,0.481543071712623,-0.011611630263796066,0.7709366262587198,0.886803896757855,0.8,False,False,0.5235987755982988
2.124,0.48148136929422447,-0.002648105290512336,0.48145691916444716,-0.019065722055000865,0.7814322822753308,0.7709366262587198,0.8,False,False,0.5235987755982988
2.125,0.48147806843414653,-0.0033008600779323802,0.48164665116524374,0.0018140502301575191,0.7529613795188023,0.7814322822753308,0.8,False,False,0.5235987755982988
2.126,0.4814748337552673,-0.003234678879266298,0.48340039033717624,0.17700656240039175,0.5111630598197362,0.7529613795188023,0.8,False,False,0.5235987755982988
2.1270000000000002,0.48147022211411633,-0.004611641150955087,0.48101314413822316,-0.07941871373495593,0.861843822763309,0.5111630598197362,0.8,False,False,0.5235987755982988
2.128,0.48145254655612385,-0.01767555799249361,0.4818210632450616,0.009315068322381367,0.7408207403714127,0.861843822763309,0.8,False,False,0.5235987755982988
2.129,0.4814422837328706,-0.010262823253219411,0.4823746927831745,0.06374651530143752,0.6655376723105123,0.7408207403714127,0.8,False,False,0.5235987755982988
2.13,0.48143193733207906,-0.010346400791560618,0.4815174601357936,-0.02835140096679744,0.7914853594852507,0.6655376723105123,0.8,False,False,0.5235987755982988
2.1310000000000002,0.4814177629742965,-0.014174357782559691,0.48345791771085816,0.16852949663633807,0.520300046010326,0.7914853594852507,0.8,False,False,0.5235987755982988
2.132,0.48140687881527017,-0.010884159026316493,0.4810769772981391,-0.08641749429920359,0.8690933625619195,0.520300046010326,0.8,False,False,0.5235987755982988
2.133,0.48138503019488116,-0.02184862038898864,0.4816678513948668,-0.01868833519651321,0.7771826378975923,0.8690933625619195,0.8,False,False,0.5235987755982988
2.134,0.48137151021938035,-0.013519975500799926,0.48067442070276895,-0.11616257088664594,0.9120334731835128,0.7771826378975923,0.8,False,False,0.5235987755982988
2.1350000000000002,0.4813604369278123,-0.01107329156808293,0.4810536737262897,-0.06662101144590488,0.8457570474312498,0.9120334731835128,0.8,False,False,0.5235987755982988
2.136,0.4813580291732514,-0.002407754560910833,0.4815752649910657,-0.007799783823717717,0.7657829315186577,0.8457570474312498,0.8,False,False,0.5235987755982988
2.137,0.48135863775895277,0.0006085857013674398,0.48209717737696645,0.04517143314873095,0.6928230482055056,0.7657829315186577,0.8,False,False,0.5235987755982988
2.138,0.48135735053750744,-0.0012872214453098097,0.48163581331149824,-0.0054821167129627466,0.7619118612179656,0.6928230482055056,0.8,False,False,0.5235987755982988
2.1390000000000002,0.4813510952514619,-0.0062552860455090805,0.4824498802405441,0.07647278786291775,0.6489127710040838,0.7619118612179656,0.8,False,False,0.5235987755982988
2.14,0.48134477827838273,-0.0063169730792059,0.4812619054111317,-0.04997197386461481,0.8220300320065463,0.6489127710040838,0.8,False,False,0.5235987755982988
2.141,0.48133276670240926,-0.012011575973475864,0.4810428949765493,-0.06687581993639229,0.8462568351151623,0.8220300320065463,0.8,False,False,0.5235987755982988
2.142,0.4813251294421354,-0.007637260273856509,0.4836848015944813,0.20400242385044792,0.4736486234481779,0.8462568351151623,0.8,False,False,0.5235987755982988
2.1430000000000002,0.4813220215184279,-0.003107923707503217,0.4816660587693322,-0.018272101049504608,0.7767154241808043,0.4736486234481779,0.8,False,False,0.5235987755982988
2.144,0.48130353340148424,-0.018488116943641955,0.48067566730725103,-0.11548403715267272,0.9111967938220674,0.7767154241808043,0.8,False,False,0.5235987755982988
2.145,0.48128832285848044,-0.015210543003784197,0.48068246343205484,-0.10325602095702449,0.8964008441408209,0.9111967938220674,0.8,False,False,0.5235987755982988
2.146,0.48128258132149043,-0.0057415369900372295,0.4804599379064409,-0.11518297142271351,0.9147186441606983,0.8964008441408209,0.8,False,False,0.5235987755982988
2.1470000000000002,0.48128335944564776,0.0007781241573228482,0.4821006703922969,0.06040857430515782,0.6744756045418446,0.9147186441606983,0.8,False,False,0.5235987755982988
2.148,0.4812896370699821,0.006277624334369512,0.4809716578959576,-0.05853353275929226,0.837528357953293,0.6744756045418446,0.8,False,False,0.5235987755982988
2.149,0.48128778958091256,-0.0018474890695516534,0.4813989343080974,-0.009952538269383172,0.7715401891468856,0.837528357953293,0.8,False,False,0.5235987755982988
2.15,0.48128837857531037,0.0005889943978183896,0.4812329568016841,-0.025555035083773256,0.7932507804395929,0.7715401891468856,0.8,False,False,0.5235987755982988
2.1510000000000002,0.48128736557593355,-0.0010129993768295867,0.4819257131245291,0.04627610070910301,0.6945838036769315,0.7932507804395929,0.8,False,False,0.5235987755982988
2.152,0.48128632280777883,-0.0010427681547128115,0.4805473991906469,-0.09618290275002864,0.8903442586377693,0.6945838036769315,0.8,False,False,0.5235987755982988
2.153,0.4812803259481674,-0.00599685961144885,0.48034171206134746,-0.10713332540496723,0.9071871341510851,0.8903442586377693,0.8,False,False,0.5235987755982988
2.154,0.48128061730239585,0.0002913542284719824,0.48147635362807967,0.017044163808750318,0.7377505988934443,0.9071871341510851,0.8,False,False,0.5235987755982988
2.1550000000000002,0.481286179447829,0.005562145433113397,0.4818106153572511,0.04876592034502006,0.6936677799248345,0.7377505988934443,0.8,False,False,0.5235987755982988
2.156,0.4812869799601406,0.0008005123116145985,0.4815771691467819,0.020544707263595693,0.7317352674109898,0.6936677799248345,0.8,False,False,0.5235987755982988
2.157,0.48128222063386966,-0.0047593262709368115,0.4805758389981049,-0.08164277833046206,0.8723841928000448,0.7317352674109898,0.8,False,False,0.5235987755982988
2.158,0.48127546855185444,-0.00675208201520696,0.48186668560819684,0.05560616051177747,0.6844502272077025,0.8723841928000448,0.8,False,False,0.5235987755982988
2.1590000000000003,0.4812743147083662,-0.0011538434882770532,0.48062517359062834,-0.07410565729625049,0.8624516248935692,0.6844502272077025,0.8,False,False,0.5235987755982988
2.16,0.4812677337611256,-0.006580947240610417,0.48081260543473,-0.04795190715646168,0.8276933515319931,0.8624516248935692,0.8,False,False,0.5235987755982988
2.161,0.48126620770609696,-0.0015260550286225923,0.48044245285648673,-0.08017197426513986,0.8730201784707853,0.8276933515319931,0.8,False,False,0.5235987755982988
2.162,0.4812665293529519,0.00032164685495364095,0.4824020042166414,0.12380035917684283,0.5929814538576217,0.8730201784707853,0.8,False,False,0.5235987755982988
2.1630000000000003,0.48127040423640477,0.0038748834528569043,0.48182316880860393,0.05353678245540931,0.6877167832680168,0.5929814538576217,0.8,False,False,0.5235987755982988
2.164,0.4812627645579332,-0.007639678471546368,0.4817907208758508,0.044938310934554034,0.6986190118825997,0.6877167832680168,0.8,False,False,0.5235987755982988
2.165,0.48125172785224823,-0.011036705684973485,0.4823401251406189,0.09538490631791136,0.6281938206567446,0.6986190118825997,0.8,False,False,0.5235987755982988
2.166,0.4812386776107115,-0.013050241536750743,0.48369317711498694,0.22115161312292267,0.4529188369521066,0.6281938206567446,0.8,False,False,0.5235987755982988
2.1670000000000003,0.48122052941308047,-0.018148197631042595,0.4797289482543671,-0.19738643425135066,1.0265206132923912,0.4529188369521066,0.8,False,False,0.5235987755982988
2.168,0.48118941907062246,-0.031110342457981763,0.48054506394782626,-0.09603622148030265,0.8902102754848692,1.0265206132923912,0.8,False,False,0.5235987755982988
2.169,0.48117524734750916,-0.014171723113312416,0.48063753314812924,-0.07718567930197436,0.8659251792654217,0.8902102754848692,0.8,False,False,0.5235987755982988
2.17,0.48116930156195764,-0.005945785551493037,0.4804268213744,-0.09053828874469912,0.8857411225238173,0.8659251792654217,0.8,False,False,0.5235987755982988
2.1710000000000003,0.48116840879836636,-0.0008927635912765507,0.48022804001661545,-0.1013625956486853,0.9023083552487229,0.8857411225238173,0.8,False,False,0.5235987755982988
2.172,0.48117207431328557,0.0036655149191967863,0.4809105776842128,-0.022972569324081857,0.7959546456424464,0.9023083552487229,0.8,False,False,0.5235987755982988
2.173,0.48117975307868477,0.007678765399177897,0.48011806605249496,-0.0999264755634577,0.9025645425006186,0.7959546456424464,0.8,False,False,0.5235987755982988
2.174,0.4811850021248912,0.005249046206417119,0.4814773817472514,0.04599774146853271,0.7029877995566141,0.9025645425006186,0.8,False,False,0.5235987755982988
2.1750000000000003,0.4811938188750745,0.008816750183319831,0.48123893417140867,0.017553209737405713,0.7414132939991357,0.7029877995566141,0.8,False,False,0.5235987755982988
2.176,0.48119526371776583,0.0014448426913227803,0.48161504041759573,0.053408513382370924,0.6916170171938104,0.7414132939991357,0.8,False,False,0.5235987755982988
2.177,0.48119334074546083,-0.0019229723049927249,0.48163641740481783,0.05020536076634376,0.6950760145630452,0.6916170171938104,0.8,False,False,0.5235987755982988
2.178,0.48118658143644283,-0.006759309018018848,0.4817128041866621,0.05282350287413892,0.6905592819604938,0.6950760145630452,0.8,False,False,0.5235987755982988
2.179,0.4811765569243403,-0.010024512102528298,0.4808506961541429,-0.038669650665198715,0.8158690107930452,0.6905592819604938,0.8,False,False,0.5235987755982988
2.18,0.4811638789572975,-0.012677967042808104,0.48301492577144317,0.1816202761313495,0.5125649655257822,0.8158690107930452,0.8,False,False,0.5235987755982988
2.181,0.48115540953682323,-0.0084694204742711,0.4813599892794102,-0.002035400685081984,0.7627406345620934,0.5125649655257822,0.8,False,False,0.5235987755982988
2.182,0.48113500134559467,-0.020408191228547264,0.4795096767855199,-0.18686311000560202,1.0178395106367426,0.7627406345620934,0.8,False,False,0.5235987755982988
2.183,0.4811174320186588,-0.01756932693584958,0.4802426941633711,-0.0948750612199221,0.894259539292605,1.0178395106367426,0.8,False,False,0.5235987755982988
2.184,0.4811150588455872,-0.002373173071588266,0.4795961834556203,-0.15003862587301459,0.9720930096158312,0.894259539292605,0.8,False,False,0.5235987755982988
2.185,0.4811181167714077,0.0030579258204817047,0.4811332440890728,0.018671300059541568,0.741974007094618,0.9720930096158312,0.8,False,False,0.5235987755982988
2.186,0.4811288568206378,0.010740049230058876,0.48102256171034474,0.005735932180779663,0.7594887313662377,0.741974007094618,0.8,False,False,0.5235987755982988
2.187,0.4811337083164848,0.004851495846980906,0.4807249297800199,-0.024600854069782054,0.8012502496127588,0.7594887313662377,0.8,False,False,0.5235987755982988
2.188,0.4811350872853009,0.0013789688161553793,0.48288995136908686,0.1943613902438912,0.4995251678331458,0.8012502496127588,0.8,False,False,0.5235987755982988
2.189,0.4811361102143797,0.001022929078779218,0.48161518814886484,0.04744892919730018,0.6987658590530514,0.4995251678331458,0.8,False,False,0.5235987755982988
2.19,0.48112179869872457,-0.014311515655092623,0.4817554390537533,0.0567291267664152,0.6851051056821212,0.6987658590530514,0.8,False,False,0.5235987755982988
2.191,0.48110616769023995,-0.01563100848460825,0.4802936527931091,-0.09512241197464563,0.8936391048629897,0.6851051056821212,0.8,False,False,0.5235987755982988
2.192,0.4810887760353258,-0.01739165491416887,0.48021685763241545,-0.09328968684654541,0.892822147601755,0.8936391048629897,0.8,False,False,0.5235987755982988
2.193,0.48108034287471063,-0.008433160615177652,0.4811124617318147,0.005599691778035196,0.7580340194630717,0.892822147601755,0.8,False,False,0.5235987755982988
2.194,0.481078974512001,-0.0013683627096503052,0.48122995172282046,0.016788721700806482,0.7424923637176426,0.7580340194630717,0.8,False,False,0.5235987755982988
2.195,0.4810759231931891,-0.0030513188119111845,0.47945598575373893,-0.1622867473774267,0.9893143140549899,0.7424923637176426,0.8,False,False,0.5235987755982988
2.196,0.48107091705663013,-0.005006136558942206,0.48091356949597047,-0.0002996984165302141,0.7686933479417465,0.9893143140549899,0.8,False,False,0.5235987755982988
2.197,0.4810768679027015,0.005950846071332458,0.4810891481116393,0.017288132992003134,0.7444275351694679,0.7686933479417465,0.8,False,False,0.5235987755982988
2.198,0.4810794952415254,0.002627338823910765,0.4808917421752441,-0.004181273946713922,0.7737441303510414,0.7444275351694679,0.8,False,False,0.5235987755982988
2.199,0.48107854974909453,-0.0009454924308608757,0.48036873270911434,-0.05606409316501898,0.8454176838033433,0.7737441303510414,0.8,False,False,0.5235987755982988
2.2,0.4810765786817618,-0.0019710673327414958,0.4806057454140183,-0.02675641335812215,0.805982239346796,0.8454176838033433,0.8,False,False,0.5235987755982988
2.201,0.4810774757960455,0.0008971142837088681,0.4809231370340321,0.007658389979071884,0.7589714261819144,0.805982239346796,0.0,False,False,0.5235987755982988
2.202,0.4811183994799117,0.040923683866190726,0.48119763744855587,0.03434259243354064,0.7220093757751243,0.7589714261819144,0.0,False,False,0.5235987755982988
2.203,0.48119130514441144,0.07290566449977148,0.48171908536460417,0.08305312479501666,0.6541706744524836,0.7220093757751243,0.0,False,False,0.5235987755982988
2.204,0.48129402783276515,0.10272268835368845,0.4822372528086153,0.12656455671662692,0.5926299421543512,0.6541706744524836,0.0,False,False,0.5235987755982988
2.205,0.4814230485790197,0.12902074625454218,0.48116618173295467,0.006800993478901909,0.7556254974015124,0.5926299421543512,0.0,False,False,0.5235987755982988
2.206,0.4815751847693113,0.15213619029164516,0.48117711339303204,0.007214060138749064,0.754933047528303,0.7556254974015124,0.0,False,False,0.5235987755982988
2.207,0.48175849369267665,0.18330892336531968,0.482140420317337,0.10282334655537043,0.6228623791908681,0.754933047528303,0.0,False,False,0.5235987755982988
2.208,0.4819728160328562,0.21432234017954668,0.48250587878337814,0.1290868585039469,0.5847679124638359,0.6228623791908681,0.0,False,False,0.5235987755982988
2.209,0.48221142420264046,0.2386081697842777,0.4818325128439428,0.04884157871001782,0.693182835126387,0.5847679124638359,0.0,False,False,0.5235987755982988
2.21,0.4824723163353693,0.26089213272885303,0.48316206476333656,0.1769126127783928,0.5155656596952491,0.693182835126387,0.0,False,False,0.5235987755982988
2.211,0.4827608240413236,0.2885077059543131,0.48361567351669577,0.20458222683647379,0.4741971652650864,0.5155656596952491,0.0,False,False,0.5235987755982988
2.212,0.48306795599943886,0.30713195811526184,0.4841951650858985,0.24207316107309917,0.4187771959354868,0.4741971652650864,0.0,False,False,0.5235987755982988
2.213,0.48339156928798493,0.32361328854605564,0.4849434470369505,0.2926940400709925,0.34456306601907827,0.4187771959354868,0.0,False,False,0.5235987755982988
2.214,0.4837288269831736,0.33725769518864585,0.4829727362675725,0.06635355912608848,0.6516444370017679,0.34456306601907827,0.0,False,False,0.5235987755982988
2.215,0.48407596380088247,0.3471368177088452,0.48408809227653166,0.17125380410939745,0.505687734860532,0.6516444370017679,0.0,False,False,0.5235987755982988
2.216,0.48444829429317054,0.3723304922880982,0.48445813594007237,0.1911327900525286,0.47517216578504184,0.505687734860532,0.0,False,False,0.5235987755982988
2.217,0.4848384198502325,0.39012555706197244,0.4847528345162289,0.20148936866293063,0.4574396970817415,0.47517216578504184,0.0,False,False,0.5235987755982988
2.218,0.4852447435133555,0.40632366312297663,0.48467815473044007,0.17387245321775308,0.49192423176015376,0.4574396970817415,0.0,False,False,0.5235987755982988
2.219,0.4856663138666801,0.4215703533245718,0.48436991645673483,0.12566138052545364,0.5553258079176074,0.49192423176015376,0.0,False,False,0.5235987755982988
2.22,0.4861047941501794,0.43848028349928125,0.4861856722242859,0.2946708192280135,0.3198308776586166,0.5553258079176074,0.0,False,False,0.5235987755982988
2.221,0.48656328680294053,0.4584926527611645,0.4858927699986684,0.23591351474346134,0.3956118831011944,0.3198308776586166,0.0,False,False,0.5235987755982988
2.222,0.48702993702897357,0.4666502260330507,0.4871049804976884,0.33354321317111907,0.2566364560056444,0.3956118831011944,0.0,False,False,0.5235987755982988
2.223,0.48750850124825756,0.4785642192839782,0.4868155675379155,0.2712475958767155,0.3366006300348412,0.2566364560056444,0.0,False,False,0.5235987755982988
2.224,0.4879919830334647,0.4834817852071245,0.4870323500943638,0.2658010919338742,0.3392343487501813,0.3366006300348412,0.0,False,False,0.5235987755982988
2.225,0.4884843609230327,0.492377889568038,0.4886888248140628,0.40486845471038535,0.14253696846378616,0.3392343487501813,0.0,False,False,0.5235987755982988
2.226,0.48898573101848,0.501370095447275,0.4891174348962255,0.4072426174556185,0.13197299169057747,0.14253696846378616,0.0,False,False,0.5235987755982988
2.227,0.48948622248196866,0.5004914634886751,0.48999174136681833,0.4539490027693401,0.06018781284344055,0.13197299169057747,0.0,False,False,0.5235987755982988
2.228,0.48998531062918793,0.4990881472192493,0.4918928366153895,0.5986636273495243,-0.14768945112706178,0.06018781284344055,0.0,False,False,0.5235987755982988
2.229,0.4904794118144605,0.4941011852725444,0.49072139257950753,0.42165286102637334,0.08580946110659515,-0.14768945112706178,0.0,False,False,0.5235987755982988
2.23,0.4909581521224356,0.4787403079751011,0.4913814658212687,0.445494899099851,0.045317697066721174,0.08580946110659515,0.0,False,False,0.5235987755982988
2.231,0.49143326794223413,0.47511581979853046,0.49049291828818914,0.3120906558819117,0.22139664452368013,0.045317697066721174,0.0,False,False,0.5235987755982988
2.232,0.4919027491836068,0.4694812413726724,0.4907797105833182,0.30956081980662736,0.2192701865016981,0.22139664452368013,0.0,False,False,0.5235987755982988
2.233,0.4923754223322402,0.4726731486333657,0.4937567015994259,0.5763038394367357,-0.1544072753443706,0.2192701865016981,0.0,False,False,0.5235987755982988
2.234,0.4928511682976041,0.4757459653639171,0.49204528016083265,0.34753131163373574,0.15092534391390805,-0.1544072753443706,0.0,False,False,0.5235987755982988
2.235,0.4933112909153394,0.46012261773524293,0.4924002778526492,0.34827794965201936,0.14363941983926937,0.15092534391390805,0.0,False,False,0.5235987755982988
2.236,0.4937711193097994,0.45982839445999735,0.49373699906433904,0.4471222758557991,0.0009652465843169589,0.14363941983926937,0.0,False,False,0.5235987755982988
2.237,0.4942302903616735,0.45917105187412083,0.4941515826329857,0.44386840513488457,-0.0025926127862253567,0.0009652465843169589,0.0,False,False,0.5235987755982988
2.238,0.4946816729916693,0.45138262999584017,0.49389408748876396,0.3737320501992219,0.0862059257325612,-0.0025926127862253567,0.0,False,False,0.5235987755982988
2.239,0.4951251204605059,0.4434474688365455,0.49485898112065846,0.43284820836875004,-0.0021015494449736494,0.0862059257325612,0.0,False,False,0.5235987755982988
2.24,0.4955651044357537,0.4399839752478274,0.4966379371366068,0.5674589891267102,-0.19565569464159616,-0.0021015494449736494,0.0,False,False,0.5235987755982988
2.241,0.49599722339762825,0.4321189618745874,0.49529386128642094,0.3763055051954526,0.05792185137925859,-0.19565569464159616,0.0,False,False,0.5235987755982988
2.242,0.4964118310989233,0.4146077012950093,0.4951956224215913,0.32885106819294485,0.1166354753492011,0.05792185137925859,0.0,False,False,0.5235987755982988
2.243,0.49682167646198205,0.40984536305879216,0.49764424457163187,0.540828176377705,-0.1818122531732409,0.1166354753492011,0.0,False,False,0.5235987755982988
2.244,0.49722971421735607,0.40803775537401704,0.49765932431789206,0.48825333336595383,-0.11899387699182296,-0.1818122531732409,0.0,False,False,0.5235987755982988
2.245,0.49762102920904994,0.3913149916938589,0.4970795245590373,0.38144802414388357,0.01960888973404684,-0.11899387699182296,0.0,False,False,0.5235987755982988
2.246,0.49799882924692745,0.37780003787749233,0.496618128059534,0.2971635717791622,0.12905536956277242,0.01960888973404684,0.0,False,False,0.5235987755982988
2.247,0.49837009852914016,0.3712692822126847,0.49772029206628493,0.37766361527634096,0.012616365244640826,0.12905536956277242,0.0,False,False,0.5235987755982988
2.248,0.49874033550270214,0.37023697356197255,0.49869259687577866,0.43712773469807975,-0.07624206463233285,0.012616365244640826,0.0,False,False,0.5235987755982988
2.249,0.4991037223466321,0.3633868439299567,0.5001209631449859,0.5362515881489944,-0.22090128161916056,-0.07624206463233285,0.0,False,False,0.5235987755982988
2.25,0.4994558435399547,0.3521211933226202,0.49855125511853965,0.32565562668947134,0.060068616608299374,-0.22090128161916056,0.0,False,False,0.5235987755982988
2.251,0.49978951118442305,0.3336676444683717,0.4997157536736345,0.40953991953001145,-0.061553508792056455,0.060068616608299374,0.0,False,False,0.5235987755982988
2.2520000000000002,0.5001188475891439,0.32933640472091325,0.5007080224512651,0.4678128053400692,-0.14934180976147637,-0.061553508792056455,0.0,False,False,0.5235987755982988
2.253,0.5004377889728063,0.3189413836624268,0.49835974120003956,0.18620339968350752,0.23085853954845753,-0.14934180976147637,0.0,False,False,0.5235987755982988
2.254,0.5007419875004461,0.30419852763970345,0.5016441361200515,0.4960225517163547,-0.2000435514511747,0.23085853954845753,0.0,False,False,0.5235987755982988
2.255,0.5010505121609526,0.30852466050656824,0.500018629374598,0.2838696219993606,0.08379908562738275,-0.2000435514511747,0.0,False,False,0.5235987755982988
2.2560000000000002,0.5013418005452446,0.2912883842919837,0.501631521268375,0.41677184917712473,-0.10471564107392017,0.08379908562738275,0.0,False,False,0.5235987755982988
2.257,0.5016301137302808,0.28831318503618764,0.5018453853887757,0.39648107629948204,-0.08421626778796154,-0.10471564107392017,0.0,False,False,0.5235987755982988
2.258,0.5019060378805231,0.2759241502423505,0.5028525180581915,0.4575462356111216,-0.17562284701141484,-0.08421626778796154,0.0,False,False,0.5235987755982988
2.259,0.5021706475207751,0.2646096402519955,0.5026514197395803,0.39168178018888355,-0.09296573076972647,-0.17562284701141484,0.0,False,False,0.5235987755982988
2.2600000000000002,0.5024194175801155,0.24877005934045546,0.5003448402622633,0.12185565443830138,0.272344050722677,-0.09296573076972647,0.0,False,False,0.5235987755982988
2.261,0.5026565442726804,0.2371266925647958,0.5019716951844706,0.2723555812151978,0.06246074999067047,0.272344050722677,0.0,False,False,0.5235987755982988
2.262,0.5029003396610117,0.24379538833127426,0.5030209463885297,0.3500451434995856,-0.049653246423658204,0.06246074999067047,0.0,False,False,0.5235987755982988
2.263,0.5031402829052894,0.23994324427779262,0.5029701308558917,0.30995907588582994,-0.0006352856996679201,-0.049653246423658204,0.0,False,False,0.5235987755982988
2.2640000000000002,0.5033707837142694,0.23050080897995415,0.5037875777031248,0.360707853020553,-0.07624786151153073,-0.0006352856996679201,0.0,False,False,0.5235987755982988
2.265,0.5035943307557296,0.2235470414602222,0.5042831830258078,0.37419759998679786,-0.10135645367931856,-0.07624786151153073,0.0,False,False,0.5235987755982988
2.266,0.5038071712159508,0.21284046022115255,0.5043381455229595,0.34227408970329365,-0.06403756628784513,-0.10135645367931856,0.0,False,False,0.5235987755982988
2.267,0.5040080924916539,0.2009212757031512,0.5038211023290491,0.2563423613419205,0.048387285236190514,-0.06403756628784513,0.0,False,False,0.5235987755982988
2.2680000000000002,0.5041990082039624,0.19091571230850332,0.5025877752066882,0.10737541297163794,0.2493475114830259,0.048387285236190514,0.0,False,False,0.5235987755982988
2.269,0.5043855796177448,0.1865714137824292,0.5039880972440641,0.23667007541206864,0.06898811988174208,0.2493475114830259,0.0,False,False,0.5235987755982988
2.27,0.5045778721215409,0.19229250379618082,0.5049412218758137,0.30831553104581866,-0.034142670250250196,0.06898811988174208,0.0,False,False,0.5235987755982988
2.271,0.5047668448613695,0.18897273982854257,0.5038152501175529,0.16488680211515774,0.15823929611523713,-0.034142670250250196,0.0,False,False,0.5235987755982988
2.2720000000000002,0.5049473545768007,0.1805097154312233,0.5054982457030638,0.3166976804547302,-0.05422767843144566,0.15823929611523713,0.0,False,False,0.5235987755982988
2.273,0.5051290542183496,0.1816996415489379,0.5059217769153678,0.32738103363965565,-0.07467126407482799,-0.05422767843144566,0.0,False,False,0.5235987755982988
2.274,0.505301315677565,0.17226145921536334,0.5054120279999855,0.24366803873746545,0.034959810284680704,-0.07467126407482799,0.0,False,False,0.5235987755982988
2.275,0.505463154528136,0.16183885057100306,0.5027895022169628,-0.04295134343854992,0.42610853299030754,0.034959810284680704,0.0,False,False,0.5235987755982988
2.2760000000000002,0.5056200940149425,0.1569394868065466,0.5045047515119052,0.13286872039954284,0.18424996907563343,0.42610853299030754,0.0,False,False,0.5235987755982988
2.277,0.5057917111722853,0.17161715734277894,0.5074377217288966,0.41287887005872337,-0.20455567442122746,0.18424996907563343,0.0,False,False,0.5235987755982988
2.278,0.5059658543598751,0.17414318758980243,0.5054889101611286,0.17670982627605725,0.11392578633779477,-0.20455567442122746,0.0,False,False,0.5235987755982988
2.279,0.5061230731913218,0.15721883144665752,0.5043915815875851,0.049305986294101656,0.28656230863992443,0.11392578633779477,0.0,False,False,0.5235987755982988
2.2800000000000002,0.506279359438543,0.1562862472211825,0.5073573161386767,0.3409488427738529,-0.11679234105542607,0.28656230863992443,0.0,False,False,0.5235987755982988
2.281,0.506443348658165,0.16398921962203708,0.5064550036104644,0.21662270567522973,0.04864064897074455,-0.11679234105542607,0.0,False,False,0.5235987755982988
2.282,0.5065948423047619,0.15149364659696896,0.5075590847833074,0.30536855239200644,-0.07772782820056146,0.04864064897074455,0.0,False,False,0.5235987755982988
2.283,0.5067421620123825,0.1473197076206363,0.5069838540511095,0.21730862393301625,0.03829823912978886,-0.07772782820056146,0.0,False,False,0.5235987755982988
2.2840000000000003,0.5068790060545618,0.13684404217931034,0.507279174391662,0.22510979559497202,0.023621067005495655,0.03829823912978886,0.0,False,False,0.5235987755982988
2.285,0.5070112176462099,0.1322115916481351,0.5073280029756002,0.20748167442929247,0.04389589789342391,0.023621067005495655,0.0,False,False,0.5235987755982988
2.286,0.507138081466584,0.12686382037404254,0.5077467548434439,0.2286086937707313,0.011005941062511071,0.04389589789342391,0.0,False,False,0.5235987755982988
2.287,0.5072606326636866,0.12255119710262126,0.5092480656543104,0.35587890548030443,-0.16874190758457303,0.011005941062511071,0.0,False,False,0.5235987755982988
2.2880000000000003,0.5073772440101818,0.11661134649524335,0.5082246068911925,0.21794513862049167,0.015200870383323128,-0.16874190758457303,0.0,False,False,0.5235987755982988
2.289,0.5074789519193811,0.10170790919922874,0.5060998456996247,-0.016325494398336665,0.33457133145413737,0.015200870383323128,0.0,False,False,0.5235987755982988
2.29,0.5075750134997096,0.09606158032851754,0.5079647992038877,0.17180240546779368,0.07524868853804753,0.33457133145413737,0.0,False,False,0.5235987755982988
2.291,0.5076814202079905,0.10640670828084871,0.5086775500955703,0.22589725408926886,-0.0024946458580084596,0.07524868853804753,0.0,False,False,0.5235987755982988
2.2920000000000003,0.507785164010934,0.1037438029435852,0.5088347184604564,0.21902436516895266,0.0029237902784210457,-0.0024946458580084596,0.0,False,False,0.5235987755982988
2.293,0.507882368481028,0.09720447009394384,0.5075100854030382,0.06465862291024288,0.2120060760223994,0.0029237902784210457,0.0,False,False,0.5235987755982988
2.294,0.5079733310432301,0.09096256220208586,0.5089899368517976,0.20617790549515808,0.015545610842832042,0.2120060760223994,0.0,False,False,0.5235987755982988
2.295,0.5080685314038494,0.09520036061938932,0.5088781393779755,0.1743803675634361,0.05571501088969552,0.015545610842832042,0.0,False,False,0.5235987755982988
2.2960000000000003,0.5081581291239081,0.08959772005868802,0.5104030740909125,0.3094358021007834,-0.13380033538798564,0.05571501088969552,0.0,False,False,0.5235987755982988
2.297,0.5082441557451395,0.08602662123139669,0.507589655760479,-0.0028496111526418733,0.2915836904639272,-0.13380033538798564,0.0,False,False,0.5235987755982988
2.298,0.508317150446108,0.07299470096856459,0.5078743599118728,0.025905765102003396,0.2519525642332643,0.2915836904639272,0.0,False,False,0.5235987755982988
2.299,0.5083984404580797,0.08129001197163313,0.5081313011931448,0.04900931671899912,0.2196033592299741,0.2519525642332643,0.0,False,False,0.5235987755982988
2.3000000000000003,0.5084860064755229,0.08756601744315028,0.5080582069463038,0.03679896036300043,0.2355714833003103,0.2196033592299741,0.0,False,False,0.5235987755982988
2.301,0.5085782042855842,0.09219781006134949,0.507801514660862,0.00744983578252198,0.2754108939348366,0.2355714833003103,0.0,False,False,0.5235987755982988
2.302,0.5086758130671771,0.09760878159292223,0.5062649238802668,-0.1469542258552506,0.4883544019508773,0.2754108939348366,0.0,False,False,0.5235987755982988
2.303,0.508780802650268,0.10498958309093409,0.5084014557966102,0.08139438836461868,0.17587849039285225,0.4883544019508773,0.0,False,False,0.5235987755982988
2.3040000000000003,0.5089037903258968,0.12298767562878159,0.5092261160389239,0.15572097375952143,0.0718427035573233,0.17587849039285225,0.0,False,False,0.5235987755982988
2.305,0.5090290800300308,0.12528970413395177,0.5085986627726887,0.0774035497600548,0.17711777114891586,0.0718427035573233,0.0,False,False,0.5235987755982988
2.306,0.5091514607539688,0.12238072393799715,0.5108403994506552,0.29383686258069475,-0.12295346443924826,0.17711777114891586,0.0,False,False,0.5235987755982988
2.307,0.5092762079016786,0.12474714770981911,0.5092878805002797,0.10920128128508053,0.12655457422224686,-0.12295346443924826,0.0,False,False,0.5235987755982988
2.308,0.5093883084334404,0.11210053176184843,0.5105149438210341,0.220987485232012,-0.029676010287650045,0.12655457422224686,0.0,False,False,0.5235987755982988
2.309,0.5095002884542331,0.11198002079270213,0.5097284208009362,0.12023643469901459,0.10538266471371019,-0.029676010287650045,0.0,False,False,0.5235987755982988
2.31,0.5096043369188445,0.10404846461141608,0.5103255133448539,0.16792204562088411,0.03741226581694798,0.10538266471371019,0.0,False,False,0.5235987755982988
2.311,0.5097072386862463,0.10290176740184967,0.5099509229124727,0.11367079782067627,0.1092563909600589,0.03741226581694798,0.0,False,False,0.5235987755982988
2.312,0.5098055998674369,0.09836118119056518,0.5110000897963077,0.2072204064221137,-0.021888143270696936,0.1092563909600589,0.0,False,False,0.5235987755982988
2.313,0.5099030310652307,0.09743119779383139,0.5099518473572925,0.0816741218783778,0.14763576208406054,-0.021888143270696936,0.0,False,False,0.5235987755982988
2.314,0.509992978835394,0.0899477701633011,0.5104259258275677,0.12091455671806522,0.09201382781148112,0.14763576208406054,0.0,False,False,0.5235987755982988
2.315,0.5100839500910689,0.09097125567488731,0.510403635883603,0.10659410664978942,0.10959958688477656,0.09201382781148112,0.0,False,False,0.5235987755982988
2.316,0.5101731594968081,0.08920940573923784,0.509921582975311,0.04772940515560417,0.18891418102705598,0.10959958688477656,0.0,False,False,0.5235987755982988
2.317,0.5102614936468053,0.0883341499972036,0.5106149073906852,0.1122889061774612,0.09896294032409239,0.18891418102705598,0.0,False,False,0.5235987755982988
2.318,0.5103529219183535,0.09142827154820062,0.5123027917562247,0.2698484521136722,-0.12049043337907306,0.09896294032409239,0.0,False,False,0.5235987755982988
2.319,0.5104429339075076,0.09001198915415885,0.5102069680611632,0.033281237396148994,0.20111505079306286,-0.12049043337907306,0.0,False,False,0.5235987755982988
2.32,0.5105205628059971,0.07762889848950694,0.5108866149798378,0.09791780552399554,0.11131752450350395,0.20111505079306286,0.0,False,False,0.5235987755982988
2.321,0.510601942041975,0.08137923597789391,0.5116995612397225,0.16942065096006656,0.010881077302294012,0.11131752450350395,0.0,False,False,0.5235987755982988
2.322,0.5106825651431302,0.08062310115518441,0.5116776238460874,0.15028484650055027,0.03423891573914531,0.010881077302294012,0.0,False,False,0.5235987755982988
2.323,0.5107574135869278,0.07484844379770081,0.510767638090215,0.04425778626325304,0.17785113162960559,0.03423891573914531,0.0,False,False,0.5235987755982988
2.324,0.5108276813173223,0.07026773039437634,0.5087477823062501,-0.162153570759563,0.46190216416835317,0.17785113162960559,0.0,False,False,0.5235987755982988
2.325,0.5109005711774313,0.07288986010896853,0.5113514794494188,0.11443150063327029,0.08313352991991535,0.46190216416835317,0.0,False,False,0.5235987755982988
2.326,0.5109902727769572,0.08970159952589335,0.5090534161031456,-0.1268179840573816,0.4139980517816161,0.08313352991991535,0.0,False,False,0.5235987755982988
2.327,0.5110777737721612,0.0875009952040461,0.5123605359960399,0.21657580363779041,-0.05760265152468841,0.4139980517816161,0.0,False,False,0.5235987755982988
2.328,0.511179626567019,0.1018527948577677,0.5113275204194402,0.09161666561403756,0.11094259448261029,-0.05760265152468841,0.0,False,False,0.5235987755982988
2.329,0.5112721922707624,0.09256570374341197,0.5121445724254331,0.1641601996519251,0.009183417529272792,0.11094259448261029,0.0,False,False,0.5235987755982988
2.33,0.5113639359870923,0.09174371632996765,0.5105766955080836,-0.009043512048217156,0.24524965608173446,0.009183417529272792,0.0,False,False,0.5235987755982988
2.331,0.5114497731432526,0.0858371561603023,0.5100949547897073,-0.056313232681020994,0.31064465377187167,0.24524965608173446,0.0,False,False,0.5235987755982988
2.332,0.5115415316787129,0.09175853546026413,0.5117690828058266,0.11673089219900248,0.07285739962569765,0.31064465377187167,0.0,False,False,0.5235987755982988
2.333,0.5116424566546974,0.10092497598453139,0.5116131321213359,0.08946273453003202,0.10838630114929484,0.07285739962569765,0.0,False,False,0.5235987755982988
2.334,0.5117406212974057,0.09816464270823701,0.5113116710061849,0.05037034956193411,0.16072346318372938,0.10838630114929484,0.0,False,False,0.5235987755982988
2.335,0.5118378132511181,0.0971919537124142,0.5119116941560052,0.10533562958777348,0.08396471045595624,0.16072346318372938,0.0,False,False,0.5235987755982988
2.336,0.5119366533315517,0.09884008043363159,0.5143516967392432,0.33880232495279156,-0.24011537048034864,0.08396471045595624,0.0,False,False,0.5235987755982988
2.337,0.5120332968989575,0.09664356740578828,0.5127615578236374,0.14590820089693476,0.01998007886758349,-0.24011537048034864,0.0,False,False,0.5235987755982988
2.338,0.5121115488856081,0.07825198665055824,0.5130274091939783,0.15790251784132656,0.0008015738681780016,0.01998007886758349,0.0,False,False,0.5235987755982988
2.339,0.512184491660811,0.0729427752029686,0.5129209655326437,0.13146789992373292,0.034439101273313344,0.0008015738681780016,0.0,False,False,0.5235987755982988
2.34,0.5122511908910584,0.06669923024742894,0.5135422651695002,0.1804510736170128,-0.03552410062204006,0.034439101273313344,0.0,False,False,0.5235987755982988
2.341,0.5123133604821206,0.06216959106225117,0.512147491656776,0.02292861498289031,0.17860877296794272,-0.03552410062204006,0.0,False,False,0.5235987755982988
2.342,0.5123675290857499,0.054168603629290234,0.510574411577674,-0.13667225442559386,0.3984452576819588,0.17860877296794272,0.0,False,False,0.5235987755982988
2.343,0.5124244645107999,0.05693542505008052,0.512259892063572,0.045543019606766044,0.14944828009696287,0.3984452576819588,0.0,False,False,0.5235987755982988
2.344,0.5124951347331016,0.07067022230170594,0.5132035077728743,0.1353502885763131,0.02469447456606616,0.14944828009696287,0.0,False,False,0.5235987755982988
2.345,0.512567004913024,0.0718701799223812,0.511720694413929,-0.026466076175847147,0.24556475272967365,0.02469447456606616,0.0,False,False,0.5235987755982988
2.346,0.5126338314051897,0.06682649216567448,0.5124799230789673,0.05210339794556784,0.1376152678132862,0.24556475272967365,0.0,False,False,0.5235987755982988
2.347,0.5127066838396895,0.07285243449987437,0.5121030008556363,0.009200835817914407,0.19588294238642773,0.1376152678132862,0.0,False,False,0.5235987755982988
2.348,0.5127801338491814,0.07345000949187787,0.5140909016444779,0.2070708311202819,-0.07734326617556186,0.19588294238642773,0.0,False,False,0.5235987755982988
2.349,0.5128570919505061,0.07695810132463213,0.5135111165765568,0.12838524121614248,0.02751557293198545,-0.07734326617556186,0.0,False,False,0.5235987755982988
2.35,0.5129238805103778,0.06678855987173632,0.5134924569624141,0.11368075568025691,0.04549682862961696,0.02751557293198545,0.0,False,False,0.5235987755982988
2.351,0.5129857927622985,0.061912251920625966,0.5135282422397326,0.10589120784408242,0.054200151041293165,0.04549682862961696,0.0,False,False,0.5235987755982988
2.352,0.51304375672425,0.05796396195143021,0.5130112506192028,0.0436029250066981,0.13825193961569002,0.054200151041293165,0.0,False,False,0.5235987755982988
2.353,0.5130982351892743,0.05447846502434215,0.5132706355686796,0.06518112745370315,0.10768916758870249,0.13825193961569002,0.0,False,False,0.5235987755982988
2.354,0.5131534597827191,0.05522459344475897,0.5121191911240113,-0.0564814297584975,0.2744102362473727,0.10768916758870249,0.0,False,False,0.5235987755982988
2.355,0.5132078956974147,0.05443591469552295,0.5112998651257638,-0.13276588660739994,0.3806994524345111,0.2744102362473727,0.0,False,False,0.5235987755982988
2.356,0.5132698860439868,0.061990346572212286,0.5134008565374686,0.09060984322382334,0.07483073122635613,0.3806994524345111,0.0,False,False,0.5235987755982988
2.357,0.5133446877290644,0.07480168507760049,0.5136274225648808,0.10420546164266328,0.05443780063032819,0.07483073122635613,0.0,False,False,0.5235987755982988
2.358,0.5134169385100938,0.0722507810295136,0.5144722209224304,0.17826475123335506,-0.0496397173143944,0.05443780063032819,0.0,False,False,0.5235987755982988
2.359,0.5134856309088219,0.06869239872810606,0.5148568800910794,0.19890419297492443,-0.08133091243996052,-0.0496397173143944,0.0,False,False,0.5235987755982988
2.36,0.5135455790103428,0.05994810152089778,0.5149156611510706,0.18489187967654508,-0.06557419556174565,-0.08133091243996052,0.0,False,False,0.5235987755982988
2.361,0.5135952505993205,0.04967158897770738,0.5127243107135424,-0.052732352043925484,0.2590191903783259,-0.06557419556174565,0.0,False,False,0.5235987755982988
2.362,0.5136355277692304,0.04027716990982742,0.5133281185342541,0.012921665231634752,0.16936582887484344,0.2590191903783259,0.0,False,False,0.5235987755982988
2.363,0.5136828048276313,0.04727705840091984,0.5141019755763002,0.0890152029130846,0.06412415690027323,0.16936582887484344,0.0,False,False,0.5235987755982988
2.364,0.5137324662992231,0.049661471591850165,0.5159419699478854,0.26411311978029794,-0.1791132420289167,0.06412415690027323,0.0,False,False,0.5235987755982988
2.365,0.5137792183932519,0.04675209402881778,0.5150708486112996,0.15058967414368368,-0.02720492320643439,-0.1791132420289167,0.0,False,False,0.5235987755982988
2.366,0.5138109386661618,0.031720272909823946,0.5147877969718794,0.10722554278729357,0.029926963930797662,-0.02720492320643439,0.0,False,False,0.5235987755982988
2.367,0.5138356545965604,0.024715930398655293,0.5134972457653648,-0.03255213214289139,0.22089009556428163,0.029926963930797662,0.0,False,False,0.5235987755982988
2.368,0.5138567024965885,0.02104790002809555,0.5130859654207858,-0.07042495338650683,0.27374052725904297,0.22089009556428163,0.0,False,False,0.5235987755982988
2.369,0.513884014295346,0.027311798757519882,0.5145724662983449,0.0852676297080521,0.06015241174950878,0.27374052725904297,0.0,False,False,0.5235987755982988
2.37,0.5139196377738505,0.035623478504475364,0.5129591296233479,-0.08459280076244988,0.29302498846405656,0.06015241174950878,0.0,False,False,0.5235987755982988
2.371,0.5139524574513944,0.03281967754390055,0.513744382482342,0.002391765213206304,0.17450895783137513,0.29302498846405656,0.0,False,False,0.5235987755982988
2.372,0.5139942314397559,0.041773988361522234,0.5138940687838174,0.017121218839423913,0.15413926005335712,0.17450895783137513,0.0,False,False,0.5235987755982988
2.373,0.5140387450597628,0.04451362000694999,0.5154288230922635,0.16888452780008884,-0.055602288251470094,0.15413926005335712,0.0,False,False,0.5235987755982988
2.374,0.514084925926953,0.046180867190199815,0.5137753941377234,-0.013346820433921519,0.1928370508110626,-0.055602288251470094,0.0,False,False,0.5235987755982988
2.375,0.5141222592582789,0.03733333132590283,0.5119936123847202,-0.19019031369085465,0.4371213142734409,0.1928370508110626,0.0,False,False,0.5235987755982988
2.376,0.5141633653630727,0.041106104793821256,0.5146035763628614,0.08982511549234795,0.05412344764705668,0.4371213142734409,0.0,False,False,0.5235987755982988
2.3770000000000002,0.51422035670771,0.056991344637287875,0.5136103450637073,-0.018480525972294187,0.20196838078940058,0.05412344764705668,0.0,False,False,0.5235987755982988
2.378,0.5142738663115749,0.05350960386487806,0.5143110688985717,0.05343991011137662,0.10305082846143615,0.20196838078940058,0.0,False,False,0.5235987755982988
2.379,0.514331316950436,0.05745063886113799,0.5142556528251034,0.04255431175341278,0.11711103581342147,0.10305082846143615,0.0,False,False,0.5235987755982988
2.38,0.5143877285881515,0.05641163771548356,0.5141488767930072,0.027621277368452532,0.1369526456531052,0.11711103581342147,0.0,False,False,0.5235987755982988
2.3810000000000002,0.5144438125653519,0.056083977200364746,0.5151335148335654,0.12332295368742226,0.004387149340294827,0.1369526456531052,0.0,False,False,0.5235987755982988
2.382,0.5145005636814396,0.056751116087761004,0.5131628867256678,-0.08607215247108087,0.2911325826726555,0.004387149340294827,0.0,False,False,0.5235987755982988
2.383,0.5145513481732437,0.05078449180403899,0.5141001681479886,0.016263205008112902,0.15145908809584757,0.2911325826726555,0.0,False,False,0.5235987755982988
2.384,0.5146105604481573,0.05921227491362963,0.5152074961377758,0.12536968348602037,0.0005994101061892465,0.15145908809584757,0.0,False,False,0.5235987755982988
2.3850000000000002,0.5146711409251692,0.06058047701184961,0.5141352508643627,0.005608187796108652,0.16361361985551906,0.0005994101061892465,0.0,False,False,0.5235987755982988
2.386,0.514725537052836,0.054396127666787954,0.5133215883475891,-0.07631888266086387,0.2765720297058112,0.16361361985551906,0.0,False,False,0.5235987755982988
2.387,0.5147819481457818,0.0564110929458073,0.5153653727443633,0.1356914452826442,-0.014628482968334439,0.2765720297058112,0.0,False,False,0.5235987755982988
2.388,0.5148460046323898,0.0640564866079634,0.5158260895880236,0.16819398512040226,-0.06192443395952815,-0.014628482968334439,0.0,False,False,0.5235987755982988
2.3890000000000002,0.5149030932625778,0.057088630187936105,0.5148638275365284,0.05514838145884321,0.09105100736125611,-0.06192443395952815,0.0,False,False,0.5235987755982988
2.39,0.5149508969822915,0.04780371971370126,0.5132397363914648,-0.11277557119339773,0.3217933911550894,0.09105100736125611,0.0,False,False,0.5235987755982988
2.391,0.5149971619137629,0.046264931471448736,0.5156132367387312,0.1358520206525775,-0.019282725310875243,0.3217933911550894,0.0,False,False,0.5235987755982988
2.392,0.5150534477846447,0.05628587088176945,0.5136049223474083,-0.07856462054496759,0.2741669031699906,-0.019282725310875243,0.0,False,False,0.5235987755982988
2.3930000000000002,0.5151025873451516,0.04913956050685732,0.5153720655505905,0.10600616182774558,0.02087338666545585,0.2741669031699906,0.0,False,False,0.5235987755982988
2.394,0.5151593261707496,0.0567388255979564,0.5143848678840449,-0.003314221009582563,0.16982740406806926,0.02087338666545585,0.0,False,False,0.5235987755982988
2.395,0.5152109227833692,0.05159661261969493,0.5141987720668386,-0.02159238062925429,0.19511092032138874,0.16982740406806926,0.0,False,False,0.5235987755982988
2.396,0.5152648729098684,0.0539501264992697,0.5148792336700891,0.048613017758723745,0.09861613339730563,0.19511092032138874,0.0,False,False,0.5235987755982988
2.3970000000000002,0.5153224170057027,0.05754409583430354,0.5151624597121769,0.07207432019162612,0.06536450172024333,0.09861613339730563,0.0,False,False,0.5235987755982988
2.398,0.5153786996370339,0.05628263133116199,0.514816521885146,0.0302731054693784,0.1217528402734959,0.06536450172024333,0.0,False,False,0.5235987755982988
2.399,0.5154320683461724,0.05336870913854026,0.5159458088722794,0.1401744936357732,-0.03045599129457774,0.1217528402734959,0.0,False,False,0.5235987755982988
2.4,0.5154853686768914,0.053300330719091606,0.5150960997095698,0.041186128001241454,0.10362481239563215,-0.03045599129457774,0.0,False,False,0.5235987755982988
2.4010000000000002,0.5155309908534365,0.045622176544970354,0.5163863687538698,0.1660944196311136,-0.06948998035761375,0.10362481239563215,0.0,False,False,0.5235987755982988
2.402,0.5155757357543619,0.04474490092546525,0.5158211056297985,0.09295866526087869,0.028447661119950382,-0.06948998035761375,0.0,False,False,0.5235987755982988
2.403,0.51561096238817,0.03522663380808906,0.515002228889364,0.0017751246913337432,0.1526076911312266,0.028447661119950382,0.0,False,False,0.5235987755982988
2.404,0.5156418145891655,0.03085220099550686,0.514886139484305,-0.010011328283702405,0.16884104399233246,0.1526076911312266,0.0,False,False,0.5235987755982988
2.4050000000000002,0.5156746984184535,0.03288382928795733,0.5142369866768135,-0.07392547620447702,0.2572227720321081,0.16884104399233246,0.0,False,False,0.5235987755982988
2.406,0.5157103244271894,0.035626008735996285,0.5159640369871176,0.10617210244637745,0.0100187720656095,0.2572227720321081,0.0,False,False,0.5235987755982988
2.407,0.51575300006141,0.042675634220520425,0.5154435640521047,0.043507598700450276,0.09458468939095421,0.0100187720656095,0.0,False,False,0.5235987755982988
2.408,0.5157901717976464,0.037171736236369754,0.5137200406743567,-0.1331954989443896,0.3376518273642251,0.09458468939095421,0.0,False,False,0.5235987755982988
2.4090000000000003,0.5158262087928981,0.03603699525171161,0.5153587093738117,0.043990920895544156,0.09553208696611556,0.3376518273642251,0.0,False,False,0.5235987755982988
2.41,0.5158733022481202,0.04709345522212484,0.5150870017239697,0.012421063821792956,0.13830665315177243,0.09553208696611556,0.0,False,False,0.5235987755982988
2.411,0.515919091096339,0.04578884821883991,0.5172941291930028,0.23189170434292017,-0.16478640991617538,0.13830665315177243,0.0,False,False,0.5235987755982988
2.412,0.5159657340659672,0.04664296962819619,0.5144797794054634,-0.07273244484530786,0.2514208652854067,-0.16478640991617538,0.0,False,False,0.5235987755982988
2.4130000000000003,0.5159980631974835,0.03232913151627187,0.514740247340903,-0.039412406816822516,0.20674839681331247,0.2514208652854067,0.0,False,False,0.5235987755982988
2.414,0.5160372894048179,0.03922620733432394,0.5170059206482869,0.19109616460325166,-0.11064400842368707,0.20674839681331247,0.0,False,False,0.5235987755982988
2.415,0.5160809289889976,0.04363958417970436,0.5172649282023726,0.19788730355149645,-0.1234555111351234,-0.11064400842368707,0.0,False,False,0.5235987755982988
2.416,0.5161130126297216,0.03208364072406848,0.5154628923721244,-0.002105009828471477,0.1489719098653054,-0.1234555111351234,0.0,False,False,0.5235987755982988
2.4170000000000003,0.516133261386466,0.020248756744330597,0.5155816624483063,0.009982498772564108,0.13232903817278877,0.1489719098653054,0.0,False,False,0.5235987755982988
2.418,0.5161562771329903,0.02301574652429901,0.5166940439648497,0.12022240054965469,-0.019981711257502394,0.13232903817278877,0.0,False,False,0.5235987755982988
2.419,0.5161809091800321,0.024632047041877887,0.5141501315060728,-0.14619108538300496,0.34550489611967417,-0.019981711257502394,0.0,False,False,0.5235987755982988
2.42,0.516199385352461,0.018476172428934713,0.5145751874618637,-0.08906638126561464,0.2693042439745696,0.34550489611967417,0.0,False,False,0.5235987755982988
2.4210000000000003,0.5162306966998397,0.03131134737869161,0.5159857105915814,0.060892569832714585,0.06396408632165632,0.2693042439745696,0.0,False,False,0.5235987755982988
2.422,0.516269850107123,0.039153407283362494,0.5176223847783507,0.21847073152637023,-0.15458984307257734,0.06396408632165632,0.0,False,False,0.5235987755982988
2.423,0.5163062796350956,0.036429527972509014,0.5159260334006698,0.026988520605646105,0.1057231348305473,-0.15458984307257734,0.0,False,False,0.5235987755982988
2.424,0.5163291400402669,0.022860405171255427,0.5164172240078758,0.07340872926568527,0.04117745350879161,0.1057231348305473,0.0,False,False,0.5235987755982988
2.4250000000000003,0.5163523025889233,0.023162548656370144,0.5173417203804249,0.15851749359402667,-0.07759399839110184,0.04117745350879161,0.0,False,False,0.5235987755982988
2.426,0.5163725087879513,0.020206199027998847,0.5182111125657366,0.2296049627657919,-0.17854802073283033,-0.07759399839110184,0.0,False,False,0.5235987755982988
2.427,0.5163841591211454,0.011650333194129182,0.5158807638640684,-0.02639040367760223,0.1705926956292693,-0.17854802073283033,0.0,False,False,0.5235987755982988
2.428,0.5163836884988678,-0.00047062227756917464,0.516368995685648,0.025071818848111205,0.1000498558099816,0.1705926956292693,0.0,False,False,0.5235987755982988
2.4290000000000003,0.5163918905544909,0.008202055623063314,0.5179819336927702,0.1838584376755256,-0.11952697091111628,0.1000498558099816,0.0,False,False,0.5235987755982988
2.43,0.5164027309349994,0.010840380508616784,0.5150743614738214,-0.1252846279869153,0.3037810078248927,-0.11952697091111628,0.0,False,False,0.5235987755982988
2.431,0.5164045845168075,0.0018535818080612065,0.5173013181674241,0.10993950417204947,-0.0185731712507142,0.3037810078248927,0.0,False,False,0.5235987755982988
2.432,0.5164210652468041,0.016480729996578396,0.515532417303609,-0.07794453262666472,0.2387278884564145,-0.0185731712507142,0.0,False,False,0.5235987755982988
2.433,0.5164324878300296,0.011422583225476098,0.5165219118399427,0.028799374269369654,0.09282429852716702,0.2387278884564145,0.0,False,False,0.5235987755982988
2.434,0.5164527039890039,0.020216158974324872,0.5162409789287445,-0.0021738542773801495,0.1350489651848331,0.09282429852716702,0.0,False,False,0.5235987755982988
2.435,0.5164728839223525,0.02017993334858751,0.5156368610871256,-0.062368253011537755,0.21815636481496342,0.1350489651848331,0.0,False,False,0.5235987755982988
2.436,0.5164951435039525,0.022259581600086085,0.5156372252279355,-0.056095013629389005,0.21062192302180582,0.21815636481496342,0.0,False,False,0.5235987755982988
2.437,0.5165233911878989,0.028247683946358758,0.5167646082257007,0.0622527875100657,0.04831166769468734,0.21062192302180582,0.0,False,False,0.5235987755982988
2.438,0.516556728981118,0.03333779321912277,0.5174255009365946,0.1221167798484459,-0.035421191907458516,0.04831166769468734,0.0,False,False,0.5235987755982988
2.439,0.5165867621709378,0.030033189819794658,0.516473545975704,0.014709605774550258,0.11060260627724544,-0.035421191907458516,0.0,False,False,0.5235987755982988
2.44,0.5166094714822951,0.022709311357313584,0.5166706567557385,0.03294972320054341,0.085166471325433,0.11060260627724544,0.0,False,False,0.5235987755982988
2.441,0.5166327427973195,0.023271315024387573,0.5171311862002587,0.07570769533250209,0.02556737476572024,0.085166471325433,0.0,False,False,0.5235987755982988
2.442,0.516655246159413,0.022503362093566747,0.5158073488262499,-0.06424681160162438,0.2173418558188297,0.02556737476572024,0.0,False,False,0.5235987755982988
2.443,0.5166740817224139,0.018835563000874182,0.517319585208621,0.09340150779564596,0.0009436176594258966,0.2173418558188297,0.0,False,False,0.5235987755982988
2.444,0.5166992928070339,0.025211084619973977,0.5174143045443929,0.09353329059326893,-0.0009194697416154279,0.0009436176594258966,0.0,False,False,0.5235987755982988
2.445,0.5167193429271973,0.02005012016350853,0.5189914354974328,0.24189305683793272,-0.2073395463899303,-0.0009194697416154279,0.0,False,False,0.5235987755982988
2.446,0.5167346910057449,0.01534807854754405,0.5164064781829543,-0.040791980293710256,0.17841172982865422,-0.2073395463899303,0.0,False,False,0.5235987755982988
2.447,0.5167357382105945,0.0010472048495640002,0.5163359864264656,-0.043761957913204766,0.18324455458884342,0.17841172982865422,0.0,False,False,0.5235987755982988
2.448,0.5167453879384479,0.009649727853389366,0.5174164372531694,0.06865932054849838,0.028890905554130764,0.18324455458884342,0.0,False,False,0.5235987755982988
2.449,0.5167614718991104,0.016083960662454627,0.5174762751323267,0.0677771764093795,0.02887239669624185,0.028890905554130764,0.0,False,False,0.5235987755982988
2.45,0.5167749378062213,0.013465907110902217,0.5163079861756439,-0.05582943689984456,0.19822953388760223,0.02887239669624185,0.0,False,False,0.5235987755982988
2.451,0.5167862706092317,0.011332803010352485,0.5164344448025525,-0.0376006305189969,0.17407871094622965,0.19822953388760223,0.0,False,False,0.5235987755982988
2.452,0.5168043922326179,0.01812162338621435,0.5172766179731669,0.050376749594344086,0.05334673773916104,0.17407871094622965,0.0,False,False,0.5235987755982988
2.453,0.5168268298289448,0.0224375963269047,0.5161046263370229,-0.07186008897949125,0.22112679347835562,0.05334673773916104,0.0,False,False,0.5235987755982988
2.454,0.5168469956810584,0.02016585211365602,0.5164887371919482,-0.026262994589013107,0.15949628482112663,0.22112679347835562,0.0,False,False,0.5235987755982988
2.455,0.5168735468800282,0.026551198969793282,0.5169517313188559,0.02266271756065274,0.09245153595719,0.15949628482112663,0.0,False,False,0.5235987755982988
2.456,0.5169027547782161,0.029207898187904056,0.5177718752381226,0.10241083773126437,-0.018008798794345818,0.09245153595719,0.0,False,False,0.5235987755982988
2.457,0.5169310820459879,0.028327267771745115,0.5164034702207212,-0.044670747782005096,0.1831203941348033,-0.018008798794345818,0.0,False,False,0.5235987755982988
2.458,0.5169530625378387,0.021980491850791595,0.5153452787903376,-0.1460228160421594,0.32379032179389233,0.1831203941348033,0.0,False,False,0.5235987755982988
2.459,0.5169793102371462,0.026247699307470257,0.5153067634249673,-0.13527207097497965,0.31158270428994317,0.32379032179389233,0.0,False,False,0.5235987755982988
2.46,0.5170164531959456,0.03714295879946888,0.5159174079631126,-0.06068041006295173,0.21108110950889425,0.31158270428994317,0.0,False,False,0.5235987755982988
2.461,0.5170633122305998,0.04685903465416583,0.5159173572149253,-0.05461744387538847,0.2038064635511901,0.21108110950889425,0.0,False,False,0.5235987755982988
2.462,0.5171146475656125,0.051335335012787364,0.5169797242257663,0.057081001596256224,0.05064572279007738,0.2038064635511901,0.0,False,False,0.5235987755982988
2.463,0.5171700382160918,0.05539065047924555,0.516132544561497,-0.033345064990297574,0.17440623665078903,0.05064572279007738,0.0,False,False,0.5235987755982988
2.464,0.5172217865678727,0.051748351780872726,0.5166085171736926,0.017586702728288488,0.1047206083689656,0.17440623665078903,0.0,False,False,0.5235987755982988
2.465,0.5172761157419904,0.05432917411769758,0.5166005983726828,0.015036152354478673,0.10792380723571396,0.1047206083689656,0.0,False,False,0.5235987755982988
2.466,0.517329515845556,0.05340010356557687,0.5169451002179203,0.04798272164277961,0.062186890875478046,0.10792380723571396,0.0,False,False,0.5235987755982988
2.467,0.5173821558142401,0.052639968684131955,0.5185362585620883,0.20230028389530252,-0.1516350340225736,0.062186890875478046,0.0,False,False,0.5235987755982988
2.468,0.5174317563429064,0.049600528666332876,0.5180094145884665,0.12938585814359294,-0.05465453159532982,-0.1516350340225736,0.0,False,False,0.5235987755982988
2.469,0.51746766028244,0.03590393953353843,0.5174817358525894,0.06367939874152237,0.033691436932942895,-0.05465453159532982,0.0,False,False,0.5235987755982988
2.47,0.5174950100415285,0.02734975908858433,0.5170926887148106,0.018406745089493734,0.095021469795395,0.033691436932942895,0.0,False,False,0.5235987755982988
2.471,0.5175186662628304,0.02365622130179965,0.5171405994485687,0.02135714395635378,0.09061859794751725,0.095021469795395,0.0,False,False,0.5235987755982988
2.472,0.5175420089170517,0.023342654221309912,0.5178280216676742,0.0879636514712633,-0.0016828110142722424,0.09061859794751725,0.0,False,False,0.5235987755982988
2.473,0.5175648490256752,0.022840108623560767,0.5180746327115913,0.10382839071584696,-0.02515949689828044,-0.0016828110142722424,0.0,False,False,0.5235987755982988
2.474,0.5175826231036339,0.01777407795863519,0.5167905774121241,-0.034959978302455647,0.16449954131409192,-0.02515949689828044,0.0,False,False,0.5235987755982988
2.475,0.5175948035926039,0.012180488969953536,0.5176266390575581,0.05214218407119376,0.04492783684789993,0.16449954131409192,0.0,False,False,0.5235987755982988
2.476,0.5176118996965722,0.01709610396830803,0.5158389771655163,-0.1318382235401081,0.297882240038215,0.04492783684789993,0.0,False,False,0.5235987755982988
2.477,0.517627012379038,0.015112682465797082,0.5178117675093197,0.07862463319424032,0.00981658576853614,0.297882240038215,0.0,False,False,0.5235987755982988
2.478,0.5176531277337574,0.026115354719366927,0.5183182284169453,0.12140826063737904,-0.05064006350049163,0.00981658576853614,0.0,False,False,0.5235987755982988
2.479,0.5176744502527076,0.021322518950260008,0.517430044269177,0.020449019796815543,0.08649834016801318,-0.05064006350049163,0.0,False,False,0.5235987755982988
2.48,0.5176884274952214,0.013977242513738698,0.5192736463469217,0.2027643255916039,-0.16546486418513742,0.08649834016801318,0.0,False,False,0.5235987755982988
2.481,0.5177030518756143,0.01462438039294936,0.5169340262554681,-0.051474116112917356,0.18173442750645302,-0.16546486418513742,0.0,False,False,0.5235987755982988
2.482,0.5177056016518762,0.0025497762619481248,0.5178953542105734,0.0498060910089028,0.04289427576837373,0.18173442750645302,0.0,False,False,0.5235987755982988
2.483,0.5177164671350153,0.010865483139160638,0.5176852041458646,0.02381047543713113,0.07787171561925837,0.04289427576837373,0.0,False,False,0.5235987755982988
2.484,0.517726461095736,0.00999396072063066,0.517638934869288,0.016802500235759753,0.08711413283928252,0.07787171561925837,0.0,False,False,0.5235987755982988
2.485,0.5177375373885231,0.011076292787236765,0.5176377724765381,0.01500601093718951,0.08929084306706578,0.08711413283928252,0.0,False,False,0.5235987755982988
2.486,0.5177499048403222,0.012367451799092483,0.5178433716112779,0.03406532331745367,0.06271888378543183,0.08929084306706578,0.0,False,False,0.5235987755982988
2.487,0.517763387400976,0.013482560653773597,0.5185033710007019,0.09665872992810426,-0.02427319315698015,0.06271888378543183,0.0,False,False,0.5235987755982988
2.488,0.5177764258431367,0.013038442160646329,0.5189787275204881,0.13452850891391901,-0.07827334529611038,-0.02427319315698015,0.0,False,False,0.5235987755982988
2.489,0.517784760696902,0.00833485376544255,0.5177827969881235,0.0014826047860607428,0.10290848923988348,-0.07827334529611038,0.0,False,False,0.5235987755982988
2.49,0.5177867834473123,0.0020227504102645335,0.5184982809425035,0.07288273974545828,0.004349616109765794,0.10290848923988348,0.0,False,False,0.5235987755982988
2.491,0.5177933387666598,0.006555319347510707,0.5171809315769587,-0.0661404707835715,0.19488975732440866,0.004349616109765794,0.0,False,False,0.5235987755982988
2.492,0.5177981862736971,0.004847507037320715,0.5184666085023809,0.06904126883701084,0.009529485122109299,0.19488975732440866,0.0,False,False,0.5235987755982988
2.493,0.5178113324499125,0.013146176215447163,0.5171463694017591,-0.06988676810887472,0.20000743326836518,0.009529485122109299,0.0,False,False,0.5235987755982988
2.494,0.5178214430977769,0.010110647864395096,0.5187732234429934,0.09978731282544319,-0.0328848365950338,0.20000743326836518,0.0,False,False,0.5235987755982988
2.495,0.5178387149329778,0.017271835200956816,0.5197678630274623,0.189272539989787,-0.15817062171268623,-0.0328848365950338,0.0,False,False,0.5235987755982988
2.496,0.5178500848173248,0.01136988434690181,0.5177435465268879,-0.032086364066624656,0.1438977601653457,-0.15817062171268623,0.0,False,False,0.5235987755982988
2.497,0.5178504151756528,0.0003303583279833048,0.5159370600302648,-0.20952637732226936,0.38934253301133465,0.1438977601653457,0.0,False,False,0.5235987755982988
2.498,0.5178578400020699,0.007424826417108294,0.5173795561407607,-0.04432412854045745,0.16513490448423504,0.38934253301133465,0.0,False,False,0.5235987755982988
2.499,0.5178825717937972,0.024731791727221595,0.5189575856471369,0.11791123495120823,-0.05795206282053536,0.16513490448423504,0.0,False,False,0.5235987755982988
2.5,0.5179103945228593,0.027822729062081313,0.5183930450703563,0.04966605377803042,0.034103884969328264,-0.05795206282053536,0.0,False,False,0.5235987755982988
2.501,0.5179299078338547,0.019513310995454763,0.518147125926348,0.020107533999398526,0.07400065329583573,0.034103884969328264,0.0,False,False,0.5235987755982988
2.5020000000000002,0.5179465411853089,0.01663335145419957,0.5188267703789134,0.08606122585599954,-0.01737737707826284,0.07400065329583573,0.0,False,False,0.5235987755982988
2.503,0.5179627198136367,0.016178628327836717,0.5183854851930115,0.03332658468020775,0.05384732567892184,-0.01737737707826284,0.0,False,False,0.5235987755982988
2.504,0.5179739508564685,0.011231042831791282,0.5190366165517428,0.09510706208531636,-0.03200961166437177,0.05384732567892184,0.0,False,False,0.5235987755982988
2.505,0.5179847745725129,0.010823716044428444,0.5187871230914269,0.06064700984519613,0.013833333309458434,-0.03200961166437177,0.0,False,False,0.5235987755982988
2.5060000000000002,0.5179909912028094,0.006216630296559562,0.5193189253592768,0.1077625356456644,-0.0522777384724013,0.013833333309458434,0.0,False,False,0.5235987755982988
2.507,0.5179960674730405,0.0050762702310089185,0.5183091761234118,-0.003988641505407398,0.09999916035445582,-0.0522777384724013,0.0,False,False,0.5235987755982988
2.508,0.517997018550922,0.0009510778814502225,0.518787006407957,0.04419325109966219,0.03357994410655712,0.09999916035445582,0.0,False,False,0.5235987755982988
2.509,0.518002680674025,0.0056621231030140225,0.5177346617416569,-0.0654605406403149,0.18410669818793157,0.03357994410655712,0.0,False,False,0.5235987755982988
2.5100000000000002,0.5180083444811174,0.005663807092402557,0.5174834709069464,-0.08403357004734247,0.2109157685011553,0.18410669818793157,0.0,False,False,0.5235987755982988
2.511,0.5180215358364032,0.013191355285761808,0.5195109715809935,0.12711985436210285,-0.07896335292302709,0.2109157685011553,0.0,False,False,0.5235987755982988
2.512,0.5180417517605522,0.0202159241490759,0.5182304259335542,-0.013646695818036472,0.11300632894704733,-0.07896335292302709,0.0,False,False,0.5235987755982988
2.513,0.5180533421065443,0.011590345992069147,0.518755732904525,0.0402486708608534,0.038876363454903966,0.11300632894704733,0.0,False,False,0.5235987755982988
2.5140000000000002,0.5180674025205729,0.014060414028657072,0.5181753860539702,-0.021810881280717738,0.12379406933477677,0.038876363454903966,0.0,False,False,0.5235987755982988
2.515,0.5180797128213015,0.012310300728591187,0.51756788136015,-0.0803802625346664,0.20501241132827885,0.12379406933477677,0.0,False,False,0.5235987755982988
2.516,0.5180948755985708,0.015162777269301816,0.5181044599804187,-0.018684374254331823,0.12131893022704113,0.20501241132827885,0.0,False,False,0.5235987755982988
2.517,0.5181163884688634,0.021512870292627006,0.5193695296513129,0.10969103026052499,-0.05550280926688331,0.12131893022704113,0.0,False,False,0.5235987755982988
2.5180000000000002,0.5181391317663823,0.022743297518780917,0.5186236701381419,0.024135975917375943,0.06058872718197293,-0.05550280926688331,0.0,False,False,0.5235987755982988
2.519,0.5181541282069486,0.014996440566334252,0.5166605861221083,-0.17458602327772388,0.3343906385046979,0.06058872718197293,0.0,False,False,0.5235987755982988
2.52,0.5181682838415218,0.014155634573139855,0.5179804476183258,-0.025141271328197046,0.13129942923334992,0.3343906385046979,0.0,False,False,0.5235987755982988
2.521,0.5181954466819118,0.027162840389956297,0.5197507914279395,0.15440723676598322,-0.11602496905271131,0.13129942923334992,0.0,False,False,0.5235987755982988
2.5220000000000002,0.5182238100737974,0.02836339188565305,0.5180372371153117,-0.03238891817339137,0.13897439450183793,-0.11602496905271131,0.0,False,False,0.5235987755982988
2.523,0.5182409234649372,0.01711339113987048,0.5166697094007991,-0.16590279780730618,0.32380654892376143,0.13897439450183793,0.0,False,False,0.5235987755982988
2.524,0.5182607530035239,0.019829538586693205,0.5199127498011156,0.1749915220050665,-0.14364136205678138,0.32380654892376143,0.0,False,False,0.5235987755982988
2.525,0.5182921456030853,0.03139259956140244,0.5188876454074444,0.05498193043743932,0.01882202691045294,-0.14364136205678138,0.0,False,False,0.5235987755982988
2.5260000000000002,0.5183107287628396,0.018583159754251836,0.5182496310175887,-0.01431770159187138,0.1134658443630278,0.01882202691045294,0.0,False,False,0.5235987755982988
2.527,0.5183257974848143,0.015068721974771672,0.5180016743650676,-0.03768159668479287,0.14596573821991315,0.1134658443630278,0.0,False,False,0.5235987755982988
2.528,0.5183426560576713,0.01685857285697858,0.5192871862996803,0.09463775644495459,-0.035956700358812085,0.14596573821991315,0.0,False,False,0.5235987755982988
2.529,0.5183626213402429,0.01996528257161625,0.5178896515989878,-0.05457948926878904,0.16825961911014495,-0.035956700358812085,0.0,False,False,0.5235987755982988
2.5300000000000002,0.5183761437416453,0.013522401402370321,0.5193781865048944,0.09973195024875117,-0.04370773661722234,0.16825961911014495,0.0,False,False,0.5235987755982988
2.531,0.5183944910869287,0.01834734528336023,0.5188676457331627,0.03870467805070228,0.0387147239116076,-0.04370773661722234,0.0,False,False,0.5235987755982988
2.532,0.5184062317586589,0.011740671730162943,0.5186197570196526,0.010045338894620684,0.07756792774208757,0.0387147239116076,0.0,False,False,0.5235987755982988
2.533,0.518416694651225,0.010462892566169873,0.5185436802744002,0.0014331304799245857,0.08927195925426501,0.07756792774208757,0.0,False,False,0.5235987755982988
2.5340000000000003,0.5184281133482295,0.011418697004530113,0.5182754249319088,-0.02553571681720978,0.1264631721756718,0.08927195925426501,0.0,False,False,0.5235987755982988
2.535,0.5184408536953745,0.0127403471450168,0.5193533468398046,0.08481004565409075,-0.02535433713201317,0.1264631721756718,0.0,False,False,0.5235987755982988
2.536,0.5184564890480344,0.015635352659904303,0.517701334969099,-0.08887214598188103,0.21280050650385426,-0.02535433713201317,0.0,False,False,0.5235987755982988
2.537,0.5184668718217611,0.01038277372667836,0.5170514751375604,-0.14497091453754643,0.2918165057383464,0.21280050650385426,0.0,False,False,0.5235987755982988
2.5380000000000003,0.5184849908798711,0.018119058110013124,0.5190211910399127,0.06649776715143685,0.002599201469225279,0.2918165057383464,0.0,False,False,0.5235987755982988
2.539,0.518513313182423,0.02832230255191366,0.5190641725419007,0.06414614063509358,0.004647486253053126,0.002599201469225279,0.0,False,False,0.5235987755982988
2.54,0.5185363194417573,0.02300625933423088,0.5189554089075024,0.046855163131746334,0.02735440467624064,0.004647486253053126,0.0,False,False,0.5235987755982988
2.541,0.5185545589039837,0.018239462226491053,0.5189103690291649,0.03766565898482342,0.03919252746262283,0.02735440467624064,0.0,False,False,0.5235987755982988
2.5420000000000003,0.5185697606609666,0.015201756982837765,0.5182900364115877,-0.02813416867138019,0.12931830776645697,0.03919252746262283,0.0,False,False,0.5235987755982988
2.543,0.5185830144650755,0.01325380410882715,0.5192702227647773,0.07269788351472162,-0.009323509214278672,0.12931830776645697,0.0,False,False,0.5235987755982988
2.544,0.5185992002636695,0.01618579859392092,0.5185594432980241,-0.005649851512074713,0.09748780321943529,-0.009323509214278672,0.0,False,False,0.5235987755982988
2.545,0.518610839953425,0.011639689755644372,0.5181857531800581,-0.042453878157462474,0.14837905731728773,0.09748780321943529,0.0,False,False,0.5235987755982988
2.5460000000000003,0.5186241628367804,0.013322883355290641,0.5183519863214192,-0.02158517620560572,0.12034441843055974,0.14837905731728773,0.0,False,False,0.5235987755982988
2.547,0.5186413567546633,0.017193917882955292,0.5204046975416705,0.18584446344008498,-0.16551995110879253,0.12034441843055974,0.0,False,False,0.5235987755982988
2.548,0.5186603225120573,0.01896575739398552,0.5171462702583051,-0.1585827112404685,0.30644434960844974,-0.16551995110879253,0.0,False,False,0.5235987755982988
2.549,0.5186665023671566,0.006179855099277799,0.5191026497662697,0.05291351068004613,0.01743405216046799,0.30644434960844974,0.0,False,False,0.5235987755982988
2.5500000000000003,0.5186861825973672,0.019680230210614817,0.5172208823240371,-0.14055458461122577,0.2834675804701824,0.01743405216046799,0.0,False,False,0.5235987755982988
2.551,0.5187021270259738,0.015944428606609825,0.5186076756202658,0.012180203472767326,0.07522355543727396,0.2834675804701824,0.0,False,False,0.5235987755982988
2.552,0.5187282061727145,0.02607914674071686,0.5183497948055603,-0.014825898345055186,0.11227273228335923,0.07522355543727396,0.0,False,False,0.5235987755982988
2.553,0.51875276574999,0.024559577275459255,0.5169332353112743,-0.15499925793914812,0.30597883469341847,0.11227273228335923,0.0,False,False,0.5235987755982988
2.5540000000000003,0.5187777887731178,0.025023023127796296,0.5191172881164725,0.07890594837458442,-0.014020363376627779,0.30597883469341847,0.0,False,False,0.5235987755982988
2.555,0.5188129190091301,0.03513023601233674,0.5184812732357225,0.007413865462121347,0.08321840397182875,-0.014020363376627779,0.0,False,False,0.5235987755982988
2.556,0.5188415550332232,0.028636024093114925,0.517009651915401,-0.1404896531162322,0.2871918100316385,0.08321840397182875,0.0,False,False,0.5235987755982988
2.557,0.5188688852226454,0.027330189422288848,0.5196015465965801,0.13274878031329507,-0.08734841434501697,0.2871918100316385,0.0,False,False,0.5235987755982988
2.5580000000000003,0.5189051983162658,0.03631309362043234,0.5201574774458841,0.17506698721237093,-0.14813701791138098,-0.08734841434501697,0.0,False,False,0.5235987755982988
2.559,0.518931308316517,0.026110000251166283,0.5202316871183765,0.16498125574037253,-0.13736991424984588,-0.14813701791138098,0.0,False,False,0.5235987755982988
2.56,0.5189447282317592,0.013419915242194875,0.5192579768197896,0.05111210030764038,0.0167998576439978,-0.13736991424984588,0.0,False,False,0.5235987755982988
2.561,0.5189477121645547,0.0029839327955285423,0.5189879054728302,0.01899375558094305,0.06020315556130258,0.0167998576439978,0.0,False,False,0.5235987755982988
2.562,0.5189506355581763,0.002923393621625595,0.520109670859016,0.12927091864142895,-0.09232121706262494,0.06020315556130258,0.0,False,False,0.5235987755982988
2.563,0.5189556865909918,0.005051032815399768,0.5204238432332764,0.1477610642033207,-0.12016449447358127,-0.09232121706262494,0.0,False,False,0.5235987755982988
2.564,0.5189546174643865,-0.0010691266052372719,0.5199438427725236,0.08498491170770812,-0.036193103185295686,-0.12016449447358127,0.0,False,False,0.5235987755982988
2.565,0.518947864822383,-0.006752642003518179,0.5181262182628709,-0.10527603042833532,0.22483726855170552,-0.036193103185295686,0.0,False,False,0.5235987755982988
2.566,0.5189412817065607,-0.006583115822199121,0.519116988237588,0.004328570086212458,0.07547788838933962,0.22483726855170552,0.0,False,False,0.5235987755982988
2.567,0.5189478733587122,0.006591652151389102,0.51933142355039,0.02533924435778759,0.04640524363301411,0.07547788838933962,0.0,False,False,0.5235987755982988
2.568,0.5189563036645861,0.008430305873986382,0.5173771149492078,-0.17262554019620865,0.31914053991908875,0.04640524363301411,0.0,False,False,0.5235987755982988
2.569,0.5189646312741153,0.008327609529213582,0.519374225718601,0.04434809076273616,0.02282418891927667,0.31914053991908875,0.0,False,False,0.5235987755982988
2.57,0.518986519339377,0.021888065261681765,0.5209700789010899,0.19949859993535185,-0.19208177937266224,0.02282418891927667,0.0,False,False,0.5235987755982988
2.571,0.5190046701839813,0.018150844604307496,0.5195631198387719,0.03885283371001419,0.026018403219467405,-0.19208177937266224,0.0,False,False,0.5235987755982988
2.572,0.5190088246331759,0.004154449194592791,0.5202946201088315,0.10811757734497648,-0.07026629400356083,0.026018403219467405,0.0,False,False,0.5235987755982988
2.573,0.5190130346717713,0.004210038595401521,0.5191726578863284,-0.014890402639837028,0.09753860198327224,-0.07026629400356083,0.0,False,False,0.5235987755982988
2.574,0.5190124698742362,-0.0005647975351268566,0.5189485748329208,-0.03580966771661309,0.12667521503674029,0.09753860198327224,0.0,False,False,0.5235987755982988
2.575,0.5190169536602233,0.0044837859870042055,0.5193496757152517,0.007881387288140022,0.06702613314908003,0.12667521503674029,0.0,False,False,0.5235987755982988
2.576,0.519026430227872,0.009476567648743335,0.5183144871712301,-0.09642560584283652,0.21082791869864115,0.06702613314908003,0.0,False,False,0.5235987755982988
2.577,0.5190365724716224,0.01014224375036286,0.5181955199583091,-0.09867976655064573,0.2156743213805889,0.21082791869864115,0.0,False,False,0.5235987755982988
2.578,0.5190544093897085,0.017836918086085604,0.5201594685824892,0.1075830725224222,-0.06719216074233322,0.2156743213805889,0.0,False,False,0.5235987755982988
2.579,0.5190786848506178,0.024275460909333798,0.5202762794679955,0.1085058538208102,-0.07040209423951227,-0.06719216074233322,0.0,False,False,0.5235987755982988
2.58,0.5190944767553691,0.01579190475133471,0.5182295733331537,-0.10701534504545213,0.22506405482715516,-0.07040209423951227,0.0,False,False,0.5235987755982988
2.581,0.5191027363097219,0.00825955435282926,0.5199474746244637,0.07547631859009284,-0.024848164779078738,0.22506405482715516,0.0,False,False,0.5235987755982988
2.582,0.5191198700400067,0.017133730284760965,0.5190439831454178,-0.022420461173505685,0.10889081756006555,-0.024848164779078738,0.0,False,False,0.5235987755982988
2.583,0.5191315255478929,0.011655507886130291,0.5194280644704612,0.018229717448186595,0.0531971393632533,0.10889081756006555,0.0,False,False,0.5235987755982988
2.584,0.5191454308963233,0.013905348430418352,0.5195470474231828,0.028305040975529286,0.03896505798145303,0.0531971393632533,0.0,False,False,0.5235987755982988
2.585,0.5191583323489593,0.012901452636030606,0.5200260668283351,0.07337647739320335,-0.023743015012496718,0.03896505798145303,0.0,False,False,0.5235987755982988
2.586,0.5191697203873774,0.011388038418144888,0.5192419056360695,-0.012377289572671188,0.0932764068073325,-0.023743015012496718,0.0,False,False,0.5235987755982988
2.587,0.5191767862034284,0.0070658160510259395,0.520407384693654,0.1054083451430421,-0.06904497788804376,0.0932764068073325,0.0,False,False,0.5235987755982988
2.588,0.5191864518319957,0.009665628567281318,0.5194564654720836,-0.00022441152830439404,0.07483087610583965,-0.06904497788804376,0.0,False,False,0.5235987755982988
2.589,0.5191899333426857,0.0034815106899533004,0.5197346368773736,0.02761517015353334,0.03641629279241305,0.07483087610583965,0.0,False,False,0.5235987755982988
2.59,0.5191961084413829,0.006175098697168485,0.5184689496535816,-0.10171506924102555,0.21439495009414072,0.03641629279241305,0.0,False,False,0.5235987755982988
2.591,0.5192022838303767,0.006175388993798155,0.5210860691886089,0.17016839118580707,-0.15897335404854984,0.21439495009414072,0.0,False,False,0.5235987755982988
2.592,0.519217358362084,0.015074531707365621,0.5196273579529769,0.007280428504024855,0.06274900341096509,-0.15897335404854984,0.0,False,False,0.5235987755982988
2.593,0.5192205997264405,0.0032413643564630588,0.5198428073579663,0.028097326152563322,0.03389063694290956,0.06274900341096509,0.0,False,False,0.5235987755982988
2.594,0.5192260015914968,0.005401865056214997,0.517822594722022,-0.1767336700571248,0.31605165984153305,0.03389063694290956,0.0,False,False,0.5235987755982988
2.595,0.5192314941113083,0.0054925198115713635,0.5185135511580309,-0.08996465945052072,0.19949163126544767,0.31605165984153305,0.0,False,False,0.5235987755982988
2.596,0.5192511596997025,0.019665588394216747,0.5203314170052481,0.10081839121625281,-0.06216961478459046,0.19949163126544767,0.0,False,False,0.5235987755982988
2.597,0.5192761943150892,0.025034615386698898,0.5195265540455359,0.010250256123411516,0.06099968060163798,-0.06216961478459046,0.0,False,False,0.5235987755982988
2.598,0.5192929277017067,0.01673338661745103,0.5176228398251712,-0.18114619152540232,0.32494227374677964,0.06099968060163798,0.0,False,False,0.5235987755982988
2.599,0.5193085398934801,0.01561219177344226,0.5202146187860335,0.09614632371336462,-0.054460765835261465,0.32494227374677964,0.0,False,False,0.5235987755982988
2.6,0.5193364184114452,0.027878517964999346,0.518861878393861,-0.04874234787521982,0.1437549671301445,-0.054460765835261465,0.0,False,False,0.5235987755982988
2.601,0.5193561581872441,0.019739775798914894,0.5205877645968877,0.12872050721497377,-0.10026641063256869,0.1437549671301445,0.0,False,False,0.5235987755982988
2.602,0.5193784702998587,0.022312112614618147,0.5193018192102409,-0.012746082171207193,0.09264051359049151,-0.10026641063256869,0.0,False,False,0.5235987755982988
2.603,0.5193908436336192,0.012373333760487779,0.5195694839172145,0.015294996743272676,0.054173254167591015,0.09264051359049151,0.0,False,False,0.5235987755982988
2.604,0.5194044983056195,0.013654672000351703,0.5204333302620139,0.10015013154888666,-0.06320214180553518,0.054173254167591015,0.0,False,False,0.5235987755982988
2.605,0.5194172472597487,0.012748954129183813,0.5186340368920027,-0.08979421860711877,0.19711835904187236,-0.06320214180553518,0.0,False,False,0.5235987755982988
2.606,0.5194234061556503,0.00615889590164946,0.5185569838674194,-0.08852009920473423,0.19697637020150982,0.19711835904187236,0.0,False,False,0.5235987755982988
2.607,0.5194376049364353,0.014198780785019356,0.5192661277158895,-0.008753704437251306,0.0884921072080686,0.19697637020150982,0.0,False,False,0.5235987755982988
2.608,0.5194579319089803,0.02032697254492567,0.5201797763507967,0.08348652949719096,-0.0386418489415912,0.0884921072080686,0.0,False,False,0.5235987755982988
2.609,0.5194779919282405,0.020060019260274658,0.5183165824283404,-0.11118151569815443,0.228497295897036,-0.0386418489415912,0.0,False,False,0.5235987755982988
2.61,0.5194914625053423,0.013470577101801225,0.5180358277150797,-0.12813883545441124,0.2538996644432372,0.228497295897036,0.0,False,False,0.5235987755982988
2.611,0.5195127802867283,0.021317781386007574,0.520231612401453,0.10425351672835682,-0.06449528253080336,0.2538996644432372,0.0,False,False,0.5235987755982988
2.612,0.5195419803358727,0.029200049144424256,0.519015782492252,-0.02775482586457821,0.11579966694633656,-0.06449528253080336,0.0,False,False,0.5235987755982988
2.613,0.5195624529022416,0.020472566368871542,0.5192201711353701,-0.004540478966308985,0.08426345509228744,0.11579966694633656,0.0,False,False,0.5235987755982988
2.614,0.5195840055202102,0.021552617968635415,0.5179636327652535,-0.1297402680813414,0.2571208926924258,0.08426345509228744,0.0,False,False,0.5235987755982988
2.615,0.5196049311870709,0.020925666860661857,0.5190124099576521,-0.011888522033347504,0.0968208079716583,0.2571208926924258,0.0,False,False,0.5235987755982988
2.616,0.519633947052723,0.02901586565222063,0.5196273433406386,0.05079366846864434,0.010533378475509822,0.0968208079716583,0.0,False,False,0.5235987755982988
2.617,0.5196623127975817,0.02836574485860865,0.5204742206427402,0.1304020318319333,-0.10024044899826454,0.010533378475509822,0.0,False,False,0.5235987755982988
2.618,0.5196857563019355,0.023443504353794786,0.5190127310173606,-0.02878713388922194,0.11709336312395488,-0.10024044899826454,0.0,False,False,0.5235987755982988
2.619,0.5196991442003671,0.013387898431684588,0.5211454777124664,0.18736624901028825,-0.1806801368673632,0.11709336312395488,0.0,False,False,0.5235987755982988
2.62,0.5197148257250275,0.015681524660352705,0.5191174378982125,-0.03417435731613286,0.12167330738091275,-0.1806801368673632,0.0,False,False,0.5235987755982988
2.621,0.5197174802759278,0.002654550900304014,0.5191213702243758,-0.03036368896819484,0.1170297234924487,0.12167330738091275,0.0,False,False,0.5235987755982988
2.622,0.5197254161524202,0.00793587649239779,0.521067013705471,0.16723702803815174,-0.1551127195748821,0.1170297234924487,0.0,False,False,0.5235987755982988
2.623,0.519736908557795,0.011492405374751947,0.519921442352571,0.03595618994433117,0.02304457048990357,-0.1551127195748821,0.0,False,False,0.5235987755982988
2.624,0.5197374868915213,0.0005783337263649997,0.5192557544378372,-0.03420822052347784,0.11922424551648204,0.02304457048990357,0.0,False,False,0.5235987755982988
2.625,0.519739041688662,0.0015547971406818946,0.5196036624927606,0.004003407021205087,0.0671079474742422,0.11922424551648204,0.0,False,False,0.5235987755982988
2.626,0.5197460859771212,0.007044288459180386,0.5209268654246136,0.1359233595043908,-0.11501364827893576,0.0671079474742422,0.0,False,False,0.5235987755982988
2.6270000000000002,0.5197544274581382,0.008341481016922789,0.5210339307933628,0.1330375604288677,-0.1134778660257929,-0.11501364827893576,0.0,False,False,0.5235987755982988
2.628,0.5197546181151085,0.00019065697035256998,0.5190418316008035,-0.07947611486994614,0.17739632979885056,-0.1134778660257929,0.0,False,False,0.5235987755982988
2.629,0.5197490769207911,-0.005541194317388186,0.5197120464357887,-0.004507019884432098,0.0753695487865002,0.17739632979885056,0.0,False,False,0.5235987755982988
2.63,0.5197540487973589,0.004971876567772707,0.5198327254716565,0.008011585690787672,0.05817499945061671,0.0753695487865002,0.0,False,False,0.5235987755982988
2.6310000000000002,0.5197613076855455,0.007258888186677279,0.5189006508283581,-0.08599703720812749,0.18776269050868544,0.05817499945061671,0.0,False,False,0.5235987755982988
2.632,0.5197693594586968,0.0080517731513404,0.5197207650830524,0.004614091982115653,0.0642672788958962,0.18776269050868544,0.0,False,False,0.5235987755982988
2.633,0.5197844741888605,0.015114730163733896,0.5197891192608859,0.010988100567250372,0.055388093392732214,0.0642672788958962,0.0,False,False,0.5235987755982988
2.634,0.519798910471186,0.014436282325396572,0.5207939309496807,0.1103704593900102,-0.08195734759288684,0.055388093392732214,0.0,False,False,0.5235987755982988
2.6350000000000002,0.5198123502225478,0.013439751361853778,0.5208660273332986,0.10654305181279175,-0.07866219340534558,-0.08195734759288684,0.0,False,False,0.5235987755982988
2.636,0.5198181206328314,0.005770410283614142,0.5195308312363377,-0.03763086306457407,0.118380034192789,-0.07866219340534558,0.0,False,False,0.5235987755982988
2.637,0.5198182502166455,0.00012958381408108375,0.5196315408763773,-0.02379681275415576,0.09996640029957407,0.118380034192789,0.0,False,False,0.5235987755982988
2.638,0.5198242594092337,0.006009192588222464,0.5204039638025599,0.05582516113952234,-0.009483581044126915,0.09996640029957407,0.0,False,False,0.5235987755982988
2.6390000000000002,0.5198334924859868,0.009233076753012721,0.519322819227066,-0.057871812523820725,0.1464133897107751,-0.009483581044126915,0.0,False,False,0.5235987755982988
2.64,0.5198396258643283,0.006133378341538126,0.5203533113021911,0.050964576241067996,-0.0027391341593425433,0.1464133897107751,0.0,False,False,0.5235987755982988
2.641,0.5198512709566739,0.011645092345650504,0.5197745580747511,-0.012007204127033107,0.08324456037629775,-0.0027391341593425433,0.0,False,False,0.5235987755982988
2.642,0.5198595866987364,0.008315742062477682,0.519013626851452,-0.08689960604424195,0.18681220469633256,0.08324456037629775,0.0,False,False,0.5235987755982988
2.6430000000000002,0.5198696711536351,0.010084454898649467,0.5190346736014496,-0.0761049704400589,0.1734798004713563,0.18681220469633256,0.0,False,False,0.5235987755982988
2.644,0.5198862632911219,0.016592137486763803,0.5211490602268898,0.1429441891479637,-0.12743815029219382,0.1734798004713563,0.0,False,False,0.5235987755982988
2.645,0.5199073814609231,0.021118169801166688,0.5197708779693285,-0.009168455522958197,0.07990430394901504,-0.12743815029219382,0.0,False,False,0.5235987755982988
2.646,0.519917338693342,0.009957232418922471,0.5213488176851967,0.14954236161615467,-0.13895159150354747,0.07990430394901504,0.0,False,False,0.5235987755982988
2.6470000000000002,0.5199284887093908,0.011150016048833977,0.5194802565140354,-0.052267991661590574,0.1368549335106502,-0.13895159150354747,0.0,False,False,0.5235987755982988
2.648,0.5199296098211339,0.0011211117430658946,0.5201837342990677,0.02330658600780095,0.03350284017679851,0.1368549335106502,0.0,False,False,0.5235987755982988
2.649,0.5199372332134193,0.007623392285458788,0.5220252375510441,0.20512625260466147,-0.2178278182750094,0.03350284017679851,0.0,False,False,0.5235987755982988
2.65,0.5199443189174642,0.00708570404478521,0.5190215749093983,-0.11575263682039119,0.22129277658467936,-0.2178278182750094,0.0,False,False,0.5235987755982988
2.6510000000000002,0.5199384438654445,-0.005875052019636895,0.5182822882846775,-0.17810603561043015,0.3094240143777002,0.22129277658467936,0.0,False,False,0.5235987755982988
2.652,0.5199453704626862,0.006926597241668692,0.5210681321584176,0.11828895532462738,-0.0963951644716915,0.3094240143777002,0.0,False,False,0.5235987755982988
2.653,0.519965741854247,0.020371391560890836,0.5192442147955182,-0.07593167649777942,0.1695001062473866,-0.0963951644716915,0.0,False,False,0.5235987755982988
2.654,0.5199765963023666,0.0108544481195849,0.519958526590878,0.0030926706879841614,0.061813277307992874,0.1695001062473866,0.0,False,False,0.5235987755982988
2.6550000000000002,0.5199929120622475,0.016315759880916193,0.5194816019662588,-0.04490905884273773,0.12799999598800538,0.061813277307992874,0.0,False,False,0.5235987755982988
2.656,0.5200082165979265,0.015304535679039272,0.5202422327708752,0.03564492750317737,0.017643857889811813,0.12799999598800538,0.0,False,False,0.5235987755982988
2.657,0.5200259950432592,0.017778445332698574,0.5191964957195186,-0.07249327038279801,0.16623296227740064,0.017643857889811813,0.0,False,False,0.5235987755982988
2.658,0.5200403194016412,0.014324358381954044,0.5198832920521466,0.003435689918273241,0.06275587592881268,0.16623296227740064,0.0,False,False,0.5235987755982988
2.6590000000000003,0.520059210743937,0.018891342295838685,0.5204517486676543,0.05993778247722099,-0.01527885422106412,0.06275587592881268,0.0,False,False,0.5235987755982988
2.66,0.5200767404332467,0.017529689309640946,0.5191968249361165,-0.07154836892428046,0.1650931546284179,-0.01527885422106412,0.0,False,False,0.5235987755982988
2.661,0.5200892081385308,0.012467705284073758,0.5194782695706333,-0.03624906858017877,0.1176679907941946,0.1650931546284179,0.0,False,False,0.5235987755982988
2.662,0.5201065597468421,0.017351608311338015,0.5198034110362819,-0.00011001515729494593,0.06844858030505815,0.1176679907941946,0.0,False,False,0.5235987755982988
2.6630000000000003,0.5201255244919708,0.018964745128699296,0.5188786478054428,-0.0925753367254775,0.1960527043419814,0.06844858030505815,0.0,False,False,0.5235987755982988
2.664,0.5201434019032604,0.017877411289567272,0.5197746478812453,0.006282204527318563,0.06129565347418141,0.1960527043419814,0.0,False,False,0.5235987755982988
2.665,0.520166730638814,0.02332873555366971,0.5202704001768782,0.05522921363787899,-0.0063642987798837175,0.06129565347418141,0.0,False,False,0.5235987755982988
2.666,0.5201880920829253,0.021361444111248615,0.5198394198552464,0.006608260110910903,0.059738491241850426,-0.0063642987798837175,0.0,False,False,0.5235987755982988
2.6670000000000003,0.5202043174634229,0.016225380497646526,0.5199674967977141,0.018755128346594558,0.04285686439461059,0.059738491241850426,0.0,False,False,0.5235987755982988
2.668,0.5202194431286343,0.01512566521143271,0.5202020756444359,0.04033750018410845,0.012735598948602711,0.04285686439461059,0.0,False,False,0.5235987755982988
2.669,0.5202328178393599,0.013374710725640995,0.5196605737159663,-0.01784644268126026,0.09230336509949758,0.012735598948602711,0.0,False,False,0.5235987755982988
2.67,0.5202432709461586,0.010453106798709868,0.5208463368017415,0.1025145101643884,-0.07347351385923488,0.09230336509949758,0.0,False,False,0.5235987755982988
2.6710000000000003,0.5202554189279275,0.012147981768812268,0.5215085462411477,0.15848400308856983,-0.15255667527756425,-0.07347351385923488,0.0,False,False,0.5235987755982988
2.672,0.5202605908801177,0.0051719521901825265,0.519855342538842,-0.02268476745085768,0.09460351601125146,-0.15255667527756425,0.0,False,False,0.5235987755982988
2.673,0.5202565964105612,-0.003994469556475408,0.5206800117437682,0.06205062978684679,-0.02192300636266528,0.09460351601125146,0.0,False,False,0.5235987755982988
2.674,0.5202585307520197,0.0019343414584902224,0.5200494253366897,-0.007213073899684931,0.07254399338858526,-0.02192300636266528,0.0,False,False,0.5235987755982988
2.6750000000000003,0.5202587827060321,0.00025195401242457394,0.5205777305832968,0.046338758150991026,-0.0012276995111532366,0.07254399338858526,0.0,False,False,0.5235987755982988
2.676,0.5202625852696925,0.003802563660385055,0.521628985678684,0.14683039187460903,-0.14074025169646392,-0.0012276995111532366,0.0,False,False,0.5235987755982988
2.677,0.5202651840189169,0.0025987492243817797,0.5207090732087847,0.04015610569721727,0.0038273161745937465,-0.14074025169646392,0.0,False,False,0.5235987755982988
2.678,0.5202599600940229,-0.0052239248939712195,0.5187123639587746,-0.16353042987350977,0.28419192535964716,0.0038273161745937465,0.0,False,False,0.5235987755982988
2.6790000000000003,0.5202564809151167,-0.0034791789062097235,0.5206526668430377,0.04685290154014679,-0.0031935242534757297,0.28419192535964716,0.0,False,False,0.5235987755982988
2.68,0.5202682586001771,0.011777685060489927,0.5213441351776373,0.11131444484609751,-0.09299380624341036,-0.0031935242534757297,0.0,False,False,0.5235987755982988
2.681,0.5202766549422284,0.008396342051322463,0.5200832758034146,-0.02590293706078335,0.09436252078085547,-0.09299380624341036,0.0,False,False,0.5235987755982988
2.682,0.520277987350562,0.0013324083335505233,0.5211468426262725,0.08304403893108583,-0.05551805322082991,0.09436252078085547,0.0,False,False,0.5235987755982988
2.6830000000000003,0.5202836334231133,0.005646072551342836,0.5196813940024991,-0.07180522733936293,0.15667914153162982,-0.05551805322082991,0.0,False,False,0.5235987755982988
2.684,0.5202848307939305,0.0011973708172065963,0.5189884533188819,-0.13391877296715154,0.24368832859008666,0.15667914153162982,0.0,False,False,0.5235987755982988
2.685,0.5202934985496481,0.008667755717653061,0.5204166917586701,0.02229694830838677,0.030521171143252514,0.24368832859008666,0.0,False,False,0.5235987755982988
2.686,0.5203118671589456,0.018368609297502517,0.5187790520583628,-0.14369671655317995,0.25919108358266363,0.030521171143252514,0.0,False,False,0.5235987755982988
2.6870000000000003,0.5203273374279794,0.015470269033817301,0.5201180977466877,0.004577523934626043,0.05715917260744859,0.25919108358266363,0.0,False,False,0.5235987755982988
2.688,0.5203518115632031,0.024474135223682907,0.521474793285052,0.1397893253775895,-0.12951550881466425,0.05715917260744859,0.0,False,False,0.5235987755982988
2.689,0.5203740012953061,0.022189732103024794,0.5187074187634197,-0.15092705932339204,0.26915689421589367,-0.12951550881466425,0.0,False,False,0.5235987755982988
2.69,0.5203848032080013,0.010801912695197148,0.5192682316151305,-0.0797530682199805,0.1736534735610068,0.26915689421589367,0.0,False,False,0.5235987755982988
2.691,0.5204060613956252,0.02125818762386702,0.5195054433623842,-0.048056586672605074,0.13134788425358834,0.1736534735610068,0.0,False,False,0.5235987755982988
2.692,0.520431196575193,0.025135179567846718,0.5203759395735001,0.04379869310624551,0.005452616718881441,0.13134788425358834,0.0,False,False,0.5235987755982988
2.693,0.5204576975995081,0.026501024315063536,0.5201385494975412,0.01567981619972999,0.04346829037396045,0.005452616718881441,0.0,False,False,0.5235987755982988
2.694,0.5204791570429194,0.021459443411282784,0.5217001338701712,0.17027027184275567,-0.17014877510501014,0.04346829037396045,0.0,False,False,0.5235987755982988
2.695,0.5204979605928883,0.01880354996897993,0.5213307866205662,0.11630851969797779,-0.09874642203838627,-0.17014877510501014,0.0,False,False,0.5235987755982988
2.696,0.5205037696671404,0.0058090742521114905,0.5209359768473879,0.0651966904103505,-0.03030565097602421,-0.09874642203838627,0.0,False,False,0.5235987755982988
2.697,0.5205029228698561,-0.0008467972843184002,0.5206300092936569,0.028080265996213105,0.019741474288099095,-0.03030565097602421,0.0,False,False,0.5235987755982988
2.698,0.5205008180647039,-0.002104805152222835,0.5208439757809673,0.0466688881276342,-0.006416269041193856,0.019741474288099095,0.0,False,False,0.5235987755982988
2.699,0.5205003378731344,-0.0004801915694658534,0.5197481163634188,-0.067583942439982,0.1504125971558191,-0.006416269041193856,0.0,False,False,0.5235987755982988
2.7,0.5204996828186753,-0.0006550544591430118,0.5212477399712627,0.0891368125884109,-0.06464553381944343,0.1504125971558191,0.0,False,False,0.5235987755982988
2.701,0.5205067474603893,0.007064641713998631,0.5195363057770666,-0.09092028809004725,0.18222880249023743,-0.06464553381944343,0.0,False,False,0.5235987755982988
2.702,0.5205085161340366,0.001768673647305474,0.5212375200859869,0.08829317161099147,-0.06344920671157517,0.18222880249023743,0.0,False,False,0.5235987755982988
2.703,0.5205188599499004,0.01034381586386015,0.5215539645528913,0.11110830114032985,-0.09652336255105998,-0.06344920671157517,0.0,False,False,0.5235987755982988
2.704,0.5205231367564592,0.004276806558751031,0.5207071508355765,0.01531609929482039,0.03366992657521714,-0.09652336255105998,0.0,False,False,0.5235987755982988
2.705,0.520521306451328,-0.001830305131277736,0.5203675315481331,-0.020177439379003202,0.08237532015778692,0.03366992657521714,0.0,False,False,0.5235987755982988
2.706,0.520521714527515,0.0004080761869757906,0.5208710508239329,0.03219223213888063,0.010468367371929292,0.08237532015778692,0.0,False,False,0.5235987755982988
2.707,0.520526117331535,0.004402804020037454,0.5180289714733071,-0.2552349261375933,0.40653838561496347,0.010468367371929292,0.0,False,False,0.5235987755982988
2.708,0.5205297260325927,0.0036087010577249426,0.5207934960877819,0.04674102792365101,-0.0055942023190770004,0.40653838561496347,0.0,False,False,0.5235987755982988
2.709,0.5205525762055774,0.02285017298464443,0.5204536561814472,0.008082934497817676,0.04691262810594728,-0.0055942023190770004,0.0,False,False,0.5235987755982988
2.71,0.5205701637251162,0.017587519538839986,0.5205259823617704,0.014507259080351581,0.03790156736108977,0.04691262810594728,0.0,False,False,0.5235987755982988
2.711,0.5205857898865943,0.0156261614780897,0.5212023558177171,0.08069387876698968,-0.05369709846991713,0.03790156736108977,0.0,False,False,0.5235987755982988
2.712,0.520599327880602,0.013537994007770449,0.5205340796876285,0.005796877881433307,0.04820827293434485,-0.05369709846991713,0.0,False,False,0.5235987755982988
2.713,0.520606589866635,0.007261986032969278,0.5196115716765161,-0.08703361101795884,0.17621000381364021,0.04820827293434485,0.0,False,False,0.5235987755982988
2.714,0.5206141455720279,0.007555705392878114,0.5204907484631771,0.009587428749942145,0.04443957393226011,0.17621000381364021,0.0,False,False,0.5235987755982988
2.715,0.5206283168594495,0.014171287421654202,0.520687270140699,0.028280853627141177,0.018470073884226487,0.04443957393226011,0.0,False,False,0.5235987755982988
2.716,0.5206409947856289,0.012677926179350249,0.5207412935445931,0.03085510865383141,0.014408546582105428,0.018470073884226487,0.0,False,False,0.5235987755982988
2.717,0.5206511811280415,0.010186342412704474,0.520792482432135,0.03288848654264468,0.011047093139774151,0.014408546582105428,0.0,False,False,0.5235987755982988
2.718,0.5206592306746434,0.00804954660181382,0.5215662512735002,0.10697652202489542,-0.09178638858349947,0.011047093139774151,0.0,False,False,0.5235987755982988
2.719,0.5206655079777298,0.006277303086424935,0.5197177640406863,-0.08856985345898855,0.17614203218781227,-0.09178638858349947,0.0,False,False,0.5235987755982988
2.72,0.5206653471565115,-0.00016082121837846224,0.5208186747293782,0.030378200756099455,0.013587974733252628,0.17614203218781227,0.0,False,False,0.5235987755982988
2.721,0.5206740423255131,0.008695169001577636,0.5217997183435203,0.12544474209470913,-0.11815065992763851,0.013587974733252628,0.0,False,False,0.5235987755982988
2.722,0.5206809263705949,0.006884045081900541,0.5191671922773698,-0.15035233872981152,0.2601913062524952,-0.11815065992763851,0.0,False,False,0.5235987755982988
2.723,0.5206798880036074,-0.0010383669874616834,0.520836659307102,0.03162959811638372,0.011762575501882401,0.2601913062524952,0.0,False,False,0.5235987755982988
2.724,0.5206921745859049,0.01228658229742606,0.5201813354744138,-0.037065744964072805,0.1059928161868175,0.011762575501882401,0.0,False,False,0.5235987755982988
2.725,0.5207017171468864,0.009542560981549405,0.5203782113078669,-0.01367158712235857,0.07437606177460516,0.1059928161868175,0.0,False,False,0.5235987755982988
2.726,0.520713857534741,0.012140387854567091,0.5199242640333489,-0.05769915586192011,0.13538019520340255,0.07437606177460516,0.0,False,False,0.5235987755982988
2.727,0.5207264160107087,0.01255847596770184,0.5205784550988044,0.013489866269821946,0.03817792946711307,0.13538019520340255,0.0,False,False,0.5235987755982988
2.728,0.520742353536934,0.015937526225359572,0.522349152179063,0.18921058766869625,-0.20455948365619026,0.03817792946711307,0.0,False,False,0.5235987755982988
2.729,0.5207561624885368,0.013808951602822715,0.5196527388403007,-0.09935180497439822,0.19025082761324358,-0.20455948365619026,0.0,False,False,0.5235987755982988
2.73,0.5207560986134092,-6.387512762385736e-05,0.5197354213380335,-0.0811483747036784,0.1669184263291894,0.19025082761324358,0.0,False,False,0.5235987755982988
2.731,0.5207655666976359,0.009468084226683101,0.5196294144528913,-0.08363422574752792,0.17180957151436793,0.1669184263291894,0.0,False,False,0.5235987755982988
2.732,0.5207806971563624,0.015130458726557237,0.5222881539894034,0.19060315047843263,-0.2051325916140021,0.17180957151436793,0.0,False,False,0.5235987755982988
2.733,0.5208005234258328,0.01982626947042842,0.5203970559196305,-0.017566971546705085,0.07871132007207614,-0.2051325916140021,0.0,False,False,0.5235987755982988
2.734,0.520805466229632,0.004942803799145102,0.5207830919286227,0.022793326507188405,0.023330314245543816,0.07871132007207614,0.0,False,False,0.5235987755982988
2.735,0.5208128714570899,0.007405227457941315,0.5204613770324313,-0.01165749576266761,0.07046216910081572,0.023330314245543816,0.0,False,False,0.5235987755982988
2.736,0.520819288257481,0.006416800391112669,0.5199951238195162,-0.057117067477916596,0.13340621299158734,0.07046216910081572,0.0,False,False,0.5235987755982988
2.737,0.5208273409014823,0.008052644001296828,0.5206221332504015,0.01129558235840896,0.040024863432060576,0.13340621299158734,0.0,False,False,0.5235987755982988
2.738,0.5208397384520411,0.012397550558823186,0.5229849606888511,0.24644876796753018,-0.28468985319097806,0.040024863432060576,0.0,False,False,0.5235987755982988
2.739,0.5208507813990655,0.011042947024324056,0.522065592448679,0.1298670671535636,-0.12824318389111974,-0.28468985319097806,0.0,False,False,0.5235987755982988
2.74,0.5208445329143828,-0.006248484682724804,0.5201002042526203,-0.07965845916766641,0.15856443522341354,-0.12824318389111974,0.0,False,False,0.5235987755982988
2.741,0.5208337131098716,-0.010819804511207717,0.5213988281223254,0.058169773719614196,-0.030204673896015707,0.15856443522341354,0.0,False,False,0.5235987755982988
2.742,0.5208338272293276,0.00011411945603919706,0.5201081867199105,-0.07671134389383324,0.1548842124835887,-0.030204673896015707,0.0,False,False,0.5235987755982988
2.743,0.5208323964231457,-0.0014308061818507846,0.5192822232219585,-0.15163655929965525,0.25966181393371207,0.1548842124835887,0.0,False,False,0.5235987755982988
2.744,0.5208391440618745,0.006747638728790393,0.5217288351755384,0.10818829198829713,-0.0961670227762684,0.25966181393371207,0.0,False,False,0.5235987755982988
2.745,0.5208568969721696,0.01775291029518184,0.5218692689623078,0.1114128414664097,-0.1025642903118531,-0.0961670227762684,0.0,False,False,0.5235987755982988
2.746,0.5208655091465372,0.008612174367489314,0.5217783619429713,0.09118085538612371,-0.07664958066745381,-0.1025642903118531,0.0,False,False,0.5235987755982988
2.747,0.5208665236783037,0.0010145317664305787,0.5204564888963243,-0.05012453481718794,0.11671060241616604,-0.07664958066745381,0.0,False,False,0.5235987755982988
2.748,0.5208633975741693,-0.0031261041343866305,0.5207178582906311,-0.018975141904792638,0.0746266818237699,0.11671060241616604,0.0,False,False,0.5235987755982988
2.749,0.520867049772235,0.003652198065641688,0.5215213436487036,0.06327090809293749,-0.038531314618811416,0.0746266818237699,0.0,False,False,0.5235987755982988
2.75,0.5208733350546535,0.006285282418548716,0.5212149797976653,0.02630743217981104,0.011339405795630218,-0.038531314618811416,0.0,False,False,0.5235987755982988
2.751,0.5208758427621636,0.002507707510134843,0.5205323292654956,-0.044588364255134905,0.10870207109661903,0.011339405795630218,0.0,False,False,0.5235987755982988
2.7520000000000002,0.5208781590147349,0.0023162525713246833,0.5194652523103689,-0.14683722334229696,0.2506080871934951,0.10870207109661903,0.0,False,False,0.5235987755982988
2.753,0.5208852093201907,0.00705030545580557,0.5209845841738969,0.019779685344736647,0.02331982322555005,0.2506080871934951,0.0,False,False,0.5235987755982988
2.754,0.5209027302028203,0.01752088262958383,0.5218443437460916,0.10377767402972701,-0.09295343549594191,0.02331982322555005,0.0,False,False,0.5235987755982988
2.755,0.5209171204010876,0.014390198267310677,0.519872027464739,-0.10383172150849826,0.19167953221427386,-0.09295343549594191,0.0,False,False,0.5235987755982988
2.7560000000000002,0.5209231057329459,0.005985331858232093,0.5214805284498583,0.06740154915427365,-0.04275341031319839,0.19167953221427386,0.0,False,False,0.5235987755982988
2.757,0.5209369072522801,0.01380151933424591,0.5212262319616665,0.0352317454196711,0.0004276909557762096,-0.04275341031319839,0.0,False,False,0.5235987755982988
2.758,0.5209449277102176,0.008020457937472185,0.5215995555637937,0.06904093109042023,-0.04686315668741166,0.0004276909557762096,0.0,False,False,0.5235987755982988
2.759,0.5209506525277582,0.005724817540523716,0.5217115947010992,0.07334075171192905,-0.054039645904721406,-0.04686315668741166,0.0,False,False,0.5235987755982988
2.7600000000000002,0.52095233926064,0.0016867328818554054,0.5203463040100271,-0.07052239256646901,0.1431713596686532,-0.054039645904721406,0.0,False,False,0.5235987755982988
2.761,0.5209508124407444,-0.0015268198955850263,0.5195397491705468,-0.14412563725785543,0.2460132404089629,0.1431713596686532,0.0,False,False,0.5235987755982988
2.762,0.5209569074543273,0.006095013582942704,0.520491323836985,-0.03455560688824508,0.09740085996954201,0.2460132404089629,0.0,False,False,0.5235987755982988
2.763,0.520973504825315,0.016597370987734037,0.5217494147833286,0.09470904843493426,-0.08036236345245706,0.09740085996954201,0.0,False,False,0.5235987755982988
2.7640000000000002,0.5209908234173148,0.017318591999804275,0.5205178357835554,-0.037919756385881104,0.10096062432843932,-0.08036236345245706,0.0,False,False,0.5235987755982988
2.765,0.5209998588158398,0.00903539852495624,0.5203941917581997,-0.04649218328286257,0.1134731290612196,0.10096062432843932,0.0,False,False,0.5235987755982988
2.766,0.5210113659871889,0.011507171349129808,0.5194219379722435,-0.1390683435501986,0.24206508952923483,0.1134731290612196,0.0,False,False,0.5235987755982988
2.767,0.5210253850837434,0.014019096554498737,0.5225548586064405,0.18813055422452238,-0.20696615921597653,0.24206508952923483,0.0,False,False,0.5235987755982988
2.7680000000000002,0.521047821517422,0.022436433678629145,0.5217683926034972,0.09067089850774036,-0.07585818430285875,-0.20696615921597653,0.0,False,False,0.5235987755982988
2.769,0.52105497068765,0.007149170227994101,0.5217268316762059,0.07744771592784234,-0.059242268515738813,-0.07585818430285875,0.0,False,False,0.5235987755982988
2.77,0.5210562405112178,0.00126982356768835,0.5219007402239396,0.08709379910842732,-0.07394792219164724,-0.059242268515738813,0.0,False,False,0.5235987755982988
2.771,0.5210541627060534,-0.002077805164363086,0.5215574356926891,0.04405396607253138,-0.016120640986062522,-0.07394792219164724,0.0,False,False,0.5235987755982988
2.7720000000000002,0.5210490169245756,-0.005145781477823391,0.5208357997755501,-0.03251502224862471,0.0887515915078273,-0.016120640986062522,0.0,False,False,0.5235987755982988
2.773,0.5210445962431877,-0.004420681387976204,0.5209016851025121,-0.022674987327556614,0.07575761371722858,0.0887515915078273,0.0,False,False,0.5235987755982988
2.774,0.5210459358446967,0.0013396015090137488,0.5206728155483802,-0.04329444400799369,0.10462061370812777,0.07575761371722858,0.0,False,False,0.5235987755982988
2.775,0.5210506566879458,0.0047208432491066075,0.5233499017429969,0.2287436198544763,-0.27001261442993696,0.10462061370812777,0.0,False,False,0.5235987755982988
2.7760000000000002,0.5210591991548751,0.008542466929325664,0.5215443239197564,0.025311475544975315,0.006606359559793853,-0.27001261442993696,0.0,False,False,0.5235987755982988
2.777,0.52105178933453,-0.00740982034512945,0.5206470470958408,-0.06694735440108268,0.13346793832554432,0.006606359559793853,0.0,False,False,0.5235987755982988
2.778,0.5210468659981979,-0.0049233363320233614,0.5214530885665286,0.02035152810781129,0.014200532842490142,0.13346793832554432,0.0,False,False,0.5235987755982988
2.779,0.5210500836243963,0.0032176261983632585,0.5201679340782631,-0.11019907352951923,0.19399403559606565,0.014200532842490142,0.0,False,False,0.5235987755982988
2.7800000000000002,0.5210530413616606,0.0029577372643413698,0.5223659711545485,0.12062454145197349,-0.12255896975486294,0.19399403559606565,0.0,False,False,0.5235987755982988
2.781,0.5210648060612096,0.011764699549035975,0.5204879144459588,-0.07924358355219972,0.15108780100476055,-0.12255896975486294,0.0,False,False,0.5235987755982988
2.782,0.5210672240034879,0.0024179422782876162,0.52150450353514,0.030339683721143235,0.001289276671486872,0.15108780100476055,0.0,False,False,0.5235987755982988
2.783,0.5210764647949151,0.009240791427123508,0.5220067057644963,0.07752593828465523,-0.06437386893314026,0.001289276671486872,0.0,False,False,0.5235987755982988
2.7840000000000003,0.5210831426166554,0.006677821740312643,0.5214189165143795,0.010994419444518691,0.02604416017712437,-0.06437386893314026,0.0,False,False,0.5235987755982988
2.785,0.5210846429571846,0.0015003405291686275,0.5211670835772638,-0.015288316211505745,0.062116435832436756,0.02604416017712437,0.0,False,False,0.5235987755982988
2.786,0.5210869902446302,0.002347287445656989,0.521096416841971,-0.020826158119631982,0.07003384735745807,0.062116435832436756,0.0,False,False,0.5235987755982988
2.787,0.521091732994015,0.004742749384813991,0.5210424788453092,-0.02413734197385559,0.07497815192244002,0.07003384735745807,0.0,False,False,0.5235987755982988
2.7880000000000003,0.5210985617238508,0.0068287298357665935,0.5205952973526978,-0.06644175703760595,0.1337927168659449,0.07497815192244002,0.0,False,False,0.5235987755982988
2.789,0.5211071394909758,0.00857776712497465,0.5207148912018439,-0.04783819641923934,0.1093157548392759,0.1337927168659449,0.0,False,False,0.5235987755982988
2.79,0.5211199462316355,0.012806740659730934,0.5224111324116866,0.12656974420695316,-0.13050611568932344,0.1093157548392759,0.0,False,False,0.5235987755982988
2.791,0.5211347767591283,0.014830527492828462,0.5210400606791592,-0.023194403466479482,0.07389015270428845,-0.13050611568932344,0.0,False,False,0.5235987755982988
2.7920000000000003,0.5211392422598741,0.004465500745786036,0.5204535056523432,-0.07953046580143532,0.15205141798892413,0.07389015270428845,0.0,False,False,0.5235987755982988
2.793,0.5211460665822015,0.006824322327498468,0.5206955119329332,-0.04737679116229054,0.10911089537133017,0.15205141798892413,0.0,False,False,0.5235987755982988
2.794,0.521158494802177,0.01242821997544661,0.5221187493707059,0.09968463173121135,-0.0929810859807812,0.10911089537133017,0.0,False,False,0.5235987755982988
2.795,0.5211730161959398,0.014521393762821933,0.5217625942057915,0.05410065206665176,-0.031869517414850765,-0.0929810859807812,0.0,False,False,0.5235987755982988
2.7960000000000003,0.5211791065202158,0.006090324275972388,0.5216680859729732,0.03923976357815525,-0.012335303037925315,-0.031869517414850765,0.0,False,False,0.5235987755982988
2.797,0.5211818063666741,0.002699846458283998,0.5209570767259412,-0.035785137482864875,0.09049274468187565,-0.012335303037925315,0.0,False,False,0.5235987755982988
2.798,0.5211830735789682,0.0012672122941366573,0.5216834267245625,0.040428376127552776,-0.014037771625809131,0.09049274468187565,0.0,False,False,0.5235987755982988
2.799,0.5211884807038744,0.005407124906133012,0.520626867675463,-0.06927036639515394,0.13661878228523017,-0.014037771625809131,0.0,False,False,0.5235987755982988
2.8000000000000003,0.5211915805739519,0.0030998700775343754,0.5209650245923839,-0.02852763806354236,0.08164068378271898,0.13661878228523017,0.0,False,False,0.5235987755982988
2.801,0.521200576398585,0.008995824633059321,0.5220468904688651,0.08251171339092991,-0.071080123739309,0.08164068378271898,0.0,False,False,0.5235987755982988
2.802,0.5212110879098149,0.010511511229873947,0.5219740391135064,0.06697540651596419,-0.051125231092893034,-0.071080123739309,0.0,False,False,0.5235987755982988
2.803,0.5212151114181914,0.004023508376567369,0.5203582334297119,-0.10130270251508132,0.1798930020526624,-0.051125231092893034,0.0,False,False,0.5235987755982988
2.8040000000000003,0.5212153715428656,0.0002601246741531374,0.5204687838708074,-0.08011738815401959,0.1524807168796687,0.1798930020526624,0.0,False,False,0.5235987755982988
2.805,0.5212245472441415,0.009175701275869988,0.5213194077676715,0.012956740347790138,0.02548053253394362,0.1524807168796687,0.0,False,False,0.5235987755982988
2.806,0.52123873571753,0.014188473388512568,0.5227450703806925,0.1542273276151128,-0.16970609922122187,0.02548053253394362,0.0,False,False,0.5235987755982988
2.807,0.5212504795718288,0.011743854298799254,0.5195788336140043,-0.17781908181522416,0.28574185389557105,-0.16970609922122187,0.0,False,False,0.5235987755982988
2.8080000000000003,0.5212505239042956,4.4332466761533296e-05,0.5214934152149086,0.03142098645672792,0.0001913031529512596,0.28574185389557105,0.0,False,False,0.5235987755982988
2.809,0.5212648418524091,0.014317948113426935,0.5200640175131059,-0.11466088236920634,0.20121870437651942,0.0001913031529512596,0.0,False,False,0.5235987755982988
2.81,0.5212754259241181,0.010584071709048074,0.5207218677048947,-0.037409774953409025,0.09667607202536485,0.20121870437651942,0.0,False,False,0.5235987755982988
2.811,0.5212931199623279,0.017694038209697702,0.5209750961731751,-0.008345950630032815,0.057241370408267045,0.09667607202536485,0.0,False,False,0.5235987755982988
2.8120000000000003,0.5213113244258094,0.018204463481562502,0.5209443616695554,-0.010584805928997356,0.060481217832178705,0.057241370408267045,0.0,False,False,0.5235987755982988
2.813,0.5213279907038376,0.016666278028158142,0.5208621658697961,-0.017745905312029762,0.07055406148748537,0.060481217832178705,0.0,False,False,0.5235987755982988
2.814,0.5213435208692251,0.015530165387434196,0.521349810215873,0.03279311982686862,0.0011296330914221456,0.07055406148748537,0.0,False,False,0.5235987755982988
2.815,0.5213586124291836,0.015091559958478886,0.520891513830317,-0.01631583071142386,0.06830970867738213,0.0011296330914221456,0.0,False,False,0.5235987755982988
2.816,0.5213698728714553,0.011260442271698012,0.5200936380446648,-0.09447182620549725,0.17645866741200905,0.06830970867738213,0.0,False,False,0.5235987755982988
2.817,0.5213814424597523,0.011569588297002699,0.522062007083491,0.11181226029767695,-0.10651287909067242,0.17645866741200905,0.0,False,False,0.5235987755982988
2.818,0.5213986593469158,0.017216887163468288,0.5220556642550844,0.0999967514272479,-0.09222009753483851,-0.10651287909067242,0.0,False,False,0.5235987755982988
2.819,0.5214063015678663,0.007642220950473797,0.5221421099617726,0.09864164695333741,-0.09214999488653249,-0.09222009753483851,0.0,False,False,0.5235987755982988
2.82,0.5214071149787328,0.0008134108665362469,0.5200625704857896,-0.11917646534029017,0.2066634504335135,-0.09214999488653249,0.0,False,False,0.5235987755982988
2.821,0.5214030737474084,-0.004041231324448569,0.521663929045237,0.05287703713847072,-0.028625206611051307,0.2066634504335135,0.0,False,False,0.5235987755982988
2.822,0.5214105779881228,0.007504240714466323,0.5220004808235076,0.08124451125168694,-0.06872410755578216,-0.028625206611051307,0.0,False,False,0.5235987755982988
2.823,0.5214144696984016,0.0038917102786732356,0.5205145761310193,-0.0754704091223144,0.1460800813578093,-0.06872410755578216,0.0,False,False,0.5235987755982988
2.824,0.5214137566389587,-0.0007130594428045888,0.5214217618081528,0.02279519950327187,0.011832008818701927,0.1460800813578093,0.0,False,False,0.5235987755982988
2.825,0.521420564263061,0.0068076241023204385,0.5213191024745153,0.010249746189193542,0.02873442080107113,0.011832008818701927,0.0,False,False,0.5235987755982988
2.826,0.5214259693510492,0.0054050879881961614,0.5230335490665391,0.1806694307726541,-0.20662923935550992,0.02873442080107113,0.0,False,False,0.5235987755982988
2.827,0.5214312063704931,0.005237019443867291,0.5231106459848657,0.1703121795280467,-0.1955882823918595,-0.20662923935550992,0.0,False,False,0.5235987755982988
2.828,0.5214245548239337,-0.006651546559414162,0.5199721298744222,-0.16057064946910468,0.2579644023927046,-0.1955882823918595,0.0,False,False,0.5235987755982988
2.829,0.5214100754777375,-0.014479346196157844,0.5235864373554554,0.2169171635811254,-0.26007850792616904,0.2579644023927046,0.0,False,False,0.5235987755982988
2.83,0.5214122684334427,0.002192955705108225,0.5206135833217894,-0.10205995614358546,0.17620540834947168,-0.26007850792616904,0.0,False,False,0.5235987755982988
2.831,0.5214007934291104,-0.011475004332278842,0.52225659232273,0.07244693956483401,-0.06277702851756266,0.17620540834947168,0.0,False,False,0.5235987755982988
2.832,0.52140128324399,0.0004898148796905772,0.5222482025014915,0.0643632634844987,-0.05292560043886692,-0.06277702851756266,0.0,False,False,0.5235987755982988
2.833,0.5213984853330923,-0.002797910897733279,0.5205295816936764,-0.11393514364546636,0.19196766265776388,-0.05292560043886692,0.0,False,False,0.5235987755982988
2.834,0.521393886273889,-0.0045990592032462835,0.5218243436287161,0.02693456422305479,-0.00038170161517692147,0.19196766265776388,0.0,False,False,0.5235987755982988
2.835,0.5214002598963465,0.006373622457511106,0.5213064190016246,-0.027551354908405504,0.0743240446302233,-0.00038170161517692147,0.0,False,False,0.5235987755982988
2.836,0.5214047390558394,0.004479159492884668,0.521888483242011,0.03341020462107766,-0.009306983132112166,0.0743240446302233,0.0,False,False,0.5235987755982988
2.837,0.5214115947775083,0.006855721668971887,0.5216128943359932,0.002510293557194492,0.03273351045286721,-0.009306983132112166,0.0,False,False,0.5235987755982988
2.838,0.5214159779526084,0.004383175100119144,0.5224599811021747,0.08696794081962543,-0.08386322805331699,0.03273351045286721,0.0,False,False,0.5235987755982988
2.839,0.5214206859738814,0.004708021272912359,0.5214864844880013,-0.01907851467968233,0.060915457600974464,-0.08386322805331699,0.0,False,False,0.5235987755982988
2.84,0.5214197951185675,-0.0008908553138483937,0.5212732973565569,-0.03848937635614999,0.08804585997873413,0.060915457600974464,0.0,False,False,0.5235987755982988
2.841,0.5214222206795385,0.002425560970912214,0.5223787171635482,0.07590154197859533,-0.06912079854880372,0.08804585997873413,0.0,False,False,0.5235987755982988
2.842,0.5214283147097115,0.006094030173086233,0.5219348057373151,0.023920245157423463,0.0012471633087987356,-0.06912079854880372,0.0,False,False,0.5235987755982988
2.843,0.5214291546685137,0.0008399588021465359,0.5220677823305685,0.034825879967020884,-0.014233177141279328,0.0012471633087987356,0.0,False,False,0.5235987755982988
2.844,0.5214298017860551,0.0006471175414803138,0.5208498405062659,-0.09045089045993826,0.15802190020851792,-0.014233177141279328,0.0,False,False,0.5235987755982988
2.845,0.5214295405887255,-0.0002611973296360294,0.5205173767345276,-0.11465217858777893,0.19304779385321694,0.15802190020851792,0.0,False,False,0.5235987755982988
2.846,0.5214372598859398,0.00771929721431854,0.5209418288541279,-0.06074174876897167,0.12071513991784293,0.19304779385321694,0.0,False,False,0.5235987755982988
2.847,0.5214523934374581,0.015133551518238121,0.5209106245751121,-0.057788001793656237,0.11773232056974912,0.12071513991784293,0.0,False,False,0.5235987755982988
2.848,0.5214696675168703,0.017274079412249194,0.5221557558076085,0.07250392163535704,-0.06103034973000339,0.11773232056974912,0.0,False,False,0.5235987755982988
2.849,0.5214885701491876,0.018902632317243897,0.5223402769054166,0.08370563925263014,-0.07779379063127669,-0.06103034973000339,0.0,False,False,0.5235987755982988
2.85,0.5214999202269951,0.011350077807547203,0.5213645435108994,-0.022238264124350385,0.06690209452240908,-0.07779379063127669,0.0,False,False,0.5235987755982988
2.851,0.5215042540723657,0.0043338453705274275,0.5227529664827603,0.11882785947416606,-0.1273688672893053,0.06690209452240908,0.0,False,False,0.5235987755982988
2.852,0.5215106355081885,0.0063814358228768825,0.5227048503398871,0.10213345923943498,-0.1064694964359114,-0.1273688672893053,0.0,False,False,0.5235987755982988
2.853,0.5215087709705712,-0.0018645376173550415,0.52172117659492,-0.006447261181219105,0.04153349547828141,-0.1064694964359114,0.0,False,False,0.5235987755982988
2.854,0.5215021481626653,-0.006622807905999584,0.5207849122872416,-0.099428965830943,0.16996429859616233,0.04153349547828141,0.0,False,False,0.5235987755982988
2.855,0.5214995457913668,-0.002602371298509933,0.5228743212659511,0.11945482862310851,-0.13030561636547178,0.16996429859616233,0.0,False,False,0.5235987755982988
2.856,0.5215062283794755,0.006682588108641051,0.5214529806956609,-0.03462471126822203,0.0801739617693484,-0.13030561636547178,0.0,False,False,0.5235987755982988
2.857,0.5215044355983943,-0.0017927810811417012,0.5216145355023516,-0.01500675947233314,0.053724433093849736,0.0801739617693484,0.0,False,False,0.5235987755982988
2.858,0.5215071950849369,0.0027594865426482772,0.5212108337922792,-0.0538762545323422,0.10763445794716424,0.053724433093849736,0.0,False,False,0.5235987755982988
2.859,0.5215118071227403,0.004612037803336304,0.5207353185804262,-0.09604015026440413,0.16679040663899186,0.10763445794716424,0.0,False,False,0.5235987755982988
2.86,0.5215204228388007,0.008615716060496678,0.52023879315962,-0.13608867731858856,0.22378609667852564,0.16679040663899186,0.0,False,False,0.5235987755982988
2.861,0.5215349077454896,0.01448490668891974,0.5220871895443722,0.062359828888490704,-0.047623245695509145,0.22378609667852564,0.0,False,False,0.5235987755982988
2.862,0.5215568068249324,0.02189907944285155,0.520873160437228,-0.06527906471477712,0.12739595055700764,-0.047623245695509145,0.0,False,False,0.5235987755982988
2.863,0.5215714450708951,0.014638245962730227,0.5242413897465743,0.2780717726913332,-0.34525318189855864,0.12739595055700764,0.0,False,False,0.5235987755982988
2.864,0.5215886491581224,0.017204087227242346,0.5206408711613465,-0.10978726310058079,0.18498699558583867,-0.34525318189855864,0.0,False,False,0.5235987755982988
2.865,0.5215843435922067,-0.004305565915634968,0.5204870703849417,-0.11418861443100382,0.19303703115763293,0.18498699558583867,0.0,False,False,0.5235987755982988
2.866,0.5215905766771683,0.006233084961591473,0.5220357566886358,0.05209887738150565,-0.03438431248387208,0.19303703115763293,0.0,False,False,0.5235987755982988
2.867,0.5216046250336692,0.014048356500846798,0.5229392028088247,0.13723360166224396,-0.15280801178415807,-0.03438431248387208,0.0,False,False,0.5235987755982988
2.868,0.5216132625797752,0.00863754610598768,0.5216696276885949,-0.003447270526954191,0.03886138700701501,-0.15280801178415807,0.0,False,False,0.5235987755982988
2.869,0.5216117838410746,-0.0014787387005543873,0.522111159558667,0.04105064353295327,-0.02248368352617211,0.03886138700701501,0.0,False,False,0.5235987755982988
2.87,0.5216126969016754,0.0009130606008133841,0.5200038982841108,-0.17378054827597136,0.2732444495865507,-0.02248368352617211,0.0,False,False,0.5235987755982988
2.871,0.5216122083978187,-0.0004885038566450318,0.5210209680381889,-0.054695518040562774,0.11203515773065435,0.2732444495865507,0.0,False,False,0.5235987755982988
2.872,0.5216255305924772,0.013322194658401865,0.5206886241237447,-0.08246035768092091,0.15133515575907872,0.11203515773065435,0.0,False,False,0.5235987755982988
2.873,0.5216409067659618,0.015376173484550015,0.5199871672880695,-0.14436000548035285,0.23824095616055138,0.15133515575907872,0.0,False,False,0.5235987755982988
2.874,0.5216599107754505,0.019004009488778898,0.521761995287624,0.047558795023135314,-0.024008508435615944,0.23824095616055138,0.0,False,False,0.5235987755982988
2.875,0.5216863115739285,0.026400798477988728,0.5197290752463397,-0.16048908860760847,0.262241512664394,-0.024008508435615944,0.0,False,False,0.5235987755982988
2.876,0.5217062055806488,0.019894006720260232,0.5205523719324082,-0.06211051113999676,0.12936787935402683,0.262241512664394,0.0,False,False,0.5235987755982988
2.8770000000000002,0.5217345759303701,0.028370349721307152,0.5212657859090294,0.015441937636119792,0.023463489243505935,0.12936787935402683,0.0,False,False,0.5235987755982988
2.878,0.5217639654571996,0.02938952682946091,0.5210385317140727,-0.008827675623164933,0.0566776006638687,0.023463489243505935,0.0,False,False,0.5235987755982988
2.879,0.5217890137353045,0.025048278104897,0.5221349454126252,0.10169646179440273,-0.09568681081115771,0.0566776006638687,0.0,False,False,0.5235987755982988
2.88,0.5218117019454281,0.022688210123660495,0.5220783709693069,0.08586937128313221,-0.07567596221790364,-0.09568681081115771,0.0,False,False,0.5235987755982988
2.8810000000000002,0.5218246399220225,0.012937976594406047,0.5226046264703611,0.1299079842602419,-0.13799489680941138,-0.07567596221790364,0.0,False,False,0.5235987755982988
2.882,0.5218303248771343,0.005684955111768715,0.5224869035458484,0.10514489338294461,-0.1061601751154255,-0.13799489680941138,0.0,False,False,0.5235987755982988
2.883,0.5218274263561878,-0.002898520946515764,0.5228229733223486,0.12823738169467488,-0.13992041706650626,-0.1061601751154255,0.0,False,False,0.5235987755982988
2.884,0.5218200949396438,-0.0073314165440866805,0.5218184208198173,0.014958393272078804,0.014096314086172176,-0.13992041706650626,0.0,False,False,0.5235987755982988
2.8850000000000002,0.5218079027596091,-0.012192180034664522,0.5220727275891128,0.03889323087442073,-0.0192030128839571,0.014096314086172176,0.0,False,False,0.5235987755982988
2.886,0.5217997272748383,-0.008175484770799338,0.522246107188216,0.0523418676972916,-0.03846220985525847,-0.0192030128839571,0.0,False,False,0.5235987755982988
2.887,0.5217929489297886,-0.006778345049727641,0.5219165677186373,0.014153733969692543,0.013295261070276974,-0.03846220985525847,0.0,False,False,0.5235987755982988
2.888,0.5217862336501475,-0.006715279641004118,0.5214396162262356,-0.03495678866744452,0.08081301509807165,0.013295261070276974,0.0,False,False,0.5235987755982988
2.8890000000000002,0.521782152137216,-0.004081512931501304,0.5214920412973209,-0.02621860269217293,0.06938354064821087,0.08081301509807165,0.0,False,False,0.5235987755982988
2.89,0.5217833353352219,0.0011831980058679891,0.5210698810413125,-0.06581276802379422,0.12449542365430737,0.06938354064821087,0.0,False,False,0.5235987755982988
2.891,0.5217876284315942,0.0042930963723197355,0.5221555585247816,0.04933625712549569,-0.03322560122728443,0.12449542365430737,0.0,False,False,0.5235987755982988
2.892,0.5217968606211142,0.009232189519940849,0.5217148169043831,0.00032846937310397617,0.033517093242757215,-0.03322560122728443,0.0,False,False,0.5235987755982988
2.8930000000000002,0.5218018062313935,0.004945610279339684,0.5212230779583229,-0.04887827217023136,0.1014164841238441,0.033517093242757215,0.0,False,False,0.5235987755982988
2.894,0.5218069537502479,0.005147518854412576,0.5212290361226735,-0.043394628518152095,0.09472886478303888,0.1014164841238441,0.0,False,False,0.5235987755982988
2.895,0.5218156404660531,0.008686715805261173,0.5207593683129651,-0.08602194663717316,0.1543356671006147,0.09472886478303888,0.0,False,False,0.5235987755982988
2.896,0.5218265752477578,0.010934781704679618,0.5226807754607191,0.11472096280194582,-0.12114115288590038,0.1543356671006147,0.0,False,False,0.5235987755982988
2.8970000000000002,0.5218421946402773,0.015619392519490537,0.521910801499456,0.02625147039544086,-0.0011182306953585602,-0.12114115288590038,0.0,False,False,0.5235987755982988
2.898,0.5218477749202193,0.00558027994205856,0.521094839863828,-0.05796984020690585,0.11463465146876196,-0.0011182306953585602,0.0,False,False,0.5235987755982988
2.899,0.5218516450139045,0.003870093685189582,0.5225572360334118,0.09406676077216156,-0.09413240075862675,0.11463465146876196,0.0,False,False,0.5235987755982988
2.9,0.5218600846090824,0.008439595177966877,0.5213710007580926,-0.0339634428369682,0.0808560785280734,-0.09413240075862675,0.0,False,False,0.5235987755982988
2.9010000000000002,0.5218613922440778,0.0013076349954248886,0.5206339889004414,-0.10426828431838955,0.1784881017435003,0.0808560785280734,0.0,False,False,0.5235987755982988
2.902,0.5218663457199911,0.004953475913361687,0.5227575302870725,0.11851268277655605,-0.12707280372979363,0.1784881017435003,0.0,False,False,0.5235987755982988
2.903,0.5218787474025687,0.012401682577578822,0.5214100418590447,-0.028087428303878295,0.07310212127122775,-0.12707280372979363,0.0,False,False,0.5235987755982988
2.904,0.5218814387186221,0.0026913160534678335,0.5215246069469945,-0.013822176678507969,0.053921647737686526,0.07310212127122775,0.0,False,False,0.5235987755982988
2.9050000000000002,0.5218869718190398,0.005533100417586926,0.5219229081660963,0.02739016289952103,-0.0027025816997803473,0.053921647737686526,0.0,False,False,0.5235987755982988
2.906,0.5218935600309887,0.006588211949025719,0.5228906572277633,0.12142605277626561,-0.13296513266187926,-0.0027025816997803473,0.0,False,False,0.5235987755982988
2.907,0.5218980788145664,0.004518783577688349,0.5219155646495063,0.011774189672938223,0.016168769470739766,-0.13296513266187926,0.0,False,False,0.5235987755982988
2.908,0.5218945982375277,-0.003480577038696626,0.5208481711391134,-0.09614258033364224,0.16488197666570792,0.016168769470739766,0.0,False,False,0.5235987755982988
2.9090000000000003,0.5218929737792474,-0.0016244582802820567,0.5223675960016294,0.06541416395132141,-0.05633576400153635,0.16488197666570792,0.0,False,False,0.5235987755982988
2.91,0.5219000861862567,0.007112407009294951,0.5214768528099214,-0.030201571614611712,0.07443649612832756,-0.05633576400153635,0.0,False,False,0.5235987755982988
2.911,0.5219023052524213,0.002219066164652235,0.5235498297189471,0.18011627644942418,-0.21525850591097898,0.07443649612832756,0.0,False,False,0.5235987755982988
2.912,0.5219075742657046,0.005269013283291576,0.5219065971239261,-0.0022186106976264386,0.03312154537586126,-0.21525850591097898,0.0,False,False,0.5235987755982988
2.9130000000000003,0.5219005141563613,-0.007060109343219305,0.5199500777394972,-0.19764868807075048,0.3028549871433297,0.03312154537586126,0.0,False,False,0.5235987755982988
2.914,0.521897172594209,-0.0033415621523109336,0.5222090323639798,0.04801164318458015,-0.03259859360375304,0.3028549871433297,0.0,False,False,0.5235987755982988
2.915,0.5219099803912991,0.012807797090106848,0.5236069620963968,0.1830034521078257,-0.21975149949515435,-0.03259859360375304,0.0,False,False,0.5235987755982988
2.916,0.5219177160378696,0.007735646570554695,0.5232929659270744,0.1333034899648059,-0.15445961387572787,-0.21975149949515435,0.0,False,False,0.5235987755982988
2.9170000000000003,0.5219122216689307,-0.0054943689389564945,0.5235100307085464,0.14167961911552404,-0.1684181349230854,-0.15445961387572787,0.0,False,False,0.5235987755982988
2.918,0.5219006343560084,-0.011587312922282194,0.5210107257152257,-0.1224188421281022,0.19348750844903936,-0.1684181349230854,0.0,False,False,0.5235987755982988
2.919,0.5218838057108829,-0.016828645125546583,0.5226798088403704,0.0567313545991768,-0.051536223876299816,0.19348750844903936,0.0,False,False,0.5235987755982988
2.92,0.5218808381573682,-0.00296755351474777,0.5212507790623768,-0.09184475866009376,0.15247764803870836,-0.051536223876299816,0.0,False,False,0.5235987755982988
2.9210000000000003,0.5218761894526086,-0.00464870475958919,0.522071918877466,-0.0005463012851710386,0.028138982517196702,0.15247764803870836,0.0,False,False,0.5235987755982988
2.922,0.5218805532524761,0.0043637998674809116,0.5207696926973377,-0.13071428916947467,0.20778063922066878,0.028138982517196702,0.0,False,False,0.5235987755982988
2.923,0.5218850177928681,0.004464540392028591,0.521322624043835,-0.06234972560280182,0.1157903987037108,0.20778063922066878,0.0,False,False,0.5235987755982988
2.924,0.5218985359572197,0.013518164351592586,0.5213083993859831,-0.057537218827716306,0.11027143441494322,0.1157903987037108,0.0,False,False,0.5235987755982988
2.9250000000000003,0.5219142564516355,0.015720494415825296,0.5226983938591189,0.08721595036863668,-0.08845226913712499,0.11027143441494322,0.0,False,False,0.5235987755982988
2.926,0.5219314907288808,0.01723427724536735,0.5226302499817214,0.07167996759202216,-0.06858250001203244,-0.08845226913712499,0.0,False,False,0.5235987755982988
2.927,0.5219400506176933,0.008559888812551087,0.5221816214032584,0.019649112986524893,0.0019298399268974052,-0.06858250001203244,0.0,False,False,0.5235987755982988
2.928,0.5219427252787178,0.00267466102449127,0.5207642602769919,-0.12405191093878343,0.19988356891006545,0.0019298399268974052,0.0,False,False,0.5235987755982988
2.9290000000000003,0.521944688084318,0.0019628056002959334,0.5216727313742443,-0.020799610119660084,0.059628328176573334,0.19988356891006545,0.0,False,False,0.5235987755982988
2.93,0.5219560502586854,0.011362174367393823,0.5213049407971478,-0.055498706817340135,0.10788747460152569,0.059628328176573334,0.0,False,False,0.5235987755982988
2.931,0.5219672645870149,0.011214328329553323,0.5227261998559696,0.09217706974656718,-0.09490612033395429,0.10788747460152569,0.0,False,False,0.5235987755982988
2.932,0.521980777379015,0.013512792000102239,0.5230089376229543,0.11123313947038355,-0.12286268380825907,-0.09490612033395429,0.0,False,False,0.5235987755982988
2.9330000000000003,0.5219859587496337,0.005181370618682802,0.5229078290819762,0.089998971425534,-0.09556172841683361,-0.12286268380825907,0.0,False,False,0.5235987755982988
2.934,0.5219834557160277,-0.002503033606069182,0.5213244024438363,-0.07734358953101224,0.1337510242175406,-0.09556172841683361,0.0,False,False,0.5235987755982988
2.935,0.5219769316221375,-0.006524093890147317,0.5195862379745679,-0.24342567750474428,0.36433649023284903,0.1337510242175406,0.0,False,False,0.5235987755982988
2.936,0.5219790118143226,0.002080192185079221,0.5204370466703397,-0.1340022401770889,0.21771380891577,0.36433649023284903,0.0,False,False,0.5235987755982988
2.9370000000000003,0.5219986786932514,0.019666878928849305,0.523239282268387,0.15962154364534642,-0.18507497243600315,0.21771380891577,0.0,False,False,0.5235987755982988
2.938,0.5220246255361293,0.02594684287783538,0.5216744645445782,-0.012822383100066864,0.05002445868705095,-0.18507497243600315,0.0,False,False,0.5235987755982988
2.939,0.5220360486187947,0.011423082665451362,0.5213809178005695,-0.04089481919093231,0.08899522338824647,0.05002445868705095,0.0,False,False,0.5235987755982988
2.94,0.5220468299938149,0.010781375020247149,0.5234803215244268,0.17313503511389158,-0.20562986880697373,0.08899522338824647,0.0,False,False,0.5235987755982988
2.9410000000000003,0.5220590643081713,0.01223431435635535,0.5231631246388274,0.1241018430425633,-0.14108049438059075,-0.20562986880697373,0.0,False,False,0.5235987755982988
2.942,0.5220576961895753,-0.001368118595914427,0.5220790317243456,0.003282367290120991,0.023416548983013506,-0.14108049438059075,0.0,False,False,0.5235987755982988
2.943,0.522049689315316,-0.008006874259249945,0.5217936468165862,-0.025584360214822282,0.06319355032861304,0.023416548983013506,0.0,False,False,0.5235987755982988
2.944,0.5220451667541108,-0.004522561205158846,0.5219298866986375,-0.009401935988215277,0.04132232337976218,0.06319355032861304,0.0,False,False,0.5235987755982988
2.945,0.5220451560668197,-1.068729120069431e-05,0.522243393005315,0.02288888827835426,-0.003069779260315906,0.04132232337976218,0.0,False,False,0.5235987755982988
2.946,0.5220472147446337,0.002058677814007255,0.5234435194069642,0.14061263961544254,-0.1659405560945081,-0.003069779260315906,0.0,False,False,0.5235987755982988
2.947,0.5220484962674727,0.0012815228391205242,0.5224171686442407,0.02391629938154785,-0.007430634084811403,-0.1659405560945081,0.0,False,False,0.5235987755982988
2.948,0.5220410917048629,-0.007404562609887435,0.5226746715594431,0.047274960963636495,-0.04009608045696159,-0.007430634084811403,0.0,False,False,0.5235987755982988
2.949,0.522035470376238,-0.005621328624934114,0.5230558510386594,0.080665412788896,-0.08702585327316516,-0.04009608045696159,0.0,False,False,0.5235987755982988
2.95,0.5220295100797016,-0.0059602965364539545,0.5210087752097298,-0.13210871138295366,0.20515046065378723,-0.08702585327316516,0.0,False,False,0.5235987755982988
2.951,0.5220209593008373,-0.008550778864339416,0.5226797005719126,0.04819469597362458,-0.04129028469339757,0.20515046065378723,0.0,False,False,0.5235987755982988
2.952,0.522025119823229,0.004160522391737113,0.5217680600911118,-0.04778882170382136,0.09029946517395257,-0.04129028469339757,0.0,False,False,0.5235987755982988
2.953,0.5220259687308902,0.0008489076612450417,0.5198302614578979,-0.23678980285482526,0.35198101795300674,0.09029946517395257,0.0,False,False,0.5235987755982988
2.954,0.5220310746967112,0.005105965820888371,0.5201738964192956,-0.17874732642957622,0.27614461693754994,0.35198101795300674,0.0,False,False,0.5235987755982988
2.955,0.5220522599337646,0.021185237053412864,0.5211637847090875,-0.06188376480742239,0.11809035377471001,0.27614461693754994,0.0,False,False,0.5235987755982988
2.956,0.5220824553736227,0.030195439858166223,0.5225460350937235,0.08252965013692173,-0.08008625108195128,0.11809035377471001,0.0,False,False,0.5235987755982988
2.957,0.5221129931579296,0.030537784306817205,0.5222123020130559,0.04090337705646537,-0.024127527933386086,-0.08008625108195128,0.0,False,False,0.5235987755982988
2.958,0.5221339451340795,0.020951976149938864,0.5222948354376433,0.04506638180956049,-0.030608735279673727,-0.024127527933386086,0.0,False,False,0.5235987755982988
2.959,0.5221489216995031,0.014976565423649172,0.5238514410641635,0.1962203062806202,-0.24001234592230822,-0.030608735279673727,0.0,False,False,0.5235987755982988
2.96,0.5221585012255293,0.009579526026184497,0.5210510116114208,-0.10344466962171428,0.1699933553098622,-0.24001234592230822,0.0,False,False,0.5235987755982988
2.961,0.522153369275817,-0.005131949712306457,0.5221294291580484,0.014741552003220137,0.00875837352064357,0.1699933553098622,0.0,False,False,0.5235987755982988
2.962,0.5221582641834827,0.0048949076656448105,0.5224239342951392,0.04271791051198203,-0.030114349157505806,0.00875837352064357,0.0,False,False,0.5235987755982988
2.963,0.5221621375926422,0.0038734091595244,0.5215196180887665,-0.05198550117649299,0.09980743658337404,-0.030114349157505806,0.0,False,False,0.5235987755982988
2.964,0.5221633420817224,0.0012044890802611528,0.522188061830126,0.02005742307711108,0.0013239401345773033,0.09980743658337404,0.0,False,False,0.5235987755982988
2.965,0.5221691712141849,0.0058291324625224395,0.5207729520269418,-0.12345929954901558,0.19901598374324408,0.0013239401345773033,0.0,False,False,0.5235987755982988
2.966,0.5221733423775033,0.004171163318434998,0.5234037176592927,0.15196319364097324,-0.1788447894670582,0.19901598374324408,0.0,False,False,0.5235987755982988
2.967,0.5221862141392608,0.012871761757470485,0.5215913932307026,-0.044465568582138015,0.0894915649152978,-0.1788447894670582,0.0,False,False,0.5235987755982988
2.968,0.5221866881483683,0.00047400910754734175,0.5239594192134154,0.1967835865473553,-0.24263188892892448,0.0894915649152978,0.0,False,False,0.5235987755982988
2.969,0.5221914926635726,0.0048045152042775425,0.5221631534698367,-0.0025213464652519557,0.02886681407062114,-0.24263188892892448,0.0,False,False,0.5235987755982988
2.97,0.5221827321124007,-0.008760551171864132,0.5230798780925549,0.08940325045309225,-0.09794374544031932,0.02886681407062114,0.0,False,False,0.5235987755982988
2.971,0.5221779219930731,-0.0048101193276454445,0.5221314064648404,-0.01438423736366673,0.0436737292386524,-0.09794374544031932,0.0,False,False,0.5235987755982988
2.972,0.5221696497685444,-0.008272224528748609,0.522142820713663,-0.011804388745032852,0.040372454417483654,0.0436737292386524,0.0,False,False,0.5235987755982988
2.973,0.5221659435271195,-0.003706241424825259,0.521656281787472,-0.05927784248962891,0.1060982995824368,0.040372454417483654,0.0,False,False,0.5235987755982988
2.974,0.5221653700507971,-0.0005734763224825652,0.5222693252900649,0.007954292018617568,0.014384955125869986,0.1060982995824368,0.0,False,False,0.5235987755982988
2.975,0.5221702757791208,0.004905728323655803,0.5224477819908492,0.025004532895187104,-0.009287554540131089,0.014384955125869986,0.0,False,False,0.5235987755982988
2.976,0.5221744382358747,0.004162456753987328,0.5214900435775072,-0.07326976172853289,0.12588089044848913,-0.009287554540131089,0.0,False,False,0.5235987755982988
2.977,0.5221768886507765,0.0024504149017154394,0.5220677668123771,-0.00817046206868649,0.037362712629014694,0.12588089044848913,0.0,False,False,0.5235987755982988
2.978,0.5221848918405162,0.008003189739739075,0.5216524801417471,-0.04888208292481335,0.09369181772770611,0.037362712629014694,0.0,False,False,0.5235987755982988
2.979,0.522192450640625,0.007558800108807474,0.5241992861258545,0.21068672377840714,-0.2636332580300915,0.09369181772770611,0.0,False,False,0.5235987755982988
2.98,0.522202498293556,0.010047652930962254,0.5221241934247907,-0.017891218705820944,0.04801194157013191,-0.2636332580300915,0.0,False,False,0.5235987755982988
2.981,0.5221965401594552,-0.005958134100873829,0.5235450095971942,0.12597952040511384,-0.15020763646625332,0.04801194157013191,0.0,False,False,0.5235987755982988
2.982,0.5221947428297379,-0.0017973297172643376,0.5220240301415869,-0.03871637719612271,0.07480507085616107,-0.15020763646625332,0.0,False,False,0.5235987755982988
2.983,0.5221859800595843,-0.008762770153656129,0.52241225121231,0.003977367595801147,0.01658459783283636,0.07480507085616107,0.0,False,False,0.5235987755982988
2.984,0.5221834651956572,-0.0025148639270888918,0.5210303575122688,-0.13460973916790595,0.20776321255002772,0.01658459783283636,0.0,False,False,0.5235987755982988
2.985,0.5221825401289044,-0.0009250667527465929,0.5217923956927285,-0.044944947205143054,0.08644877494643724,0.20776321255002772,0.0,False,False,0.5235987755982988
2.986,0.5221922842453351,0.009744116430680266,0.5223760104050789,0.01791101875040678,0.0005165509774710496,0.08644877494643724,0.0,False,False,0.5235987755982988
2.987,0.5222035998485518,0.011315603216674694,0.5235876492885264,0.1372838052201213,-0.1645402926882423,0.0005165509774710496,0.0,False,False,0.5235987755982988
2.988,0.5222118224960728,0.008222647521027925,0.5224055390137314,0.005344397218611338,0.015064981859879251,-0.1645402926882423,0.0,False,False,0.5235987755982988
2.989,0.522209448635899,-0.0023738601738182933,0.5234169724473842,0.10595330086202326,-0.1238715043179642,0.015064981859879251,0.0,False,False,0.5235987755982988
2.99,0.5222085463527486,-0.0009022831503988885,0.5227676879820693,0.030429524244333955,-0.021555852001069388,-0.1238715043179642,0.0,False,False,0.5235987755982988
2.991,0.5222017246049688,-0.006821747779729872,0.52362190018622,0.11280779223497227,-0.13578559326454825,-0.021555852001069388,0.0,False,False,0.5235987755982988
2.992,0.5221958230385283,-0.005901566440572633,0.5221442989840457,-0.04623310720595772,0.08166030770370561,-0.13578559326454825,0.0,False,False,0.5235987755982988
2.993,0.522184876611726,-0.010946426802345328,0.5242707394195668,0.17103424706675063,-0.21733644526292467,0.08166030770370561,0.0,False,False,0.5235987755982988
2.994,0.5221810480455362,-0.003828566189737024,0.5217574599496597,-0.09739712463063363,0.1500202312322641,-0.21733644526292467,0.0,False,False,0.5235987755982988
2.995,0.5221675027141424,-0.013545331393886743,0.5214986385842612,-0.11353954870742675,0.17404992470159,0.1500202312322641,0.0,False,False,0.5235987755982988
2.996,0.5221650510126706,-0.0024517014717377918,0.5211090806951599,-0.14114138274680627,0.21418416755266742,0.17404992470159,0.0,False,False,0.5235987755982988
2.997,0.5221720434624962,0.006992449825601349,0.5242062462356917,0.18268930958104862,-0.23016164297032982,0.21418416755266742,0.0,False,False,0.5235987755982988
2.998,0.5221877009066542,0.015657444157965442,0.5229028038161371,0.03407613666748366,-0.028363871922069038,-0.23016164297032982,0.0,False,False,0.5235987755982988
2.999,0.522187861525752,0.00016061909783192732,0.5218962861809188,-0.06998324052109538,0.11462469813815533,-0.028363871922069038,0.0,False,False,0.5235987755982988
3.0,0.522186555124084,-0.0013064016681064237,0.523276533048713,0.07503977031043961,-0.08424735847998324,0.11462469813815533,0.0,False,False,0.5235987755982988
3.001,0.5221913765469754,0.004821422891442335,0.5227915011905024,0.01903260745833739,-0.008308189609670086,-0.08424735847998324,0.0,False,False,0.5235987755982988
3.0020000000000002,0.5221905472728426,-0.0008292741327740882,0.5239063171673134,0.1286109443935993,-0.1598688815145816,-0.008308189609670086,0.0,False,False,0.5235987755982988
3.003,0.5221895545460917,-0.000992726750956728,0.5208388155860026,-0.19100030817683555,0.2788796500335337,-0.1598688815145816,0.0,False,False,0.5235987755982988
3.004,0.5221808699198535,-0.008684626238237509,0.5219492995401769,-0.060851881941728525,0.10271282737626905,0.2788796500335337,0.0,False,False,0.5235987755982988
3.005,0.5221886171230379,0.007747203184374307,0.5217849910725038,-0.07119754051486811,0.11808517008215279,0.10271282737626905,0.0,False,False,0.5235987755982988
3.0060000000000002,0.5221992544854857,0.010637362447769312,0.5204768914308404,-0.19488775062971533,0.29005921576990956,0.11808517008215279,0.0,False,False,0.5235987755982988
3.007,0.5222128327102014,0.013578224715649923,0.523138142753795,0.09072615672871445,-0.10057999687338864,0.29005921576990956,0.0,False,False,0.5235987755982988
3.008,0.5222373147160343,0.024482005832956934,0.5220013492067932,-0.03202581364433717,0.06718465142030573,-0.10057999687338864,0.0,False,False,0.5235987755982988
3.009,0.5222516246368403,0.014309920805979308,0.5228970746257157,0.06074930961234315,-0.06026855402831503,0.06718465142030573,0.0,False,False,0.5235987755982988
3.0100000000000002,0.5222655518803778,0.013927243537548302,0.5243248413728882,0.19745105336835755,-0.2500104479846371,-0.06026855402831503,0.0,False,False,0.5235987755982988
3.011,0.5222727976654651,0.0072457850872529195,0.5219645343912505,-0.058324750132247555,0.09940604188556752,-0.2500104479846371,0.0,False,False,0.5235987755982988
3.012,0.5222654305717568,-0.007367093708286634,0.5218979052616587,-0.05915518807819945,0.1016018917533616,0.09940604188556752,0.0,False,False,0.5235987755982988
3.013,0.5222651785589282,-0.00025201282859472866,0.5223687325822196,-0.006156937214287707,0.029529098946570985,0.1016018917533616,0.0,False,False,0.5235987755982988
3.0140000000000002,0.522270083248586,0.004904689657857229,0.523131619090644,0.07074740734957868,-0.07648807168170746,0.029529098946570985,0.0,False,False,0.5235987755982988
3.015,0.5222750021716029,0.004918923016873554,0.5217804517613229,-0.07144406631748484,0.1184627086465478,-0.07648807168170746,0.0,False,False,0.5235987755982988
3.016,0.5222746303900376,-0.00037178156532828924,0.5217240125238577,-0.0699435834322597,0.11767803545865183,0.1184627086465478,0.0,False,False,0.5235987755982988
3.017,0.5222802947526552,0.00566436261757998,0.5232028664317786,0.08493616570305697,-0.0947970338463045,0.11767803545865183,0.0,False,False,0.5235987755982988
3.0180000000000002,0.5222901650741333,0.009870321477993941,0.5226205902180582,0.018214927760708988,-0.004250576468519316,-0.0947970338463045,0.0,False,False,0.5235987755982988
3.019,0.5222925140468222,0.0023489726889431607,0.5205081520219212,-0.1948503846290553,0.28945168592966264,-0.004250576468519316,0.0,False,False,0.5235987755982988
3.02,0.5222939396254267,0.001425578604512005,0.521224583549043,-0.10372219345397453,0.16720208903137418,0.28945168592966264,0.0,False,False,0.5235987755982988
3.021,0.5223094051352547,0.015465509827995522,0.523619480568895,0.14613972787661889,-0.1757403629226732,0.16720208903137418,0.0,False,False,0.5235987755982988
3.0220000000000002,0.5223292759071562,0.019870771901459902,0.5226800245019868,0.037580148398141944,-0.028558658344154164,-0.1757403629226732,0.0,False,False,0.5235987755982988
3.023,0.5223357269749231,0.006451067767018124,0.521670585547828,-0.06712176185755589,0.11525353513754229,-0.028558658344154164,0.0,False,False,0.5235987755982988
3.024,0.5223388534222175,0.0031264472943514534,0.5221901429424203,-0.008453846212569609,0.03550000326089723,0.11525353513754229,0.0,False,False,0.5235987755982988
3.025,0.5223467996723439,0.007946250126395882,0.5223583508484638,0.009212329013042277,0.01127285068137908,0.03550000326089723,0.0,False,False,0.5235987755982988
3.0260000000000002,0.5223542232550717,0.007423582727906768,0.5229962717327543,0.07208318454078685,-0.0756547518691432,0.01127285068137908,0.0,False,False,0.5235987755982988
3.027,0.5223600506500408,0.005827394969057923,0.5211747422325607,-0.11727808393265707,0.18436630130247525,-0.0756547518691432,0.0,False,False,0.5235987755982988
3.028,0.5223603716275889,0.000320977548131195,0.5216265050620084,-0.06037399259462143,0.1079496607667739,0.18436630130247525,0.0,False,False,0.5235987755982988
3.029,0.522369813351294,0.009441723705076685,0.5226080121830255,0.04381411876655957,-0.0347432010449527,0.1079496607667739,0.0,False,False,0.5235987755982988
3.0300000000000002,0.5223819754909125,0.012162139618493892,0.5222948533840628,0.008116826993627133,0.013730407463895995,-0.0347432010449527,0.0,False,False,0.5235987755982988
3.031,0.5223890950628302,0.007119571917712278,0.5228881363425688,0.06663344014486691,-0.0671686215707002,0.013730407463895995,0.0,False,False,0.5235987755982988
3.032,0.5223948226750336,0.005727612203355415,0.521321875061956,-0.0966560319308966,0.15697144797124585,-0.0671686215707002,0.0,False,False,0.5235987755982988
3.033,0.5223954961448948,0.0006734698612390327,0.5227071497076059,0.05153703582717892,-0.04579517696014222,0.15697144797124585,0.0,False,False,0.5235987755982988
3.0340000000000003,0.5224038135286472,0.008317383752390346,0.5233563999395958,0.11130835544345274,-0.12920726467548932,-0.04579517696014222,0.0,False,False,0.5235987755982988
3.035,0.5224074472155212,0.0036336868740376276,0.5228322765408977,0.04776518002929574,-0.043521233001934806,-0.12920726467548932,0.0,False,False,0.5235987755982988
3.036,0.5224035277365782,-0.003919478943118949,0.522524925630929,0.012253571029496618,0.004625014177260656,-0.043521233001934806,0.0,False,False,0.5235987755982988
3.037,0.5223986088922262,-0.004918844351996238,0.5223149346640538,-0.009970882760977016,0.03507419612958333,0.004625014177260656,0.0,False,False,0.5235987755982988
3.0380000000000003,0.522395387577039,-0.00322131518729437,0.5216668425080423,-0.07378301008602635,0.123314407727849,0.03507419612958333,0.0,False,False,0.5235987755982988
3.039,0.5223948909804979,-0.0004965965410690608,0.5223320603557541,0.00011707569375481175,0.022660383533299473,0.123314407727849,0.0,False,False,0.5235987755982988
3.04,0.522400711039083,0.005820058585171281,0.5235000117760533,0.11690051015430333,-0.13850286338474507,0.022660383533299473,0.0,False,False,0.5235987755982988
3.041,0.5224059424907269,0.0052314516438714525,0.5223020705235317,-0.014583666113286459,0.040841090681751374,-0.13850286338474507,0.0,False,False,0.5235987755982988
3.0420000000000003,0.5224026932783988,-0.003249212328088521,0.5216261928128233,-0.0807130705728006,0.13236217482592005,0.040841090681751374,0.0,False,False,0.5235987755982988
3.043,0.5224024653949406,-0.00022788345826158744,0.521972898773325,-0.03797116746535246,0.07483118380795203,0.13236217482592005,0.0,False,False,0.5235987755982988
3.044,0.5224089248938366,0.006459498895952978,0.5225841998433903,0.02695605628771787,-0.01408490395690868,0.07483118380795203,0.0,False,False,0.5235987755982988
3.045,0.5224172269475268,0.008302053690218502,0.5220912744948722,-0.02503208419286197,0.057173520893112575,-0.01408490395690868,0.0,False,False,0.5235987755982988
3.0460000000000003,0.5224224347675771,0.005207820050343323,0.5228459417755866,0.05293785229786249,-0.04997441394861567,0.057173520893112575,0.0,False,False,0.5235987755982988
3.047,0.5224289524651072,0.0065176975301306115,0.5228852197200362,0.05157186151303408,-0.04904222800691398,-0.04997441394861567,0.0,False,False,0.5235987755982988
3.048,0.5224310564612108,0.002103996103619359,0.5232068406358564,0.07857676694375265,-0.08723729100854023,-0.04904222800691398,0.0,False,False,0.5235987755982988
3.049,0.522430071049329,-0.0009854118817482255,0.5236723610437779,0.11727113104152453,-0.14204989526845296,-0.08723729100854023,0.0,False,False,0.5235987755982988
3.0500000000000003,0.5224250230991232,-0.005047950205807689,0.5232940737803736,0.06771529159694453,-0.07577371719368,-0.14204989526845296,0.0,False,False,0.5235987755982988
3.051,0.5224143758721395,-0.010647226983716434,0.5215990984886328,-0.10855376673682846,0.16625870805818171,-0.07577371719368,0.0,False,False,0.5235987755982988
3.052,0.5224029056524943,-0.01147021964521022,0.5216144231025972,-0.09616592866670935,0.15111745932268025,0.16625870805818171,0.0,False,False,0.5235987755982988
3.053,0.5224029018476861,-3.8048081022947627e-06,0.5223367787605201,-0.01431377000774936,0.039892467089316236,0.15111745932268025,0.0,False,False,0.5235987755982988
3.0540000000000003,0.5224104550725058,0.007553224819681045,0.5220167302981213,-0.04488723924684918,0.0823415024994135,0.039892467089316236,0.0,False,False,0.5235987755982988
3.055,0.5224178086597768,0.007353587271017629,0.5214244311923308,-0.09962842590121483,0.15869231038888137,0.0823415024994135,0.0,False,False,0.5235987755982988
3.056,0.5224271381465633,0.009329486786395893,0.5220416893421953,-0.027939768324647007,0.06155527459943964,0.15869231038888137,0.0,False,False,0.5235987755982988
3.057,0.5224417528534177,0.014614706854359994,0.5220276622016702,-0.026548505544694217,0.06013824779294843,0.06155527459943964,0.0,False,False,0.5235987755982988
3.0580000000000003,0.5224556457750638,0.013892921646074008,0.521869348018518,-0.039725073305440076,0.0787997844025822,0.06013824779294843,0.0,False,False,0.5235987755982988
3.059,0.5224688842868063,0.01323851174250434,0.522193305972977,-0.003356770529001858,0.029326577890595392,0.0787997844025822,0.0,False,False,0.5235987755982988
3.06,0.5224825319729861,0.013647686179875931,0.5235109243435352,0.12874074357971987,-0.15290756970991856,0.029326577890595392,0.0,False,False,0.5235987755982988
3.061,0.5224940329937547,0.011501020768621632,0.5226679009845059,0.031564333318817445,-0.02112145693430817,-0.15290756970991856,0.0,False,False,0.5235987755982988
3.0620000000000003,0.5224947282772202,0.000695283465519678,0.5246517886201125,0.2267966635475997,-0.2911102306497664,-0.02112145693430817,0.0,False,False,0.5235987755982988
3.063,0.5224941562056532,-0.00057207156698841,0.5226429526680355,0.003233401985138301,0.013324730362573544,-0.2911102306497664,0.0,False,False,0.5235987755982988
3.064,0.5224792024855205,-0.014953720132675562,0.522226072345393,-0.03877797047762874,0.07124222312545957,0.013324730362573544,0.0,False,False,0.5235987755982988
3.065,0.5224687774153504,-0.010425070170138592,0.5224723840358466,-0.010269004384502095,0.03259785338554212,0.07124222312545957,0.0,False,False,0.5235987755982988
3.0660000000000003,0.5224648281579808,-0.003949257369542862,0.5226886596344205,0.012385455911332626,0.001519540256211243,0.03259785338554212,0.0,False,False,0.5235987755982988
3.067,0.5224636942051784,-0.0011339528024684655,0.5228435249369269,0.026633440570840643,-0.018365616780313808,0.001519540256211243,0.0,False,False,0.5235987755982988
3.068,0.5224629805869857,-0.0007136181926024801,0.5242752530994705,0.16714291276812318,-0.21274809034283884,-0.018365616780313808,0.0,False,False,0.5235987755982988
3.069,0.5224615655370782,-0.001415049907505171,0.5217238842696609,-0.10470826148965545,0.15939795770306944,-0.21274809034283884,0.0,False,False,0.5235987755982988
3.0700000000000003,0.522449942550879,-0.011622986199274389,0.523199601657953,0.053334303488520876,-0.05681603326000008,0.15939795770306944,0.0,False,False,0.5235987755982988
3.071,0.5224494769561312,-0.0004655947477109103,0.5226307735536988,-0.008881937285749403,0.028082361545699527,-0.05681603326000008,0.0,False,False,0.5235987755982988
3.072,0.5224463120752966,-0.0031648808346672417,0.5210752706513712,-0.1635440337899388,0.24167592959262438,0.028082361545699527,0.0,False,False,0.5235987755982988
3.073,0.5224455055896653,-0.0008064856313239775,0.5231180671540985,0.0570900198617868,-0.059855271838538046,0.24167592959262438,0.0,False,False,0.5235987755982988
3.074,0.5224570279410924,0.011522351427059267,0.5235632381816865,0.09589812063440906,-0.11443807126226892,-0.059855271838538046,0.0,False,False,0.5235987755982988
3.075,0.5224623924122652,0.005364471172792899,0.5217143648864492,-0.0985790209527626,0.15221421795660858,-0.11443807126226892,0.0,False,False,0.5235987755982988
3.076,0.5224604416955066,-0.00195071675856471,0.522452645425024,-0.014893065000003203,0.03850202111895036,0.15221421795660858,0.0,False,False,0.5235987755982988
3.077,0.5224666928588115,0.006251163304904261,0.520961037227044,-0.16256457829800275,0.2425567846401898,0.03850202111895036,0.0,False,False,0.5235987755982988
3.078,0.5224730275431365,0.006334684324948573,0.5213745116747933,-0.1049606756932718,0.16598956145502514,0.2425567846401898,0.0,False,False,0.5235987755982988
3.079,0.5224896254219297,0.016597878793181316,0.523404203761315,0.10850460052822593,-0.12670322756816285,0.16598956145502514,0.0,False,False,0.5235987755982988
3.08,0.5225103738729645,0.020748451034876006,0.5221033486871907,-0.03243136693703293,0.0658353247243863,-0.12670322756816285,0.0,False,False,0.5235987755982988
3.081,0.5225200429595261,0.009669086561583355,0.5215524298260973,-0.08428011635266708,0.13797036352282804,0.0658353247243863,0.0,False,False,0.5235987755982988
3.082,0.5225302711011924,0.010228141666246313,0.5227305130443237,0.04195621710524293,-0.034718734554739776,0.13797036352282804,0.0,False,False,0.5235987755982988
3.083,0.5225445306036393,0.014259502446767765,0.5220886397545482,-0.026426733582830986,0.05889452548690786,-0.034718734554739776,0.0,False,False,0.5235987755982988
3.084,0.5225533218969571,0.008791293317834304,0.5221424524910631,-0.018402786573064333,0.048297159817920834,0.05889452548690786,0.0,False,False,0.5235987755982988
3.085,0.5225625430501989,0.009221153241743267,0.5232077267198845,0.08996491496638319,-0.10091901814820159,0.048297159817920834,0.0,False,False,0.5235987755982988
3.086,0.5225715565017611,0.009013451562269575,0.5215577528945783,-0.08402895906087346,0.1375731595400177,-0.10091901814820159,0.0,False,False,0.5235987755982988
3.087,0.5225729532383595,0.0013967365984039982,0.5217828730436437,-0.0531140482482467,0.09642310388168847,0.1375731595400177,0.0,False,False,0.5235987755982988
3.088,0.5225808047048967,0.007851466537119607,0.5227152648636189,0.04543653857409553,-0.03862065306467535,0.09642310388168847,0.0,False,False,0.5235987755982988
3.089,0.5225912044614712,0.010399756574551923,0.5234371740939525,0.11308380775005211,-0.13279174222182916,-0.03862065306467535,0.0,False,False,0.5235987755982988
3.09,0.5225967654426565,0.0055609811852619685,0.5236772641390807,0.12578443148786186,-0.15235411151950756,-0.13279174222182916,0.0,False,False,0.5235987755982988
3.091,0.5225940380019211,-0.0027274407354652523,0.5220136621644567,-0.05315420912332501,0.09231709275714882,-0.15235411151950756,0.0,False,False,0.5235987755982988
3.092,0.5225845169627317,-0.009521039189375628,0.523402532682987,0.09104826364203909,-0.1057255438948338,0.09231709275714882,0.0,False,False,0.5235987755982988
3.093,0.5225823083194915,-0.0022086432401727443,0.5218980150782315,-0.06850832319770989,0.11282367719846309,-0.1057255438948338,0.0,False,False,0.5235987755982988
3.094,0.5225754821461778,-0.006826173313659889,0.5241691504428887,0.16545604558777835,-0.2088140019079519,0.11282367719846309,0.0,False,False,0.5235987755982988
3.095,0.5225762963327142,0.0008141865364037866,0.5215868944648498,-0.1093151567748844,0.1673920485319427,-0.2088140019079519,0.0,False,False,0.5235987755982988
3.096,0.5225664224412897,-0.009873891424440374,0.5237257389058544,0.11550080300305791,-0.1408863031396698,0.1673920485319427,0.0,False,False,0.5235987755982988
3.097,0.5225677005109067,0.001278069616987525,0.5219948083080275,-0.06914233707993969,0.11184221572081186,-0.1408863031396698,0.0,False,False,0.5235987755982988
3.098,0.5225615462532716,-0.006154257635168135,0.524318435217785,0.17013458760380568,-0.21711537827531782,0.11184221572081186,0.0,False,False,0.5235987755982988
3.099,0.5225627988534094,0.0012526001378757,0.5230788235360978,0.02915996067470708,-0.025632815690030272,-0.21711537827531782,0.0,False,False,0.5235987755982988
3.1,0.5225528153847565,-0.009983468652860771,0.5216661737001136,-0.11502101899118503,0.1728120569567561,-0.025632815690030272,0.0,False,False,0.5235987755982988
3.101,0.5225443590103357,-0.008456374420821255,0.5220886199629045,-0.06127429081297999,0.10071195041267449,0.1728120569567561,0.0,False,False,0.5235987755982988
3.102,0.5225469728786173,0.002613868281548984,0.5232286820829098,0.05885935026885716,-0.06396953704562713,0.10071195041267449,0.0,False,False,0.5235987755982988
3.103,0.5225538321628551,0.006859284237812914,0.5234724377098616,0.07734897793714948,-0.09054469153270997,-0.06396953704562713,0.0,False,False,0.5235987755982988
3.104,0.522555484806226,0.0016526433709596697,0.5224937738108216,-0.02825230976056542,0.053792803887267905,-0.09054469153270997,0.0,False,False,0.5235987755982988
3.105,0.5225521089367994,-0.0033758694266405615,0.5225910806388541,-0.01569639598126492,0.03697418444752339,0.053792803887267905,0.0,False,False,0.5235987755982988
3.106,0.5225524394619684,0.0003305251690657123,0.5232142273275745,0.04818791248890485,-0.05090362611364812,0.03697418444752339,0.0,False,False,0.5235987755982988
3.107,0.5225545182257346,0.0020787637662713,0.522669534050749,-0.011100206442534816,0.030046595586938327,-0.05090362611364812,0.0,False,False,0.5235987755982988
3.108,0.5225534221000673,-0.0010961256673891538,0.5214246261657672,-0.1344809742964585,0.20051185894131865,0.030046595586938327,0.0,False,False,0.5235987755982988
3.109,0.5225541611975308,0.0007390974635382154,0.5218447075243728,-0.07902474100625204,0.12640291453816999,0.20051185894131865,0.0,False,False,0.5235987755982988
3.11,0.5225647013031932,0.010540105662361481,0.5227698821604482,0.021395196701906358,-0.010754154160976075,0.12640291453816999,0.0,False,False,0.5235987755982988
3.111,0.522578620862632,0.01391955943875624,0.5236393293710311,0.10620039809000648,-0.12817044561718854,-0.010754154160976075,0.0,False,False,0.5235987755982988
3.112,0.5225883361843465,0.009715321714520353,0.5239985468821459,0.13150210939248427,-0.16499841438022803,-0.12817044561718854,0.0,False,False,0.5235987755982988
3.113,0.5225888990250529,0.000562840706406274,0.5232691667754842,0.045413887787067744,-0.04856370653381793,-0.16499841438022803,0.0,False,False,0.5235987755982988
3.114,0.522581040886027,-0.007858139025940061,0.5228317493705592,-0.0028692414841368155,0.01724956188027714,-0.04856370653381793,0.0,False,False,0.5235987755982988
3.115,0.5225730291756903,-0.008011710336718643,0.5232264925654426,0.03689200215261865,-0.03756930799173094,0.01724956188027714,0.0,False,False,0.5235987755982988
3.116,0.522568194689339,-0.004834486351255036,0.52198634480801,-0.09081197380590733,0.1379981227922878,-0.03756930799173094,0.0,False,False,0.5235987755982988
3.117,0.5225629238181941,-0.005270871144849663,0.5224292045795692,-0.037444799269394306,0.06598603746040613,0.1379981227922878,0.0,False,False,0.5235987755982988
3.118,0.5225661195783352,0.003195760141038246,0.5218469298506248,-0.09192779223690027,0.14184657414241347,0.06598603746040613,0.0,False,False,0.5235987755982988
3.119,0.5225716512062679,0.005531627932737388,0.521481917702928,-0.11923622778288995,0.18118691545614343,0.14184657414241347,0.0,False,False,0.5235987755982988
3.12,0.5225826346075387,0.010983401270861875,0.52287371103103,0.03186672780560103,-0.0251889111558821,0.18118691545614343,0.0,False,False,0.5235987755982988
3.121,0.5225996340333825,0.016999425843809438,0.5227615249336908,0.017461445291120294,-0.005883222386399507,-0.0251889111558821,0.0,False,False,0.5235987755982988
3.122,0.5226111596891336,0.01152565575114553,0.5232112496873437,0.06068777612729851,-0.0658498649555656,-0.005883222386399507,0.0,False,False,0.5235987755982988
3.123,0.5226192253305304,0.00806564139675074,0.5230957978071887,0.043073810499074904,-0.04263497235890841,-0.0658498649555656,0.0,False,False,0.5235987755982988
3.124,0.5226216696937886,0.002444363258293965,0.5228334167660739,0.012528325337680675,-0.0012575314251677197,-0.04263497235890841,0.0,False,False,0.5235987755982988
3.125,0.5226212428515276,-0.0004268422610660947,0.5231069825259048,0.038632068787007756,-0.03750620724131735,-0.0012575314251677197,0.0,False,False,0.5235987755982988
3.126,0.5226208828733041,-0.00035997822347723916,0.5225836348450984,-0.01756590617233486,0.03935162096440933,-0.03750620724131735,0.0,False,False,0.5235987755982988
3.1270000000000002,0.5226187570064381,-0.0021258668659784766,0.5229790727214273,0.0237344720777883,-0.017326714709658606,0.03935162096440933,0.0,False,False,0.5235987755982988
3.128,0.5226192425930901,0.00048558665203778887,0.5219855620594999,-0.07799004132273375,0.12262589328566163,-0.017326714709658606,0.0,False,False,0.5235987755982988
3.129,0.5226187142542823,-0.0005283388077596436,0.5229413435376091,0.02538711062046592,-0.0186307556521447,0.12262589328566163,0.0,False,False,0.5235987755982988
3.13,0.5226244777882763,0.005763533993997425,0.5232077822576162,0.04949227155912826,-0.05235284573866712,-0.0186307556521447,0.0,False,False,0.5235987755982988
3.1310000000000002,0.5226276039956398,0.003126207363551822,0.522043196702674,-0.07191551109100999,0.11429903343045936,-0.05235284573866712,0.0,False,False,0.5235987755982988
3.132,0.5226271697579999,-0.0004342376397910375,0.5226724017972821,-0.0018034505210913904,0.018838869043609867,0.11429903343045936,0.0,False,False,0.5235987755982988
3.133,0.5226325824598078,0.005412701807872535,0.5220883866089712,-0.060024624300079356,0.09921655096799291,0.018838869043609867,0.0,False,False,0.5235987755982988
3.134,0.5226373301601247,0.004747700316925906,0.5221778663907245,-0.04507418369473821,0.07966538617002356,0.09921655096799291,0.0,False,False,0.5235987755982988
3.1350000000000002,0.5226456215515599,0.008291391435188315,0.5216639354966165,-0.09195985473606494,0.14517894751355973,0.07966538617002356,0.0,False,False,0.5235987755982988
3.136,0.522655508972232,0.009887420672120912,0.5237601059738991,0.12685317846580257,-0.15512776091976826,0.14517894751355973,0.0,False,False,0.5235987755982988
3.137,0.5226698697179714,0.014360745739344623,0.5235998554723992,0.09814281046922976,-0.11779081029688224,-0.15512776091976826,0.0,False,False,0.5235987755982988
3.138,0.5226727224801946,0.0028527622232801964,0.5231417219935921,0.04251518154159912,-0.04279125296519808,-0.11779081029688224,0.0,False,False,0.5235987755982988
3.1390000000000002,0.5226688242194623,-0.003898260732379728,0.5243898898622584,0.16308045025407197,-0.2099365970561594,-0.04279125296519808,0.0,False,False,0.5235987755982988
3.14,0.5226639568790757,-0.004867340386486828,0.5224988088540583,-0.04233569559134756,0.07060223610594626,-0.2099365970561594,0.0,False,False,0.5235987755982988
3.141,0.522650044219247,-0.013912659828806547,0.5252957560333418,0.24159259189613425,-0.3204567581061344,0.07060223610594626,0.0,False,False,0.5235987755982988
3.142,0.5226433268531412,-0.006717366105818696,0.5224447699809799,-0.06766527252966836,0.1019704281473428,-0.3204567581061344,0.0,False,False,0.5235987755982988
3.1430000000000002,0.5226225562214694,-0.02077063167186849,0.5228452544323365,-0.020850300141036233,0.038583741156564495,0.1019704281473428,0.0,False,False,0.5235987755982988
3.144,0.5226116310389757,-0.010925182493630848,0.5222645043244771,-0.07684028091287329,0.11622522002423828,0.038583741156564495,0.0,False,False,0.5235987755982988
3.145,0.5226056650118024,-0.005966027173314673,0.5229305803574216,-0.0025486495271419413,0.015085893768360743,0.11622522002423828,0.0,False,False,0.5235987755982988
3.146,0.5226072726538683,0.0016076420658745292,0.5233364842423898,0.03829660392239175,-0.0412346803005072,0.015085893768360743,0.0,False,False,0.5235987755982988
3.1470000000000002,0.5226091469034999,0.0018742496315842401,0.5225097360969613,-0.048207871012696496,0.07745215623931154,-0.0412346803005072,0.0,False,False,0.5235987755982988
3.148,0.5226083912874384,-0.0007556160614507247,0.5241588718483251,0.12152649122495596,-0.15591352197042033,0.07745215623931154,0.0,False,False,0.5235987755982988
3.149,0.5226117378786773,0.0033465912389296585,0.5228204349997094,-0.024469842759107227,0.04337394208553767,-0.15591352197042033,0.0,False,False,0.5235987755982988
3.15,0.522606280696496,-0.005457182181402658,0.5228423237248035,-0.019833985973784374,0.03741691689145606,0.04337394208553767,0.0,False,False,0.5235987755982988
3.1510000000000002,0.522604611739534,-0.00166895696201493,0.5218113616064188,-0.12094679921487742,0.1773096109116926,0.03741691689145606,0.0,False,False,0.5235987755982988
3.152,0.5226053198323757,0.0007080928416674111,0.5229705291707484,0.007064637139564706,0.002830871128430246,0.1773096109116926,0.0,False,False,0.5235987755982988
3.153,0.5226146782342532,0.009358401877540754,0.5224977174197322,-0.04092300167601286,0.06892664922541511,0.002830871128430246,0.0,False,False,0.5235987755982988
3.154,0.5226215216425267,0.006843408273466394,0.522090732346608,-0.07752920882083153,0.12017982911543312,0.06892664922541511,0.0,False,False,0.5235987755982988
3.1550000000000002,0.5226298075276029,0.008285885076155483,0.5219522057786198,-0.0836289447375668,0.12999299043930274,0.12017982911543312,0.0,False,False,0.5235987755982988
3.156,0.5226417165838606,0.011909056257731927,0.5249732699744089,0.22684036931509677,-0.29694934194809675,0.12999299043930274,0.0,False,False,0.5235987755982988
3.157,0.5226568748174687,0.015158233608073725,0.5224269475414824,-0.05047591090905351,0.08166399811355889,-0.29694934194809675,0.0,False,False,0.5235987755982988
3.158,0.5226532858795372,-0.003588937931550148,0.5213818262422277,-0.14994044974361956,0.219833628101623,0.08166399811355889,0.0,False,False,0.5235987755982988
3.1590000000000003,0.5226548597687777,0.0015738892405457398,0.522045546599757,-0.06857436901633134,0.1102473647933504,0.219833628101623,0.0,False,False,0.5235987755982988
3.16,0.5226669478493668,0.0120880805891464,0.5226219464200168,-0.004076950088717245,0.02247526531553692,0.1102473647933504,0.0,False,False,0.5235987755982988
3.161,0.522681258890103,0.014311040736136394,0.5231583158716662,0.04996769008509102,-0.052032953022721574,0.02247526531553692,0.0,False,False,0.5235987755982988
3.162,0.5226929515705228,0.01169268041973904,0.5231771028696587,0.0468496208758334,-0.0486294359354777,-0.052032953022721574,0.0,False,False,0.5235987755982988
3.1630000000000003,0.522698839680345,0.005888109822237519,0.5232892972651153,0.05338409833391224,-0.0584903080033915,-0.0486294359354777,0.0,False,False,0.5235987755982988
3.164,0.5227005556585314,0.0017159781862926158,0.5221378088802193,-0.06710314998907718,0.10682118091232348,-0.0584903080033915,0.0,False,False,0.5235987755982988
3.165,0.5226988267234495,-0.0017289350818326709,0.5229959170557521,0.025417982563108427,-0.019650125309889264,0.10682118091232348,0.0,False,False,0.5235987755982988
3.166,0.5227029631554884,0.004136432038875891,0.521938457050889,-0.08286981617950884,0.1293295132687866,-0.019650125309889264,0.0,False,False,0.5235987755982988
3.1670000000000003,0.5227048770019949,0.0019138465064971188,0.5221641364899712,-0.05201489065334414,0.08824137273391047,0.1293295132687866,0.0,False,False,0.5235987755982988
3.168,0.5227126772609447,0.007800258949834001,0.5219118251019382,-0.07204454039130413,0.11681855740405547,0.08824137273391047,0.0,False,False,0.5235987755982988
3.169,0.522722630159157,0.009952898212251607,0.5216855652438198,-0.08746607216401533,0.13939707297744042,0.11681855740405547,0.0,False,False,0.5235987755982988
3.17,0.5227356225957184,0.012992436561392179,0.5236643205712953,0.11915606779993512,-0.14416709087385896,0.13939707297744042,0.0,False,False,0.5235987755982988
3.1710000000000003,0.5227521044242133,0.016481828494934195,0.5233530314967053,0.07611155356094229,-0.08691047044444768,-0.14416709087385896,0.0,False,False,0.5235987755982988
3.172,0.5227572482271776,0.00514380296433652,0.523609549546994,0.09415220323371815,-0.11317657495697532,-0.08691047044444768,0.0,False,False,0.5235987755982988
3.173,0.5227565159383418,-0.0007322888358386979,0.5227908230604007,0.0028643342510150382,0.011105944580948036,-0.11317657495697532,0.0,False,False,0.5235987755982988
3.174,0.5227503473384449,-0.006168599896888351,0.5234282399384468,0.06631958863052173,-0.07651386447928947,0.011105944580948036,0.0,False,False,0.5235987755982988
3.1750000000000003,0.5227465527589666,-0.003794579478344941,0.5212095377993915,-0.1621825841380588,0.23762538134600228,-0.07651386447928947,0.0,False,False,0.5235987755982988
3.176,0.522740072572901,-0.0064801860656759774,0.5234932585190388,0.08240774624048008,-0.09698998806189633,0.23762538134600228,0.0,False,False,0.5235987755982988
3.177,0.5227473783425035,0.007305769602542891,0.5229019445527116,0.01503557498370428,-0.0054997311598743645,-0.09698998806189633,0.0,False,False,0.5235987755982988
3.178,0.5227477062071874,0.00032786468383204283,0.5232949625718608,0.0528338194002599,-0.0579319488044278,-0.0054997311598743645,0.0,False,False,0.5235987755982988
3.1790000000000003,0.5227476594232593,-4.678392801953844e-05,0.5230792923133938,0.02598341161353124,-0.021829394807946927,-0.0579319488044278,0.0,False,False,0.5235987755982988
3.18,0.5227447302641796,-0.0029291590797223483,0.521883362146907,-0.0962079461964999,0.1463269775608525,-0.021829394807946927,0.0,False,False,0.5235987755982988
3.181,0.5227415938701375,-0.003136394042083285,0.521434307549817,-0.1314926112858492,0.1967515584156915,0.1463269775608525,0.0,False,False,0.5235987755982988
3.182,0.5227467196507368,0.005125780599338698,0.522125335168115,-0.049240588327466375,0.08561063373626851,0.1967515584156915,0.0,False,False,0.5235987755982988
3.1830000000000003,0.5227601575784885,0.013437927751687982,0.5232531409064698,0.06846404434076059,-0.07593542875599031,0.08561063373626851,0.0,False,False,0.5235987755982988
3.184,0.5227743049305756,0.01414735208717587,0.5233765232973036,0.07395587899006047,-0.08474651337015783,-0.07593542875599031,0.0,False,False,0.5235987755982988
3.185,0.522780944780982,0.00663985040642001,0.5215871899451049,-0.11237304412881187,0.1710561947120649,-0.08474651337015783,0.0,False,False,0.5235987755982988
3.186,0.5227813988862752,0.00045410529315575206,0.5219252281736975,-0.06733191685667325,0.11092215387083222,0.1710561947120649,0.0,False,False,0.5235987755982988
3.1870000000000003,0.5227902677767005,0.008868890425259877,0.5221591255773211,-0.03720898480863864,0.07056448214796458,0.11092215387083222,0.0,False,False,0.5235987755982988
3.188,0.5228021483260992,0.011880549398694203,0.5224903408393146,-0.00036656012843250957,0.020391697815835615,0.07056448214796458,0.0,False,False,0.5235987755982988
3.189,0.522814312861272,0.012164535172879456,0.5216256992823769,-0.08679405980935544,0.13966824545782103,0.020391697815835615,0.0,False,False,0.5235987755982988
3.19,0.5228241910572082,0.009878195936221539,0.521583216784561,-0.08236290361001089,0.13511554297929396,0.13966824545782103,0.0,False,False,0.5235987755982988
3.1910000000000003,0.5228382692681991,0.014078210990906007,0.5221210826766284,-0.020340024042270755,0.05100650144079277,0.13511554297929396,0.0,False,False,0.5235987755982988
3.192,0.5228554058789396,0.01713661074054579,0.5229306765506697,0.06265336576608997,-0.06315825606198415,0.05100650144079277,0.0,False,False,0.5235987755982988
3.193,0.5228708565418339,0.015450662894241067,0.5218405936238785,-0.0526202634896437,0.09479159172713869,-0.06315825606198415,0.0,False,False,0.5235987755982988
3.194,0.5228791970891764,0.008340547342594986,0.5227781394624578,0.04639634671725076,-0.04090416561556207,0.09479159172713869,0.0,False,False,0.5235987755982988
3.1950000000000003,0.5228898773147299,0.010680225553549848,0.5238136389121265,0.14530665701239986,-0.17823552806377835,-0.04090416561556207,0.0,False,False,0.5235987755982988
3.196,0.5228955389629563,0.005661648226395476,0.5217595218352756,-0.07463571637392816,0.12266942738313112,-0.17823552806377835,0.0,False,False,0.5235987755982988
3.197,0.5228906116550921,-0.004927307864145357,0.5227104537445401,0.027921046189907595,-0.01751546206023151,0.12266942738313112,0.0,False,False,0.5235987755982988
3.198,0.5228932865221227,0.0026748670306193283,0.5237875554739194,0.13283911450885275,-0.16280497517179415,-0.01751546206023151,0.0,False,False,0.5235987755982988
3.1990000000000003,0.5228942772070962,0.0009906849735383707,0.5225292691786529,-0.006273426468680024,0.026779227316041716,-0.16280497517179415,0.0,False,False,0.5235987755982988
3.2,0.5228868267179195,-0.007450489176736055,0.5223862054717007,-0.01995245451703935,0.045769207699213825,0.026779227316041716,0.0,False,False,0.5235987755982988
3.201,0.5228828821791945,-0.003944538725040452,0.5238982238188356,0.1332446256481526,-0.16528361874744435,0.045769207699213825,0.0,False,False,0.5235987755982988
3.202,0.5228824101320142,-0.00047204718031461455,0.5226151984092889,-0.008382377871323843,0.02776324284776639,-0.16528361874744435,0.0,False,False,0.5235987755982988
3.203,0.5228738173799488,-0.008592752065408975,0.5238376711180355,0.1147031307904621,-0.1419438763038144,0.02776324284776639,0.0,False,False,0.5235987755982988
3.204,0.5228690772714577,-0.004740108491006614,0.5232434201940714,0.043807725315012425,-0.04617287310192215,-0.1419438763038144,0.0,False,False,0.5235987755982988
3.205,0.5228586549211477,-0.010422350310019115,0.522559466520341,-0.028968414589530776,0.053469660910677244,-0.04617287310192215,0.0,False,False,0.5235987755982988
3.206,0.5228488369889024,-0.009817932245279524,0.5232674459463806,0.044726369473384056,-0.04770770963353367,0.053469660910677244,0.0,False,False,0.5235987755982988
3.207,0.5228444613780677,-0.004375610834686411,0.5231241063332192,0.025919771209897042,-0.022559678680442504,-0.04770770963353367,0.0,False,False,0.5235987755982988
3.208,0.5228390100169855,-0.0054513610822573685,0.5237298983421625,0.08390699498324687,-0.10304860336944342,-0.022559678680442504,0.0,False,False,0.5235987755982988
3.209,0.522834048554171,-0.004961462814439174,0.5223555268004528,-0.06192085868604959,0.09668350878448725,-0.10304860336944342,0.0,False,False,0.5235987755982988
3.21,0.5228254131462381,-0.008635407932894329,0.5228613722230949,-0.005144230553235367,0.01944633741755252,0.09668350878448725,0.0,False,False,0.5235987755982988
3.211,0.5228240872541318,-0.0013258921063152409,0.5227704046965966,-0.013726560147740506,0.03138254840792785,0.01944633741755252,0.0,False,False,0.5235987755982988
3.212,0.5228241361683931,4.891426126447289e-05,0.5234386213430637,0.05446776051374366,-0.06247853602226097,0.03138254840792785,0.0,False,False,0.5235987755982988
3.213,0.5228257393401685,0.0016031717754945215,0.5219311017218689,-0.10173097765711928,0.15209530296428247,-0.06247853602226097,0.0,False,False,0.5235987755982988
3.214,0.5228237322483844,-0.002007091784138458,0.5237112121438326,0.08645316230497249,-0.105767652585576,0.15209530296428247,0.0,False,False,0.5235987755982988
3.215,0.5228299380644098,0.00620581602535882,0.5232368866879676,0.030375300487974252,-0.02993636019960793,-0.105767652585576,0.0,False,False,0.5235987755982988
3.216,0.5228290264647806,-0.0009115996291941672,0.5216797925379324,-0.12837164456434746,0.1885876685638125,-0.02993636019960793,0.0,False,False,0.5235987755982988
3.217,0.522826894984198,-0.0021314805826348395,0.5238813032109022,0.10461658718906809,-0.1306254016537427,0.1885876685638125,0.0,False,False,0.5235987755982988
3.218,0.5228348384471485,0.007943462950489973,0.5247844524499458,0.18446985237451674,-0.24270600617906507,-0.1306254016537427,0.0,False,False,0.5235987755982988
3.219,0.5228339537005441,-0.0008847466044023828,0.5237082187668922,0.05839949883171108,-0.07204937563273457,-0.24270600617906507,0.0,False,False,0.5235987755982988
3.22,0.5228212024435942,-0.012751256949919403,0.5240664815717896,0.08838582943827687,-0.11448170284876616,-0.07204937563273457,0.0,False,False,0.5235987755982988
3.221,0.5228082791499261,-0.012923293668093718,0.5228827797347232,-0.038822937212190545,0.0594754501989899,-0.11448170284876616,0.0,False,False,0.5235987755982988
3.222,0.5227930979586628,-0.015181191263325731,0.5213431613892867,-0.18890247803461924,0.26728402940376095,0.0594754501989899,0.0,False,False,0.5235987755982988
3.223,0.522784794400819,-0.008303557843706835,0.5211754957170072,-0.18677879745911222,0.26775359481418437,0.26728402940376095,0.0,False,False,0.5235987755982988
3.224,0.5227922454205165,0.007451019697482781,0.523014846496927,0.015834160278780263,-0.008490268509843222,0.26775359481418437,0.0,False,False,0.5235987755982988
3.225,0.5228109169897851,0.01867156926855469,0.5222943180249392,-0.05780210294787577,0.09284275985792406,-0.008490268509843222,0.0,False,False,0.5235987755982988
3.226,0.522824695811743,0.0137788219578733,0.5220265774458706,-0.07879595055995245,0.12285470741565165,0.09284275985792406,0.0,False,False,0.5235987755982988
3.227,0.5228394778485311,0.014782036788141256,0.522784721037033,0.0048980036122869,0.008775377768040483,0.12285470741565165,0.0,False,False,0.5235987755982988
3.228,0.5228565718792988,0.017094030767682483,0.5233937713842997,0.06531323797772418,-0.07468580972128412,0.008775377768040483,0.0,False,False,0.5235987755982988
3.229,0.5228698751966976,0.013303317398769969,0.5216021050754879,-0.12038471670122611,0.18040172945206823,-0.07468580972128412,0.0,False,False,0.5235987755982988
3.23,0.5228759002643028,0.0060250676052158595,0.5224841806436823,-0.020138688211661704,0.04422913503709143,0.18040172945206823,0.0,False,False,0.5235987755982988
3.231,0.5228891665628633,0.013266298560575183,0.5242067772978526,0.15413484602653385,-0.19590584582380852,0.04422913503709143,0.0,False,False,0.5235987755982988
3.232,0.5229011078614569,0.011941298593630594,0.5219627417292919,-0.08568219543218708,0.13226724416074875,-0.19590584582380852,0.0,False,False,0.5235987755982988
3.233,0.5228999963560954,-0.0011115053615800164,0.5236590061771995,0.09251246890179188,-0.11209911310236284,0.13226724416074875,0.0,False,False,0.5235987755982988
3.234,0.5229058357676947,0.005839411599272644,0.5224828283789582,-0.034356557812517965,0.061314919323152486,-0.11209911310236284,0.0,False,False,0.5235987755982988
3.235,0.5229043431808472,-0.0014925868474816046,0.5233806380881583,0.058860068888739736,-0.06670560748395782,0.061314919323152486,0.0,False,False,0.5235987755982988
3.236,0.5229063692569134,0.002026076066104902,0.523863968155583,0.1013070687423394,-0.12634194852192265,-0.06670560748395782,0.0,False,False,0.5235987755982988
3.237,0.5229044461962338,-0.0019230606796075168,0.5235513365721782,0.05991320352762781,-0.07104194176298279,-0.12634194852192265,0.0,False,False,0.5235987755982988
3.238,0.5228967888771776,-0.007657319056141094,0.5236901803014153,0.0678062560985765,-0.08301279197438928,-0.07104194176298279,0.0,False,False,0.5235987755982988
3.239,0.5228878012530719,-0.008987624105734957,0.5218828463129397,-0.11970776835884679,0.1745360491670805,-0.08301279197438928,0.0,False,False,0.5235987755982988
3.24,0.5228772272811987,-0.010573971873196003,0.5238490787126702,0.08888624845008615,-0.11116895419878774,0.1745360491670805,0.0,False,False,0.5235987755982988
3.241,0.522878328721635,0.0011014404362890834,0.5221342136036619,-0.09148888729575366,0.13614878065836966,-0.11116895419878774,0.0,False,False,0.5235987755982988
3.242,0.5228735372101229,-0.004791511512147436,0.523100030127906,0.014241653858231756,-0.008112566162806655,0.13614878065836966,0.0,False,False,0.5235987755982988
3.243,0.5228769828726273,0.0034456625044027456,0.5231023451848185,0.013048994163659103,-0.0067230455537445645,-0.008112566162806655,0.0,False,False,0.5235987755982988
3.244,0.5228789855326745,0.0020026600472282594,0.5233023348290733,0.03174305917277596,-0.03275573716127169,-0.0067230455537445645,0.0,False,False,0.5235987755982988
3.245,0.5228800452317597,0.0010596990851525288,0.523174095403451,0.01574481069326385,-0.011249529324654946,-0.03275573716127169,0.0,False,False,0.5235987755982988
3.246,0.5228791452926317,-0.0008999391280089814,0.5221427821733098,-0.08896099339017871,0.13296107371801702,-0.011249529324654946,0.0,False,False,0.5235987755982988
3.247,0.5228779562764668,-0.001189016164898022,0.5216999747359701,-0.12434563778513177,0.1833931808640755,0.13296107371801702,0.0,False,False,0.5235987755982988
3.248,0.5228837763552495,0.0058200787827024526,0.5236450441897875,0.0825958713751263,-0.0999478802969483,0.1833931808640755,0.0,False,False,0.5235987755982988
3.249,0.5228970444613029,0.013268106053371288,0.5230592157233908,0.015753437597937195,-0.009192047369179595,-0.0999478802969483,0.0,False,False,0.5235987755982988
3.25,0.5229017783499316,0.0047338886286713115,0.5239047988609759,0.09873640759665277,-0.12399210784416995,-0.009192047369179595,0.0,False,False,0.5235987755982988
3.251,0.5229046394741512,0.0028611242196707135,0.5228656026248684,-0.015056856773761174,0.031265341650261534,-0.12399210784416995,0.0,False,False,0.5235987755982988
3.2520000000000002,0.5229004370189914,-0.004202455159861533,0.5216741997877167,-0.13269145481155398,0.1938721103643433,0.031265341650261534,0.0,False,False,0.5235987755982988
3.253,0.522899057144713,-0.0013798742784176866,0.5237421643414512,0.0873741460430494,-0.10742997262840139,0.1938721103643433,0.0,False,False,0.5235987755982988
3.254,0.5229077897021432,0.008732557430240442,0.522584580372583,-0.03712166544806696,0.0628015126005643,-0.10742997262840139,0.0,False,False,0.5235987755982988
3.255,0.5229086507583302,0.0008610561869428698,0.5232071050775902,0.028842971597451868,-0.02756149654418648,0.0628015126005643,0.0,False,False,0.5235987755982988
3.2560000000000002,0.5229123902885486,0.0037395302184851623,0.5223473753485463,-0.06001429846668452,0.0945423626555676,-0.02756149654418648,0.0,False,False,0.5235987755982988
3.257,0.522913627819962,0.0012375314133677468,0.5243485517569496,0.1461047722203199,-0.18882169752009817,0.0945423626555676,0.0,False,False,0.5235987755982988
3.258,0.5229192167330489,0.005588913086854684,0.5221542696185908,-0.08793391883759366,0.13152181023985676,-0.18882169752009817,0.0,False,False,0.5235987755982988
3.259,0.5229137078539468,-0.005508879102090129,0.5226192448437794,-0.03264300443497189,0.05680315890331542,0.13152181023985676,0.0,False,False,0.5235987755982988
3.2600000000000002,0.5229164091996941,0.0027013457473543355,0.5230101758816473,0.00971439979531672,-0.0010624848546533644,0.05680315890331542,0.0,False,False,0.5235987755982988
3.261,0.5229211343866927,0.004725186998709163,0.5219680255047047,-0.09547207787848125,0.14391999513887213,-0.0010624848546533644,0.0,False,False,0.5235987755982988
3.262,0.5229243957919965,0.003261405303686421,0.5232128284927962,0.03855542871851553,-0.03931946656317076,0.14391999513887213,0.0,False,False,0.5235987755982988
3.263,0.5229338703112777,0.009474519281255735,0.5243405275652377,0.14746979309082298,-0.19031528711388832,-0.03931946656317076,0.0,False,False,0.5235987755982988
3.2640000000000002,0.5229386937297347,0.004823418456965338,0.5225106847517071,-0.050261467571319496,0.07989939632423348,-0.19031528711388832,0.0,False,False,0.5235987755982988
3.265,0.5229325624815842,-0.006131248150536804,0.5232773896419699,0.031435168212088374,-0.031937254640585624,0.07989939632423348,0.0,False,False,0.5235987755982988
3.266,0.5229322345676587,-0.0003279139254746535,0.520532899564798,-0.2461573563263128,0.3505745961945904,-0.031937254640585624,0.0,False,False,0.5235987755982988
3.267,0.5229304094680205,-0.0018250996381565347,0.522896437331839,0.014812156010419714,-0.005132498416226837,0.3505745961945904,0.0,False,False,0.5235987755982988
3.2680000000000002,0.522946666413681,0.01625694566059464,0.5226734854843119,-0.008964244343329784,0.027412315263759916,-0.005132498416226837,0.0,False,False,0.5235987755982988
3.269,0.522958574758836,0.011908345154935877,0.5222443008547489,-0.05098628286529522,0.08556408482225214,0.027412315263759916,0.0,False,False,0.5235987755982988
3.27,0.5229686034029722,0.01002864413627148,0.523912346972585,0.1209169572048451,-0.15074463338296618,0.08556408482225214,0.0,False,False,0.5235987755982988
3.271,0.5229800906801693,0.011487277196978753,0.5226953893597611,-0.012870499798031496,0.03170555205131632,-0.15074463338296618,0.0,False,False,0.5235987755982988
3.2720000000000002,0.5229808834351519,0.0007927549826278555,0.5228260051102545,0.0014781252311051232,0.012136118507472348,0.03170555205131632,0.0,False,False,0.5235987755982988
3.273,0.5229830205946979,0.0021371595460381726,0.5226538577156913,-0.015884426748322515,0.0360698339849226,0.012136118507472348,0.0,False,False,0.5235987755982988
3.274,0.5229851172929153,0.002096698217384782,0.521312379887076,-0.14844376693501696,0.21928764312403073,0.0360698339849226,0.0,False,False,0.5235987755982988
3.275,0.522988382380835,0.0032650879196878028,0.5220005378574714,-0.06478359320198106,0.1065085911772715,0.21928764312403073,0.0,False,False,0.5235987755982988
3.2760000000000002,0.5230016278745135,0.013245493678547124,0.523840340162127,0.12567499658378056,-0.15515815804944388,0.1065085911772715,0.0,False,False,0.5235987755982988
3.277,0.523016666564492,0.015038689978484232,0.52117538727236,-0.1533877920512955,0.22768634032845303,-0.15515815804944388,0.0,False,False,0.5235987755982988
3.278,0.5230200693820325,0.0034028175405054067,0.5223513330840642,-0.020454431675744428,0.046999283267115874,0.22768634032845303,0.0,False,False,0.5235987755982988
3.279,0.5230338317977664,0.013762415733898307,0.5226850102443408,0.014958727519484655,-0.0015026966521368597,0.046999283267115874,0.0,False,False,0.5235987755982988
3.2800000000000002,0.5230463084875755,0.012476689809031506,0.524567905612276,0.20175239156105393,-0.25954721012485316,-0.0015026966521368597,0.0,False,False,0.5235987755982988
3.281,0.5230553373827151,0.009028895139600635,0.523726070700272,0.09739366120455274,-0.11916370528098051,-0.25954721012485316,0.0,False,False,0.5235987755982988
3.282,0.5230488142865299,-0.006523096185156976,0.5225625912769225,-0.02869364725085144,0.05308369448579531,-0.11916370528098051,0.0,False,False,0.5235987755982988
3.283,0.5230382494663578,-0.010564820172158235,0.5241766524239593,0.13558183217791084,-0.1730999814753813,0.05308369448579531,0.0,False,False,0.5235987755982988
3.2840000000000003,0.5230332853023558,-0.004964164001940556,0.5223870633408132,-0.05693525935448836,0.09013313186012718,-0.1730999814753813,0.0,False,False,0.5235987755982988
3.285,0.5230211453975734,-0.01213990478242229,0.5239017511003927,0.10022704253891294,-0.12572601008438583,0.09013313186012718,0.0,False,False,0.5235987755982988
3.286,0.523016812760081,-0.004332637492313536,0.5218309686564916,-0.11687390610509142,0.17206921227863978,-0.12572601008438583,0.0,False,False,0.5235987755982988
3.287,0.523007490985655,-0.009321774426021365,0.5239440851300319,0.10612513185944651,-0.13356572980253092,0.17206921227863978,0.0,False,False,0.5235987755982988
3.2880000000000003,0.5230094201609308,0.001929175275745378,0.5226550016951009,-0.03339572481959299,0.057062800041073544,-0.13356572980253092,0.0,False,False,0.5235987755982988
3.289,0.5230040863687385,-0.005333792192259216,0.522106547099981,-0.08490161184962106,0.12874204718926496,0.057062800041073544,0.0,False,False,0.5235987755982988
3.29,0.523003190302706,-0.0008960660324635432,0.5228136967528131,-0.005696485381456104,0.020967201676490493,0.12874204718926496,0.0,False,False,0.5235987755982988
3.291,0.5230090035633806,0.005813260674629742,0.5232510320182486,0.03860668970024406,-0.04006864319938952,0.020967201676490493,0.0,False,False,0.5235987755982988
3.2920000000000003,0.5230141454613685,0.005141897987821457,0.5225823960072811,-0.03211758036653638,0.05683592907816309,-0.04006864319938952,0.0,False,False,0.5235987755982988
3.293,0.5230157539018483,0.001608440479781096,0.5234991695309775,0.06277153003976293,-0.07353292683593231,0.05683592907816309,0.0,False,False,0.5235987755982988
3.294,0.5230197162104832,0.003962308634906688,0.5225109580710369,-0.0423267689582791,0.07037283824064997,-0.07353292683593231,0.0,False,False,0.5235987755982988
3.295,0.5230188126425577,-0.0009035679254334955,0.5235601896856867,0.06682906940253582,-0.07950033685602559,0.07037283824064997,0.0,False,False,0.5235987755982988
3.2960000000000003,0.5230217022169179,0.0028895743602595616,0.5234076137672927,0.04488857062288068,-0.05042537178934715,-0.07950033685602559,0.0,False,False,0.5235987755982988
3.297,0.5230197443256155,-0.001957891302453464,0.5229665789308642,-0.0037037700822618175,0.015824064112537645,-0.05042537178934715,0.0,False,False,0.5235987755982988
3.298,0.5230158584955293,-0.0038858300861714682,0.5226306797649868,-0.036923309661775205,0.061733696593746834,0.015824064112537645,0.0,False,False,0.5235987755982988
3.299,0.5230139307104609,-0.0019277850684279903,0.5231461750023206,0.018318545037787473,-0.01383544331773771,0.061733696593746834,0.0,False,False,0.5235987755982988
3.3000000000000003,0.5230156738724308,0.001743161969876816,0.5234958608492988,0.051455275231823,-0.05989386479618691,-0.01383544331773771,0.0,False,False,0.5235987755982988
3.301,0.5230161966611835,0.0005227887526929045,0.5248154558476833,0.17826924754709278,-0.23582334154543202,-0.05989386479618691,0.0,False,False,0.5235987755982988
3.302,0.5230135658646264,-0.0026307965570975594,0.523833364835669,0.062233221590953874,-0.078902472181808,-0.23582334154543202,0.0,False,False,0.5235987755982988
3.303,0.5229999391424358,-0.013626722190628014,0.5238516510469688,0.057838520561842986,-0.07395798275027214,-0.078902472181808,0.0,False,False,0.5235987755982988
3.3040000000000003,0.522985976127446,-0.013963014989813316,0.5256812114668614,0.23501071049491595,-0.319496698228026,-0.07395798275027214,0.0,False,False,0.5235987755982988
3.305,0.5229719902214144,-0.013985906031662092,0.523422248932573,-0.01438661398341226,0.020441416763158436,-0.319496698228026,0.0,False,False,0.5235987755982988
3.306,0.5229457089458152,-0.026281275599203725,0.5233686401943559,-0.01830882640678472,0.02611302895911385,0.020441416763158436,0.0,False,False,0.5235987755982988
3.307,0.5229257466665079,-0.01996227930717759,0.5235401157180372,0.0006696086020178994,0.0002523475222883612,0.02611302895911385,0.0,False,False,0.5235987755982988
3.3080000000000003,0.5229117346933541,-0.014011973153848768,0.5220312457758781,-0.15028434647408798,0.20855675257247816,0.0002523475222883612,0.0,False,False,0.5235987755982988
3.309,0.5229014198712572,-0.010314822096867907,0.5225140426157322,-0.08697622784127092,0.1238966670957242,0.20855675257247816,0.0,False,False,0.5235987755982988
3.31,0.5229044205839034,0.00300071264621145,0.522462704570094,-0.08341240962096101,0.12054417005283939,0.1238966670957242,0.0,False,False,0.5235987755982988
3.311,0.5229127106077984,0.008290023895034429,0.5234778604170193,0.026444416033659254,-0.029556825977359272,0.12054417005283939,0.0,False,False,0.5235987755982988
3.3120000000000003,0.5229246409527123,0.011930344913861,0.5227726449735133,-0.04672156992030575,0.07093623515050657,-0.029556825977359272,0.0,False,False,0.5235987755982988
3.313,0.5229318383348526,0.007197382140318173,0.5230524610287481,-0.014067807404789134,0.026715031137659138,0.07093623515050657,0.0,False,False,0.5235987755982988
3.314,0.522940483146813,0.008644811960384243,0.5238894663261937,0.07103950308024676,-0.09047983679840418,0.026715031137659138,0.0,False,False,0.5235987755982988
3.315,0.5229479859784396,0.007502831626644426,0.52370122709501,0.04511162965385031,-0.05597808252542153,-0.09047983679840418,0.0,False,False,0.5235987755982988
3.3160000000000003,0.5229487839221506,0.0007979437109572364,0.5228076557235157,-0.048756670460960876,0.0727481622992486,-0.05597808252542153,0.0,False,False,0.5235987755982988
3.317,0.5229465405137819,-0.0022434083687492656,0.5223618594931447,-0.08846062645196462,0.12841724163513107,0.0727481622992486,0.0,False,False,0.5235987755982988
3.318,0.5229486137011046,0.002073187322753417,0.5239393278002067,0.07813226689942758,-0.09988865991365481,0.12841724163513107,0.0,False,False,0.5235987755982988
3.319,0.5229564797197241,0.00786601861953895,0.5236318271776753,0.039568977956347236,-0.04807770197639363,-0.09988865991365481,0.0,False,False,0.5235987755982988
3.3200000000000003,0.5229570746266439,0.0005949069197031687,0.5215553511210508,-0.17203552550174064,0.24322427119255338,-0.04807770197639363,0.0,False,False,0.5235987755982988
3.321,0.522955084849379,-0.0019897772648203647,0.5226818064844021,-0.04218643661643465,0.06712916798986245,0.24322427119255338,0.0,False,False,0.5235987755982988
3.322,0.5229658592162406,0.010774366861538381,0.5231102987049983,0.004881429104824309,0.0029348691536209117,0.06712916798986245,0.0,False,False,0.5235987755982988
3.323,0.5229769948409114,0.011135624670793034,0.5236566519847183,0.05902861416634985,-0.07187611195517117,0.0029348691536209117,0.0,False,False,0.5235987755982988
3.3240000000000003,0.5229851991545167,0.008204313605233247,0.5237794125352178,0.0654018077996572,-0.0817336342241296,-0.07187611195517117,0.0,False,False,0.5235987755982988
3.325,0.5229874449104901,0.002245755973433793,0.5232351996348242,0.004440336980338903,0.001215962966135806,-0.0817336342241296,0.0,False,False,0.5235987755982988
3.326,0.5229849240923007,-0.002520818189407641,0.5234956489103697,0.03004123083685213,-0.03419319662149855,0.001215962966135806,0.0,False,False,0.5235987755982988
3.327,0.5229832264216241,-0.0016976706765981355,0.5230391963402841,-0.018608149255397218,0.032402205750742215,-0.03419319662149855,0.0,False,False,0.5235987755982988
3.3280000000000003,0.5229803339633091,-0.0028924583149543062,0.5223922874318655,-0.0814382251717139,0.11944265720185639,0.032402205750742215,0.0,False,False,0.5235987755982988
3.329,0.5229799349229947,-0.00039904031442013167,0.5227519387309003,-0.03732927275106119,0.060038190914446496,0.11944265720185639,0.0,False,False,0.5235987755982988
3.33,0.5229856293079134,0.005694384918671629,0.5230022022447,-0.008569994095990852,0.02102231327996853,0.060038190914446496,0.0,False,False,0.5235987755982988
3.331,0.5229926392216383,0.007009913724900259,0.522962375866891,-0.011695632467288901,0.025489954126087674,0.02102231327996853,0.0,False,False,0.5235987755982988
3.332,0.5229986513209457,0.0060120993073894055,0.5213531785474992,-0.17144580115973973,0.24615570830608102,0.025489954126087674,0.0,False,False,0.5235987755982988
3.333,0.5230041626727161,0.005511351770441932,0.5226572930268998,-0.02388977310370602,0.04561441400962981,0.24615570830608102,0.0,False,False,0.5235987755982988
3.334,0.5230203469774471,0.01618430473102493,0.5230693956626791,0.01970946778459336,-0.014122522500356626,0.04561441400962981,0.0,False,False,0.5235987755982988
3.335,0.5230347323229504,0.014385345503238252,0.5227891906841972,-0.010281976842057242,0.026910900664298527,-0.014122522500356626,0.0,False,False,0.5235987755982988
3.336,0.5230446552695597,0.009922946609285024,0.5228292608743623,-0.005246760141335064,0.02014737720045895,0.026910900664298527,0.0,False,False,0.5235987755982988
3.337,0.5230531295783456,0.00847430878587031,0.5234789823854387,0.06025006698043242,-0.07014380254503615,0.02014737720045895,0.0,False,False,0.5235987755982988
3.338,0.5230601770235594,0.007047445213804165,0.5221186092534567,-0.08181225291581146,0.12481769770613262,-0.07014380254503615,0.0,False,False,0.5235987755982988
3.339,0.52306165822263,0.0014811990705047209,0.5216409233728846,-0.12139961568143681,0.1809208788751802,0.12481769770613262,0.0,False,False,0.5235987755982988
3.34,0.5230689308327093,0.007272610079347427,0.5227650953724053,0.0031575458387819444,0.011217189059544197,0.1809208788751802,0.0,False,False,0.5235987755982988
3.341,0.5230831299491071,0.014199116397745867,0.5237499455610034,0.10132681011471004,-0.12431323146633465,0.011217189059544197,0.0,False,False,0.5235987755982988
3.342,0.523094169233725,0.011039284617864268,0.524566837075779,0.17288328058079877,-0.2248850432916019,-0.12431323146633465,0.0,False,False,0.5235987755982988
3.343,0.5230959367541458,0.0017675204207601384,0.5237784724013972,0.07675848508453752,-0.09534472455721572,-0.2248850432916019,0.0,False,False,0.5235987755982988
3.344,0.523085924072385,-0.010012681760765795,0.5218046222275138,-0.12830238081225687,0.18625761764883886,-0.09534472455721572,0.0,False,False,0.5235987755982988
3.345,0.5230739598992526,-0.01196417313230916,0.522871181229208,-0.008816242561614479,0.02367618971757298,0.18625761764883886,0.0,False,False,0.5235987755982988
3.346,0.5230745711056599,0.0006112064072947825,0.5232985268518444,0.03479994395819354,-0.03635545531365302,0.02367618971757298,0.0,False,False,0.5235987755982988
3.347,0.5230761803718665,0.001609266206633753,0.5232311578574971,0.02458305012764031,-0.02288254081873705,-0.03635545531365302,0.0,False,False,0.5235987755982988
3.348,0.5230754836875838,-0.0006966842826955184,0.5235461156935763,0.053620528722802874,-0.06339675618235892,-0.02288254081873705,0.0,False,False,0.5235987755982988
3.349,0.5230738545837859,-0.0016291037979179403,0.5222735784079016,-0.07899525271695534,0.11864785268749697,-0.06339675618235892,0.0,False,False,0.5235987755982988
3.35,0.5230695498116925,-0.004304772093353356,0.5231262233469011,0.014168766454690451,-0.008496579220469026,0.11864785268749697,0.0,False,False,0.5235987755982988
3.351,0.5230724665027122,0.0029166910196598925,0.5234392673677569,0.044056291894807115,-0.04999640212401445,-0.008496579220469026,0.0,False,False,0.5235987755982988
3.352,0.5230740778415164,0.0016113388041372925,0.5237946116751778,0.07518509344741657,-0.09374716152072203,-0.04999640212401445,0.0,False,False,0.5235987755982988
3.353,0.5230727005564345,-0.001377285081907804,0.5223695788139082,-0.07483670202428545,0.11192958454817327,-0.09374716152072203,0.0,False,False,0.5235987755982988
3.354,0.5230670539560301,-0.005646600404358269,0.5227658477675673,-0.02772613645594956,0.04826406470030688,0.11192958454817327,0.0,False,False,0.5235987755982988
3.355,0.5230686767824138,0.001622826383615994,0.520709150737868,-0.23062322578027847,0.32876111842408784,0.04826406470030688,0.0,False,False,0.5235987755982988
3.356,0.5230722205384603,0.0035437560465273795,0.5225298926629526,-0.025486710693798292,0.04982394566879024,0.32876111842408784,0.0,False,False,0.5235987755982988
3.357,0.5230911360364283,0.018915497968063213,0.5226334977099863,-0.012577534921041229,0.03246804389487386,0.04982394566879024,0.0,False,False,0.5235987755982988
3.358,0.5231080398840507,0.01690384762241654,0.5222182845505583,-0.052841097371742266,0.08825815570542003,0.03246804389487386,0.0,False,False,0.5235987755982988
3.359,0.5231223682214395,0.0143283373888408,0.523266892086583,0.05730376596789676,-0.06279061595059046,0.08825815570542003,0.0,False,False,0.5235987755982988
3.36,0.5231373640437302,0.014995822290676784,0.5230885424441982,0.03373842513263478,-0.03130191338535108,-0.06279061595059046,0.0,False,False,0.5235987755982988
3.361,0.5231453502060277,0.007986162297492157,0.5211738141725039,-0.16110824455006523,0.2369791991243875,-0.03130191338535108,0.0,False,False,0.5235987755982988
3.362,0.5231494631871891,0.00411298116143387,0.5233375293686192,0.07137409951647691,-0.08094648728553946,0.2369791991243875,0.0,False,False,0.5235987755982988
3.363,0.5231641918871598,0.01472869997063596,0.5223540762567607,-0.03410862162102529,0.06333493409291699,-0.08094648728553946,0.0,False,False,0.5235987755982988
3.364,0.5231710524293315,0.006860542171742839,0.5235948960032544,0.09338421519044764,-0.1119912255177372,0.06333493409291699,0.0,False,False,0.5235987755982988
3.365,0.5231790712129153,0.00801878358376525,0.5220604449732321,-0.06939930933082257,0.11096912244818763,-0.1119912255177372,0.0,False,False,0.5235987755982988
3.366,0.5231791738464479,0.00010263353250804935,0.5232053594911724,0.05203207339628952,-0.05535699814727225,0.11096912244818763,0.0,False,False,0.5235987755982988
3.367,0.5231847937357792,0.0056198893313083595,0.5229376871152803,0.020061628467451395,-0.012174361466608847,-0.05535699814727225,0.0,False,False,0.5235987755982988
3.368,0.5231859803442537,0.0011866084744253935,0.5234504866373229,0.0693354178249591,-0.0805333000923836,-0.012174361466608847,0.0,False,False,0.5235987755982988
3.369,0.5231861979227892,0.0002175785355227832,0.5232950168259537,0.04685489490554742,-0.05075821598444475,-0.0805333000923836,0.0,False,False,0.5235987755982988
3.37,0.5231823226950203,-0.003875227768952456,0.5229596499456574,0.008632717385358743,0.0011450008851157708,-0.05075821598444475,0.0,False,False,0.5235987755982988
3.371,0.5231770732919588,-0.005249403061478095,0.5218364227875936,-0.10455327015955597,0.1571862747841616,0.0011450008851157708,0.0,False,False,0.5235987755982988
3.372,0.5231734417635249,-0.0036315284339269367,0.5218843346285711,-0.08930675904584823,0.13802804831011695,0.1571862747841616,0.0,False,False,0.5235987755982988
3.373,0.5231787617161484,0.005319952623512581,0.5226692242388209,-0.0018871221162828217,0.01899647101014195,0.13802804831011695,0.0,False,False,0.5235987755982988
3.374,0.5231894024111183,0.010640694969936469,0.5231821768493056,0.04959685114381283,-0.05201744389069695,0.01899647101014195,0.0,False,False,0.5235987755982988
3.375,0.5231980287573018,0.00862634618351928,0.5226672322899457,-0.006857289906553779,0.024996527438220333,-0.05201744389069695,0.0,False,False,0.5235987755982988
3.376,0.5232015811962153,0.0035524389135183085,0.5237471815317833,0.10182336326786456,-0.12485934272415901,0.024996527438220333,0.0,False,False,0.5235987755982988
3.3770000000000002,0.5232053145882011,0.0037333919857383984,0.5229616483691666,0.013087710679402287,-0.004236962690902634,-0.12485934272415901,0.0,False,False,0.5235987755982988
3.378,0.5232016828922894,-0.0036316959117073757,0.5223595504237372,-0.04843085493148044,0.08042307905988628,-0.004236962690902634,0.0,False,False,0.5235987755982988
3.379,0.5231989315648538,-0.002751327435629912,0.5229562467673423,0.01608186492218279,-0.007732718949402324,0.08042307905988628,0.0,False,False,0.5235987755982988
3.38,0.5232010326272746,0.002101062420831851,0.5233981325168615,0.05866225338188447,-0.06678312859238994,-0.007732718949402324,0.0,False,False,0.5235987755982988
3.3810000000000002,0.5232021106393472,0.0010780120725788621,0.5234856260409925,0.06154538045679152,-0.07181776451663557,-0.06678312859238994,0.0,False,False,0.5235987755982988
3.382,0.5231995220921487,-0.00258854719848073,0.5248387171148504,0.19069994979690716,-0.2511588870542174,-0.07181776451663557,0.0,False,False,0.5235987755982988
3.383,0.5231941252677423,-0.005396824406373367,0.5226103917487223,-0.05120258179559939,0.0792340074470973,-0.2511588870542174,0.0,False,False,0.5235987755982988
3.384,0.5231777729487878,-0.016352318954540576,0.5231136507200522,0.004243573516957269,0.003639959588089897,0.0792340074470973,0.0,False,False,0.5235987755982988
3.3850000000000002,0.5231694903606336,-0.00828258815415957,0.5235413536553133,0.04658950969136804,-0.0548738166559022,0.003639959588089897,0.0,False,False,0.5235987755982988
3.386,0.5231637747404877,-0.005715620146005299,0.523143334352557,0.0021286284466020752,0.00564358828743021,-0.0548738166559022,0.0,False,False,0.5235987755982988
3.387,0.5231570077742738,-0.006766966213969311,0.5227201360271372,-0.0404040669400397,0.06430039260895702,0.00564358828743021,0.0,False,False,0.5235987755982988
3.388,0.5231525060675694,-0.004501706704414871,0.5218005241332014,-0.12832484963961027,0.18635834593928513,0.06430039260895702,0.0,False,False,0.5235987755982988
3.3890000000000002,0.5231525655450615,5.947749216532721e-05,0.522706778295639,-0.024866948431887845,0.04589628956614116,0.18635834593928513,0.0,False,False,0.5235987755982988
3.39,0.5231619248587456,0.009359313684112618,0.522224942744319,-0.07056380872070772,0.10940556183648657,0.04589628956614116,0.0,False,False,0.5235987755982988
3.391,0.5231709222246854,0.008997365939821318,0.5216641736510583,-0.11958433717470074,0.17832403965996968,0.10940556183648657,0.0,False,False,0.5235987755982988
3.392,0.5231828231348181,0.011900910132689149,0.5224884623560379,-0.025197032959278123,0.05022207791183108,0.17832403965996968,0.0,False,False,0.5235987755982988
3.3930000000000002,0.5232003915551955,0.01756842037734735,0.5222866316503081,-0.042860400236326944,0.07505107134742546,0.05022207791183108,0.0,False,False,0.5235987755982988
3.394,0.52321616704131,0.015775486114556283,0.5237256169085203,0.10532416560852348,-0.12867214231421423,0.07505107134742546,0.0,False,False,0.5235987755982988
3.395,0.5232316856943112,0.01551865300120391,0.5237562372777983,0.09785378597547452,-0.12025885340156009,-0.12867214231421423,0.0,False,False,0.5235987755982988
3.396,0.5232368064698744,0.005120775563098414,0.5224480229876857,-0.04275302163333594,0.07201717295103979,-0.12025885340156009,0.0,False,False,0.5235987755982988
3.3970000000000002,0.5232343902991562,-0.00241617071812179,0.523007297978592,0.017449779620633182,-0.010293138390037548,0.07201717295103979,0.0,False,False,0.5235987755982988
3.398,0.5232363059971201,0.0019156979638882427,0.5216146833593757,-0.12355666026306601,0.18398165261629595,-0.010293138390037548,0.0,False,False,0.5235987755982988
3.399,0.5232371264171615,0.0008204200413606426,0.5228057334294198,0.007904012767656954,0.004789943718633439,0.18398165261629595,0.0,False,False,0.5235987755982988
3.4,0.5232468966501022,0.009770232940677845,0.5235950740412582,0.0860476726747242,-0.10319057918293718,0.004789943718633439,0.0,False,False,0.5235987755982988
3.4010000000000002,0.5232541490932128,0.007252443110561932,0.5239740432081238,0.11533982209381569,-0.14516260348942847,-0.10319057918293718,0.0,False,False,0.5235987755982988
3.402,0.523254127867955,-2.122525773731905e-05,0.5226318769030924,-0.030410790618702555,0.053897125256158016,-0.14516260348942847,0.0,False,False,0.5235987755982988
3.403,0.5232468549649988,-0.007272902956247153,0.5241647714934643,0.12591974748035462,-0.16129162308940423,0.053897125256158016,0.0,False,False,0.5235987755982988
3.404,0.5232443965342993,-0.0024584306994208617,0.5219217058104848,-0.11097879556563027,0.16336181085940854,-0.16129162308940423,0.0,False,False,0.5235987755982988
3.4050000000000002,0.5232346171930763,-0.009779341222995761,0.5221458565463528,-0.07746584242226608,0.11911155384174729,0.16336181085940854,0.0,False,False,0.5235987755982988
3.406,0.5232357654370665,0.0011482439902477624,0.5238550622436279,0.10120131154746674,-0.1260547334728832,0.11911155384174729,0.0,False,False,0.5235987755982988
3.407,0.5232425205705571,0.006755133490618821,0.5247008489524772,0.17565985127764727,-0.23062914190838674,-0.1260547334728832,0.0,False,False,0.5235987755982988
3.408,0.5232409931077734,-0.0015274627837271728,0.5236715937491967,0.055168345821837106,-0.06751274170236636,-0.23062914190838674,0.0,False,False,0.5235987755982988
3.4090000000000003,0.5232283976477072,-0.012595460066188655,0.5231931922740507,0.0018113637250538814,0.005126863366401422,-0.06751274170236636,0.0,False,False,0.5235987755982988
3.41,0.5232158243077416,-0.012573339965672111,0.5213001651045878,-0.18767248959374497,0.2665819763992929,0.005126863366401422,0.0,False,False,0.5235987755982988
3.411,0.5232069004062492,-0.008923901492407588,0.521441982402488,-0.15472351084435118,0.22449049053781686,0.2665819763992929,0.0,False,False,0.5235987755982988
3.412,0.5232138538972118,0.006953490962580192,0.5233267850223274,0.04922910222403151,-0.05417909230135295,0.22449049053781686,0.0,False,False,0.5235987755982988
3.4130000000000003,0.5232299982291186,0.016144331906865005,0.5229175296034938,0.003380650118265202,0.008205647764571994,-0.05417909230135295,0.0,False,False,0.5235987755982988
3.414,0.5232393607174759,0.009362488357295404,0.5222743374718286,-0.06127662806008064,0.09737183994856048,0.008205647764571994,0.0,False,False,0.5235987755982988
3.415,0.5232464759424599,0.007115224984022979,0.5233036639076005,0.04778367832311896,-0.05202840355517351,0.09737183994856048,0.0,False,False,0.5235987755982988
3.416,0.5232563824486737,0.009906506213757875,0.5233568535204404,0.048324271774791414,-0.05363452872829764,-0.05202840355517351,0.0,False,False,0.5235987755982988
3.4170000000000003,0.5232608973117276,0.0045148630539785265,0.5240850556324331,0.11631205579658821,-0.14832750757032345,-0.05363452872829764,0.0,False,False,0.5235987755982988
3.418,0.5232613804781945,0.00048316646685489257,0.5233805884584101,0.0342341328146234,-0.03715359085955061,-0.14832750757032345,0.0,False,False,0.5235987755982988
3.419,0.5232543004148691,-0.00708006332538366,0.5243262767268886,0.12537954638101276,-0.16355047597183114,-0.03715359085955061,0.0,False,False,0.5235987755982988
3.42,0.5232474305180455,-0.006869896823660877,0.5232544066248519,0.005654581539242795,-0.0005868563250468308,-0.16355047597183114,0.0,False,False,0.5235987755982988
3.4210000000000003,0.523234394140199,-0.013036377846481142,0.523133745370091,-0.006977002090766024,0.01674294661665897,-0.0005868563250468308,0.0,False,False,0.5235987755982988
3.422,0.5232248179240032,-0.009576216195841281,0.5241536055199588,0.0957067131050874,-0.12483499431598497,0.01674294661665897,0.0,False,False,0.5235987755982988
3.423,0.5232187889043366,-0.00602901966664233,0.5223649381596949,-0.09273069423181644,0.13348590697305077,-0.12483499431598497,0.0,False,False,0.5235987755982988
3.424,0.5232082980904267,-0.010490813909967384,0.5256643668246199,0.2464852416838704,-0.3329629320944244,0.13348590697305077,0.0,False,False,0.5235987755982988
3.4250000000000003,0.5232074107166653,-0.0008873737613388586,0.5235348846435023,0.008888499403719746,-0.009516162098126146,-0.3329629320944244,0.0,False,False,0.5235987755982988
3.426,0.5231901447833734,-0.017265933291835255,0.5235224810008698,0.00675928520010363,-0.006737839486402861,-0.009516162098126146,0.0,False,False,0.5235987755982988
3.427,0.5231766598195199,-0.01348496385357028,0.5236348925012593,0.01732450671903637,-0.021439512316131906,-0.006737839486402861,0.0,False,False,0.5235987755982988
3.428,0.52316641850791,-0.010241311609822789,0.5248045291081009,0.1325557167312989,-0.18077042325399686,-0.021439512316131906,0.0,False,False,0.5235987755982988
3.4290000000000003,0.5231579755041472,-0.008443003762817702,0.5238495686881545,0.023804103063521917,-0.033079199293628,-0.18077042325399686,0.0,False,False,0.5235987755982988
3.43,0.5231429201930513,-0.01505531109586095,0.5217422446174294,-0.1893087143153416,0.26058801483406024,-0.033079199293628,0.0,False,False,0.5235987755982988
3.431,0.5231300919189107,-0.012828274140631729,0.5243548508773319,0.09088278310644862,-0.1226686947503341,0.26058801483406024,0.0,False,False,0.5235987755982988
3.432,0.5231337395267741,0.0036476078633729814,0.522836251140769,-0.07006546886048377,0.09780400286811654,-0.1226686947503341,0.0,False,False,0.5235987755982988
3.4330000000000003,0.5231301568007203,-0.0035827260538391923,0.5232236672422833,-0.02431731182300833,0.03593272459588913,0.09780400286811654,0.0,False,False,0.5235987755982988
3.434,0.5231325420723097,0.002385271589520078,0.5220161823831261,-0.1426340665564301,0.19964755774082532,0.03593272459588913,0.0,False,False,0.5235987755982988
3.435,0.5231360022311361,0.003460158826337373,0.5235952001184812,0.02953111363471994,-0.035372977724945985,0.19964755774082532,0.0,False,False,0.5235987755982988
3.436,0.5231484031139111,0.012400882775002056,0.5225799718126851,-0.07494482830835546,0.1082722621110731,-0.035372977724945985,0.0,False,False,0.5235987755982988
3.4370000000000003,0.5231556787917103,0.007275677799191695,0.5232430932913862,-0.0011381976074131689,0.007768118653323147,0.1082722621110731,0.0,False,False,0.5235987755982988
3.438,0.5231662477241614,0.010568932451118068,0.5229183245719021,-0.033501249795077716,0.052449618229233656,0.007768118653323147,0.0,False,False,0.5235987755982988
3.439,0.5231742576301005,0.008009905939107297,0.5248541482067671,0.1634312386709297,-0.2187141933575452,0.052449618229233656,0.0,False,False,0.5235987755982988
3.44,0.5231825757412607,0.008318111160203206,0.5249124241847163,0.152915712598753,-0.20714452967401806,-0.2187141933575452,0.0,False,False,0.5235987755982988
3.4410000000000003,0.5231775640173739,-0.005011723886804846,0.5232181544156633,-0.03180283556641811,0.04501458396714051,-0.20714452967401806,0.0,False,False,0.5235987755982988
3.442,0.5231636879315867,-0.013876085787211273,0.5232195190171506,-0.028486091861051038,0.04100992869392948,0.04501458396714051,0.0,False,False,0.5235987755982988
3.443,0.5231557206016441,-0.007967329942730556,0.5228298301350834,-0.06460637088165999,0.09136866339586876,0.04100992869392948,0.0,False,False,0.5235987755982988
3.444,0.5231521069398983,-0.003613661745771622,0.5241172795066231,0.07059920336047437,-0.09405211438240679,0.09136866339586876,0.0,False,False,0.5235987755982988
3.4450000000000003,0.5231541486192428,0.002041679344483522,0.5228671118836153,-0.06147747927635111,0.08694292199592384,-0.09405211438240679,0.0,False,False,0.5235987755982988
3.446,0.5231508691411775,-0.0032794780652824944,0.5227831830059801,-0.06372261911223576,0.09114780959641897,0.08694292199592384,0.0,False,False,0.5235987755982988
3.447,0.5231529250466795,0.002055905502032521,0.5240069084220532,0.06502218440629516,-0.08537301211513346,0.09114780959641897,0.0,False,False,0.5235987755982988
3.448,0.5231589155106938,0.005990464014277382,0.5226891609320047,-0.07325478303918809,0.10427880364032012,-0.08537301211513346,0.0,False,False,0.5235987755982988
3.4490000000000003,0.5231588681049549,-4.7405738856410445e-05,0.5231259206219384,-0.022253335741896287,0.03521539246476281,0.10427880364032012,0.0,False,False,0.5235987755982988
3.45,0.5231640490507161,0.005180945761138226,0.5217840950689835,-0.1542105574631989,0.21771691848351454,0.03521539246476281,0.0,False,False,0.5235987755982988
3.451,0.5231694496170377,0.005400566321586948,0.5237839716211954,0.06119815350431082,-0.07677131261731128,0.21771691848351454,0.0,False,False,0.5235987755982988
3.452,0.5231841325199176,0.014682902879821613,0.524877858441509,0.1644670201852436,-0.2203839154000761,-0.07677131261731128,0.0,False,False,0.5235987755982988
3.4530000000000003,0.5231911645570055,0.007032037087916689,0.5238205524272196,0.0422897167377754,-0.05473964300590438,-0.2203839154000761,0.0,False,False,0.5235987755982988
3.454,0.5231851224978649,-0.006042059140676105,0.5244607829216955,0.10208379451159025,-0.13801668523504884,-0.05473964300590438,0.0,False,False,0.5235987755982988
3.455,0.5231781270403609,-0.006995457503980397,0.5224397636361383,-0.11022651349528889,0.15313403151323576,-0.13801668523504884,0.0,False,False,0.5235987755982988
3.456,0.523166275775043,-0.01185126531783124,0.5233725076162332,-0.005929464136269241,0.011188180640703848,0.15313403151323576,0.0,False,False,0.5235987755982988
3.457,0.5231653190361483,-0.0009567388948004997,0.522342256733493,-0.10836160599666475,0.15265126676250249,0.011188180640703848,0.0,False,False,0.5235987755982988
3.458,0.5231652123361722,-0.00010669997609952762,0.5229664494015224,-0.03510617859406055,0.05350928585484867,0.15265126676250249,0.0,False,False,0.5235987755982988
3.459,0.5231727706360233,0.0075582998510715736,0.5238466522760978,0.05642472672289191,-0.07217145226785264,0.05350928585484867,0.0,False,False,0.5235987755982988
3.46,0.5231808087946331,0.008038158609863915,0.5232696640418857,-0.006916569370612288,0.0142238912601711,-0.07217145226785264,0.0,False,False,0.5235987755982988
3.461,0.5231829167463329,0.0021079516997895417,0.5219501548966763,-0.13817582695449068,0.1954861649745943,0.0142238912601711,0.0,False,False,0.5235987755982988
3.462,0.5231850974065705,0.0021806602375676254,0.522037518024011,-0.11562193152557108,0.1668489541678661,0.1954861649745943,0.0,False,False,0.5235987755982988
3.463,0.523196392034488,0.011294627917466674,0.5219910991287728,-0.10870162789682937,0.15938012992766282,0.1668489541678661,0.0,False,False,0.5235987755982988
3.464,0.5232129150546551,0.01652302016711682,0.52364178834525,0.06723745654056879,-0.08145917729380371,0.15938012992766282,0.0,False,False,0.5235987755982988
3.465,0.5232332705660552,0.020355511400147998,0.5250343583191116,0.19977070827267315,-0.265565338901838,-0.08145917729380371,0.0,False,False,0.5235987755982988
3.466,0.5232448579427816,0.011587376726483876,0.5244338270567188,0.1197405112061269,-0.15871953969891228,-0.265565338901838,0.0,False,False,0.5235987755982988
3.467,0.5232399874638435,-0.004870478938183067,0.5215854282491346,-0.17707342067291088,0.2487283570924496,-0.15871953969891228,0.0,False,False,0.5235987755982988
3.468,0.523228633418781,-0.011354045062507884,0.5244687561207902,0.12896670855994846,-0.17041969967678391,0.2487283570924496,0.0,False,False,0.5235987755982988
3.469,0.5232328432265774,0.004209807796346769,0.524050006746275,0.07419510025242881,-0.09715628096648588,-0.17041969967678391,0.0,False,False,0.5235987755982988
3.47,0.523227270595143,-0.005572631434447839,0.5218787419961247,-0.15035088478784214,0.21138166658454433,-0.09715628096648588,0.0,False,False,0.5235987755982988
3.471,0.5232184922687655,-0.00877832637741538,0.5229538989433171,-0.0278001015898178,0.04496790169745189,0.21138166658454433,0.0,False,False,0.5235987755982988
3.472,0.5232227946136925,0.0043023449270367525,0.524178818269192,0.0974718411566513,-0.12740697746405877,0.04496790169745189,0.0,False,False,0.5235987755982988
3.473,0.5232280569883839,0.0052623746913957135,0.5237084008423402,0.04068291435580296,-0.050792751619707754,-0.12740697746405877,0.0,False,False,0.5235987755982988
3.474,0.5232253847030872,-0.002672285296712538,0.5220829837588004,-0.12592708543375772,0.17839675563148152,-0.050792751619707754,0.0,False,False,0.5235987755982988
3.475,0.5232209804179939,-0.004404285093276037,0.5237539534929625,0.053762596525832235,-0.06730831793494498,0.17839675563148152,0.0,False,False,0.5235987755982988
3.476,0.523226813921397,0.005833503403113047,0.5213614927631497,-0.19085973610803159,0.2693027743623221,-0.06730831793494498,0.0,False,False,0.5235987755982988
3.477,0.5232275566194334,0.0007426980363991849,0.5230331075887624,-0.004612279935955171,0.01571676009480124,0.2693027743623221,0.0,False,False,0.5235987755982988
3.478,0.5232415387783466,0.013982158913116102,0.524234593396916,0.1159975288730005,-0.15064175502271038,0.01571676009480124,0.0,False,False,0.5235987755982988
3.479,0.523252628039131,0.011089260784439194,0.5232686800203831,0.007806438332404839,-0.003426005596402387,-0.15064175502271038,0.0,False,False,0.5235987755982988
3.48,0.5232531177089804,0.0004896698494567982,0.5228177125585469,-0.03807095168445056,0.059744276736874775,-0.003426005596402387,0.0,False,False,0.5235987755982988
3.481,0.5232532872482616,0.0001695392812035861,0.5240293882641918,0.08690371404847883,-0.11203548484424766,0.059744276736874775,0.0,False,False,0.5235987755982988
3.482,0.5232563924626564,0.003105214394817377,0.524107023890809,0.08597690530535324,-0.11232075563160697,-0.11203548484424766,0.0,False,False,0.5235987755982988
3.483,0.5232529593315496,-0.0034331311068457725,0.5243961846301668,0.10629528871059868,-0.14190770902634203,-0.11232075563160697,0.0,False,False,0.5235987755982988
3.484,0.5232449438362893,-0.008015495260295038,0.5240079515446029,0.05684245128314833,-0.07557610857325134,-0.14190770902634203,0.0,False,False,0.5235987755982988
3.485,0.5232321486876647,-0.012795148624637135,0.5241758262177786,0.0679456734724029,-0.09192171931751932,-0.07557610857325134,0.0,False,False,0.5235987755982988
3.486,0.5232190143204134,-0.013134367251214247,0.5238585976925797,0.029428253605273916,-0.03999070202338457,-0.09192171931751932,0.0,False,False,0.5235987755982988
3.487,0.5232047934567785,-0.0142208636349114,0.5234365109160513,-0.015723249408097554,0.02178866357017313,-0.03999070202338457,0.0,False,False,0.5235987755982988
3.488,0.5231922979249054,-0.012495531873138533,0.5232704092627076,-0.030761089801650897,0.0428239018026225,0.02178866357017313,0.0,False,False,0.5235987755982988
3.489,0.5231842684784124,-0.008029446493016346,0.5229772203143821,-0.0570038756540387,0.07959264589534738,0.0428239018026225,0.0,False,False,0.5235987755982988
3.49,0.523180699593006,-0.003568885406393007,0.5221227086699721,-0.13675465252963204,0.1906747877454389,0.07959264589534738,0.0,False,False,0.5235987755982988
3.491,0.5231821840597883,0.0014844667824094456,0.5223485174992333,-0.10049830435055346,0.1431026110038438,0.1906747877454389,0.0,False,False,0.5235987755982988
3.492,0.5231927518040662,0.010567744277881666,0.5229466477416624,-0.030635449672581888,0.04850084102655302,0.1431026110038438,0.0,False,False,0.5235987755982988
3.493,0.5232075275240946,0.01477572002836426,0.5234182342826502,0.019586749393454127,-0.02025435559047021,0.04850084102655302,0.0,False,False,0.5235987755982988
3.494,0.5232208987165029,0.013371192408266829,0.5244782449034723,0.12362913653631474,-0.16418541133670003,-0.02025435559047021,0.0,False,False,0.5235987755982988
3.495,0.5232296995167324,0.008800800229471432,0.5231932245545007,-0.017235812014476645,0.027982893205738418,-0.16418541133670003,0.0,False,False,0.5235987755982988
3.496,0.5232277737775516,-0.001925739180759431,0.5241034720396274,0.07551251769964018,-0.09969955718348222,0.027982893205738418,0.0,False,False,0.5235987755982988
3.497,0.5232278308289512,5.705139961704412e-05,0.5241697114226044,0.07458520422737686,-0.09977908991035235,-0.09969955718348222,0.0,False,False,0.5235987755982988
3.498,0.5232228855589126,-0.004945270038617188,0.5230209101257692,-0.04775344587887527,0.06770571356018279,-0.09977908991035235,0.0,False,False,0.5235987755982988
3.499,0.5232144251830275,-0.00846037588505994,0.5237333902939171,0.028269915523796672,-0.03634696314968473,0.06770571356018279,0.0,False,False,0.5235987755982988
3.5,0.5232117807576386,-0.002644425388928213,0.522999262450187,-0.04796986040158889,0.068355069147919,-0.03634696314968473,0.0,False,False,0.5235987755982988
3.501,0.5232081182984054,-0.0036624592332078114,0.5243618995239289,0.09309083301275456,-0.12544523027664634,0.068355069147919,0.0,False,False,0.5235987755982988
3.5020000000000002,0.5232089748610744,0.0008565626690640619,0.523763852850055,0.02397708232409268,-0.03174388932052254,-0.12544523027664634,0.0,False,False,0.5235987755982988
3.503,0.523203298924178,-0.005675936896430156,0.5221644058636372,-0.13836532455009506,0.19185704468402287,-0.03174388932052254,0.0,False,False,0.5235987755982988
3.504,0.52319771698952,-0.005581934658091201,0.5233386738396811,-0.007101994490693694,0.013204225043950696,0.19185704468402287,0.0,False,False,0.5235987755982988
3.505,0.5232033826481168,0.0056656585968744245,0.5246416318314162,0.1239040041318833,-0.16745621715437306,0.013204225043950696,0.0,False,False,0.5235987755982988
3.5060000000000002,0.5232080302106733,0.004647562556472403,0.5230498762976915,-0.04766194965377536,0.06707452699546199,-0.16745621715437306,0.0,False,False,0.5235987755982988
3.507,0.5232029166695151,-0.005113541158121615,0.5235936217388063,0.011478789423081733,-0.01368177783683285,0.06707452699546199,0.0,False,False,0.5235987755982988
3.508,0.523202678795157,-0.00023787435805703704,0.5236790479469324,0.01887353129338626,-0.02409313982746857,-0.01368177783683285,0.0,False,False,0.5235987755982988
3.509,0.5232018291423471,-0.0008496528098421169,0.5222972050077476,-0.12119811575443865,0.16886600953524886,-0.02409313982746857,0.0,False,False,0.5235987755982988
3.5100000000000002,0.5232000329737675,-0.0017961685795975482,0.5236457097352617,0.025772168572418458,-0.031771416752234063,0.16886600953524886,0.0,False,False,0.5235987755982988
3.511,0.5232072246968621,0.007191723094559456,0.52199087406521,-0.142288615289988,0.19968856594358333,-0.031771416752234063,0.0,False,False,0.5235987755982988
3.512,0.5232107299854915,0.003505288629353333,0.5226647699586638,-0.06067016441561014,0.08961629881216165,0.19968856594358333,0.0,False,False,0.5235987755982988
3.513,0.5232231647314124,0.012434745920928678,0.5241619101125172,0.09511086741128907,-0.12426946214947827,0.08961629881216165,0.0,False,False,0.5235987755982988
3.5140000000000002,0.5232367165344322,0.013551803019710705,0.5235480451290863,0.02421328232706345,-0.02814279034665012,-0.12426946214947827,0.0,False,False,0.5235987755982988
3.515,0.5232404609540865,0.0037444196543218906,0.522974753941865,-0.03553716462776986,0.053876987369132705,-0.02814279034665012,0.0,False,False,0.5235987755982988
3.516,0.5232416728740299,0.0012119199434101227,0.5236312836141571,0.033669519064219874,-0.04098856716251327,0.053876987369132705,0.0,False,False,0.5235987755982988
3.517,0.5232452106640282,0.003537789998282447,0.5231927702851156,-0.013548765746356654,0.02356661453292638,-0.04098856716251327,0.0,False,False,0.5235987755982988
3.5180000000000002,0.5232456344704014,0.00042380637323566773,0.5232566112844519,-0.005809789238089232,0.013130704734951756,0.02356661453292638,0.0,False,False,0.5235987755982988
3.519,0.5232471077893905,0.0014733189891617592,0.5238202900833587,0.05113906957640382,-0.06535414422276306,0.013130704734951756,0.0,False,False,0.5235987755982988
3.52,0.523248790552434,0.0016827630434172495,0.5226140424550693,-0.0745996002101835,0.10724471683035218,-0.06535414422276306,0.0,False,False,0.5235987755982988
3.521,0.5232466952362038,-0.0020953162301455943,0.5232818953904713,-0.00035434664895937773,0.006129059719646196,0.10724471683035218,0.0,False,False,0.5235987755982988
3.5220000000000002,0.5232505968422084,0.003901606004617121,0.5229780914349512,-0.03069930753607332,0.048011483983544705,0.006129059719646196,0.0,False,False,0.5235987755982988
3.523,0.5232536334384551,0.003036596246694769,0.5218699334625797,-0.13844517401961748,0.19725336726648496,0.048011483983544705,0.0,False,False,0.5235987755982988
3.524,0.5232581544197421,0.004520981286998726,0.5224549052414679,-0.06610347872883916,0.099913840897564,0.19725336726648496,0.0,False,False,0.5235987755982988
3.525,0.5232711863298646,0.013031910122493075,0.5246397046224779,0.15898680724504632,-0.20952089112927888,0.099913840897564,0.0,False,False,0.5235987755982988
3.5260000000000002,0.5232857253459675,0.014539016102890951,0.5236214597734025,0.041263641612999474,-0.049924685087465046,-0.20952089112927888,0.0,False,False,0.5235987755982988
3.527,0.523286002983416,0.00027763744849953857,0.5221309542933993,-0.11191327054861835,0.16071670814653358,-0.049924685087465046,0.0,False,False,0.5235987755982988
3.528,0.5232836999901757,-0.002302993240379131,0.5219394872148728,-0.1198686513464029,0.17370957251735136,0.16071670814653358,0.0,False,False,0.5235987755982988
3.529,0.5232901299047559,0.006429914580256907,0.5231922484368154,0.017394335982499565,-0.01355571427229878,0.17370957251735136,0.0,False,False,0.5235987755982988
3.5300000000000002,0.5233033544258592,0.013224521103339982,0.5246657466879454,0.16300472749724634,-0.21481115261033432,-0.01355571427229878,0.0,False,False,0.5235987755982988
3.531,0.5233123731905506,0.00901876469142697,0.5231493959726896,-0.0049308167780581225,0.014005813394635403,-0.21481115261033432,0.0,False,False,0.5235987755982988
3.532,0.5233080793029737,-0.004293887576846952,0.5244486515794236,0.12548782557314167,-0.16588315834801526,0.014005813394635403,0.0,False,False,0.5235987755982988
3.533,0.5233057716140166,-0.0023076889571780244,0.5236128891485099,0.029362799924461946,-0.0354894038131538,-0.16588315834801526,0.0,False,False,0.5235987755982988
3.5340000000000003,0.5232958682485009,-0.009903365515704346,0.523707111853048,0.03584879038582292,-0.04496860104847226,-0.0354894038131538,0.0,False,False,0.5235987755982988
3.535,0.5232869798789662,-0.00888836953477278,0.5221213438402772,-0.12631288992983652,0.17816923956019295,-0.04496860104847226,0.0,False,False,0.5235987755982988
3.536,0.5232783824340846,-0.008597444881530823,0.5240965255239571,0.08383656743114092,-0.10956337957921884,0.17816923956019295,0.0,False,False,0.5235987755982988
3.537,0.5232811591281746,0.002776694090000583,0.5229888757871328,-0.035312062994404356,0.053352672194273094,-0.10956337957921884,0.0,False,False,0.5235987755982988
3.5380000000000003,0.5232776188494357,-0.003540278738985222,0.524030809102667,0.07241247485845098,-0.094671572908768,0.053352672194273094,0.0,False,False,0.5235987755982988
3.539,0.5232778114932518,0.00019264381614459217,0.5225673141504238,-0.08117826785171237,0.1159802274838053,-0.094671572908768,0.0,False,False,0.5235987755982988
3.54,0.5232732119964897,-0.004599496762136108,0.5234277166991175,0.012979813802827242,-0.01249671637812853,0.1159802274838053,0.0,False,False,0.5235987755982988
3.541,0.5232757859359433,0.002573939453548826,0.5235829664620911,0.027206808719909784,-0.03236360601215333,-0.01249671637812853,0.0,False,False,0.5235987755982988
3.5420000000000003,0.5232769567971207,0.0011708611774497875,0.52314253737052,-0.01955678130919714,0.03168042567105585,-0.03236360601215333,0.0,False,False,0.5235987755982988
3.543,0.5232761539369383,-0.0008028601824223817,0.5236291862165617,0.031063781425899623,-0.037823928839812136,0.03168042567105585,0.0,False,False,0.5235987755982988
3.544,0.5232771790382404,0.001025101302125579,0.5230447037342508,-0.030490844947781395,0.046562307490201474,-0.037823928839812136,0.0,False,False,0.5235987755982988
3.545,0.5232760015813245,-0.0011774569159154124,0.5227095900946869,-0.06095312440939878,0.08914908835629354,0.046562307490201474,0.0,False,False,0.5235987755982988
3.5460000000000003,0.5232775097791426,0.0015081978180664242,0.5246785583349332,0.1420390120561693,-0.18988290372682126,0.08914908835629354,0.0,False,False,0.5235987755982988
3.547,0.5232830177949549,0.005508015812345019,0.5241984018557668,0.07981946293391969,-0.10657662815512782,-0.18988290372682126,0.0,False,False,0.5235987755982988
3.548,0.5232773977749899,-0.005620019965007149,0.522613418026818,-0.08666086625435053,0.12172947579187453,-0.10657662815512782,0.0,False,False,0.5235987755982988
3.549,0.5232681143913408,-0.009283383649149112,0.5237641756286827,0.03708098055755164,-0.04747437721597217,0.12172947579187453,0.0,False,False,0.5235987755982988
3.5500000000000003,0.5232675554716661,-0.0005589196746063237,0.5226194459066924,-0.08110008969723467,0.11494804208559702,-0.04747437721597217,0.0,False,False,0.5235987755982988
3.551,0.5232647927010751,-0.002762770591090254,0.5222309603195889,-0.1118386394378583,0.15882704234220785,0.11494804208559702,0.0,False,False,0.5235987755982988
3.552,0.5232686119827913,0.003819281716191725,0.524170780912322,0.09332728377923961,-0.12228883618750583,0.15882704234220785,0.0,False,False,0.5235987755982988
3.553,0.5232792252826556,0.010613299864296082,0.5217921178201781,-0.1538717538130805,0.2171659445818696,-0.12228883618750583,0.0,False,False,0.5235987755982988
3.5540000000000003,0.5232807663520064,0.0015410693507938843,0.5240896007211809,0.09126371166851202,-0.11835130621409261,0.2171659445818696,0.0,False,False,0.5235987755982988
3.555,0.5232926981463053,0.011931794298874825,0.5230721563239226,-0.019607099224176278,0.03300766600778403,-0.11835130621409261,0.0,False,False,0.5235987755982988
3.556,0.5232954569374714,0.0027587911660294975,0.5231108477002131,-0.013777251672705264,0.025315404172789203,0.03300766600778403,0.0,False,False,0.5235987755982988
3.557,0.5232990326490178,0.003575711546397473,0.5236566080438422,0.04217650785747284,-0.05165279344874788,0.025315404172789203,0.0,False,False,0.5235987755982988
3.5580000000000003,0.5233027983997003,0.0037657506825110034,0.5238099900435993,0.053297057047437396,-0.06775832847233348,-0.05165279344874788,0.0,False,False,0.5235987755982988
3.559,0.5233028498862734,5.1486573170408164e-05,0.5225817294269207,-0.07485871032516413,0.10813728347500275,-0.06775832847233348,0.0,False,False,0.5235987755982988
3.56,0.5232994978045389,-0.003352081734569143,0.5239258315544674,0.06703737346201762,-0.08633185536545511,0.10813728347500275,0.0,False,False,0.5235987755982988
3.561,0.5233025623080662,0.003064503527305808,0.523401496766231,0.007900157292183393,-0.005929169773400194,-0.08633185536545511,0.0,False,False,0.5235987755982988
3.5620000000000003,0.5233003857376485,-0.002176570417665174,0.5222042711515984,-0.11261241990029958,0.160235983920967,-0.005929169773400194,0.0,False,False,0.5235987755982988
3.563,0.5232985718204501,-0.0018139171983176145,0.5231503283677705,-0.006745456293056062,0.016166597701176344,0.160235983920967,0.0,False,False,0.5235987755982988
3.564,0.5233053196460883,0.006747825638170165,0.5245107129815988,0.12996755071907534,-0.17237593376229,0.016166597701176344,0.0,False,False,0.5235987755982988
3.565,0.5233108979315887,0.005578285500361015,0.5247740029041486,0.14329978790214368,-0.19311383698786763,-0.17237593376229,0.0,False,False,0.5235987755982988
3.5660000000000003,0.5233062037077396,-0.004694223849066953,0.5239322083312083,0.04479035181790912,-0.05975021137386254,-0.19311383698786763,0.0,False,False,0.5235987755982988
3.567,0.5232932555333389,-0.01294817440062355,0.5222544848784283,-0.1274610286418873,0.17715046732793416,-0.05975021137386254,0.0,False,False,0.5235987755982988
3.568,0.5232807911787632,-0.012464354575685042,0.5237089264678065,0.030729233160125546,-0.0388577954432896,0.17715046732793416,0.0,False,False,0.5235987755982988
3.569,0.5232805543915158,-0.00023678724750452948,0.5240230706039577,0.059070723459229195,-0.0785221782529349,-0.0388577954432896,0.0,False,False,0.5235987755982988
3.5700000000000003,0.5232784466945005,-0.002107697015300272,0.5239117463803465,0.04203122875219094,-0.056070948579488224,-0.0785221782529349,0.0,False,False,0.5235987755982988
3.571,0.5232730512980162,-0.005395396484388379,0.5239580531387789,0.042458781720203134,-0.057417533792884494,-0.056070948579488224,0.0,False,False,0.5235987755982988
3.572,0.5232664543995496,-0.006596898466623098,0.5235834612387397,0.0007537135442638801,-0.000628797781051979,-0.057417533792884494,0.0,False,False,0.5235987755982988
3.573,0.5232589233005476,-0.007531099002017707,0.5231957316139645,-0.03809462028768044,0.05296833606323443,-0.000628797781051979,0.0,False,False,0.5235987755982988
3.5740000000000003,0.5232535491574877,-0.005374143059902815,0.5227226483642058,-0.08159348323478227,0.11368247009541321,0.05296833606323443,0.0,False,False,0.5235987755982988
3.575,0.5232524194563792,-0.0011297011084865274,0.5215961582669594,-0.18608314463594533,0.2593468855272443,0.11368247009541321,0.0,False,False,0.5235987755982988
3.576,0.5232573169479339,0.004897491554585926,0.5235537103032558,0.02828037345729309,-0.03312527283797769,0.2593468855272443,0.0,False,False,0.5235987755982988
3.577,0.5232737216257426,0.016404677808736966,0.523436083360964,0.01368964188238559,-0.013499109986836618,-0.03312527283797769,0.0,False,False,0.5235987755982988
3.5780000000000003,0.5232843532382575,0.010631612514912767,0.5237709299526013,0.04580533685787647,-0.05806518260689698,-0.013499109986836618,0.0,False,False,0.5235987755982988
3.579,0.5232913478384118,0.006994600154243553,0.5221241207715495,-0.12345611493309785,0.17469112480120583,-0.05806518260689698,0.0,False,False,0.5235987755982988
3.58,0.5232933943845579,0.002046546146097869,0.523856277632501,0.062105182655363605,-0.07916125580207524,0.17469112480120583,0.0,False,False,0.5235987755982988
3.581,0.5233035554708917,0.010161086333813709,0.5250964842974832,0.17991533088805295,-0.24285715365098307,-0.07916125580207524,0.0,False,False,0.5235987755982988
3.5820000000000003,0.523306907283102,0.003351812210381204,0.5233753679371368,-0.010187838235396512,0.016246743783392227,-0.24285715365098307,0.0,False,False,0.5235987755982988
3.583,0.5232971065962477,-0.009800686854265786,0.5232432934535254,-0.02237650277299793,0.033250481933519316,0.016246743783392227,0.0,False,False,0.5235987755982988
3.584,0.5232908829114679,-0.006223684779857144,0.5235605383369736,0.011585635849121634,-0.013214492315091718,0.033250481933519316,0.0,False,False,0.5235987755982988
3.585,0.5232881557298847,-0.002727181583143655,0.5250617043594538,0.1605436745122277,-0.21898512711546228,-0.013214492315091718,0.0,False,False,0.5235987755982988
3.586,0.5232855918534536,-0.002563876431149492,0.5223922906623369,-0.12245206265067682,0.16865920402812587,-0.21898512711546228,0.0,False,False,0.5235987755982988
3.587,0.523272853953229,-0.012737900224627986,0.5234501854557592,-0.0044173770433871135,0.00797547501777825,0.16865920402812587,0.0,False,False,0.5235987755982988
3.588,0.5232719766549694,-0.0008772982596257431,0.5225741439096142,-0.09157979395354406,0.1283391231405758,0.00797547501777825,0.0,False,False,0.5235987755982988
3.589,0.5232717646604578,-0.00021199451163347405,0.5227944129903229,-0.06039490648731839,0.08695241472834818,0.1283391231405758,0.0,False,False,0.5235987755982988
3.59,0.523278034066053,0.006269405595191928,0.5232347583585721,-0.010320879013664803,0.01893736513147795,0.08695241472834818,0.0,False,False,0.5235987755982988
3.591,0.523286804469721,0.008770403668020845,0.524462565802461,0.11349195327658562,-0.15173856760682167,0.01893736513147795,0.0,False,False,0.5235987755982988
3.592,0.5232940121575848,0.0072076878637484364,0.5248656729465592,0.1424534723587462,-0.1937483190991818,-0.15173856760682167,0.0,False,False,0.5235987755982988
3.593,0.5232915307708775,-0.002481386707232908,0.5236826085679117,0.009901687258125791,-0.013391018162783075,-0.1937483190991818,0.0,False,False,0.5235987755982988
3.594,0.5232801125134992,-0.011418257378356798,0.5229514716203794,-0.06420217622092192,0.0886940830676565,-0.013391018162783075,0.0,False,False,0.5235987755982988
3.595,0.5232711665545096,-0.008945958989597826,0.5254464915852732,0.19172003789055764,-0.2633229332342087,0.0886940830676565,0.0,False,False,0.5235987755982988
3.596,0.5232692091358307,-0.001957418678831484,0.5228960974642879,-0.08249137799703249,0.11163786000863564,-0.2633229332342087,0.0,False,False,0.5235987755982988
3.597,0.5232546787579682,-0.014530377862537067,0.5227562686488699,-0.08822512173912563,0.12103527117667076,0.11163786000863564,0.0,False,False,0.5235987755982988
3.598,0.5232495139807618,-0.005164777206321245,0.5217005839725982,-0.1849710771923837,0.2561327418934711,0.12103527117667076,0.0,False,False,0.5235987755982988
3.599,0.5232519375114801,0.0024235307183577094,0.5244702572386128,0.11049335712831734,-0.14827869807963337,0.2561327418934711,0.0,False,False,0.5235987755982988
3.6,0.5232664344638291,0.014496952349004472,0.5241113881415692,0.06355711171112213,-0.0854955598322137,-0.14827869807963337,0.0,False,False,0.5235987755982988
3.601,0.5232697400751539,0.0033056113247235397,0.5253796734390629,0.18402993028937753,-0.25289207748100634,-0.0854955598322137,0.0,False,False,0.5235987755982988
3.602,0.5232677749352087,-0.0019651399451754295,0.522055187058731,-0.1668217007727494,0.22797063463952003,-0.25289207748100634,0.0,False,False,0.5235987755982988
3.603,0.5232537607039989,-0.014014231209808225,0.5245262547863476,0.09696724206618818,-0.13305531586430436,0.22797063463952003,0.0,False,False,0.5235987755982988
3.604,0.5232548299768769,0.0010692728780462134,0.523316034762781,-0.03375148449709388,0.0455911164358335,-0.13305531586430436,0.0,False,False,0.5235987755982988
3.605,0.5232489217302946,-0.005908246582326643,0.5239523768745047,0.03325787512498528,-0.04627427312168804,0.0455911164358335,0.0,False,False,0.5235987755982988
3.606,0.5232470393245788,-0.0018824057157150863,0.5218090825020102,-0.18439734963696294,0.25349129529755077,-0.04627427312168804,0.0,False,False,0.5235987755982988
3.607,0.5232434137948792,-0.0036255296996748395,0.5245245568695887,0.10558982208457962,-0.14337184938471262,0.25349129529755077,0.0,False,False,0.5235987755982988
3.608,0.5232535532316068,0.010139436727728147,0.5239399185782483,0.03656701074208499,-0.05002098652959247,-0.14337184938471262,0.0,False,False,0.5235987755982988
3.609,0.5232536780234451,0.0001247918383582569,0.5232197226124908,-0.0391092869078688,0.05375409803398623,-0.05002098652959247,0.0,False,False,0.5235987755982988
3.61,0.523251263829724,-0.002414193721143927,0.5238142308520278,0.02425246573661756,-0.03298115345106331,0.05375409803398623,0.0,False,False,0.5235987755982988
3.611,0.5232522677584975,0.0010039287735612158,0.522584247087911,-0.10117115724873127,0.13966690188545894,-0.03298115345106331,0.0,False,False,0.5235987755982988
3.612,0.5232513176879549,-0.0009500705426727383,0.5227456608223829,-0.0749126680766599,0.10525126765847763,0.13966690188545894,0.0,False,False,0.5235987755982988
3.613,0.5232576395697532,0.006321881798411077,0.5228532078493334,-0.056666698573945615,0.08142025777011179,0.10525126765847763,0.0,False,False,0.5235987755982988
3.614,0.5232673629018918,0.009723332138597059,0.5216505528353953,-0.17126553011036355,0.24058664586469958,0.08142025777011179,0.0,False,False,0.5235987755982988
3.615,0.5232784113418409,0.011048439949173872,0.5240304374958848,0.08384948894962782,-0.10838930089610198,0.24058664586469958,0.0,False,False,0.5235987755982988
3.616,0.5232984309208399,0.020019578999023444,0.5243382925165012,0.1062500421163016,-0.14081135506720507,-0.10838930089610198,0.0,False,False,0.5235987755982988
3.617,0.5233083789265779,0.009948005737893105,0.5226963406964289,-0.06857014410256035,0.09852800115673097,-0.14081135506720507,0.0,False,False,0.5235987755982988
3.618,0.5233084861515543,0.00010722497642165138,0.5236123506062349,0.02988786128829604,-0.03610978368880476,0.09852800115673097,0.0,False,False,0.5235987755982988
3.619,0.523313487180504,0.005001028949619105,0.5230817594015246,-0.026160045311566443,0.040698345915816135,-0.03610978368880476,0.0,False,False,0.5235987755982988
3.62,0.5233151929140142,0.0017057335102384072,0.5236016659883582,0.028446617902955353,-0.034187968504615744,0.040698345915816135,0.0,False,False,0.5235987755982988
3.621,0.5233184162589531,0.0032233449389512817,0.5227707518004674,-0.05748946267642316,0.0838917835726734,-0.034187968504615744,0.0,False,False,0.5235987755982988
3.622,0.5233189585951199,0.0005423361667028837,0.5225480247116862,-0.07401322528690467,0.10772938630331351,0.0838917835726734,0.0,False,False,0.5235987755982988
3.623,0.5233235306901379,0.004572095018065981,0.5242416392270709,0.10274954878026026,-0.1348710038542098,0.10772938630331351,0.0,False,False,0.5235987755982988
3.624,0.5233321227422831,0.008592052145158104,0.5232763851420033,-0.004050814604530356,0.010664005738756553,-0.1348710038542098,0.0,False,False,0.5235987755982988
3.625,0.5233315069411374,-0.0006158011457781821,0.5250961298924595,0.17832874190154357,-0.2409468675767439,0.010664005738756553,0.0,False,False,0.5235987755982988
3.626,0.5233316114854694,0.00010454433195598335,0.5233720245535763,-0.011914666176922717,0.018379118217311773,-0.2409468675767439,0.0,False,False,0.5235987755982988
3.6270000000000002,0.5233196369052312,-0.01197458023814418,0.5225114813585046,-0.09677751906640877,0.13570431919598713,0.018379118217311773,0.0,False,False,0.5235987755982988
3.628,0.5233118460464821,-0.007790858749121694,0.5243825539475376,0.10000749174353944,-0.13411700037854604,0.13570431919598713,0.0,False,False,0.5235987755982988
3.629,0.5233130973639152,0.0012513174331192393,0.5238635743532386,0.03810878313928258,-0.05049691735605528,-0.13411700037854604,0.0,False,False,0.5235987755982988
3.63,0.5233072629198907,-0.005834444024486788,0.5239415791556359,0.04209838506508234,-0.056688526110166025,-0.05049691735605528,0.0,False,False,0.5235987755982988
3.6310000000000002,0.5233006292827057,-0.00663363718499836,0.524339624378842,0.07769306887918193,-0.10656696070479495,-0.056688526110166025,0.0,False,False,0.5235987755982988
3.632,0.5232931079409144,-0.00752134179131389,0.5227234357072932,-0.09169510516361418,0.1257902442344384,-0.10656696070479495,0.0,False,False,0.5235987755982988
3.633,0.5232824440590333,-0.010663881881114712,0.5231713945977408,-0.03772970560249526,0.05296850473303935,0.1257902442344384,0.0,False,False,0.5235987755982988
3.634,0.5232810392582012,-0.0014048008320534915,0.5231314210551287,-0.037954089303455014,0.053957288941208735,0.05296850473303935,0.0,False,False,0.5235987755982988
3.6350000000000002,0.5232827092503424,0.0016699921411378812,0.5221563204064478,-0.13166874524119881,0.18396668774275737,0.053957288941208735,0.0,False,False,0.5235987755982988
3.636,0.5232865705904309,0.003861340088519149,0.5230565447906266,-0.028479432299198457,0.043935473297138455,0.18396668774275737,0.0,False,False,0.5235987755982988
3.637,0.5232984705992033,0.011900008772348938,0.5244646816790017,0.1151821997682369,-0.15380494917453677,0.043935473297138455,0.0,False,False,0.5235987755982988
3.638,0.523309318886952,0.010848287748661235,0.5235164354545341,0.008839357344647983,-0.009125106225812323,-0.15380494917453677,0.0,False,False,0.5235987755982988
3.6390000000000002,0.5233094646537388,0.00014576678683031995,0.5221348045485058,-0.1302076689926443,0.18260068168744736,-0.009125106225812323,0.0,False,False,0.5235987755982988
3.64,0.5233091098528855,-0.00035480085336159217,0.5219513838345933,-0.13552897348463286,0.19228781992825916,0.18260068168744736,0.0,False,False,0.5235987755982988
3.641,0.5233179929344114,0.00888308152593191,0.524770784111088,0.15996395151330473,-0.2130528950461713,0.19228781992825916,0.0,False,False,0.5235987755982988
3.642,0.523333952383672,0.01595944926060421,0.5232551341783672,-0.007597436910105448,0.015302469850895251,-0.2130528950461713,0.0,False,False,0.5235987755982988
3.6430000000000002,0.5233352179399514,0.0012655562793994473,0.522770245954926,-0.055326515563212,0.08130535225656418,0.015302469850895251,0.0,False,False,0.5235987755982988
3.644,0.5233368643965433,0.0016464565917891777,0.5230977614755031,-0.01704231194918262,0.02946902854934146,0.08130535225656418,0.0,False,False,0.5235987755982988
3.645,0.5233420767107391,0.005212314195804346,0.522052882491835,-0.11982597912107616,0.17161725086163984,0.02946902854934146,0.0,False,False,0.5235987755982988
3.646,0.5233472123990862,0.0051356883470954256,0.5245890971954932,0.14577808915684823,-0.19275949573771645,0.17161725086163984,0.0,False,False,0.5235987755982988
3.6470000000000002,0.5233594006945917,0.012188295505518705,0.5230163972998162,-0.02606970932653535,0.041766460564529616,-0.19275949573771645,0.0,False,False,0.5235987755982988
3.648,0.5233586399720507,-0.000760722541111097,0.5245519229148424,0.13008982310874156,-0.17326443942827488,0.041766460564529616,0.0,False,False,0.5235987755982988
3.649,0.5233601987221966,0.001558750145963429,0.523405273346267,0.002415883940321037,0.0005839798081880899,-0.17326443942827488,0.0,False,False,0.5235987755982988
3.65,0.5233526213348565,-0.007577387340089013,0.5246001233207942,0.12165929299901236,-0.1640154106037317,0.0005839798081880899,0.0,False,False,0.5235987755982988
3.6510000000000002,0.5233472738071033,-0.00534752775315591,0.5235712820161063,0.006609233230316744,-0.007436195396913986,-0.1640154106037317,0.0,False,False,0.5235987755982988
3.652,0.5233353139901811,-0.01195981692223935,0.5240798999528122,0.05681010357788301,-0.07683236267470114,-0.007436195396913986,0.0,False,False,0.5235987755982988
3.653,0.5233262439128891,-0.009070077292017835,0.5239537709770109,0.038516195639961545,-0.052609351584771404,-0.07683236267470114,0.0,False,False,0.5235987755982988
3.654,0.523315917147311,-0.01032676557806251,0.5238598412125292,0.02527159962779056,-0.03502510060949476,-0.052609351584771404,0.0,False,False,0.5235987755982988
3.6550000000000002,0.5233058504348949,-0.010066712416070584,0.523609480545297,-0.002291627058204831,0.002557263423878654,-0.03502510060949476,0.0,False,False,0.5235987755982988
3.656,0.5232968611527072,-0.008989282187659344,0.523093660569615,-0.053644461920579596,0.07346542482100352,0.002557263423878654,0.0,False,False,0.5235987755982988
3.657,0.5232905644412371,-0.006296711470136928,0.5249620965399805,0.13856358130802396,-0.19081607451989896,0.07346542482100352,0.0,False,False,0.5235987755982988
3.658,0.5232897951665584,-0.0007692746787531513,0.5224983433416567,-0.12166809665515986,0.16580949660575028,-0.19081607451989896,0.0,False,False,0.5235987755982988
3.6590000000000003,0.5232797188339122,-0.010076332646117458,0.5232834779610065,-0.030987825054662452,0.04286074753685674,0.16580949660575028,0.0,False,False,0.5235987755982988
3.66,0.5232807639620664,0.0010451281541456591,0.523293754338787,-0.026861404771145726,0.03772406839658758,0.04286074753685674,0.0,False,False,0.5235987755982988
3.661,0.5232836346937236,0.0028707316572406027,0.5236348305032261,0.00993235214988131,-0.012567810868549105,0.03772406839658758,0.0,False,False,0.5235987755982988
3.662,0.5232875247925349,0.0038900988112544038,0.5229127392066294,-0.06327001272477956,0.08827267031978503,-0.012567810868549105,0.0,False,False,0.5235987755982988
3.6630000000000003,0.5232896184085,0.0020936159650248383,0.5235642863755513,0.008211705439889042,-0.009233240518411606,0.08827267031978503,0.0,False,False,0.5235987755982988
3.664,0.523295491482915,0.005873074414985086,0.5231481485314464,-0.034223249514587877,0.04917918662084854,-0.009233240518411606,0.0,False,False,0.5235987755982988
3.665,0.5232991664376918,0.0036749547768660847,0.5219186524357166,-0.15375053413611556,0.2147428578898193,0.04917918662084854,0.0,False,False,0.5235987755982988
3.666,0.5233041954080702,0.005028970378333581,0.5233125313503839,0.0010124107442316677,0.003937503569390233,0.2147428578898193,0.0,False,False,0.5235987755982988
3.6670000000000003,0.5233184637266144,0.014268318544213985,0.5223580392918802,-0.09453803618056456,0.13577889693221284,0.003937503569390233,0.0,False,False,0.5235987755982988
3.668,0.5233291949606392,0.010731234024825322,0.521815657857917,-0.13932237595883157,0.19928297047747148,0.13577889693221284,0.0,False,False,0.5235987755982988
3.669,0.5233437299292143,0.014534968575072355,0.5234631744344227,0.03936151928762632,-0.044793002195381425,0.19928297047747148,0.0,False,False,0.5235987755982988
3.67,0.5233644444741936,0.02071454497927232,0.5237902030083874,0.0681282247553353,-0.08519956308799707,-0.044793002195381425,0.0,False,False,0.5235987755982988
3.6710000000000003,0.5233781793397859,0.013734865592297012,0.5238378100897125,0.06607611041231361,-0.08359395334022318,-0.08519956308799707,0.0,False,False,0.5235987755982988
3.672,0.5233840239732537,0.005844633467776094,0.5238789737861715,0.06358486901698347,-0.08134541020208924,-0.08359395334022318,0.0,False,False,0.5235987755982988
3.673,0.5233839604052274,-6.356802627666917e-05,0.521697458330062,-0.160925163495671,0.22733390702306822,-0.08134541020208924,0.0,False,False,0.5235987755982988
3.674,0.5233798488913067,-0.004111513920610678,0.5221921375629386,-0.09536472385844343,0.13975715326661625,0.22733390702306822,0.0,False,False,0.5235987755982988
3.6750000000000003,0.5233883368859398,0.00848799463308407,0.5251105592324942,0.20601391548295905,-0.2744288039950672,0.13975715326661625,0.0,False,False,0.5235987755982988
3.676,0.523401375003355,0.013038117415315433,0.5224875129624015,-0.07689210307460562,0.11227325113567879,-0.2744288039950672,0.0,False,False,0.5235987755982988
3.677,0.5233972018185736,-0.0041731847814089895,0.5239302611785542,0.07507192884813052,-0.09605305506235418,0.11227325113567879,0.0,False,False,0.5235987755982988
3.678,0.5233998930859783,0.0026912674046656654,0.5228004269232839,-0.04541868956371817,0.06887270362673067,-0.09605305506235418,0.0,False,False,0.5235987755982988
3.6790000000000003,0.5233969683934586,-0.002924692519774978,0.5234664959746738,0.025730084531642,-0.028495068212719438,0.06887270362673067,0.0,False,False,0.5235987755982988
3.68,0.5233983702413576,0.0014018478989480943,0.5228457516997694,-0.03891735141195497,0.06025525186787483,-0.028495068212719438,0.0,False,False,0.5235987755982988
3.681,0.5233979218614538,-0.000448379903740567,0.523887958963132,0.06919511006549761,-0.08823943264559454,0.06025525186787483,0.0,False,False,0.5235987755982988
3.682,0.5234006225291027,0.0027006676488374832,0.5235199804630369,0.025477749049441112,-0.029154986424615534,-0.08823943264559454,0.0,False,False,0.5235987755982988
3.6830000000000003,0.5233980951109017,-0.002527418200921409,0.5230068884832462,-0.028379223834579945,0.04470903667244358,-0.029154986424615534,0.0,False,False,0.5235987755982988
3.684,0.5233948742679421,-0.003220842959640273,0.5224784262078882,-0.07838752898691853,0.11423132381169328,0.04470903667244358,0.0,False,False,0.5235987755982988
3.685,0.5233948597457106,-1.452223145463052e-05,0.5236285368156172,0.04446228468466931,-0.05389044353333342,0.11423132381169328,0.0,False,False,0.5235987755982988
3.686,0.5234005612044274,0.005701458716726575,0.5223422644072211,-0.08861118462340478,0.12895062298748478,-0.05389044353333342,0.0,False,False,0.5235987755982988
3.6870000000000003,0.5234018797731294,0.0013185687020568996,0.5237749273568726,0.06351622880408542,-0.0793902062192304,0.12895062298748478,0.0,False,False,0.5235987755982988
3.688,0.5234092456002243,0.007365827094916943,0.5257012860710562,0.2498004773420331,-0.33760576132007175,-0.0793902062192304,0.0,False,False,0.5235987755982988
3.689,0.5234104974760515,0.001251875827187006,0.5245887431188686,0.11356613438907529,-0.15409877663714655,-0.33760576132007175,0.0,False,False,0.5235987755982988
3.69,0.5233944889832766,-0.01600849277496014,0.5240213657733289,0.04547178639619898,-0.06217276682598061,-0.15409877663714655,0.0,False,False,0.5235987755982988
3.6910000000000003,0.5233748252302397,-0.019663753036804225,0.5233001187697738,-0.031200092598934567,0.042815934032172105,-0.06217276682598061,0.0,False,False,0.5235987755982988
3.692,0.5233566581488966,-0.018167081343001847,0.5216647773127516,-0.19161422904125655,0.2647490439893573,0.042815934032172105,0.0,False,False,0.5235987755982988
3.693,0.5233450265805034,-0.011631568393273718,0.5221911140173641,-0.11981913567588691,0.16912087126788977,0.2647490439893573,0.0,False,False,0.5235987755982988
3.694,0.5233498218608515,0.00479528034809305,0.5244692698088542,0.11997835704071724,-0.15964292423885798,0.16912087126788977,0.0,False,False,0.5235987755982988
3.6950000000000003,0.5233616423665912,0.01182050573964938,0.5226724501723001,-0.07170144231876367,0.10271558845049276,-0.15964292423885798,0.0,False,False,0.5235987755982988
3.696,0.5233622496484709,0.0006072818796994672,0.5227520370777489,-0.05657260754201367,0.0831284224203155,0.10271558845049276,0.0,False,False,0.5235987755982988
3.697,0.5233678081520511,0.00555850358022017,0.523223250841642,-0.0037939703984981865,0.01131221009802038,0.0831284224203155,0.0,False,False,0.5235987755982988
3.698,0.5233758749405307,0.008066788479639127,0.5224490647392627,-0.08083318359658208,0.11769461577854912,0.01131221009802038,0.0,False,False,0.5235987755982988
3.6990000000000003,0.5233821782563323,0.006303315801545763,0.5223116205774098,-0.08649428142221452,0.12696192808266038,0.11769461577854912,0.0,False,False,0.5235987755982988
3.7,0.5233925103139413,0.01033205760905826,0.523348463376095,0.02583942658852803,-0.026501691906564494,0.12696192808266038,0.0,False,False,0.5235987755982988
3.701,0.523406298696597,0.013788382655764826,0.5226282924784702,-0.04876160583280198,0.0759826231562774,-0.026501691906564494,0.0,False,False,0.5235987755982988
3.702,0.5234151211888572,0.00882249226020165,0.5227684604870776,-0.02986864438878292,0.05078804526852155,0.0759826231562774,0.0,False,False,0.5235987755982988
3.7030000000000003,0.5234252200651174,0.010098876260162024,0.5227435022904524,-0.029377599612422624,0.05064803907614243,0.05078804526852155,0.0,False,False,0.5235987755982988
3.704,0.5234350219702532,0.009801905135826107,0.5238908672508948,0.08829665639306279,-0.11121363741840383,0.05064803907614243,0.0,False,False,0.5235987755982988
3.705,0.5234445913175211,0.009569347267915373,0.5232420234386406,0.01458260952832914,-0.011077592560146527,-0.11121363741840383,0.0,False,False,0.5235987755982988
3.706,0.5234458916135273,0.0013002960061549145,0.5232900581739516,0.017927822106597113,-0.015956472889666253,-0.011077592560146527,0.0,False,False,0.5235987755982988
3.7070000000000003,0.5234462432886171,0.000351675089847172,0.5239671768568327,0.0838469081840491,-0.10724751247446873,-0.015956472889666253,0.0,False,False,0.5235987755982988
3.708,0.5234456902417072,-0.0005530469099076724,0.5233217373001118,0.010918261693552492,-0.008115224664896309,-0.10724751247446873,0.0,False,False,0.5235987755982988
3.709,0.5234399429031582,-0.005747338548942938,0.5231971206823752,-0.0026352262494577956,0.010392059985973943,-0.008115224664896309,0.0,False,False,0.5235987755982988
3.71,0.5234354910499507,-0.004451853207535826,0.5238460364335445,0.06251987149242008,-0.07947454082532729,0.010392059985973943,0.0,False,False,0.5235987755982988
3.7110000000000003,0.5234328905338703,-0.0026005160803991125,0.5240160031551107,0.07326455649978868,-0.0954275638223595,-0.07947454082532729,0.0,False,False,0.5235987755982988
3.712,0.5234271024805509,-0.005788053319423583,0.5232987566401082,-0.005786550650439162,0.01234420202795871,-0.0954275638223595,0.0,False,False,0.5235987755982988
3.713,0.5234182557108568,-0.008846769694128436,0.5234885992652211,0.0137763669258949,-0.014548466315674389,0.01234420202795871,0.0,False,False,0.5235987755982988
3.714,0.5234125550239314,-0.005700686925378938,0.5227303143454929,-0.06342976173951262,0.09174801663792188,-0.014548466315674389,0.0,False,False,0.5235987755982988
3.715,0.5234078150647432,-0.004739959188152598,0.5226567274187779,-0.06444547823706104,0.09429144111584993,0.09174801663792188,0.0,False,False,0.5235987755982988
3.716,0.5234090774154196,0.0012623506764494544,0.5240802852325601,0.08435485096486783,-0.10989299457454482,0.09429144111584993,0.0,False,False,0.5235987755982988
3.717,0.5234146710856443,0.005593670224683985,0.5238029562842452,0.04818647103689184,-0.06149901759130556,-0.10989299457454482,0.0,False,False,0.5235987755982988
3.718,0.5234131120586332,-0.0015590270111237323,0.523810434900111,0.044115685519783454,-0.05674869005636005,-0.06149901759130556,0.0,False,False,0.5235987755982988
3.719,0.5234089510799216,-0.004160978711619291,0.5236540427351118,0.024064900467886497,-0.02987268902409835,-0.05674869005636005,0.0,False,False,0.5235987755982988
3.72,0.5234031999001663,-0.0057511797553264415,0.5234435198645752,0.000606123367428945,0.0020672551661111136,-0.02987268902409835,0.0,False,False,0.5235987755982988
3.721,0.5233976574100462,-0.005542490120040453,0.524005391432291,0.05673266780226707,-0.07539828637457922,0.0020672551661111136,0.0,False,False,0.5235987755982988
3.722,0.52339386190262,-0.0037955074261577662,0.5242098982398247,0.07151008177541034,-0.09681230567795773,-0.07539828637457922,0.0,False,False,0.5235987755982988
3.723,0.5233874368398203,-0.0064250627998093425,0.5241826332861681,0.061632578232212354,-0.0844685322603019,-0.09681230567795773,0.0,False,False,0.5235987755982988
3.724,0.5233780606994518,-0.009376140368458807,0.523290115377124,-0.0337824704954188,0.04609484857564926,-0.0844685322603019,0.0,False,False,0.5235987755982988
3.725,0.5233671220464573,-0.010938652994477426,0.524577501538364,0.09833439267812533,-0.13561833813492408,0.04609484857564926,0.0,False,False,0.5235987755982988
3.726,0.5233615211971075,-0.005600849349741468,0.5235608907524866,-0.013160125177431939,0.016474077437538676,-0.13561833813492408,0.0,False,False,0.5235987755982988
3.727,0.5233507995005569,-0.010721696550673563,0.5239026518341318,0.022331995504829907,-0.0322681668507889,0.016474077437538676,0.0,False,False,0.5235987755982988
3.728,0.5233438845063269,-0.006914994230019136,0.5235900526300806,-0.01116112445076646,0.01355036276884715,-0.0322681668507889,0.0,False,False,0.5235987755982988
3.729,0.523337379368505,-0.006505137821843331,0.5235529333845105,-0.01375693656270478,0.01733348372343583,0.01355036276884715,0.0,False,False,0.5235987755982988
3.73,0.5233334632841685,-0.003916084336438745,0.52269139854877,-0.09853472648048169,0.13457445866809664,0.01733348372343583,0.0,False,False,0.5235987755982988
3.731,0.5233315895763986,-0.0018737077699473009,0.5239436336434355,0.03654225563412082,-0.050058151573406144,0.13457445866809664,0.0,False,False,0.5235987755982988
3.732,0.523337012559933,0.005422983534398323,0.525820000328917,0.22052469861884988,-0.3046116834937464,-0.050058151573406144,0.0,False,False,0.5235987755982988
3.733,0.5233383227810207,0.0013102210876418784,0.5230112523772534,-0.08240256640938765,0.10945849767008206,-0.3046116834937464,0.0,False,False,0.5235987755982988
3.734,0.5233240046720667,-0.014318108953961637,0.5233859592488508,-0.03669162260871366,0.04786064142052095,0.10945849767008206,0.0,False,False,0.5235987755982988
3.735,0.5233189029602414,-0.005101711825362551,0.5229295154101119,-0.07866684422173076,0.10644689645344138,0.04786064142052095,0.0,False,False,0.5235987755982988
3.736,0.5233177128465679,-0.00119011367351217,0.5228918351416922,-0.07456818664152366,0.10220675218874674,0.10644689645344138,0.0,False,False,0.5235987755982988
3.737,0.5233222064514593,0.004493604891435449,0.5246699928776533,0.11070440561873035,-0.15212719777085637,0.10220675218874674,0.0,False,False,0.5235987755982988
3.738,0.5233304665734555,0.008260121996195392,0.5227431885719634,-0.09304646551212373,0.1270563250885851,-0.15212719777085637,0.0,False,False,0.5235987755982988
3.739,0.523328741162226,-0.0017254112294434274,0.5229150279032433,-0.06655788583292697,0.09217692151051182,0.1270563250885851,0.0,False,False,0.5235987755982988
3.74,0.52333389181192,0.005150649693995589,0.5219485429806253,-0.15655058951143141,0.21756489453184064,0.09217692151051182,0.0,False,False,0.5235987755982988
3.741,0.523342118788264,0.008226976343941726,0.5226809778360153,-0.06765204502128978,0.09770281374665095,0.21756489453184064,0.0,False,False,0.5235987755982988
3.742,0.5233588533973558,0.016734609091825704,0.521867993243718,-0.14218529974888913,0.20177644208112128,0.09770281374665095,0.0,False,False,0.5235987755982988
3.743,0.5233763017682399,0.017448370884122117,0.5239276553797809,0.0779994438322898,-0.09951916866542565,0.20177644208112128,0.0,False,False,0.5235987755982988
3.744,0.5233995535626572,0.023251794417334434,0.5258427502916572,0.2617089906366855,-0.35444233324447294,-0.09951916866542565,0.0,False,False,0.5235987755982988
3.745,0.5234128050990917,0.01325153643449421,0.5230928174867696,-0.03945518891573857,0.05645347270641194,-0.35444233324447294,0.0,False,False,0.5235987755982988
3.746,0.5234048010583906,-0.008004040701102718,0.5219502803701699,-0.14976338168413758,0.20938897212728588,0.05645347270641194,0.0,False,False,0.5235987755982988
3.747,0.5234019324383957,-0.0028686199948981077,0.5241873303089528,0.08891795036256925,-0.11729552522685507,0.20938897212728588,0.0,False,False,0.5235987755982988
3.748,0.5234103994741929,0.00846703579720792,0.5227760377767801,-0.06110309789096352,0.0881329982564939,-0.11729552522685507,0.0,False,False,0.5235987755982988
3.749,0.5234105693633508,0.0001698891579301979,0.5245444634665429,0.12184978087442039,-0.16324211867769856,0.0881329982564939,0.0,False,False,0.5235987755982988
3.75,0.5234150942573434,0.004524893992557797,0.5231689774838335,-0.02788379548396397,0.04119692064113229,-0.16324211867769856,0.0,False,False,0.5235987755982988
3.751,0.5234101041744543,-0.004990082889080849,0.5228587409724418,-0.05611906707474017,0.0806635037551148,0.04119692064113229,0.0,False,False,0.5235987755982988
3.7520000000000002,0.5234086606128944,-0.0014435615599535235,0.5232533633490662,-0.01104492270481966,0.01947132773196982,0.0806635037551148,0.0,False,False,0.5235987755982988
3.753,0.5234116883187516,0.0030277058572531703,0.5240729732924233,0.0720205639013681,-0.09496023517588253,0.01947132773196982,0.0,False,False,0.5235987755982988
3.754,0.523414776044139,0.003087725387322631,0.5232163141044566,-0.020847411285442208,0.03190120043169106,-0.09496023517588253,0.0,False,False,0.5235987755982988
3.755,0.5234121843793837,-0.002591664755259195,0.5229787103023967,-0.04252305036288179,0.06218883576169565,0.03190120043169106,0.0,False,False,0.5235987755982988
3.7560000000000002,0.5234119713178931,-0.0002130614906887423,0.5232384580114431,-0.012295974421958213,0.021240885869752986,0.06218883576169565,0.0,False,False,0.5235987755982988
3.757,0.5234149324664658,0.002961148572682996,0.5223050294375607,-0.10440923436799682,0.14857851213488152,0.021240885869752986,0.0,False,False,0.5235987755982988
3.758,0.5234180619048839,0.0031294384182008043,0.5237645373396088,0.05198247927361023,-0.06536268647191226,0.14857851213488152,0.0,False,False,0.5235987755982988
3.759,0.5234276765072783,0.009614602394373482,0.5218684634125015,-0.14282316136448409,0.2025334129817329,-0.06536268647191226,0.0,False,False,0.5235987755982988
3.7600000000000002,0.5234313035480501,0.0036270407718684994,0.5230437344651789,-0.011013739960290592,0.02320722834850659,0.2025334129817329,0.0,False,False,0.5235987755982988
3.761,0.5234439664130248,0.012662864974731613,0.5241066550222768,0.09637968974552749,-0.12479745732623714,0.02320722834850659,0.0,False,False,0.5235987755982988
3.762,0.5234543777112192,0.010411298194352039,0.5237188372277037,0.047959941313666106,-0.05971303890568792,-0.12479745732623714,0.0,False,False,0.5235987755982988
3.763,0.5234556386759944,0.0012609647752181933,0.5239707905580381,0.06835928021573373,-0.08872740553418723,-0.05971303890568792,0.0,False,False,0.5235987755982988
3.7640000000000002,0.5234535311559806,-0.0021075200138080956,0.5233967680983247,0.004121106222821788,-0.001309192467851955,-0.08872740553418723,0.0,False,False,0.5235987755982988
3.765,0.5234476256219105,-0.005905534070068471,0.5244684217354518,0.11087435931325304,-0.14870286164465787,-0.001309192467851955,0.0,False,False,0.5235987755982988
3.766,0.5234434001557079,-0.004225466202590775,0.5242503524344169,0.07797999327843153,-0.10530437498424274,-0.14870286164465787,0.0,False,False,0.5235987755982988
3.767,0.523433005557962,-0.01039459774585623,0.5238223370305758,0.027380453566480827,-0.03688065006076254,-0.10530437498424274,0.0,False,False,0.5235987755982988
3.7680000000000002,0.5234202522689273,-0.012753289034761731,0.5242296886577819,0.06537757093043925,-0.08980952018722183,-0.03688065006076254,0.0,False,False,0.5235987755982988
3.769,0.5234090858037873,-0.011166465140031757,0.5240639538942303,0.0422663374822425,-0.059092814305458215,-0.08980952018722183,0.0,False,False,0.5235987755982988
3.77,0.523396513922293,-0.01257188149430492,0.5230130096597788,-0.06705471971113292,0.0910094505467195,-0.059092814305458215,0.0,False,False,0.5235987755982988
3.771,0.5233843801878127,-0.012133734480247413,0.5222116071466636,-0.14048949905154196,0.19355643099128436,0.0910094505467195,0.0,False,False,0.5235987755982988
3.7720000000000002,0.5233800962043673,-0.0042839834453908265,0.5237469313616991,0.027091872357167146,-0.035177050569806446,0.19355643099128436,0.0,False,False,0.5235987755982988
3.773,0.5233867730721227,0.006676867755306182,0.5238633258265073,0.036022131602266035,-0.04798846203047192,-0.035177050569806446,0.0,False,False,0.5235987755982988
3.774,0.5233897325599242,0.0029594878014670323,0.5243413488922315,0.08022222501445922,-0.1096329893081393,-0.04798846203047192,0.0,False,False,0.5235987755982988
3.775,0.5233893993642924,-0.0003331956317089578,0.5225723049089919,-0.10470439581094933,0.14412174738066422,-0.1096329893081393,0.0,False,False,0.5235987755982988
3.7760000000000002,0.5233836858014206,-0.005713562871838695,0.5225926754800843,-0.09219689912061566,0.12874608107260083,0.14412174738066422,0.0,False,False,0.5235987755982988
3.777,0.5233868700930381,0.003184291617509242,0.5237882087869316,0.036576121476175505,-0.047301143166799876,0.12874608107260083,0.0,False,False,0.5235987755982988
3.778,0.5233955316549923,0.008661561954260719,0.5233334267412815,-0.01255969523645021,0.019847913710052453,-0.047301143166799876,0.0,False,False,0.5235987755982988
3.779,0.5233993461705013,0.0038145155090530975,0.5217537087198925,-0.1692755278517061,0.2363418372333617,0.019847913710052453,0.0,False,False,0.5235987755982988
3.7800000000000002,0.5234030071458146,0.003660975313286073,0.5237303507712456,0.04531623006878169,-0.05674782919558075,0.2363418372333617,0.0,False,False,0.5235987755982988
3.781,0.523417384381061,0.014377235246489359,0.5218008404307636,-0.1521664269863019,0.21496254539919651,-0.05674782919558075,0.0,False,False,0.5235987755982988
3.782,0.5234251694933632,0.007785112302167075,0.5226002775380512,-0.05700607355891356,0.08638025335515405,0.21496254539919651,0.0,False,False,0.5235987755982988
3.783,0.5234414472825505,0.01627778918730745,0.5246210118022648,0.15076796021834524,-0.19932180393340265,0.08638025335515405,0.0,False,False,0.5235987755982988
3.7840000000000003,0.5234579485915006,0.016501308950111166,0.5250504559570653,0.1786355796765614,-0.24049294206967117,-0.19932180393340265,0.0,False,False,0.5235987755982988
3.785,0.5234603509001325,0.002402308631961529,0.5223994905899989,-0.10432451499773845,0.14677654814668453,-0.24049294206967117,0.0,False,False,0.5235987755982988
3.786,0.5234500017059335,-0.010349194199108168,0.5231625533631306,-0.017585786184799543,0.028954943654788127,0.14677654814668453,0.0,False,False,0.5235987755982988
3.787,0.5234498871581081,-0.0001145478253196594,0.5234870823262697,0.016625688747597418,-0.017940347600593286,0.028954943654788127,0.0,False,False,0.5235987755982988
3.7880000000000003,0.5234512551796288,0.0013680215205704995,0.5250056689102028,0.1668217782661489,-0.2255102135336511,-0.017940347600593286,0.0,False,False,0.5235987755982988
3.789,0.5234513109440887,5.576445990950591e-05,0.5230212016480699,-0.04830712577376309,0.06836488203263678,-0.2255102135336511,0.0,False,False,0.5235987755982988
3.79,0.5234400742455194,-0.011236698569233337,0.5230239144279151,-0.043205135211866356,0.06219366332114703,0.06836488203263678,0.0,False,False,0.5235987755982988
3.791,0.5234353567634767,-0.0047174820426913525,0.524786874773725,0.1374114128903119,-0.18627948062604535,0.06219366332114703,0.0,False,False,0.5235987755982988
3.7920000000000003,0.5234351574039204,-0.00019935955634814082,0.5231080921681358,-0.04420798895763724,0.06188188849209883,-0.18627948062604535,0.0,False,False,0.5235987755982988
3.793,0.5234257046736571,-0.009452730263289997,0.5240559445579068,0.05499804891522846,-0.07422669997121836,0.06188188849209883,0.0,False,False,0.5235987755982988
3.794,0.5234220258113702,-0.003678862286905087,0.522132975398176,-0.1427986719493724,0.1977428099414567,-0.07422669997121836,0.0,False,False,0.5235987755982988
3.795,0.5234157417069522,-0.006284104418016398,0.5232663129483703,-0.01518504973500609,0.024206387380719906,0.1977428099414567,0.0,False,False,0.5235987755982988
3.7960000000000003,0.5234211954268175,0.005453719865380929,0.5219729239725933,-0.14300544233920756,0.20087186006974805,0.024206387380719906,0.0,False,False,0.5235987755982988
3.797,0.523426240916875,0.0050454900573730765,0.5225052011911525,-0.07547717624936721,0.11025695082787411,0.20087186006974805,0.0,False,False,0.5235987755982988
3.798,0.5234398274847668,0.013586567891799212,0.5241721688214971,0.09876730441002683,-0.12884184330960108,0.11025695082787411,0.0,False,False,0.5235987755982988
3.799,0.52345532605828,0.01549857351319375,0.5234117753888321,0.01285123070252564,-0.012055473072629906,-0.12884184330960108,0.0,False,False,0.5235987755982988
3.8000000000000003,0.523460421827798,0.005095769517902032,0.5231819495360648,-0.011416477644458724,0.021202642293563053,-0.012055473072629906,0.0,False,False,0.5235987755982988
3.801,0.5234633979530219,0.0029761252239097705,0.522809990642445,-0.04747071924198678,0.07116299229575203,0.021202642293563053,0.0,False,False,0.5235987755982988
3.802,0.5234665360005645,0.0031380475425519753,0.5232739772509354,0.0036750135312459895,0.001436354015046568,0.07116299229575203,0.0,False,False,0.5235987755982988
3.803,0.5234722858813023,0.005749880737865187,0.5237350566906531,0.04941545614989514,-0.06175160704225169,0.001436354015046568,0.0,False,False,0.5235987755982988
3.8040000000000003,0.5234764056200342,0.0041197387318244755,0.5243341618237327,0.10438442384286477,-0.1384982606692479,-0.06175160704225169,0.0,False,False,0.5235987755982988
3.805,0.5234762025664745,-0.00020305355963620014,0.5211853299172095,-0.22093720919374804,0.30856667329210624,-0.1384982606692479,0.0,False,False,0.5235987755982988
3.806,0.5234691363260706,-0.007066240403895438,0.5227432877720136,-0.0430477027939562,0.06705602422588094,0.30856667329210624,0.0,False,False,0.5235987755982988
3.807,0.5234795625415026,0.0104262154320584,0.52361840020419,0.0487683107030811,-0.058875215749739314,0.06705602422588094,0.0,False,False,0.5235987755982988
3.8080000000000003,0.5234904275870707,0.010865045568074766,0.5234041532429545,0.022466783509222082,-0.02345693781486933,-0.058875215749739314,0.0,False,False,0.5235987755982988
3.809,0.5234953327364421,0.0049051493714481,0.5238473449142629,0.06453927228913503,-0.0819213744343152,-0.02345693781486933,0.0,False,False,0.5235987755982988
3.81,0.5234976026855549,0.0022699491127730824,0.5237310756292867,0.04645841656260038,-0.05813150043290181,-0.0819213744343152,0.0,False,False,0.5235987755982988
3.811,0.5234950894105012,-0.0025132750537693025,0.5232290420108635,-0.00839078693597553,0.01672414889700614,-0.05813150043290181,0.0,False,False,0.5235987755982988
3.8120000000000003,0.5234904296521442,-0.004659758356931683,0.5230306635049127,-0.02738955883746156,0.04309348828590442,0.01672414889700614,0.0,False,False,0.5235987755982988
3.813,0.5234879979104595,-0.0024317416846782337,0.5232737574447377,-0.0003412089712130986,0.006259777529555852,0.04309348828590442,0.0,False,False,0.5235987755982988
3.814,0.5234884565188475,0.0004586083879123044,0.5244909233319226,0.1214095006443983,-0.16175005997850606,0.006259777529555852,0.0,False,False,0.5235987755982988
3.815,0.5234890887232707,0.0006322044232127869,0.5228502912942746,-0.0547946531848386,0.07922630129424171,-0.16175005997850606,0.0,False,False,0.5235987755982988
3.8160000000000003,0.5234814412976954,-0.0076474255753565725,0.5234266320921328,0.008318891919462938,-0.006884087192367319,0.07922630129424171,0.0,False,False,0.5235987755982988
3.817,0.5234799743669782,-0.0014669307171035406,0.5236399706315866,0.02882085667289887,-0.03532653860665924,-0.006884087192367319,0.0,False,False,0.5235987755982988
3.818,0.5234786083913672,-0.0013659756110342126,0.5248402714520104,0.14596885304798615,-0.19750954902439186,-0.03532653860665924,0.0,False,False,0.5235987755982988
3.819,0.5234758907094084,-0.002717681958770654,0.5232138223155507,-0.031272945902783095,0.04445669417280594,-0.19750954902439186,0.0,False,False,0.5235987755982988
3.8200000000000003,0.5234641187440406,-0.011771965367703766,0.524300835395912,0.08055565672362505,-0.10930386442538721,0.04445669417280594,0.0,False,False,0.5235987755982988
3.821,0.5234577900215541,-0.006328722486500292,0.5245328948667406,0.09570603813412305,-0.1316613925928997,-0.10930386442538721,0.0,False,False,0.5235987755982988
3.822,0.5234478591061397,-0.009930915414445964,0.5233922230143259,-0.027931750920762416,0.037236047616428035,-0.1316613925928997,0.0,False,False,0.5235987755982988
3.823,0.5234341412222814,-0.013717883858242016,0.5232502542232148,-0.03933545493979196,0.053475930679262526,0.037236047616428035,0.0,False,False,0.5235987755982988
3.8240000000000003,0.5234259120396259,-0.00822918265549515,0.5231387585399749,-0.04655147776979982,0.06414208037358964,0.053475930679262526,0.0,False,False,0.5235987755982988
3.825,0.5234227278357011,-0.0031842039247806037,0.5231994800359359,-0.03582418039672736,0.050176336598606035,0.06414208037358964,0.0,False,False,0.5235987755982988
3.826,0.523423710743509,0.0009829078079442635,0.5241691756519512,0.06472779924447959,-0.08794056005911847,0.050176336598606035,0.0,False,False,0.5235987755982988
3.827,0.5234269039013428,0.0031931578338456556,0.5236284981367462,0.004187267799528174,-0.0055597270514861465,-0.08794056005911847,0.0,False,False,0.5235987755982988
3.8280000000000003,0.5234247373686112,-0.0021665327317111917,0.5236300663746649,0.003925364811450117,-0.005273671748329934,-0.0055597270514861465,0.0,False,False,0.5235987755982988
3.829,0.5234229489450019,-0.0017884236093412076,0.522441006191153,-0.11537319002088961,0.15928767735369279,-0.005273671748329934,0.0,False,False,0.5235987755982988
3.83,0.5234214390930917,-0.0015098519102181148,0.522577144726563,-0.0902220174777949,0.1266557766645981,0.15928767735369279,0.0,False,False,0.5235987755982988
3.831,0.5234283517615024,0.006912668410734,0.5252988619831912,0.19097190993280208,-0.25976784684742543,0.1266557766645981,0.0,False,False,0.5235987755982988
3.8320000000000003,0.5234395745838818,0.011222822379377871,0.5232843923638301,-0.029572242996591724,0.04114558981634759,-0.25976784684742543,0.0,False,False,0.5235987755982988
3.833,0.5234347111809966,-0.004863402885165706,0.5227585950672421,-0.07919474835572964,0.11015694758589656,0.04114558981634759,0.0,False,False,0.5235987755982988
3.834,0.52343335543825,-0.0013557427466132856,0.5246822250563539,0.12108772539102075,-0.16480736071421584,0.11015694758589656,0.0,False,False,0.5235987755982988
3.835,0.5234379190668438,0.004563628593776013,0.5236838434185835,0.009140789074885788,-0.012500167654987964,-0.16480736071421584,0.0,False,False,0.5235987755982988
3.8360000000000003,0.5234328782609904,-0.0050408058534291734,0.5239374136052843,0.03358372883747743,-0.046395958730712374,-0.012500167654987964,0.0,False,False,0.5235987755982988
3.837,0.5234287136236211,-0.004164637369309971,0.5233082448243005,-0.03269152214465494,0.04445938050555571,-0.046395958730712374,0.0,False,False,0.5235987755982988
3.838,0.523423477487796,-0.005236135825010433,0.5231453827543925,-0.04570857692099041,0.06301136349550243,0.04445938050555571,0.0,False,False,0.5235987755982988
3.839,0.5234220211737851,-0.001456314010979341,0.5232740291454555,-0.028273080122588837,0.0397731322982861,0.06301136349550243,0.0,False,False,0.5235987755982988
3.84,0.5234241573768863,0.0021362031011800523,0.5222174906886506,-0.13109961779081666,0.1821826697226471,0.0397731322982861,0.0,False,False,0.5235987755982988
3.841,0.5234276352568574,0.0034778799711427636,0.5233509041170011,-0.004648313176685653,0.010039662475381007,0.1821826697226471,0.0,False,False,0.5235987755982988
3.842,0.523439175385938,0.011540129080535672,0.5236975129803981,0.030477404480682008,-0.038350158254606026,0.010039662475381007,0.0,False,False,0.5235987755982988
3.843,0.5234480484200961,0.008873034158079844,0.5250628822259799,0.16396658859078644,-0.22311382560720242,-0.038350158254606026,0.0,False,False,0.5235987755982988
3.844,0.5234524684536573,0.004420033561299693,0.5235275167955562,-0.0059666133106573704,0.008442594422155881,-0.22311382560720242,0.0,False,False,0.5235987755982988
3.845,0.5234444102803631,-0.008058173294210382,0.5214074565448116,-0.21737597705405423,0.30029491542763537,0.008442594422155881,0.0,False,False,0.5235987755982988
3.846,0.5234391010793283,-0.005309201034816255,0.5233570833167782,-0.0006757021519849249,0.005161303649752713,0.30029491542763537,0.0,False,False,0.5235987755982988
3.847,0.5234503842331001,0.011283153771716454,0.5258410525828368,0.2477887946690674,-0.33770753932456377,0.005161303649752713,0.0,False,False,0.5235987755982988
3.848,0.5234588139849519,0.008429751851795996,0.5242148611513816,0.060390772056645836,-0.08355846642346522,-0.33770753932456377,0.0,False,False,0.5235987755982988
3.849,0.5234479355433802,-0.010878441571656185,0.5227403014465063,-0.09310427563654983,0.12717766549612516,-0.08355846642346522,0.0,False,False,0.5235987755982988
3.85,0.5234358983987937,-0.012037144586475748,0.5239517361441337,0.03734962168984628,-0.05117283585284356,0.12717766549612516,0.0,False,False,0.5235987755982988
3.851,0.5234334985049307,-0.002399893862986488,0.5227859696370144,-0.08296199119106867,0.11418489673240184,-0.05117283585284356,0.0,False,False,0.5235987755982988
3.852,0.5234292661012547,-0.004232403675948516,0.5222478461685373,-0.12847813891967652,0.1784904964393199,0.11418489673240184,0.0,False,False,0.5235987755982988
3.853,0.5234320109725994,0.002744871344638908,0.5231280013525239,-0.0276148066290436,0.04161170437880066,0.1784904964393199,0.0,False,False,0.5235987755982988
3.854,0.523442851059402,0.010840086802630666,0.5235227229452692,0.01461883330839471,-0.01617365221554143,0.04161170437880066,0.0,False,False,0.5235987755982988
3.855,0.5234527613490084,0.009910289606387342,0.5218189974676688,-0.15721559778248959,0.2206947236903278,-0.01617365221554143,0.0,False,False,0.5235987755982988
3.856,0.5234590718214844,0.006310472476061715,0.5224562411589954,-0.07776966887158453,0.11388922255336363,0.2206947236903278,0.0,False,False,0.5235987755982988
3.857,0.5234745590656414,0.015487244157018848,0.5234835785460205,0.03274103671808347,-0.037215697120689686,0.11388922255336363,0.0,False,False,0.5235987755982988
3.858,0.5234917820688918,0.01722300325040007,0.5231355837769254,-0.005332543863233223,0.014736505420601845,-0.037215697120689686,0.0,False,False,0.5235987755982988
3.859,0.523502894296527,0.011112227635200658,0.5238474321268012,0.06638554551067108,-0.0841384721258479,0.014736505420601845,0.0,False,False,0.5235987755982988
3.86,0.5235116706164978,0.008776319970838158,0.5224516725349365,-0.07982896822686247,0.11644261701275634,-0.0841384721258479,0.0,False,False,0.5235987755982988
3.861,0.5235137289323125,0.002058315814725117,0.5241369107396132,0.09667774906349352,-0.1256997314198514,0.11644261701275634,0.0,False,False,0.5235987755982988
3.862,0.5235209858218715,0.00725688955889587,0.5224879611321647,-0.07788498658771045,0.11345664429566718,-0.1256997314198514,0.0,False,False,0.5235987755982988
3.863,0.5235198423949216,-0.0011434269499557012,0.5249533985101347,0.17644724986806087,-0.23611991225471846,0.11345664429566718,0.0,False,False,0.5235987755982988
3.864,0.5235247190287309,0.004876633809301551,0.5220274374671924,-0.13379357941297448,0.18883638165548525,-0.23611991225471846,0.0,False,False,0.5235987755982988
3.865,0.5235163354904282,-0.00838353830263962,0.5225629020266824,-0.06686776552267196,0.0988870429163013,0.18883638165548525,0.0,False,False,0.5235987755982988
3.866,0.5235198047261663,0.0034692357381538707,0.5238840294618963,0.07193175455097946,-0.09145267500592956,0.0988870429163013,0.0,False,False,0.5235987755982988
3.867,0.5235271739808435,0.007369254677152366,0.5249794914688337,0.1742847797896257,-0.233994621417179,-0.09145267500592956,0.0,False,False,0.5235987755982988
3.868,0.5235278252466499,0.0006512658063475415,0.5238027521599352,0.03918237092081314,-0.050690423214430944,-0.233994621417179,0.0,False,False,0.5235987755982988
3.869,0.5235165788656091,-0.011246381040785309,0.5240077650620146,0.05576542403667338,-0.07428031919089272,-0.050690423214430944,0.0,False,False,0.5235987755982988
3.87,0.5235059011252114,-0.010677740397687078,0.5235212049589512,0.0015328713266589133,-0.00044317408373286673,-0.07428031919089272,0.0,False,False,0.5235987755982988
3.871,0.5234944821602475,-0.011418964963902923,0.522598780537163,-0.09086285798482069,0.1270353406822291,-0.00044317408373286673,0.0,False,False,0.5235987755982988
3.872,0.5234861830444534,-0.008299115794134016,0.5230584566461002,-0.03580896129262292,0.052696494690722975,0.1270353406822291,0.0,False,False,0.5235987755982988
3.873,0.5234866249269577,0.00044188250432793466,0.522429034184428,-0.09517031133057972,0.13525971904637057,0.052696494690722975,0.0,False,False,0.5235987755982988
3.874,0.5234895673234816,0.00294239652384812,0.5223736823676928,-0.09118846187104337,0.13147783239616084,0.13525971904637057,0.0,False,False,0.5235987755982988
3.875,0.5234983845313507,0.008817207869010654,0.5238489766017737,0.0654598077241491,-0.08305538733152598,0.13147783239616084,0.0,False,False,0.5235987755982988
3.876,0.5235112542178064,0.01286968645575778,0.5225310965241394,-0.07287418081168837,0.10666724030889503,-0.08305538733152598,0.0,False,False,0.5235987755982988
3.8770000000000002,0.5235165160522411,0.005261834434699912,0.5237953795300043,0.06084153785597013,-0.0765487161978633,0.10666724030889503,0.0,False,False,0.5235987755982988
3.878,0.5235255470910929,0.009031038851777903,0.5223894924259113,-0.08583132633893306,0.12476468870969565,-0.0765487161978633,0.0,False,False,0.5235987755982988
3.879,0.5235281755267701,0.002628435677221606,0.5237868185041722,0.0624844141210532,-0.07836606925098459,0.12476468870969565,0.0,False,False,0.5235987755982988
3.88,0.5235362476610423,0.008072134272282932,0.5231097916697669,-0.011466710731581314,0.02256176359147207,-0.07836606925098459,0.0,False,False,0.5235987755982988
3.8810000000000002,0.5235380710186965,0.0018233576541859557,0.5247655746372916,0.1552582570940434,-0.20731229121472156,0.02256176359147207,0.0,False,False,0.5235987755982988
3.882,0.5235404696742807,0.0023986555841216,0.5238229677032195,0.045471737977428095,-0.058601543461485224,-0.20731229121472156,0.0,False,False,0.5235987755982988
3.883,0.523531776954466,-0.008692719814775181,0.5246102009705944,0.11964789091718064,-0.16178312580193746,-0.058601543461485224,0.0,False,False,0.5235987755982988
3.884,0.5235226440586362,-0.009132895829669564,0.5228632178994611,-0.06701520528786752,0.09365828492451976,-0.16178312580193746,0.0,False,False,0.5235987755982988
3.8850000000000002,0.5235080226121946,-0.01462144644161334,0.5235570169192111,0.009066217215916661,-0.010127804435520792,0.09365828492451976,0.0,False,False,0.5235987755982988
3.886,0.5235018848914657,-0.006137720729037654,0.5226457248335575,-0.08296961307102978,0.11671844945057878,-0.010127804435520792,0.0,False,False,0.5235987755982988
3.887,0.5234970509407815,-0.004833950684148568,0.5231361122763114,-0.025633907488539803,0.039088628782021156,0.11671844945057878,0.0,False,False,0.5235987755982988
3.888,0.5234994948393679,0.0024438985864052186,0.5232707657558542,-0.00960516878540793,0.017430379706492895,0.039088628782021156,0.0,False,False,0.5235987755982988
3.8890000000000002,0.5235031538516909,0.0036590123230152783,0.5228697230590079,-0.04874892159149368,0.07162165161702858,0.017430379706492895,0.0,False,False,0.5235987755982988
3.89,0.5235065841285304,0.0034302768394979992,0.5224458577808173,-0.0862605572514048,0.1242651894163528,0.07162165161702858,0.0,False,False,0.5235987755982988
3.891,0.5235125626572964,0.0059785287660196924,0.5222790360907106,-0.09431667053693764,0.1369353157809134,0.1242651894163528,0.0,False,False,0.5235987755982988
3.892,0.5235229885523213,0.010425895024855698,0.5214811731379999,-0.1646712987543109,0.2357224027905534,0.1369353157809134,0.0,False,False,0.5235987755982988
3.8930000000000002,0.5235373473174365,0.014358765115218119,0.5226155111259398,-0.03477037008488612,0.059423204604324785,0.2357224027905534,0.0,False,False,0.5235987755982988
3.894,0.5235597409841108,0.022393666674339542,0.5241073327107655,0.11788882540616613,-0.15062061851179936,0.059423204604324785,0.0,False,False,0.5235987755982988
3.895,0.5235801714838991,0.020430499788259615,0.5221852183603027,-0.08611149218072489,0.12877782090079926,-0.15062061851179936,0.0,False,False,0.5235987755982988
3.896,0.5235883663091008,0.00819482520163696,0.522394453897157,-0.05657678927722665,0.08956993775322472,0.12877782090079926,0.0,False,False,0.5235987755982988
3.8970000000000002,0.523600637728257,0.012271419156324615,0.5251634915601209,0.225984655946884,-0.2993464744490579,0.08956993775322472,0.0,False,False,0.5235987755982988
3.898,0.5236140587432099,0.013421014952791991,0.5230586111559203,-0.007101850067858101,0.018245180044242304,-0.2993464744490579,0.0,False,False,0.5235987755982988
3.899,0.5236089447265506,-0.00511401665928511,0.5238891102220663,0.07665824155352391,-0.09721591309204343,0.018245180044242304,0.0,False,False,0.5235987755982988
3.9,0.5236062650449621,-0.0026796815885472363,0.5241667924973845,0.09676064492999292,-0.1263370780995341,-0.09721591309204343,0.0,False,False,0.5235987755982988
3.9010000000000002,0.5235995344147224,-0.006730630239721253,0.5241776975319813,0.08817508389667117,-0.11623069548228994,-0.1263370780995341,0.0,False,False,0.5235987755982988
3.902,0.523588460117281,-0.011074297441448564,0.5222599903385773,-0.11241314383339647,0.15899390727506332,-0.11623069548228994,0.0,False,False,0.5235987755982988
3.903,0.5235746383777653,-0.013821739515735891,0.5233730007686228,0.0101292135544956,-0.008091109331226603,0.15899390727506332,0.0,False,False,0.5235987755982988
3.904,0.5235724136996049,-0.0022246781603296687,0.5221602440046723,-0.11215938419600348,0.1604848297204812,-0.008091109331226603,0.0,False,False,0.5235987755982988
3.9050000000000002,0.5235704580291036,-0.0019556705012842186,0.5257052730885198,0.253559462608343,-0.34218830995398886,0.1604848297204812,0.0,False,False,0.5235987755982988
3.906,0.5235771192611076,0.006661232004026229,0.5221853280353234,-0.12379098897213284,0.1739912429001176,-0.34218830995398886,0.0,False,False,0.5235987755982988
3.907,0.5235647168182522,-0.01240244285543629,0.5226503037255474,-0.06491432105251169,0.09496967897253882,0.1739912429001176,0.0,False,False,0.5235987755982988
3.908,0.5235643708257073,-0.00034599254491263047,0.5226562752699047,-0.05782573451153857,0.08635588732494112,0.09496967897253882,0.0,False,False,0.5235987755982988
3.9090000000000003,0.5235688784884911,0.004507662783842533,0.522262795833327,-0.09139110471814843,0.13371696143127043,0.08635588732494112,0.0,False,False,0.5235987755982988
3.91,0.5235763560580935,0.007477569602388447,0.5247567169164772,0.1671401140686827,-0.22141108060962986,0.13371696143127043,0.0,False,False,0.5235987755982988
3.911,0.5235883452884202,0.011989230326700327,0.5257023298800169,0.24498739901578212,-0.33184885588986335,-0.22141108060962986,0.0,False,False,0.5235987755982988
3.912,0.523585996010096,-0.0023492783242327134,0.5231708265828227,-0.032661670605216464,0.04689708700483062,-0.33184885588986335,0.0,False,False,0.5235987755982988
3.9130000000000003,0.523567765245898,-0.018230764198009914,0.522415478674299,-0.1049302943970555,0.1472156979084624,0.04689708700483062,0.0,False,False,0.5235987755982988
3.914,0.5235562834774714,-0.011481768426583277,0.5216041977237421,-0.17556536001304357,0.24658083375767292,0.1472156979084624,0.0,False,False,0.5235987755982988
3.915,0.5235553185540412,-0.0009649234301268624,0.5233422935104896,0.015800754663004762,-0.014344228015038995,0.24658083375767292,0.0,False,False,0.5235987755982988
3.916,0.5235669757846262,0.011657230584885037,0.5232908948709446,0.009080815242209005,-0.005355125198274935,-0.014344228015038995,0.0,False,False,0.5235987755982988
3.9170000000000003,0.523574720722065,0.007744937438827876,0.5230063576315416,-0.020280990222314544,0.035000711668407805,-0.005355125198274935,0.0,False,False,0.5235987755982988
3.918,0.5235799530173566,0.00523229529158897,0.5237731393705728,0.058425282703038824,-0.07324888714457818,0.035000711668407805,0.0,False,False,0.5235987755982988
3.919,0.5235853795875189,0.00542657016239111,0.5239302332103981,0.06829213841526668,-0.08791680311610733,-0.07324888714457818,0.0,False,False,0.5235987755982988
3.92,0.5235855328435554,0.00015325603645218247,0.5238674761740096,0.0551872209348928,-0.07106127548466616,-0.08791680311610733,0.0,False,False,0.5235987755982988
3.9210000000000003,0.5235812436705009,-0.0042891730545588395,0.5233053726773361,-0.006541850825948076,0.013131473568466168,-0.07106127548466616,0.0,False,False,0.5235987755982988
3.922,0.5235746859715805,-0.0065576989202793465,0.5226133395696848,-0.07509097650848456,0.10784702032523359,0.013131473568466168,0.0,False,False,0.5235987755982988
3.923,0.5235707107913047,-0.003975180275806143,0.5241517597825787,0.08626014243174926,-0.11346588623513637,0.10784702032523359,0.0,False,False,0.5235987755982988
3.924,0.5235733209570915,0.002610165786867894,0.523584241272277,0.02088227715840646,-0.02479711472169479,-0.11346588623513637,0.0,False,False,0.5235987755982988
3.9250000000000003,0.5235694687538285,-0.0038522032630831276,0.5243447069409901,0.09484061631387863,-0.1272355037450977,-0.02479711472169479,0.0,False,False,0.5235987755982988
3.926,0.5235655336823936,-0.003935071434921329,0.5242550046662833,0.076386327211807,-0.10347571587788867,-0.1272355037450977,0.0,False,False,0.5235987755982988
3.927,0.5235564180962992,-0.009115586094440865,0.5223156966320572,-0.1251831089319776,0.17331515211072154,-0.10347571587788867,0.0,False,False,0.5235987755982988
3.928,0.5235447250147137,-0.011693081585464449,0.5222931300284459,-0.11492145839991276,0.16140737033724767,0.17331515211072154,0.0,False,False,0.5235987755982988
3.9290000000000003,0.5235449007023325,0.0001756876188084358,0.5228855670435871,-0.04418561104579921,0.0658604872397694,0.16140737033724767,0.0,False,False,0.5235987755982988
3.93,0.5235530933507877,0.008192648455210843,0.522631327893308,-0.06519096496913047,0.09564321665279094,0.0658604872397694,0.0,False,False,0.5235987755982988
3.931,0.5235622172898319,0.009123939044129108,0.5242212987984478,0.10032522204176181,-0.13159568405279606,0.09564321665279094,0.0,False,False,0.5235987755982988
3.932,0.5235735250165955,0.011307726763595738,0.5238801005436007,0.0561728743528726,-0.07247129823888067,-0.13159568405279606,0.0,False,False,0.5235987755982988
3.9330000000000003,0.5235751359506623,0.0016109340668193986,0.5245343549395011,0.11598102650762421,-0.1560176599507896,-0.07247129823888067,0.0,False,False,0.5235987755982988
3.934,0.523572634638293,-0.0025013123693788707,0.5239186346585216,0.042810895758916986,-0.057130537994710864,-0.1560176599507896,0.0,False,False,0.5235987755982988
3.935,0.5235630889538055,-0.009545684487374792,0.5237451700631355,0.02118334664441116,-0.02805511634035333,-0.057130537994710864,0.0,False,False,0.5235987755982988
3.936,0.5235533893211711,-0.009699632634405358,0.5246003510612328,0.10458311178970382,-0.14352809248045661,-0.02805511634035333,0.0,False,False,0.5235987755982988
3.9370000000000003,0.5235450270773545,-0.008362243816640764,0.5239549415106051,0.02958384554795833,-0.04191160107906249,-0.14352809248045661,0.0,False,False,0.5235987755982988
3.938,0.5235318939110705,-0.013133166283995263,0.5235913232128588,-0.009736368781460152,0.011817785475671761,-0.04191160107906249,0.0,False,False,0.5235987755982988
3.939,0.5235201745088207,-0.011719402249709574,0.5248121135019822,0.11331629700902218,-0.1578196386771276,0.011817785475671761,0.0,False,False,0.5235987755982988
3.94,0.523512254819951,-0.007919688869692583,0.5236127691022695,-0.017949772663149857,0.021287844124307436,-0.1578196386771276,0.0,False,False,0.5235987755982988
3.9410000000000003,0.5234987348750914,-0.01351994485960887,0.5232331475949249,-0.05411694613129561,0.07152163941828528,0.021287844124307436,0.0,False,False,0.5235987755982988
3.942,0.523489866868349,-0.008868006742414425,0.5227587281475761,-0.09614719625304888,0.1304974896166681,0.07152163941828528,0.0,False,False,0.5235987755982988
3.943,0.5234871091696414,-0.002757698707662599,0.5241006146189258,0.047656170507225565,-0.06622050697995574,0.1304974896166681,0.0,False,False,0.5235987755982988
3.944,0.5234917094823826,0.0046003127411501235,0.5245712397308191,0.08995306464583602,-0.12544803196036824,-0.06622050697995574,0.0,False,False,0.5235987755982988
3.9450000000000003,0.5234916241093813,-8.53730012421285e-05,0.5234474782736293,-0.031418387537731796,0.0404254168893303,-0.12544803196036824,0.0,False,False,0.5235987755982988
3.946,0.5234852922880189,-0.006331821362443134,0.5246266639866806,0.08964202252117252,-0.1260724180162785,0.0404254168893303,0.0,False,False,0.5235987755982988
3.947,0.5234828455926027,-0.0024466954161479577,0.5217636831615184,-0.20562026224715668,0.2797759785586347,-0.1260724180162785,0.0,False,False,0.5235987755982988
3.948,0.5234748354318057,-0.008010160796968433,0.5234264432332187,-0.018782228852411265,0.025640657194334858,0.2797759785586347,0.0,False,False,0.5235987755982988
3.9490000000000003,0.5234831284120415,0.008292980235693312,0.5234481390005654,-0.014734429232502694,0.020392773838204436,0.025640657194334858,0.0,False,False,0.5235987755982988
3.95,0.5234903157754542,0.00718736341274894,0.5228558935033554,-0.07248553603025662,0.1003545209452899,0.020392773838204436,0.0,False,False,0.5235987755982988
3.951,0.5234964260838236,0.006110308369440061,0.5255767372849633,0.2068473957335663,-0.2838201852402411,0.1003545209452899,0.0,False,False,0.5235987755982988
3.952,0.5235057515660383,0.009325482214657017,0.5234479875969892,-0.026712312637206553,0.03476895918822124,-0.2838201852402411,0.0,False,False,0.5235987755982988
3.9530000000000003,0.5234982376333226,-0.0075139327157266525,0.5231424254120128,-0.05459729987112079,0.0737310631984926,0.03476895918822124,0.0,False,False,0.5235987755982988
3.954,0.5234946459908202,-0.0035916425023683205,0.5235173022088297,-0.011649890202317298,0.015446389253223957,0.0737310631984926,0.0,False,False,0.5235987755982988
3.955,0.5234958213253386,0.0011753345183310093,0.521748036623266,-0.18741145973846393,0.25820705323674803,0.015446389253223957,0.0,False,False,0.5235987755982988
3.956,0.5234974120829711,0.0015907576325561155,0.5228343022240927,-0.06004375368194789,0.08581302515404823,0.25820705323674803,0.0,False,False,0.5235987755982988
3.9570000000000003,0.5235114306067621,0.014018523790967246,0.5243694693469636,0.09947733397334083,-0.13324528824397514,0.08581302515404823,0.0,False,False,0.5235987755982988
3.958,0.5235260539756922,0.014623368930118607,0.5229771956127571,-0.04969777284464051,0.07082576715331898,-0.13324528824397514,0.0,False,False,0.5235987755982988
3.959,0.5235302139086988,0.004159933006644342,0.5228068838747554,-0.06175916936035139,0.08836505425620352,0.07082576715331898,0.0,False,False,0.5235987755982988
3.96,0.5235366682013052,0.00645429260636766,0.5246794449011277,0.13167285021291808,-0.177459467706422,0.08836505425620352,0.0,False,False,0.5235987755982988
3.9610000000000003,0.5235456431728249,0.008974971519777428,0.5247152357783726,0.12208465291611861,-0.16659786674067129,-0.177459467706422,0.0,False,False,0.5235987755982988
3.962,0.5235431840523315,-0.0024591204934970665,0.5239943433493641,0.037786944723654375,-0.05246455318756077,-0.16659786674067129,0.0,False,False,0.5235987755982988
3.963,0.5235331389157328,-0.010045136598642482,0.5231359741176391,-0.05182867292121085,0.07052483415732747,-0.05246455318756077,0.0,False,False,0.5235987755982988
3.964,0.5235232940731247,-0.00984484260817202,0.5233143161456478,-0.02881160282821932,0.03969419354158095,0.07052483415732747,0.0,False,False,0.5235987755982988
3.9650000000000003,0.5235197508166146,-0.003543256510111178,0.5228179975911512,-0.07556229799505847,0.10472876172272692,0.03969419354158095,0.0,False,False,0.5235987755982988
3.966,0.5235192584365298,-0.0004923800848617016,0.5226511551246606,-0.0846903148446095,0.11868554633901839,0.10472876172272692,0.0,False,False,0.5235987755982988
3.967,0.5235241521482412,0.004893711711376924,0.5226127268240862,-0.0800641134175919,0.11382581403693708,0.11868554633901839,0.0,False,False,0.5235987755982988
3.968,0.5235335210630009,0.009368914759697124,0.5229941668452578,-0.03391369995867521,0.05157939750514869,0.11382581403693708,0.0,False,False,0.5235987755982988
3.969,0.5235459221369321,0.012401073931191494,0.5226429577305848,-0.06564324143010891,0.09597661133498336,0.05157939750514869,0.0,False,False,0.5235987755982988
3.97,0.5235575455839583,0.011623447026212149,0.522192955441515,-0.10407914619407532,0.15019973825499897,0.09597661133498336,0.0,False,False,0.5235987755982988
3.971,0.5235707802657819,0.01323468182360967,0.5237622452145254,0.0632577457263729,-0.07885174796372622,0.15019973825499897,0.0,False,False,0.5235987755982988
3.972,0.5235879948980752,0.017214632293276667,0.5237927181629362,0.05997926599480985,-0.07546608535724393,-0.07885174796372622,0.0,False,False,0.5235987755982988
3.973,0.5235970182778787,0.009023379803592559,0.5250812399543113,0.1828335185328463,-0.2460845806476408,-0.07546608535724393,0.0,False,False,0.5235987755982988
3.974,0.5235996951032403,0.0026768253615538987,0.5230164598509806,-0.04192784365351593,0.06079509583594784,-0.2460845806476408,0.0,False,False,0.5235987755982988
3.975,0.5235892587056751,-0.010436397565277441,0.5238476552159762,0.04538447721140081,-0.05894120577187397,0.06079509583594784,0.0,False,False,0.5235987755982988
3.976,0.5235847784287572,-0.00448027691791869,0.5238576716347946,0.04184767137209778,-0.054877334303441,-0.05894120577187397,0.0,False,False,0.5235987755982988
3.977,0.523578691055032,-0.006087373725210584,0.5233571759946883,-0.012386659775735533,0.01921278459587121,-0.054877334303441,0.0,False,False,0.5235987755982988
3.978,0.5235716559967974,-0.007035058234556051,0.5242212095896408,0.07525536569708426,-0.10151025068065686,0.01921278459587121,0.0,False,False,0.5235987755982988
3.979,0.5235676372932199,-0.004018703577605283,0.524244152381625,0.07002410832579846,-0.09564571209082998,-0.10151025068065686,0.0,False,False,0.5235987755982988
3.98,0.5235597487953297,-0.007888497890112929,0.5238454688762676,0.023153346957475292,-0.03222449535240837,-0.09564571209082998,0.0,False,False,0.5235987755982988
3.981,0.5235493605774822,-0.010388217847439353,0.5233262728498866,-0.031081590376367475,0.042202957923060086,-0.03222449535240837,0.0,False,False,0.5235987755982988
3.982,0.5235402661589948,-0.009094418487419705,0.5232282622805304,-0.03777448827435178,0.05199862564905305,0.042202957923060086,0.0,False,False,0.5235987755982988
3.983,0.5235358728972875,-0.004393261707353244,0.5223422824527376,-0.12259502222619814,0.16973090329153936,0.05199862564905305,0.0,False,False,0.5235987755982988
3.984,0.5235353943214176,-0.00047857586990375164,0.5228320983845557,-0.06135392682177117,0.0874249020335017,0.16973090329153936,0.0,False,False,0.5235987755982988
3.985,0.5235435477503804,0.008153428962758932,0.5230007437871673,-0.038353993878430706,0.05678936525448374,0.0874249020335017,0.0,False,False,0.5235987755982988
3.986,0.5235537208482531,0.010173097872744848,0.5225728704505613,-0.07730592815118648,0.11123340644069846,0.05678936525448374,0.0,False,False,0.5235987755982988
3.987,0.5235638793430272,0.01015849477398677,0.5239477854268838,0.06791616229617936,-0.08778157166994505,0.11123340644069846,0.0,False,False,0.5235987755982988
3.988,0.5235767489140652,0.01286957103809577,0.5246210037258126,0.12844637595943603,-0.1725357574465705,-0.08778157166994505,0.0,False,False,0.5235987755982988
3.989,0.5235817743478103,0.005025433745011708,0.5227893403849196,-0.06756459572579838,0.09564734871178317,-0.1725357574465705,0.0,False,False,0.5235987755982988
3.99,0.5235766762097812,-0.005098138029017795,0.5238240255242974,0.0426603777845581,-0.05524695200944441,0.09564734871178317,0.0,False,False,0.5235987755982988
3.991,0.523577877985634,0.0012017758527809886,0.5226754457748168,-0.07646363494195485,0.10837629875302142,-0.05524695200944441,0.0,False,False,0.5235987755982988
3.992,0.5235759525073221,-0.0019254783119580627,0.5233098577150612,-0.00537607742332101,0.011651814806261901,0.10837629875302142,0.0,False,False,0.5235987755982988
3.993,0.5235800294112848,0.0040769039626770975,0.5229776032072568,-0.038063920461427495,0.056857807592468626,0.011651814806261901,0.0,False,False,0.5235987755982988
3.994,0.5235834661909705,0.0034367796857155174,0.5241087192320509,0.0788540740641251,-0.10380387428448827,0.056857807592468626,0.0,False,False,0.5235987755982988
3.995,0.5235887111099022,0.005244918931731144,0.5229963566820449,-0.04026758834288924,0.05916464650403728,-0.10380387428448827,0.0,False,False,0.5235987755982988
3.996,0.5235872064852057,-0.0015046246964869848,0.5244700467417692,0.11112817646383051,-0.14903669233906397,0.05916464650403728,0.0,False,False,0.5235987755982988
3.997,0.5235891166490874,0.001910163881663371,0.5233746848220397,-0.009520833155500133,0.015458633759263369,-0.14903669233906397,0.0,False,False,0.5235987755982988
3.998,0.523582996024614,-0.0061206244733469665,0.5230161098463341,-0.04442624741051844,0.06379948042798764,0.015458633759263369,0.0,False,False,0.5235987755982988
3.999,0.5235794537478928,-0.0035422767211700503,0.5224857385798681,-0.09302074931606003,0.13165956551102437,0.06379948042798764,0.0,False,False,0.5235987755982988
4.0,0.523580167323119,0.0007135752261430523,0.523580167323119,-0.09302074931606003,0.13165956551102437,0.06379948042798764,0.0,False,False,0.5235987755982988
