time,actual_dt,position,velocity,position_measured,velocity_estimated,torque_command,torque_applied,load_torque,saturated,safety_fault,target,target_velocity
0.0,0.001012211475333588,0.0,0.0,0.00026591581643884907,0.0,-0.004786484695899283,-0.004786484695899283,0.0,False,False,0.0,0.0
0.001012211475333588,0.0010339089160039429,-2.4520492683578364e-07,-0.0002422467367848927,-0.0009078025460421935,-0.11595584431546062,0.16148755875218423,0.16148755875218423,0.0,False,False,2.512557040745375e-06,0.004962394765115507
0.002046120391337531,0.0009707235309323965,8.214300987868194e-06,0.008182061092383225,0.0006631065131054353,0.04757856517421441,-0.056823734583386326,-0.056823734583386326,0.0,False,False,1.0257962860722411e-05,0.010018181275063168
0.003016843922269928,0.0009545663438437326,1.1256668956903022e-05,0.003134124054984616,0.0008320542254125711,0.06022501656976369,-0.06914225822564932,-0.06914225822564932,0.0,False,False,2.228190820602065e-05,0.014753052806487513
0.0039714102661136605,0.0009004080894439318,1.0237067997343928e-05,-0.0010681300112190088,-0.0016923623252165642,-0.21025438396174445,0.3067396723866522,0.3067396723866522,0.0,False,False,3.858244327570192e-05,0.019397838166415014
0.004871818355557592,0.0010485811490993102,2.197254852375089e-05,0.013033512985933396,-0.0011143934438134265,-0.12503928665656622,0.1996731504939006,0.1996731504939006,0.0,False,False,5.8017006812478916e-05,0.023768848662295696
0.005920399504656902,0.0010008328650288024,4.278035896632365e-05,0.019843776955599336,0.0001543421565836295,0.008460103494055071,0.023226535132394945,0.023226535132394945,0.0,False,False,8.560398124872512e-05,0.02884662206774109
0.006921232369685704,0.0010102865672473413,5.916707126586709e-05,0.016373075737347875,-0.0002168066523060189,-0.029469901781812725,0.0817872111934109,0.0817872111934109,0.0,False,False,0.00011689464986383444,0.03368058801348189
0.007931518936933045,0.0009608202561747194,7.568596100552085e-05,0.016350697193432608,6.102418517572121e-05,0.0009772894768131472,0.04674697918270016,0.04674697918270016,0.0,False,False,0.00015338136312229033,0.038547747793198084
0.008892339193107765,0.001061324901464298,8.976164346035833e-05,0.014649652070072412,-0.0006546596165547925,-0.07360719150707531,0.15537795832861112,0.15537795832861112,0.0,False,False,0.00019263789119900007,0.04316497781712707
0.009953664094572063,0.0010471600288839008,0.00010977343308338274,0.018855479217923143,0.0008771929379197171,0.07808751550738906,-0.04725136108353832,-0.04725136108353832,0.0,False,False,0.0002411506792957156,0.04825201515046715
0.011000824123455964,0.0009939088059256155,0.00012199918367818324,0.011675150175309054,0.0008007506921128974,0.0629788056218869,-0.020781541007768495,-0.020781541007768495,0.0,False,False,0.0002943002651885657,0.0532576111859448
0.01199473292938158,0.0009722068271048859,0.00012941656722841364,0.007462841164107282,0.00018703922122000413,-0.005066336583823598,0.07860095828184455,0.07860095828184455,0.0,False,False,0.00034958934561215356,0.05799621011849797
0.012966939756486466,0.000982165430797071,0.00013833530696031002,0.009173706132526662,0.001122038833247661,0.09161320863618319,-0.04764101664477483,-0.04764101664477483,0.0,False,False,0.0004082220487886666,0.06261961319908908
0.013949105187283537,0.0009600687228787676,0.0001425290872216791,0.004269932671083357,0.000550507952528241,0.024260990109266217,0.05020823342506168,0.05020823342506168,0.0,False,False,0.00047201378356757467,0.06727859716456094
0.014909173910162304,0.001001328207462027,0.00014776359797321378,0.005452225061388306,-0.0006021105377709699,-0.09822094061786112,0.224586878578741,0.224586878578741,0.0,False,False,0.0005387874294241312,0.0718213220231632
0.01591050211762433,0.0009691916140149727,0.00016285983047898076,0.015076208173571769,0.0004846555955564959,0.020133613153812707,0.07000781261699149,0.07000781261699149,0.0,False,False,0.0006130712602887076,0.07654722203032244
0.016879693731639302,0.001029277126027102,0.0001771104721781174,0.014703637023954356,-0.0006596724540495096,-0.0999501104158923,0.24155641113347562,0.24155641113347562,0.0,False,False,0.0006894720895482799,0.0811097307080372
0.017908970857666403,0.000982026571267063,0.00020099707996941614,0.023207168591707142,0.0009675895836168238,0.06814246215874956,0.01790140517811164,0.01790140517811164,0.0,False,False,0.0007754447106922282,0.08594247290104486
0.018890997428933465,0.0009823021468030322,0.00021980937529812486,0.01915660520716471,0.00017624079885973873,-0.019255019573456142,0.14410100606208348,0.14410100606208348,0.0,False,False,0.0008621015275184082,0.09054124121506672
0.019873299575736497,0.0010768626502100996,0.00024120190827863253,0.02177795604960357,7.987906293445581e-05,-0.02713930335656713,0.16244400084517546,0.16244400084517546,0.0,False,False,0.000953294861215644,0.09512946037352794
0.020950162225946596,0.0009637140238723973,0.0002684298140719465,0.02528447410447538,-0.0003257933121257388,-0.06209706448323818,0.21960755430802212,0.21960755430802212,0.0,False,False,0.0010584384310429742,0.10014575462591624
0.021913876249818994,0.0009216042056027268,0.0002981518596163668,0.030841146655717546,0.0013650204396964125,0.11956030692985602,-0.021667292602407153,-0.021667292602407153,0.0,False,False,0.0011571085622375172,0.10462290792306682
0.02283548045542172,0.0010183107596203724,0.0003209002107423918,0.024683428078702892,0.00018604779806728498,-0.020321858915484076,0.17430886269075951,0.17430886269075951,0.0,False,False,0.0012554982965324645,0.10889376918317117
0.02385379121504209,0.0008961065744295313,0.000349720954778024,0.0283025036938396,-2.4065583954124077e-05,-0.03892319575129441,0.20809991599985994,0.20809991599985994,0.0,False,False,0.0013687836134981303,0.11360066295347174
0.024749897789471623,0.001013218931791286,0.00037906618644827154,0.03274747949364055,7.17716933104069e-05,-0.02433602357723813,0.19569375151809132,0.19569375151809132,0.0,False,False,0.001472433786204714,0.11773217129442336
0.02576311672126291,0.001049086007094632,0.00041644649692379454,0.03689262932487625,0.000880973893249563,0.05796207544050706,0.09015159807335286,0.09015159807335286,0.0,False,False,0.0015940839050101,0.12239175699189307
0.02681220272835754,0.0010035057515377058,0.0004536670957737649,0.03547907282935752,0.0007725772035249271,0.04183337952166308,0.11958731913382825,0.11958731913382825,0.0,False,False,0.0017250082759419673,0.12720301271359769
0.027815708479895247,0.0010004637537148104,0.0004894449688119144,0.035652882889137295,0.0008496221189471607,0.04532761743831217,0.12185407145730891,0.12185407145730891,0.0,False,False,0.0018549610990087008,0.1317925922851465
0.028816172233610056,0.0008974695323875223,0.000525394864904854,0.03593323192315015,0.0009013571143664514,0.04596595711891478,0.12804734643574706,0.12804734643574706,0.0,False,False,0.0019890985752889843,0.13635595723486602
0.029713641765997577,0.0010277651842779394,0.0005581109103669937,0.036453655841781916,0.0024270510129983398,0.21136888156600983,-0.09076314643318353,-0.09076314643318353,0.0,False,False,0.002113306874566354,0.14043908828150334
0.030741406950275517,0.0010198146283623307,0.0005846137767465887,0.02578688866388746,0.00022994976847367653,-0.023542638980794672,0.2389162916855473,0.2389162916855473,0.0,False,False,0.0022600430274382103,0.1451028718726934
0.031761221578637845,0.0009414001120812749,0.0006178682654411175,0.03260836603994447,0.00017085215585613733,-0.02698331182650766,0.25235270870234744,0.25235270870234744,0.0,False,False,0.0024103753110875014,0.14971776476364476
0.03270262169071912,0.0010956585373623103,0.0006547078088284916,0.039132716168822475,-5.544286471463502e-05,-0.048323114660058855,0.2897052581666951,0.2897052581666951,0.0,False,False,0.002553320357893662,0.15396648547306263
0.03379828022808143,0.0009387991899629887,0.0007078643940186399,0.04851564915299014,0.0012454078464424344,0.07523694516893054,0.12702049741249663,0.12702049741249663,0.0,False,False,0.002724717866058616,0.15889770938510167
0.034737079418044416,0.0009160354819141425,0.0007536312072353179,0.04875037569906974,0.0017388453908237565,0.12027375024096185,0.0718714208292307,0.0718714208292307,0.0,False,False,0.0028758695817226276,0.16311123806850436
0.03565311489995856,0.0009094471115044668,0.0007961816620142859,0.04645066224951769,0.0006967437464965666,-0.005515773182628622,0.2492211061896997,0.2492211061896997,0.0,False,False,0.003027164350286014,0.16721217291861276
0.036562562011463025,0.001001298545366053,0.0008437107685815045,0.052261539968600154,0.00011053593083390446,-0.06942179963781872,0.34410410893833776,0.34410410893833776,0.0,False,False,0.0031810824946449266,0.17127342602029746
0.03756386055682908,0.0010168935625073548,0.0009071292202115243,0.06333620669231599,0.00018763362847864097,-0.054779848411855375,0.33362476738696883,0.33362476738696883,0.0,False,False,0.0033548120932184278,0.17573311410618855
0.03858075411933644,0.0010220486955467322,0.0009823405932521193,0.07396189317507955,0.0015500899051156148,0.08468032757208505,0.15042619693699,0.15042619693699,0.0,False,False,0.003535811468445356,0.18024966823629726
0.03960280281488317,0.0009831320010892256,0.0010592210339993452,0.07522189606249594,0.0017078326573334297,0.09164627099479157,0.14801738101858652,0.14801738101858652,0.0,False,False,0.0037223497341204643,0.18477633235847482
0.04058593481597239,0.000959366248898207,0.0011342435434962897,0.07630970145801991,0.0016082350599056065,0.07235100047027104,0.18148341870703932,0.18148341870703932,0.0,False,False,0.0039061447119117074,0.18911853794604563
0.041545301064870595,0.001042138229100402,0.0012100063313902744,0.07897170447782087,0.0006292395515817034,-0.036930164825376116,0.33861601570913635,0.33861601570913635,0.0,False,False,0.004089606604365288,0.1933443424738171
0.042587439293971,0.0009551207306719109,0.0013038389567798876,0.09003855992367896,0.0015064379309449136,0.05093579099174748,0.22655021942810255,0.22655021942810255,0.0,False,False,0.004293484537918678,0.1979219414105598
0.04354256002464291,0.0009395079897010084,0.0013943694965796944,0.0947843941531037,0.0014961970745726646,0.04477000645891569,0.24259258656424643,0.24259258656424643,0.0,False,False,0.00448452273275375,0.20210561038973807
0.044482068014343915,0.0010700657833746607,0.0014884968190590872,0.10018788931145561,0.001679338621533456,0.05978635222076195,0.22965421184402363,0.22965421184402363,0.0,False,False,0.004676331455670499,0.20620996957872598
0.04555213379771857,0.0010088785754071425,0.0016015241138394667,0.10562649188157944,0.00236198918243079,0.11760291272435999,0.15759722051851305,0.15759722051851305,0.0,False,False,0.004899485009378303,0.21087149241890818
0.04656101237312572,0.0010235644947695491,0.0017095720828066536,0.10709709929520814,0.0019046960087527424,0.060515742199532034,0.2434608219599944,0.2434608219599944,0.0,False,False,0.005114440295687129,0.21525359619551157
0.047584576867895266,0.0010312920352322252,0.0018252117341323458,0.11297739606699425,0.0024176755847348835,0.10458114435024085,0.19067518540550676,0.19067518540550676,0.0,False,False,0.0053370361269291155,0.2196867240552497
0.04861586890312749,0.0009714101445500342,0.00194500232323039,0.11615583656773794,0.00200397618663115,0.054008359776163764,0.2682728859436932,0.2682728859436932,0.0,False,False,0.005565894895076443,0.22414031743589535
0.04958727904767753,0.000973356870699924,0.002064394741340205,0.12290629120938294,0.0023166990132665252,0.08080019013931647,0.2394691163761112,0.2394691163761112,0.0,False,False,0.005785659743504169,0.22832337616584447
0.05056063591837745,0.0010320290841532823,0.0021892200922976166,0.12824212240640118,0.0027401229957954203,0.1162215831228589,0.1983945605253567,0.1983945605253567,0.0,False,False,0.006009935045006124,0.23250320282249562
0.051592665002530735,0.0009691424388061146,0.0023251982120542137,0.13175803070332953,0.0010535898735002764,-0.058819721819276305,0.44846478583746063,0.44846478583746063,0.0,False,False,0.006252166546187453,0.2369222829549666
0.05256180744133685,0.0010168010345722334,0.002467820839624024,0.14716374173594818,0.002188855077159521,0.06420346286158762,0.28953678943790595,0.28953678943790595,0.0,False,False,0.006483784025143082,0.2410601865067558
0.05357860847590908,0.0009955270223535953,0.0026256125599739733,0.15518446085800053,0.0022151349835362573,0.060367683809646154,0.3033131041244521,0.3033131041244521,0.0,False,False,0.00673109621256326,0.24538918547795122
0.05457413549826268,0.0009402864242079335,0.002788571532250517,0.16369115917243612,0.0022310454337553676,0.05592910913531698,0.3178594969466724,0.3178594969466724,0.0,False,False,0.006977492401623106,0.24961531873952794
0.05551442192247061,0.0010483195384466408,0.0029506559656771137,0.17237772369534246,0.0027105490559143617,0.10133168319466598,0.2637803750406127,0.2637803750406127,0.0,False,False,0.0072140745342311255,0.2535957802204251
0.05656274146091725,0.0009355319025098848,0.003138505691053787,0.17919128518297162,0.004443088091309862,0.2564667343307586,0.05656967151336387,0.05656967151336387,0.0,False,False,0.00748224453089031,0.2580207806648551
0.05749827336342713,0.0010116481722264887,0.0033027417536071672,0.17555367391829274,0.002547161566854015,0.028162458375590893,0.37376464579364643,0.37376464579364643,0.0,False,False,0.007725473883052074,0.26195831179399204
0.05850992153565362,0.0010033492339547418,0.0034926071814963848,0.18767930699795746,0.004337589449667109,0.2023274923907523,0.14244272230217125,0.14244272230217125,0.0,False,False,0.007992632220941435,0.2662041194067801
0.05951327076960836,0.0010633305608646966,0.003681288981478262,0.1880519699389018,0.0022127080616292216,-0.02968409876387218,0.4689884383753259,0.4689884383753259,0.0,False,False,0.008261835270360228,0.2704026917512677
0.06057660133047306,0.000944018738824826,0.0039001294586535895,0.20580662799474822,0.003607887139209004,0.104492716939319,0.2934043057735488,0.2934043057735488,0.0,False,False,0.008551722457363766,0.2748387753116216
0.061520620069297885,0.0009728401649218214,0.004101407783878424,0.21321433245636418,0.0042434366265681756,0.16136726639647397,0.22313052860393132,0.22313052860393132,0.0,False,False,0.008813029711877541,0.27876547728677625
0.06249346023421971,0.0009949846727596585,0.004312904320079684,0.21740111462015677,0.004824479811626515,0.20495701960514087,0.17012306386112078,0.17012306386112078,0.0,False,False,0.009086187681499252,0.2828006214413171
0.06348844490697937,0.0010090423531741543,0.004530835271216522,0.21902945553160255,0.0051514975484706965,0.21732792813593974,0.15943138016336594,0.15943138016336594,0.0,False,False,0.009369618144249327,0.2869156026687319
0.06449748726015353,0.0010434228571868879,0.004752960620112036,0.22013481217787556,0.005445286688403664,0.22471077541503284,0.1555255973309434,0.1555255973309434,0.0,False,False,0.009661228357168651,0.2910763148260109
0.06554091011734042,0.001015554928984573,0.004983629535615074,0.22106944841608195,0.004679309500865557,0.1288296530137482,0.29502492149362625,0.29502492149362625,0.0,False,False,0.009967182995129489,0.2953656518444778
0.066556465046325,0.0010012430291104976,0.005216251315610643,0.2290587868330887,0.0048127732613859,0.12908864160489106,0.3027434633770692,0.3027434633770692,0.0,False,False,0.010269257452412937,0.2995275982203765
0.06755770807543549,0.001051416889492665,0.005453836217639558,0.2372899437212408,0.00620256141917142,0.25498605298174126,0.13699454748205905,0.13699454748205905,0.0,False,False,0.010571206392715223,0.3036185012803001
0.06860912496492814,0.0011048031771355652,0.005703216951896091,0.23718539881632036,0.005536272434771636,0.1661168673687231,0.26655664675979773,0.26655664675979773,0.0,False,False,0.01089268863319316,0.3079011633588984
0.06971392814206372,0.0009322237479197083,0.005973046388833001,0.24423303853678177,0.004859800060587615,0.08827505492403756,0.3836936125209827,0.3836936125209827,0.0,False,False,0.011235337992925821,0.3123866630397834
0.07064615188998342,0.0009997126706675365,0.006211335262741969,0.2556133915711959,0.005222355599986253,0.11833902159244222,0.35089219208473144,0.35089219208473144,0.0,False,False,0.011528311809135059,0.3161598385258197
0.07164586456065096,0.001037981994799287,0.006477391319346592,0.26613252428517226,0.005675017834060757,0.15178435289257275,0.3131768178830231,0.3131768178830231,0.0,False,False,0.011846398490866944,0.32019432460966585
0.07268384655545025,0.001004287132795819,0.006762891655145284,0.2750532641502127,0.007196746249915434,0.283210427457933,0.1391069949162533,0.1391069949162533,0.0,False,False,0.012180922858499137,0.3243702740927219
0.07368813368824607,0.0010717318883525498,0.00703897800109504,0.2749077797911876,0.007163267902795431,0.25155584134324255,0.1884285952572739,0.1884285952572739,0.0,False,False,0.012508707323424215,0.32839807941487237
0.07475986557659862,0.00098329137926941,0.0073362722744302325,0.27739612543598824,0.007938834417694302,0.2987659788346002,0.12933434567543778,0.12933434567543778,0.0,False,False,0.012862959273033337,0.3326827274007128
0.07574315695586803,0.0009492998160340274,0.007608411929370876,0.276763999642552,0.007235563658549306,0.19736726919749814,0.27429701058417844,0.27429701058417844,0.0,False,False,0.013192010902974885,0.3366014026845965
0.07669245677190206,0.0010435255364941156,0.007877098690443443,0.28303677777488884,0.00801545067066261,0.2597844623502819,0.19566863996749834,0.19566863996749834,0.0,False,False,0.013513337784591864,0.34037335561425835
0.07773598230839618,0.0008613550170013041,0.008175341900685917,0.285803461259288,0.008721272507864843,0.3014442111108022,0.14436468788968482,0.14436468788968482,0.0,False,False,0.013870683988491693,0.3445069454761368
0.07859733732539748,0.0009762120601404086,0.008421575806099146,0.28586808058593643,0.008151620023710667,0.20516533058282016,0.2796031383297829,0.2796031383297829,0.0,False,False,0.014168892555075268,0.34790885788717024
0.07957354938553789,0.001118303980450582,0.00870715896593448,0.29254213453812183,0.009105770557782285,0.282388886285005,0.18052078605675975,0.18052078605675975,0.0,False,False,0.014510402868678204,0.35175339000219935
0.08069185336598847,0.001001312179453705,0.009036630958455034,0.29461756220147417,0.008458991604656284,0.19631429605546014,0.3078448307578393,0.3078448307578393,0.0,False,False,0.014906226051598874,0.3561431383161874
0.08169316554544218,0.0010178882117556204,0.009339870453083859,0.30284211143248513,0.009023046203854319,0.23301440927662484,0.26480701086554076,0.26480701086554076,0.0,False,False,0.015264798855652737,0.36006062855426585
0.0827110537571978,0.000952419696105954,0.009654376475051225,0.30897894123846487,0.009321247318556228,0.2390090257409211,0.2636429399387546,0.2636429399387546,0.0,False,False,0.015633321774334786,0.3640303588532049
0.08366347345330376,0.0009988406569909761,0.00995404795020819,0.31464224898140714,0.008910480993137649,0.17197941351308801,0.36218826803052584,0.36218826803052584,0.0,False,False,0.01598179569468073,0.3677332496820467
0.08466231411029473,0.0009928900579015897,0.010279151120186653,0.3254805135364044,0.010704114778002314,0.33435303568503594,0.146346551622826,0.146346551622826,0.0,False,False,0.016351037095805952,0.3716046606036697
0.08565520416819633,0.0010929168217024775,0.010602332673358607,0.3254958095309952,0.010192701855703404,0.2494102244897817,0.26876243773130093,0.26876243773130093,0.0,False,False,0.016721905138536025,0.37544087335670984
0.08674812098989881,0.0009494958828689821,0.010965401935211037,0.33220209868017525,0.010976305110657699,0.29616754535421747,0.21102651391609203,0.21102651391609203,0.0,False,False,0.017134531997460973,0.3796495703155784
0.0876976168727678,0.0008619118176867308,0.011283731696271743,0.3352618655900285,0.011703262299565255,0.34311322800504174,0.15249958801237706,0.15249958801237706,0.0,False,False,0.01749673879580554,0.3832940705717517
0.08855952869045453,0.0010203325562070386,0.011572908791003705,0.33550658988303245,0.01196258075272995,0.3388883302706975,0.16283240657016967,0.16283240657016967,0.0,False,False,0.017828526751986228,0.3865928124236614
0.08957986124666156,0.0010775007904771062,0.011916069527593392,0.33632244164132585,0.012496727574859211,0.35734976470102287,0.1428718980286979,0.1428718980286979,0.0,False,False,0.018224967286701893,0.39048608404729757
0.09065736203713867,0.00096556672224839,0.01227822305497452,0.3361051152647127,0.012192278256468953,0.2933596518003059,0.23767040902027675,0.23767040902027675,0.0,False,False,0.018647925180517704,0.3945836221231386
0.09162292875938706,0.0009088235303012442,0.01260698685904685,0.34048791916397125,0.012237589395881607,0.26871638556780575,0.2777082136377454,0.2777082136377454,0.0,False,False,0.019030689791313553,0.3982433910011144
0.09253175228968831,0.0009463589076250621,0.012921818409331234,0.3464165922068811,0.012852251146625438,0.3094774314926969,0.2283950368131499,0.2283950368131499,0.0,False,False,0.019394184084273573,0.4016776347722665
0.09347811119731338,0.0010216784820179848,0.013253265744627847,0.35023428492726827,0.011780788671885726,0.16531022518767766,0.43183312367071824,0.43183312367071824,0.0,False,False,0.019776003189673555,0.4052429438131254
0.09449978967933136,0.0009718870685324399,0.013625905231763874,0.36473263721870897,0.012363061367240948,0.20577097704837377,0.384891191877179,0.384891191877179,0.0,False,False,0.020191992228323716,0.4090796740297814
0.09547167674786379,0.0010021188546960893,0.013991516451847878,0.37618693768204936,0.012837243289326028,0.23398369633339516,0.35405434856696266,0.35405434856696266,0.0,False,False,0.020591340206388604,0.4127175330499254
0.09647379560255988,0.0008821241714786574,0.014378741706483192,0.3864065153756113,0.013508479676647485,0.2775670409124902,0.3016371337426189,0.3016371337426189,0.0,False,False,0.0210068066587875,0.4164564142992391
0.09735591977403854,0.0009739818481733395,0.01472546449922683,0.39305440657231594,0.015074333325273744,0.42731977361646045,0.10432432472663719,0.10432432472663719,0.0,False,False,0.021375620748371554,0.41973739954219097
0.09832990162221188,0.0010394133126344245,0.015106057357905054,0.39075970398422627,0.014315877816711,0.30671616959306564,0.27442508218662326,0.27442508218662326,0.0,False,False,0.021786197093191177,0.4233489489347157
0.0993693149348463,0.0009867669821301895,0.015518871409118368,0.3971606349422492,0.015188862325331452,0.3600327503996551,0.2072976368663751,0.2072976368663751,0.0,False,False,0.02222822913975929,0.42719027890521677
0.10035608191697648,0.0009487978861260121,0.015913479659691095,0.3999001362214842,0.017047270236263505,0.5123624804750617,0.0030319825784091564,0.0030319825784091564,0.0,False,False,0.022651560586203393,0.4308247773746377
0.10130487980310249,0.0010525964831472172,0.01628619924291578,0.3928334882221526,0.015975300277853197,0.3481443240479729,0.23095682898215109,0.23095682898215109,0.0,False,False,0.023061979609931418,0.43430815821859214
0.10235747628624971,0.0010493489244022007,0.016704100199766838,0.3970191460278812,0.017347703947490255,0.44371258734947633,0.10445872193778769,0.10445872193778769,0.0,False,False,0.023521159099572322,0.43815969501640173
0.1034068252106519,0.0009767297427739634,0.01711810747898757,0.39453728840155455,0.01630337235543741,0.2998194662704292,0.3088320186969832,0.3088320186969832,0.0,False,False,0.023982950153286595,0.44198581488351074
0.10438355495342587,0.0009629083556127791,0.017510965523990178,0.40221775563716344,0.01733168743438785,0.37511895358743447,0.2120238247519227,0.2120238247519227,0.0,False,False,0.02441638509932298,0.44553500924000977
0.10534646330903864,0.0010639030901424663,0.01790103881853393,0.40509908577490167,0.01707198817729633,0.31063675980125116,0.3060144656271666,0.3060144656271666,0.0,False,False,0.024847074472123358,0.44902252006815124
0.10641036639918111,0.0009725035768238344,0.01834071827131226,0.41327020933781955,0.018044856098930827,0.37101636757963274,0.22929108223156258,0.22929108223156258,0.0,False,False,0.025326834880189504,0.45286258772038807
0.10738286997600495,0.0009918318826109451,0.018746229779275005,0.41697688072997363,0.01947953696577164,0.48143921309930116,0.08311505487167589,0.08311505487167589,0.0,False,False,0.025768947224284282,0.45636060494800806
0.10837470185861589,0.0010900483557078938,0.019156345730175932,0.41349341364316367,0.017648974299093515,0.24873148629248953,0.4077603078824168,0.4077603078824168,0.0,False,False,0.026223344491334667,0.4599161899775529
0.10946475021432378,0.0010093430115355575,0.019622204203198892,0.42737413490287385,0.020001310349618162,0.4396594109098494,0.1500394327647537,0.1500394327647537,0.0,False,False,0.026726798892287514,0.46380994340710385
0.11047409322585934,0.0009752289756262865,0.020053359878742457,0.42716467109395256,0.020260823329237964,0.42140454887265344,0.18004422392715308,0.18004422392715308,0.0,False,False,0.0271967562833641,0.467402407833389
0.11144932220148562,0.0009011793503280229,0.02047117350435607,0.4284261809851314,0.019952679855481693,0.34766705560182465,0.28646201929679393,0.28646201929679393,0.0,False,False,0.027654268344617417,0.4708615776787837
0.11235050155181364,0.001001770323715366,0.020862629982576212,0.4343824323955654,0.019600706445906047,0.27384337326476305,0.39287313277205016,0.39287313277205016,0.0,False,False,0.02808003546444793,0.4740477152966766
0.11335227187552901,0.000995670478335395,0.021309729732114407,0.44630963700341086,0.02137267460198689,0.42334271018299435,0.1943944103374612,0.1943944103374612,0.0,False,False,0.028556691591442102,0.4775777972890505
0.1143479423538644,0.0009688079275725056,0.021756024829342357,0.4482357435906763,0.02129395527241897,0.3731022763045159,0.26888607117342334,0.26888607117342334,0.0,False,False,0.029033943337910047,0.48107418130000257
0.11531675028143691,0.0010462773522091735,0.022195583474906536,0.4537108265263251,0.022398631773866827,0.44981635318360635,0.16943226398177427,0.16943226398177427,0.0,False,False,0.02950165505994545,0.48446455721057224
0.11636302763364609,0.0009354293173676953,0.022671009800723455,0.4543979899909665,0.022690079395123908,0.4326903930972194,0.19827390920109866,0.19827390920109866,0.0,False,False,0.030010449221016495,0.48811310337641284
0.11729845695101378,0.0009208561803799346,0.023097901151583767,0.4563587466571887,0.024495716928708486,0.582449036377739,-0.0017910901296296078,-0.0017910901296296078,0.0,False,False,0.03046856573054309,0.4913637292421953
0.11821931313139371,0.0009605917724119958,0.02351143020195244,0.4490701796648159,0.023302553012823378,0.39463298565890603,0.25706351967621915,0.25706351967621915,0.0,False,False,0.030922510389305498,0.49455322474185687
0.1191799049038057,0.000997279417076602,0.02394746950388103,0.45392779165046976,0.023054299447273136,0.3293258715742867,0.3524596949333248,0.3524596949333248,0.0,False,False,0.03139916773243401,0.49786925974131097
0.1201771843208823,0.0009235030162778157,0.024409916330500325,0.4637083837295071,0.024566363835429882,0.4480122151062301,0.1959038434735723,0.1959038434735723,0.0,False,False,0.031897394196564566,0.5012999625838535
0.12110068733716012,0.000939566475232041,0.02483980727158859,0.46550031078506326,0.025031790595527428,0.45360896218843866,0.1929687586940044,0.1929687586940044,0.0,False,False,0.03236180894554789,0.5044659858498021
0.12204025381239215,0.0009560943344517663,0.025278752797615385,0.46717878681057745,0.026464867714622572,0.5607734228094312,0.05098723096592342,0.05098723096592342,0.0,False,False,0.03283729729173622,0.507676338290996
0.12299634814684392,0.0009954407313230002,0.025720557280624525,0.46209298297167944,0.026449329323706597,0.5030708861981729,0.1331817989002464,0.1331817989002464,0.0,False,False,0.033324241036667514,0.5109320429206311
0.12399178887816692,0.0009614916169997695,0.026179364995336907,0.46090912324091593,0.026490793744698826,0.4569292310077392,0.2010438723411203,0.2010438723411203,0.0,False,False,0.03383452579558765,0.5143098105286737
0.12495328049516669,0.00104532282268136,0.026624566989788184,0.46303263240139586,0.027901539660074873,0.5579610312881349,0.06724274664930856,0.06724274664930856,0.0,False,False,0.03433059419258664,0.5175608355082155
0.12599860331784804,0.000885585863407019,0.02710367935339883,0.4583391400387412,0.026066287887198933,0.32659698560083694,0.39191153916215404,0.39191153916215404,0.0,False,False,0.03487345412166729,0.5210824413856066
0.12688418918125505,0.0010160297622237007,0.027518802682738167,0.4687555961454458,0.026960514150679994,0.3949129575466939,0.30573391423002727,0.30573391423002727,0.0,False,False,0.03533623448711201,0.5240554143585697
0.12790021894347875,0.000965864188728738,0.028002723512133742,0.4762860768334757,0.027194133464769118,0.3784150152128752,0.33502043680785354,0.33502043680785354,0.0,False,False,0.03587041821405428,0.5274544413134756
0.1288660831322075,0.0010186578974615522,0.028471003440149103,0.48482999316053726,0.028130830214068148,0.4375536854621035,0.2602549308812912,0.2602549308812912,0.0,False,False,0.036381423270853475,0.5306738986780662
0.12988474102966904,0.001094171734075225,0.02897014385327197,0.489998079204708,0.027768758551199268,0.35825432675284186,0.37575247178120524,0.37575247178120524,0.0,False,False,0.03692372258348215,0.5340569260862696
0.13097891276374427,0.0009918396481341642,0.029519248869037052,0.5018453672897836,0.03007352263249059,0.5330689617666822,0.13938667909579483,0.13938667909579483,0.0,False,False,0.03751005416368868,0.5376765547118731
0.13197075241187842,0.0010051550683381134,0.030015977826574107,0.5008157906083849,0.029822051939722323,0.4544080990248207,0.25185667163507947,0.25185667163507947,0.0,False,False,0.03804496495505266,0.5409449634907652
0.13297590748021654,0.001037098380759069,0.030524012368292105,0.5054290205768595,0.029240491743385666,0.35110953018985996,0.4000600782002488,0.4000600782002488,0.0,False,False,0.03859035805638733,0.5442449339950424
0.13401300586097561,0.000928960085462344,0.03106107873742923,0.5178547947823806,0.030174818798356706,0.40608907121707927,0.3315284763842855,0.3315284763842855,0.0,False,False,0.0391565535758497,0.5476367798749223
0.13494196594643795,0.0010284179879942118,0.03154948470882905,0.5257556046196914,0.031823077153259105,0.5429106458455166,0.15048881303772385,0.15048881303772385,0.0,False,False,0.03966669307329754,0.5506637512430433
0.13597038393443217,0.001036117759883585,0.03208956929663048,0.5251605807234021,0.03282097270454032,0.5856516793894188,0.0954684383954156,0.0954684383954156,0.0,False,False,0.04023472348154303,0.5540024497305578
0.13700650169431575,0.0009885718565336747,0.03263012559687613,0.5217131885726796,0.03437260201369133,0.6768406580568767,-0.027503502867198562,-0.027503502867198562,0.0,False,False,0.040810472188769646,0.5573530197080364
0.13799507355084942,0.0010280635280592385,0.03313662957544432,0.5123592940873256,0.03567945427454978,0.7413525729703643,-0.11467364409468121,-0.11467364409468121,0.0,False,False,0.04136303075750175,0.5605375556471837
0.13902313707890865,0.001001845692028249,0.033648799898605954,0.4981893717487474,0.034010440351705445,0.5048719082844412,0.21350761408275387,0.21350761408275387,0.0,False,False,0.04194099589261834,0.563836586906376
0.1400249827709369,0.0009572713689710647,0.03415060130945498,0.5008769462621767,0.03328706639602744,0.382180588473466,0.3877975177434428,0.3877975177434428,0.0,False,False,0.04250747834213373,0.5670390074014072
0.14098225413990795,0.0009297079641562463,0.03464051057824988,0.5117767904429049,0.032779949208066844,0.290987249637784,0.5198126136539569,0.5198126136539569,0.0,False,False,0.043051748533664294,0.5700874377987863
0.1419119621040642,0.0010444972220847511,0.03513182314453575,0.528459027165335,0.03536544546769719,0.5399862025805086,0.18757977033017115,0.18757977033017115,0.0,False,False,0.043583135454884354,0.5730373280478437
0.14295645932614895,0.0010844809681313948,0.035685177379344006,0.5297804753408453,0.03497575244244729,0.44867843328785395,0.3189300162415803,0.3189300162415803,0.0,False,False,0.044183396697774796,0.5763387829925917
0.14404094029428036,0.0009561589489820945,0.036268919994415325,0.5382691187998694,0.03590645240630541,0.48963044214713897,0.2684152630611699,0.2684152630611699,0.0,False,False,0.04481027747302885,0.5797524520305957
0.14499709924326246,0.0010139164105303895,0.03678840675884628,0.5433058645573381,0.03625425153462069,0.477042012078487,0.2908621731607076,0.2908621731607076,0.0,False,False,0.04536604703537852,0.5827502238677092
0.14601101565379285,0.0009348399765065637,0.03734582190156637,0.5497643956946161,0.03722295867532801,0.5248789354294745,0.23048544956435152,0.23048544956435152,0.0,False,False,0.045958513449343284,0.5859168217895383
0.1469458556302994,0.0009720523841833125,0.037862669627348404,0.5528729395093477,0.03879291286676907,0.6403293233994636,0.0770597303756472,0.0770597303756472,0.0,False,False,0.04650761222193796,0.5888252750516363
0.14791790801448274,0.0009708247114966412,0.03839597279647524,0.5486362441000544,0.03853302352584832,0.5495602454412849,0.20460507401983186,0.20460507401983186,0.0,False,False,0.047081446499725704,0.5918381291829841
0.14888873272597938,0.0009386744637611189,0.038930521076606266,0.550612560435297,0.03879208606587178,0.5212890113599041,0.24783288625015992,0.24783288625015992,0.0,False,False,0.0476574735280942,0.5948356046350344
0.1498274071897405,0.000991954558745765,0.039451058166248866,0.5545448499332654,0.03854727977137657,0.44308011082621984,0.3596295667452914,0.3596295667452914,0.0,False,False,0.04821718644208405,0.5977228163866838
0.15081936174848626,0.0010453057924623562,0.04001074828898039,0.5642295988227474,0.038549311723376126,0.39897694299792236,0.4268636049282196,0.4268636049282196,0.0,False,False,0.04881160875734831,0.600762158261856
0.15186466754094863,0.0010237774640316393,0.04061483964674186,0.5779087441374022,0.04019045593715092,0.5160805994616097,0.27195998505082497,0.27195998505082497,0.0,False,False,0.04944125721766243,0.6039519011296245
0.15288844500498028,0.000969971911741969,0.04121203034094553,0.5833208047498244,0.04116509621135049,0.5596729427711948,0.2169972174111856,0.2169972174111856,0.0,False,False,0.05006116317307128,0.6070629528547044
0.15385841691672225,0.0010669862672298945,0.04178020284787053,0.5857618143855552,0.04332301274469392,0.7261777126044715,-0.007503529474820775,-0.007503529474820775,0.0,False,False,0.05065142188353537,0.6099986342928324
0.15492540318395215,0.001006860573285155,0.04239527731336226,0.5764595893896381,0.042508963279920355,0.5772656637347169,0.20144936621215456,0.20144936621215456,0.0,False,False,0.05130399898719996,0.613214599968985
0.15593226375723732,0.0010860756554259743,0.0429774826993032,0.578238339436948,0.04383508470714278,0.6512476439473524,0.10356811270068089,0.10356811270068089,0.0,False,False,0.05192294296614518,0.6162365306462171
0.1570183394126633,0.0009307206739291778,0.04360179589465558,0.5748339834645377,0.04316607828789438,0.5245243697337034,0.28365181927453886,0.28365181927453886,0.0,False,False,0.052593986326825506,0.6194822652118522
0.15794906008659249,0.0011469772230480457,0.04414190208370385,0.5803096505508344,0.04310784357495587,0.4658149842934355,0.36887661973652525,0.36887661973652525,0.0,False,False,0.05317184112242189,0.6222522041952162
0.15909603730964053,0.0009873201899598344,0.04482082087994165,0.5919200334541965,0.04397859762158454,0.49515077777985295,0.3349606799738431,0.3349606799738431,0.0,False,False,0.053887501014166644,0.625651126869324
0.16008335749960037,0.0009370545869868539,0.04541340465846044,0.6001941260239959,0.04478052552608895,0.5268583785877308,0.29711712483951347,0.29711712483951347,0.0,False,False,0.05450665795518239,0.6285639961842571
0.1610204120865872,0.0009428796851998628,0.04598148733758434,0.606242888101742,0.04783892758058615,0.8005571608962465,-0.0724432274451762,-0.0724432274451762,0.0,False,False,0.055096947665752134,0.6313175034144433
0.1619632917717871,0.0010428876628210688,0.046542391273651514,0.5948838912021722,0.045825596174427115,0.5069714008612728,0.330149397850352,0.330149397850352,0.0,False,False,0.05569350602696322,0.6340772512818579
0.16300617943460816,0.0010415304844433174,0.04717162840526791,0.6033604136367597,0.047903348272649145,0.6555049327155533,0.13008876723942375,0.13008876723942375,0.0,False,False,0.0563563635924417,0.6371170089515181
0.16404770991905146,0.0010369226480031037,0.04779797580960839,0.6013721285126393,0.0470100232014404,0.5041840194177214,0.34335342649795575,0.34335342649795575,0.0,False,False,0.057021515537819034,0.640139489787005
0.16508463256705455,0.001026758660428837,0.048430973363660694,0.6104578343151503,0.04924392417852965,0.6692012607605549,0.12069351271244289,0.12069351271244289,0.0,False,False,0.0576868450633095,0.6431353747492262
0.1661113912274834,0.0009399799340867517,0.04905522852805888,0.6079862663514923,0.0493911616189229,0.6166211588856837,0.19659710179438766,0.19659710179438766,0.0,False,False,0.05834870726104759,0.646088892415803
0.16705137116157015,0.0009891834120999345,0.04962795855919301,0.6093002737240056,0.04949126620681623,0.5656086945761765,0.27019562241998935,0.27019562241998935,0.0,False,False,0.058957284176992864,0.6487814437068514
0.1680405545736701,0.0008807668154470026,0.05023563172044401,0.6143179857423766,0.05020005970581933,0.5807022312006833,0.2542881250847029,0.2542881250847029,0.0,False,False,0.05960044464016445,0.6516032280894256
0.16892132138911709,0.000952719692676001,0.05078000508913998,0.6180675283726402,0.050208595029800546,0.5236010868233106,0.3360089864443667,0.3360089864443667,0.0,False,False,0.06017545785669357,0.6541056331235542
0.16987404108179308,0.0010300052947637142,0.051376409473328534,0.62600194870893,0.051765680904202624,0.6346768645168066,0.18916620918977248,0.18916620918977248,0.0,False,False,0.06079992238064496,0.6568017500283153
0.1709040463765568,0.0009026285108119219,0.052022207225136875,0.6269848855063296,0.0516251592364304,0.5575663678304018,0.29991504418385884,0.29991504418385884,0.0,False,False,0.06147792746933089,0.6597040478234435
0.1718066748873687,0.0011154100912010804,0.052593427527642525,0.6328409701925218,0.05152388473218461,0.49058977698733613,0.3958881142989341,0.3958881142989341,0.0,False,False,0.06207453893734685,0.6622367258256809
0.17292208497856978,0.0010600735918625168,0.05331331752908901,0.6454038807119824,0.05219810661374765,0.5019768977129976,0.3871539504412877,0.3871539504412877,0.0,False,False,0.06281494364115804,0.6653526343362481
0.1739821585704323,0.0009395389882141957,0.05400960282613777,0.6568273206630968,0.05416021419680837,0.6368708466847552,0.20622383471509614,0.20622383471509614,0.0,False,False,0.06352182972753022,0.668299809319841
0.1749216975586465,0.00103314870374415,0.054628204121893904,0.6584093938793563,0.05600622120258471,0.7696638473488835,0.02808885007345939,0.02808885007345939,0.0,False,False,0.06415094595754291,0.6709003510857267
0.17595484626239066,0.0010247754504937284,0.05530072251804615,0.6509405603617666,0.0554403415396679,0.6379251282088847,0.2122807231651276,0.2122807231651276,0.0,False,False,0.06484555767172323,0.673747488865661
0.1769796217128844,0.0009900987329549418,0.0559699015427884,0.6530006397204807,0.05586637007230479,0.6157054821493572,0.24710299686130116,0.24710299686130116,0.0,False,False,0.06553743904350713,0.6765586116324064
0.17796972044583934,0.0010265675855832793,0.05662010603923667,0.6567067251038142,0.05686953640045314,0.6554547614181317,0.19667296536802487,0.19667296536802487,0.0,False,False,0.0662086383540588,0.6792623699207343
0.17899628803142262,0.0009837858606146104,0.05729553167430943,0.6579456088017779,0.05843523319578767,0.7424269389917261,0.08004994344166867,0.08004994344166867,0.0,False,False,0.06690738058403965,0.6820530143693369
0.17998007389203724,0.0009962302533299112,0.05793832887876069,0.6533913834151652,0.05812977622726371,0.6371351132893045,0.227194494991734,0.227194494991734,0.0,False,False,0.06757968519189175,0.6847152246463288
0.18097630414536714,0.0010247550061645585,0.05859198263577641,0.6561271903065315,0.05823338097756884,0.5838212811468704,0.3048292405890359,0.3048292405890359,0.0,False,False,0.06826315705737247,0.6873990071073458
0.1820010591515317,0.0010214817753280152,0.05927130087236715,0.6629079462937028,0.06023671989577645,0.7209335791297617,0.12023672865480797,0.12023672865480797,0.0,False,False,0.0689689817034019,0.6901469258943865
0.1830225409268597,0.0010145742450019667,0.059945694829714936,0.6602114434505955,0.06031985540672892,0.6569789382218714,0.2114720267108155,0.2114720267108155,0.0,False,False,0.06967534774165766,0.6928732421236198
0.18403711517186166,0.001015630718539068,0.06061751785949733,0.6621723674654195,0.06195771778787542,0.7527145116116698,0.08302017560964274,0.08302017560964274,0.0,False,False,0.0703796873989763,0.6955684471198588
0.18505274589040074,0.0010469005388092259,0.061285401073341225,0.6576043847951056,0.061445303284969284,0.6269902242421596,0.2590757105964847,0.2590757105964847,0.0,False,False,0.07108749281893458,0.6982538067297508
0.18609964642920998,0.0010381575007875799,0.06197858587261561,0.6621305210739812,0.060910035063004124,0.5131623503060331,0.42179375220117654,0.42179375220117654,0.0,False,False,0.07181993827382216,0.701008595644743
0.18713780392999757,0.0009396844038943523,0.06267939036693454,0.6750464103830918,0.061485446231020244,0.5172723071181506,0.42289165657014927,0.42289165657014927,0.0,False,False,0.07254910786572877,0.7037270964059805
0.18807748833389193,0.0009612860673341433,0.06332470943775209,0.686740216335559,0.06476541584428094,0.8145952042649505,0.02192760495542087,0.02192760495542087,0.0,False,False,0.0732115408462499,0.7061763333649336
0.18903877440122607,0.001072402259723576,0.06397779356065182,0.6793858197808712,0.06548197566222332,0.8076774713762223,0.03256467185318729,0.03256467185318729,0.0,False,False,0.07389157810634044,0.7086706612587882
0.19011117666094965,0.001077558166066613,0.0646982154124605,0.6717832280532269,0.06454155534534194,0.6392168544824524,0.26867449059656956,0.26867449059656956,0.0,False,False,0.07465304427084847,0.711439929430329
0.19118873482701626,0.0010273756593726629,0.06542761233320132,0.6768979566117719,0.06509321831291533,0.6264908246327456,0.2911638266001443,0.2911638266001443,0.0,False,False,0.07542115499431663,0.7142082965785129
0.19221611048638892,0.0009858937610674919,0.06612921612984081,0.6829087201344674,0.06740456686654604,0.7888177314820924,0.07115065901159004,0.07115065901159004,0.0,False,False,0.07615626535621989,0.7168344699799765
0.19320200424745643,0.0010407570144100554,0.06679746241913245,0.6778076053225941,0.06583138281305019,0.5503666299112688,0.40136212233936475,0.40136212233936475,0.0,False,False,0.0768642252582125,0.7193424285166381
0.1942427612618665,0.0010338762100080183,0.06751519692447576,0.6896273533646539,0.06673440030510912,0.5820954154884416,0.3636953511442407,0.3636953511442407,0.0,False,False,0.07761425806802552,0.7219770083315628
0.19527663747187451,0.000922493870729556,0.06823826196638622,0.6993729374088749,0.06879967050306748,0.7236457850359508,0.17324492255518326,0.17324492255518326,0.0,False,False,0.07836204015842936,0.7245810090015087
0.19619913134260408,0.001003302412643937,0.06888331412115994,0.699248174151651,0.06853895618920311,0.6230193045147101,0.3135152263843631,0.3135152263843631,0.0,False,False,0.07903152908404618,0.7268933997457
0.197202433755248,0.0009299134395794022,0.06959179577803008,0.7061496593067366,0.0695873261061244,0.6652092903299004,0.26017021093724435,0.26017021093724435,0.0,False,False,0.07976207969959088,0.7293964955422735
0.19813234719482742,0.0009769774818463093,0.07025207182839605,0.7100403352215228,0.07010944099248326,0.6548349728132471,0.2782203881129227,0.2782203881129227,0.0,False,False,0.08044142969710423,0.7317054656713681
0.19910932467667372,0.0010015784284248127,0.07095060530507019,0.7149944493644321,0.07124519467244397,0.7056032521659497,0.21264088735680917,0.21264088735680917,0.0,False,False,0.08115746982064274,0.7341198644069757
0.20011090310509855,0.0010860183289395553,0.07166850598714294,0.7167693130150602,0.07289676561924407,0.7999397438064764,0.08592169888863217,0.08592169888863217,0.0,False,False,0.08189398292981831,0.7365828998883897
0.2011969214340381,0.0008941752378393795,0.07244153940668024,0.7118051315875338,0.07252058965058264,0.6853076828818611,0.24786442633472744,0.24786442633472744,0.0,False,False,0.08269536942297032,0.7392396749083188
0.2020910966718775,0.0009821796579481449,0.07308085313216102,0.714975877687656,0.07364279573836104,0.7422787223254586,0.17382709097702903,0.17382709097702903,0.0,False,False,0.08335735309545121,0.7414162711166301
0.20307327632982564,0.0010341244141704126,0.07378292529986268,0.7148103323259104,0.07199381263008661,0.5001606789892588,0.5100345716137406,0.5100345716137406,0.0,False,False,0.08408672659616992,0.7437957791761263
0.20410740074399605,0.001033368399244165,0.07453992581330017,0.7320207347050858,0.07449741098730064,0.6922429817416484,0.25133052100775594,0.25133052100775594,0.0,False,False,0.0848571939098831,0.7462883387427083
0.20514076914324023,0.0010425496745091588,0.07530025822051695,0.7357805868390271,0.07456440099206232,0.6295013672658315,0.34229228913504256,0.34229228913504256,0.0,False,False,0.0856296659756106,0.7487659667918095
0.20618331881774937,0.000950316808957664,0.0760762277068851,0.7442997732779322,0.07501261266335006,0.6095431073050974,0.3752326380885984,0.3752326380885984,0.0,False,False,0.08641158892715486,0.7512523284218574
0.20713363562670703,0.000993538798667625,0.07679238463354109,0.7535980842446447,0.07602605212668669,0.6552310714227191,0.31774090175968617,0.31774090175968617,0.0,False,False,0.08712658889618732,0.753507104679948
0.20812717442537465,0.0009768718864090475,0.077547897697318,0.7604263314025387,0.07725631998990194,0.7135348208526409,0.24194263798511817,0.24194263798511817,0.0,False,False,0.0878763936038933,0.7558525816303691
0.2091040463117837,0.0010655134369621354,0.07829365253059535,0.7634110917233203,0.07909292828017031,0.8301904642034343,0.08496096992928086,0.08496096992928086,0.0,False,False,0.08861588632293768,0.7581469018363245
0.21016955974874582,0.00099311041045067,0.07910162142301025,0.7582906647507682,0.07794412541805869,0.6393545829821191,0.3521940392498919,0.3521940392498919,0.0,False,False,0.08942502938484183,0.7606360561886153
0.21116267015919649,0.0010009031041288594,0.079863146545052,0.766808115218705,0.07988987756508065,0.7713441826176957,0.1751697060040965,0.1751697060040965,0.0,False,False,0.09018157175798294,0.762943524727575
0.21216357326332536,0.0010095523287455069,0.08063033786277145,0.7664990892271993,0.08020782032531214,0.7259753527450452,0.24043156936123405,0.24043156936123405,0.0,False,False,0.09094636303443066,0.7652568532426292
0.21317312559207086,0.0009345275432872117,0.08140717112046511,0.7694829040303123,0.0811212224021244,0.7438537691180668,0.2192485798198232,0.2192485798198232,0.0,False,False,0.09172010244234534,0.7675777183646053
0.21410765313535807,0.0010258799188838286,0.08212791989856603,0.7712440187323807,0.0830029911811512,0.8708288328421415,0.048501152544727394,0.048501152544727394,0.0,False,False,0.0924384244524268,0.7697149608936138
0.2151335330542419,0.0009447307416694022,0.08291211455458183,0.7644117421354883,0.08338170886115817,0.8206623247628362,0.11891963172147596,0.11891963172147596,0.0,False,False,0.09322925778929676,0.7720487839419873
0.2160782637959113,0.0010091578095544503,0.08363150061498757,0.7614720561908822,0.08479860063422841,0.8885744629031892,0.02763336188063692,0.02763336188063692,0.0,False,False,0.09395964668966705,0.7741865736388069
0.21708742160546576,0.0009637261562862081,0.0843921408494192,0.7537376485918099,0.08425730920862215,0.7460790800600886,0.22518046830401417,0.22518046830401417,0.0,False,False,0.09474207030849437,0.7764580538153505
0.21805114776175197,0.0010599142379061717,0.08512062175960454,0.7559003202658581,0.08451329726067544,0.6980334948034965,0.2943044524572654,0.2943044524572654,0.0,False,False,0.09549140380480009,0.7786156070226813
0.21911106199965813,0.001001894983837172,0.0859282053424479,0.7619329507628023,0.0857328516717387,0.7432917576166526,0.23575155492556857,0.23575155492556857,0.0,False,False,0.09631792134836409,0.7809753415719123
0.2201129569834953,0.001096547270830495,0.08669433238354687,0.7646779886698083,0.08690595075520709,0.786050610280433,0.18009082688229916,0.18009082688229916,0.0,False,False,0.09710148869979976,0.7831932301801255
0.2212095042543258,0.0008882999195492007,0.08753277280948252,0.7646185880346348,0.08768686213329858,0.7786610270402334,0.1932802750256254,0.1932802750256254,0.0,False,False,0.09796162159644704,0.7856065309476944
0.222097804173875,0.0010686169266602302,0.08821246125677881,0.7651564886341772,0.08726615414528749,0.653433894716327,0.36603551082403807,0.36603551082403807,0.0,False,False,0.09866034003355025,0.7875506987457507
0.22316642110053525,0.0010429995683227226,0.08904067329017479,0.7750317375042868,0.08911964052161564,0.761537727545476,0.22091035179005344,0.22091035179005344,0.0,False,False,0.0995031740823614,0.7898766839593342
0.22420942066885796,0.0010146266515239496,0.08985114734733816,0.7770607791014893,0.09005031413770079,0.7746144438870831,0.2060245646278355,0.2060245646278355,0.0,False,False,0.10032819315781283,0.7921333957752654
0.2252240473203819,0.0011103606093109816,0.09064080206276455,0.7782712135940253,0.09283771260218666,0.9718745889913433,-0.06375486459092436,-0.06375486459092436,0.0,False,False,0.10113302109831106,0.7943159077237071
0.2263344079296929,0.0009285969075965973,0.09148979806235745,0.7646128586277317,0.09312765396311637,0.9007994902118303,0.035064401179322746,0.035064401179322746,0.0,False,False,0.10201631757090131,0.7966898704111585
0.22726300483728948,0.0010106291409272725,0.09219351595423071,0.7578292433631231,0.09144892066483074,0.6299378387584751,0.4060170386356743,0.4060170386356743,0.0,False,False,0.10275703854064451,0.7986636028176637
0.22827363397821676,0.0010623607751350035,0.0929709106505459,0.7692185637967113,0.09272012135682178,0.6927271577550319,0.32489971988579924,0.32489971988579924,0.0,False,False,0.10356527169257362,0.8007996692902537
0.22933599475335176,0.0010303598769050926,0.09379618828580492,0.7768336845401191,0.0925190942186033,0.6045317611987988,0.45236560511947865,0.45236560511947865,0.0,False,False,0.1044171966142155,0.8030315628641813
0.23036635463025684,0.000981073423155428,0.09461095032552423,0.7907548207007248,0.09409546121010988,0.6970704694525164,0.3304396467481625,0.3304396467481625,0.0,False,False,0.10524571761018964,0.8051829957414555
0.23134742805341227,0.0010323975686225369,0.0953938219035341,0.7979745037755807,0.09566923922595509,0.7877773098576597,0.20994411251637451,0.20994411251637451,0.0,False,False,0.10603666114879581,0.8072194081120276
0.2323798256220348,0.0009792389175947655,0.09621904009630536,0.7993221001791888,0.09727134589538512,0.8641826903129273,0.10699646264871386,0.10699646264871386,0.0,False,False,0.10687113323040894,0.8093495991614983
0.23335906453962957,0.0009829626453040563,0.09699807803596883,0.7955545124543938,0.09636183236138372,0.6848847861221812,0.3552188517261954,0.3552188517261954,0.0,False,False,0.10766466417738543,0.811358018653985
0.23434202718493363,0.0009668990025258665,0.09778836730116439,0.803987078218119,0.09721751684269525,0.7034478842305456,0.33431925121594164,0.33431925121594164,0.0,False,False,0.10846318481067355,0.8133622407241559
0.2353089261874595,0.0010527129913713916,0.0985727533210656,0.8112388345133671,0.09669889014302091,0.579464949701278,0.5089589105403072,0.5089589105403072,0.0,False,False,0.10925057238739339,0.815322141485947
0.23636163917883088,0.0010156071223678057,0.09944471121020777,0.8282959327843504,0.09930275841549296,0.7688668102482545,0.2528215275770072,0.2528215275770072,0.0,False,False,0.11010999008779017,0.8174429414779691
0.2373772463011987,0.0011258218457685734,0.10028936703989076,0.8316757642598431,0.09936223556451133,0.6978364439054001,0.35438938618782356,0.35438938618782356,0.0,False,False,0.11094122447705301,0.8194760987071279
0.23850306814696726,0.0010423473375427688,0.10123632340385635,0.84112452385317,0.10077430034398578,0.7534780419527933,0.2815183345019141,0.2815183345019141,0.0,False,False,0.11186507039050368,0.8217151033399532
0.23954541548451003,0.0009258293145756304,0.10211818621150923,0.8460354585178695,0.10135298082847803,0.733647286983776,0.3128065061885762,0.3128065061885762,0.0,False,False,0.1127226572609104,0.8237742289877708
0.24047124479908566,0.001040128162395042,0.10290683318990104,0.851827616576719,0.1028245735932487,0.8192311616189621,0.19954180623929363,0.19954180623929363,0.0,False,False,0.11348617387323198,0.8255919959519576
0.2415113729614807,0.0009455598157901953,0.1037934595091894,0.8524202606405528,0.10225955211994157,0.6829857519421892,0.3911182517541095,0.3911182517541095,0.0,False,False,0.11434595204913012,0.8276216294661191
0.2424569327772709,0.0009861914616657672,0.10460854543066088,0.8620141294713431,0.10332830694027083,0.727715966939959,0.3345065044335618,0.3345065044335618,0.0,False,False,0.11512938554836852,0.8294552081797951
0.24344312423893666,0.0010070567536655352,0.10546573408439536,0.869190909731271,0.10732385271906908,1.0600934649308238,-0.11924458400054114,-0.11924458400054114,0.0,False,False,0.11594832539058093,0.8313558881910283
0.24445018099260218,0.0009454809464949041,0.1063254010002599,0.8536429677230104,0.1052019128548721,0.7433770399664001,0.3164118402874232,0.3164118402874232,0.0,False,False,0.11678652009009585,0.8332844650108965
0.2453956619390971,0.0009747295646055046,0.10713823072197283,0.8596997377115324,0.10618110474535163,0.7726048170203934,0.28006895635556317,0.28006895635556317,0.0,False,False,0.11757522615421301,0.835083792850442
0.2463703915037026,0.0009663079136263543,0.10798054233550372,0.864149035914174,0.10958355179268538,1.0444100834893144,-0.09046135841550604,-0.09046135841550604,0.0,False,False,0.11839010642291704,0.8369272986895844
0.24733669941732894,0.0010070456940187086,0.1088025228623849,0.8506403758988754,0.11133767221712672,1.121497178108979,-0.19778781553010524,-0.19778781553010524,0.0,False,False,0.11919971425851711,0.8387433678797022
0.24834374511134766,0.0009963241642187155,0.10963959182973931,0.8312124984259855,0.1086172070757647,0.7392042922650839,0.3274093593922401,0.3274093593922401,0.0,False,False,0.1200453150432935,0.8406238055790186
0.24934006927556637,0.000994791098505868,0.11047474284362709,0.8382322178672365,0.11015338500547782,0.8194684130959101,0.2207512151427778,0.2207512151427778,0.0,False,False,0.12088377055356614,0.8424719758269001
0.25033486037407227,0.0010853160662168452,0.11131027591987336,0.8399080746713601,0.11160833936699212,0.8837788476806828,0.13469125835596013,0.13469125835596013,0.0,False,False,0.12172276699457585,0.8443051485635603
0.25142017644028913,0.0010271226057943944,0.11221874954945552,0.837059044697349,0.1137273228327729,0.9906421034189975,-0.012789479408147925,-0.012789479408147925,0.0,False,False,0.12264018403781407,0.84629128583659
0.25244729904608354,0.0010216493045181378,0.1130679749737327,0.826800441822987,0.11220677971047346,0.7435387871591222,0.32900755252397895,0.32900755252397895,0.0,False,False,0.1235103885313082,0.8481576152832503
0.2534689483506017,0.00105486495273908,0.11392013088348628,0.83409826247129,0.11370608558379182,0.8159383850704469,0.23296710262068304,0.23296710262068304,0.0,False,False,0.12437785098576588,0.8500011562247385
0.2545238133033408,0.0010931140580801462,0.11480256452055239,0.8365370702427558,0.11548091952563985,0.9025967893969014,0.11545547226981034,0.11545547226981034,0.0,False,False,0.12527548548272904,0.8518911935987388
0.25561692736142094,0.0010699122635412616,0.11571272513266735,0.8326309641589454,0.11609213010643801,0.8682517312856762,0.1647817536694195,0.1647817536694195,0.0,False,False,0.12620776365385455,0.8538353561322777
0.2566868396249622,0.0009472477001247538,0.11660231783186585,0.8314632232124038,0.11627405973464927,0.7984307214339268,0.2640203981245677,0.2640203981245677,0.0,False,False,0.12712230419486562,0.8557240529678214
0.25763408732508697,0.0010264064766091151,0.11739339656069547,0.8351339662534262,0.11727661399341625,0.8244263078203933,0.2313768986703002,0.2313768986703002,0.0,False,False,0.1279336741268338,0.8573844880443804
0.2586604938016961,0.0010386918609544187,0.11825293101894972,0.8374211171132228,0.11705310808255347,0.7202081021607313,0.3784629425951703,0.3784629425951703,0.0,False,False,0.1288146171966397,0.8591712509454131
0.2596991856626505,0.0010481846698060686,0.11913308214236919,0.847364994860672,0.11892523634116119,0.8284263338571927,0.2331369970303383,0.2331369970303383,0.0,False,False,0.12970796474771665,0.860966238617476
0.26074737033245654,0.0009929449436681685,0.12002376830078969,0.8497416381650537,0.1197913013614507,0.8282089329555313,0.23622738402054358,0.23622738402054358,0.0,False,False,0.1306113598405347,0.8627642091197243
0.26174031527612474,0.0010035995834362609,0.12086989344727969,0.8521370211768413,0.12107249989717819,0.8744182083412793,0.17517893717977434,0.17517893717977434,0.0,False,False,0.13146887762690498,0.8644549900451893
0.262743914859561,0.0009556926048247641,0.12172444352053316,0.8514850816573104,0.12123982910081642,0.8036492923588354,0.2747572085592099,0.2747572085592099,0.0,False,False,0.13233729669655112,0.8661516188888232
0.26369960746438575,0.0009815726263712442,0.12254215806828984,0.8556250656628445,0.12295365305670995,0.9026123130559516,0.14199149153089674,0.14199149153089674,0.0,False,False,0.1331658388234711,0.8677557694969482
0.264681180090757,0.0009416795263110224,0.12337977810754308,0.8533449453962676,0.12426353937794224,0.9457988049284954,0.083899099978042,0.083899099978042,0.0,False,False,0.13401840798891604,0.8693916924122568
0.265622859617068,0.0010637003226548782,0.12417872807941994,0.848430861618821,0.12431436575551874,0.8566163421511623,0.20662278088375743,0.20662278088375743,0.0,False,False,0.13483783092039986,0.8709500154144101
0.2666865599397229,0.0009740264529463624,0.12508226490740446,0.8494279908925696,0.12538923028198226,0.8720042708224028,0.18759877999245034,0.18759877999245034,0.0,False,False,0.13576519119011135,0.8726971738608418
0.26766058639266926,0.0009533658488448359,0.1259096133787067,0.8494106795555372,0.1259560001702205,0.8429921903218994,0.2294311215966664,0.2294311215966664,0.0,False,False,0.1366159954929149,0.8742848618120387
0.2686139522415141,0.0010147668816713384,0.12672129750545302,0.8513878777279602,0.12672137115231857,0.8389739025843914,0.23734416519241705,0.23734416519241705,0.0,False,False,0.137450245104301,0.8758275976316691
0.2696287191231854,0.001005339064368777,0.1275877926227552,0.8538858854705929,0.12695811445127828,0.7784063335130392,0.32373227656066933,0.32373227656066933,0.0,False,False,0.13833983396703053,0.8774574379106465
0.2706340581875542,0.0009656871549581322,0.12845308102559172,0.8606931069368472,0.12872927437208512,0.8767410805463522,0.19166546166693144,0.19166546166693144,0.0,False,False,0.13922278264135313,0.8790596745631083
0.27159974534251236,0.001018832119366238,0.12928437232744425,0.8608287866152226,0.1291994737544252,0.8377576255594248,0.2471082852626331,0.2471082852626331,0.0,False,False,0.14007241767599823,0.8805870377880235
0.2726185774618786,0.000968690466707433,0.13016443515840814,0.8637957267300648,0.13199106909787017,1.0279814052618752,-0.013326403026275385,-0.013326403026275385,0.0,False,False,0.1409704036783757,0.8821860506990626
0.27358726792858606,0.0010254984366445377,0.13099168821811327,0.8539911232088033,0.13236469938564263,0.9637539228162222,0.07422677799420799,0.07422677799420799,0.0,False,False,0.14182570046199114,0.8836945549995012
0.2746127663652306,0.0009986497094807696,0.13186145552723258,0.8481410385814114,0.13219817016471158,0.8511396738986076,0.23058944399920445,0.23058944399920445,0.0,False,False,0.1427327413601206,0.8852789759668094
0.27561141607471135,0.0010108699922516096,0.1327105824700591,0.8502750611803715,0.13204468943554637,0.7506568812131372,0.37169537047195866,0.37169537047195866,0.0,False,False,0.14361759020534182,0.8868095117261711
0.27662228606696293,0.000980947073087555,0.1335794844207634,0.8595585558622807,0.13260872227961004,0.731387966998164,0.4026597215442841,0.4026597215442841,0.0,False,False,0.1445148171386295,0.8883463120664424
0.2776032331400505,0.0009665276284396799,0.1344329569718317,0.8700495413906293,0.13547242529149814,0.9501816394859584,0.10603449539757727,0.10603449539757727,0.0,False,False,0.14538696438620186,0.8898256325633837
0.27856976076849016,0.0010127534036749471,0.13526998046356928,0.8660109314090009,0.13549927241786336,0.8579411639939833,0.23346838275434412,0.23346838275434412,0.0,False,False,0.14624770517979066,0.8912716581936939
0.2795825141721651,0.0009214416606540505,0.1361493020708519,0.8682484838775818,0.13656830623439764,0.8777042160676913,0.20857478195153012,0.20857478195153012,0.0,False,False,0.14715110567324627,0.8927745427779037
0.2805039558328192,0.0010692370049559686,0.13695015387565077,0.8691291472868782,0.13542771539780804,0.6661505008143126,0.49941638767120655,0.49941638767120655,0.0,False,False,0.14797437107351996,0.8941309887379726
0.28157319283777515,0.0009772154551543166,0.13789717305906207,0.885696229200657,0.13870651581470642,0.9061840610691273,0.17145457911316378,0.17145457911316378,0.0,False,False,0.1489312447788545,0.8956919425345425
0.2825504082929295,0.001103833878214388,0.13876176274782434,0.8847482755230621,0.13915831930231767,0.8617994189932912,0.23404846676260282,0.23404846676260282,0.0,False,False,0.1498072208013795,0.8971062854761993
0.2836542421711439,0.001033589851053762,0.13974101389794522,0.8871363431107541,0.13877198032003488,0.7406197375581764,0.4061587621114705,0.4061587621114705,0.0,False,False,0.15079835245043488,0.8986897906950685
0.28468783202219766,0.0009953511241544194,0.14066944336380435,0.8982571422432194,0.14025796034406265,0.8103265926577115,0.3142593795384209,0.3142593795384209,0.0,False,False,0.15172798949184932,0.9001589717229289
0.2856831831463521,0.0009698552709222245,0.141569587791102,0.9043486318080287,0.1417997244666108,0.8841904402761732,0.21569404870999456,0.21569404870999456,0.0,False,False,0.15262466270265654,0.9015614073271492
0.28665303841727435,0.0010259605285874425,0.14244777307069745,0.9054807515356512,0.14249355898966226,0.8673114026653594,0.24083640944487897,0.24083640944487897,0.0,False,False,0.15349970470696594,0.9029162247765367
0.2876789989458618,0.0010231387538460854,0.1433793077531571,0.9079634708191,0.1431243402945707,0.842062287031574,0.27817359150497273,0.27817359150497273,0.0,False,False,0.15442679097289158,0.9043368531109046
0.2887021376997079,0.0010215566308824776,0.14431275740357527,0.9123392569280014,0.1442224468528284,0.8651832956293015,0.24901475581684307,0.24901475581684307,0.0,False,False,0.15535277231940653,0.9057407101446654
0.28972369433059036,0.0010419804511379316,0.1452476870802987,0.9152010260222037,0.14502779533578605,0.8575003882653298,0.2620721821485267,0.2620721821485267,0.0,False,False,0.15627874824243718,0.9071295797893352
0.2907656747817283,0.001006037907505324,0.14620504659174888,0.9187883615327612,0.14633818249931396,0.8975096342792038,0.2091852358771082,0.2091852358771082,0.0,False,False,0.1572246918686838,0.9085330236362466
0.29177171268923363,0.0010572519218953575,0.14713017611810633,0.9195772042541633,0.14841429511037624,1.0141239176848167,0.049953446467703555,0.049953446467703555,0.0,False,False,0.15813938681981868,0.9098754140995997
0.292828964611129,0.0009616423590534807,0.1480943745010971,0.9119854625208396,0.14585454247267934,0.6705977416152414,0.5272659490709689,0.5272659490709689,0.0,False,False,0.1591020942298933,0.9112727561495062
0.2937906069701825,0.0009898280805757996,0.1489868359785313,0.9280596565157736,0.14878014513103563,0.9077677708533802,0.20729658987857968,0.20729658987857968,0.0,False,False,0.15997901900730677,0.9125318209414629
0.2947804350507583,0.0010309757762790113,0.1499060948691868,0.9287056092819146,0.15006013101536764,0.9463049533788281,0.1558231142638752,0.1558231142638752,0.0,False,False,0.16088290514673942,0.9138159366281474
0.2958114108270373,0.0009609984454011728,0.15086152316903106,0.9267223554879047,0.15111982665333876,0.9544601550818365,0.14552251653781867,0.14552251653781867,0.0,False,False,0.16182571123580486,0.9151406501263605
0.2967724092724385,0.0010021699441835482,0.15174985705801033,0.9243863954519136,0.1514253003589987,0.8908012571409893,0.23372300266087354,0.23372300266087354,0.0,False,False,0.16270574856145378,0.9163637029882244
0.29777457921662204,0.0010767496258511236,0.15267824656458107,0.9263793151640289,0.15114521760729333,0.7737735010543234,0.39725560731081955,0.39725560731081955,0.0,False,False,0.16362473481229475,0.9176270824049849
0.2988513288424732,0.0010052852195801276,0.15368750137238077,0.9373161444118852,0.1539737314285049,0.9590861722224772,0.14337757558469943,0.14337757558469943,0.0,False,False,0.16461351410076405,0.9189707451258394
0.29985661406205333,0.0009765240352522323,0.15462716370474303,0.9347221207079265,0.15613456113335275,1.0781244837684005,-0.02023321317852772,-0.02023321317852772,0.0,False,False,0.16553796694840867,0.9202123855604554
0.30083313809730555,0.00105646883489219,0.15552969060692728,0.9242239510788395,0.15419114401767467,0.7712982840120459,0.40055830967995065,0.40055830967995065,0.0,False,False,0.16643716051594612,0.921406627937933
0.30188960693219774,0.0009432011844260188,0.1565176351314971,0.9351383514030815,0.15727146728199692,0.9857362863492269,0.10685554103735831,0.10685554103735831,0.0,False,False,0.16741127463175887,0.9226854603005964
0.3028328081166238,0.0009834209029402146,0.15739574634507478,0.9309903635373891,0.1571090540041076,0.869943290248374,0.26576137052387927,0.26576137052387927,0.0,False,False,0.16828208648896514,0.9238156117454103
0.303816229019564,0.0010532926756465304,0.15831474863638473,0.9344953809323546,0.15826123304906747,0.9001092779826281,0.2265863597205366,0.2265863597205366,0.0,False,False,0.16919116073180082,0.9249823291754083
0.30486952169521053,0.0009614970402460463,0.1593008112457339,0.9361715239725817,0.15838198396067746,0.8215624868295637,0.3377014624101882,0.3377014624101882,0.0,False,False,0.1701660902107126,0.92621877842086
0.3058310187354566,0.0010128892546215553,0.16020753851561834,0.9430369849629643,0.15991567044505695,0.8989165039282907,0.2346501504823152,0.2346501504823152,0.0,False,False,0.17105718463601507,0.9273355831325147
0.30684390799007816,0.0009965077126138063,0.16116474176481016,0.9450226121210595,0.16229924469482276,1.0443491240704856,0.03554156328666633,0.03554156328666633,0.0,False,False,0.17199706356297945,0.9284998104536907
0.30784041570269194,0.0010783680928709038,0.1620985168741315,0.9370475486557601,0.162606979492966,0.9707955379439979,0.13629118495427806,0.13629118495427806,0.0,False,False,0.17292288637452255,0.9296329221825478
0.30891878379556287,0.0009289057039728244,0.1631055875979683,0.9338840146463546,0.16461731465721394,1.0601398200863514,0.012403518225423071,0.012403518225423071,0.0,False,False,0.17392602787995537,0.9308453869330825
0.3098476894995357,0.0009729269867173858,0.1639652124534339,0.9254167046117479,0.16499269815917322,0.9945372060296854,0.10118199003189415,0.10118199003189415,0.0,False,False,0.17479117605755826,0.9318783625804884
0.31082061648625303,0.0009837525918201943,0.1648611807458055,0.9208998255815302,0.16524435615825392,0.9209495578572678,0.20257109840388526,0.20257109840388526,0.0,False,False,0.1756983474024664,0.932948937863985
0.31180436907807324,0.0010186885957403366,0.16576754895035348,0.9213375518238529,0.16728941892139523,1.0367384521519178,0.04462784113182093,0.04462784113182093,0.0,False,False,0.176616665952099,0.9340196143012123
0.3128230576738136,0.0010275970412776544,0.16669836983765562,0.9137442896626047,0.16708146363834128,0.9126505879790663,0.2157285145444379,0.2157285145444379,0.0,False,False,0.17756870049697243,0.935115797219964
0.3138506547150912,0.0010211716553216654,0.16763852552573902,0.9149069628640266,0.1683610815183737,0.9459107884638661,0.1714013194490383,0.1714013194490383,0.0,False,False,0.17853018534641865,0.9362086639173904
0.3148718263704129,0.0010709569257025132,0.16857166639755197,0.9137943331564685,0.16831285941730398,0.8465974769920026,0.309951544555414,0.309951544555414,0.0,False,False,0.1794867641451144,0.9372818598710244
0.3159427832961154,0.0010335987012151124,0.1695570017004927,0.9200512917868975,0.16961507388000116,0.8835312716141213,0.2616041856457267,0.2616041856457267,0.0,False,False,0.18049114922908477,0.9383936294159727
0.3169763819973305,0.0009359549779559516,0.17051159783446676,0.9235655316244309,0.1699029807345449,0.8230329447930422,0.3477599042858447,0.3477599042858447,0.0,False,False,0.18146162041637745,0.939453269803758
0.3179123369752865,0.0009277461356966561,0.17138275339162048,0.9307665194070166,0.1722463282857965,0.9910993375789603,0.12087299750510097,0.12087299750510097,0.0,False,False,0.18234135096746382,0.940401495274868
0.31884008311098316,0.0009731259227852266,0.17224310151227465,0.9273529552436454,0.171214837621698,0.780806977464318,0.4086177647349407,0.4086177647349407,0.0,False,False,0.18321423671444437,0.9413307950189066
0.31981320903376836,0.0009737187987103902,0.17315568567266149,0.937786301874364,0.17383841514162615,0.9723293658651637,0.14921964550667052,0.14921964550667052,0.0,False,False,0.18413073981276326,0.9422942003869992
0.32078692783247875,0.0009781613124698314,0.17406665445568442,0.9355563271752062,0.17390028002189073,0.8814498939900726,0.27482817196694614,0.27482817196694614,0.0,False,False,0.18504873399942015,0.943246560966253
0.32176508914494856,0.0010524351204101402,0.17498560587734832,0.9394681735506142,0.17600771178411925,1.0087531885665697,0.10188042319261749,0.10188042319261749,0.0,False,False,0.18597184442721348,0.9441915515806708
0.3228175242653587,0.0009684393662915406,0.1759691694039438,0.9345597723992524,0.17662442620916785,0.9664766767136415,0.16061187119501844,0.16061187119501844,0.0,False,False,0.18696607409779992,0.9451951843800092
0.32378596363165024,0.001055454931798882,0.17687263231996736,0.9329060212444776,0.1784614458182034,1.0595176641069786,0.03347467903662141,0.03347467903662141,0.0,False,False,0.18788188062961497,0.946106707799656
0.3248414185634491,0.0010574348744937165,0.17784829621134374,0.9244012813635543,0.17848601743387443,0.9558939568990705,0.1765408676771797,0.1765408676771797,0.0,False,False,0.188880972163441,0.9470870256865552
0.32589885343794284,0.0010015588330953443,0.17882481692955546,0.9234807190175914,0.17745295300780334,0.7626092372710619,0.4462757578814808,0.4462757578814808,0.0,False,False,0.18988296825796228,0.9480554734199118
0.32690041227103817,0.0009739393541096272,0.17976239644109104,0.936120256298844,0.1797039687755045,0.9110995406630208,0.2457544271880454,0.2457544271880454,0.0,False,False,0.19083295563432554,0.9489600937707433
0.3278743516251478,0.0010644035501828492,0.1806765332095025,0.938597218147287,0.17965376399111074,0.8148347703156098,0.37986103662687076,0.37986103662687076,0.0,False,False,0.1917576087855303,0.9498279622550421
0.3289387551753306,0.0009577147702530851,0.18168604640932176,0.948430883799528,0.1812337619245213,0.8817910399514804,0.2904027368390928,0.2904027368390928,0.0,False,False,0.19276910797176058,0.9507631299421354
0.3298964699455837,0.0010239463403971614,0.18259870782468154,0.9529574396337295,0.18391750342020324,1.0738353990415601,0.02903486319355289,0.02903486319355289,0.0,False,False,0.19368006599867518,0.9515926796924418
0.33092041628598085,0.001013627866024353,0.1835657198400898,0.9443971595554262,0.18412207304473738,0.9864304084483756,0.14883487521336064,0.14883487521336064,0.0,False,False,0.19465489464237098,0.952467147161672
0.3319340441520052,0.0010648748474793948,0.18452058717375963,0.9420294820968276,0.18391065531270592,0.8669298380191673,0.3144505089361882,0.3144505089361882,0.0,False,False,0.19562077525267774,0.953320129699747
0.33299891899948464,0.0010179427485879858,0.18553048272549402,0.9483701808948375,0.18464584743904247,0.8492770919575616,0.34174085752609046,0.34174085752609046,0.0,False,False,0.19663641300551185,0.9542026563989296
0.3340168617480726,0.0010010575371016328,0.1865034269174754,0.9557946095995798,0.18653203469029467,0.9496434234992217,0.20583809071449066,0.20583809071449066,0.0,False,False,0.19760816052173694,0.9550332782896632
0.3350179192851742,0.001052758491918494,0.1874607020333482,0.9562638313921444,0.18639905302558546,0.8413949631260508,0.3563112887540487,0.3563112887540487,0.0,False,False,0.1985646074555912,0.9558377206376718
0.3360706777770927,0.00098099550139455,0.18847627278714402,0.9646759077146955,0.1878905924079781,0.8989346262638268,0.2795359547811958,0.2795359547811958,0.0,False,False,0.19957131325363248,0.9566704425633409
0.3370516732784873,0.0010281201058578633,0.1894265785697326,0.96871573950916,0.18969885819853144,0.9933708356882108,0.151479748188048,0.151479748188048,0.0,False,False,0.20051017822067294,0.9574341588461284
0.33807979338434513,0.0010066368623775556,0.1904201026017112,0.9663501630965324,0.19142830254761026,1.0622479849920918,0.05636818589177156,0.05636818589177156,0.0,False,False,0.20149494158074768,0.9582218877381734
0.3390864302467227,0.0010017430840356298,0.1913857254562618,0.9592564018269174,0.19191697005874203,1.0045677539923878,0.1350682478025808,0.1350682478025808,0.0,False,False,0.20245990596653235,0.9589805885443504
0.3400881733307583,0.0009258782298859615,0.19234355955002863,0.9561674136127678,0.19034403224795665,0.7470908967126104,0.4905430115495346,0.4905430115495346,0.0,False,False,0.2034209311479213,0.959723256171086
0.34101405156064424,0.0009997914092192328,0.19324145785149124,0.969780120624711,0.1935070679292464,1.0140072583363149,0.13011950894741525,0.13011950894741525,0.0,False,False,0.20430983153174148,0.9603987284217348
0.3420138429698635,0.0009494579530105062,0.19420766394695543,0.9664076791965394,0.19427052509819967,0.988968177733209,0.16457532164951222,0.16457532164951222,0.0,False,False,0.20527038966808497,0.961116310559523
0.34296330092287397,0.0010265000050739604,0.19512375181879496,0.9648535450514916,0.19548493922988358,1.0179774065450256,0.1251403663246461,0.1251403663246461,0.0,False,False,0.20618324818422906,0.9617864108337151
0.34398980092794795,0.0011184875825901006,0.19611037813502116,0.9611556856788442,0.1975207871523923,1.114508736757116,-0.008710532469602211,-0.008710532469602211,0.0,False,False,0.20717088849470613,0.9624984395644066
0.34510828851053804,0.0009886961968096418,0.1971725582187532,0.9496574662655831,0.19537204315958237,0.8109462986566978,0.4145405761401615,0.4145405761401615,0.0,False,False,0.208247858127231,0.9632595542587694
0.3460969847073477,0.001045820737840563,0.1981221636743089,0.9604623327367033,0.19760632862483887,0.9558346828317585,0.21839795872520504,0.21839795872520504,0.0,False,False,0.20920055644819957,0.9639195644190189
0.3471428054451882,0.0010504351126689616,0.19912781420577622,0.9615897783245402,0.19964347725095605,1.0550406801240626,0.08165622935316397,0.08165622935316397,0.0,False,False,0.21020900292784878,0.964604652764975
0.34819324055785716,0.0009424012758575077,0.20013154229417693,0.9555355455040194,0.19875134080909823,0.8646064311706307,0.3452902856386685,0.3452902856386685,0.0,False,False,0.2112226130219958,0.9652792526760576
0.34913564183371465,0.0010354059798534344,0.20103864993212253,0.9625492464663878,0.202326658456133,1.157529574836065,-0.053481471206935194,-0.053481471206935194,0.0,False,False,0.21213257402710015,0.965872948599112
0.35017104781356806,0.000984240309937951,0.20202185233891198,0.9495815418495374,0.202343304124568,1.043384263894865,0.1019681991983067,0.1019681991983067,0.0,False,False,0.21313297697495354,0.9665126704710041
0.351155288123506,0.000978008195534092,0.20295191582490335,0.944955694864802,0.20369069972228457,1.0759428517926226,0.056488217049613654,0.056488217049613654,0.0,False,False,0.21408455194078838,0.9671085827230769
0.3521332963190401,0.0010410226786921287,0.20386943738717722,0.9381532449969014,0.20337119505032986,0.9356796510139128,0.248281826147607,0.248281826147607,0.0,False,False,0.2150306768174852,0.9676889462962552
0.3531743189977322,0.0009722040968806173,0.2048489605104714,0.9409239042945649,0.20555910329662586,1.0522808100899834,0.08784255763965275,0.08784255763965275,0.0,False,False,0.21603837894694236,0.9682938067016131
0.3541465230946128,0.0009745718494545084,0.2057586534823581,0.935701644135736,0.20669107081315388,1.0634858443249984,0.07163421988327826,0.07163421988327826,0.0,False,False,0.2169800278415471,0.9688466721351653
0.3551210949440673,0.0010379001659774738,0.20666471021546273,0.9296972138193509,0.20686793462580869,0.9752851073553407,0.19194320856273805,0.19194320856273805,0.0,False,False,0.21792450386816858,0.9693892425222239
0.3561589951100448,0.0010644917072434,0.20762951208538252,0.9295709756546342,0.20783406545274283,0.970841737041213,0.1986785357641544,0.1986785357641544,0.0,False,False,0.2189309274795628,0.969954253109042
0.35722348681728816,0.0010033265253419853,0.20861927703439997,0.9298005257180699,0.20885519601619862,0.9696841503182251,0.2009567859834505,0.2009567859834505,0.0,False,False,0.2199637380923754,0.9705200074951154
0.3582268133426301,0.0010333634600398606,0.2095525013924027,0.930130256134332,0.20879909051984247,0.8671237874071189,0.3431959311134311,0.3431959311134311,0.0,False,False,0.22093774871603425,0.9710405237254348
0.35926017680267,0.000929076174379443,0.21052160796845423,0.9378177316373747,0.21039286490788844,0.9346431431603379,0.2521793538470827,0.2521793538470827,0.0,False,False,0.2219414579601638,0.9715637089154433
0.3601892529770494,0.0009949240964307726,0.21139537879277567,0.940472749616085,0.211262277774037,0.9347570402034816,0.25319595815426915,0.25319595815426915,0.0,False,False,0.22284432878903346,0.972022906773759
0.36118417707348016,0.0010223461861054927,0.2123339463559864,0.9433559470293101,0.21266852061923205,0.982623057651119,0.18843228169070247,0.18843228169070247,0.0,False,False,0.22381165758908353,0.9725029045122656
0.36220652325958563,0.0009578474930075453,0.21329801500198106,0.9429962757206181,0.21417052625447394,1.031278269225569,0.12148727890556447,0.12148727890556447,0.0,False,False,0.22480613897323964,0.9729834775320539
0.36316437075259317,0.0010322271975938685,0.2141978691573829,0.9394545185647152,0.21327412216329872,0.834565179751392,0.3909838526202224,0.3909838526202224,0.0,False,False,0.22573831972027877,0.9734220935802098
0.36419659795018705,0.0010141064550235502,0.2151780323032756,0.9495614416840235,0.21506894134458548,0.924986969330104,0.26881360956884554,0.26881360956884554,0.0,False,False,0.22674335105387253,0.9738821649981697
0.3652107044052106,0.0010142941695294597,0.21614473461393904,0.9532552582371665,0.21743754846536828,1.0660541972612432,0.07520631353434301,0.07520631353434301,0.0,False,False,0.22773119503938585,0.9743214265962654
0.36622499857474006,0.0010592508877146516,0.2171053888855845,0.9471160344844611,0.2164564857419919,0.862725089984838,0.3551648222896857,0.3551648222896857,0.0,False,False,0.22871966105800862,0.9747481454859919
0.3672842494624547,0.0010632753224369175,0.21811756457481757,0.9555580278217557,0.21740001607100276,0.8655278265163864,0.35392577188605734,0.35392577188605734,0.0,False,False,0.22975239399235076,0.9751803009345476
0.36834752478489163,0.0009392326680357637,0.21914248789424864,0.9639303177676208,0.21931903335147993,0.9594567347290646,0.2258406840236334,0.2258406840236334,0.0,False,False,0.2307895036316134,0.9756002505467568
0.3692867574529274,0.0009672374681270326,0.22004910979335465,0.9652793497931035,0.22078597487980706,1.0196961662094362,0.14407645425889554,0.14407645425889554,0.0,False,False,0.231705988893446,0.9759596678872647
0.37025399492105443,0.001026917338461925,0.22098027812010507,0.9627091148087292,0.22099024923460753,0.9388459087460767,0.2548452738308814,0.2548452738308814,0.0,False,False,0.23265014810872672,0.9763184871600232
0.37128091225951637,0.0009849461845971648,0.22197194998324438,0.9656783715664885,0.22313168687986304,1.0534919916706738,0.09721636459536119,0.09721636459536119,0.0,False,False,0.23365293675340265,0.9766868807303806
0.37226585844411353,0.0010995069555316112,0.2229182387773097,0.9607517739178463,0.22366593257766273,1.0023838978710229,0.16665782263769707,0.16665782263769707,0.0,False,False,0.2346150897683415,0.977028058875589
0.37336536539964515,0.0010552929549619973,0.22397276643260794,0.9590913909120037,0.22470739302643747,0.9968661866148888,0.17431308494586226,0.17431308494586226,0.0,False,False,0.23568954192285163,0.9773948572902282
0.37442065835460714,0.0009589670529572436,0.22498364074804217,0.9579087121553082,0.225467198617429,0.9691790622567517,0.21283596351548656,0.21283596351548656,0.0,False,False,0.23672115942684333,0.977732953045109
0.37537962540756437,0.0009621989895198067,0.2259029886833634,0.9586856320935622,0.22793424920562805,1.1295224019301093,-0.00674888361275558,-0.00674888361275558,0.0,False,False,0.23765891564834032,0.9780283356121289
0.3763418243970842,0.0009367277957322375,0.2268160173457904,0.948897964320944,0.22663697999730717,0.8817467808719521,0.3312162765847721,0.3312162765847721,0.0,False,False,0.23860011156605718,0.9783133711613454
0.3772785521928164,0.0010185704446136381,0.22771081264894155,0.9552351357863725,0.22596240961725836,0.7215586125133915,0.5524019386886999,0.5524019386886999,0.0,False,False,0.2395166505887486,0.9785799468482878
0.37829712263743004,0.0009697363604455413,0.22870225329703944,0.973364830425596,0.2301022293294371,1.0558370567213136,0.09502833800790102,0.09502833800790102,0.0,False,False,0.24051354568212685,0.9788575931042183
0.3792668589978756,0.0009662070356948895,0.22964132504696325,0.9683784049227008,0.2292419069442282,0.8615362089164849,0.36106659202044467,0.36106659202044467,0.0,False,False,0.24146290284558913,0.9791100970797746
0.3802330660335705,0.0009367329455850573,0.2305846153915959,0.9762818006745527,0.2306787588392109,0.9240931481740224,0.27745357964836437,0.27745357964836437,0.0,False,False,0.24240904282938347,0.979350204695071
0.38116979897915554,0.0010444857405998527,0.23150261212061343,0.9799983371399311,0.23264541067924158,1.0416318072481923,0.11778856858875102,0.11778856858875102,0.0,False,False,0.24332653717699168,0.9795720502725666
0.3822142847197554,0.0009626521913014236,0.23252180926290575,0.975788469555346,0.23112357403975717,0.7917666240613375,0.4637203581513989,0.4637203581513989,0.0,False,False,0.2443498099339432,0.9798067174413794
0.3831769369110568,0.0009547084877119521,0.23347346339138972,0.9885752477199573,0.23238119514341138,0.8432312373950962,0.3965505762209912,0.3965505762209912,0.0,False,False,0.24529312232528308,0.9800111431845133
0.38413164539876876,0.0009056762394605506,0.2344262637052722,0.9980013021209871,0.23302888509315886,0.8267497593604165,0.4217426497934162,0.4217426497934162,0.0,False,False,0.24622883958826966,0.9802026500949347
0.3850373216382293,0.0010202377684720271,0.23533923054361197,1.0080498952733485,0.23464621589508616,0.9226519317981288,0.2937345307315238,0.2937345307315238,0.0,False,False,0.2471166641841297,0.9803739830720789
0.38605755940670133,0.0010115217710183102,0.23637252594704924,1.0127986194677032,0.23675618126141373,1.0371978792691456,0.13652269912582432,0.13652269912582432,0.0,False,False,0.24811697214037165,0.9805549320229638
0.38706908117771965,0.0010365617947081457,0.23739369399585133,1.0095364015487955,0.2378511341836518,1.041726173945117,0.12943462957288748,0.12943462957288748,0.0,False,False,0.24910891021744014,0.9807217247490315
0.3881056429724278,0.0010717754161636399,0.23843630888947706,1.005839592920069,0.2386774035928535,1.0172660650976075,0.16240329477543797,0.16240329477543797,0.0,False,False,0.25012557186164625,0.980879620045248
0.38917741838859143,0.0010103566878837203,0.23951215683440746,1.0037997967721186,0.23827928602271897,0.8783938435522299,0.3553199014866458,0.3553199014866458,0.0,False,False,0.2511769358421414,0.9810290141664316
0.3901877750764752,0.0009827825943787426,0.24053426484476545,1.011630865233217,0.23851831929322165,0.8142127645627438,0.4460306955584259,0.4460306955584259,0.0,False,False,0.2521681907472517,0.981156939050981
0.3911705576708539,0.0009198108834572523,0.24154031469623247,1.023674877049468,0.24158774714749878,1.0451116158573528,0.1311950330624435,0.1311950330624435,0.0,False,False,0.2531325109195205,0.9812693534957301
0.3920903685543112,0.0010053828057393142,0.24247891123934487,1.0204233935399154,0.24206720898339545,0.9927265863406946,0.20178740016509752,0.20178740016509752,0.0,False,False,0.2540351373951704,0.981363826968318
0.3930957513600505,0.0010176266146676982,0.24350483513308208,1.0204311112947642,0.24390572484574558,1.0763211750729809,0.08625075082515468,0.08625075082515468,0.0,False,False,0.2550218306912478,0.9814552130780766
0.3941133779747182,0.0010128511961719961,0.24453727862852542,1.0145602331563415,0.24514984872721915,1.090946461562515,0.06438035771508802,0.06438035771508802,0.0,False,False,0.2560206273523666,0.9815350802812103
0.3951262291708902,0.0009026332840480339,0.24555786103730554,1.0076331179124312,0.24567849944491033,1.0340461278273947,0.14112060377545055,0.14112060377545055,0.0,False,False,0.25701481126152737,0.9816019537243479
0.39602886245493824,0.0010617728745801274,0.24646496076129057,1.0049482331484294,0.24712830201594815,1.09126073845019,0.06237429986565193,0.06237429986565193,0.0,False,False,0.25790086071756246,0.981650941147352
0.3970906353295184,0.0010310582435013604,0.24752420752508072,0.9976208557871056,0.24772423218314715,1.0382606197379631,0.13406316726024559,0.13406316726024559,0.0,False,False,0.2589431760809055,0.9816957673217925
0.39812169357301974,0.0009805054184303615,0.248549318039183,0.9942314321847836,0.249011886757251,1.0593212537602255,0.10386861159645248,0.10386861159645248,0.0,False,False,0.2599553783302933,0.9817260564949679
0.3991021989914501,0.0009857925429468976,0.24951956853702445,0.9895411892722357,0.2489046251076319,0.9424497039197451,0.2633919670514489,0.2633919670514489,0.0,False,False,0.26091797520026183,0.9817427584065035
0.400087991534397,0.0009039875937902691,0.2504981716915673,0.9927069965628325,0.25034143116429125,0.9939560954080515,0.1931480317639128,0.1931480317639128,0.0,False,False,0.2618857732846434,0.9817476567393632
0.4009919791281873,0.0010161560900524094,0.25139531037069185,0.9924236629874238,0.25156702990948615,1.0301374289153438,0.1436372091822103,0.1436372091822103,0.0,False,False,0.26277325903442206,0.9817416663598137
0.4020081352182397,0.0009828253051609248,0.25240088907687686,0.9895907882943139,0.253116935251997,1.0796499915474946,0.07425808896038646,0.07425808896038646,0.0,False,False,0.26377085337653,0.981722960479822
0.4029909605234006,0.0009434793450801627,0.25336745117213244,0.9834525934365471,0.2530238471793334,0.9622135153993466,0.23418853878475918,0.23418853878475918,0.0,False,False,0.26473570170086963,0.9816928132302692
0.40393443986848077,0.0010987116188590042,0.2542968989518055,0.9851278509908707,0.2547517031801109,1.049128764547868,0.11541212054197902,0.11541212054197902,0.0,False,False,0.2656618905392688,0.9816527212788155
0.40503315148733976,0.0010772437021795214,0.2553742365946634,0.980546327503767,0.25514224848474104,0.9797616398560137,0.21096369259524378,0.21096369259524378,0.0,False,False,0.26674041193434045,0.9815922652747258
0.4061103951895193,0.001036193795352797,0.2564312503940729,0.9812206813285332,0.2563286755025826,0.9919209090542987,0.19396125660034527,0.19396125660034527,0.0,False,False,0.2677977876250571,0.9815186077174685
0.4071465889848721,0.0009989446713146715,0.2574477416399643,0.980985651960364,0.25817163356452977,1.0705872525665054,0.08459327097244831,0.08459327097244831,0.0,False,False,0.2688147885848198,0.9814343197391956
0.4081455336561868,0.0009379362317632996,0.2584220097628973,0.9752973822371784,0.25668273647960155,0.8144815252402867,0.4362541627333181,0.4362541627333181,0.0,False,False,0.26979514137151406,0.9813405874726975
0.4090834698879501,0.000999040056736542,0.2593472553677022,0.9864696271146791,0.25821586982840716,0.8964915372359672,0.32669376864805116,0.32669376864805116,0.0,False,False,0.27071553060762077,0.9812414327544724
0.41008250994468665,0.0010234931940612995,0.2603391545899648,0.992852304143575,0.2590457038244469,0.889905519013712,0.33716334579588,0.33716334579588,0.0,False,False,0.27169577243633014,0.9811239446653636
0.41110600313874796,0.0009945839811448091,0.26136254630893435,0.999900854160662,0.25932608207048596,0.8283092133726883,0.42394634582958335,0.42394634582958335,0.0,False,False,0.27269987911686416,0.980990879201668
0.4121005871198928,0.0009982367867627992,0.26236810842949687,1.0110379210060174,0.2617762110455017,0.9918254101737517,0.2010155920056709,0.2010155920056709,0.0,False,False,0.27367548750928694,0.9808492565550321
0.4130988239066556,0.0010093348257278372,0.26337737027962127,1.0110445372358472,0.2640313747334368,1.1185575737475002,0.02578161871371551,0.02578161871371551,0.0,False,False,0.2746545312982689,0.9806949075364484
0.41410815873238344,0.0009428181750148509,0.26438893342667846,1.0022077127158735,0.26414032517943614,1.0174960982326653,0.16270786304329135,0.16270786304329135,0.0,False,False,0.27564429683781405,0.9805264092264061
0.4150509769073983,0.0010410325353362928,0.26533216776314783,1.0004414016037821,0.2655047721710316,1.0604665444874377,0.10301968708268719,0.10301968708268719,0.0,False,False,0.27656867629382975,0.9803577218810378
0.41609200944273456,0.0010503547473752304,0.26636840278384644,0.9953915804983585,0.2673189243632431,1.1286845869269135,0.006633252435956832,0.006633252435956832,0.0,False,False,0.2775891581850528,0.9801587899630655
0.4171423641901098,0.0009784908474085902,0.26740327084699256,0.9852557583351442,0.2685618955690496,1.1341543571909218,-0.004031727664049578,-0.004031727664049578,0.0,False,False,0.278618561319487,0.9799445978809862
0.4181208550375184,0.000965282286787609,0.268357623604917,0.9753313078522167,0.268297289374967,0.9936966456259839,0.1862841311323279,0.1862841311323279,0.0,False,False,0.2795773255152885,0.9797328794647676
0.419086137324306,0.0011060415511233478,0.26929854658063124,0.9747645725951973,0.27047977310470733,1.1204249587858908,0.011682040696419427,0.011682040696419427,0.0,False,False,0.28052293886823365,0.9795125062466788
0.42019217887542937,0.0010570627812417598,0.27036528145449046,0.9644618439296518,0.27044567713041723,1.005299760068925,0.16962436687476262,0.16962436687476262,0.0,False,False,0.28160617436733765,0.979245940577421
0.4212492416566711,0.0008840023994504886,0.27138323995351593,0.9630066606163684,0.27065247214570887,0.9243329565586283,0.2813693756154974,0.2813693756154974,0.0,False,False,0.2826411579480255,0.9789771492034597
0.42213324405612157,0.000994893614290952,0.2722378351340824,0.9667340055837781,0.2717191229730383,0.952561191685089,0.24358906899093244,0.24358906899093244,0.0,False,False,0.28350647279431535,0.9787418351917103
0.4231281376704125,0.0009490007573238837,0.27320192158347023,0.9690347144050474,0.2719099097414575,0.8764816724744748,0.34864370369598907,0.34864370369598907,0.0,False,False,0.2844800803576009,0.9784655329789813
0.4240771384277364,0.0009544117011010078,0.27412834125505314,0.9762054080919149,0.27335329825774923,0.9409291179177881,0.2617077541124936,0.2617077541124936,0.0,False,False,0.28540851533462414,0.9781906568584092
0.4250315501288374,0.0009655070379748789,0.275062940302242,0.9792409775683563,0.2747505118030428,0.993231471783557,0.1902522621287195,0.1902522621287195,0.0,False,False,0.28634197559280644,0.9779030667110349
0.4259970571668123,0.0010021457340499236,0.27600802742058544,0.9788505740214404,0.2767092876409784,1.0967836803399564,0.04736136858095502,0.04736136858095502,0.0,False,False,0.2872860028665526,0.9776007591071395
0.42699920290086224,0.0009934049143705723,0.27698139858985454,0.9712870455831377,0.27848305355099623,1.1641021152409576,-0.04810794308688485,-0.04810794308688485,0.0,False,False,0.28826553903715674,0.977274880376146
0.4279926078152328,0.0009352596809423237,0.27793415094868335,0.9590775574453887,0.27672797003350663,0.8710183749170141,0.3522537635873883,0.3522537635873883,0.0,False,False,0.28923620321381655,0.9769396802018556
0.4289278674961751,0.0009456865134257738,0.27883793959983133,0.9663504902054072,0.27918074623550176,1.0461727056291883,0.11397034375409383,0.11397034375409383,0.0,False,False,0.2901497435934597,0.9766130317215643
0.42987355400960087,0.0008969909216992762,0.2797480776848464,0.9624099234724713,0.27884003179734784,0.9055271705920649,0.30508976754121614,0.30508976754121614,0.0,False,False,0.29107315289498864,0.9762718270784664
0.4307705449313001,0.0009954817779466135,0.28061569935102315,0.9672580236744339,0.2810299507081888,1.0591150415660515,0.0967252936030258,0.0967252936030258,0.0,False,False,0.29194871090154684,0.975938050001536
0.43176602670924674,0.0010134199143255476,0.28157359969633,0.9622479954206095,0.2814592050133344,0.9963237948219921,0.18137393879531238,0.18137393879531238,0.0,False,False,0.2929200503255976,0.9755560641341375
0.4327794466235723,0.0010430568942981693,0.2825479595988554,0.9614572288860814,0.2809501928511062,0.8464642434604082,0.3876780075941304,0.3876780075941304,0.0,False,False,0.2939084959593137,0.9751547031657376
0.4338225035178705,0.0010490568915873628,0.2835611913035456,0.9714059800850844,0.28437128325050703,1.0898047600091663,0.05188282063925412,0.05188282063925412,0.0,False,False,0.29492541664912153,0.9747284428959939
0.43487156040945785,0.0010049239505775327,0.2845722270160968,0.9637567997111405,0.28404426429532553,0.9496516223724562,0.24382397917713486,0.24382397917713486,0.0,False,False,0.2959477314847402,0.9742862638455154
0.4358764843600354,0.000979807100464279,0.2855430885414482,0.9661044746654396,0.28507717268960814,0.9574711926205882,0.23294423128464997,0.23294423128464997,0.0,False,False,0.2969265969287772,0.9738500217702605
0.4368562914604997,0.0011070116359694561,0.28649139608657437,0.9678512685576285,0.2855578609986667,0.9107835574989067,0.2969637730248345,0.2969637730248345,0.0,False,False,0.29788056883623454,0.9734127507894179
0.43796330309646914,0.0009536698481772818,0.28756891762542586,0.9733606258870816,0.2869979477544791,0.9497929721951934,0.24301244375277242,0.24301244375277242,0.0,False,False,0.29895786816536774,0.9729045358258412
0.43891697294464643,0.0009321600639856271,0.28849923517946424,0.9755132300937168,0.28887264003086105,1.0513903288318243,0.10350839316788955,0.10350839316788955,0.0,False,False,0.29988548425671385,0.9724546597506069
0.43984913300863204,0.000976916443056455,0.28940446257700075,0.9711072513297926,0.2892393157349954,0.9855874269738816,0.19164403056821006,0.19164403056821006,0.0,False,False,0.3007917585065948,0.9720041442067324
0.4408260494516885,0.0010097280916823894,0.2903528647832475,0.970812000338057,0.2906396764865488,1.0303736716095089,0.12920170379044071,0.12920170379044071,0.0,False,False,0.30174109007774774,0.9715205542335589
0.4418357775433709,0.0010675026558831708,0.2913296308432824,0.9673555366845497,0.2916454672425814,1.0269463642575059,0.13224852363821055,0.13224852363821055,0.0,False,False,0.3027218041643333,0.9710084134630692
0.44290328019925407,0.0009763507638205465,0.2923585738993003,0.9638786848418953,0.2935110686089906,1.0990148870733378,0.030172073867545113,0.030172073867545113,0.0,False,False,0.3037580632096864,0.970453362952522
0.4438796309630746,0.0009189688157758663,0.2932917008062578,0.9557291718666006,0.29299256345811675,0.9360069564920903,0.25154130359004917,0.25154130359004917,0.0,False,False,0.3047053132411727,0.9699334627379583
0.44479859977885045,0.001036660889016368,0.2941723120000794,0.9582601484447978,0.2928835104256907,0.8305393693277475,0.395505298062487,0.395505298062487,0.0,False,False,0.3055964228836015,0.9694334308444916
0.44583526066786683,0.0009774133824148427,0.2951763873859045,0.9685668635361236,0.2961077146369181,1.0585036491897293,0.08130484270944822,0.08130484270944822,0.0,False,False,0.3066010989223018,0.9688569205001805
0.4468126740502817,0.0009465488835112676,0.2961175280237314,0.9628890444508669,0.2958282500220057,0.9240610202460969,0.2640402481752052,0.2640402481752052,0.0,False,False,0.30754780205169985,0.9683012799466889
0.44775922293379294,0.0009543626311023984,0.2970319514310067,0.9660604150555324,0.29800461682979307,1.0615814276389453,0.07567517134709081,0.07567517134709081,0.0,False,False,0.308464087459451,0.967752010983319
0.4487135855648953,0.0010065476701461703,0.2979483852376857,0.9602574292126497,0.29828294488277696,0.9845870475699908,0.17900031884928938,0.17900031884928938,0.0,False,False,0.30938740512755203,0.9671870762727726
0.4497201332350415,0.0009116178174636895,0.2989140273956977,0.9593605813739732,0.29879958831194864,0.9374566051988811,0.2430456139677147,0.2430456139677147,0.0,False,False,0.3103606201101564,0.9665791398655267
0.4506317510525052,0.0010737234020299698,0.2997905213346403,0.9614708292792482,0.30009488571977505,0.9857987124927243,0.17690225814846733,0.17690225814846733,0.0,False,False,0.3112415157915947,0.9660178098724856
0.4517054744545352,0.0009915202267241142,0.3008217212942711,0.9603962786703011,0.3025243009403695,1.1134796469594674,-0.002189655147693176,-0.002189655147693176,0.0,False,False,0.31227839102024013,0.9653435831383299
0.4526969946812593,0.0010022029810179596,0.301764190612423,0.9505295935976433,0.30357669804901305,1.1082714341595152,0.0015780325013879937,0.0015780325013879937,0.0,False,False,0.3132352348119125,0.9647084098005133
0.45369919766227723,0.0010523211447823705,0.30270704810061116,0.9407849567863898,0.30276759456295305,0.9167117942947727,0.2626254532844782,0.2626254532844782,0.0,False,False,0.3142017416262493,0.9640541327490606
0.4547515188070596,0.0009624667968729275,0.30370078580557036,0.9443293141892832,0.3038405784697757,0.9270041563319593,0.2483748851933153,0.2483748851933153,0.0,False,False,0.3152158689162564,0.9633538706291779
0.45571398560393256,0.0010029290172840284,0.30461211828144913,0.9468715999759464,0.3055513149959477,1.0120487321862828,0.13142919116846344,0.13142919116846344,0.0,False,False,0.3161427520010959,0.9627015030827794
0.4567169146212166,0.0009955641208531552,0.30555852839067854,0.9436461533362612,0.30482054992179825,0.837980768803171,0.370007409209097,0.370007409209097,0.0,False,False,0.3171079273479123,0.9620096150857074
0.4577124787420698,0.001023849459133924,0.30650663718820287,0.952333232651892,0.30679729592035454,0.9527380593925363,0.21311152960002816,0.21311152960002816,0.0,False,False,0.3180653226563862,0.9613105996854181
0.4587363282012037,0.0011221175756478297,0.3074825701431606,0.9531996586522344,0.3074600005506237,0.9221910181506794,0.2546709722528666,0.2546709722528666,0.0,False,False,0.3190491865869043,0.9605790378171931
0.45985844577685153,0.0009449120353314205,0.30855584988930146,0.9564770835366598,0.3088297864812505,0.952043431866053,0.21260573346842326,0.21260573346842326,0.0,False,False,0.3201266125193022,0.9597624858522967
0.46080335781218296,0.000996381625003773,0.3094603547932961,0.9572371503104002,0.30873310331593457,0.8466071134583888,0.35634821567881736,0.35634821567881736,0.0,False,False,0.32103317398241715,0.9590628998601645
0.4617997394371867,0.0011056342842233906,0.31042205905690545,0.9651967072412794,0.30903489973485976,0.7922356418327274,0.43245613700044583,0.43245613700044583,0.0,False,False,0.3219883942201801,0.9583133387199604
0.4629053737214101,0.0009548305659041983,0.3115035918403041,0.9782011998282821,0.3096945725254364,0.7726767244490085,0.46210091518442586,0.46210091518442586,0.0,False,False,0.3230474719956561,0.957467328382735
0.4638602042873143,0.0010805954253207822,0.312449635630183,0.9907975547295758,0.3114745340411258,0.8818255304087136,0.31464138978632206,0.31464138978632206,0.0,False,False,0.32396133738534366,0.956724638400714
0.4649407997126351,0.001003862845579742,0.3135270231775325,0.9970313792783955,0.3131267534815468,0.9465419626592629,0.22481760924420674,0.22481760924420674,0.0,False,False,0.32499470952433607,0.9558706297209293
0.4659446625582148,0.0010514108820917543,0.3145291683871032,0.9982889734223944,0.3142733104607949,0.9661022713226373,0.19700463567134027,0.19700463567134027,0.0,False,False,0.32595386890942024,0.9550644243193737
0.4669960734403066,0.0010279852389767155,0.3155786222796528,0.9981387014576982,0.3172691753874844,1.1544296435358665,-0.06587608250837157,-0.06587608250837157,0.0,False,False,0.32695758435522493,0.9542067735961155
0.4680240586792833,0.0010158505207368848,0.3165906537228862,0.9844805205966274,0.3175558150133917,1.0668703116547298,0.05066214185005247,0.05066214185005247,0.0,False,False,0.32793805819833427,0.9533551154223016
0.4690399092000202,0.0009553781163517587,0.3175830973566742,0.9769583354331935,0.31674351447245674,0.8802206753270604,0.30566250334878753,0.30566250334878753,0.0,False,False,0.3289060916176967,0.9525007709391176
0.46999528731637197,0.0009925405419522616,0.3185213682542781,0.9820937716124781,0.3188248011208923,1.0100481286085026,0.1278013284688777,0.1278013284688777,0.0,False,False,0.32981570156521783,0.9516857290010174
0.4709878278583242,0.0010341877614345235,0.31949265042078545,0.9785818568145037,0.3191374076439092,0.9405389080991772,0.2215500534716359,0.2215500534716359,0.0,False,False,0.33075986313243017,0.9508271203310591
0.47202201561975876,0.0009806825097839525,0.32050593186814963,0.9797847984186554,0.3202577776057792,0.9548183396944648,0.20085066128491055,0.20085066128491055,0.0,False,False,0.33174272877349625,0.9499196232494682
0.4730026981295427,0.0009456666826645971,0.32146690835590813,0.9799058086293388,0.32162863549444287,0.9991226113185249,0.13872345571756048,0.13872345571756048,0.0,False,False,0.3326738713918332,0.9490469526223039
0.4739483648122073,0.0009508829385268498,0.3223909045748777,0.9770844589406799,0.32293123330610124,1.0369542123250792,0.08500298276223191,0.08500298276223191,0.0,False,False,0.3335709511602114,0.9481942634819533
0.47489924775073417,0.0010706699468960338,0.32331488150459115,0.9717041838451179,0.3230188226266361,0.9424701584424339,0.21198686506924805,0.21198686506924805,0.0,False,False,0.3344721608860439,0.9473258054423568
0.4759699176976302,0.001079779129777193,0.32435607276497713,0.9724670645743947,0.32528445836490727,1.0598323079473657,0.047428862385009235,0.047428862385009235,0.0,False,False,0.33548590481786195,0.9463346631405533
0.4770496968274074,0.000964029060907532,0.32539735650113916,0.9643488260204595,0.3244008274061107,0.8720146598696336,0.3058819646606745,0.3058819646606745,0.0,False,False,0.33650719117215255,0.9453208405962346
0.4780137258883149,0.0009988903761173151,0.32633206940517995,0.9695899656394902,0.32633760128066547,0.9857172903558094,0.14987195947686985,0.14987195947686985,0.0,False,False,0.33741806673122604,0.944403608161459
0.47901261626443226,0.0010620622407143273,0.32729820401818965,0.9672078499395219,0.3295651019892721,1.210254161200017,-0.16185044900119788,-0.16185044900119788,0.0,False,False,0.33836094274358935,0.943441175717593
0.48007467850514657,0.0010146118304796947,0.3283051789748139,0.9481317742235214,0.32849985277497956,0.9889286709924507,0.13969654082784622,0.13969654082784622,0.0,False,False,0.3393623866822465,0.9424044464066519
0.48108929033562625,0.001003300293230847,0.3292642743390052,0.9452830485307707,0.33051498994038636,1.0886474408631857,-0.00024045721880472382,-0.00024045721880472382,0.0,False,False,0.3403180534508884,0.9414011071899846
0.4820925906288571,0.001030855430384389,0.3302028191964941,0.9354575731923706,0.3302826856185508,0.9566286796393356,0.17815013457025583,0.17815013457025583,0.0,False,False,0.3412620585449094,0.94039653121917
0.4831234460592415,0.000944561209848689,0.331166254111,0.9345975062154589,0.3316730777376837,0.995843320019558,0.12225122508840518,0.12225122508840518,0.0,False,False,0.34223093389728937,0.9393514985324769
0.4840680072690902,0.0009657539272630881,0.3320458037127049,0.9311726890053464,0.3319962510276073,0.9304731063356114,0.209678289220769,0.209678289220769,0.0,False,False,0.34311775210680406,0.9383824978316345
0.48503376119635333,0.0010382514717862292,0.33294579550732917,0.9319059122801379,0.3327970868392454,0.920349177013854,0.22251323089322989,0.22251323089322989,0.0,False,False,0.3440235157379039,0.9373804359450015
0.48607201266813954,0.0010100644513668627,0.3339148552298043,0.9333574271827961,0.33323462851559454,0.8704564270087372,0.2907088125599986,0.2907088125599986,0.0,False,False,0.34499618762576445,0.9362903841561874
0.4870820771195064,0.0010231140584363223,0.33486250554396185,0.938207767707425,0.33523801431844263,0.9817531574244525,0.13681711647017733,0.13681711647017733,0.0,False,False,0.3459413603358173,0.9352172308889803
0.4881051911779427,0.0010045737380363212,0.33581935095470705,0.9352284848940724,0.3350762445719836,0.8677663351226819,0.2924063236140838,0.2924063236140838,0.0,False,False,0.3468976327265704,0.9341174491489492
0.489109764915979,0.000935461092602545,0.33676378106822413,0.940130204242825,0.33734461375954083,1.0067938513377706,0.10031299788029495,0.10031299788029495,0.0,False,False,0.3478354749475487,0.9330250984178986
0.4900452260085816,0.0010211923818410813,0.3376390841192498,0.9356915621049781,0.33858617569708416,1.0388363877634648,0.05398175104680694,0.05398175104680694,0.0,False,False,0.34870780347907626,0.931996763572589
0.49106641839042264,0.001064938671808167,0.33858725982743515,0.9284986110804053,0.33890711882084806,0.9663810214136406,0.15091046241480874,0.15091046241480874,0.0,False,False,0.3496589731190597,0.9308619256194735
0.4921313570622308,0.0010258298066368491,0.339573594653965,0.9261893221092167,0.3393237955099545,0.9088697441436999,0.22881945804089937,0.22881945804089937,0.0,False,False,0.3506496478062276,0.9296648414003531
0.49315718686886767,0.0010366623958614227,0.3405255343333807,0.9279703838364042,0.3409216940358637,0.9737492054062042,0.1379578464321768,0.1379578464321768,0.0,False,False,0.3516027286109578,0.9284985588066065
0.4941938492647291,0.0009531036875986861,0.34148450222801935,0.9250532270361637,0.34121513417144556,0.904680523883545,0.231442894247197,0.231442894247197,0.0,False,False,0.3525646515863758,0.9273068411989224
0.4951469529523278,0.0009875330112979958,0.3423678743452119,0.9268373721416944,0.34318429322755867,1.0208173857070266,0.07120431005901605,0.07120431005901605,0.0,False,False,0.35344794435706695,0.9261995438135825
0.4961344859636258,0.0009773086862342358,0.3432771620293975,0.9207668744060268,0.341678958723867,0.7663018057892804,0.41878162352131015,0.41878162352131015,0.0,False,False,0.35436202566355457,0.9250404879617253
0.49711179464986005,0.0009747481420606764,0.3441877864756267,0.9317674743463389,0.34389491379724557,0.9164121734722416,0.21363411127517448,0.21363411127517448,0.0,False,False,0.35526551045082916,0.9238816497311332
0.4980865427919207,0.0009690526057568246,0.34509693212182574,0.9326980036884812,0.34335962091667016,0.7698549365423825,0.4139368043602012,0.4139368043602012,0.0,False,False,0.3561654943213498,0.9227141724390221
0.4990555953976775,0.0010296577962055045,0.3460110633622897,0.9433246812747015,0.34470637666203646,0.831845979080882,0.3299839413063689,0.3299839413063689,0.0,False,False,0.3570590858568515,0.9215419589139642
0.500085253193883,0.0010276765629370652,0.3469894957397005,0.9502500549371943,0.34817969006239274,1.0859883468070208,-0.021948251373212546,-0.021948251373212546,0.0,False,False,0.358007312102641,0.9202838067256203
0.5011129297568201,0.0010423057785984222,0.3479545354279873,0.9390500115413324,0.34873573169547795,1.0314961885981508,0.048923003309016416,0.048923003309016416,0.0,False,False,0.3589524154031529,0.9190151024072065
0.5021552355354185,0.0010901719230879314,0.3489253710334524,0.9314307043088209,0.34829750608476057,0.8863027070144183,0.24671316972116875,0.24671316972116875,0.0,False,False,0.35990963381259733,0.9177150991978408
0.5032454074585064,0.0010087886364996109,0.34994389247842106,0.9342759828960376,0.3486327108618957,0.8284203183704815,0.3264845414987334,0.3264845414987334,0.0,False,False,0.3609093534413145,0.9163411309281441
0.504254196095006,0.0010234635018393703,0.35089308288891646,0.9409209978702753,0.3483060434393836,0.7131961392041787,0.48571975965404385,0.48571975965404385,0.0,False,False,0.3618331011715186,0.9150567396005231
0.5052776595968453,0.001009087657394025,0.351871292975605,0.9557840459679062,0.35139700367144383,0.9438863406318565,0.1685206169825708,0.1685206169825708,0.0,False,False,0.3627689560870142,0.9137409018837765
0.5062867472542394,0.0009193859070542448,0.35283434024598065,0.9543742442185377,0.35494655080740145,1.2012557634578362,-0.18920154057417238,-0.18920154057417238,0.0,False,False,0.3636903408817967,0.9124309618634306
0.5072061331612936,0.0009470994716919463,0.35369548371259146,0.9366507143556096,0.35407499183270036,0.9863322390454342,0.09803932196455793,0.09803932196455793,0.0,False,False,0.3645286642020687,0.9112265884753741
0.5081532326329855,0.0010235352840288656,0.3545782394826956,0.9320623614404371,0.3540899205429719,0.8892752709321504,0.2282608855598192,0.2282608855598192,0.0,False,False,0.3653910946324178,0.9099750642236443
0.5091767679170144,0.0009781429267662197,0.35553400322885126,0.9337868083975732,0.35593986227593355,0.981088140562717,0.09990109988764842,0.09990109988764842,0.0,False,False,0.366321788800617,0.9086101592655056
0.5101549108437806,0.0009975440480334326,0.35644284504294804,0.9291503207015726,0.355080651905635,0.7951383426597233,0.352912919109452,0.352912919109452,0.0,False,False,0.3672098965508137,0.907293772239919
0.511152454891814,0.0009288714927842474,0.3573776035608848,0.9370598920213821,0.3571181399797761,0.9198749450694883,0.18120773884013902,0.18120773884013902,0.0,False,False,0.3681142874366758,0.905939182249442
0.5120813263845982,0.001014473290724234,0.35824741830082146,0.9364209653257809,0.3583342287726059,0.9588085523809018,0.1262074287608591,0.1262074287608591,0.0,False,False,0.3689551984271765,0.9046668648630587
0.5130957996753225,0.0009852562152031276,0.3591938568864286,0.9329359326270903,0.35911871989330907,0.9402575911751245,0.14917265014178405,0.14917265014178405,0.0,False,False,0.3698722488894975,0.9032651980171182
0.5140810558905257,0.0010094205251247777,0.36011083123561066,0.9306963356663686,0.3608009397640316,1.0169711630828637,0.04119523790496801,0.04119523790496801,0.0,False,False,0.37076152094848164,0.9018918102369199
0.5150904764156504,0.0010096938738551637,0.36104248713656856,0.9229611225140333,0.3613432468340235,0.9689986398944651,0.10367153708488468,0.10367153708488468,0.0,False,False,0.3716711937062097,0.9004723843824095
0.5161001702895056,0.000918826623992275,0.3619697992313388,0.9184091523004545,0.3625530237059752,0.9919149799325386,0.06902979120283743,0.06902979120283743,0.0,False,False,0.37257967310688733,0.8990400649212211
0.5170189969134978,0.0010551850405269875,0.36280840501205086,0.9126920779333833,0.36220768687183114,0.8551389338725796,0.2526582214269739,0.2526582214269739,0.0,False,False,0.37340513204517173,0.8977257741282823
0.5180741819540249,0.0009367727795830057,0.36377478440317523,0.9158387903620451,0.3645582761507703,0.9923906397554948,0.06085539382632116,0.06085539382632116,0.0,False,False,0.3743515969954791,0.8962036552734638
0.5190109547336079,0.0009851210710498208,0.3646269074024447,0.9096368061087226,0.36604842305461593,1.0522239715970994,-0.02430232616450473,-0.02430232616450473,0.0,False,False,0.37519049872843324,0.8948408980194191
0.5199960758046578,0.000976961590305991,0.36551247670257786,0.8989446334646141,0.3646658615348499,0.8066572492172773,0.309384885887389,0.309384885887389,0.0,False,False,0.3760713147236504,0.8933961896247609
0.5209730373949638,0.0010517067730000187,0.36639631703387354,0.9046827839146107,0.3656216564364801,0.8238249407895192,0.28554390670283597,0.28554390670283597,0.0,False,False,0.37694342382691404,0.8919516855187066
0.5220247441679639,0.0010055012555321792,0.36735293071245934,0.9095821222649854,0.3685186224507271,1.0168962222894131,0.016701715049811328,0.016701715049811328,0.0,False,False,0.3778806720487445,0.8903835741939949
0.5230302454234961,0.001048206253429836,0.36825861631147455,0.9007304506406103,0.3680916371828885,0.8727416836330343,0.2116600127714866,0.2116600127714866,0.0,False,False,0.3787751947761813,0.8888716637098809
0.5240784516769259,0.001010307249275056,0.36920384445073345,0.9017577754053722,0.37042890972080805,1.0084458203763598,0.021592947051775696,0.021592947051775696,0.0,False,False,0.3797060838163834,0.8872823314858763
0.525088758926201,0.0009989181351287054,0.37010619279088264,0.8931424977863741,0.36972000752937384,0.8374342478570773,0.25383519227065754,0.25383519227065754,0.0,False,False,0.38060173236754613,0.8857377021767076
0.5260876770613298,0.0009598035792359392,0.3710014814733654,0.8962583128670821,0.37227124827699054,1.0090912065360251,0.01598927778846773,0.01598927778846773,0.0,False,False,0.3814857439073692,0.8841981702374013
0.5270474806405657,0.0009765685474941762,0.37185361994219523,0.8878258919477657,0.3719683629633417,0.8766250756564372,0.1938745863700475,0.1938745863700475,0.0,False,False,0.3823336859501947,0.8827073861620152
0.5280240491880599,0.0010019911943758757,0.3727207786133851,0.8879649804562636,0.3729461257729117,0.8890848597700517,0.1749920232371059,0.1749920232371059,0.0,False,False,0.3831949648658515,0.8811789594068766
0.5290260403824357,0.0010129939057158094,0.3736097062478693,0.887161124243163,0.3749751803150409,1.002678606698703,0.016138659759407176,0.016138659759407176,0.0,False,False,0.38407710768910625,0.8795985792205622
0.5300390342881516,0.0009679902392941279,0.3744994246946919,0.8783058237590179,0.37418372039629627,0.8242799779877987,0.2585548249946381,0.2585548249946381,0.0,False,False,0.3849673211613249,0.8779883206745673
0.5310070245274457,0.0010705369715055142,0.3753528155799549,0.881611043811058,0.3745315316180969,0.7777832538405216,0.32151413123745654,0.32151413123745654,0.0,False,False,0.3858164557855407,0.8764378340267449
0.5320775614989512,0.0010152258630529703,0.3763041185751191,0.8886222713320344,0.3759126724582843,0.8290187670205968,0.24996925774622153,0.24996925774622153,0.0,False,False,0.3867537911300185,0.8747097017331017
0.5330927873620042,0.0009446847961667979,0.37720930519283846,0.8916110696759579,0.3776040410307023,0.9127171153494202,0.1330738282022592,0.1330738282022592,0.0,False,False,0.3876409816174553,0.8730578633833408
0.534037472158171,0.001074512868977598,0.378048997188265,0.888859436326009,0.37668261463313896,0.7239074312227581,0.38920562676343207,0.38920562676343207,0.0,False,False,0.3884650155829754,0.8715094392780713
0.5351119850271486,0.0009159002094828628,0.3790155240048802,0.8995023182317554,0.3795718223117263,0.9204020371737276,0.1161158450099801,0.1161158450099801,0.0,False,False,0.3894005115782461,0.8697349023509139
0.5360278852366315,0.0010198937297702878,0.37983619717737405,0.8960290258665091,0.37936603050698714,0.8058930314396625,0.2697284521274524,0.2697284521274524,0.0,False,False,0.39019640492933255,0.8682111252106917
0.5370477789664018,0.0009729433865547286,0.38075411067629117,0.9000089638004654,0.38175576618258505,0.959615951799233,0.0561180488591851,0.0561180488591851,0.0,False,False,0.39108101764639114,0.8665022205581293
0.5380207223529565,0.0010788307871349811,0.38162333699081585,0.8933986566296535,0.3795339507173,0.6352941564279423,0.4984869965333171,0.4984869965333171,0.0,False,False,0.391923277341941,0.8648600875027584
0.5390995531400915,0.001041925979622125,0.3826050293402948,0.9099595239453447,0.3819186212123413,0.7928068656001264,0.28112324872410716,0.28112324872410716,0.0,False,False,0.39285532679427837,0.8630256558078266
0.5401414791197137,0.000941878826398346,0.3835579342134479,0.91456100701007,0.3820862131149951,0.7296109975331253,0.36796839048133145,0.36796839048133145,0.0,False,False,0.3937536067602019,0.8612404182561328
0.5410833579461121,0.001050441002224926,0.38442709358331345,0.9227931932487828,0.3837060723550611,0.8286316001671792,0.23262341515064172,0.23262341515064172,0.0,False,False,0.39456402631993476,0.8596151366529424
0.542133798948337,0.0008992566700091113,0.3853985740348725,0.9248310466759742,0.38561470330583597,0.9274665028433895,0.09371194208613191,0.09371194208613191,0.0,False,False,0.3954660437245506,0.857789681634447
0.5430330556183461,0.001041917962141635,0.386226180108857,0.920322419155523,0.3860697753727902,0.8853252116440835,0.14807400659507267,0.14807400659507267,0.0,False,False,0.3962367100774248,0.8562161965704586
0.5440749735804877,0.000997892053723047,0.3871826080331942,0.9179493579046384,0.3869614943917521,0.882377069611502,0.14939894775588156,0.14939894775588156,0.0,False,False,0.3971278620389639,0.8543806780332264
0.5450728656342108,0.0009546529987588717,0.38809642982610304,0.9157521492424162,0.38795751481985574,0.8939518047263845,0.13078691132987333,0.13078691132987333,0.0,False,False,0.39797955938612095,0.8526102290073008
0.5460275186329696,0.001049253138637695,0.38896780857262325,0.9127701349632601,0.38914529829555605,0.928977065738194,0.07996669876990224,0.07996669876990224,0.0,False,False,0.39879269326390515,0.8509050568545428
0.5470767717716073,0.0010389650576512464,0.38991931221222587,0.9068389738991148,0.3890391984843789,0.8259674226573362,0.21927648030466965,0.21927648030466965,0.0,False,False,0.39968451925262827,0.8490180113874871
0.5481157368292585,0.0010098601694406755,0.3908629288673848,0.9082275175760826,0.39147977154489616,0.9782749288592634,0.006179156485904891,0.006179156485904891,0.0,False,False,0.400565642855835,0.847136156266768
0.5491255969986992,0.0010145196487282835,0.3917706029319288,0.8988116295810711,0.3923488880831363,0.9665104934678705,0.017824263256249,0.017824263256249,0.0,False,False,0.40142020297422487,0.8452943228150825
0.5501401166474275,0.001020383683260475,0.392673506363289,0.889981216718718,0.3930095153511484,0.9349766913661461,0.056957242798196056,0.056957242798196056,0.0,False,False,0.40227682675024073,0.8434313893782581
0.551160500330688,0.000982505599467591,0.3935746401905634,0.883132337431102,0.3940603072392368,0.9444590977958848,0.03987429159992724,0.03987429159992724,0.0,False,False,0.40313648901710974,0.8415449474610632
0.5521430059301555,0.001028231681565326,0.39443504530919604,0.8757254097064952,0.3946937188130106,0.9144821919707794,0.07711763950392843,0.07711763950392843,0.0,False,False,0.40396241435971725,0.8397164583567863
0.5531712376117208,0.000907107630863686,0.3953295235495906,0.8699189651819289,0.3971054600321952,1.0575862884068017,-0.12480633710851291,-0.12480633710851291,0.0,False,False,0.4048248482097285,0.8377901848200412
0.5540783452425845,0.0008310847090019281,0.39610569857546124,0.8556592398319847,0.39602969457325315,0.8332347360430566,0.17539258161435675,0.17539258161435675,0.0,False,False,0.4055840392051501,0.8360800512432327
0.5549094299515864,0.001023381965732375,0.39681637285208887,0.855116534969214,0.39654839219021093,0.8123233861777008,0.20175442009810962,0.20175442009810962,0.0,False,False,0.40627823837879257,0.8345043767640676
0.5559328119173188,0.0010196099741759522,0.3976921825157009,0.8557993915646315,0.39703460565160975,0.778601505793467,0.24648089650222227,0.24648089650222227,0.0,False,False,0.4071312574344263,0.832552476136404
0.5569524218914947,0.0009667706137787952,0.3985677798450964,0.8587571243633185,0.39766696072774577,0.7627606657497086,0.26702040307707475,0.26702040307707475,0.0,False,False,0.4079791393901027,0.8305949883785833
0.5579191925052736,0.000946138157554811,0.39940166106096914,0.8625429900205295,0.39831565455387824,0.7535836417901248,0.2785526211142042,0.2785526211142042,0.0,False,False,0.40878123226030283,0.8287271604555928
0.5588653306628284,0.001066135164126547,0.4002217540166098,0.8667792849197941,0.39944613204167184,0.7977086193162176,0.21714515091633974,0.21714515091633974,0.0,False,False,0.4095644535076789,0.8268880897563949
0.559931465826955,0.0009744190855735714,0.4011474379868127,0.8682613624898508,0.40108575771799293,0.8717292963462044,0.11215285185396402,0.11215285185396402,0.0,False,False,0.4104449175142001,0.8248026092814004
0.5609058849125286,0.0009698761478468903,0.4019898182584565,0.8644948401723048,0.40228154579173964,0.9072744139512715,0.06012245221976768,0.06012245221976768,0.0,False,False,0.4112476872633342,0.8228843353938259
0.5618757610603755,0.000951648118798742,0.4028222021819697,0.858237338201445,0.40286683204736884,0.8768934669955147,0.09808833002974918,0.09808833002974918,0.0,False,False,0.412044852567544,0.8209634342176787
0.5628274091791743,0.001039972738037374,0.4036348409363885,0.8539277684325696,0.40296678537982267,0.7997073021422111,0.20068395060204786,0.20068395060204786,0.0,False,False,0.4128252195849223,0.8190674145674232
0.5638673819172116,0.000889484937829696,0.40452357145569195,0.8545709774860419,0.40530913068158086,0.9449679857993427,-0.002979679683811687,-0.002979679683811687,0.0,False,False,0.4136759445000863,0.8169827121185844
0.5647568668550413,0.000990579125502744,0.4052761300044084,0.8460610367980275,0.40592138928753946,0.9193041241157294,0.027710159977692383,0.027710159977692383,0.0,False,False,0.41440184136031594,0.8151891430054925
0.565747445980544,0.000964263347784921,0.40610637167048136,0.8381376557391098,0.40596705223999385,0.8319834345701839,0.14377971836781145,0.14377971836781145,0.0,False,False,0.4152083567432641,0.8131802989943061
0.5667117093283289,0.0009928125952094187,0.4069125454016167,0.8360514095939359,0.4063427685784254,0.7877491707180386,0.2018345942312372,0.2018345942312372,0.0,False,False,0.4159915292438462,0.8112132559294242
0.5677045219235384,0.0010334313135296831,0.4077433245884773,0.8367935609090172,0.4082219182348946,0.8982496179533181,0.047443423070678545,0.047443423070678545,0.0,False,False,0.4167959017015584,0.8091760518455937
0.5687379532370681,0.0009756715747043275,0.408600644091529,0.8295853743037394,0.40876468199194993,0.8609452010601434,0.09491117485387313,0.09491117485387313,0.0,False,False,0.41763102833905386,0.8070426515651454
0.5697136248117725,0.0009862024474965815,0.40940569396797705,0.8251238401528548,0.40814196453474333,0.7110261857703566,0.29774705914800204,0.29774705914800204,0.0,False,False,0.4184174494157191,0.8050164618457214
0.570699827259269,0.0009065324182785055,0.41022486686988213,0.8306336127886227,0.4101655429052183,0.84511250944465,0.11221924247381526,0.11221924247381526,0.0,False,False,0.41921034384700884,0.8029565307126377
0.5716063596775476,0.0009725941046018956,0.4109748129936423,0.8272689521509914,0.41120348237758403,0.8750968299146944,0.06835707848092121,0.06835707848092121,0.0,False,False,0.4199373876936021,0.8010524822418574
0.5725789537821495,0.0009471829563268349,0.4117738371611642,0.8215391844771687,0.41098870534680226,0.7655042420644013,0.21527516894058876,0.21527516894058876,0.0,False,False,0.4207154886941068,0.7989984659719905
0.5735261367384763,0.0010115455558233608,0.41255331071323376,0.8229387436322873,0.4127189803266423,0.871629716772993,0.06797106737272877,0.06797106737272877,0.0,False,False,0.42147133465916026,0.796986957929164
0.5745376822942997,0.0009882047235947784,0.41337972067432477,0.8169775017382754,0.41211014855433503,0.7242784748984425,0.26765085528746896,0.26765085528746896,0.0,False,False,0.42227643168646095,0.7948266073227779
0.5755258870178944,0.0009779451992169043,0.41419107983937214,0.8210436012650161,0.4153571221826019,0.9804235992575284,-0.08659670726948879,-0.08659670726948879,0.0,False,False,0.42306083528596566,0.792703979982498
0.5765038322171113,0.0010078067612007819,0.41498099536430694,0.8077298457697857,0.416070037171282,0.9552805172515365,-0.05785694071195546,-0.05785694071195546,0.0,False,False,0.42383502439404724,0.7905915916500948
0.5775116389783121,0.0009549841909361615,0.4157827171640909,0.7955114320018241,0.41556235421899357,0.8093774361225783,0.1380599526150718,0.1380599526150718,0.0,False,False,0.42463068586225866,0.7884024219861617
0.5784666231692484,0.0009432142608835115,0.4165403395253367,0.7933349770985636,0.41685751326913406,0.8640606862851872,0.06015857547720119,0.06015857547720119,0.0,False,False,0.4253826025872971,0.7863164927437426
0.5794098374301319,0.0008704062535794936,0.4172831393120066,0.7875196733922609,0.41518008566103953,0.5998129884892641,0.4182964638133887,0.4182964638133887,0.0,False,False,0.4261232915792025,0.7842452862279772
0.5802802436837113,0.000996151592606039,0.4179775144138727,0.7977597805743021,0.4169684107154046,0.7452903529956005,0.2215005390505683,0.2215005390505683,0.0,False,False,0.4268050682240365,0.7823242729082617
0.5812763952763174,0.0009995756420851693,0.418774073604836,0.7996365180518373,0.41851770313335557,0.8262890937344116,0.1077707007850757,0.1077707007850757,0.0,False,False,0.4275832820846464,0.7801143267859454
0.5822759709184026,0.000996826523831151,0.4195695640127,0.7958281238272212,0.41863395145053733,0.7552899512627795,0.20221752061767273,0.20221752061767273,0.0,False,False,0.42836195196683235,0.7778845440330815
0.5832727974422337,0.0009704739147688194,0.42036378828061727,0.7967527437620208,0.42098721681994583,0.9158366737412137,-0.021542909968083196,-0.021542909968083196,0.0,False,False,0.4291362545429224,0.7756486829231621
0.5842432713570025,0.00105177672721817,0.42112734905101706,0.7867916476474298,0.4228703190810277,1.0182924578582155,-0.16748150784596522,-0.16748150784596522,0.0,False,False,0.4298879403661081,0.773460215377038
0.5852950480842206,0.0009621503000442173,0.421935495596604,0.7683632130978703,0.42090870555253046,0.7299584646546161,0.22558707564890618,0.22558707564890618,0.0,False,False,0.43070019483964805,0.771075355055274
0.5862571983842648,0.0010887385722512023,0.42267681856835565,0.7704856213395893,0.42194599388004334,0.7647720038397336,0.17584245671668702,0.17584245671668702,0.0,False,False,0.4314410308840487,0.768881829376892
0.587345936956516,0.000985079966509598,0.4235153324454649,0.7701700835081562,0.42372079990773776,0.8513096972906159,0.05209929829224556,0.05209929829224556,0.0,False,False,0.43227678485879834,0.7663860049349118
0.5883310169230257,0.0009582756601170758,0.4242677276443541,0.7637909859796679,0.42567369171552255,0.9644257607140418,-0.10794789628873963,-0.10794789628873963,0.0,False,False,0.43303061890994493,0.7641152725570898
0.5892892925831428,0.0009796021241191746,0.4249863782830681,0.7499414506951237,0.42391965546078697,0.684942299045973,0.26950152593024607,0.26950152593024607,0.0,False,False,0.43376178901292145,0.7618949007058275
0.590268894707262,0.000995560046099431,0.42572531712002926,0.7543254743608763,0.425942642134562,0.8229591233710756,0.0781441280388065,0.0781441280388065,0.0,False,False,0.4345070263883373,0.7596134662634513
0.5912644547533614,0.001018211246352902,0.426471228605003,0.7492380674538006,0.42806061168547693,0.9534047286564411,-0.10571937833517353,-0.10571937833517353,0.0,False,False,0.43526210805638554,0.757282801146834
0.5922826659997144,0.00109295969037065,0.42721930335377734,0.734695036470859,0.4257778715744941,0.6338730460433786,0.3297898234272353,0.3297898234272353,0.0,False,False,0.4360319630440159,0.7548865268565805
0.593375625690085,0.0010060984142332497,0.4280313151973987,0.742947659255344,0.4269133714171301,0.6743779391696747,0.27246701143629914,0.27246701143629914,0.0,False,False,0.4368556115375521,0.7523001802269274
0.5943817241043182,0.0010347886618818798,0.4287835021264418,0.7476275863294507,0.4284138356256447,0.7560770673755929,0.15814951896208007,0.15814951896208007,0.0,False,False,0.4376112964188432,0.7499064212793488
0.5954165127662001,0.001045111513749536,0.42955597897631004,0.7465068746147858,0.4291016798837071,0.7469413160623881,0.16770612420201342,0.16770612420201342,0.0,False,False,0.43838601167431207,0.7474314427049917
0.5964616242799496,0.0010211200015364159,0.4303355057633844,0.7458790538797679,0.43104463416224675,0.8581559849026121,0.010296806393826019,0.010296806393826019,0.0,False,False,0.43916584886229965,0.7449184363966738
0.5974827442814861,0.0010951339840292304,0.4310883076137457,0.7372315195360089,0.43129919550276175,0.797270006842072,0.08948501538130707,0.08948501538130707,0.0,False,False,0.4399252408692259,0.7424501724961988
0.5985778782655153,0.0009824835237824047,0.4318903083442626,0.7323311505375403,0.43034136174232585,0.6300803053007673,0.3187692710443389,0.3187692710443389,0.0,False,False,0.4407368673373763,0.7397887805786258
0.5995603617892977,0.0009679717882397029,0.4326165773723296,0.7392175140718824,0.4330663577988121,0.844430214168538,0.02268100640858997,0.02268100640858997,0.0,False,False,0.44146251953941995,0.737388626733245
0.6005283335775374,0.0009383045633607975,0.433324789328744,0.731645245263087,0.43282079157161096,0.7346180414825451,0.16885146138575385,0.16885146138575385,0.0,False,False,0.4421751417651844,0.7350123397337383
0.6014666381408982,0.0009855513511435607,0.4340108692730904,0.7311910984307756,0.43512303427701554,0.9065182226963203,-0.06925199454110784,-0.06925199454110784,0.0,False,False,0.44286372222160253,0.7326979080765923
0.6024521894920417,0.000894061862241205,0.4347194636592922,0.718982714984435,0.434171790216527,0.7193474256026198,0.18252058613813937,0.18252058613813937,0.0,False,False,0.4435846309574529,0.7302553029371814
0.6033462513542829,0.0010302625414057175,0.43536247859971705,0.7192063184676759,0.4348069269617846,0.7184521459790072,0.18122524082590802,0.18122524082590802,0.0,False,False,0.4442365299385938,0.7280291353484588
0.6043765138956886,0.0009642733423094422,0.4361036456979058,0.7193963367604115,0.43657587211266374,0.8183054140286041,0.03994456999621805,0.03994456999621805,0.0,False,False,0.4449852644712924,0.7254516703126895
0.605340787237998,0.0010314837374140538,0.43679094289341275,0.7127617920670506,0.43745672184678464,0.8278234244804751,0.02232923461118741,0.02232923461118741,0.0,False,False,0.44568363031026215,0.7230274930376352
0.606372270975412,0.0010170260394070675,0.43751791581110844,0.7047836929724144,0.4379089562749474,0.788884180256791,0.07118924747293316,0.07118924747293316,0.0,False,False,0.44642807862600475,0.7204217178850418
0.6073892970148191,0.0009391588538935474,0.4382292588791281,0.6994344691846507,0.43675829772657065,0.5968562256025709,0.3324009678975855,0.3324009678975855,0.0,False,False,0.4471594543497919,0.7178396828355739
0.6083284558687126,0.0011041490482031602,0.4388930383828422,0.7067808613656671,0.43936256200613577,0.8144681303741815,0.03362992906771306,0.03362992906771306,0.0,False,False,0.4478324957578685,0.7154440649879517
0.6094326049169158,0.0009607602639363216,0.439664718241926,0.6988910241235504,0.4387621141928457,0.6786402702972182,0.218226160377811,0.218226160377811,0.0,False,False,0.44862089147020134,0.7126137447850597
0.6103933651808521,0.0009567839173092364,0.44033813792591314,0.7009237468128536,0.44054345506583836,0.7961857507021948,0.05443985650049679,0.05443985650049679,0.0,False,False,0.4493043544358293,0.7101388072360784
0.6113501490981613,0.0009785900578373728,0.44100320308828045,0.6951048719941705,0.43976076040969364,0.6347624293371281,0.27147398833669323,0.27147398833669323,0.0,False,False,0.44998262024592095,0.7076628554076295
0.6123287391559987,0.0010229500780691884,0.44168801603457564,0.6997955280769823,0.44207750558453557,0.8080293615754378,0.03124227795038302,0.03124227795038302,0.0,False,False,0.4506738882711095,0.7051188529021482
0.6133516892340679,0.0009454154614353086,0.44239629886207077,0.6923923685816721,0.4416924085309136,0.689580692563676,0.1900650095020846,0.1900650095020846,0.0,False,False,0.45139382414808316,0.702446966224537
0.6142971046955032,0.0010394366509419131,0.4430515530844126,0.6930860019435685,0.441932243197052,0.645990800148234,0.24701169253701705,0.24701169253701705,0.0,False,False,0.45205675654671895,0.6999661770174104
0.6153365413464451,0.001006121220259963,0.4437758381104159,0.6968053563889258,0.44439876369284853,0.8186856902432234,0.0051629168516378054,0.0051629168516378054,0.0,False,False,0.45278290408165617,0.697226015120807
0.6163426625667051,0.0009900645351430969,0.44446827495400726,0.6882240724556947,0.44467914958014054,0.7646851237663044,0.0743214711060817,0.0743214711060817,0.0,False,False,0.45348305837391645,0.6945610511147339
0.6173327271018482,0.0009468774798166927,0.4451447239667912,0.6832372928964453,0.44460892813103275,0.681123998068499,0.18505176245872643,0.18505176245872643,0.0,False,False,0.4541694154380814,0.6919264905117076
0.6182796045816649,0.0010043237462188136,0.44579213186911804,0.6837293273171147,0.447058524316654,0.8717141482573949,-0.07901472064968623,-0.07901472064968623,0.0,False,False,0.45482338769480185,0.6893955970437718
0.6192839283278837,0.000985735421015586,0.44646602187894024,0.6709888244296923,0.44608148009827636,0.6872589420191639,0.1691209851186612,0.1691209851186612,0.0,False,False,0.4555144110375889,0.6866991321950271
0.6202696637488992,0.000897767460682153,0.44712721787983795,0.6707641693716407,0.4471552371111354,0.727462583062393,0.11051937363363304,0.11051937363363304,0.0,False,False,0.456190005339884,0.6840405376591915
0.6211674312095814,0.0010146636267043248,0.4477268635548606,0.6679298384984969,0.44796153480810463,0.7445277438909667,0.08364409795611856,0.08364409795611856,0.0,False,False,0.4568030238592541,0.681608823087157
0.6221820948362857,0.0009522511296914322,0.44839996552224703,0.6633744914782396,0.4478592049815975,0.6599898709712836,0.1960428625628981,0.1960428625628981,0.0,False,False,0.4574932282458833,0.6788485741427449
0.6231343459659772,0.0009831658110314647,0.44903270620216895,0.6644682901315896,0.4494438501794425,0.7604013136899227,0.05551670341223845,0.05551670341223845,0.0,False,False,0.4581384245922356,0.6762466170082251
0.6241175117770086,0.000954997283351749,0.4496803030413188,0.6586852714807174,0.44921477804829296,0.6610617420251774,0.18755343117452677,0.18755343117452677,0.0,False,False,0.458801961775523,0.6735485120954989
0.6250725090603604,0.0009813130028197164,0.45031002325347624,0.659394768063964,0.44995080105097335,0.6720262585472625,0.16954466497684892,0.16954466497684892,0.0,False,False,0.45944394281306106,0.6709163529299876
0.62605382206318,0.0009758690147591416,0.4509569415043158,0.6592374186225006,0.4521460715339476,0.8285311018350348,-0.04920878698564726,-0.04920878698564726,0.0,False,False,0.46010098992585957,0.6682000034683157
0.6270296910779392,0.0009797948132088535,0.451589702605298,0.648407820529473,0.4506816199669644,0.595611584701961,0.26511271402565706,0.26511271402565706,0.0,False,False,0.4607517427892674,0.6654870040554632
0.628009485891148,0.000976022119816948,0.4522294847390371,0.6529756282785276,0.45012393669393325,0.47913205255669905,0.423356273155169,0.423356273155169,0.0,False,False,0.4614024442679711,0.6627513332421052
0.628985508010965,0.0009648091481559895,0.45287876439769664,0.6652304752901567,0.4542845721279537,0.8575038002282002,-0.097246026628313,-0.097246026628313,0.0,False,False,0.46204796956686567,0.6600144831209265
0.629950317159121,0.0010490677672427286,0.45350799666304037,0.6521831458028114,0.4557327049873463,0.9218486864205042,-0.19234794961592538,-0.19234794961592538,0.0,False,False,0.4626834478526659,0.657297585427439
0.6309993849263638,0.0010207665933636588,0.45417212233649645,0.6330627002310876,0.453818458184535,0.6471925930793524,0.1805191469354757,0.1805191469354757,0.0,False,False,0.46337144238199945,0.654330452563615
0.6320201515197275,0.0010251322559232889,0.4548188460170606,0.6335666593800157,0.4531286359727257,0.5148944948581866,0.3602095161936397,0.3602095161936397,0.0,False,False,0.46403788199896573,0.651430401292619
0.6330452837756507,0.0010639517477392328,0.45547829414752966,0.643281027066275,0.4552073457645645,0.6661798366081224,0.14973341379880148,0.14973341379880148,0.0,False,False,0.46470418599588453,0.6485050779706566
0.6341092355233899,0.0009712960113803942,0.45616148426255065,0.6421250930530108,0.4559117076190761,0.6657642776351118,0.14628431191421942,0.14628431191421942,0.0,False,False,0.4653925429521368,0.6454553409010515
0.6350805315347703,0.0010199396295271198,0.4567839944919867,0.6409068112524602,0.45661825467429307,0.6719305613558997,0.1340716734792777,0.1340716734792777,0.0,False,False,0.4660181140814678,0.6426590648143432
0.6361004711642974,0.0009711169439753822,0.4574357457873539,0.6390096791017033,0.45646413142816045,0.5896264886786663,0.2438437183504881,0.2438437183504881,0.0,False,False,0.46667208482698097,0.6397102863217652
0.6370715881082727,0.0009556851615567775,0.45805972804859474,0.6425408032594973,0.45856549055623647,0.747049635683525,0.024885667160181396,0.024885667160181396,0.0,False,False,0.4672919502346575,0.6368907964740269
0.6380272732698294,0.0010635858213757354,0.45866710378387526,0.6355395685866984,0.4591248228163621,0.7308715052842132,0.0418203220396105,0.0418203220396105,0.0,False,False,0.46789928694884136,0.634104811663366
0.6390908590912052,0.000955097865728147,0.4593357570304487,0.6286782252404906,0.45803164210914105,0.5550017973682729,0.28091463526952404,0.28091463526952404,0.0,False,False,0.4685720572164836,0.6309911001494047
0.6400459569569333,0.0011218352135350447,0.45994125172301437,0.63396088955138,0.4605514159773773,0.763325248554884,-0.006975232042044227,-0.006975232042044227,0.0,False,False,0.46917337543329546,0.6281831633477416
0.6411677921704684,0.001116970970794833,0.4606412699707499,0.6239938266241916,0.4624325755428097,0.854678631819949,-0.14178357702630118,-0.14178357702630118,0.0,False,False,0.4698762368687354,0.6248707310758121
0.6422847631412633,0.000890048436248132,0.4613188085463418,0.6065856618545533,0.4614688722455343,0.682932492615289,0.09021239415938141,0.09021239415938141,0.0,False,False,0.47057235026754113,0.6215573174180042
0.6431748115775114,0.0010440368285711211,0.4618555971843764,0.6031004787755156,0.46156122544798045,0.6250154429722282,0.16480569144915153,0.16480569144915153,0.0,False,False,0.4711243872475685,0.6189060921860338
0.6442188484060826,0.000956027349010663,0.4624850686854232,0.602920781930959,0.4623611475034319,0.6391320823981037,0.1413219349938553,0.1413219349938553,0.0,False,False,0.4717689192632703,0.6157837851620734
0.6451748757550932,0.001026692749636128,0.4630602475920406,0.601634364553105,0.4635971604084795,0.7045052283956149,0.047752947606592086,0.047752947606592086,0.0,False,False,0.47235625399693104,0.6129129475743349
0.6462015685047294,0.0010077994231501638,0.46367159673205294,0.5954548137492859,0.46216130084270907,0.49420180737601865,0.33354622693022706,0.33354622693022706,0.0,False,False,0.4729839393050257,0.6098174195497919
0.6472093679278796,0.0008714348022139873,0.46428012114668216,0.6038150058938606,0.46442357909801324,0.6692586607919767,0.09013029068169039,0.09013029068169039,0.0,False,False,0.4735969765245664,0.6067662749617547
0.6480808027300936,0.0010039128130232063,0.4648033382610079,0.6004087890413212,0.4644625941845846,0.6068099037830403,0.17068538574046385,0.17068538574046385,0.0,False,False,0.4741245805202383,0.6041179301986208
0.6490847155431169,0.001064493790181077,0.46540623001148484,0.6005419421447337,0.46701876153532434,0.8007493662548266,-0.10083896902598266,-0.10083896902598266,0.0,False,False,0.47472952604128027,0.6010554244771689
0.6501492093332979,0.0010110974758219837,0.4660302690192846,0.5862307639142008,0.4658782746356798,0.6135355331731686,0.15191894597638086,0.15191894597638086,0.0,False,False,0.47536761147919465,0.5977946021674302
0.6511603068091198,0.0010932002957916142,0.4666222397734506,0.5854734764170103,0.4680777462918135,0.7697150771811683,-0.06796772335812395,-0.06796772335812395,0.0,False,False,0.4759704688260437,0.5946844697026115
0.6522535071049115,0.0009627496892406171,0.46724824889628547,0.5726389987679026,0.4662850534330577,0.528757805311969,0.2610660862618106,0.2610660862618106,0.0,False,False,0.4766187336432844,0.591307674043411
0.6532162567941521,0.0010941207443770913,0.46780397144372576,0.5772243332310065,0.4683164517448871,0.6868816578662638,0.0413903110941263,0.0413903110941263,0.0,False,False,0.47718657845438145,0.5883216831356207
0.6543103775385292,0.000998332790089334,0.468428055395678,0.5703976961953701,0.4687067847074228,0.653868984436551,0.08144380772926373,0.08144380772926373,0.0,False,False,0.4778284107802482,0.5849144331185563
0.6553087103286185,0.0009334723428238372,0.46899330674299067,0.5661953137511138,0.4682349199514589,0.5412168092587052,0.2318567351532423,0.2318567351532423,0.0,False,False,0.47841079277298654,0.5817926628968256
0.6562421826714423,0.0010267897410973067,0.4695247343787833,0.5693019615182273,0.4696795416928163,0.6418529797531873,0.091325089859518,0.091325089859518,0.0,False,False,0.47895251341973644,0.5788626453989834
0.6572689724125396,0.001085035441561426,0.4701053753448296,0.5654915926855767,0.47116349764208776,0.7221915204836982,-0.025005910655488295,-0.025005910655488295,0.0,False,False,0.47954522377857967,0.575627369556746
0.658354007854101,0.0010088691866335178,0.47070775496069633,0.5551704513908465,0.4704251933941741,0.5819281166410094,0.16368908862715642,0.16368908862715642,0.0,False,False,0.48016793879461517,0.5721945094903571
0.6593628770407346,0.001010985824098201,0.47126781244959537,0.5551339027092979,0.46979129649715645,0.46090288771051424,0.3268454617222486,0.3268454617222486,0.0,False,False,0.48074359261916655,0.5689896639822366
0.6603738628648328,0.0010051838442574888,0.47183734612134354,0.5633448641638482,0.47182201966394416,0.6156782410071061,0.11101811379757771,0.11101811379757771,0.0,False,False,0.48131720440094794,0.5657655647833641
0.6613790467090903,0.0008904853230030299,0.47240088071275194,0.5606283811939548,0.4716133680002436,0.5333528545069849,0.21991014731488293,0.21991014731488293,0.0,False,False,0.48188428648830767,0.5625475332817599
0.6622695320320934,0.001101553975880182,0.4729022950831764,0.5630798818036548,0.4726035462559737,0.591212917272794,0.1382154442863058,0.1382154442863058,0.0,False,False,0.4823839536087247,0.5596863438867841
0.6633710860079736,0.0010951693143636853,0.47352093010381635,0.5616020950272991,0.47344973134329815,0.6089090222280776,0.10854763575828011,0.10854763575828011,0.0,False,False,0.4829985228751732,0.556133512381852
0.6644662553223373,0.0010749274707874282,0.4741325983564414,0.5585147836071517,0.472644136003271,0.474459143373859,0.29105995503208965,0.29105995503208965,0.0,False,False,0.48360564229269215,0.552586511559283
0.6655411827931247,0.0010215557044994123,0.4747402625782929,0.5653071843129736,0.4733303346978704,0.490849972746887,0.2655025080874554,0.2655025080874554,0.0,False,False,0.484197755142377,0.5490907561521673
0.6665627384976242,0.0010050962429388884,0.47532298773973836,0.5704291590550414,0.47574367041446786,0.6780062010821183,0.003538635656693212,0.003538635656693212,0.0,False,False,0.4847569794156515,0.5457554291116081
0.667567834740563,0.0009842373001016254,0.4758881363411138,0.5622830702490756,0.47543197822561917,0.5791944025879138,0.13361423144321355,0.13361423144321355,0.0,False,False,0.4853038617484034,0.542461342615495
0.6685520720406647,0.0010792368464046696,0.47644003694675563,0.5607393720851878,0.4742018752849224,0.39629464096051126,0.3809322426669727,0.3809322426669727,0.0,False,False,0.4858361800596059,0.5392236048960698
0.6696313088870693,0.001041338351665127,0.47705779111853835,0.5723990742539112,0.4777426967462111,0.6847508489840198,-0.02278618144787259,-0.02278618144787259,0.0,False,False,0.48641620817546616,0.5356596930053004
0.6706726472387344,0.0009421276379595901,0.4776436276581624,0.5625803934785241,0.47788131510878173,0.6295873224613336,0.04678026579510844,0.04678026579510844,0.0,False,False,0.4869722148000604,0.5322073819214104
0.6716147748766941,0.0009768679664981215,0.4781684032916803,0.5570111865675187,0.4775454299853537,0.5309768260704324,0.1763957181936219,0.1763957181936219,0.0,False,False,0.4874721462162254,0.529072514435375
0.6725916428431922,0.0010177889002194957,0.47871309435826515,0.5575892395545132,0.47756394321463025,0.47977430533904225,0.2428654960734264,0.2428654960734264,0.0,False,False,0.4879873879057664,0.525810548366522
0.6736094317434117,0.0009725892704660576,0.4792846558662444,0.5615717639050863,0.48001403585148705,0.6725238699932776,-0.027027200429287107,-0.027027200429287107,0.0,False,False,0.48852081725096336,0.5223994819767271
0.6745820210138778,0.0010352730576306053,0.4798217558371807,0.5522371953361939,0.48012662176755927,0.6168473783375481,0.04294911399683704,0.04294911399683704,0.0,False,False,0.4890273074293122,0.5191280217419514
0.6756172940715084,0.001101035702369648,0.4803869754774221,0.5459618948598995,0.4824661882073406,0.7811480868106666,-0.1908766444269629,-0.1908766444269629,0.0,False,False,0.48956293864671674,0.5156329598642222
0.676718329773878,0.0011003513617190593,0.4809666081109012,0.526443086479055,0.48133329183725576,0.6001395783479646,0.05243008410703416,0.05243008410703416,0.0,False,False,0.4901286160481227,0.5119014519408225
0.6778186811355971,0.0010351852848852743,0.48153924027353273,0.5204084645625524,0.48187757509030005,0.5895901163078534,0.06090131083916957,0.06090131083916957,0.0,False,False,0.49068982898410973,0.5081574002666828
0.6788538664204823,0.0009556652185867019,0.4820725622283861,0.5151946831552078,0.48192689012868944,0.5353949898587302,0.13024047798482902,0.13024047798482902,0.0,False,False,0.49121403703502675,0.5046215179176948
0.679809531639069,0.0010493839553966386,0.4825635013962685,0.5137145920288291,0.48327627280294283,0.6230537523570344,0.0054822730563963695,0.0054822730563963695,0.0,False,False,0.491694721809973,0.5013455781319125
0.6808589155944657,0.0009391083537835036,0.48309401703869537,0.5055496033635608,0.48363950678205897,0.5953623977806088,0.03727735265211206,0.03727735265211206,0.0,False,False,0.49221893280173123,0.4977354680289516
0.6817980239482492,0.0009758732811411791,0.48356335171167036,0.4997662634819038,0.4846556878481212,0.6440331675524258,-0.03492315779569988,-0.03492315779569988,0.0,False,False,0.49268483879793923,0.4944932718087386
0.6827738972293903,0.0009661153781276102,0.48404177959990247,0.49025616079237067,0.48358683953008613,0.4701024829830803,0.19763268011294566,0.19763268011294566,0.0,False,False,0.4931657530058557,0.49111268094065835
0.6837400126075179,0.0009889249421758417,0.48451721627236566,0.4921116910328363,0.48413725157283266,0.4800639023766023,0.18025290341156797,0.18025290341156797,0.0,False,False,0.49363860318886726,0.48775438097905655
0.6847289375496938,0.0010166849050774452,0.4850048989953335,0.4931443248815521,0.48458680260587556,0.4775160716180657,0.1797307015085387,0.1797307015085387,0.0,False,False,0.49411925102681664,0.48430492989439833
0.6857456224547712,0.0010544865791389496,0.4855073194620913,0.49417520044669627,0.4861974241503419,0.5881834137711063,0.022498548107950544,0.022498548107950544,0.0,False,False,0.49460982852829394,0.4807461381917844
0.6868001090339102,0.0010161986126587782,0.48602080180446455,0.4869500973569025,0.4873283801750098,0.6366168902019935,-0.051334457262983385,-0.051334457262983385,0.0,False,False,0.49511481689834086,0.477041624966208
0.687816307646569,0.000918244003438261,0.48650478189424234,0.4762652534148655,0.48610436802689583,0.452505110730336,0.1960254918448841,0.1960254918448841,0.0,False,False,0.4955977665322046,0.4734587096881077
0.6887345516500072,0.0010317593410147257,0.48694370844152657,0.4780064401626391,0.48657302343522857,0.45829282115157993,0.18454498656476964,0.18454498656476964,0.0,False,False,0.49603102651205133,0.4702102638032132
0.6897663109910219,0.0010408051115058236,0.48743829614267253,0.4793634343640207,0.4877123802257751,0.5228920803885173,0.0908212091183852,0.0908212091183852,0.0,False,False,0.4965142821244631,0.4665478928401856
0.6908071161025278,0.0010426272058554765,0.48793356249204967,0.4758492669781432,0.4877190951245564,0.47124803624318023,0.15692976193055408,0.15692976193055408,0.0,False,False,0.4969979392041365,0.4628401766582742
0.6918497433083832,0.0009668340588591221,0.4884296340195671,0.4757899321363201,0.4892604575647137,0.5719577061009349,0.012511889838894064,0.012511889838894064,0.0,False,False,0.49747856690822884,0.4591126408139529
0.6928165773672423,0.0009920603969942137,0.48888284109500907,0.4687537342000055,0.48691779470786206,0.27245946017092815,0.41787531219799856,0.41787531219799856,0.0,False,False,0.4979207768453224,0.4556441549406889
0.6938086377642365,0.0009783595020798547,0.48936068595456805,0.48166912116112964,0.48863924970399036,0.41873671912643967,0.21517593337496377,0.21517593337496377,0.0,False,False,0.4983710330864786,0.4520732462015856
0.6947869972663163,0.0010442224033135935,0.4898346423856302,0.4844399528542796,0.4891518553281796,0.42925745061045384,0.1970141763038649,0.1970141763038649,0.0,False,False,0.4988115957220981,0.44853982495489736
0.6958312196696299,0.0009069622958857306,0.49034259131787244,0.48643749706041906,0.4883176987061432,0.3064486634513461,0.363253653340884,0.363253653340884,0.0,False,False,0.499277996421482,0.4447555755053342
0.6967381819655156,0.0009767767417886658,0.49079217603768727,0.4957038697796957,0.48995124285503566,0.45591538016790173,0.15776645748873275,0.15776645748873275,0.0,False,False,0.4996798782870826,0.44145789659447493
0.6977149587073043,0.0010680421709207749,0.49127627789378864,0.49561157160117114,0.49047765352422495,0.4642164715175042,0.14178478302028108,0.14178478302028108,0.0,False,False,0.5001093450102898,0.43789508507676567
0.6987830008782251,0.0009766139663683077,0.49180459305870033,0.4946575887132066,0.49162909614057837,0.5256035465027027,0.051084274743883246,0.051084274743883246,0.0,False,False,0.5005749491293187,0.4339859806248344
0.6997596148445934,0.0010683821001161197,0.4922825088963199,0.4893600276850008,0.49325375485991324,0.639399477476364,-0.11142121438076064,-0.11142121438076064,0.0,False,False,0.5009970354295579,0.4303992569477274
0.7008279969447095,0.0010412974523190154,0.4927898904142049,0.47490641955705987,0.49257603465268696,0.5120252764636622,0.05714132097592782,0.05714132097592782,0.0,False,False,0.5014547643439393,0.42646209857481665
0.7018692943970286,0.0009053636954627913,0.49327894160963603,0.4696556150617658,0.49237938693996286,0.44193787473197554,0.14812213224820994,0.14812213224820994,0.0,False,False,0.5018968344674163,0.42261127202701576
0.7027746580924914,0.0009565525098910419,0.49370376343947653,0.46922781636760375,0.4936540612260696,0.5385354943468603,0.012089867666066317,0.012089867666066317,0.0,False,False,0.5022779315965691,0.4192523285110898
0.7037312106023824,0.0010968449011536856,0.49414595027562974,0.4622713667894403,0.49506152698159095,0.631821358689018,-0.12227126118072185,-0.12227126118072185,0.0,False,False,0.5026772667982446,0.415692543788611
0.7048280555035361,0.0009141570240629317,0.4946361922413119,0.44695650694688355,0.49378450750605835,0.4522126000415077,0.11949745880512683,0.11949745880512683,0.0,False,False,0.5031309722216418,0.41159684497869453
0.705742212527599,0.0009695157749075059,0.49504326561739576,0.44529918314762035,0.49424863912687605,0.45776288240924573,0.10711757129617334,0.10711757129617334,0.0,False,False,0.5035056717431807,0.40817203591148676
0.7067117283025066,0.0010052470668141052,0.4954727104959139,0.4429477989247861,0.49596013641456005,0.5885177380630426,-0.07787594869962883,-0.07787594869962883,0.0,False,False,0.5038996357303617,0.4045286244096609
0.7077169753693208,0.0010131372965856043,0.49590619414148457,0.43122100017113446,0.4957128674099055,0.5050681302696958,0.029452032428027908,0.029452032428027908,0.0,False,False,0.5043043831048759,0.40073875520182956
0.7087301126659064,0.0010824290264418973,0.49633666258220127,0.4248865797038977,0.4969016995676581,0.5719029807822213,-0.06947422572754502,-0.06947422572754502,0.0,False,False,0.5047084462936071,0.39690659178669885
0.7098125416923482,0.0009507537039654365,0.4967834809727251,0.4127923213521243,0.496771571900267,0.5026908628698739,0.018686023053435086,0.018686023053435086,0.0,False,False,0.5051358474020652,0.39279841622076356
0.7107632953963137,0.0010063577203574588,0.4971698732051064,0.40640623409587745,0.4977821902501423,0.5587183227504366,-0.06439118178013564,-0.06439118178013564,0.0,False,False,0.5055075818302458,0.38917813089877124
0.7117696531166712,0.0010382239572419164,0.49756787973270133,0.39549209942322855,0.4966646036774342,0.39179387468076887,0.15843674004711003,0.15843674004711003,0.0,False,False,0.5058973010194767,0.38533403125605614
0.7128078770739131,0.0009841782730758114,0.49797885545264525,0.3958449591509036,0.4979683096053848,0.47818526785754834,0.03368972090941978,0.03368972090941978,0.0,False,False,0.5062952997192378,0.38135518357426956
0.713792055346989,0.000954523219101855,0.49836272375187785,0.3900393960464891,0.4981788620292923,0.4517604691866669,0.06379109757685604,0.06379109757685604,0.0,False,False,0.5066687601452586,0.3775712454278851
0.7147465785660908,0.0009766008064891092,0.4987310432919388,0.38586755428276964,0.4976699782934021,0.35327155090914275,0.19317577609593312,0.19317577609593312,0.0,False,False,0.50702740462353,0.37388996937050145
0.7157231793725799,0.0009388539267113733,0.49910989933992306,0.3879333761214652,0.4977455074412914,0.325678277194065,0.2269339404799356,0.2269339404799356,0.0,False,False,0.5073907020257545,0.3701119754937313
0.7166620332992912,0.0009990512078362165,0.4994774571714517,0.39149629252348445,0.5000758860968476,0.5413257031210974,-0.07193749873634947,-0.07193749873634947,0.0,False,False,0.5077364738292744,0.3664689715210703
0.7176610845071274,0.0010541791133282144,0.49985744032767326,0.38034402365076786,0.49955117659830217,0.4346723516488432,0.0673803741473666,0.0673803741473666,0.0,False,False,0.5081006537297976,0.3625805064658836
0.7187152636204556,0.0009737808172027471,0.5002537765650834,0.3759666952220709,0.49936166872543536,0.3732282973200404,0.14642581985762962,0.14642581985762962,0.0,False,False,0.5084807100592693,0.3584641938605558
0.7196890444376584,0.001033296657017265,0.5006197125934748,0.37578890642202417,0.5005357806374559,0.45647797130537293,0.02706457053173264,0.02706457053173264,0.0,False,False,0.5088279193186689,0.35464969986362127
0.7207223410946756,0.0008983235651357419,0.5010014477248756,0.36943420730962273,0.5019858298791421,0.5511625009890901,-0.11097166651672358,-0.11097166651672358,0.0,False,False,0.5091922810206951,0.3505893451018581
0.7216206646598113,0.0009060297590616837,0.501322807131133,0.3577323569473165,0.4993324878923039,0.20068029481206556,0.35875874467224866,0.35875874467224866,0.0,False,False,0.5095056341198401,0.3470487219592301
0.7225266944188731,0.0010621180108662059,0.5016555483891489,0.36725201869808566,0.5003494847465716,0.29285988679099095,0.23117072792382287,0.23117072792382287,0.0,False,False,0.5098184490918289,0.34346769488198314
0.7235888124297393,0.0009906934608217995,0.5020502267478333,0.37159558038419077,0.5012448563961789,0.34787447869211136,0.15050981745128672,0.15050981745128672,0.0,False,False,0.5101810173678536,0.33925691199306296
0.7245795058905611,0.001020966748239645,0.502418402443398,0.371634324969956,0.5036935215526395,0.5602538138184564,-0.1471347950255773,-0.1471347950255773,0.0,False,False,0.5105151662518822,0.3353168141418343
0.7256004726388007,0.0009248085279729019,0.5027823564989679,0.3564798326658144,0.5030289601627288,0.4391370481132225,0.01140455331999013,0.01140455331999013,0.0,False,False,0.5108554354076156,0.33124371387324597
0.7265252811667736,0.0009514708705474507,0.503106168615281,0.3501396305491806,0.5037757792279492,0.47597725534220237,-0.04520378564969513,-0.04520378564969513,0.0,False,False,0.5111600620903819,0.32754319103096674
0.7274767520373211,0.001058388829635835,0.5034305704301305,0.34094771042532096,0.5024355923280647,0.28752530700729156,0.2060571010111725,0.2060571010111725,0.0,False,False,0.5114698943407574,0.32372502765954436
0.7285351408669569,0.0009970242076147004,0.5037947179796028,0.3440583831535581,0.5028177386237195,0.29487919437848154,0.19136820761271772,0.19136820761271772,0.0,False,False,0.5118102679965748,0.319464760129583
0.7295321650745716,0.0010313592550461373,0.5041399316657739,0.3462440365384082,0.5045307228553941,0.43720096808467734,-0.009385491200030571,-0.009385491200030571,0.0,False,False,0.5121267761821725,0.3154389255163096
0.7305635243296178,0.0010005251063127422,0.5044886790758613,0.33814348238116243,0.5045395330230723,0.3943351000655543,0.04269939537916956,0.04269939537916956,0.0,False,False,0.5124499540052904,0.3112616148149247
0.7315640494359306,0.0010580009744046064,0.5048217770343266,0.3329231384237142,0.5053006419904608,0.4309725414610471,-0.014274306223762467,-0.014274306223762467,0.0,False,False,0.5127593465739123,0.30719671752280514
0.7326220504103351,0.0009713934121029009,0.5051650042826631,0.32441108906318555,0.505001230447554,0.3595755456180789,0.07742659522003857,0.07742659522003857,0.0,False,False,0.513082081282153,0.3028849457824581
0.7335934438224381,0.0008837662485703945,0.5054769019892567,0.321082789637567,0.5057196281802766,0.39757337553509237,0.019394219856282938,0.019394219856282938,0.0,False,False,0.5133743740036892,0.29891403806413863
0.7344772100710084,0.0009510864307666041,0.5057557321332329,0.3155021414625475,0.5058937170653246,0.3775145595453572,0.040710145690347435,0.040710145690347435,0.0,False,False,0.5136369440105734,0.29529127677524863
0.735428296501775,0.0010268112756049931,0.5060510742266399,0.3105312870134878,0.5067298043143484,0.42767175436927185,-0.03419756716035274,-0.03419756716035274,0.0,False,False,0.5139159333139193,0.2913818467420821
0.73645510777738,0.0010124082062275387,0.5063604927857025,0.3013392688741985,0.5070647403662422,0.4175236258644478,-0.027782056186609783,-0.027782056186609783,0.0,False,False,0.5142129552597314,0.2871486889732673
0.7374675159836075,0.0009858125556503382,0.5066567620675894,0.29263816715870694,0.5052431570794402,0.19584549068973445,0.2711911526699621,0.2711911526699621,0.0,False,False,0.5145015488133684,0.28296224190578023
0.7384533285392578,0.001058421923554699,0.5069514574506988,0.2989365284711838,0.5049903456773371,0.15061596472793645,0.3300957220416646,0.3300957220416646,0.0,False,False,0.5147784822483585,0.2788736845306693
0.7395117504628125,0.0009688018647884681,0.5072782869430986,0.3087894204819418,0.5081524747158845,0.434313206122694,-0.06727179004197184,-0.06727179004197184,0.0,False,False,0.5150713193807375,0.2744707111149235
0.7404805523276009,0.0009406193963072756,0.5075674949685887,0.298521334445636,0.5086039806428876,0.437486453834788,-0.07930633491483982,-0.07930633491483982,0.0,False,False,0.5153352699970861,0.27042850109277683
0.7414211717239082,0.001043010850814937,0.5078384164792836,0.2880245843946822,0.5069477548736759,0.21765960129188508,0.21412054423555812,0.21412054423555812,0.0,False,False,0.5155877901708216,0.2664928586976657
0.7424641825747231,0.0009643063668271835,0.5081426954645235,0.29173137077350036,0.5065196828950541,0.15485169243442032,0.29690535169597043,0.29690535169597043,0.0,False,False,0.5158634637740211,0.2621161056632235
0.7434284889415503,0.0010109779663346461,0.5084311538714926,0.29913564494885375,0.5085175780565275,0.34655121367964603,0.030548254315761803,0.030548254315761803,0.0,False,False,0.5161142681669445,0.25805774061985964
0.744439466907885,0.000926201675088874,0.5087277791333642,0.29340427956805387,0.5095400887260263,0.41303683954338744,-0.06810290988863674,-0.06810290988863674,0.0,False,False,0.5163730029719131,0.25379070094788764
0.7453656685829738,0.0009242479338486843,0.5089904556819063,0.2836062119158018,0.5105591528335209,0.4817593124081727,-0.16941887005548234,-0.16941887005548234,0.0,False,False,0.5166062496935379,0.24987046779501695
0.7462899165168225,0.0009660698465139274,0.509239247497273,0.26918298246096783,0.5096898021249342,0.3395230455421894,0.016330360852852235,0.016330360852852235,0.0,False,False,0.5168353801027434,0.24594800991909435
0.7472559863633365,0.001110542131063644,0.5094934544588676,0.2631351785918386,0.5091690704468648,0.2516686675562723,0.13043652579374374,0.13043652579374374,0.0,False,False,0.517070998150469,0.24183685683032902
0.7483665284944001,0.0010230382093642694,0.509785022628729,0.26254579786371784,0.5090056191288771,0.2117836452786097,0.1803394508408835,0.1803394508408835,0.0,False,False,0.5173369375225809,0.23709674507378858
0.7493895667037643,0.0009853302202679599,0.5100556754675033,0.26455789851919004,0.5100656686046663,0.29422306023211564,0.06140100061952464,0.06140100061952464,0.0,False,False,0.5175772571867253,0.2327167320175008
0.7503748969240323,0.0009787544999492615,0.5103124803315855,0.26062822270118985,0.5100513226106953,0.26334479622894014,0.09772624000520677,0.09772624000520677,0.0,False,False,0.5178044766690022,0.22848601869200896
0.7513536514239815,0.00101119614327731,0.5105655058223627,0.25851783137683126,0.5096796919680482,0.19904056600297057,0.18051180388433422,0.18051180388433422,0.0,False,False,0.5180260469767152,0.224271744109911
0.7523648475672587,0.0010064344918222273,0.5108289544195934,0.26053164757620606,0.5126168310034136,0.4695983604384255,-0.1982232493600748,-0.1982232493600748,0.0,False,False,0.518250623160315,0.21990543695150871
0.753371282059081,0.00103562165101601,0.5110739902933559,0.24346927271815047,0.5126318436092921,0.424130186892295,-0.14521720543952465,-0.14521720543952465,0.0,False,False,0.5184697514949976,0.21554723074044216
0.754406903710097,0.0011019068476643096,0.5113108654139971,0.2287274705089893,0.5123022549135465,0.34989196491359464,-0.05161967274490001,-0.05161967274490001,0.0,False,False,0.5186906491179393,0.21104965789362012
0.7555088105577613,0.0009832786204425435,0.5115513718784263,0.21826388041694353,0.5107477783104228,0.17383126075181077,0.18601232959486752,0.18601232959486752,0.0,False,False,0.5189205630317651,0.20624976459406574
0.7564920891782039,0.0011327374934530844,0.5117683331410376,0.2206508492107557,0.5125144782598959,0.3361225334424603,-0.042080253489394426,-0.042080253489394426,0.0,False,False,0.5191212530378756,0.20195403386493666
0.757624826671657,0.0009031768237181376,0.512006741955685,0.21047137225106446,0.5125649212971074,0.3069634775515532,-0.009886307465502703,-0.009886307465502703,0.0,False,False,0.5193472043206573,0.19699064264371932
0.7585280034953751,0.0010110331997090726,0.5121908504739581,0.20384548566595237,0.5125770443855908,0.2776094016710802,0.023528082587534443,0.023528082587534443,0.0,False,False,0.5195233301962529,0.19302185000076175
0.7595390366950842,0.0009632648330571177,0.5123911809314031,0.1981442919013198,0.5134817196042896,0.3393287297047662,-0.06869259267737596,-0.06869259267737596,0.0,False,False,0.5197162308691641,0.18856723350050192
0.7605023015281412,0.0010261980516817364,0.5125725567478531,0.1882927832777406,0.5131270226686075,0.2685734872768356,0.020723905933380818,0.020723905933380818,0.0,False,False,0.519895822227994,0.18431141549718918
0.7615284995798229,0.0009326709408304907,0.5127597619884119,0.1824260338947114,0.513405546235169,0.268857445834329,0.013276612469409935,0.013276612469409935,0.0,False,False,0.5200826305996313,0.17976502409190206
0.7624611705206534,0.0009583029205536733,0.5129246288969711,0.17676857007295035,0.5134804344805454,0.2500011403700883,0.032567440747426846,0.032567440747426846,0.0,False,False,0.5202483609008608,0.1756217780215459
0.7634194734412071,0.0010015014309447863,0.5130893627359573,0.1719016351228855,0.5133867593425645,0.21522591911262542,0.07385456466648016,0.07385456466648016,0.0,False,False,0.5204146155344133,0.1713535467902942
0.7644209748721519,0.0009310256665325499,0.5132585185916622,0.1689022606241284,0.5117020242522258,0.025482390287733053,0.32955351554127177,0.32955351554127177,0.0,False,False,0.5205839876870756,0.16688086838271227
0.7653520005386845,0.0011573910641620995,0.513424267449542,0.1780282368552668,0.5134972406057859,0.21575551140965823,0.06667085397598019,0.06667085397598019,0.0,False,False,0.5207374181725024,0.16271189288889473
0.7665093916028466,0.0010584295455110418,0.5136257899627994,0.17411791009749583,0.5131404209150477,0.16335030365677458,0.1330786110928441,0.1330786110928441,0.0,False,False,0.5209227333177957,0.15751446019292528
0.7675678211483576,0.0010414092293527316,0.5138100338459838,0.17407288370377832,0.512693161915349,0.10475842194037033,0.20867415583428855,0.20867415583428855,0.0,False,False,0.5210869294986761,0.1527470380523709
0.7686092303777103,0.0010197478857248894,0.5139953683059607,0.17796506383192745,0.5154630301770387,0.36025566540942444,-0.1506059476662232,-0.1506059476662232,0.0,False,False,0.5212435533424705,0.14804286153942703
0.7696289782634352,0.0010254387074882156,0.5141620375869852,0.16344165392019297,0.51567087065949,0.34461165448245884,-0.13844231424822484,-0.13844231424822484,0.0,False,False,0.5213921655988122,0.14342363518577234
0.7706544169709234,0.000992664330255361,0.514315361612879,0.14952041967420687,0.5155015053496836,0.2936341133045279,-0.07720580541954833,-0.07720580541954833,0.0,False,False,0.5215368506670565,0.13876576236097862
0.7716470813011788,0.0010125731785325556,0.5144534797075185,0.13913877071013317,0.5146761954284885,0.18112981577110182,0.06966846411104963,0.06966846411104963,0.0,False,False,0.5216723554267141,0.13424446922359312
0.7726596544797113,0.0009880913253669775,0.5145912170102204,0.13602701080963128,0.5157698597762589,0.27102525975344854,-0.06103668560812697,-0.06103668560812697,0.0,False,False,0.5218059475500592,0.12962003847300535
0.7736477458050782,0.0009470777241830269,0.5147162553808342,0.12654535810989123,0.5147267737651762,0.13835698450939982,0.11377624670187612,0.11377624670187612,0.0,False,False,0.5219317895382963,0.12509528683082752
0.7745948235292612,0.0009905532148227908,0.5148353705606746,0.12577128233397566,0.5150123445704718,0.15467412336038422,0.08593308668636976,0.08593308668636976,0.0,False,False,0.5220482063323275,0.12074710250452401
0.775585376744084,0.0010730198296770455,0.5149577888089993,0.12358573622578067,0.5140035550244565,0.0373656861384869,0.2415022315416266,0.2415022315416266,0.0,False,False,0.5221655555114232,0.11618753845200869
0.776658396573761,0.00101650848049626,0.5150968243522032,0.12957406690769932,0.5154432646204677,0.16780274192490405,0.055315974616396923,0.055315974616396923,0.0,False,False,0.5222875711089848,0.11123479011081192
0.7776749050542573,0.0010821949318998675,0.5152246601030441,0.12575965010989015,0.5152773567666881,0.13470112295635409,0.09437058507906496,0.09437058507906496,0.0,False,False,0.5223982519842929,0.10652984892483564
0.7787570999861572,0.0010510872439937408,0.5153586666868204,0.12382850799441904,0.5142218882644787,0.023700660896795706,0.242568332443641,0.242568332443641,0.0,False,False,0.5225108214597265,0.10150694000444596
0.7798081872301509,0.001114725300930342,0.5154950446713964,0.12974944311737072,0.5154503667629609,0.138207524434234,0.0790509517862138,0.0790509517862138,0.0,False,False,0.5226149441885256,0.09661465620594084
0.7809229125310813,0.0010116765269157914,0.5156364905899112,0.12688858716745927,0.5155669134198873,0.13484196277450666,0.07663422654099086,0.07663422654099086,0.0,False,False,0.5227197442812095,0.09141135530549886
0.7819345890579971,0.0010088914823592884,0.5157621221360197,0.12418153704867635,0.5173307901792167,0.2957096183391468,-0.1522178118865551,-0.1522178118865551,0.0,False,False,0.5228098286700683,0.08667586440424309
0.7829434805403563,0.000979635252979307,0.5158730482730953,0.10994853164604441,0.5166533966129842,0.19899629500482086,-0.028119632044560083,-0.028119632044560083,0.0,False,False,0.522894887729721,0.08194090154996748
0.7839231157933356,0.0010618747042701916,0.5159732284489628,0.10226273050384503,0.5159832164787869,0.1106854755069285,0.0857893375520454,0.0857893375520454,0.0,False,False,0.5229729030189859,0.0773312920306473
0.7849849904976058,0.0009790226999366637,0.5160794291494646,0.10001245916747016,0.516296537034125,0.12912328629382408,0.05344256821187689,0.05344256821187689,0.0,False,False,0.5230523604520351,0.07232140853507098
0.7859640131975425,0.0010331627841662831,0.5161737709803398,0.09636327215022784,0.5162123535587425,0.10761223207942994,0.07644732233812662,0.07644732233812662,0.0,False,False,0.5231208986623601,0.06769015747360475
0.7869971759817088,0.0009146830567867478,0.5162705948594472,0.09371599576686053,0.516093519002796,0.08534899217404876,0.1006353790011064,0.1006353790011064,0.0,False,False,0.523188303433021,0.06279004155492846
0.7879118590384956,0.0009771684996188856,0.5163551924534353,0.092488423569766,0.5154105965280573,0.00215189497762458,0.20854356289265738,0.20854356289265738,0.0,False,False,0.5232437481701293,0.05844092275709256
0.7888890275381145,0.0010728786158375027,0.5164494444043194,0.09645414370274985,0.5163176267740414,0.09475900238544194,0.07648638498657206,0.07648638498657206,0.0,False,False,0.5232985801394004,0.053783356060532334
0.789961906153952,0.0010267669260979214,0.5165499804274917,0.09370680120583007,0.5158988868713928,0.046253532867838246,0.13706673033559827,0.13706673033559827,0.0,False,False,0.523353533954268,0.0486561019043765
0.7909886730800499,0.0010685671172692987,0.5166467010179052,0.09419916823878931,0.5155555948757524,0.008193912571202625,0.18386719771077475,0.18386719771077475,0.0,False,False,0.5234009676313047,0.04373598599689703
0.7920572401973193,0.000974663788707453,0.5167505763149872,0.09720989482388294,0.517196701508581,0.1609546386793242,-0.03435470474999919,-0.03435470474999919,0.0,False,False,0.5234449606211443,0.03860183136587498
0.7930319039860267,0.0009893455195280068,0.5168376229646002,0.08930941173919525,0.5171790657927268,0.1430497594972543,-0.01754958246124516,-0.01754958246124516,0.0,False,False,0.5234802972565294,0.033906635489176426
0.7940212495055547,0.0009157862336821017,0.5169189010101767,0.08215334680573963,0.5153597045680023,-0.05515064922225357,0.24786728941804909,0.24786728941804909,0.0,False,False,0.5235114801554649,0.029128791480848234
0.7949370357392368,0.0010000499632856375,0.5169992249265243,0.08771033391125235,0.516892162383229,0.11770235537014495,0.007983109577128833,0.007983109577128833,0.0,False,False,0.5235361267051808,0.02469548185514196
0.7959370857025224,0.0010420485491929741,0.5170809892239838,0.08176021245067851,0.5179499026015151,0.211700857108107,-0.12927711854272028,-0.12927711854272028,0.0,False,False,0.5235583978298296,0.019842496564455525
0.7969791342517154,0.0009890765917129573,0.5171523018099964,0.0684349938089204,0.5180766488979477,0.20269395674319707,-0.12650943547524088,-0.12650943547524088,0.0,False,False,0.5235764343164812,0.014772645902494358
0.7979682108434284,0.001005270703071594,0.5172076763030119,0.05598605151458819,0.5181028878278424,0.18507743245564084,-0.11141117722499802,-0.11141117722499802,0.0,False,False,0.5235886607068295,0.009948191583335902
0.7989734815464999,0.0009526161385158609,0.5172520830192953,0.044173888831836504,0.5172860411984422,0.08531330454629273,0.01724567475984158,0.01724567475984158,0.0,False,False,0.5235961915432777,0.005032445006961429
0.7999260976850158,0.0009575869159050714,0.5172894708952447,0.03924757773649279,0.5165520297301618,-0.00027020239403099944,0.12760070758462924,0.12760070758462924,0.0,False,False,0.5235987621944587,0.000362733628706843
0.8008836846009209,0.001000824365891209,0.5173274714693463,0.03968368141889974,0.5163817658374763,-0.01802369793418599,0.15153461321582842,0.15153461321582842,0.0,False,False,0.5235987755982988,0.0
0.8018845089668121,0.001039487936475287,0.5173688312088601,0.04132567203929199,0.5176695557191808,0.1124515864677595,-0.028215945937187653,-0.028215945937187653,0.0,False,False,0.5235987755982988,0.0
0.8029239969032873,0.0009821123239880077,0.5174038072226245,0.033647349369860656,0.5177347914919619,0.10748218826917699,-0.02342691200894767,-0.02342691200894767,0.0,False,False,0.5235987755982988,0.0
0.8039061092272753,0.0010358426929307982,0.5174301925729289,0.02686591916218176,0.5185536008959722,0.18010624611683188,-0.12531435069831995,-0.12531435069831995,0.0,False,False,0.5235987755982988,0.0
0.8049419519202061,0.001058584354313079,0.5174455664548618,0.014841907982653923,0.5184054797850322,0.14779604571521868,-0.08387593021946246,-0.08387593021946246,0.0,False,False,0.5235987755982988,0.0
0.8060005362745192,0.0009763455232559024,0.5174522731427877,0.006335525268845701,0.5173368818716899,0.03207050244846095,0.0742294841408071,0.0742294841408071,0.0,False,False,0.5235987755982988,0.0
0.806976881797775,0.0009422850889204508,0.5174602190746677,0.008138442478258115,0.5163744446167281,-0.06971202461654719,0.2136923872081295,0.2136923872081295,0.0,False,False,0.5235987755982988,0.0
0.8079191668866955,0.0008873870856949649,0.5174752901764542,0.015994205961385646,0.5171968171373205,0.024533457175424767,0.08579510368710061,0.08579510368710061,0.0,False,False,0.5235987755982988,0.0
0.8088065539723904,0.0010125714377952639,0.5174896742096847,0.016209423669107346,0.517679244189059,0.07644500582195711,0.014817558379968634,0.014817558379968634,0.0,False,False,0.5235987755982988,0.0
0.8098191254101857,0.0009634972846947496,0.5175026597662141,0.01282433618478611,0.5173263088664561,0.03394515484875092,0.07217021535466703,0.07217021535466703,0.0,False,False,0.5235987755982988,0.0
0.8107826226948806,0.0010045552742041146,0.5175151671559263,0.01298124022854887,0.5170108594102347,-0.002189406844075467,0.1212097795980442,0.1212097795980442,0.0,False,False,0.5235987755982988,0.0
0.8117871779690846,0.0009664489137322608,0.5175308134442764,0.015575338412892874,0.5177514970767525,0.07175744961923866,0.019142073844747323,0.019142073844747323,0.0,False,False,0.5235987755982988,0.0
0.8127536268828168,0.0009876123934187413,0.5175430480887123,0.012659380399762526,0.5171032619947858,-0.002492206105674133,0.11990989219004242,0.11990989219004242,0.0,False,False,0.5235987755982988,0.0
0.8137412392762355,0.001019328845134866,0.5175580713174436,0.015211664850887286,0.5170099802633878,-0.011688161762598886,0.1326241101435161,0.1326241101435161,0.0,False,False,0.5235987755982988,0.0
0.8147605681213704,0.0009818285537168856,0.5175764050796157,0.017986111410049726,0.5178481989507788,0.07171306561164642,0.01745470092138411,0.01745470092138411,0.0,False,False,0.5235987755982988,0.0
0.8157423966750873,0.0010514417716737286,0.5175906952536966,0.014554653179345636,0.5172398905491046,0.0025850763515123804,0.11135783926368148,0.11135783926368148,0.0,False,False,0.5235987755982988,0.0
0.816793838446761,0.0009604963930889333,0.517607966042349,0.01642581559695497,0.5178209873076611,0.05759322962061075,0.034888313686745456,0.034888313686745456,0.0,False,False,0.5235987755982988,0.0
0.8177543348398499,0.0009681671859539573,0.5176215510675415,0.014143754510857136,0.5178599665539646,0.05589214639624571,0.03622798712252101,0.03622798712252101,0.0,False,False,0.5235987755982988,0.0
0.8187225020258039,0.0009795299585635363,0.5176334649030871,0.012305556022207755,0.5166391255199992,-0.07579523100670736,0.21622797861744114,0.21622797861744114,0.0,False,False,0.5235987755982988,0.0
0.8197020319843674,0.0010216721620719194,0.5176526908484342,0.019627725705570764,0.5172327287430618,-0.0076148842280068865,0.12372670446787438,0.12372670446787438,0.0,False,False,0.5235987755982988,0.0
0.8207237041464394,0.0009450958074873764,0.5176743992630255,0.02124792609326261,0.5189290963385651,0.1591849537239724,-0.10696771779355999,-0.10696771779355999,0.0,False,False,0.5235987755982988,0.0
0.8216687999539267,0.0010576087493924424,0.5176854119985822,0.01165250704680279,0.516671306315223,-0.09562890077023531,0.23944912801964785,0.23944912801964785,0.0,False,False,0.5235987755982988,0.0
0.8227264087033191,0.0009103604402617,0.5177075547737314,0.02093664142055575,0.5158604253106553,-0.16273718091882033,0.33457492228016683,0.33457492228016683,0.0,False,False,0.5235987755982988,0.0
0.8236367691435809,0.0009912428482942303,0.5177365278878676,0.03182598106730898,0.5161117614835486,-0.11885503853940552,0.2773923003127896,0.2773923003127896,0.0,False,False,0.5235987755982988,0.0
0.8246280119918751,0.0010173307011745584,0.5177761520443882,0.03997421680142897,0.5178015552650304,0.06350269463649896,0.02814673243503353,0.02814673243503353,0.0,False,False,0.5235987755982988,0.0
0.8256453426930497,0.0009245359918726472,0.5178121242710646,0.03535942308131137,0.5178391046859359,0.060843400080236615,0.030661996326249302,0.030661996326249302,0.0,False,False,0.5235987755982988,0.0
0.8265698786849224,0.0010183137083225116,0.5178411666234897,0.031412895420337844,0.5177385317903269,0.04388085776391439,0.05282735922679691,0.05282735922679691,0.0,False,False,0.5235987755982988,0.0
0.8275881923932449,0.0010414471716688682,0.5178700573424562,0.02837113821640348,0.5189296378554076,0.15646125187205606,-0.10370902287442499,-0.10370902287442499,0.0,False,False,0.5235987755982988,0.0
0.8286296395649138,0.0010116980498388313,0.5178880698362455,0.017295638491570002,0.5155555817753293,-0.18316252401743865,0.3645725176343769,0.3645725176343769,0.0,False,False,0.5235987755982988,0.0
0.8296413376147526,0.0009965707528041174,0.5179198636523119,0.031426190918786484,0.5182653811387616,0.10300038123334268,-0.027599357208342015,-0.027599357208342015,0.0,False,False,0.5235987755982988,0.0
0.8306379083675567,0.0009955098564801664,0.5179442209888333,0.024441151270860505,0.5193068328732279,0.19720388503473724,-0.15938969299040773,-0.15938969299040773,0.0,False,False,0.5235987755982988,0.0
0.8316334182240368,0.000998964031544659,0.517955561042735,0.011391202033634636,0.516971386663334,-0.05711450314614375,0.1878304046047396,0.1878304046047396,0.0,False,False,0.5235987755982988,0.0
0.8326323822555814,0.0010476937309630238,0.517973183227635,0.01764045985993857,0.5176417395200725,0.015701751302610832,0.08838454784494014,0.08838454784494014,0.0,False,False,0.5235987755982988,0.0
0.8336800759865445,0.000986809300252206,0.5179917792688207,0.01774950124847668,0.5173347571254561,-0.01516919995564028,0.13095537245793779,0.13095537245793779,0.0,False,False,0.5235987755982988,0.0
0.8346668852867967,0.0009753475937649261,0.5180114524729876,0.019936176282383273,0.5172309883151753,-0.024167868965390096,0.1436216138546908,0.1436216138546908,0.0,False,False,0.5235987755982988,0.0
0.8356422328805616,0.0010435029534352973,0.5180333133240903,0.02241339522696996,0.5177485960134998,0.03131796753288307,0.06772167148692328,0.06772167148692328,0.0,False,False,0.5235987755982988,0.0
0.8366857358339969,0.00102965277437392,0.5180550135612969,0.0207955685560297,0.5193007294725,0.17692877413212302,-0.13494969869416792,-0.13494969869416792,0.0,False,False,0.5235987755982988,0.0
0.8377153886083708,0.0010527386185092947,0.5180642363322413,0.008957166118476963,0.5196676586882177,0.19487210582259656,-0.16308642260565645,-0.16308642260565645,0.0,False,False,0.5235987755982988,0.0
0.8387681272268801,0.0009431158991915131,0.5180617953607274,-0.0023186871565366585,0.51776863308255,-0.005004193967472509,0.11094759804444668,0.11094759804444668,0.0,False,False,0.5235987755982988,0.0
0.8397112431260716,0.0010558552381150785,0.5180651669962079,0.003574995908126195,0.5197276456554165,0.20321328062322644,-0.1741755977759903,-0.1741755977759903,0.0,False,False,0.5235987755982988,0.0
0.8407670983641867,0.0009913534883403284,0.5180580338402783,-0.006755808629937514,0.5180890801732604,0.027703492722289058,0.06593032638394487,0.06593032638394487,0.0,False,False,0.5235987755982988,0.0
0.8417584518525271,0.000953665867048824,0.5180565221523479,-0.0015248727605000172,0.5195869062762786,0.17602214657908186,-0.1390129280985338,-0.1390129280985338,0.0,False,False,0.5235987755982988,0.0
0.8427121177195759,0.0010383933124941624,0.5180491672639616,-0.0077122277733723465,0.5179677488327556,-0.011362535866365125,0.11499352481941517,0.11499352481941517,0.0,False,False,0.5235987755982988,0.0
0.84375051103207,0.0010166548364477365,0.5180497698732713,0.0005803285735528603,0.5181641394020219,0.008686644730030035,0.08739947785694874,0.08739947785694874,0.0,False,False,0.5235987755982988,0.0
0.8447671658685177,0.0009458080188581997,0.5180546943207491,0.004843775194146355,0.5183736309647295,0.02842394751329294,0.05994386638829529,0.05994386638829529,0.0,False,False,0.5235987755982988,0.0
0.845712973887376,0.0009882328685685109,0.5180606643469932,0.006312090958205164,0.5208347375041982,0.2857936138142403,-0.2931996508832768,-0.2931996508832768,0.0,False,False,0.5235987755982988,0.0
0.8467012067559445,0.0010319558278279238,0.5180507702299892,-0.010011928684587907,0.5187936570377779,0.05067584115968801,0.02568112469775067,0.02568112469775067,0.0,False,False,0.5235987755982988,0.0
0.8477331625837724,0.0009113790664554003,0.5180448041823025,-0.00578130141417657,0.5174275994457913,-0.08676733066548545,0.21520196754371768,0.21520196754371768,0.0,False,False,0.5235987755982988,0.0
0.8486445416502278,0.0010272732540730456,0.5180498936754057,0.005584386662466671,0.518895503839462,0.08297349172448851,-0.014909298410324165,-0.014909298410324165,0.0,False,False,0.5235987755982988,0.0
0.8496718149043009,0.00098953646604228,0.5180530967231857,0.00311800951432764,0.5177373382675373,-0.038065580970177676,0.1511845691179202,0.1511845691179202,0.0,False,False,0.5235987755982988,0.0
0.8506613513703432,0.001025750322767855,0.5180626631775751,0.009667611773530985,0.5176352755173815,-0.04457322084951057,0.1608308664759238,0.1608308664759238,0.0,False,False,0.5235987755982988,0.0
0.851687101693111,0.0008886393672008142,0.518078165872009,0.01511351650578861,0.5188710701379198,0.08036123812813106,-0.011334787466934573,-0.011334787466934573,0.0,False,False,0.5235987755982988,0.0
0.8525757410603119,0.0010799124468361299,0.5180880756835324,0.011151668369764261,0.5181152029763586,-0.012733818414854894,0.11398488929274972,0.11398488929274972,0.0,False,False,0.5235987755982988,0.0
0.853655653507148,0.0009693680593915034,0.5181031711178237,0.013978387169704723,0.5183462744640729,0.009936806174527971,0.08262085300663315,0.08262085300663315,0.0,False,False,0.5235987755982988,0.0
0.8546250215665395,0.0009707690821248181,0.5181171470306152,0.014417550337122895,0.5181293514390237,-0.013434651691468884,0.11457121689671435,0.11457121689671435,0.0,False,False,0.5235987755982988,0.0
0.8555957906486643,0.0009879990896768465,0.5181329960517659,0.016326252496694966,0.518426720240062,0.018541103536543008,0.07084767220441147,0.07084767220441147,0.0,False,False,0.5235987755982988,0.0
0.8565837897383412,0.001027458367760434,0.5181485784961578,0.015771719381916176,0.5185194312021055,0.026070702440543547,0.060143356202826896,0.060143356202826896,0.0,False,False,0.5235987755982988,0.0
0.8576112481061016,0.0009928825568820889,0.5181637259609885,0.014742655572148046,0.5164734034370903,-0.17567122613115624,0.33906217025914165,0.33906217025914165,0.0,False,False,0.5235987755982988,0.0
0.8586041306629837,0.0010777094713357502,0.5181913071316985,0.027778885346327387,0.5187730015202505,0.0735041634638681,-0.0013410627517723983,-0.0013410627517723983,0.0,False,False,0.5235987755982988,0.0
0.8596818401343195,0.000988225790146443,0.5182148847905008,0.021877564807063293,0.5173579111807727,-0.06515161644436349,0.19051749924870665,0.19051749924870665,0.0,False,False,0.5235987755982988,0.0
0.8606700659244659,0.0010822363700670734,0.5182410445698942,0.0264714599175616,0.5169824011341851,-0.096634860663418,0.23505657315014772,0.23505657315014772,0.0,False,False,0.5235987755982988,0.0
0.861752302294533,0.0009898399789458618,0.5182772367863,0.033442062572312775,0.5182262633600241,0.027963057495780944,0.063149551294008,0.063149551294008,0.0,False,False,0.5235987755982988,0.0
0.8627421422734789,0.0010003199878382465,0.5183078237128796,0.030900880172795592,0.518381110963728,0.04081045244505564,0.04494542048820855,0.04494542048820855,0.0,False,False,0.5235987755982988,0.0
0.8637424622613171,0.0009204026865959668,0.5183353782172193,0.027545690053872945,0.5177301799194861,-0.02834287488476102,0.1396461720803419,0.1396461720803419,0.0,False,False,0.5235987755982988,0.0
0.8646628649479131,0.0009597406996236692,0.5183620783625638,0.029009199704967632,0.5190872904678273,0.12193889055060825,-0.0651199363122428,-0.0651199363122428,0.0,False,False,0.5235987755982988,0.0
0.8656226056475368,0.0010147408413783308,0.5183818630339865,0.02061460082966857,0.5172105942444027,-0.0857970052319418,0.21794367064845943,0.21794367064845943,0.0,False,False,0.5235987755982988,0.0
0.8666373464889151,0.000927319033711456,0.5184091342590917,0.026875064049137205,0.5180540088447673,0.005898951774918254,0.09272705943366598,0.09272705943366598,0.0,False,False,0.5235987755982988,0.0
0.8675646655226266,0.0010844798534907305,0.5184334484217583,0.026219846441853184,0.5179230494535416,-0.00881330975814201,0.11273904231539998,0.11273904231539998,0.0,False,False,0.5235987755982988,0.0
0.8686491453761173,0.0010107399169272877,0.518462288970367,0.026593899845924206,0.51842163390752,0.03804254553673517,0.04753749578993555,0.04753749578993555,0.0,False,False,0.5235987755982988,0.0
0.8696598852930445,0.0009821511074825388,0.5184861603489976,0.02361772621316264,0.5187295153456633,0.0646992862388122,0.010007541060865544,0.010007541060865544,0.0,False,False,0.5235987755982988,0.0
0.8706420364005271,0.0009955264826715725,0.5185049573919293,0.019138646577330932,0.5176254048680008,-0.05418821940053716,0.17254653642600898,0.17254653642600898,0.0,False,False,0.5235987755982988,0.0
0.8716375628831986,0.0010837124428769312,0.5185280672199405,0.02321367478767796,0.5191601230917791,0.10539206890852049,-0.046574737572868924,-0.046574737572868924,0.0,False,False,0.5235987755982988,0.0
0.8727212753260756,0.0010390960247041222,0.5185445930663272,0.015249290986052533,0.5185995730045269,0.043127878057522516,0.038232193018868196,0.038232193018868196,0.0,False,False,0.5235987755982988,0.0
0.8737603713507797,0.000905001638239137,0.5185582741949597,0.01316637568350711,0.5169072396254065,-0.1240508373319889,0.269308652310448,0.269308652310448,0.0,False,False,0.5235987755982988,0.0
0.8746653729890188,0.0009790686341607324,0.5185783385465468,0.022170514106557012,0.5168691450797315,-0.11585508804255631,0.2601594549852797,0.2601594549852797,0.0,False,False,0.5235987755982988,0.0
0.8756444416231796,0.0010459310403076916,0.5186078075899686,0.030099057812285574,0.5185970569788119,0.07221568837131642,0.0033721091051854,0.0033721091051854,0.0,False,False,0.5235987755982988,0.0
0.8766903726634873,0.0009574418061542218,0.5186333947801877,0.024463553745857784,0.518440564418454,0.05003208529607265,0.03280929888191975,0.03280929888191975,0.0,False,False,0.5235987755982988,0.0
0.8776478144696415,0.001017877937088848,0.5186536079308778,0.021111623244523394,0.5185633568561446,0.057853931709895036,0.02121281930690129,0.02121281930690129,0.0,False,False,0.5235987755982988,0.0
0.8786656924067303,0.000886345228657867,0.5186712349051584,0.01731737533390159,0.518646815605196,0.060267827079342015,0.01681388738064049,0.01681388738064049,0.0,False,False,0.5235987755982988,0.0
0.8795520376353881,0.0009705660796536329,0.5186838940079179,0.014282361263112655,0.518880732100904,0.08063217145653184,-0.011833822794731857,-0.011833822794731857,0.0,False,False,0.5235987755982988,0.0
0.8805226037150418,0.0010055137737711858,0.5186936786966428,0.01008142457282278,0.5195206589889975,0.13850232057088813,-0.09279668571764141,-0.09279668571764141,0.0,False,False,0.5235987755982988,0.0
0.881528117488813,0.0010363062115435755,0.5186962610448995,0.002568187849821443,0.5177266391020967,-0.05376614241428353,0.17021782782877815,0.17021782782877815,0.0,False,False,0.5235987755982988,0.0
0.8825644237003566,0.0009758574929966849,0.5187072286494177,0.010583362712647464,0.5176844904976196,-0.052456724143279246,0.16940520078416182,0.16940520078416182,0.0,False,False,0.5235987755982988,0.0
0.8835402811933533,0.001046333188737019,0.5187228126701172,0.015969566060065873,0.5177687076145802,-0.03858098867517596,0.15123841011714698,0.15123841011714698,0.0,False,False,0.5235987755982988,0.0
0.8845866143820903,0.000925545454052287,0.5187433747290592,0.01965154041113871,0.5189955020843583,0.08252412892247897,-0.016170031456045397,-0.016170031456045397,0.0,False,False,0.5235987755982988,0.0
0.8855121598361426,0.0009906545225371421,0.51875692686036,0.014642318474516622,0.5198433483989326,0.16587675939814484,-0.13145442168918278,-0.13145442168918278,0.0,False,False,0.5235987755982988,0.0
0.8865028143586797,0.0010092164926509468,0.5187612479580632,0.004361861380434779,0.5183848332885141,0.002061661866075176,0.09137696733683384,0.09137696733683384,0.0,False,False,0.5235987755982988,0.0
0.8875120308513307,0.0009213857174541939,0.5187689736505018,0.0076551389070630416,0.516585828691641,-0.17640205460566355,0.3379155098466361,0.3379155098466361,0.0,False,False,0.5235987755982988,0.0
0.8884334165687848,0.0010646324974645702,0.518788484977102,0.021176067992500484,0.5173014706829502,-0.08109166414521819,0.21066148545053726,0.21066148545053726,0.0,False,False,0.5235987755982988,0.0
0.8894980490662494,0.0010145876410662111,0.5188175324216616,0.027284010800810707,0.518090570741521,0.0011369810988574036,0.09778331010337209,0.09778331010337209,0.0,False,False,0.5235987755982988,0.0
0.8905126367073156,0.0009446254812712421,0.5188447160605046,0.026792795164047888,0.5183580057894908,0.027382272310853682,0.06147512978552056,0.06147512978552056,0.0,False,False,0.5235987755982988,0.0
0.8914572621885869,0.0010276652933011014,0.5188680059669627,0.02465517490245623,0.518511619658298,0.04090592577776323,0.04248169598669969,0.04248169598669969,0.0,False,False,0.5235987755982988,0.0
0.892484927481888,0.0009581358029080782,0.5188901381924794,0.021536414298522336,0.5189238065737362,0.07692439576394344,-0.008159832474604278,-0.008159832474604278,0.0,False,False,0.5235987755982988,0.0
0.8934430632847961,0.0009673993464721999,0.5189059568266643,0.016509803867908505,0.5186339068314711,0.038975311838687215,0.04259726359647337,0.04259726359647337,0.0,False,False,0.5235987755982988,0.0
0.8944104626312682,0.0009314242871793771,0.5189200525049462,0.01457069237575981,0.519835774063725,0.1593147089344102,-0.1234436230989645,-0.1234436230989645,0.0,False,False,0.5235987755982988,0.0
0.8953418869184476,0.0009819132287107665,0.5189249801795192,0.005290472495443921,0.5183350437902892,-0.017738851439920045,0.1160337942720778,0.1160337942720778,0.0,False,False,0.5235987755982988,0.0
0.8963238001471584,0.000890044212160879,0.5189342527531066,0.009443373728241177,0.5181817383735102,-0.031577895452634105,0.13540014458935554,0.13540014458935554,0.0,False,False,0.5235987755982988,0.0
0.8972138443593193,0.0010107821283859562,0.5189458997917322,0.013085910190167293,0.5193637975344544,0.1043889326542438,-0.04903711403589281,-0.04903711403589281,0.0,False,False,0.5235987755982988,0.0
0.8982246264877052,0.0010926079114230065,0.5189530462369589,0.007070213279367961,0.5176129457243414,-0.07926748800344229,0.20286592333536502,0.20286592333536502,0.0,False,False,0.5235987755982988,0.0
0.8993172343991281,0.0009776842072107884,0.5189704147836844,0.015896413108447086,0.5193104849499617,0.08402507939228993,-0.02364086360067949,-0.02364086360067949,0.0,False,False,0.5235987755982988,0.0
0.9002949186063389,0.0008847210661226331,0.5189809740819692,0.010800315896300764,0.5190704686176905,0.051073097246460336,0.020221808955197977,0.020221808955197977,0.0,False,False,0.5235987755982988,0.0
0.9011796396724615,0.0009759885091992082,0.5189889716271715,0.009039623344110969,0.518860303781851,0.022210861377630634,0.058639459042904005,0.058639459042904005,0.0,False,False,0.5235987755982988,0.0
0.9021556281816607,0.0009965087246753886,0.5189981320259213,0.009385764958716106,0.5203841644009469,0.17612487362808998,-0.15348684680137395,-0.15348684680137395,0.0,False,False,0.5235987755982988,0.0
0.9031521369063361,0.0010075912470004333,0.5189972194498895,-0.0009157732483008434,0.5184542410223487,-0.03515610160740451,0.1347889442959872,0.1347889442959872,0.0,False,False,0.5235987755982988,0.0
0.9041597281533366,0.0009966868653102667,0.5190034213250644,0.006155149911567057,0.5208013706574874,0.20130413189400626,-0.19121166933820272,-0.19121166933820272,0.0,False,False,0.5235987755982988,0.0
0.9051564150186469,0.0010761044302427594,0.5189982557570357,-0.0051827391414701884,0.5188015297057071,-0.01947515321142479,0.10972060992035985,0.10972060992035985,0.0,False,False,0.5235987755982988,0.0
0.9062325194488896,0.0009905613535863226,0.5190008166589556,0.0023797894032564935,0.5178864095806134,-0.10256772316224028,0.2259038561130261,0.2259038561130261,0.0,False,False,0.5235987755982988,0.0
0.9072230808024759,0.0009801528573940602,0.5190135503867396,0.01285506217046866,0.5190745667317384,0.027636909710349225,0.048271467945669284,0.048271467945669284,0.0,False,False,0.5235987755982988,0.0
0.90820323365987,0.0010174407286976162,0.5190251526510435,0.01183719887812718,0.5180859515358262,-0.07599015052541852,0.1904190137550102,0.1904190137550102,0.0,False,False,0.5235987755982988,0.0
0.9092206743885676,0.0010222265785261148,0.5190437036936059,0.018233044971611538,0.5183876729578325,-0.03873619700854251,0.14028328393864467,0.14028328393864467,0.0,False,False,0.5235987755982988,0.0
0.9102429009670937,0.0009893042715081951,0.5190650689808021,0.02090073536045698,0.5194115458970685,0.06529847903192114,-0.002988040216159768,-0.002988040216159768,0.0,False,False,0.5235987755982988,0.0
0.9112322052386019,0.000987789371564101,0.5190809384646766,0.016041054639674455,0.5195657753002793,0.07435831447009633,-0.01663597199976348,-0.01663597199976348,0.0,False,False,0.5235987755982988,0.0
0.912219994610166,0.0009674158090263382,0.5190920152078381,0.01121366910838173,0.5185490714643882,-0.03600470622993647,0.13410032188631443,0.13410032188631443,0.0,False,False,0.5235987755982988,0.0
0.9131874104191924,0.0010364543122251746,0.5191062413666373,0.014705319746177923,0.5199679149082469,0.11425901204937558,-0.07175532203831617,-0.07175532203831617,0.0,False,False,0.5235987755982988,0.0
0.9142238647314176,0.0009222364122343346,0.51911352883953,0.007031156903579368,0.5201236449142723,0.11785837574888755,-0.07887769858618815,-0.07887769858618815,0.0,False,False,0.5235987755982988,0.0
0.9151461011436519,0.0010058344617008626,0.5191149113434536,0.0014990775740662664,0.5203683210786639,0.13260328030755053,-0.10097575501563272,-0.10097575501563272,0.0,False,False,0.5235987755982988,0.0
0.9161519356053528,0.001044377923821134,0.5191108510910921,-0.004036700387666484,0.5195728514440193,0.04025741037763732,0.024157742323866076,0.024157742323866076,0.0,False,False,0.5235987755982988,0.0
0.917196313529174,0.0009971630620876366,0.5191092735654758,-0.0015104930699839526,0.5202990895725819,0.10576953604481162,-0.0675290947908688,-0.0675290947908688,0.0,False,False,0.5235987755982988,0.0
0.9181934765912616,0.000912869064489656,0.5191048657667048,-0.004420338998286561,0.5174635595099808,-0.18916713468202945,0.3374344512081596,0.3374344512081596,0.0,False,False,0.5235987755982988,0.0
0.9191063456557512,0.0009917567790735935,0.5191159924529161,0.012188698953809272,0.5188385666535552,-0.019625627685181946,0.10923451422760322,0.10923451422760322,0.0,False,False,0.5235987755982988,0.0
0.9200981024348248,0.001036344703763017,0.5191301959637822,0.014321566704510909,0.5183735911460351,-0.06454709105404516,0.17150982940560117,0.17150982940560117,0.0,False,False,0.5235987755982988,0.0
0.9211344471385878,0.001011361967217036,0.5191502269738545,0.019328520712790807,0.5192542711653644,0.026887067083278128,0.04593659929288612,0.04593659929288612,0.0,False,False,0.5235987755982988,0.0
0.9221458091058049,0.0009457816403119995,0.519167460120911,0.017039544312590305,0.5186687766017642,-0.033693332468832965,0.12917198090022178,0.12917198090022178,0.0,False,False,0.5235987755982988,0.0
0.9230915907461169,0.0011142728728461265,0.5191855775588747,0.019156047433747,0.5190405774878731,0.00898749407223549,0.07126257310097969,0.07126257310097969,0.0,False,False,0.5235987755982988,0.0
0.9242058636189631,0.0010465327028796787,0.5192057142124169,0.018071564006343518,0.5208482216503114,0.1703150903375145,-0.1548681373412442,-0.1548681373412442,0.0,False,False,0.5235987755982988,0.0
0.9252523963218428,0.001007623993268385,0.5192113482196824,0.005383498528089517,0.5190632397570148,-0.0172779203468727,0.10237314955935864,0.10237314955935864,0.0,False,False,0.5235987755982988,0.0
0.9262600203151111,0.0011386435510684296,0.5192203466210707,0.00893031671380249,0.5195814485387921,0.03587865715136111,0.02925749848948813,0.02925749848948813,0.0,False,False,0.5235987755982988,0.0
0.9273986638661795,0.0009853673641073393,0.5192291057226943,0.00769257562239848,0.5190264124947653,-0.016454581380924434,0.10204803352071201,0.10204803352071201,0.0,False,False,0.5235987755982988,0.0
0.9283840312302869,0.0009243879688388463,0.5192394736289938,0.010521868977146737,0.5193055459371116,0.01351873218590801,0.061055655278279455,0.061055655278279455,0.0,False,False,0.5235987755982988,0.0
0.9293084191991258,0.000991641435884737,0.5192492993467506,0.010629430594114125,0.519254549890933,0.006650122716119608,0.07021591547324109,0.07021591547324109,0.0,False,False,0.5235987755982988,0.0
0.9303000606350105,0.001003374349406861,0.519260380034364,0.011174086935569224,0.5196516165877221,0.04602646838098915,0.01581710013319433,0.01581710013319433,0.0,False,False,0.5235987755982988,0.0
0.9313034349844174,0.0009213293721417745,0.5192692803716485,0.008870405437198366,0.5202862030363286,0.10466905488791345,-0.06597655975003142,-0.06597655975003142,0.0,False,False,0.5235987755982988,0.0
0.9322247643565591,0.0010345729954555584,0.5192725010485373,0.0034956845902788473,0.5207101235153258,0.14021397663651147,-0.11626103447029859,-0.11626103447029859,0.0,False,False,0.5235987755982988,0.0
0.9332593373520146,0.0010492646531170648,0.5192687694935804,-0.0036068551694833023,0.5195389639865609,0.012990365701365095,0.057488170169645206,0.057488170169645206,0.0,False,False,0.5235987755982988,0.0
0.9343086020051317,0.0009288314639963316,0.5192693439778641,0.0005475113280423117,0.5197838206906741,0.035027358166975525,0.026636358536874592,0.026636358536874592,0.0,False,False,0.5235987755982988,0.0
0.935237433469128,0.0009674241666212027,0.5192708579600681,0.0016299859153990676,0.5182665392135862,-0.1318291760406261,0.2541752661735779,0.2541752661735779,0.0,False,False,0.5235987755982988,0.0
0.9362048576357492,0.0009387059948449233,0.5192838663530871,0.013446421402151628,0.5192071794285331,-0.0214148425383915,0.10474654210185239,0.10474654210185239,0.0,False,False,0.5235987755982988,0.0
0.9371435636305941,0.0009347180520236709,0.5192979553073184,0.015008910466817937,0.5201185126615201,0.07781063158999102,-0.030728025045972232,-0.030728025045972232,0.0,False,False,0.5235987755982988,0.0
0.9380782816826179,0.0010220127524329422,0.5193072586408757,0.009953090707052064,0.5200629588388452,0.06408619090077473,-0.013258727410765225,-0.013258727410765225,0.0,False,False,0.5235987755982988,0.0
0.9391002944350508,0.0010045098510589954,0.5193138122548935,0.006412458163728143,0.5194984765832205,0.002445163576944437,0.0708711859790771,0.0708711859790771,0.0,False,False,0.5235987755982988,0.0
0.9401048042861099,0.0009889296202513012,0.5193219261052272,0.00807742236195929,0.5200954507584398,0.06163004699964604,-0.01089620928211242,-0.01089620928211242,0.0,False,False,0.5235987755982988,0.0
0.9410937339063612,0.0010154042351809675,0.519327100787999,0.005232609748857281,0.519755375534555,0.021078829334801624,0.04388660594562718,0.04388660594562718,0.0,False,False,0.5235987755982988,0.0
0.9421091381415422,0.0009805625685702206,0.5193330723043647,0.00588092521053474,0.5203805371163106,0.08053870041450135,-0.03871814782161381,-0.03871814782161381,0.0,False,False,0.5235987755982988,0.0
0.9430897007101124,0.0009673604060922668,0.5193353058197554,0.0022777897732822235,0.5195878193202402,-0.008358332672245658,0.08222721221174933,0.08222721221174933,0.0,False,False,0.5235987755982988,0.0
0.9440570611162047,0.0009800055478891843,0.5193407113848885,0.005587953671637376,0.5190303060473629,-0.06515492568236508,0.16041836273568477,0.16041836273568477,0.0,False,False,0.5235987755982988,0.0
0.9450370666640938,0.000987514533851146,0.5193523001273755,0.011825180492125036,0.5196453769122514,0.00412254473521468,0.06621412266659527,0.06621412266659527,0.0,False,False,0.5235987755982988,0.0
0.946024581197945,0.001000894368134542,0.5193640543168235,0.011902801472822343,0.5168066282718706,-0.28375369564139497,0.46276308664538135,0.46276308664538135,0.0,False,False,0.5235987755982988,0.0
0.9470254755660795,0.001025552531459253,0.5193958924051065,0.03180963875575137,0.5197300232430486,0.036699945541615986,0.0255976077445643,0.0255976077445643,0.0,False,False,0.5235987755982988,0.0
0.9480510280975388,0.0009633089944758183,0.5194239200483209,0.027329310156898358,0.5162400792347216,-0.3072689514355357,0.5011792762670328,0.5011792762670328,0.0,False,False,0.5235987755982988,0.0
0.9490143370920147,0.0009853127605637425,0.5194685111272762,0.046289486770080684,0.517964505577433,-0.0975313387963195,0.2184544669311679,0.2184544669311679,0.0,False,False,0.5235987755982988,0.0
0.9499996498525785,0.0009711517465995853,0.5195188328363683,0.05107181303871604,0.5199130753135458,0.10998333985392178,-0.06563740269915189,-0.06563740269915189,0.0,False,False,0.5235987755982988,0.0
0.950970801599178,0.0009686613064404713,0.5195595526777608,0.04192943227980843,0.5199762756382694,0.10549277614695557,-0.06138633209581765,-0.06138633209581765,0.0,False,False,0.5235987755982988,0.0
0.9519394629056185,0.0010394950802348518,0.5195916684544847,0.033154804997810663,0.5185772579778155,-0.04948445075734979,0.14976865807751927,0.14976865807751927,0.0,False,False,0.5235987755982988,0.0
0.9529789579858533,0.0009645165801181819,0.5196280521361546,0.03500130242238592,0.5190066258741065,-0.0032305772620793427,0.08653538774995674,0.08653538774995674,0.0,False,False,0.5235987755982988,0.0
0.9539434745659715,0.0009922138226102202,0.5196604518193845,0.03359162911006732,0.5208564744586273,0.18888271223952127,-0.17729783417333753,-0.17729783417333753,0.0,False,False,0.5235987755982988,0.0
0.9549356883885817,0.0009488700690918772,0.5196794122073677,0.019109175412757803,0.5192570162336274,0.008793479231732126,0.06759949348600673,0.06759949348600673,0.0,False,False,0.5235987755982988,0.0
0.9558845584576735,0.0010351588850164072,0.519696508988901,0.018018042817602904,0.5216538262044655,0.26051035590356747,-0.27760333799528203,-0.27760333799528203,0.0,False,False,0.5235987755982988,0.0
0.9569197173426899,0.0010550535651231276,0.5196956018164794,-0.0008763605613564228,0.5196939264285253,0.0451260880617019,0.016135979381881015,0.016135979381881015,0.0,False,False,0.5235987755982988,0.0
0.957974770907813,0.00100848180758935,0.5196958716557204,0.00025575880685684373,0.5200519503934118,0.0745476771694269,-0.025614358915345775,-0.025614358915345775,0.0,False,False,0.5235987755982988,0.0
0.9589832527154024,0.001096830224890707,0.519694747977186,-0.0011142278680128456,0.5211057370694361,0.17158529276510326,-0.16102765779859468,-0.16102765779859468,0.0,False,False,0.5235987755982988,0.0
0.9600800829402931,0.000894559460079352,0.519684246833901,-0.009574082703662902,0.5197985895632494,0.03525175567761596,0.026101241817749886,0.026101241817749886,0.0,False,False,0.5235987755982988,0.0
0.9609746424003724,0.0009652884169322145,0.5196788948692851,-0.005982793603695736,0.518804184734255,-0.07943482093398106,0.1816244206735651,0.1816244206735651,0.0,False,False,0.5235987755982988,0.0
0.9619399308173047,0.0010327645276053644,0.5196832279982804,0.004488947468229847,0.5195874727326859,0.009654149356636776,0.060618472353068234,0.060618472353068234,0.0,False,False,0.5235987755982988,0.0
0.96297269534491,0.0009220503817356032,0.5196896649299663,0.006232719573343751,0.5196585887001874,0.015574715261777918,0.05223370585187125,0.05223370585187125,0.0,False,False,0.5235987755982988,0.0
0.9638947457266457,0.00099156699877596,0.5196960708739723,0.006947498892556418,0.5185051091104711,-0.11108216650976135,0.22498459659261258,0.22498459659261258,0.0,False,False,0.5235987755982988,0.0
0.9648863127254217,0.0010035663010232732,0.5197120221504056,0.016086937597682337,0.5194887665515509,-0.0007716324869857655,0.07490612182584627,0.07490612182584627,0.0,False,False,0.5235987755982988,0.0
0.965889879026445,0.0009875408354211783,0.5197278463869776,0.015768003126314926,0.5190801616008512,-0.041409761320432684,0.13102676553857553,0.13102676553857553,0.0,False,False,0.5235987755982988,0.0
0.9668774198618661,0.000997723238718872,0.5197458982106917,0.018279571909067864,0.5205525525271553,0.11182792792890262,-0.07936149823409924,-0.07936149823409924,0.0,False,False,0.5235987755982988,0.0
0.967875143100585,0.00104247073431817,0.5197557948653003,0.009919238346358555,0.5197859994235413,0.023814900671568343,0.04005209033975306,0.04005209033975306,0.0,False,False,0.5235987755982988,0.0
0.9689176138349032,0.001054157600838393,0.5197652761073788,0.009094971941446107,0.5195184902607153,-0.004227661118718865,0.07851832941896625,0.07851832941896625,0.0,False,False,0.5235987755982988,0.0
0.9699717714357415,0.0009294238892696267,0.5197763469013789,0.010502029289812965,0.5196836856866045,0.011865952099680199,0.056232475890881414,0.056232475890881414,0.0,False,False,0.5235987755982988,0.0
0.9709011953250112,0.0009338699285975648,0.5197860039486513,0.01039035835411963,0.5199807146413954,0.04263775157056179,0.013959795339587487,0.013959795339587487,0.0,False,False,0.5235987755982988,0.0
0.9718350652536087,0.0010221984478059186,0.5197937819684919,0.00832880426108402,0.5203320539013739,0.0759958388613271,-0.032394016088944697,-0.032394016088944697,0.0,False,False,0.5235987755982988,0.0
0.9728572637014147,0.0009411516310961082,0.5197980987767032,0.004223062772798668,0.5189256852785666,-0.06918648405419602,0.16713940662021437,0.16713940662021437,0.0,False,False,0.5235987755982988,0.0
0.9737984153325108,0.0010955313423204717,0.5198083548716239,0.01089738845665463,0.5188993981897592,-0.06506091254934555,0.1626618884129284,0.1626618884129284,0.0,False,False,0.5235987755982988,0.0
0.9748939466748312,0.000994839281205507,0.519826425684772,0.016495021593663377,0.5207904401591281,0.11405931545529563,-0.08632114064128224,-0.08632114064128224,0.0,False,False,0.5235987755982988,0.0
0.9758887859560367,0.001011524877305558,0.5198344746277332,0.008090696772102219,0.5194746428253658,-0.029608918013804095,0.10976509152935887,0.10976509152935887,0.0,False,False,0.5235987755982988,0.0
0.9769003108333423,0.0009911723969848404,0.519845884619582,0.011279991332625592,0.5186094566447489,-0.11218088853030965,0.22442480740027024,0.22442480740027024,0.0,False,False,0.5235987755982988,0.0
0.9778914832303272,0.0009816093812880864,0.519865032962252,0.019318882091751532,0.5202523326142986,0.06478797935443735,-0.017509601513320858,-0.017509601513320858,0.0,False,False,0.5235987755982988,0.0
0.9788730926116153,0.0009633771849975317,0.5198787603439908,0.013984566570522095,0.5202831267824707,0.0614462916340243,-0.01405387127592278,-0.01405387127592278,0.0,False,False,0.5235987755982988,0.0
0.9798364697966128,0.001084401195859816,0.5198881659358702,0.009763145760331056,0.5185523648783881,-0.12435402494188891,0.24006022288866005,0.24006022288866005,0.0,False,False,0.5235987755982988,0.0
0.9809208709924726,0.001018232657530028,0.5199096274104837,0.019791083498868645,0.520109887985882,0.031711162676149415,0.02474658181212374,0.02474658181212374,0.0,False,False,0.5235987755982988,0.0
0.9819391036500026,0.0008991238449770837,0.5199262699143153,0.01634450015771707,0.5205681872585591,0.07354933473649586,-0.03370861156848076,-0.03370861156848076,0.0,False,False,0.5235987755982988,0.0
0.9828382274949796,0.0009681677209487071,0.5199362831340085,0.011136641241548333,0.5202629969468652,0.03225132285391612,0.021342428301106192,0.021342428301106192,0.0,False,False,0.5235987755982988,0.0
0.9838063952159283,0.0010265278213247215,0.5199451801083727,0.009189496996903437,0.5204966879935364,0.0531636454345331,-0.00795879763571683,-0.00795879763571683,0.0,False,False,0.5235987755982988,0.0
0.984832923037253,0.001020984782545331,0.5199514387908909,0.006096943880373821,0.5187259828236062,-0.12464732988773009,0.23728706580974393,0.23728706580974393,0.0,False,False,0.5235987755982988,0.0
0.9858539078197983,0.0010614130412175916,0.5199681560679533,0.016373678969821025,0.5202570431010031,0.03777657032584271,0.014819300560312186,0.014819300560312186,0.0,False,False,0.5235987755982988,0.0
0.9869153208610159,0.0010134378302915888,0.5199817379410269,0.012796029958318848,0.5197176523818092,-0.01681926005187836,0.09004332995906665,0.09004332995906665,0.0,False,False,0.5235987755982988,0.0
0.9879287586913075,0.0009872761877739757,0.5199957970624023,0.01387270235548405,0.5195744831691037,-0.029264417961085684,0.10755456527881477,0.10755456527881477,0.0,False,False,0.5235987755982988,0.0
0.9889160348790814,0.0009912564194301287,0.520011170114756,0.015571177087009974,0.52077087320006,0.09484290976865413,-0.06290924855408611,-0.06290924855408611,0.0,False,False,0.5235987755982988,0.0
0.9899072912985115,0.0010145748558390063,0.5200196100715724,0.008514403186698414,0.521310520609177,0.13979936676972282,-0.12657065031947545,-0.12657065031947545,0.0,False,False,0.5235987755982988,0.0
0.9909218661543505,0.001027200113494797,0.5200192179558524,-0.0003864827891131399,0.5215851012284507,0.15288304375254216,-0.1472135138457845,-0.1472135138457845,0.0,False,False,0.5235987755982988,0.0
0.9919490662678453,0.0009679992904456043,0.5200111783707908,-0.00782669798799277,0.5211585646902366,0.09607054826685951,-0.07136086157511118,-0.07136086157511118,0.0,False,False,0.5235987755982988,0.0
0.9929170655582908,0.0009837050765556991,0.5200023824351594,-0.009086717023675448,0.5199066212965879,-0.04286959657400741,0.11790229331960475,0.11790229331960475,0.0,False,False,0.5235987755982988,0.0
0.9939007706348465,0.0010284806146278929,0.5200016537402864,-0.0007407655916508785,0.5203094601494355,0.002368544738164606,0.05636542439374278,0.05636542439374278,0.0,False,False,0.5235987755982988,0.0
0.9949292512494744,0.0010071921837822844,0.5200041110619025,0.002389273634407546,0.5206732902565141,0.03750718513551476,0.0076501139895071985,0.0076501139895071985,0.0,False,False,0.5235987755982988,0.0
0.9959364434332567,0.0009947525402965011,0.5200061721619945,0.0020463821356275893,0.520111919871799,-0.02197970704520541,0.08913905153124217,0.08913905153124217,0.0,False,False,0.5235987755982988,0.0
0.9969311959735532,0.0010419654960478755,0.5200120046284913,0.005863233578698772,0.5201261179096289,-0.018354442892845147,0.08453316986747218,0.08453316986747218,0.0,False,False,0.5235987755982988,0.0
0.997973161469601,0.0009629402901041514,0.5200208204941235,0.008460803803569315,0.5207396807128661,0.04236613776270339,0.0006243426225441343,0.0006243426225441343,0.0,False,False,0.5235987755982988,0.0
0.9989361017597052,0.0010302304489639511,0.5200267427438939,0.006150173412974245,0.5199750088757716,-0.041280574952494146,0.11476449094848218,0.11476449094848218,0.0,False,False,0.5235987755982988,0.0
0.9999663322086692,0.0010611720313503977,0.5200372443220518,0.0101934263042324,0.5194008214104766,-0.09288640358655287,0.18702685968466315,0.18702685968466315,0.0,False,False,0.5235987755982988,0.0
1.0010275042400196,0.0009996389274081587,0.52005537234151,0.01708301662936234,0.5196936763585265,-0.05600045200992321,0.1374923287278099,0.1374923287278099,0.0,False,False,0.5235987755982988,0.0
1.0020271431674277,0.0009954902017624977,0.5200750941727355,0.01972895481031925,0.5206282853354361,0.043094249239818694,0.0017557256437455981,0.0017557256437455981,0.0,False,False,0.5235987755982988,0.0
1.0030226333691903,0.0009471425423069866,0.5200902486954456,0.015223176163206044,0.5200928608347911,-0.015000185290191675,0.08110668809136862,0.08110668809136862,0.0,False,False,0.5235987755982988,0.0
1.0039697759114972,0.000981657256370253,0.5201047962917673,0.015359458235568375,0.5204016855039916,0.01910576691890943,0.03462070139483904,0.03462070139483904,0.0,False,False,0.5235987755982988,0.0
1.0049514331678675,0.0009669244631254513,0.5201177492634066,0.013195004218822696,0.5207025037146914,0.04783910476518667,-0.005274031813290531,-0.005274031813290531,0.0,False,False,0.5235987755982988,0.0
1.005918357630993,0.001049991751267878,0.5201269684555272,0.009534552565569527,0.5197998575704994,-0.050297097293067146,0.12873704125207003,0.12873704125207003,0.0,False,False,0.5235987755982988,0.0
1.0069683493822608,0.0009869806088251363,0.5201410996343218,0.013458371246732794,0.5208010506551968,0.050085083871221625,-0.009743051669629188,-0.009743051669629188,0.0,False,False,0.5235987755982988,0.0
1.007955329991086,0.0009857665513422836,0.5201504255115519,0.009448896104726698,0.5204810280504107,0.01265216897352247,0.04093685309375834,0.04093685309375834,0.0,False,False,0.5235987755982988,0.0
1.0089410965424281,0.001054042771721475,0.5201591257917348,0.008825903223312708,0.5190815480910689,-0.13058174806244194,0.23800819280506919,0.23800819280506919,0.0,False,False,0.5235987755982988,0.0
1.0099951393141495,0.0009961470936107168,0.5201788463554863,0.01870945305118983,0.5214374947266608,0.1059917051365519,-0.0882869904743778,-0.0882869904743778,0.0,False,False,0.5235987755982988,0.0
1.0109912864077601,0.0010275874825980504,0.5201886640813124,0.009855698911401511,0.5197516818567817,-0.0738407925324921,0.1578566383862992,0.1578566383862992,0.0,False,False,0.5235987755982988,0.0
1.0120188738903582,0.0009820325683732073,0.5202041926444729,0.015111670221333768,0.5187598494858225,-0.16297719331189875,0.2826733019988514,0.2826733019988514,0.0,False,False,0.5235987755982988,0.0
1.0130009064587313,0.0010193376622970166,0.5202289104530369,0.025170049711144782,0.51931693777506,-0.08995138703341402,0.1850147452583946,0.1850147452583946,0.0,False,False,0.5235987755982988,0.0
1.0140202441210284,0.000991202900772121,0.5202587713846389,0.029294445507664926,0.5193677413913694,-0.07597226528024616,0.16732533406102432,0.16732533406102432,0.0,False,False,0.5235987755982988,0.0
1.0150114470218006,0.0010643031889962262,0.5202906157599718,0.032126999737411746,0.5203361455695851,0.029324854726831134,0.023537514844649998,0.023537514844649998,0.0,False,False,0.5235987755982988,0.0
1.0160757502107969,0.0010115926871558103,0.5203197256271002,0.027351103923448715,0.5200807459780985,0.0023954862111266254,0.06044994971025369,0.06044994971025369,0.0,False,False,0.5235987755982988,0.0
1.0170873428979528,0.0009298130137944515,0.5203449831593399,0.024968085040989074,0.5200510418162749,-0.0007804381075100985,0.0647957338054421,0.0647957338054421,0.0,False,False,0.5235987755982988,0.0
1.0180171559117472,0.0009756452139658763,0.5203665154409166,0.023157647029329518,0.5209073074248541,0.09138769219115701,-0.06121880350738422,-0.06121880350738422,0.0,False,False,0.5235987755982988,0.0
1.0189928011257132,0.0009368250558206155,0.5203814219982491,0.015278665973139023,0.52067801920321,0.05874773438811811,-0.01792366615414298,-0.01792366615414298,0.0,False,False,0.5235987755982988,0.0
1.0199296261815338,0.0010269703251979366,0.5203915072888324,0.010765393731370858,0.5206673110856654,0.05172993883669043,-0.009309565376627763,-0.009309565376627763,0.0,False,False,0.5235987755982988,0.0
1.0209565965067318,0.0010393174246737743,0.520398915351453,0.007213511859899465,0.5207565581488908,0.05524727037290409,-0.015136810358140074,-0.015136810358140074,0.0,False,False,0.5235987755982988,0.0
1.0219959139314054,0.0010128595130340589,0.5204033225707994,0.00424049404132127,0.5209410015004154,0.06746912846407631,-0.03312302039499092,-0.03312302039499092,0.0,False,False,0.5235987755982988,0.0
1.0230087734444395,0.0009747392871577422,0.520404615308998,0.0012763252770108995,0.5185650789943763,-0.17385350544378075,0.2992307454031419,0.2992307454031419,0.0,False,False,0.5235987755982988,0.0
1.0239835127315973,0.0009430582426224675,0.5204197064445187,0.015482227627050562,0.5201016740734073,0.001173493413718557,0.06153963535158412,0.06153963535158412,0.0,False,False,0.5235987755982988,0.0
1.0249265709742197,0.0009976877095050063,0.5204335237130424,0.014651553742040954,0.5185309315125195,-0.16550223905783096,0.28982388041342483,0.28982388041342483,0.0,False,False,0.5235987755982988,0.0
1.0259242586837247,0.0009666689432272328,0.5204587767816663,0.0253115963876603,0.5204902450041988,0.047433434223831644,-0.0009665703747981577,-0.0009665703747981577,0.0,False,False,0.5235987755982988,0.0
1.026890927626952,0.0010464977539831383,0.520478324706529,0.020221943613284,0.5204742816755555,0.041038715865372305,0.006994431570932214,0.006994431570932214,0.0,False,False,0.5235987755982988,0.0
1.0279374253809352,0.0009804999451892655,0.5204947465807288,0.015692221160826608,0.5214071456122761,0.12607635778614176,-0.11184228959496087,-0.11184228959496087,0.0,False,False,0.5235987755982988,0.0
1.0289179253261245,0.0010228472295207125,0.5205009160939738,0.006292211718306909,0.521537322617119,0.1267453168183351,-0.11498822652076629,-0.11498822652076629,0.0,False,False,0.5235987755982988,0.0
1.029940772555645,0.0009760113521173928,0.520499398378052,-0.0014838148629920216,0.5206763529896967,0.029896961072299943,0.01672725366807775,0.01672725366807775,0.0,False,False,0.5235987755982988,0.0
1.0309167839077624,0.001054691619501304,0.5204991757968561,-0.00022805185146582748,0.520062528384386,-0.03598386882953428,0.10683309244587097,0.10683309244587097,0.0,False,False,0.5235987755982988,0.0
1.0319714755272638,0.0009492089011887015,0.5205049543075317,0.005478862796295541,0.5209283372483599,0.049705704516357974,-0.011578955120728214,-0.011578955120728214,0.0,False,False,0.5235987755982988,0.0
1.0329206844284524,0.0009822563351255332,0.520508168550233,0.003386233206628923,0.5200474735027001,-0.04806464315572457,0.12160100950764662,0.12160100950764662,0.0,False,False,0.5235987755982988,0.0
1.033902940763578,0.0010290056399784259,0.5205163769509329,0.008356678808177778,0.5205151616332819,0.004355474934050696,0.050278481449443094,0.050278481449443094,0.0,False,False,0.5235987755982988,0.0
1.0349319464035565,0.0010838088811654881,0.5205250923597667,0.00846973864406776,0.5213856586399895,0.08851586869572516,-0.06638293718530314,-0.06638293718530314,0.0,False,False,0.5235987755982988,0.0
1.036015755284722,0.0009284337123818216,0.5205275151528823,0.0022354431280857626,0.5200407678298425,-0.04442501412986004,0.11735415678804495,0.11735415678804495,0.0,False,False,0.5235987755982988,0.0
1.0369441889971038,0.0009364308707519404,0.5205340651234974,0.0070548608131630365,0.5212371523718858,0.08887801077425017,-0.06414439485366659,-0.06414439485366659,0.0,False,False,0.5235987755982988,0.0
1.0378806198678558,0.0010235120932761245,0.520536051748,0.0021214854877574787,0.5211271959600599,0.06824813505359058,-0.03740932857600736,-0.03740932857600736,0.0,False,False,0.5235987755982988,0.0
1.038904131961132,0.0010789759067424145,0.5205355905303387,-0.0004506225810736609,0.5197023774863371,-0.07778543651950415,0.1634776898387163,0.1634776898387163,0.0,False,False,0.5235987755982988,0.0
1.0399831078678745,0.0010420058656248799,0.5205447797206729,0.008516585288684278,0.5213946626758346,0.0868349030356323,-0.06452785103840221,-0.06452785103840221,0.0,False,False,0.5235987755982988,0.0
1.0410251137334994,0.0010358220162819665,0.5205474961397618,0.002606913433552875,0.5211571102782796,0.05535380617421101,-0.02247459164870734,-0.02247459164870734,0.0,False,False,0.5235987755982988,0.0
1.0420609357497814,0.00094665249047252,0.5205481451814238,0.0006265957392059367,0.5206370922978073,-0.00038498509660377794,0.05377228152477177,0.05377228152477177,0.0,False,False,0.5235987755982988,0.0
1.0430075882402539,0.0010130974158540638,0.5205509771055563,0.0029915139515416483,0.5198857243901678,-0.07971752455510822,0.1624959512124885,0.1624959512124885,0.0,False,False,0.5235987755982988,0.0
1.0440206856561078,0.0010255525493967177,0.5205614202296914,0.010308114473139413,0.5198116215308367,-0.07906025717985009,0.16304108183013802,0.16304108183013802,0.0,False,False,0.5235987755982988,0.0
1.0450462382055046,0.0010106373490050937,0.5205775302410911,0.015708616208104983,0.5201083311295054,-0.04222254981929924,0.11349506022144082,0.11349506022144082,0.0,False,False,0.5235987755982988,0.0
1.0460568755545097,0.0010152177685617064,0.5205951188653434,0.017403497178891923,0.5210686218597201,0.05701803504724216,-0.02287887476227439,-0.02287887476227439,0.0,False,False,0.5235987755982988,0.0
1.0470720933230713,0.0010376935436907577,0.5206071985820191,0.011898645837130054,0.5197732583027153,-0.0762784183068504,0.16039341328872453,0.16039341328872453,0.0,False,False,0.5235987755982988,0.0
1.048109786866762,0.0008782468833119701,0.5206246836907822,0.016849973548918835,0.5210064851535933,0.05019249220977835,-0.013569762647034168,-0.013569762647034168,0.0,False,False,0.5235987755982988,0.0
1.0489880337500739,0.0008981393466121677,0.520635726837054,0.012574079659878563,0.5195520907128653,-0.12042876122705676,0.2173548414102706,0.2173548414102706,0.0,False,False,0.5235987755982988,0.0
1.049886173096686,0.0009405176618894432,0.520653049442768,0.019287213926673853,0.5204749660078509,-0.005631752522729017,0.06298667565533685,0.06298667565533685,0.0,False,False,0.5235987755982988,0.0
1.0508266907585755,0.001004320302322796,0.5206699464859401,0.01796568406614541,0.5207656322026769,0.025836338884127598,0.019992974460241203,0.019992974460241203,0.0,False,False,0.5235987755982988,0.0
1.0518310110608984,0.0009805304094635348,0.5206845956665394,0.014586163961138026,0.5228183742500916,0.22764387807735909,-0.2591254294251008,-0.2591254294251008,0.0,False,False,0.5235987755982988,0.0
1.0528115414703618,0.0009333229114103819,0.5206827932761339,-0.0018381789979195033,0.5194808586247291,-0.13549910412689878,0.23672143047653257,0.23672143047653257,0.0,False,False,0.5235987755982988,0.0
1.0537448643817722,0.001081000072835234,0.520691873388283,0.009728800223572715,0.5219764484294115,0.1454384139585904,-0.14532420771033658,-0.14532420771033658,0.0,False,False,0.5235987755982988,0.0
1.0548258644546074,0.0009896173312842823,0.5206906889006889,-0.0010957331307193865,0.5208214510748497,0.02404931106959364,0.021132668138572203,0.021132668138572203,0.0,False,False,0.5235987755982988,0.0
1.0558154817858916,0.0010098204228917854,0.5206909652502291,0.0002792488888375146,0.521049780438285,0.04471687033009712,-0.007778331515867536,-0.007778331515867536,0.0,False,False,0.5235987755982988,0.0
1.0568253022087835,0.0010467007321957377,0.5206907640870841,-0.0001992068494429384,0.5207940421246586,0.014920055400188273,0.03258113604529743,0.03258113604529743,0.0,False,False,0.5235987755982988,0.0
1.0578720029409792,0.001106498336310699,0.520692406688209,0.0015693130561356494,0.5210805040506803,0.04079613294354825,-0.003626471675124497,-0.003626471675124497,0.0,False,False,0.5235987755982988,0.0
1.0589785012772899,0.000997031370076557,0.5206933382124603,0.0008418668340960018,0.5205592226583409,-0.010394386461834833,0.06718521667344482,0.06718521667344482,0.0,False,False,0.5235987755982988,0.0
1.0599755326473663,0.0010092690876177255,0.5206972626636489,0.0039361361200346634,0.5219661608214315,0.13175777995966872,-0.1287222699679916,-0.1287222699679916,0.0,False,False,0.5235987755982988,0.0
1.060984801734984,0.0009377353842594018,0.5206934757260527,-0.003752158510220512,0.5202951295056993,-0.04698646101939638,0.11584938289006624,0.11584938289006624,0.0,False,False,0.5235987755982988,0.0
1.0619225371192436,0.0009976124917639966,0.5206960423699308,0.002737066256810872,0.5216841034294027,0.1058322141460067,-0.09253455793507878,-0.09253455793507878,0.0,False,False,0.5235987755982988,0.0
1.0629201496110074,0.0009369672522528291,0.5206933452039292,-0.0027036209189113527,0.5201310288119636,-0.06043015425811969,0.13493562726377745,0.13493562726377745,0.0,False,False,0.5235987755982988,0.0
1.0638571168632602,0.0009773274650681932,0.5206974522975676,0.004383390805314967,0.5206448726425622,0.0004540340435986237,0.05262541235094062,0.05262541235094062,0.0,False,False,0.5235987755982988,0.0
1.0648344443283284,0.0010381017817901641,0.5207029965353954,0.005672855850256396,0.5197675327356182,-0.08936065737343728,0.17619516037637664,0.17619516037637664,0.0,False,False,0.5235987755982988,0.0
1.0658725461101186,0.0010178865639155837,0.5207165686024152,0.013073927102203179,0.5211136517071522,0.04924660199317657,-0.014363692351172463,-0.014363692351172463,0.0,False,False,0.5235987755982988,0.0
1.0668904326740343,0.0010473676394279908,0.5207255088317783,0.008783129358417241,0.5219866191344984,0.1300846837626795,-0.12708280416680787,-0.12708280416680787,0.0,False,False,0.5235987755982988,0.0
1.0679378003134623,0.0010125637925539805,0.5207249811475503,-0.0005038194881770118,0.5206574751458184,-0.009827074217409124,0.06473589720553855,0.06473589720553855,0.0,False,False,0.5235987755982988,0.0
1.0689503641060163,0.0010582767261249624,0.5207279466378998,0.0029286948351560653,0.5205561314532762,-0.018852989786877827,0.07739118235466098,0.07739118235466098,0.0,False,False,0.5235987755982988,0.0
1.0700086408321412,0.0009508847330565994,0.5207343895751295,0.006088140342406534,0.5197617027799237,-0.09203583260332918,0.17951030985474659,0.17951030985474659,0.0,False,False,0.5235987755982988,0.0
1.0709595255651978,0.0010608282903716748,0.5207466699245679,0.012914656226354793,0.5205465743368117,-0.00029106116290562867,0.055288896102254306,0.055288896102254306,0.0,False,False,0.5235987755982988,0.0
1.0720203538555695,0.0009713999230071022,0.5207595824574296,0.01217212340481927,0.5193696072504793,-0.11120989044905881,0.20957689879962157,0.20957689879962157,0.0,False,False,0.5235987755982988,0.0
1.0729917537785767,0.0009811257933886864,0.5207781734096374,0.01913830932811851,0.5199815370827764,-0.037094266773880114,0.10962341340805978,0.10962341340805978,0.0,False,False,0.5235987755982988,0.0
1.0739728795719654,0.0009843486388250945,0.5207978623099261,0.020067661477647665,0.5209957704700353,0.06998960934651831,-0.03713343890707892,-0.03713343890707892,0.0,False,False,0.5235987755982988,0.0
1.0749572282107904,0.0010915914240752754,0.5208113032163858,0.013654619846677794,0.5219623593752781,0.1611864366842537,-0.16396823200673208,-0.16396823200673208,0.0,False,False,0.5235987755982988,0.0
1.0760488196348656,0.0009622342050116345,0.5208121327041598,0.0007598885038070449,0.5232636316497219,0.26427652310878574,-0.3110992366561583,-0.3110992366561583,0.0,False,False,0.5235987755982988,0.0
1.0770110538398774,0.0010240619044869289,0.520798247852878,-0.014429804313272659,0.5202863557989991,-0.07156393485961232,0.14550027821893025,0.14550027821893025,0.0,False,False,0.5235987755982988,0.0
1.0780351157443644,0.001020921813253567,0.5207950482275012,-0.003124445273048721,0.5220475839018939,0.10757699346530572,-0.10117094162307791,-0.10117094162307791,0.0,False,False,0.5235987755982988,0.0
1.079056037557618,0.0010048560030995444,0.5207875681044938,-0.007326832388514159,0.5210002822716394,-0.005764627260749805,0.05369043259276899,0.05369043259276899,0.0,False,False,0.5235987755982988,0.0
1.0800608935607174,0.0009604705833854098,0.520785071159176,-0.002484878738923592,0.5206530826880952,-0.03974033743042041,0.10071087730016991,0.10071087730016991,0.0,False,False,0.5235987755982988,0.0
1.0810213641441029,0.0009426911615399396,0.5207880231596966,0.0030734939430726556,0.5211655330351207,0.017587787097917966,0.022693021619704556,0.022693021619704556,0.0,False,False,0.5235987755982988,0.0
1.0819640553056429,0.0009423910127614301,0.5207911049130128,0.003269101739743837,0.5208451372380865,-0.018158347185555083,0.07135550710648862,0.07135550710648862,0.0,False,False,0.5235987755982988,0.0
1.0829064463184044,0.0010543554196930653,0.5207964793034628,0.005702930500379838,0.520892817748066,-0.011282987351221761,0.062246826125657684,0.062246826125657684,0.0,False,False,0.5235987755982988,0.0
1.0839608017380975,0.0009604389606725616,0.5208040747415582,0.0072038687841874186,0.5204477368347379,-0.05236824440714719,0.1195605910326734,0.1195605910326734,0.0,False,False,0.5235987755982988,0.0
1.08492124069877,0.0009393714081383858,0.5208145698440916,0.010927401910108478,0.5195944890007201,-0.13597078081662597,0.23524209573636734,0.23524209573636734,0.0,False,False,0.5235987755982988,0.0
1.0858606121069085,0.001047698139761761,0.5208325396832651,0.019129642458667207,0.5194854725732264,-0.13397895562527323,0.2348142012016311,0.2348142012016311,0.0,False,False,0.5235987755982988,0.0
1.0869083102466703,0.001030652092283093,0.5208604937564354,0.02668141911233664,0.5214305574581886,0.06507211723548262,-0.03905861416059453,-0.03905861416059453,0.0,False,False,0.5235987755982988,0.0
1.0879389623389535,0.0009981199157739918,0.5208802587128537,0.019177137043920656,0.5206387923322257,-0.018256859261180702,0.07518792990273378,0.07518792990273378,0.0,False,False,0.5235987755982988,0.0
1.0889370822547275,0.0009733618469286106,0.5208986228138721,0.018398692109217258,0.5203784371171926,-0.04251573601320536,0.10898497587575903,0.10898497587575903,0.0,False,False,0.5235987755982988,0.0
1.089910444101656,0.0008629401946112149,0.5209174982119923,0.019391964231762933,0.5209249207715555,0.01787977379101218,0.026673658332165073,0.026673658332165073,0.0,False,False,0.5235987755982988,0.0
1.0907733842962672,0.0009606214201633445,0.52093182328563,0.016600308720328014,0.5216255325428137,0.09728071027098689,-0.08121847732645293,-0.08121847732645293,0.0,False,False,0.5235987755982988,0.0
1.0917340057164306,0.0009909453859306577,0.5209401935499841,0.008713385084238467,0.5210975907828687,0.03259428115779519,0.005908189288388606,0.005908189288388606,0.0,False,False,0.5235987755982988,0.0
1.0927249511023613,0.0009457784098050768,0.5209466679601368,0.006533569099334419,0.5203741520242194,-0.04367005408208318,0.1104472892319286,0.1104472892319286,0.0,False,False,0.5235987755982988,0.0
1.0936707295121664,0.0009458491320673614,0.520956070169111,0.009941238747686442,0.5220262126526154,0.13537429765468462,-0.13414302416331997,-0.13414302416331997,0.0,False,False,0.5235987755982988,0.0
1.0946165786442337,0.0011022296415398648,0.5209569689585863,0.0009502461278500796,0.5223350682849259,0.15449066243628753,-0.1626420632828331,-0.1626420632828331,0.0,False,False,0.5235987755982988,0.0
1.0957188082857736,0.000914102283885703,0.5209477858765064,-0.008331369193776124,0.521379367975158,0.05233549850209725,-0.02285326098598288,-0.02285326098598288,0.0,False,False,0.5235987755982988,0.0
1.0966329105696593,0.0010140653284048218,0.5209412187060168,-0.007184284084276257,0.521790900409991,0.09212234101800007,-0.07800505583205918,-0.07800505583205918,0.0,False,False,0.5235987755982988,0.0
1.097646975898064,0.0009591450494029531,0.5209320778716224,-0.00901404883719889,0.5220158924277454,0.10509723938707478,-0.09762479019452783,-0.09762479019452783,0.0,False,False,0.5235987755982988,0.0
1.098606120947467,0.0010086481825062792,0.5209213066857143,-0.011229986449697577,0.5219075043830042,0.08328703020802804,-0.06950155437432967,-0.06950155437432967,0.0,False,False,0.5235987755982988,0.0
1.0996147691299731,0.0009382587187499326,0.5209095974316293,-0.011608858557511256,0.5214455000603495,0.0291540189390651,0.0037741369562093938,0.0037741369562093938,0.0,False,False,0.5235987755982988,0.0
1.100553027848723,0.001058791761175741,0.5209016747281092,-0.008444049985113668,0.5214238310301613,0.023929122898697853,0.01043405474803746,0.01043405474803746,0.0,False,False,0.5235987755982988,0.0
1.1016118196098987,0.0009820939656842247,0.5208960392705225,-0.005322536303462031,0.5213495286704074,0.014518554967891655,0.023064178740575446,0.023064178740575446,0.0,False,False,0.5235987755982988,0.0
1.102593913575583,0.0010843286516324798,0.5208934495868298,-0.002636900116740275,0.5199358418154786,-0.1308794914561479,0.22298819783814167,0.22298819783814167,0.0,False,False,0.5235987755982988,0.0
1.1036782422272153,0.0010672565493819025,0.5209046366114632,0.010317005472976188,0.5215161329230716,0.02794758440293099,0.003950466870571968,0.003950466870571968,0.0,False,False,0.5235987755982988,0.0
1.1047454987765972,0.0009532952538267593,0.5209125827088075,0.007445348870308525,0.5197294118167726,-0.14225969610938347,0.2403601833987326,0.2403601833987326,0.0,False,False,0.5235987755982988,0.0
1.105698794030424,0.0009483770357320504,0.5209286338966065,0.016837582831299155,0.5202352150602823,-0.07497532287383185,0.15051447713289634,0.15051447713289634,0.0,False,False,0.5235987755982988,0.0
1.106647171066156,0.0009332452034547288,0.5209476041338353,0.020002843293450555,0.522085179256197,0.12758853074078402,-0.12586150273110847,-0.12586150273110847,0.0,False,False,0.5235987755982988,0.0
1.1075804162696108,0.0009490042614708348,0.5209567409142479,0.009790332035778638,0.5216899713282808,0.07248197242769086,-0.05261989005290414,-0.05261989005290414,0.0,False,False,0.5235987755982988,0.0
1.1085294205310816,0.0010604007948025061,0.5209611748594383,0.0046722078818917726,0.5222591747316158,0.1252127896577127,-0.12614253198896025,-0.12614253198896025,0.0,False,False,0.5235987755982988,0.0
1.1095898213258841,0.001080343319016796,0.5209574681700682,-0.00349555506580816,0.5207203875456347,-0.03242222305131698,0.09071765260953527,0.09071765260953527,0.0,False,False,0.5235987755982988,0.0
1.1106701646449009,0.0009692290330811538,0.5209602137375785,0.0025413842636699165,0.51995468693345,-0.10005567505326286,0.1856604060311934,0.1856604060311934,0.0,False,False,0.5235987755982988,0.0
1.111639393677982,0.0010535322159624617,0.5209706754997854,0.010793900976732183,0.5207608544631281,-0.006873943590557194,0.059331312741740756,0.059331312741740756,0.0,False,False,0.5235987755982988,0.0
1.1126929258939444,0.00099641310841833,0.520982010425199,0.010758973709459555,0.5210710495290455,0.02325679015740932,0.017590921057668813,0.017590921057668813,0.0,False,False,0.5235987755982988,0.0
1.1136893390023628,0.0009853364871523827,0.5209906338405393,0.008654457942681586,0.5210595644991421,0.019778473766035483,0.021971631265577454,0.021971631265577454,0.0,False,False,0.5235987755982988,0.0
1.1146746754895152,0.00099165630748788,0.5209978200125214,0.0072931146626223275,0.5219871428635159,0.11193886002517542,-0.10531724280411775,-0.10531724280411775,0.0,False,False,0.5235987755982988,0.0
1.115666331797003,0.001038715200773884,0.5209977842111571,-3.610259330900662e-05,0.5206825162908376,-0.030815382405994587,0.0894711264214951,0.0894711264214951,0.0,False,False,0.5235987755982988,0.0
1.1167050469977768,0.0008983908077100721,0.5210025852031321,0.004622048441677057,0.5213097932338061,0.032655850960000614,0.0020146614088680237,0.0020146614088680237,0.0,False,False,0.5235987755982988,0.0
1.1176034378054869,0.00098067504409107,0.5210057043515864,0.003471928282843621,0.5201429644099744,-0.10048960532544689,0.18279212778037524,0.18279212778037524,0.0,False,False,0.5235987755982988,0.0
1.118584112849578,0.0009683060676521002,0.5210168938355353,0.011409981335055872,0.5214098697945595,0.038746428154313506,-0.007095409317868513,-0.007095409317868513,0.0,False,False,0.5235987755982988,0.0
1.1195524189172301,0.001040184346738108,0.5210246654402536,0.008025979571935559,0.5210273781620387,-0.004629323380620623,0.05184034190942681,0.05184034190942681,0.0,False,False,0.5235987755982988,0.0
1.1205926032639681,0.001036700895682501,0.521033309919434,0.008310526117330925,0.5203789743430123,-0.06650186273656525,0.13775865787903596,0.13775865787903596,0.0,False,False,0.5235987755982988,0.0
1.1216293041596506,0.0010501093965106058,0.5210467572631851,0.012971285938927487,0.5208409573210436,-0.015288873444666097,0.06798737712419267,0.06798737712419267,0.0,False,False,0.5235987755982988,0.0
1.122679413556161,0.0010316369421987744,0.5210602939174567,0.012890708640981187,0.5208995702585062,-0.008178383111279518,0.058399755849802594,0.058399755849802594,0.0,False,False,0.5235987755982988,0.0
1.1237110504983598,0.0010175005503211458,0.5210730183218153,0.012334188354607428,0.5208372634969112,-0.013400146431925629,0.0657873935432883,0.0657873935432883,0.0,False,False,0.5235987755982988,0.0
1.124728551048681,0.0009585628044346266,0.521085513531484,0.012280297700858686,0.5226313003741809,0.1642578934647685,-0.17969491812360022,-0.17969491812360022,0.0,False,False,0.5235987755982988,0.0
1.1256871138531157,0.0010128307264870233,0.5210859689157458,0.00047506982295206224,0.5210000585719609,-0.0223436834955624,0.07358932666875816,0.07358932666875816,0.0,False,False,0.5235987755982988,0.0
1.1266999445796027,0.0009811822507572862,0.5210900764500174,0.004055499269687977,0.5208772369422473,-0.032235885411064945,0.08767075830220519,0.08767075830220519,0.0,False,False,0.5235987755982988,0.0
1.12768112683036,0.0009734704578215099,0.521097104632725,0.0071629737514841115,0.5192667333772547,-0.1931513815048049,0.3097584177845598,0.3097584177845598,0.0,False,False,0.5235987755982988,0.0
1.1286545972881814,0.0008882652890965055,0.5211167739071109,0.020205312064499575,0.5203364307827317,-0.06395130571884097,0.13546377354281672,0.13546377354281672,0.0,False,False,0.5235987755982988,0.0
1.1295428625772779,0.0010540449619096833,0.5211363762569551,0.0220681254630662,0.5209068013853921,0.006655565383910614,0.04046885737162747,0.04046885737162747,0.0,False,False,0.5235987755982988,0.0
1.1305969075391875,0.0009510773859866454,0.5211564427363249,0.019037593361718917,0.5205579233671801,-0.027108960441327035,0.08726609268972937,0.08726609268972937,0.0,False,False,0.5235987755982988,0.0
1.1315479849251742,0.0009981703268029355,0.5211744072699451,0.01888861399180356,0.5223801746101576,0.16720056572764294,-0.17870586108663003,-0.17870586108663003,0.0,False,False,0.5235987755982988,0.0
1.132546155251977,0.0010949394204408664,0.5211798760845794,0.005478839119300369,0.5210359407225005,0.015810718683083896,0.027158165344669385,0.027158165344669385,0.0,False,False,0.5235987755982988,0.0
1.133641094672418,0.0010453890078540567,0.5211855540887239,0.0051856788042175025,0.5223099338076734,0.1305824843681072,-0.13349982901047175,-0.13349982901047175,0.0,False,False,0.5235987755982988,0.0
1.1346864836802721,0.0009763214799573475,0.5211819947556223,-0.0034047929285834014,0.5212358422070181,0.014778598414008512,0.024798482946242133,0.024798482946242133,0.0,False,False,0.5235987755982988,0.0
1.1356628051602295,0.0011256455687389212,0.5211808298054214,-0.001193203493764831,0.5212133172213689,0.010993610632511874,0.029745918025724648,0.029745918025724648,0.0,False,False,0.5235987755982988,0.0
1.1367884507289685,0.001052542553149541,0.5211818302757448,0.0008887969279864783,0.5211043407569119,0.00021300820133669622,0.044644217303360066,0.044644217303360066,0.0,False,False,0.5235987755982988,0.0
1.137840993282118,0.0009579778750880689,0.5211849395785378,0.0029540874938697565,0.5211882524330392,0.008163990865250537,0.03359262793637183,0.03359262793637183,0.0,False,False,0.5235987755982988,0.0
1.1387989711572062,0.0009772157509294554,0.5211884926733066,0.0037089528486411146,0.5226884242718088,0.16394534604645214,-0.18034809137892296,-0.18034809137892296,0.0,False,False,0.5235987755982988,0.0
1.1397761869081355,0.0010525369503564083,0.5211824412323236,-0.0061925332017847496,0.5191581990050043,-0.21370260301113103,0.3363735022926592,0.3363735022926592,0.0,False,False,0.5235987755982988,0.0
1.140828723858492,0.0010425701578504912,0.5211965778529648,0.013430997017637891,0.519449899684478,-0.16461828674505347,0.2722217105428394,0.2722217105428394,0.0,False,False,0.5235987755982988,0.0
1.1418712940163425,0.0010207892581355548,0.5212214951031358,0.023899830609349984,0.5207474891329996,-0.023695822136277356,0.07975814293891836,0.07975814293891836,0.0,False,False,0.5235987755982988,0.0
1.142892083274478,0.0009397146807025021,0.5212447451489002,0.022776538427607497,0.5212574231175577,0.028628633768860497,0.0077899841307067855,0.0077899841307067855,0.0,False,False,0.5235987755982988,0.0
1.1438317979551804,0.000995518341266158,0.5212620991143747,0.0184672707906598,0.5218643288341104,0.09034981159253727,-0.07719973215565289,-0.07719973215565289,0.0,False,False,0.5235987755982988,0.0
1.1448273162964466,0.001043022014319757,0.5212722590748462,0.01020569893124138,0.5216851055375769,0.0633118174194219,-0.04152811981031097,-0.04152811981031097,0.0,False,False,0.5235987755982988,0.0
1.1458703383107665,0.0010958092830138362,0.5212775315660928,0.005055014346983948,0.520942213750238,-0.014244302736057653,0.0649112765483644,0.0649112765483644,0.0,False,False,0.5235987755982988,0.0
1.1469661475937802,0.0010086422214747284,0.5212851606800817,0.006962081912531996,0.5221744440635193,0.09962946816480643,-0.09391739417173672,-0.09391739417173672,0.0,False,False,0.5235987755982988,0.0
1.147974789815255,0.0009905549250003602,0.5212853341937584,0.0001720269815097047,0.5221843492799547,0.0906485560306455,-0.08331859350658084,-0.08331859350658084,0.0,False,False,0.5235987755982988,0.0
1.1489653447402555,0.0009895361776322848,0.5212813656779173,-0.00400635617576531,0.5214419864364057,0.006639563074598259,0.030854729224557932,0.030854729224557932,0.0,False,False,0.5235987755982988,0.0
1.1499548809178877,0.0010261559722664682,0.5212800889471707,-0.0012902314997449396,0.5221201661576282,0.07451071812054476,-0.06279789181258336,-0.06279789181258336,0.0,False,False,0.5235987755982988,0.0
1.150981036890154,0.0009094196481509759,0.5212758711242876,-0.004110313633707407,0.5215137990011305,0.007968516608345987,0.027967358819014774,0.027967358819014774,0.0,False,False,0.5235987755982988,0.0
1.151890456538305,0.0009800791739119914,0.5212743089375986,-0.001717784184870804,0.5207843225620273,-0.07304173714758459,0.13831023922998814,0.13831023922998814,0.0,False,False,0.5235987755982988,0.0
1.152870535712217,0.0009940779176781324,0.5212797684984026,0.005570530370680041,0.5218887285692231,0.04694782327807635,-0.025556541410328405,-0.025556541410328405,0.0,False,False,0.5235987755982988,0.0
1.1538646136298951,0.001018337384804716,0.5212824112787035,0.002658524300545967,0.521378939437949,-0.00902957203290665,0.05079253732578473,0.05079253732578473,0.0,False,False,0.5235987755982988,0.0
1.1548829510146998,0.0009969539059739895,0.5212869189081952,0.004426459795140729,0.5212880881450621,-0.01704814655795439,0.062050150027805936,0.062050150027805936,0.0,False,False,0.5235987755982988,0.0
1.1558799049206738,0.000987913217770009,0.5212930991980329,0.006199173101872358,0.5225784936762189,0.1140914918569293,-0.11854471563087651,-0.11854471563087651,0.0,False,False,0.5235987755982988,0.0
1.1568678181384437,0.0009751428154262561,0.521291655333055,-0.0014615301748935562,0.5191528659236356,-0.24407157163672683,0.3729122601080095,0.3729122601080095,0.0,False,False,0.5235987755982988,0.0
1.15784296095387,0.001004068166615987,0.5213083820620341,0.017153106923982128,0.5200712192358997,-0.12548812585807279,0.2140817655528711,0.2140817655528711,0.0,False,False,0.5235987755982988,0.0
1.158847029120486,0.001026726676049582,0.5213321228503939,0.023644598194719653,0.5202962084807295,-0.09053154731468979,0.16808406489387454,0.16808406489387454,0.0,False,False,0.5235987755982988,0.0
1.1598737557965355,0.0010195989928321986,0.521359921052354,0.027074588211806465,0.5210429163352038,-0.008751359002355463,0.05650709753853626,0.05650709753853626,0.0,False,False,0.5235987755982988,0.0
1.1608933547893676,0.0010499823918444207,0.5213848935048971,0.02449242566810779,0.5211627059616525,0.0038724768564692372,0.03920228123187089,0.03920228123187089,0.0,False,False,0.5235987755982988,0.0
1.161943337181212,0.0009792907134962105,0.5214070999575133,0.021149357159416453,0.5200917101848436,-0.0985160791489849,0.1813464724209763,0.1813464724209763,0.0,False,False,0.5235987755982988,0.0
1.1629226278947082,0.001031126773930095,0.5214319106826768,0.025335403288904344,0.5205721981168622,-0.03959957912424593,0.10199788961495468,0.10199788961495468,0.0,False,False,0.5235987755982988,0.0
1.1639537546686383,0.0009240018309623605,0.5214579082077407,0.025212733992804597,0.5207066821263092,-0.0225971891028708,0.07917430941925774,0.07917430941925774,0.0,False,False,0.5235987755982988,0.0
1.1648777564996007,0.0009839194209586147,0.5214801379606678,0.024058126490926892,0.5236246450368957,0.2954587558330008,-0.355016156894344,-0.355016156894344,0.0,False,False,0.5235987755982988,0.0
1.1658616759205593,0.0010717848464675676,0.521481684054657,0.0015713624065850605,0.5230540005176312,0.2079158017177509,-0.2396930106092836,-0.2396930106092836,0.0,False,False,0.5235987755982988,0.0
1.166933460767027,0.0009559758607437632,0.5214690535496163,-0.011784552732208181,0.5211097343980279,0.0057197049574747305,0.037939095655907175,0.037939095655907175,0.0,False,False,0.5235987755982988,0.0
1.1678894366277708,0.0010357855121133335,0.5214624670386165,-0.0068898298275296066,0.5211451807625621,0.008855606803467442,0.03353797887909977,0.03353797887909977,0.0,False,False,0.5235987755982988,0.0
1.168925222139884,0.0009689173669852198,0.5214592930650083,-0.003064315508503303,0.5204564233886075,-0.05852609288439337,0.12679365123571507,0.12679365123571507,0.0,False,False,0.5235987755982988,0.0
1.1698941395068692,0.0010069588313060796,0.5214631435472526,0.0039740047764653345,0.5197979856338416,-0.1206295113441874,0.2131696329732546,0.2131696329732546,0.0,False,False,0.5235987755982988,0.0
1.1709010983381751,0.0009234413293964171,0.521476743237463,0.01350570627862872,0.5213747460333042,0.04801982152120013,-0.017591253655537938,-0.017591253655537938,0.0,False,False,0.5235987755982988,0.0
1.1718245396675715,0.001088820501705622,0.5214854080940947,0.009383223769527983,0.5206146179663366,-0.03909687221790479,0.1006310840368062,0.1006310840368062,0.0,False,False,0.5235987755982988,0.0
1.1729133601692772,0.0010762790211206238,0.5214984331348729,0.011962523444230617,0.5214243870773944,0.03918403687097008,-0.007881850868883856,-0.007881850868883856,0.0,False,False,0.5235987755982988,0.0
1.173989639190398,0.0009646506118466775,0.5215070728548499,0.0080273979213598,0.5201106298160759,-0.08679911355350652,0.16694556034421992,0.16694556034421992,0.0,False,False,0.5235987755982988,0.0
1.1749542898022445,0.000949526277728757,0.5215204262639647,0.01384274155924658,0.5208554781082839,-0.0009048944414748461,0.050465228150037934,0.050465228150037934,0.0,False,False,0.5235987755982988,0.0
1.1759038160799733,0.000919907509245359,0.5215325530999214,0.012771459032999132,0.521662254708457,0.08415181648553888,-0.0661248037654931,-0.0661248037654931,0.0,False,False,0.5235987755982988,0.0
1.1768237235892187,0.001012253196790354,0.5215385973199406,0.006570464919973097,0.5218581754816273,0.09703451219979119,-0.08511061253966165,-0.08511061253966165,0.0,False,False,0.5235987755982988,0.0
1.1778359767860092,0.0010113653187419863,0.5215389108222575,0.0003097074110486953,0.5219032238329974,0.0917813656578245,-0.0796177070139633,-0.0796177070139633,0.0,False,False,0.5235987755982988,0.0
1.1788473421047512,0.0010301414633108882,0.5215350558662344,-0.0038116355698532634,0.5203827118407416,-0.06773927960176097,0.13917628315814332,0.13917628315814332,0.0,False,False,0.5235987755982988,0.0
1.179877483568062,0.0010233993441079807,0.5215397291371712,0.00453653318809167,0.522285583140205,0.12375406479153034,-0.12486741350414793,-0.12486741350414793,0.0,False,False,0.5235987755982988,0.0
1.18090088291217,0.0009521509767387214,0.5215364124029246,-0.0032408993279800192,0.5208380959619909,-0.030060476522689783,0.08576480528076963,0.08576480528076963,0.0,False,False,0.5235987755982988,0.0
1.1818530338889088,0.0010553143024518443,0.521538099828732,0.0017722250447805444,0.5220903725440922,0.10446637115968702,-0.09820839041590507,-0.09820839041590507,0.0,False,False,0.5235987755982988,0.0
1.1829083481913607,0.0010799279407357869,0.5215339029447048,-0.003976904337865453,0.5215246189479527,0.040409772080244884,-0.011156906790062988,-0.011156906790062988,0.0,False,False,0.5235987755982988,0.0
1.1839882761320966,0.0009859912620045347,0.5215303495023748,-0.0032904439231693106,0.5203292248202648,-0.07432323212297143,0.14803979255217836,0.14803979255217836,0.0,False,False,0.5235987755982988,0.0
1.184974267394101,0.0009720715700492763,0.5215352651101889,0.004985447643920539,0.5212593305585794,0.027441137848414357,0.009180645296851794,0.009180645296851794,0.0,False,False,0.5235987755982988,0.0
1.1859463389641502,0.0009904454166063407,0.5215391415314845,0.003987794124513829,0.5218579815448056,0.08628209708404894,-0.07220422353798013,-0.07220422353798013,0.0,False,False,0.5235987755982988,0.0
1.1869367843807566,0.0009819970196948647,0.5215383757460892,-0.0007731727387639267,0.5220732889505902,0.099392329714285,-0.09181203599838766,-0.09181203599838766,0.0,False,False,0.5235987755982988,0.0
1.1879187814004515,0.0010452137599399904,0.5215334162384726,-0.00505043041591271,0.5214103810876791,0.021946999512835713,0.013054701775751666,0.013054701775751666,0.0,False,False,0.5235987755982988,0.0
1.1889639951603914,0.0010468485357660521,0.5215304935510744,-0.002796258057664738,0.5228672228037511,0.1591344787777546,-0.1777934242314464,-0.1777934242314464,0.0,False,False,0.5235987755982988,0.0
1.1900108436961574,0.0010325741034392117,0.5215187498069422,-0.011218188430225578,0.5223979688170933,0.0983956363347212,-0.09646024153996666,-0.09646024153996666,0.0,False,False,0.5235987755982988,0.0
1.1910434177995965,0.0009859922795270246,0.5215053256756893,-0.013000646838094558,0.5212813527071907,-0.019583004792901232,0.0652132177914281,0.0652132177914281,0.0,False,False,0.5235987755982988,0.0
1.1920294100791236,0.001003917163721801,0.521499062372328,-0.006352284385309748,0.5221536671429688,0.07084601233303657,-0.05900326260370445,-0.05900326260370445,0.0,False,False,0.5235987755982988,0.0
1.1930333272428453,0.0010524907123220923,0.5214915960567147,-0.007437182950032281,0.5231791492252222,0.16590948858170806,-0.1915381115826713,-0.1915381115826713,0.0,False,False,0.5235987755982988,0.0
1.1940858179551674,0.0010328754039048754,0.5214755563335234,-0.015239776468808232,0.5231864018944389,0.1500076355161869,-0.1725864359499454,-0.1725864359499454,0.0,False,False,0.5235987755982988,0.0
1.1951186933590723,0.0010121493270142258,0.5214547855590581,-0.020109661229905908,0.5203831535023355,-0.13639550449878887,0.22155580312588544,0.22155580312588544,0.0,False,False,0.5235987755982988,0.0
1.1961308426860866,0.0010189227535882478,0.5214505579536832,-0.004176859344814536,0.5206420052827613,-0.09718148855088667,0.1698396519407397,0.1698396519407397,0.0,False,False,0.5235987755982988,0.0
1.1971497654396748,0.0010587993794486134,0.5214564181489251,0.005751363605551172,0.5227522542465863,0.11964254309988828,-0.12833366738904126,-0.12833366738904126,0.0,False,False,0.5235987755982988,0.0
1.1982085648191234,0.0009830437855983404,0.5214534057682843,-0.002845091052488582,0.5205298813308551,-0.10221727394537308,0.1779008255484347,0.1779008255484347,0.0,False,False,0.5235987755982988,0.0
1.1991916086047218,0.0009504191484741738,0.5214600351715389,0.006743751755292559,0.5203059003080891,-0.11477998667927491,0.19700773923890483,0.19700773923890483,0.0,False,False,0.5235987755982988,0.0
1.200142027753196,0.0009840550659511314,0.5214735567818416,0.014226996924826957,0.5210492723626131,-0.02508680729687593,0.07599522699859375,0.07599522699859375,0.0,False,False,0.5235987755982988,0.0
1.2011260828191472,0.0010963118664168276,0.5214876283159611,0.014299539330985801,0.5218543453002187,0.05923365058447225,-0.039680635335924266,-0.039680635335924266,0.0,False,False,0.5235987755982988,0.0
1.2022223946855641,0.0009616216711773968,0.5214964254452648,0.00802429452161356,0.5214070674615866,0.012511872927066868,0.024436498948339568,0.024436498948339568,0.0,False,False,0.5235987755982988,0.0
1.2031840163567415,0.0010627012271119526,0.5215031281074565,0.006970165495012896,0.5209354042489679,-0.03778804389782821,0.09328633696535046,0.09328633696535046,0.0,False,False,0.5235987755982988,0.0
1.2042467175838536,0.0009464386853457742,0.5215135010823357,0.00976095125762097,0.5209251397165823,-0.034975130214082585,0.09009560212779683,0.09009560212779683,0.0,False,False,0.5235987755982988,0.0
1.2051931562691993,0.0010031375631883394,0.5215243065504516,0.011416976380088907,0.520902675192552,-0.033851201913813626,0.08915124960001983,0.08915124960001983,0.0,False,False,0.5235987755982988,0.0
1.2061962938323876,0.0010348643705166108,0.5215370836196218,0.01273710569633188,0.5207695666784673,-0.043735300119716575,0.10340812070062719,0.10340812070062719,0.0,False,False,0.5235987755982988,0.0
1.2072311582029043,0.00098264131242211,0.5215521313777195,0.014540802182730512,0.5235432316792304,0.2286603088994313,-0.2733925801360869,-0.2733925801360869,0.0,False,False,0.5235987755982988,0.0
1.2082137995153264,0.0009696601841467929,0.5215495652138443,-0.0026114960187249934,0.5218091926015105,0.02932713218536917,-0.0029800646802530598,-0.0029800646802530598,0.0,False,False,0.5235987755982988,0.0
1.2091834596994733,0.0010220939856175537,0.5215476351454258,-0.0019904585648169546,0.5223214784039875,0.0792258965145813,-0.07207972631989316,-0.07207972631989316,0.0,False,False,0.5235987755982988,0.0
1.2102055536850909,0.0009494813923766472,0.5215424657927037,-0.0050576099603300995,0.521115665186904,-0.04667148156642663,0.10070176528481867,0.10070176528481867,0.0,False,False,0.5235987755982988,0.0
1.2111550350774676,0.001055854967736352,0.5215435605542122,0.001153009966603097,0.521381282740064,-0.014029319334453214,0.05675005464957033,0.05675005464957033,0.0,False,False,0.5235987755982988,0.0
1.212210890045204,0.0009719719660947955,0.5215475509599489,0.003779312366318198,0.5209248576416675,-0.05585439809787715,0.11515580093681597,0.11515580093681597,0.0,False,False,0.5235987755982988,0.0
1.2131828620112988,0.0010259514056405606,0.5215555910594486,0.008271945879319623,0.5192415389971028,-0.22345488373488895,0.34657611930339516,0.34657611930339516,0.0,False,False,0.5235987755982988,0.0
1.2142088134169393,0.0009720311282398123,0.5215798100909087,0.023606411889404086,0.5203772701407077,-0.09040910903587217,0.16647802907968723,0.16647802907968723,0.0,False,False,0.5235987755982988,0.0
1.215180844545179,0.0009953743501638895,0.5216058403815292,0.02677927677861558,0.5200257775083407,-0.11752883354357017,0.20534856587153083,0.20534856587153083,0.0,False,False,0.5235987755982988,0.0
1.2161762188953429,0.0009943584736103596,0.5216373820392608,0.03168823641719923,0.5196740753201001,-0.14110961015168208,0.2399761371895949,0.2399761371895949,0.0,False,False,0.5235987755982988,0.0
1.2171705773689532,0.0010504963107853954,0.5216751763144941,0.03800870233051924,0.5206320288222559,-0.030659800765503994,0.09019320288737728,0.09019320288737728,0.0,False,False,0.5235987755982988,0.0
1.2182210736797385,0.0010307032922881167,0.5217135814022359,0.03655899344667677,0.5228698233546463,0.18542877724071444,-0.20939339230311146,-0.20939339230311146,0.0,False,False,0.5235987755982988,0.0
1.2192517769720266,0.0009437126005210043,0.5217339320762899,0.01974445430251883,0.5216951542046194,0.05291816905377367,-0.029236617778299404,-0.029236617778299404,0.0,False,False,0.5235987755982988,0.0
1.2201954895725475,0.0009291021880650227,0.5217471522621611,0.014008699114392086,0.5228733816051325,0.17247658725838882,-0.19391481283307335,-0.19391481283307335,0.0,False,False,0.5235987755982988,0.0
1.2211245917606126,0.0009422960324959335,0.5217486180583865,0.001577648017853664,0.5221072680151491,0.07277151966786997,-0.060478687104748394,-0.060478687104748394,0.0,False,False,0.5235987755982988,0.0
1.2220668877931085,0.0009592831436230525,0.5217469946703328,-0.0017228004764057244,0.5224299060752963,0.09973393244727108,-0.09864106752267944,-0.09864106752267944,0.0,False,False,0.5235987755982988,0.0
1.2230261709367316,0.001053575340344521,0.5217412841996089,-0.0059528521499347155,0.5209551032601394,-0.06397955567567927,0.12436156889768488,0.12436156889768488,0.0,False,False,0.5235987755982988,0.0
1.224079746277076,0.001009095458874968,0.521743866850899,0.0024513209367045125,0.5222011003143804,0.0606820879764594,-0.04766035046121951,-0.04766035046121951,0.0,False,False,0.5235987755982988,0.0
1.2250888417359511,0.0010557602481593201,0.5217431588120486,-0.0007016569584222705,0.5223790819465859,0.07225161906161247,-0.06474745714310226,-0.06474745714310226,0.0,False,False,0.5235987755982988,0.0
1.2261446019841105,0.0009614229356384964,0.5217390472170265,-0.0038944400769995386,0.521235827523417,-0.04326085761720609,0.09444609448851968,0.09444609448851968,0.0,False,False,0.5235987755982988,0.0
1.227106024919749,0.0009867873431459958,0.5217407488830387,0.0017699453061617281,0.5222290399712928,0.0643717346838191,-0.05259084033447417,-0.05259084033447417,0.0,False,False,0.5235987755982988,0.0
1.228092812262895,0.0009786208147068622,0.521739412334835,-0.0013544440075242883,0.5222335043634159,0.05838697805621877,-0.04548949143956947,-0.04548949143956947,0.0,False,False,0.5235987755982988,0.0
1.2290714330776018,0.0009234436604627288,0.5217363023259529,-0.003177950882878233,0.5212567271933687,-0.04726332761304415,0.09887286442439533,0.09887286442439533,0.0,False,False,0.5235987755982988,0.0
1.2299948767380646,0.0010610042299170628,0.5217384004138161,0.002272025845285663,0.5207586001197869,-0.09647932992956786,0.16689835452869556,0.16689835452869556,0.0,False,False,0.5235987755982988,0.0
1.2310558809679817,0.0009463342586326437,0.5217494309136596,0.010396282627681712,0.5207160840057709,-0.09083855476098565,0.16089471437868613,0.16089471437868613,0.0,False,False,0.5235987755982988,0.0
1.2320022152266144,0.0009385137154341787,0.5217638704314385,0.015258369489672834,0.521839360757826,0.03694297458757387,-0.01266210237657793,-0.01266210237657793,0.0,False,False,0.5235987755982988,0.0
1.2329407289420484,0.0010154226276008619,0.5217741821555035,0.010987291816251226,0.5220595521003479,0.05671038460317877,-0.040346438560698666,-0.040346438560698666,0.0,False,False,0.5235987755982988,0.0
1.2339561515696493,0.0010521690369320533,0.5217801200378985,0.0058476955640205585,0.5210885107804689,-0.04458993111416618,0.0986926840579376,0.0986926840579376,0.0,False,False,0.5235987755982988,0.0
1.2350083206065814,0.001040866944811775,0.5217898212314213,0.00922018533358431,0.5218130213183666,0.028727820663085372,-0.0023298077569225417,-0.0023298077569225417,0.0,False,False,0.5235987755982988,0.0
1.2360491875513933,0.0010261957107182984,0.521796450980146,0.006369448811746748,0.5222943384694053,0.07209698656504064,-0.06303651555796579,-0.06303651555796579,0.0,False,False,0.5235987755982988,0.0
1.2370753832621115,0.0010767009044561253,0.5217976944563162,0.0012117339383726404,0.5223371676251245,0.06906087344118346,-0.06016410461228244,-0.06016410461228244,0.0,False,False,0.5235987755982988,0.0
1.2381520841665676,0.0009706450052680846,0.5217950852371078,-0.0024233463513910858,0.523149356121727,0.1375878514210637,-0.15701587112698323,-0.15701587112698323,0.0,False,False,0.5235987755982988,0.0
1.2391227291718356,0.0009165016823961918,0.5217860271375417,-0.009332041597984743,0.5229004031378774,0.0981808650830147,-0.10524633381203297,-0.10524633381203297,0.0,False,False,0.5235987755982988,0.0
1.2400392308542318,0.0010280297489510914,0.5217752800466595,-0.011726209660749458,0.5209014884329789,-0.12973989851720305,0.20423904719640215,0.20423904719640215,0.0,False,False,0.5235987755982988,0.0
1.241067260603183,0.0009829021191211545,0.5217774104244065,0.0020722919246195255,0.523246616554287,0.11135279351223193,-0.12728448942246468,-0.12728448942246468,0.0,False,False,0.5235987755982988,0.0
1.2420501627223042,0.0010319911590199683,0.5217726923508758,-0.004800145852687617,0.5213093279381144,-0.0968813198413829,0.1574676416929798,0.1574676416929798,0.0,False,False,0.5235987755982988,0.0
1.2430821538813241,0.0010961789579994371,0.5217776491587188,0.004803149522928568,0.522689472700814,0.04654291546463937,-0.03948404640284068,-0.03948404640284068,0.0,False,False,0.5235987755982988,0.0
1.2441783328393237,0.0010542535193953971,0.5217788200519925,0.0010681588668970373,0.5218381495755882,-0.035774162711075086,0.07462026366208188,0.07462026366208188,0.0,False,False,0.5235987755982988,0.0
1.245232586358719,0.0010176703009734341,0.5217837324263664,0.004659575978270788,0.5214240642431603,-0.07147433241049289,0.12491400328508392,0.12491400328508392,0.0,False,False,0.5235987755982988,0.0
1.2462502566596925,0.0009729504622629859,0.5217935013388476,0.009599290135377513,0.5202159882347959,-0.1830368592821554,0.2805344036816395,0.2805344036816395,0.0,False,False,0.5235987755982988,0.0
1.2472232071219556,0.001056307445961494,0.5218135483641971,0.02060436386751664,0.5216638300850548,-0.015923762555019233,0.053937534304415516,0.053937534304415516,0.0,False,False,0.5235987755982988,0.0
1.248279514567917,0.0010545292852003167,0.5218330484030851,0.018460571268841736,0.5204722298152609,-0.1271394777647139,0.20884519741233976,0.20884519741233976,0.0,False,False,0.5235987755982988,0.0
1.2493340438531173,0.0010418557871873758,0.5218591927629497,0.0247924455314048,0.5227033205888237,0.09714666671363065,-0.10045780988580538,-0.10045780988580538,0.0,False,False,0.5235987755982988,0.0
1.2503758996403047,0.0010144709882694259,0.5218739575412172,0.014171614199557135,0.5231976088380749,0.13487505841270903,-0.15462906841121976,-0.15462906841121976,0.0,False,False,0.5235987755982988,0.0
1.251390370628574,0.000956487975785739,0.5218765536847063,0.002559110629132045,0.5211811176542787,-0.07738512866966052,0.13637999739595547,0.13637999739595547,0.0,False,False,0.5235987755982988,0.0
1.2523468586043598,0.0010154014953317823,0.5218845320043453,0.00834126496190871,0.522148051189428,0.03144545849703699,-0.01162151083676926,-0.01162151083676926,0.0,False,False,0.5235987755982988,0.0
1.2533622600996916,0.0010654132962077804,0.5218899280398397,0.005314189036764911,0.5212569045185851,-0.059462073219819514,0.11350816729863057,0.11350816729863057,0.0,False,False,0.5235987755982988,0.0
1.2544276733958994,0.0009671177640635913,0.5219002396751937,0.009678530754915395,0.521351783283224,-0.04461051761876286,0.09397848281386288,0.09397848281386288,0.0,False,False,0.5235987755982988,0.0
1.255394791159963,0.0010336412821631655,0.5219114368355937,0.011577866539144527,0.5225873109666792,0.08760412624588554,-0.0869185881259097,-0.0869185881259097,0.0,False,False,0.5235987755982988,0.0
1.2564284324421262,0.0011026529266804162,0.52191536608341,0.003801365022986362,0.5218817351055519,0.010582521532423395,0.018207703030536163,0.018207703030536163,0.0,False,False,0.5235987755982988,0.0
1.2575310853688066,0.0010363137720679932,0.5219192759677282,0.0035458884873245684,0.5234374052756067,0.15060857001566222,-0.17782561821033604,-0.17782561821033604,0.0,False,False,0.5235987755982988,0.0
1.2585673991408746,0.001033021315928425,0.5219122560241869,-0.006773955659542684,0.521491428798516,-0.05223098196623466,0.10060942075557308,0.10060942075557308,0.0,False,False,0.5235987755982988,0.0
1.259600420456803,0.001011100816370725,0.5219127448051344,0.00047315669087372603,0.5227848302719587,0.07819780690679658,-0.07918635241403302,-0.07918635241403302,0.0,False,False,0.5235987755982988,0.0
1.2606115212731737,0.0010401938290397871,0.5219090284816487,-0.0036755221888418723,0.5219940377212345,-0.00783302236780288,0.03828490862852045,0.03828490862852045,0.0,False,False,0.5235987755982988,0.0
1.2616517151022135,0.001157180060584673,0.521908472179045,-0.0005348066756130435,0.5226029194982952,0.05148569510237752,-0.043857424322787615,-0.043857424322787615,0.0,False,False,0.5235987755982988,0.0
1.2628088951627983,0.000966159458195764,0.5219051345685637,-0.0028842620046829006,0.5215149158987681,-0.04768485392394153,0.09473129930028301,0.09473129930028301,0.0,False,False,0.5235987755982988,0.0
1.263775054620994,0.0009685959958693607,0.5219075822476127,0.002533411051590519,0.5218643340031759,-0.006750692002300322,0.03932077911497306,0.03932077911497306,0.0,False,False,0.5235987755982988,0.0
1.2647436506168634,0.0010189405289744438,0.5219111618391798,0.003695649767694708,0.5218103700528733,-0.011646980781318787,0.046167676755241104,0.046167676755241104,0.0,False,False,0.5235987755982988,0.0
1.265762591145838,0.0009528284341871501,0.5219161706280758,0.004915683254897397,0.5211865731586367,-0.07170243015030886,0.1294625600942887,0.1294625600942887,0.0,False,False,0.5235987755982988,0.0
1.266715419580025,0.0009616982782523402,0.5219254008819956,0.009687215020596895,0.522503176016751,0.073646189041907,-0.06865463438242778,-0.06865463438242778,0.0,False,False,0.5235987755982988,0.0
1.2676771178582773,0.0009534362689405541,0.5219290107851888,0.003753675424910996,0.5224964600904469,0.0655832298727962,-0.05885819670602138,-0.05885819670602138,0.0,False,False,0.5235987755982988,0.0
1.2686305541272178,0.001002751024422001,0.5219288889812096,-0.00012775261772697034,0.5224468631670482,0.05382299407662089,-0.043853169129434835,-0.043853169129434835,0.0,False,False,0.5235987755982988,0.0
1.2696333051516397,0.0009000465986573158,0.5219265951882242,-0.002287500017078376,0.5232678507457706,0.1303142164831725,-0.15042041243429996,-0.15042041243429996,0.0,False,False,0.5235987755982988,0.0
1.270533351750297,0.0009669345513630107,0.5219190045948858,-0.008433555939971953,0.5231837965337977,0.10794392148114376,-0.12206308261635154,-0.12206308261635154,0.0,False,False,0.5235987755982988,0.0
1.27150028630166,0.0009435181275071305,0.521907409832804,-0.011991258421210385,0.5215802088652672,-0.06869289157022251,0.11876567107883544,0.11876567107883544,0.0,False,False,0.5235987755982988,0.0
1.272443804429167,0.0009801250117954358,0.5219042918927458,-0.0033045894587474863,0.5222298414546895,0.007028555323153364,0.016206548197182993,0.016206548197182993,0.0,False,False,0.5235987755982988,0.0
1.2734239294409624,0.0010235460823552725,0.5219027879052346,-0.0015344853902107556,0.5213585936429715,-0.0825657988682973,0.1394022338378476,0.1394022338378476,0.0,False,False,0.5235987755982988,0.0
1.2744474755233177,0.0010233324518090403,0.5219090072682181,0.006076290155116413,0.5219293886264202,-0.01854280129998461,0.052300327053795836,0.052300327053795836,0.0,False,False,0.5235987755982988,0.0
1.2754708079751267,0.0010052325527989288,0.5219160860491995,0.006917381510685152,0.5213927059204921,-0.0691331304442606,0.1226690107336329,0.1226690107336329,0.0,False,False,0.5235987755982988,0.0
1.2764760405279256,0.0010277996068705979,0.5219271922848591,0.011048424196661088,0.5233409703352704,0.13159249094151151,-0.15327049439530202,-0.15327049439530202,0.0,False,False,0.5235987755982988,0.0
1.2775038401347962,0.0009852052720561383,0.5219272217317139,2.865038540733958e-05,0.5222446082420588,0.011762438912362103,0.010260085717486461,0.010260085717486461,0.0,False,False,0.5235987755982988,0.0
1.2784890454068523,0.0009961653208190881,0.5219277394413792,0.0005254840589625825,0.5217374731338454,-0.04088887546392341,0.08257009491686881,0.08257009491686881,0.0,False,False,0.5235987755982988,0.0
1.2794852107276713,0.0009621305037800425,0.521932201324491,0.0044790588656247994,0.5229738300290834,0.08731162984299783,-0.09352493556571946,-0.09352493556571946,0.0,False,False,0.5235987755982988,0.0
1.2804473412314514,0.0010075987319147052,0.5219309419136134,-0.0013089813415621352,0.5200367226288406,-0.226690739978981,0.3361458414250251,0.3361458414250251,0.0,False,False,0.5235987755982988,0.0
1.2814549399633661,0.0009831723489304857,0.521947090108967,0.016026414923050833,0.520189454021299,-0.18886370799435678,0.2880042379792246,0.2880042379792246,0.0,False,False,0.5235987755982988,0.0
1.2824381123122965,0.0009166183519254785,0.5219728489794742,0.02619975077125632,0.5226673492218856,0.08205326591165665,-0.08169824431855054,-0.08169824431855054,0.0,False,False,0.5235987755982988,0.0
1.2833547306642221,0.0010012036614232035,0.5219889870883898,0.01760613769272797,0.5220417557640508,0.005597783023628858,0.021309017388110314,0.021309017388110314,0.0,False,False,0.5235987755982988,0.0
1.2843559343256454,0.0011123973542285664,0.5220033621910171,0.014357820672370734,0.5222219178179665,0.023032550771925626,-0.0028556208803282093,-0.0028556208803282093,0.0,False,False,0.5235987755982988,0.0
1.285468331679874,0.0009216854590846582,0.5220145154714758,0.01002634572653114,0.5208570165120492,-0.10196978307679161,0.17171540324464324,0.17171540324464324,0.0,False,False,0.5235987755982988,0.0
1.2863900171389586,0.0010032520870418375,0.5220286554860207,0.015341475126347238,0.522008380248431,0.033146572555690326,-0.011148770769207568,-0.011148770769207568,0.0,False,False,0.5235987755982988,0.0
1.2873932692260004,0.0009104840991405273,0.5220395274482842,0.010836720305776891,0.5237879192385939,0.2072089686995338,-0.2520553479647523,-0.2520553479647523,0.0,False,False,0.5235987755982988,0.0
1.288303753325141,0.0010779504791019574,0.5220364517443752,-0.003378097335212167,0.5227557015973313,0.07311787214822561,-0.07256611456045568,-0.07256611456045568,0.0,False,False,0.5235987755982988,0.0
1.2893817038042428,0.0010934757589893193,0.5220297765248046,-0.006192510416678926,0.5221778734235509,0.012201751062539977,0.01093413787041395,0.01093413787041395,0.0,False,False,0.5235987755982988,0.0
1.290475179563232,0.0010538461180279377,0.5220258414056712,-0.0035987255328593644,0.5216426945894169,-0.03796133198971782,0.08076305654753546,0.08076305654753546,0.0,False,False,0.5235987755982988,0.0
1.29152902568126,0.0010742368133213255,0.5220277358679479,0.001797664995230219,0.5216834060977427,-0.030302062832915224,0.07083912640950901,0.07083912640950901,0.0,False,False,0.5235987755982988,0.0
1.2926032624945814,0.0009910258463284036,0.5220331253786492,0.005017060143974079,0.5201750496989965,-0.16768376387223713,0.26284758283412574,0.26284758283412574,0.0,False,False,0.5235987755982988,0.0
1.2935942883409097,0.0009652584491275463,0.5220495372802119,0.01656051819783097,0.5222743709617768,0.060917762029490896,-0.04926203097799202,-0.04926203097799202,0.0,False,False,0.5235987755982988,0.0
1.2945595467900373,0.00093198041814907,0.5220593676497302,0.010184183859921796,0.5227971908503803,0.10898970633850838,-0.11635912214367758,-0.11635912214367758,0.0,False,False,0.5235987755982988,0.0
1.2954915272081864,0.000997008659368594,0.5220613244034602,0.002099565282595521,0.5206863371526009,-0.1284004712642192,0.20650445753962496,0.20650445753962496,0.0,False,False,0.5235987755982988,0.0
1.296488535867555,0.0010447639992712866,0.5220730490658713,0.011759840098538634,0.5214958539409181,-0.03436586472144609,0.07909162749858764,0.07909162749858764,0.0,False,False,0.5235987755982988,0.0
1.2975332998668263,0.0010219734362312645,0.5220861396106008,0.012529666736804133,0.5210760611702079,-0.07110990956920238,0.13074075118867964,0.13074075118867964,0.0,False,False,0.5235987755982988,0.0
1.2985552733030576,0.0009882000497767169,0.5221022378543576,0.015752115648161917,0.5212598100149839,-0.046019112262948664,0.097324315215207,0.097324315215207,0.0,False,False,0.5235987755982988,0.0
1.2995434733528344,0.001084338712550311,0.5221186448022777,0.016602860851632838,0.5221653163261459,0.05021468173512295,-0.03445535118339567,-0.03445535118339567,0.0,False,False,0.5235987755982988,0.0
1.3006278120653847,0.0009356574928029134,0.5221297431025537,0.010235086276558676,0.5203107590755429,-0.12583796231895802,0.2101898521923558,0.2101898521923558,0.0,False,False,0.5235987755982988,0.0
1.3015634695581877,0.0009582571172234833,0.5221460087145564,0.01738415192296352,0.5226820607969064,0.14018277420396702,-0.15171846261969654,-0.15171846261969654,0.0,False,False,0.5235987755982988,0.0
1.3025217266754112,0.0010467989474197722,0.5221517754950392,0.0060179886788298016,0.522809638147699,0.1394779748156728,-0.15316909566801043,-0.15316909566801043,0.0,False,False,0.5235987755982988,0.0
1.303568525622831,0.0009045526548460228,0.522147735986838,-0.0038589150392833605,0.5219286076407618,0.041365925057309835,-0.019576086833104904,-0.019576086833104904,0.0,False,False,0.5235987755982988,0.0
1.3044730782776772,0.0009355519848646348,0.5221443927969992,-0.0036959593461140337,0.5199795662329255,-0.1782408667115059,0.27903480863052643,0.27903480863052643,0.0,False,False,0.5235987755982988,0.0
1.3054086302625418,0.000993098529300893,0.5221541189166186,0.010396129532888777,0.5212845796290215,-0.020925504599917516,0.06676613296689221,0.06676613296689221,0.0,False,False,0.5235987755982988,0.0
1.3064017287918428,0.0010300743412221282,0.5221648687815862,0.010824570423189617,0.5232407786868011,0.17814639887116435,-0.20733173423843793,-0.20733173423843793,0.0,False,False,0.5235987755982988,0.0
1.307431803133065,0.0010303836982071975,0.522161829017242,-0.002951014526368761,0.5197375716772277,-0.17976087990423237,0.2852147264643594,0.2852147264643594,0.0,False,False,0.5235987755982988,0.0
1.3084621868312722,0.00105933715783249,0.5221748745185543,0.012660818814445076,0.5218716031300271,0.045325574497511706,-0.023301584968123477,-0.023301584968123477,0.0,False,False,0.5235987755982988,0.0
1.3095215239891047,0.0010263481222987677,0.5221831507804019,0.007812679642620411,0.5211534058423845,-0.027003838970409068,0.0764212623709494,0.0764212623709494,0.0,False,False,0.5235987755982988,0.0
1.3105478721114034,0.0009524729745927022,0.5221928108842216,0.009412112332960498,0.5228949309255426,0.14537825869618398,-0.1617847063258093,-0.1617847063258093,0.0,False,False,0.5235987755982988,0.0
1.311500345085996,0.0009796361649384829,0.5221920150373006,-0.0008355585326174364,0.5216028669727478,-0.0048131749146211045,0.04170216515746315,0.04170216515746315,0.0,False,False,0.5235987755982988,0.0
1.3124799812509347,0.0009766990263693743,0.5221934411753053,0.0014557833364887795,0.5225459575597305,0.09193761697317897,-0.09137441567358588,-0.09137441567358588,0.0,False,False,0.5235987755982988,0.0
1.313456680277304,0.0010404087268923888,0.5221900833073403,-0.0034379761567565983,0.5226835406125507,0.09683039054472672,-0.0997222389102066,-0.0997222389102066,0.0,False,False,0.5235987755982988,0.0
1.3144970890041965,0.0010348519614242942,0.5221822296376346,-0.007548638821140451,0.523784638973309,0.19298060070252368,-0.23492226159321097,-0.23492226159321097,0.0,False,False,0.5235987755982988,0.0
1.3155319409656208,0.0009774989097822001,0.5221641873565003,-0.017434649405766594,0.5219870871011236,-1.8813686206625713e-05,0.02903296937260137,0.02903296937260137,0.0,False,False,0.5235987755982988,0.0
1.316509439875403,0.0009158997264975461,0.522152624732761,-0.011828784281533465,0.5224807853519361,0.050489338929557544,-0.04046338228094007,-0.04046338228094007,0.0,False,False,0.5235987755982988,0.0
1.3174253396019004,0.001008886473392293,0.5221428055577128,-0.010720797008922932,0.520846850173435,-0.13295632674858401,0.20908224974584919,0.20908224974584919,0.0,False,False,0.5235987755982988,0.0
1.3184342260752928,0.0009243959492594615,0.5221456662673495,0.002835511935344724,0.5231844980743432,0.11204504909557678,-0.12699706348349096,-0.12699706348349096,0.0,False,False,0.5235987755982988,0.0
1.3193586220245523,0.0009459224256561099,0.5221421296529307,-0.003825865335790792,0.521478460483461,-0.08371647299356565,0.13862543965935897,0.13862543965935897,0.0,False,False,0.5235987755982988,0.0
1.3203045444502084,0.001007282748106125,0.5221457408969743,0.003817695770414014,0.5216563905740943,-0.05653460555275766,0.10280445709899051,0.10280445709899051,0.0,False,False,0.5235987755982988,0.0
1.3213118271983144,0.0010119763150985837,0.5221536381271293,0.007840132445347814,0.522134223263558,-0.003443353537032831,0.03049396626977477,0.03049396626977477,0.0,False,False,0.5235987755982988,0.0
1.322323803513413,0.0009614491256716291,0.5221608090040075,0.007086012558998491,0.5207969351213046,-0.13524520800033504,0.21272737818629703,0.21272737818629703,0.0,False,False,0.5235987755982988,0.0
1.3232852526390846,0.0010000207634385876,0.5221755409726023,0.015322670957204946,0.522375180484337,0.04243208187417305,-0.02889378619769415,-0.02889378619769415,0.0,False,False,0.5235987755982988,0.0
1.3242852734025232,0.0010162115432725608,0.5221854897052449,0.00994852607699209,0.523029763298472,0.10364579598946899,-0.11413273379047921,-0.11413273379047921,0.0,False,False,0.5235987755982988,0.0
1.3253014849457958,0.0010867199831784665,0.5221868144793103,0.0013036400482415895,0.5224424474648345,0.03548657338281678,-0.021769981657022104,-0.021769981657022104,0.0,False,False,0.5235987755982988,0.0
1.3263882049289744,0.0010362726896942784,0.522186478327431,-0.0003093270432231604,0.5207999036288392,-0.11920900877699203,0.19343050598266331,0.19343050598266331,0.0,False,False,0.5235987755982988,0.0
1.3274244776186686,0.000962348253362067,0.522196644627973,0.009810449163734294,0.5220886006364418,0.017070762156694286,0.006698234725393104,0.006698234725393104,0.0,False,False,0.5235987755982988,0.0
1.3283868258720306,0.0009763170594015858,0.522203833279451,0.007469906505112333,0.5228513756545486,0.0946255348031188,-0.10009744277623948,-0.10009744277623948,0.0,False,False,0.5235987755982988,0.0
1.329363142931432,0.0010145836801623237,0.5222042851739244,0.000462856270940888,0.5205654308098459,-0.14897661735468787,0.23337214701777878,0.23337214701777878,0.0,False,False,0.5235987755982988,0.0
1.3303777266115944,0.0010401840011180572,0.5222166213950824,0.012158899654327135,0.5212787111135997,-0.06377619817296094,0.11829259853213737,0.11829259853213737,0.0,False,False,0.5235987755982988,0.0
1.3314179106127124,0.0009982882847772634,0.5222320927773998,0.01487369763500052,0.5229970213738258,0.10779433543450224,-0.1185216264808876,-0.1185216264808876,0.0,False,False,0.5235987755982988,0.0
1.3324161988974896,0.0009937173502486878,0.5222372006726616,0.005116653515486354,0.5224729034037289,0.04451323698232051,-0.03315018487652562,-0.03315018487652562,0.0,False,False,0.5235987755982988,0.0
1.3334099162477384,0.0010707644566191627,0.5222391446790488,0.001956297116848939,0.5225986577056868,0.05271685001498737,-0.04525809795096872,-0.04525809795096872,0.0,False,False,0.5235987755982988,0.0
1.3344806807043577,0.0010008643134651269,0.522237965185498,-0.0011015434285250704,0.5238606805263363,0.16530701715547919,-0.2030827092912493,-0.2030827092912493,0.0,False,False,0.5235987755982988,0.0
1.3354815450178228,0.0008998826986014922,0.5222270261082201,-0.010929630650991402,0.5226359155434351,0.026405583820893197,-0.014355219597525615,-0.014355219597525615,0.0,False,False,0.5235987755982988,0.0
1.3363814277164243,0.0011367187504248107,0.5222190639496719,-0.008847996033907062,0.5227931795442445,0.04124108104625164,-0.03498856828252492,-0.03498856828252492,0.0,False,False,0.5235987755982988,0.0
1.337518146466849,0.0009824485299119667,0.5222100138092075,-0.007961635594589619,0.524575585540891,0.19391969973577491,-0.2502862186495894,-0.2502862186495894,0.0,False,False,0.5235987755982988,0.0
1.338500594996761,0.0009756983403640541,0.5221923346335574,-0.017995014610729707,0.5220057549588348,-0.0870463378672231,0.1331299769510194,0.1331299769510194,0.0,False,False,0.5235987755982988,0.0
1.3394762933371251,0.0010172351149841613,0.5221852730990497,-0.0072374157211889684,0.521488989035547,-0.13130540217340197,0.19554264073761563,0.19554264073761563,0.0,False,False,0.5235987755982988,0.0
1.3404935284521093,0.0010049757424147384,0.5221902114794037,0.004854708888104981,0.522563534263283,-0.012540951770734582,0.03368348615516713,0.03368348615516713,0.0,False,False,0.5235987755982988,0.0
1.341498504194524,0.0010409205202275003,0.5221953289898895,0.005092173143950364,0.5225784209323673,-0.009805560234351416,0.030133056267989296,0.030133056267989296,0.0,False,False,0.5235987755982988,0.0
1.3425394247147515,0.0010040025272501987,0.5222006195781658,0.005082605418385775,0.521740973687646,-0.08927756792233243,0.14057351589854872,0.14057351589854872,0.0,False,False,0.5235987755982988,0.0
1.3435434272420017,0.001032677463450106,0.5222112823295617,0.010620243581610383,0.5213103459706113,-0.12324091004138839,0.18908082534804094,0.18908082534804094,0.0,False,False,0.5235987755982988,0.0
1.3445761047054519,0.0009607774502539575,0.522229175640897,0.01732710547923535,0.5242448951596118,0.17325217785325658,-0.21953276552754183,-0.21953276552754183,0.0,False,False,0.5235987755982988,0.0
1.3455368821557059,0.0008828639951164232,0.522231752373527,0.0026819245490692523,0.5225169771083729,-0.02391885654466963,0.04817500067227076,0.04817500067227076,0.0,False,False,0.5235987755982988,0.0
1.3464197461508223,0.0010182739786168539,0.5222353658890879,0.00409294702339649,0.5215963263406035,-0.12580699282585364,0.18701247802954024,0.18701247802954024,0.0,False,False,0.5235987755982988,0.0
1.3474380201294391,0.0009471041158251454,0.5222479564576692,0.01236461781964027,0.5230472564323475,0.02926287167284096,-0.025188101020285597,-0.025188101020285597,0.0,False,False,0.5235987755982988,0.0
1.3483851242452642,0.0009207936364443987,0.5222555334236425,0.00800014047733575,0.5221602863107758,-0.06731416695368783,0.10666980751983926,0.10666980751983926,0.0,False,False,0.5235987755982988,0.0
1.3493059178817086,0.0010070486401161291,0.5222654619342852,0.01078255783897029,0.5220447812415127,-0.07312682796384967,0.11572409197877047,0.11572409197877047,0.0,False,False,0.5235987755982988,0.0
1.3503129665218248,0.001005753289360634,0.5222791490611107,0.013591326456565243,0.5227698247065884,0.006182721338618552,0.007501850444445346,0.007501850444445346,0.0,False,False,0.5235987755982988,0.0
1.3513187198111853,0.0010236331181670809,0.5222895546502436,0.0103460652258565,0.5211621746938049,-0.15428091543784955,0.2289959148063103,0.2289959148063103,0.0,False,False,0.5235987755982988,0.0
1.3523423529293523,0.001052401264072212,0.5223091090680622,0.019102955415818326,0.522616834355085,0.0032546983678984065,0.013769304336370747,0.013769304336370747,0.0,False,False,0.5235987755982988,0.0
1.3533947541934246,0.0009900862153452714,0.5223249594199728,0.015061129677217752,0.5239943274118115,0.133819707643266,-0.16770358181514772,-0.16770358181514772,0.0,False,False,0.5235987755982988,0.0
1.35438484040877,0.0009187108758720584,0.5223278460238587,0.002915507600480021,0.5227346627790884,-0.006790035127138716,0.023702072898353556,0.023702072898353556,0.0,False,False,0.5235987755982988,0.0
1.355303551284642,0.0010382104828803446,0.522330781904654,0.0031956525957469767,0.5220024749098102,-0.08580834319606831,0.13170342422807668,0.13170342422807668,0.0,False,False,0.5235987755982988,0.0
1.3563417617675224,0.0010299312518907253,0.522340159262723,0.009032232118350168,0.521897626422837,-0.08732647134140842,0.13541245076800296,0.13541245076800296,0.0,False,False,0.5235987755982988,0.0
1.357371693019413,0.0009459607002249679,0.5223539118883199,0.013352954939068167,0.5219958227089491,-0.0690595678254162,0.11172463339879496,0.11172463339879496,0.0,False,False,0.5235987755982988,0.0
1.358317653719638,0.0010936289983121635,0.522368361789388,0.015275371444671136,0.5221467375439321,-0.04620000589340123,0.08157669205068147,0.08157669205068147,0.0,False,False,0.5235987755982988,0.0
1.35941128271795,0.0009587265892012906,0.5223852563323742,0.015448148332147438,0.5220555579357654,-0.049917348983449336,0.08767873670574045,0.08767873670574045,0.0,False,False,0.5235987755982988,0.0
1.3603700093071514,0.001049906665256185,0.5224004641253479,0.015862492127519327,0.5232000967063701,0.07445552997581367,-0.0821704159162601,-0.0821704159162601,0.0,False,False,0.5235987755982988,0.0
1.3614199159724076,0.001034530825910596,0.5224081531970315,0.0073235764073218655,0.5208956429232048,-0.15248132252723806,0.23163397518437825,0.23163397518437825,0.0,False,False,0.5235987755982988,0.0
1.3624544467983182,0.0009491949256687938,0.5224258419955895,0.017098377462519257,0.5231780789471919,0.08339204068253717,-0.0924979090991206,-0.0924979090991206,0.0,False,False,0.5235987755982988,0.0
1.363403641723987,0.0009754012638005042,0.5224340935257394,0.008693188223841295,0.5221027545262797,-0.038235213272257915,0.07281063522305278,0.07281063522305278,0.0,False,False,0.5235987755982988,0.0
1.3643790429877876,0.0010300357628447712,0.5224436674781584,0.009815398825326397,0.5227726164765827,0.03426383423717979,-0.026245736893725405,-0.026245736893725405,0.0,False,False,0.5235987755982988,0.0
1.3654090787506323,0.001051922728342146,0.5224494483738431,0.0056123252155272805,0.5214659658906844,-0.09601742481625064,0.15361148451656043,0.15361148451656043,0.0,False,False,0.5235987755982988,0.0
1.3664610014789744,0.0009646041145115951,0.5224620104679643,0.011942031275413519,0.5236214598010046,0.11849422713347031,-0.1426013882088686,-0.1426013882088686,0.0,False,False,0.5235987755982988,0.0
1.367425605593486,0.000967267961208843,0.5224638644116646,0.0019219736598652445,0.523550885978312,0.09932845342898819,-0.11833213095502329,-0.11833213095502329,0.0,False,False,0.5235987755982988,0.0
1.3683928735546949,0.0009357593119726693,0.5224596428527774,-0.0043644150912537216,0.5232970435600415,0.06315237162519245,-0.0703516692615988,-0.0703516692615988,0.0,False,False,0.5235987755982988,0.0
1.3693286328666676,0.0010639777148261904,0.5224536225866031,-0.006433562666402334,0.5211317496767078,-0.17455718410082535,0.25387508750962806,0.25387508750962806,0.0,False,False,0.5235987755982988,0.0
1.3703926105814939,0.0010442664605923363,0.5224632890606353,0.009085222272551943,0.5231868336900235,0.036049573534865514,-0.035844533892882946,-0.035844533892882946,0.0,False,False,0.5235987755982988,0.0
1.3714368770420862,0.000993862397054818,0.5224679990720041,0.004510353962860099,0.5228213017856388,-0.0025590843279114164,0.01706542982137412,0.01706542982137412,0.0,False,False,0.5235987755982988,0.0
1.372430739439141,0.0009352864099920956,0.5224719924111225,0.004018000007074737,0.5210711289786196,-0.17840127681991402,0.25957917133812225,0.25957917133812225,0.0,False,False,0.5235987755982988,0.0
1.3733660258491331,0.0009910351258026484,0.5224860493393633,0.015029543988382823,0.5224648458720422,-0.011546165221457794,0.03426613333836794,0.03426613333836794,0.0,False,False,0.5235987755982988,0.0
1.3743570609749358,0.0009993512992448532,0.5224988197654523,0.012885946982652198,0.5228169361189876,0.025135975782751018,-0.01609006031169947,-0.01609006031169947,0.0,False,False,0.5235987755982988,0.0
1.3753564122741806,0.0010234860628133005,0.5225074399246941,0.008625754775356768,0.5229927071455512,0.040210890542074364,-0.03734383650103285,-0.03734383650103285,0.0,False,False,0.5235987755982988,0.0
1.376379898336994,0.0009090509128187515,0.5225117219314911,0.004183747050976292,0.5226664116559833,0.004309006875864975,0.011611742710641939,0.011611742710641939,0.0,False,False,0.5235987755982988,0.0
1.3772889492498126,0.0010350038519769036,0.522514968790567,0.0035717021237631464,0.5227691161460287,0.015176097158552669,-0.0032774464494015297,-0.0032774464494015297,0.0,False,False,0.5235987755982988,0.0
1.3783239531017895,0.0009856445525461238,0.5225173388774002,0.002289930446768251,0.5238033074118859,0.11357997699868118,-0.1399775450429841,-0.1399775450429841,0.0,False,False,0.5235987755982988,0.0
1.3793095976543355,0.0010485601431785671,0.5225121231649721,-0.005291676816599728,0.5235820395884241,0.07977293081676265,-0.09542626880237005,-0.09542626880237005,0.0,False,False,0.5235987755982988,0.0
1.3803581577975141,0.0010273749640325694,0.5225030576450316,-0.008645684274305305,0.5200010802060755,-0.269716425797426,0.388418228016931,0.388418228016931,0.0,False,False,0.5235987755982988,0.0
1.3813855327615467,0.0009484325738136447,0.5225172895225909,0.013852661450346752,0.5222402721248564,-0.024792039850085407,0.054203510342066816,0.054203510342066816,0.0,False,False,0.5235987755982988,0.0
1.3823339653353603,0.0009995357346054994,0.5225295793522986,0.012958042613716598,0.5223858942249269,-0.006958860886658185,0.030182497784684806,0.030182497784684806,0.0,False,False,0.5235987755982988,0.0
1.3833335010699659,0.0009751487127082211,0.5225405689590942,0.01099471125952771,0.5210115745134152,-0.14375878049363536,0.21908015612026793,0.21908015612026793,0.0,False,False,0.5235987755982988,0.0
1.3843086497826742,0.0010088616382659243,0.5225588103657708,0.01870628186126318,0.5226410005890584,0.03771223437008103,-0.028014731077769396,-0.028014731077769396,0.0,False,False,0.5235987755982988,0.0
1.3853175114209402,0.0009583843748238733,0.5225717039162769,0.01278029614482808,0.5236614506506986,0.13508967423185722,-0.1632357600214244,-0.1632357600214244,0.0,False,False,0.5235987755982988,0.0
1.3862758957957642,0.0009764600695281063,0.5225732993256826,0.001664686369707397,0.5216250899908724,-0.09089778442303123,0.14460368224131248,0.14460368224131248,0.0,False,False,0.5235987755982988,0.0
1.3872523558652923,0.0009751493906675104,0.5225813371969131,0.008231643547304546,0.52287490239626,0.0461862094910392,-0.04239373375254835,-0.04239373375254835,0.0,False,False,0.5235987755982988,0.0
1.3882275052559598,0.0009094273400929287,0.522585093233784,0.003851755338053639,0.5217858864814897,-0.07010924017708092,0.11676309231506095,0.11676309231506095,0.0,False,False,0.5235987755982988,0.0
1.3891369325960528,0.0010223868137467084,0.522592467831059,0.008109056050854095,0.5220061139762115,-0.03888225347762713,0.07532661337072334,0.07532661337072334,0.0,False,False,0.5235987755982988,0.0
1.3901593194097994,0.001093359794237531,0.5226022492619459,0.009567250629073725,0.5238915184251595,0.14941801862165144,-0.18457099322947337,-0.18457099322947337,0.0,False,False,0.5235987755982988,0.0
1.391252679204037,0.000978558499143683,0.5225984405037261,-0.0034835360143460857,0.5221249694865563,-0.027094470942186533,0.05904187514198931,0.05904187514198931,0.0,False,False,0.5235987755982988,0.0
1.3922312377031807,0.0010209376584254884,0.5225988625866385,0.0004313313029061768,0.5230022190754922,0.06526210401444732,-0.06757650740681695,-0.06757650740681695,0.0,False,False,0.5235987755982988,0.0
1.3932521753616063,0.000979371113321161,0.5225956445008461,-0.003152088441337435,0.5209626986434346,-0.14103344736742168,0.21668952202846217,0.21668952202846217,0.0,False,False,0.5235987755982988,0.0
1.3942315464749275,0.0008758108796232642,0.5226038611889181,0.00838975946935323,0.5242290398471208,0.20658404325929294,-0.2592456083899467,-0.2592456083899467,0.0,False,False,0.5235987755982988,0.0
1.3951073573545507,0.0009508899339059004,0.5225994158471182,-0.0050756868900136785,0.5231253293187805,0.05990407948265111,-0.06336286234785218,-0.06336286234785218,0.0,False,False,0.5235987755982988,0.0
1.3960582472884566,0.001080222167045094,0.5225930911781386,-0.006651315524692721,0.5224338300212077,-0.01880760491581457,0.04353814628661774,0.04353814628661774,0.0,False,False,0.5235987755982988,0.0
1.3971384694555018,0.0011095019338857562,0.5225907236952647,-0.002191662924618495,0.5230929827751577,0.04409326551788152,-0.04380764780491774,-0.04380764780491774,0.0,False,False,0.5235987755982988,0.0
1.3982479713893876,0.0009994443956772682,0.5225864126371675,-0.00388557961501923,0.5213561130924813,-0.11686105024302251,0.1806011853963421,0.1806011853963421,0.0,False,False,0.5235987755982988,0.0
1.399247415785065,0.0009579482359256047,0.5225927147164472,0.006305582688597138,0.5236246674639289,0.1218066038558832,-0.14663397820840104,-0.14663397820840104,0.0,False,False,0.5235987755982988,0.0
1.4002053640209906,0.0010395972720871572,0.5225903233460093,-0.0024963461993516654,0.522307593293072,-0.027863131770217223,0.05667703961834389,0.05667703961834389,0.0,False,False,0.5235987755982988,0.0
1.4012449612930777,0.000953053506679151,0.5225916068740407,0.001234639668515127,0.5224135226270136,-0.014887359964766133,0.03919938544085376,0.03919938544085376,0.0,False,False,0.5235987755982988,0.0
1.4021980147997568,0.0010141041564159699,0.5225942233232607,0.002745332976178869,0.5221651728599074,-0.039456947595002824,0.07315318640504925,0.07315318640504925,0.0,False,False,0.5235987755982988,0.0
1.4032121189561728,0.0010004100283435824,0.5225999159307423,0.005613434720248391,0.5220932019915305,-0.04260824261919551,0.07823021606486374,0.07823021606486374,0.0,False,False,0.5235987755982988,0.0
1.4042125289845164,0.000961046638742433,0.522607781407934,0.007862253444949908,0.5232139958774219,0.07368603334123514,-0.08149720503369769,-0.08149720503369769,0.0,False,False,0.5235987755982988,0.0
1.4051735756232588,0.0010295924297760589,0.5226094719623625,0.001759076365741072,0.5228327928179989,0.02665202314175516,-0.018194737724707373,-0.018194737724707373,0.0,False,False,0.5235987755982988,0.0
1.406203168053035,0.0009967496205840745,0.5226097532787893,0.0002732308617110603,0.5231785108268512,0.05756496290147754,-0.06151318959571568,-0.06151318959571568,0.0,False,False,0.5235987755982988,0.0
1.407199917673619,0.001087080849597298,0.5226068874056673,-0.0028752186736001363,0.5225992125912566,-0.006310264876633345,0.025564451978719278,0.025564451978719278,0.0,False,False,0.5235987755982988,0.0
1.4082869985232163,0.0010563009423651146,0.522606298302195,-0.0005419132096834817,0.5230541496233905,0.03617018176247209,-0.033600950566616355,-0.033600950566616355,0.0,False,False,0.5235987755982988,0.0
1.4093432994655815,0.0010038477098828246,0.5226040350989568,-0.0021425742866695283,0.5222385206164901,-0.04466242661045868,0.07807950160510693,0.07807950160510693,0.0,False,False,0.5235987755982988,0.0
1.4103471471754643,0.0009353068517776659,0.5226064722542767,0.0024278137968037996,0.5245522803577344,0.1902929349144769,-0.24551460756721244,-0.24551460756721244,0.0,False,False,0.5235987755982988,0.0
1.411282454027242,0.0009507386529982257,0.5225973616708884,-0.009740742699560311,0.5212290842604446,-0.18404179560800196,0.2635045988109789,0.2635045988109789,0.0,False,False,0.5235987755982988,0.0
1.4122331926802403,0.001052820197811991,0.5226024957693963,0.0054001154699510456,0.5237028711672693,0.09455869542319936,-0.11534415474930837,-0.11534415474930837,0.0,False,False,0.5235987755982988,0.0
1.4132860128780522,0.0010399690976575517,0.5226000113348552,-0.002359789968191928,0.5237937357787373,0.0937334174725728,-0.1159893842149807,-0.1159893842149807,0.0,False,False,0.5235987755982988,0.0
1.4143259819757097,0.0009434988666740359,0.5225920572276412,-0.007648407276622212,0.5218484083819431,-0.10269619365575565,0.1547420422813091,0.1547420422813091,0.0,False,False,0.5235987755982988,0.0
1.4152694808423838,0.0010025349041003213,0.5225937041785236,0.0017455780187154869,0.5245391124001247,0.19275702403958944,-0.24823449128037398,-0.24823449128037398,0.0,False,False,0.5235987755982988,0.0
1.416272015746484,0.0009614059938267374,0.5225824474349863,-0.011228280921964045,0.5234511765904366,0.06496282464978724,-0.07529860743822492,-0.07529860743822492,0.0,False,False,0.5235987755982988,0.0
1.4172334217403109,0.0009428969772216654,0.5225710370409977,-0.011868444821271171,0.5234185156991781,0.05506934147374085,-0.06283853158431574,-0.06283853158431574,0.0,False,False,0.5235987755982988,0.0
1.4181763187175325,0.0009143485753443551,0.5225599349251587,-0.011774473889697318,0.5225843888965193,-0.03890184940681864,0.06494117992021439,0.06494117992021439,0.0,False,False,0.5235987755982988,0.0
1.419090667292877,0.000992952502599359,0.5225545764312944,-0.0058604497330622994,0.5223650108471757,-0.059004489003644967,0.09301315232459037,0.09301315232459037,0.0,False,False,0.5235987755982988,0.0
1.4200836197954763,0.0009972219875302973,0.5225550512089159,0.0004781473637906278,0.5223723075331869,-0.05236919266676352,0.08491945637213136,0.08491945637213136,0.0,False,False,0.5235987755982988,0.0
1.4210808417830065,0.0009799347721184204,0.5225596059196926,0.00456739906831638,0.5229004081564702,0.005824904629172886,0.005580728397907459,0.005580728397907459,0.0,False,False,0.5235987755982988,0.0
1.422060776555125,0.0009372241871742813,0.5225630387027715,0.0035030730377061912,0.5237858043994263,0.095594983352273,-0.11808049844302315,-0.11808049844302315,0.0,False,False,0.5235987755982988,0.0
1.4229980007422993,0.0010139163681214783,0.5225602097349137,-0.003018453745219362,0.5227184362390317,-0.027850624091251636,0.04926685737631019,0.04926685737631019,0.0,False,False,0.5235987755982988,0.0
1.4240119171104209,0.0009711749288639264,0.5225606179797909,0.00040264156891820554,0.5217652333712883,-0.11907754311501317,0.17589681182420458,0.17589681182420458,0.0,False,False,0.5235987755982988,0.0
1.4249830920392847,0.0010340594471819039,0.5225691887066687,0.008825111339871076,0.5232886370407268,0.0496921342303282,-0.054048067040097764,-0.054048067040097764,0.0,False,False,0.5235987755982988,0.0
1.4260171514864666,0.0010106212713070042,0.5225727265461004,0.00342131145499369,0.52337658221769,0.0532277681062466,-0.05987384087653744,-0.05987384087653744,0.0,False,False,0.5235987755982988,0.0
1.4270277727577736,0.000977116149780711,0.5225720743903489,-0.0006453018257938786,0.5231433726028973,0.024829124854470284,-0.021597695908137753,-0.021597695908137753,0.0,False,False,0.5235987755982988,0.0
1.4280048889075543,0.0010450072997347751,0.5225706000611001,-0.0015088577229381483,0.5232211705855441,0.03030821183696697,-0.029572963974774956,-0.029572963974774956,0.0,False,False,0.5235987755982988,0.0
1.429049896207289,0.0009624102767251479,0.5225679085256546,-0.0025756140136249405,0.5223314791302783,-0.057859952931941516,0.09224327994269854,0.09224327994269854,0.0,False,False,0.5235987755982988,0.0
1.4300123064840142,0.0009649413705709129,0.522570422967402,0.0026126505589464236,0.5217597269833125,-0.11148231608971332,0.16688165437740926,0.16688165437740926,0.0,False,False,0.5235987755982988,0.0
1.4309772478545852,0.001002600242146296,0.5225799778878258,0.009902073551044567,0.5218223361923825,-0.09384568933265836,0.14459073650568377,0.14459073650568377,0.0,False,False,0.5235987755982988,0.0
1.4319798480967316,0.001036665397182134,0.5225943692133334,0.014354001627535647,0.5211671582892857,-0.14980899042326284,0.22353990007015104,0.22353990007015104,0.0,False,False,0.5235987755982988,0.0
1.4330165134939137,0.000990527883676405,0.5226172307818137,0.022052986954546057,0.5228240074532889,0.024996782537578144,-0.016050312434916034,-0.016050312434916034,0.0,False,False,0.5235987755982988,0.0
1.43400704137759,0.0010055848897396696,0.5226334829205839,0.01640755302095946,0.5225606601193795,-0.004089460137970114,0.02359343078611152,0.02359343078611152,0.0,False,False,0.5235987755982988,0.0
1.4350126262673297,0.0010132812677197082,0.5226470115929901,0.013453535891610236,0.5222630498873734,-0.03327624841202491,0.0639745608910878,0.0639745608910878,0.0,False,False,0.5235987755982988,0.0
1.4360259075350494,0.0009837297573861948,0.5226602582544593,0.013073034991593001,0.5200809942585221,-0.24529412519662724,0.3576730143519344,0.3576730143519344,0.0,False,False,0.5235987755982988,0.0
1.4370096372924357,0.0010127120358170228,0.5226870408684265,0.02722558077170162,0.5215985510352361,-0.06649909599517786,0.11580295732934208,0.11580295732934208,0.0,False,False,0.5235987755982988,0.0
1.4380223493282527,0.0010108968182654253,0.5227150444253245,0.027652043135151887,0.5236931624131836,0.14698269708814451,-0.17807819917370032,-0.17807819917370032,0.0,False,False,0.5235987755982988,0.0
1.439033246146518,0.000916185796654336,0.522728380645514,0.013192464303550868,0.5221483850457409,-0.020528138604742147,0.05074079627173299,0.05074079627173299,0.0,False,False,0.5235987755982988,0.0
1.4399494319431725,0.0010649871339236704,0.5227396410873157,0.01229056578139658,0.5230543166888358,0.08040545319435058,-0.08668628346288715,-0.08668628346288715,0.0,False,False,0.5235987755982988,0.0
1.4410144190770962,0.0010723859651998108,0.5227440341288229,0.004124971435995049,0.5215304321481938,-0.07072457105875445,0.122099667372395,0.122099667372395,0.0,False,False,0.5235987755982988,0.0
1.442086805042296,0.0010075839146370161,0.5227540562294192,0.00934560962336202,0.5240095636111023,0.16752691518021265,-0.20842648244671774,-0.20842648244671774,0.0,False,False,0.5235987755982988,0.0
1.443094388956933,0.0010518014124579573,0.522750198945657,-0.003828250636139837,0.5226245111015622,0.013311478433760737,0.001562986820746893,0.001562986820746893,0.0,False,False,0.5235987755982988,0.0
1.4441461903693908,0.001007216809909007,0.522747531031657,-0.002536518746197476,0.5230006390257784,0.047740686087273436,-0.04652236499936108,-0.04652236499936108,0.0,False,False,0.5235987755982988,0.0
1.4451534071793,0.0010399039862663438,0.5227433945526924,-0.004106840676205736,0.5247730203049266,0.2189348163520594,-0.28385818434177074,-0.28385818434177074,0.0,False,False,0.5235987755982988,0.0
1.4461933111655663,0.0010503834744640848,0.5227251073069071,-0.0175855136885249,0.5240484509401351,0.12736477088397827,-0.16093188121382668,-0.16093188121382668,0.0,False,False,0.5235987755982988,0.0
1.4472436946400304,0.000979959291245134,0.5227025095060591,-0.021513857936113084,0.522434980532815,-0.03897945485481406,0.06772365700448542,0.06772365700448542,0.0,False,False,0.5235987755982988,0.0
1.4482236539312756,0.0010240203822281001,0.5226893223778626,-0.013456812251634517,0.5221716401070987,-0.06195409765631105,0.10003335602917514,0.10003335602917514,0.0,False,False,0.5235987755982988,0.0
1.4492476743135037,0.0010697405970028714,0.5226845358681939,-0.0046742328099656436,0.5224004442524709,-0.033414977809993335,0.06166793759689454,0.06166793759689454,0.0,False,False,0.5235987755982988,0.0
1.4503174149105065,0.0010552565391065017,0.5226846616054164,0.00011753991844919848,0.5231296317697197,0.038091411468235206,-0.03726510484745846,-0.03726510484745846,0.0,False,False,0.5235987755982988,0.0
1.451372671449613,0.001077530756668224,0.5226826709921679,-0.0018863785010255945,0.522590845612406,-0.016775092257921627,0.03827285045557689,0.03827285045557689,0.0,False,False,0.5235987755982988,0.0
1.452450202206281,0.0010738323080846698,0.522683524125124,0.0007917481248966786,0.522338608541147,-0.038506387810836304,0.06889067240173627,0.06889067240173627,0.0,False,False,0.5235987755982988,0.0
1.4535240345143658,0.0010312951915933163,0.5226880688739622,0.004232270536093952,0.5239684260513823,0.1171200448222952,-0.14719776194225648,-0.14719776194225648,0.0,False,False,0.5235987755982988,0.0
1.4545553297059592,0.0009548040118658721,0.5226832572423353,-0.004665620150410445,0.5225835903098418,-0.028873177378107157,0.05292114804595477,0.05292114804595477,0.0,False,False,0.5235987755982988,0.0
1.4555101337178251,0.0010322741715158652,0.5226824851539174,-0.0008086354983432614,0.52468925520974,0.19454787018592046,-0.2530860772290453,-0.2530860772290453,0.0,False,False,0.5235987755982988,0.0
1.456542407889341,0.001047642509221772,0.5226684279292562,-0.01361772390423991,0.522747615754715,-0.013000304093710002,0.030921242096961475,0.030921242096961475,0.0,False,False,0.5235987755982988,0.0
1.4575900503985628,0.0010446353982943041,0.522659817237292,-0.00821911280639897,0.524217801446074,0.1286324904425335,-0.1655014537909934,-0.1655014537909934,0.0,False,False,0.5235987755982988,0.0
1.458634685796857,0.0009726773963855004,0.5226447857226979,-0.014389244916137148,0.5229566057430792,-0.004961465703361687,0.0175128162379866,0.0175128162379866,0.0,False,False,0.5235987755982988,0.0
1.4596073631932425,0.0010394171482529047,0.5226351725898122,-0.009883166732789496,0.523475514218317,0.048883147395137126,-0.05644107203449098,-0.05644107203449098,0.0,False,False,0.5235987755982988,0.0
1.4606467803414953,0.000974363326633291,0.5226248593884486,-0.009922100458863433,0.5219925169561824,-0.09868101838524164,0.14732987762038494,0.14732987762038494,0.0,False,False,0.5235987755982988,0.0
1.4616211436681286,0.0010382898598419342,0.5226248378470458,-2.210818305545606e-05,0.521879792374375,-0.10038196668707326,0.15140005805511686,0.15140005805511686,0.0,False,False,0.5235987755982988,0.0
1.4626594335279706,0.0010982537632414167,0.5226329829478511,0.007844727296539988,0.523034152073153,0.020835173687557315,-0.01483898497244334,-0.01483898497244334,0.0,False,False,0.5235987755982988,0.0
1.463757687291212,0.0009543862868449444,0.5226379642276126,0.004535636415002906,0.5235006396732268,0.061227049136672276,-0.0717060123127104,-0.0717060123127104,0.0,False,False,0.5235987755982988,0.0
1.4647120735780568,0.000981780717099857,0.522637792198551,-0.000180250977979338,0.5226729226238132,-0.031623332067268535,0.05461335202146419,0.05461335202146419,0.0,False,False,0.5235987755982988,0.0
1.4656938542951565,0.0010052813597451573,0.5226403001204074,0.0025544623282413026,0.5215177101617613,-0.1461260173245742,0.21281039864716442,0.21281039864716442,0.0,False,False,0.5235987755982988,0.0
1.4666991356549017,0.0010663533942182944,0.5226528406865434,0.01247468284814669,0.521465791328066,-0.1366780228129674,0.202407344239751,0.202407344239751,0.0,False,False,0.5235987755982988,0.0
1.46776548904912,0.0011655728430151806,0.5226738164733397,0.01967057723077562,0.5214284050186788,-0.1265162167229818,0.19088613050073808,0.19088613050073808,0.0,False,False,0.5235987755982988,0.0
1.4689310618921352,0.0010258858463595294,0.5227034526522805,0.02542627783276819,0.5211609113621879,-0.13681413939653114,0.20805852352583393,0.20805852352583393,0.0,False,False,0.5235987755982988,0.0
1.4699569477384946,0.0010069903165987977,0.5227349848661363,0.030736571683639333,0.5228305288663904,0.039616133017707,-0.03371091844689628,-0.03371091844689628,0.0,False,False,0.5235987755982988,0.0
1.4709639380550934,0.0009937950207920263,0.5227585561817165,0.023407688427268945,0.5237403422148842,0.12600428112841983,-0.15375333645264055,-0.15375333645264055,0.0,False,False,0.5235987755982988,0.0
1.4719577330758855,0.0009085246503998417,0.5227692484159584,0.010758993573322325,0.5227575409332792,0.01451009111871003,-0.002269885372098896,-0.002269885372098896,0.0,False,False,0.5235987755982988,0.0
1.4728662577262854,0.001001075498572135,0.5227764601942276,0.00793790049176392,0.5208038761954169,-0.2019779824253131,0.2926817681622501,0.2926817681622501,0.0,False,False,0.5235987755982988,0.0
1.4738673332248575,0.0010087530367791154,0.5227967717887235,0.020289772874110865,0.5226303018829507,0.0006661637838660528,0.016633130335627244,0.016633130335627244,0.0,False,False,0.5235987755982988,0.0
1.4748760862616366,0.0010698952905831378,0.5228133161986688,0.016400852678552492,0.5226712472731597,0.004658557759468788,0.01110524054114113,0.01110524054114113,0.0,False,False,0.5235987755982988,0.0
1.4759459815522198,0.0008973865912974221,0.5228267873173449,0.012591062690650605,0.5246558912828009,0.1896916033348347,-0.24665800632283877,-0.24665800632283877,0.0,False,False,0.5235987755982988,0.0
1.4768433681435171,0.0009968387400297368,0.5228254191732665,-0.0015245871641765898,0.5215538264614623,-0.17495520043810217,0.2467553249887797,0.2467553249887797,0.0,False,False,0.5235987755982988,0.0
1.4778402068835468,0.0010118097574217057,0.5228366189600054,0.011235304457102488,0.5224956884360478,-0.06297479163912989,0.09542531888747474,0.09542531888747474,0.0,False,False,0.5235987755982988,0.0
1.4788520166409684,0.0009384470977525824,0.5228496972514939,0.012925642782625237,0.5243383345429675,0.12543657735474342,-0.1638359538297288,-0.1638359538297288,0.0,False,False,0.5235987755982988,0.0
1.479790463738721,0.001062559545359026,0.5228515598666621,0.001984784408897742,0.5232442400476202,-0.0036927140267328934,0.010812896744295326,0.010812896744295326,0.0,False,False,0.5235987755982988,0.0
1.48085302328408,0.001008940907472147,0.5228536001927406,0.0019201992843196891,0.5233451835853602,0.00617659322625423,-0.002847255638609928,-0.002847255638609928,0.0,False,False,0.5235987755982988,0.0
1.481861964191552,0.0010305733242392371,0.522854800210091,0.0011893831853680987,0.5229547939949716,-0.0331340745270354,0.05135255829233275,0.05135255829233275,0.0,False,False,0.5235987755982988,0.0
1.4828925375157913,0.0009927061395864707,0.5228583694131758,0.003463317942305915,0.5231462994679383,-0.011238246157496499,0.021630465735484432,0.021630465735484432,0.0,False,False,0.5235987755982988,0.0
1.4838852436553778,0.0009835710573804176,0.5228618458410453,0.0035019707554258756,0.5235404381709576,0.029589040268561198,-0.034456774630132164,-0.034456774630132164,0.0,False,False,0.5235987755982988,0.0
1.4848688147127582,0.0009192338942338176,0.5228626039383893,0.0007707601177574593,0.522156193862663,-0.11410644785231627,0.16289420866422444,0.16289420866422444,0.0,False,False,0.5235987755982988,0.0
1.485788048606992,0.00103525983200078,0.5228699967597701,0.00804237248770725,0.5236362474211366,0.058313660112817745,-0.07065088494646085,-0.07065088494646085,0.0,False,False,0.5235987755982988,0.0
1.4868233084389928,0.0010520801095532948,0.5228720472378918,0.0019806410510479627,0.5216738760736684,-0.1370712157333408,0.1991336503233557,0.1991336503233557,0.0,False,False,0.5235987755982988,0.0
1.487875388548546,0.0010303369146821353,0.522884487486825,0.011824431257875093,0.5231710426010255,0.018941279144007325,-0.015030341021889788,-0.015030341021889788,0.0,False,False,0.5235987755982988,0.0
1.4889057254632283,0.0009595446372179649,0.5228924418208298,0.007720129106747049,0.5230484227367065,0.005146202853232043,0.0037309080847834743,0.0037309080847834743,0.0,False,False,0.5235987755982988,0.0
1.4898652701004462,0.0009676876907080138,0.5228979604755088,0.00575132668657396,0.522360143298197,-0.06709821631930216,0.10281324098499488,0.10281324098499488,0.0,False,False,0.5235987755982988,0.0
1.4908329577911543,0.0009369072928445707,0.5229067456515567,0.009078524127356652,0.522886949014249,-0.005948752526937488,0.01995138154522102,0.01995138154522102,0.0,False,False,0.5235987755982988,0.0
1.491769865083999,0.0009887308801492384,0.5229138561568791,0.00758933714864809,0.5223705873873851,-0.06046729466437101,0.0946681413936927,0.0946681413936927,0.0,False,False,0.5235987755982988,0.0
1.4927585959641483,0.0010703842501741257,0.5229238328612359,0.010090414446455557,0.5219885970236494,-0.0930549773928877,0.14064918721515446,0.14064918721515446,0.0,False,False,0.5235987755982988,0.0
1.4938289802143223,0.0010328311027502676,0.5229394433479235,0.01458400260009839,0.5226308562716862,-0.02374679856666629,0.04591870615902752,0.04591870615902752,0.0,False,False,0.5235987755982988,0.0
1.4948618113170726,0.0009650854649615166,0.5229529083372001,0.013036971137558084,0.5219894965076084,-0.08346937375682317,0.12913027214061534,0.12913027214061534,0.0,False,False,0.5235987755982988,0.0
1.495826896782034,0.0009263218390913204,0.5229682534574852,0.015900270848810464,0.523249947385761,0.05548266792461007,-0.06030029368385188,-0.06030029368385188,0.0,False,False,0.5235987755982988,0.0
1.4967532186211254,0.001012764073956902,0.5229769362022901,0.009373356471306117,0.5219732972746709,-0.0878848812397815,0.13472046731304027,0.13472046731304027,0.0,False,False,0.5235987755982988,0.0
1.4977659826950824,0.0010230626963357843,0.5229906097085981,0.013501176295241054,0.5236119268710852,0.08270136793747679,-0.09947836443512623,-0.09947836443512623,0.0,False,False,0.5235987755982988,0.0
1.498789045391418,0.0009884180592823462,0.5229954652697522,0.004746103216765206,0.5219644302808146,-0.08660450949770192,0.13334362711195769,0.13334362711195769,0.0,False,False,0.5235987755982988,0.0
1.4997774634507004,0.0009820694370506022,0.5230052859905658,0.0099357966210859,0.5225111004498563,-0.02263647246046608,0.046741919624525126,0.046741919624525126,0.0,False,False,0.5235987755982988,0.0
1.500759532887751,0.0009730512245719027,0.5230145998074641,0.009483867990291661,0.5224695305078375,-0.02460571755893685,0.04985327269902773,0.04985327269902773,0.0,False,False,0.5235987755982988,0.0
1.5017325841123228,0.0009883594712861484,0.5230236436929898,0.009294357067046103,0.5241800523675347,0.15364435186186884,-0.1948362040804891,-0.1948362040804891,0.0,False,False,0.5235987755982988,0.0
1.5027209435836089,0.0009511130787922741,0.523020733941968,-0.002944020982585208,0.5233089662938302,0.05014537666150855,-0.05495788451337461,-0.05495788451337461,0.0,False,False,0.5235987755982988,0.0
1.5036720566624011,0.0010116806096883443,0.5230162519501405,-0.004712364836046434,0.5228314793505321,-0.005072123611821654,0.019897880793987025,0.019897880793987025,0.0,False,False,0.5235987755982988,0.0
1.5046837372720894,0.0010206375572143751,0.5230139428400731,-0.002282449663700124,0.5234491576545917,0.05648976333186989,-0.065094593011515,-0.065094593011515,0.0,False,False,0.5235987755982988,0.0
1.5057043748293037,0.001012751815288758,0.5230089425500182,-0.004899182887765025,0.5211700703283316,-0.17245957169871226,0.25066818089786413,0.25066818089786413,0.0,False,False,0.5235987755982988,0.0
1.5067171266445925,0.0010060921113466687,0.5230183341203163,0.00927331865152191,0.5229806929624444,0.02356884794411465,-0.017157130087558578,-0.017157130087558578,0.0,False,False,0.5235987755982988,0.0
1.507723218755939,0.0010648569028628766,0.523024127885842,0.00575868298764964,0.5247672878487399,0.1987896288670229,-0.25958077514836764,-0.25958077514836764,0.0,False,False,0.5235987755982988,0.0
1.508788075658802,0.0009861789430031299,0.5230136101786768,-0.009877108498691462,0.5231291042931887,0.02506994323654524,-0.02162984839187233,-0.02162984839187233,0.0,False,False,0.5235987755982988,0.0
1.5097742546018051,0.0010008465006296075,0.5230055245127517,-0.008198984557872865,0.5230647899331252,0.01604137790188966,-0.009637911509142835,-0.009637911509142835,0.0,False,False,0.5235987755982988,0.0
1.5107751011024348,0.0010881406543823146,0.5229992032522195,-0.006315914106994421,0.5234775354996384,0.05567688737564315,-0.06462994307488394,-0.06462994307488394,0.0,False,False,0.5235987755982988,0.0
1.5118632417568172,0.0009289516270099392,0.5229907060960887,-0.007808876634300237,0.5237722691107867,0.07719518333695917,-0.09575710322913238,-0.09575710322913238,0.0,False,False,0.5235987755982988,0.0
1.512792193383827,0.000898717767068521,0.5229812720722955,-0.010155559793224106,0.521238153547803,-0.2033173943232316,0.2864720700968024,0.2864720700968024,0.0,False,False,0.5235987755982988,0.0
1.5136909111508956,0.0010251684187623574,0.5229860160154488,0.005278568341639509,0.5215179092054115,-0.15185734432895798,0.21968440826672084,0.21968440826672084,0.0,False,False,0.5235987755982988,0.0
1.514716079569658,0.0009888368367053397,0.5230013226467696,0.014930845547537881,0.5231848364176557,0.025928718180427135,-0.023663556564936017,-0.023663556564936017,0.0,False,False,0.5235987755982988,0.0
1.5157049164063632,0.0010954049541450582,0.5230111573535846,0.009945732652773308,0.5223873098660622,-0.05731715138097718,0.09058696483743191,0.09058696483743191,0.0,False,False,0.5235987755982988,0.0
1.5168003213605081,0.0010481280273860567,0.5230241274245448,0.011840434819251249,0.5241690854592989,0.11107364125118824,-0.1435539469994266,-0.1435539469994266,0.0,False,False,0.5235987755982988,0.0
1.517848449387894,0.0010377962158905226,0.5230250981198379,0.0009261228282474825,0.5227500565787648,-0.03542070265663537,0.057781785539574144,0.057781785539574144,0.0,False,False,0.5235987755982988,0.0
1.5188862456037846,0.0010405968491998755,0.5230288678441507,0.003632432124052952,0.5213406713031896,-0.16768422254393214,0.24186694436468412,0.24186694436468412,0.0,False,False,0.5235987755982988,0.0
1.5199268424529844,0.0009488237350327566,0.5230445599910393,0.015079948493637056,0.5219380091005374,-0.09351241704778414,0.14210869741704557,0.14210869741704557,0.0,False,False,0.5235987755982988,0.0
1.5208756661880172,0.0010049140045752755,0.5230617670160971,0.01813511237382394,0.5206622220208128,-0.21862103681354528,0.31520320857100254,0.31520320857100254,0.0,False,False,0.5235987755982988,0.0
1.5218805801925925,0.0011025161204302244,0.5230914734569366,0.029561177080120356,0.5228871603825073,0.024646913692963845,-0.01676722254730871,-0.01676722254730871,0.0,False,False,0.5235987755982988,0.0
1.5229830963130229,0.0009373981993242185,0.5231163303618174,0.022545615814696936,0.5229519341978544,0.028057312415031344,-0.022025629690037248,-0.022025629690037248,0.0,False,False,0.5235987755982988,0.0
1.523920494512347,0.0009978920736584357,0.5231321466106257,0.016872497535924666,0.5227617330187441,0.004961252127942101,0.009113263878454937,0.009113263878454937,0.0,False,False,0.5235987755982988,0.0
1.5249183865860054,0.0009478635119154538,0.5231452611127588,0.013142204933159705,0.5240867606858499,0.13724778969831647,-0.17348107921389957,-0.17348107921389957,0.0,False,False,0.5235987755982988,0.0
1.525866250097921,0.0010300465635565599,0.523146770353711,0.0015922555655253755,0.5241926762185951,0.13469714407297426,-0.17232678405290242,-0.17232678405290242,0.0,False,False,0.5235987755982988,0.0
1.5268962966614776,0.0010456691727849451,0.523138756047865,-0.00778052772529593,0.5229900640981227,0.004474249467680713,0.005587707641954065,0.005587707641954065,0.0,False,False,0.5235987755982988,0.0
1.5279419658342626,0.0009533009539345568,0.5231333905228379,-0.005131187919401555,0.5212705188718907,-0.16041765476427827,0.23440980679248025,0.23440980679248025,0.0,False,False,0.5235987755982988,0.0
1.5288952667881972,0.000999305103276561,0.5231405380216052,0.0074976309819457165,0.5236792178211804,0.10829342142125215,-0.13140006571737164,-0.13140006571737164,0.0,False,False,0.5235987755982988,0.0
1.5298945718914738,0.0010674427830531619,0.5231392930795697,-0.0012458077431524483,0.5236239363056748,0.09193208356286955,-0.11077139300821173,-0.11077139300821173,0.0,False,False,0.5235987755982988,0.0
1.530962014674527,0.0010040603260897036,0.5231320833988646,-0.006754161271789972,0.5234020784777224,0.06195482649926869,-0.07080524362874613,-0.07080524362874613,0.0,False,False,0.5235987755982988,0.0
1.5319660750006168,0.0009478591889243045,0.5231237284468878,-0.00832116533214107,0.5239802311052416,0.1133408070838133,-0.14287516762554628,-0.14287516762554628,0.0,False,False,0.5235987755982988,0.0
1.532913934189541,0.0010225135588652252,0.5231115746143191,-0.012822403064425999,0.5220950703391699,-0.09687943605246113,0.14332201792727367,0.14332201792727367,0.0,False,False,0.5235987755982988,0.0
1.5339364477484063,0.0010976886165160855,0.5231095580719398,-0.0019721424344956023,0.5248625278397449,0.18346090884184352,-0.24290063095624087,-0.24290063095624087,0.0,False,False,0.5235987755982988,0.0
1.5350341363649225,0.0009308847018246688,0.5230934795644437,-0.014647603386054012,0.5222562209030769,-0.07232109031840839,0.11095129289608482,0.11095129289608482,0.0,False,False,0.5235987755982988,0.0
1.535965021066747,0.000977606465146207,0.5230879493773283,-0.005940786334341395,0.5237417697228826,0.09449563933226739,-0.11596866144122817,-0.11596866144122817,0.0,False,False,0.5235987755982988,0.0
1.5369426275318931,0.000985246475622763,0.5230782776109266,-0.009893312643150989,0.5216057889662542,-0.13344478291467798,0.19600749887441662,0.19600749887441662,0.0,False,False,0.5235987755982988,0.0
1.537927874007516,0.0010251344073986947,0.523080748999782,0.0025083965448925265,0.522268939914387,-0.0527921777188555,0.08728765557303832,0.08728765557303832,0.0,False,False,0.5235987755982988,0.0
1.5389530084149146,0.00101452515464357,0.523087109729424,0.006204776267460013,0.5244103910073924,0.16138170572319616,-0.20826712423151983,-0.20826712423151983,0.0,False,False,0.5235987755982988,0.0
1.5399675335695582,0.001029008941630685,0.5230808043100047,-0.0062151434987692475,0.522853126263543,-0.008253372907212758,0.023325735514260593,0.023325735514260593,0.0,False,False,0.5235987755982988,0.0
1.540996542511189,0.00109271754991014,0.523077583228463,-0.003130275560694486,0.5238105539745378,0.08561563701453347,-0.1065507751897418,-0.1065507751897418,0.0,False,False,0.5235987755982988,0.0
1.5420892600610991,0.0009974529204819123,0.5230689286494552,-0.007920234289749093,0.52327571123513,0.028107962815282134,-0.027914396841298934,-0.027914396841298934,0.0,False,False,0.5235987755982988,0.0
1.543086712981581,0.0009578854265093896,0.5230619191831223,-0.007027365591895812,0.522970325913171,-0.005319348360137061,0.01769531236446421,0.01769531236446421,0.0,False,False,0.5235987755982988,0.0
1.5440445984080904,0.0010042345245994174,0.523057883890048,-0.004212709539704316,0.5242480678237715,0.12860452200794498,-0.16601268646804293,-0.16601268646804293,0.0,False,False,0.5235987755982988,0.0
1.54504883293269,0.0010751011496182247,0.5230465552720415,-0.011280848974043592,0.5228400314873377,-0.02446584151764518,0.043016403818474144,0.043016403818474144,0.0,False,False,0.5235987755982988,0.0
1.546123934082308,0.0009910668819316112,0.523040508992393,-0.005623917015318288,0.5214865218377572,-0.1479152858522343,0.21551891071242962,0.21551891071242962,0.0,False,False,0.5235987755982988,0.0
1.5471150009642396,0.0010335527077375466,0.5230471565168264,0.006707442812034877,0.5223461973023975,-0.04638133046280282,0.07820400588158692,0.07820400588158692,0.0,False,False,0.5235987755982988,0.0
1.5481485536719772,0.0010069796990309575,0.5230561649414153,0.008715979863867542,0.5235371704651954,0.0734878066611479,-0.0870764755975166,-0.0870764755975166,0.0,False,False,0.5235987755982988,0.0
1.549155533371008,0.0009906905014890415,0.5230579961810055,0.001818546681718567,0.5234031429873878,0.05282917695471568,-0.059873625349259996,-0.059873625349259996,0.0,False,False,0.5235987755982988,0.0
1.5501462238724972,0.0009794296522165832,0.5230563184745473,-0.0016934718317511994,0.5216888021726898,-0.1254987847904666,0.18497806340952297,0.18497806340952297,0.0,False,False,0.5235987755982988,0.0
1.5511256535247138,0.0010452281070843475,0.5230640248404782,0.007868217909796972,0.522431916746685,-0.037076731897110624,0.06549553760558165,0.06549553760558165,0.0,False,False,0.5235987755982988,0.0
1.552170881631798,0.0009744648675157559,0.5230733387175704,0.008910855945341042,0.5225656910739342,-0.020570481407137263,0.043280099127126964,0.043280099127126964,0.0,False,False,0.5235987755982988,0.0
1.553145346499314,0.0009897368496834004,0.5230816602351166,0.008539576770344191,0.5227627278484556,0.001706564507701843,0.01300098208793628,0.01300098208793628,0.0,False,False,0.5235987755982988,0.0
1.5541350833489973,0.0009153323450555896,0.5230883480748726,0.006757189810769064,0.5218876369576712,-0.0868806130682886,0.13505723121324426,0.13505723121324426,0.0,False,False,0.5235987755982988,0.0
1.555050415694053,0.000988520936098407,0.5230985316602802,0.011125560527389283,0.5225501744222257,-0.005810376245271365,0.02584727266364113,0.02584727266364113,0.0,False,False,0.5235987755982988,0.0
1.5560389366301515,0.0009901799306585497,0.5231077868157877,0.009362629732495922,0.5224719542191711,-0.01314219106505544,0.03605341410236465,0.03605341410236465,0.0,False,False,0.5235987755982988,0.0
1.5570291165608101,0.0010061354886406813,0.5231162193020081,0.008516115060838759,0.5237895090855826,0.12123419438279534,-0.14891423603046322,-0.14891423603046322,0.0,False,False,0.5235987755982988,0.0
1.5580352520494507,0.0009722015406251038,0.5231147752902238,-0.0014352060937106118,0.5238208668364654,0.11222742784433304,-0.13867055570019904,-0.13867055570019904,0.0,False,False,0.5235987755982988,0.0
1.5590074535900758,0.0009341436567507341,0.5231072382633439,-0.007752535420827223,0.5229799946344694,0.01451313296306174,-0.006277702206745055,-0.006277702206745055,0.0,False,False,0.5235987755982988,0.0
1.5599415972468265,0.0010162960218231872,0.5231016830644224,-0.005946835779865909,0.5227595638025828,-0.010535282373560308,0.02774815117116036,0.02774815117116036,0.0,False,False,0.5235987755982988,0.0
1.5609578932686496,0.001026626277701266,0.5230988871019512,-0.0027511299967848232,0.5232209940993847,0.03592138499781663,-0.036305595016926186,-0.036305595016926186,0.0,False,False,0.5235987755982988,0.0
1.5619845195463509,0.0009640105586749032,0.5230950255131661,-0.003761435752138748,0.5223824293024198,-0.049352356162916944,0.08111706072132174,0.08111706072132174,0.0,False,False,0.5235987755982988,0.0
1.5629485301050259,0.0010098740764754811,0.523096219079647,0.0012381259417607294,0.5220954192895808,-0.07418961735760976,0.11608795438605583,0.11608795438605583,0.0,False,False,0.5235987755982988,0.0
1.5639584041815013,0.0009747988126235544,0.5231030056438837,0.006720208385173237,0.5222825078542419,-0.048244725605499875,0.08158649011962421,0.08158649011962421,0.0,False,False,0.5235987755982988,0.0
1.564933202994125,0.0009887147446259745,0.5231115605145139,0.008776037187842914,0.5225575815221987,-0.015201746375206205,0.03698358902005013,0.03698358902005013,0.0,False,False,0.5235987755982988,0.0
1.565921917738751,0.001004467618268381,0.523119590535845,0.008121676524711704,0.5221042681074918,-0.05953032813287585,0.09833752859397774,0.09833752859397774,0.0,False,False,0.5235987755982988,0.0
1.5669263853570192,0.0009701460599225184,0.5231303450784492,0.010706709114972405,0.5232717687229481,0.06265349143977136,-0.06929806597141304,-0.06929806597141304,0.0,False,False,0.5235987755982988,0.0
1.5678965314169417,0.0009471338084543776,0.523134666765422,0.004454676621620669,0.5237714638209687,0.10789534504220567,-0.13258280205870526,-0.13258280205870526,0.0,False,False,0.5235987755982988,0.0
1.568843665225396,0.0010929547562570818,0.5231317438054015,-0.003086110953271896,0.5217467392603147,-0.11666805568670312,0.1733383209077583,0.1733383209077583,0.0,False,False,0.5235987755982988,0.0
1.5699366199816531,0.0009893230631223765,0.5231398358966155,0.007403866598967405,0.5231617648339907,0.024466650138139465,-0.021493786408220975,-0.021493786408220975,0.0,False,False,0.5235987755982988,0.0
1.5709259430447755,0.0010086810970279677,0.5231440000322721,0.004209075692099511,0.5229520698437526,0.0008241798252730699,0.010651687791503429,0.010651687791503429,0.0,False,False,0.5235987755982988,0.0
1.5719346241418035,0.001063018066846367,0.5231475042846195,0.0034740934054361345,0.5234455268339583,0.04966277282030756,-0.05683684962623953,-0.05683684962623953,0.0,False,False,0.5235987755982988,0.0
1.5729976422086498,0.0010533585605167083,0.5231468042812716,-0.0006585055981760228,0.5231355130760436,0.015532950008477861,-0.010300814609578771,-0.010300814609578771,0.0,False,False,0.5235987755982988,0.0
1.5740510007691666,0.0009495558872558727,0.5231457612077027,-0.0009902360013007597,0.5218772565357315,-0.10547221897674881,0.15755400589831078,0.15755400589831078,0.0,False,False,0.5235987755982988,0.0
1.5750005566564225,0.0009733312581681153,0.5231521951105651,0.006775696879666003,0.522050552625215,-0.07667477170430573,0.1198777395606747,0.1198777395606747,0.0,False,False,0.5235987755982988,0.0
1.5759738879145906,0.0011449827996981362,0.5231625875908258,0.010677228511290925,0.5231882645044091,0.04788116144105713,-0.05006819403925438,-0.05006819403925438,0.0,False,False,0.5235987755982988,0.0
1.5771188707142887,0.0010027838809342922,0.5231676337689745,0.0044072086934432335,0.5240654144855372,0.11970118136321732,-0.1520409176061522,-0.1520409176061522,0.0,False,False,0.5235987755982988,0.0
1.578121654595223,0.001039809229912731,0.5231630826643919,-0.004538470022416498,0.521230839670353,-0.17493949710792578,0.25255024323253566,0.25255024323253566,0.0,False,False,0.5235987755982988,0.0
1.5791614638251357,0.0010135262277932205,0.5231734834004995,0.010002542589908656,0.5234751867569594,0.05839664961767224,-0.06785138039709658,-0.06785138039709658,0.0,False,False,0.5235987755982988,0.0
1.580174990052929,0.0009874924105309933,0.5231772463380086,0.003712718433800325,0.5242153873803309,0.12558919665728607,-0.16180604806532098,-0.16180604806532098,0.0,False,False,0.5235987755982988,0.0
1.58116248246346,0.0010014366813040248,0.5231719351290439,-0.005378480794380668,0.5230383948600166,-0.006159755029189265,0.01747855932410744,0.01747855932410744,0.0,False,False,0.5235987755982988,0.0
1.582163919144764,0.0010123884757023117,0.5231690272088909,-0.00290374839192978,0.5236491694643085,0.05544605794369408,-0.06744235912060732,-0.06744235912060732,0.0,False,False,0.5235987755982988,0.0
1.5831763076204663,0.0010158837019282327,0.5231635298267018,-0.005430111386186506,0.5225499863101699,-0.05867180609288038,0.08928437449777672,0.08928437449777672,0.0,False,False,0.5235987755982988,0.0
1.5841921913223946,0.0008689483988068243,0.5231642841100662,0.0007424898765042006,0.5230601174504176,-0.0025891195866673683,0.012802790165863026,0.012802790165863026,0.0,False,False,0.5235987755982988,0.0
1.5850611397212016,0.0009729895556224162,0.5231652422912898,0.00110269059116106,0.5217507284020617,-0.15301683644897837,0.21688505327104188,0.21688505327104188,0.0,False,False,0.5235987755982988,0.0
1.5860341292768239,0.0009593094527697617,0.5231762645090099,0.011328197364900438,0.5211304390325596,-0.20146602925673635,0.2861892932913891,0.2861892932913891,0.0,False,False,0.5235987755982988,0.0
1.5869934387295936,0.0009060557273920752,0.5231974276458131,0.022060802947551326,0.5240201460111423,0.11990839647829385,-0.15147474320513585,-0.15147474320513585,0.0,False,False,0.5235987755982988,0.0
1.5878994944569857,0.0009530771890497954,0.5232071776383095,0.010760919225634881,0.5223476074080977,-0.07667799866132943,0.11453462581721514,0.11453462581721514,0.0,False,False,0.5235987755982988,0.0
1.5888525716460355,0.0008880757299247655,0.5232199176548374,0.013367245249787125,0.5228223946183462,-0.019193959806004704,0.037007609406352164,0.037007609406352164,0.0,False,False,0.5235987755982988,0.0
1.5897406473759603,0.0010875775146152297,0.5232304429027853,0.011851745964059805,0.5220205437923686,-0.10756538013287638,0.1574866286661952,0.1574866286661952,0.0,False,False,0.5235987755982988,0.0
1.5908282248905756,0.0009733526459125108,0.5232488166458082,0.016894191702220344,0.5220183859621992,-0.09700724914257683,0.14485571242088557,0.14485571242088557,0.0,False,False,0.5235987755982988,0.0
1.5918015775364882,0.0009730479190002608,0.523268145944637,0.019858474633994833,0.5231164439330998,0.02550541248462279,-0.021924525007964178,-0.021924525007964178,0.0,False,False,0.5235987755982988,0.0
1.5927746254554884,0.0010354500212472798,0.5232820464591802,0.014285539562579318,0.5226453702499237,-0.02545730600378464,0.047710063475292816,0.047710063475292816,0.0,False,False,0.5235987755982988,0.0
1.5938100754767357,0.0009861756485464287,0.5232953891337032,0.012885870152329218,0.523625231053306,0.07171981995858201,-0.08653998214042864,-0.08653998214042864,0.0,False,False,0.5235987755982988,0.0
1.5947962511252822,0.0010309152793648744,0.5233005251966598,0.005208061022581723,0.523695439466808,0.07166709847228911,-0.08774046779991164,-0.08774046779991164,0.0,False,False,0.5235987755982988,0.0
1.595827166404647,0.0009809828762865312,0.5232995856831403,-0.0009113392131164964,0.5235795798197515,0.05326186598643037,-0.06356871516986387,-0.06356871516986387,0.0,False,False,0.5235987755982988,0.0
1.5968081492809336,0.000993576058259431,0.5232958994072373,-0.0037577372573143705,0.5235041178772155,0.040243196230324386,-0.04658799649688982,-0.04658799649688982,0.0,False,False,0.5235987755982988,0.0
1.597801725339193,0.0009805181809607974,0.5232909810506605,-0.004950156091156253,0.5246678435511276,0.15334384799103662,-0.20325584074016226,-0.20325584074016226,0.0,False,False,0.5235987755982988,0.0
1.5987822435201537,0.0010417083586954038,0.5232777749894626,-0.013468451125542933,0.5223461236722822,-0.09877552702318126,0.14107836709611715,0.14107836709611715,0.0,False,False,0.5235987755982988,0.0
1.599823951878849,0.0009703975039208946,0.5232752812535373,-0.002393890674345065,0.5232273415390681,-0.004304444910235225,0.011851146958434505,0.011851146958434505,0.0,False,False,0.5235987755982988,0.0
1.6007943493827699,0.0008724357261204862,0.5232741983055215,-0.0011159839255453319,0.524262656644116,0.10281579431589899,-0.13532881200378766,-0.13532881200378766,0.0,False,False,0.5235987755982988,0.0
1.6016667851088904,0.0010011116740621727,0.5232683324058874,-0.006723589438652429,0.5243718515656619,0.10505031415405054,-0.13997574439739627,-0.13997574439739627,0.0,False,False,0.5235987755982988,0.0
1.6026678967829526,0.0010467946503242033,0.5232565626389865,-0.011756697285560069,0.5220158397956748,-0.14079427337972653,0.19744597250290438,0.19744597250290438,0.0,False,False,0.5235987755982988,0.0
1.603714691433277,0.0009617605175163199,0.5232585988212908,0.0019451592570170866,0.52298601727662,-0.03403406279121714,0.051870525139679706,0.051870525139679706,0.0,False,False,0.5235987755982988,0.0
1.6046764519507932,0.0009446373923419163,0.5232623232937246,0.0038725570097147047,0.5244475075319084,0.12132923669111159,-0.16087225883430617,-0.16087225883430617,0.0,False,False,0.5235987755982988,0.0
1.605621089343135,0.0009672676019119527,0.5232577660707126,-0.004824309358186082,0.5237011487330281,0.03018622884250935,-0.03806619103613812,-0.03806619103613812,0.0,False,False,0.5235987755982988,0.0
1.606588356945047,0.00088147124823584,0.5232526654094206,-0.005273267999334037,0.523423064549758,-0.0015818510400383325,0.005061020121781494,0.005061020121781494,0.0,False,False,0.5235987755982988,0.0
1.6074698281932829,0.0009459432394837713,0.5232494316550669,-0.0036685874441853084,0.5230594659234854,-0.04267272845511878,0.06091484829278401,0.06091484829278401,0.0,False,False,0.5235987755982988,0.0
1.6084157714327667,0.000959712200688654,0.5232496737735712,0.00025595457974528484,0.5229147442822811,-0.05370464430968678,0.07675813685994248,0.07675813685994248,0.0,False,False,0.5235987755982988,0.0
1.6093754836334553,0.0010328732526296283,0.5232533826478156,0.0038645692341619745,0.5235049012287126,0.013158937121151452,-0.014100985892830344,-0.014100985892830344,0.0,False,False,0.5235987755982988,0.0
1.610408356886085,0.0009742424845098648,0.5232553839197668,0.001937577477276597,0.5230351459483759,-0.0336373946931997,0.050510207330452896,0.050510207330452896,0.0,False,False,0.5235987755982988,0.0
1.6113825993705948,0.0010336916704775342,0.5232591113230455,0.0038259502515618294,0.5232219544666362,-0.01109890959016371,0.020101471878123195,0.020101471878123195,0.0,False,False,0.5235987755982988,0.0
1.6124162910410724,0.00092985392084735,0.5232629120782029,0.0036768750933936483,0.5233315023886786,0.0006087181187117534,0.0040804560307088995,0.0040804560307088995,0.0,False,False,0.5235987755982988,0.0
1.6133461449619197,0.0011218237110769882,0.523265551584887,0.0028386251054885415,0.5226738225480748,-0.07018152589438706,0.10086698597729643,0.10086698597729643,0.0,False,False,0.5235987755982988,0.0
1.6144679686729968,0.0009541223542198496,0.5232740041549017,0.007534668710629442,0.523738374635942,0.03173140181485622,-0.040590464855404275,-0.040590464855404275,0.0,False,False,0.5235987755982988,0.0
1.6154220910272166,0.000945631164672176,0.5232773525086666,0.0035093546966627294,0.5258205107248403,0.24678353218588528,-0.33613147090080836,-0.33613147090080836,0.0,False,False,0.5235987755982988,0.0
1.6163677221918888,0.0010635396801833077,0.5232646978713793,-0.013382212600521744,0.5217139844903699,-0.2121578178422473,0.2885156213534177,0.2885156213534177,0.0,False,False,0.5235987755982988,0.0
1.617431261872072,0.0009417970919428096,0.5232708092562719,0.005746268810171377,0.5235535635245125,-0.01797443847618102,0.022383143499570112,0.022383143499570112,0.0,False,False,0.5235987755982988,0.0
1.6183730589640148,0.0010115753107782005,0.5232757050390258,0.005198341336724086,0.5226123140396544,-0.11611884971716872,0.1570989277162027,0.1570989277162027,0.0,False,False,0.5235987755982988,0.0
1.619384634274793,0.0011391459977121781,0.523287419297032,0.01158021343686797,0.5237912981013927,0.012042346924812541,-0.01791622136546476,-0.01791622136546476,0.0,False,False,0.5235987755982988,0.0
1.6205237802725052,0.0009713099710547278,0.5232953244593389,0.006939551490938725,0.5233359535193879,-0.029134339316399097,0.03969200460007564,0.03969200460007564,0.0,False,False,0.5235987755982988,0.0
1.6214950902435599,0.0009010047989163587,0.5233020221653515,0.006895539232733742,0.5239668658768054,0.03873388517838382,-0.05310628722717928,-0.05310628722717928,0.0,False,False,0.5235987755982988,0.0
1.6223960950424763,0.0010000339813358364,0.5233044412421475,0.0026848656065794133,0.5243302642490937,0.0751930645586666,-0.10339847318470749,-0.10339847318470749,0.0,False,False,0.5235987755982988,0.0
1.6233961290238121,0.0009638898873377361,0.5233011444735125,-0.003296656610129535,0.5234690635762836,-0.01844338280271729,0.024466875759533834,0.024466875759533834,0.0,False,False,0.5235987755982988,0.0
1.6243600189111498,0.0009508975702480603,0.5233000263284874,-0.001160033982898905,0.5242879283153655,0.06835513435617986,-0.09443091013461662,-0.09443091013461662,0.0,False,False,0.5235987755982988,0.0
1.625310916481398,0.0010233261535881949,0.5232949725205343,-0.005314776387328242,0.5212491866758252,-0.25804599104620396,0.3519477898599697,0.3519477898599697,0.0,False,False,0.5235987755982988,0.0
1.626334242634986,0.0010484941918820474,0.523309615417532,0.014309120260821897,0.5246975468772592,0.1047342818787986,-0.14545902127584567,-0.14545902127584567,0.0,False,False,0.5235987755982988,0.0
1.627382736826868,0.0010182735080135267,0.5233125095370299,0.002760262784859557,0.5236398130095368,-0.006620379215466904,0.00720578165627711,0.00720578165627711,0.0,False,False,0.5235987755982988,0.0
1.6284010103348816,0.001015091602195232,0.5233148291593008,0.0022779953054602536,0.5242554249282257,0.05449809932289648,-0.07721740712616049,-0.07721740712616049,0.0,False,False,0.5235987755982988,0.0
1.6294161019370768,0.0009217520274110303,0.5233124527090192,-0.0023411190443153713,0.522247910298384,-0.14871855504986348,0.20277784145830247,0.20277784145830247,0.0,False,False,0.5235987755982988,0.0
1.6303378539644877,0.0009709437352584283,0.5233195110211784,0.007657495670539182,0.5225945275331575,-0.09624252570356402,0.1335674960168206,0.1335674960168206,0.0,False,False,0.5235987755982988,0.0
1.6313087976997462,0.0010378744970085405,0.523331147336682,0.011984541514673774,0.5234585025235605,0.002364739891030032,-0.00031277252394672477,-0.00031277252394672477,0.0,False,False,0.5235987755982988,0.0
1.6323466721967548,0.0009415018258565948,0.52334004985346,0.008577642868880835,0.5233251814901336,-0.01071731743316429,0.017785474866770516,0.017785474866770516,0.0,False,False,0.5235987755982988,0.0
1.6332881740226113,0.00101987017124075,0.5233467328287726,0.0070982074904577435,0.5235937567722599,0.0188806767931761,-0.022566473283111628,-0.022566473283111628,0.0,False,False,0.5235987755982988,0.0
1.634308044193852,0.00095120691118041,0.5233506425488805,0.0038335468750146646,0.5242970605661817,0.0859527389180455,-0.1157124161235474,-0.1157124161235474,0.0,False,False,0.5235987755982988,0.0
1.6352592511050323,0.0010422207653990715,0.5233480123598093,-0.0027651071920715997,0.5218075670335529,-0.18436198879264226,0.25347614071659696,0.25347614071659696,0.0,False,False,0.5235987755982988,0.0
1.6363014718704314,0.0009515711822291165,0.5233598044770189,0.011314413990892861,0.524209621933028,0.06454888294111388,-0.08845389355446202,-0.08845389355446202,0.0,False,False,0.5235987755982988,0.0
1.6372530430526606,0.0010358165055390218,0.5233637424743003,0.0041384158693456964,0.5233709698041563,-0.03003941507932926,0.040147802389760096,0.040147802389760096,0.0,False,False,0.5235987755982988,0.0
1.6382888595581997,0.001035712868958193,0.5233688517532342,0.004932610077733533,0.523191018531611,-0.04440836457892932,0.06062966469509613,0.06062966469509613,0.0,False,False,0.5235987755982988,0.0
1.639324572427158,0.0009989177190373533,0.5233756352871155,0.006549627879135563,0.5220918450613022,-0.14609476697772705,0.2024384700392108,0.2024384700392108,0.0,False,False,0.5235987755982988,0.0
1.6403234901461952,0.0009884289721465481,0.5233903582802506,0.014738944814441352,0.5238293510582981,0.042453560126089473,-0.055094630431294256,-0.055094630431294256,0.0,False,False,0.5235987755982988,0.0
1.6413119191183416,0.000934363323797873,0.5233985005452874,0.008237582331335218,0.5212917940203505,-0.21851808674349465,0.30374737249526274,0.30374737249526274,0.0,False,False,0.5235987755982988,0.0
1.6422462824421395,0.0009291332277069003,0.5234173845222451,0.020210528898869252,0.5239832150395615,0.0913823803768237,-0.11657876639491617,-0.11657876639491617,0.0,False,False,0.5235987755982988,0.0
1.6431754156698464,0.0011034593884869388,0.5234270933814756,0.010449372534549764,0.5221249854006144,-0.11775189520794056,0.16783049780784887,0.16783049780784887,0.0,False,False,0.5235987755982988,0.0
1.6442788750583333,0.000955116540848218,0.5234452868034831,0.016487622650486023,0.523491937632804,0.017902092794417457,-0.01955942797439416,-0.01955942797439416,0.0,False,False,0.5235987755982988,0.0
1.6452339915991814,0.0009004864533015914,0.5234563740907701,0.011608308319166039,0.5233523796619127,0.0015002665109051672,0.002634807041863422,0.002634807041863422,0.0,False,False,0.5235987755982988,0.0
1.646134478052483,0.0010116470657637556,0.5234643520193224,0.008859576424652243,0.5244849665892201,0.12712524992851207,-0.16850173775079685,-0.16850173775079685,0.0,False,False,0.5235987755982988,0.0
1.6471461251182467,0.0009707198944810745,0.523462100870831,-0.0022252310787059717,0.5233061948245811,-0.002107334730509114,0.007795255603530315,0.007795255603530315,0.0,False,False,0.5235987755982988,0.0
1.6481168450127277,0.001001650940271697,0.5234609429201543,-0.0011928782785181685,0.522855192752302,-0.04835717910728181,0.07141310615668145,0.07141310615668145,0.0,False,False,0.5235987755982988,0.0
1.6491184959529994,0.0009957048828888725,0.5234636939356334,0.002746481202634176,0.5230215996834245,-0.0269081955935245,0.04267900117996631,0.04267900117996631,0.0,False,False,0.5235987755982988,0.0
1.6501142008358882,0.0009357429781549094,0.5234677216016818,0.004045039968729998,0.5245785213670153,0.13214639302495257,-0.17621109546684027,-0.17621109546684027,0.0,False,False,0.5235987755982988,0.0
1.6510499438140431,0.0008943527280546788,0.5234627295846459,-0.005334816453184958,0.5239307369786795,0.049705010539934216,-0.06562131749477398,-0.06562131749477398,0.0,False,False,0.5235987755982988,0.0
1.6519442965420978,0.0009936779205213407,0.5234566016515627,-0.006851807895236109,0.5231200760079635,-0.04590768852907594,0.06370581886092666,0.06370581886092666,0.0,False,False,0.5235987755982988,0.0
1.6529379744626191,0.0010556542692960597,0.5234549191539507,-0.0016932021707338051,0.523248580727304,-0.02838468915291904,0.040365134661410285,0.040365134661410285,0.0,False,False,0.5235987755982988,0.0
1.6539936287319152,0.0009772746158315771,0.5234559531486094,0.0009794822876620628,0.5220883331389823,-0.13545413441632487,0.18973292556728738,0.18973292556728738,0.0,False,False,0.5235987755982988,0.0
1.6549709033477469,0.001007703727637391,0.5234656865833155,0.009959774405731436,0.5238046942765111,0.05371859091126552,-0.06816884530133986,-0.06816884530133986,0.0,False,False,0.5235987755982988,0.0
1.6559786070753844,0.0010342438949243332,0.5234694155284076,0.0037004379262704414,0.5219336866120277,-0.13732368034258208,0.1947600181639793,0.1947600181639793,0.0,False,False,0.5235987755982988,0.0
1.6570128509703086,0.0009664991284104733,0.5234824691087387,0.012621375282098812,0.524138535290423,0.08959328459535237,-0.11722761597265781,-0.11722761597265781,0.0,False,False,0.5235987755982988,0.0
1.657979350098719,0.0009570205246877407,0.5234860134105447,0.003667154684134503,0.5235982569244513,0.024733402261520675,-0.02967074658456912,-0.02967074658456912,0.0,False,False,0.5235987755982988,0.0
1.6589363706234068,0.0009675577214496929,0.5234871542945313,0.0011921207092000286,0.5255701626939797,0.22830640259549773,-0.3094526508368534,-0.3094526508368534,0.0,False,False,0.5235987755982988,0.0
1.6599039283448564,0.0010397716238674385,0.5234734838818169,-0.014128782615569805,0.5225134345002799,-0.11044628819763078,0.15207168560149792,0.15207168560149792,0.0,False,False,0.5235987755982988,0.0
1.660943699968724,0.0010209786766993618,0.5234710214918823,-0.0023682026687915202,0.5233814319166002,-0.01592203785368597,0.023018631694997377,0.023018631694997377,0.0,False,False,0.5235987755982988,0.0
1.6619646786454232,0.0010092791479240234,0.5234705503506569,-0.00046146039692018435,0.5250398524146183,0.1481045571551488,-0.20366485127992853,-0.20366485127992853,0.0,False,False,0.5235987755982988,0.0
1.6629739577933471,0.000933140984197242,0.5234598543797565,-0.010597633887907082,0.5244995379746183,0.07975941372600395,-0.11192501924495629,-0.11192501924495629,0.0,False,False,0.5235987755982988,0.0
1.6639070987775444,0.001090953648018342,0.5234476646647461,-0.013063101092830872,0.5228401050351394,-0.10604956333803255,0.1409155461425077,0.1409155461425077,0.0,False,False,0.5235987755982988,0.0
1.6649980524255628,0.0009995710525448787,0.5234459588394904,-0.0015636092869439847,0.5236414072916075,-0.02199490014238975,0.025626509691312038,0.025626509691312038,0.0,False,False,0.5235987755982988,0.0
1.6659976234781075,0.0009838034986306328,0.5234461501043504,0.0001913469376956438,0.5234478948719685,-0.03915495632011627,0.049701800658084806,0.049701800658084806,0.0,False,False,0.5235987755982988,0.0
1.6669814269767382,0.001030109123152972,0.5234486872957976,0.002578961602351335,0.5236947402073648,-0.010148542050398626,0.010450887497289924,0.010450887497289924,0.0,False,False,0.5235987755982988,0.0
1.6680115360998913,0.0010301116518542782,0.5234510709862807,0.0023140174468076835,0.5228413572849205,-0.09197762187753733,0.1240066758938538,0.1240066758938538,0.0,False,False,0.5235987755982988,0.0
1.6690416477517456,0.000990933512494008,0.5234592908485658,0.007979583834647426,0.5233813440927491,-0.030359638361687598,0.040345333133920774,0.040345333133920774,0.0,False,False,0.5235987755982988,0.0
1.6700325812642396,0.0010297015964480121,0.5234669142013701,0.007693102219515007,0.5220723504229754,-0.1594206975113649,0.21878049016945944,0.21878049016945944,0.0,False,False,0.5235987755982988,0.0
1.6710622828606876,0.0010942825863661714,0.523484068545702,0.016659529703576224,0.5236019860022899,0.0050727180462693255,-0.006145048927362884,-0.006145048927362884,0.0,False,False,0.5235987755982988,0.0
1.6721565654470538,0.0010259492536930054,0.523496950568613,0.01177211724973222,0.5238896676912757,0.03085497077305778,-0.04226202260125237,-0.04226202260125237,0.0,False,False,0.5235987755982988,0.0
1.6731825147007469,0.0009857519767195097,0.5235034142264694,0.006300173067123117,0.52330495334979,-0.029223047072787205,0.040356456960503474,0.040356456960503474,0.0,False,False,0.5235987755982988,0.0
1.6741682666774664,0.0009439345518060944,0.523509782732722,0.006460556410732204,0.5221003849513234,-0.14849866100172573,0.20516942484762868,0.20516942484762868,0.0,False,False,0.5235987755982988,0.0
1.6751122012292725,0.0009432557720749524,0.5235233292051866,0.014351071733420727,0.5243859859935682,0.10848674700351302,-0.144353883519065,-0.144353883519065,0.0,False,False,0.5235987755982988,0.0
1.6760554570013475,0.0009572238935658799,0.5235271078526778,0.004005962754685356,0.5238452159586243,0.04030791319325972,-0.05280542231777077,-0.05280542231777077,0.0,False,False,0.5235987755982988,0.0
1.6770126808949133,0.0009659848763145647,0.5235274218738095,0.0003280540047752036,0.522893854180106,-0.06311047019444294,0.08842114976080162,0.08842114976080162,0.0,False,False,0.5235987755982988,0.0
1.677978665771228,0.0009345970911110514,0.5235317711251383,0.004502401057645022,0.5232869010411437,-0.016110705300113284,0.024946588388927552,0.024946588388927552,0.0,False,False,0.5235987755982988,0.0
1.6789132628623389,0.0009821839557491417,0.5235358925509054,0.0044098422800025175,0.5222263114477814,-0.12798057788982348,0.17828104817710125,0.17828104817710125,0.0,False,False,0.5235987755982988,0.0
1.679895446818088,0.0009893115341491092,0.5235475501209622,0.01186902920634134,0.5226527109753112,-0.0717691121507453,0.1031520977946717,0.1031520977946717,0.0,False,False,0.5235987755982988,0.0
1.680884758352237,0.0009445330394162993,0.5235611674399315,0.01376443971315034,0.5230918385025057,-0.0202050173199217,0.03337088850818149,0.03337088850818149,0.0,False,False,0.5235987755982988,0.0
1.6818292913916533,0.0009107006869955905,0.5235724130774567,0.011906028752756617,0.5246444124661723,0.14619024938864014,-0.19424976288809137,-0.19424976288809137,0.0,False,False,0.5235987755982988,0.0
1.6827399920786488,0.0010425563450287081,0.523572505289922,0.00010125441502804519,0.5230144333024893,-0.047409552325558296,0.06740962411524101,0.06740962411524101,0.0,False,False,0.5235987755982988,0.0
1.6837825484236775,0.001033682751156597,0.5235762408526784,0.0035830799688773393,0.5241349326662548,0.06480754739630133,-0.0874198840987688,-0.0874198840987688,0.0,False,False,0.5235987755982988,0.0
1.684816231174834,0.0009805820069308266,0.5235741224751421,-0.002049349797000904,0.5231043529673037,-0.04137301347803642,0.05854722353155522,0.05854722353155522,0.0,False,False,0.5235987755982988,0.0
1.6857968131817649,0.0009986197223076907,0.5235755246796199,0.0014299716574684386,0.5237918997450776,0.03288048140729868,-0.04293281233077582,-0.04293281233077582,0.0,False,False,0.5235987755982988,0.0
1.6867954329040726,0.0010041678155489314,0.5235743791740703,-0.0011470888507044757,0.5234509883210744,-0.004545829416182902,0.00811516628945905,0.00811516628945905,0.0,False,False,0.5235987755982988,0.0
1.6877996007196217,0.001032552818369967,0.5235739876998166,-0.00038984943328314206,0.5243358733112109,0.08402997952318136,-0.11410373426023512,-0.11410373426023512,0.0,False,False,0.5235987755982988,0.0
1.6888321535379915,0.0010250071669846024,0.523567628827422,-0.0061583991457308815,0.5231009178909765,-0.043975173230669795,0.061731646608606194,0.061731646608606194,0.0,False,False,0.5235987755982988,0.0
1.6898571607049762,0.000990108777110523,0.5235664671617903,-0.0011333243991635015,0.522194177384632,-0.12803952579012323,0.17893019879415,0.17893019879415,0.0,False,False,0.5235987755982988,0.0
1.6908472694820866,0.000974630327811458,0.5235744528411113,0.008065456549332717,0.5223684748065092,-0.09763170726157415,0.1393034629661027,0.1393034629661027,0.0,False,False,0.5235987755982988,0.0
1.6918218998098982,0.0009588814185167786,0.5235867178503641,0.01258426800692734,0.5231225671760363,-0.010496393681983032,0.02116742401910429,0.02116742401910429,0.0,False,False,0.5235987755982988,0.0
1.692780781228415,0.0010238028076128749,0.523596635882439,0.010343335352282866,0.5225066254302791,-0.07368219926691988,0.10807734214465788,0.10807734214465788,0.0,False,False,0.5235987755982988,0.0
1.6938045840360278,0.001086880855230234,0.523609855734644,0.012912498487680491,0.5239678332498866,0.0764095811679179,-0.0983345351300817,-0.0983345351300817,0.0,False,False,0.5235987755982988,0.0
1.694891464891258,0.0010020365985098187,0.5236139899001598,0.0038036970620691293,0.5232075304987726,-0.0011840996834182466,0.008463331411574588,0.008463331411574588,0.0,False,False,0.5235987755982988,0.0
1.6958935014897678,0.001036995229922717,0.5236170788143476,0.0030826360956366415,0.5256893139512169,0.24660824316672744,-0.33355958215259796,-0.33355958215259796,0.0,False,False,0.5235987755982988,0.0
1.6969304967196905,0.0010542723773691257,0.5236013407356082,-0.015176616328901719,0.522084898678353,-0.12563520919468063,0.17801203559264236,0.17801203559264236,0.0,False,False,0.5235987755982988,0.0
1.6979847690970598,0.0009950734094437853,0.523599571563506,-0.001678097747939266,0.5237772750352454,0.04745384508986335,-0.06015760397287461,-0.06015760397287461,0.0,False,False,0.5235987755982988,0.0
1.6989798425065035,0.000905090566180843,0.5235954273781322,-0.004164703161051126,0.5226111026747323,-0.07448614530904803,0.10716148699505455,0.10716148699505455,0.0,False,False,0.5235987755982988,0.0
1.6998849330726844,0.0009647100032268347,0.5235970698286225,0.001814680819352257,0.523166495932451,-0.005674250851112866,0.01459013500659586,0.01459013500659586,0.0,False,False,0.5235987755982988,0.0
1.7008496430759112,0.001048406879811475,0.5235989873682328,0.0019876850078652205,0.5237223991400443,0.05251704106795034,-0.06524567303295839,-0.06524567303295839,0.0,False,False,0.5235987755982988,0.0
1.7018980499557228,0.000988517641852303,0.5235968234859985,-0.0020639717995183005,0.5215675541448392,-0.15826984567638167,0.22648580097393034,0.22648580097393034,0.0,False,False,0.5235987755982988,0.0
1.702886567597575,0.0010540949883826613,0.52360645991963,0.009748367882901529,0.5238131296942632,0.08472309469717901,-0.10552608736397356,-0.10552608736397356,0.0,False,False,0.5235987755982988,0.0
1.7039406625859577,0.0009552603616278,0.5236078152640348,0.0012857896297277169,0.5252684152929075,0.21431098043597585,-0.2872266910261267,-0.2872266910261267,0.0,False,False,0.5235987755982988,0.0
1.7048959229475855,0.0010256547980254486,0.5235955822863883,-0.012805909402229807,0.5231998827233296,-0.023661351041926765,0.03557369299975757,0.03557369299975757,0.0,False,False,0.5235987755982988,0.0
1.705921577745611,0.000960728143859035,0.5235879396548283,-0.007451465712152384,0.5238146647810186,0.038645229802148365,-0.05026028105153359,-0.05026028105153359,0.0,False,False,0.5235987755982988,0.0
1.70688230588947,0.0009633574607224105,0.5235804616811531,-0.0077836521423461464,0.5244748745871608,0.10350043886707926,-0.13997030844001082,-0.13997030844001082,0.0,False,False,0.5235987755982988,0.0
1.7078456633501924,0.001032191525231974,0.5235685610481559,-0.012353288869948385,0.5234254846283739,-0.015780090490719476,0.022055346047511765,0.022055346047511765,0.0,False,False,0.5235987755982988,0.0
1.7088778548754244,0.0010299700931305506,0.5235605503296356,-0.007760883832559718,0.5230535669239915,-0.05023393166428916,0.07009447413467831,0.07009447413467831,0.0,False,False,0.5235987755982988,0.0
1.709907824968555,0.0009294647310536126,0.5235586607083788,-0.001834637014651092,0.5215727060507568,-0.1889876134936711,0.26325438804816187,0.26325438804816187,0.0,False,False,0.5235987755982988,0.0
1.7108372896996087,0.0010354688700282906,0.5235688073089951,0.010916606383650471,0.5241281772354036,0.10485123963841761,-0.1353507170339875,-0.1353507170339875,0.0,False,False,0.5235987755982988,0.0
1.711872758569637,0.001003163256052186,0.5235696083849569,0.0007736359681292711,0.5234708503170061,0.030885026341632066,-0.03475937654669015,-0.03475937654669015,0.0,False,False,0.5235987755982988,0.0
1.712875921825689,0.001032924586700886,0.5235683989274662,-0.001205643730927645,0.5226846655530412,-0.050574046508479256,0.07714283662481289,0.07714283662481289,0.0,False,False,0.5235987755982988,0.0
1.71390884641239,0.0010369330215643728,0.5235716594820902,0.003156624080764312,0.5236821359529171,0.05105095007682351,-0.06276162647531781,-0.06276162647531781,0.0,False,False,0.5235987755982988,0.0
1.7149457794339542,0.0010103684277923497,0.5235705350963435,-0.0010843378725378444,0.5230611778960694,-0.013938249683438445,0.02640265826025509,0.02640265826025509,0.0,False,False,0.5235987755982988,0.0
1.7159561478617467,0.0010494369179495243,0.523571123350652,0.0005822176270660687,0.5231099845585749,-0.007713843991966744,0.01805485150538992,0.01805485150538992,0.0,False,False,0.5235987755982988,0.0
1.7170055847796961,0.0009777048259039102,0.5235725336853264,0.001343896569936642,0.5241016225303174,0.08754992530255576,-0.11411115513940225,-0.11411115513940225,0.0,False,False,0.5235987755982988,0.0
1.7179832896056,0.001045966689476124,0.5235680036869469,-0.004633298577941986,0.5224000447005278,-0.09524305749909776,0.1358688251587954,0.1358688251587954,0.0,False,False,0.5235987755982988,0.0
1.7190292562950762,0.0008907874124848229,0.5235721041062313,0.003920219760056556,0.524486059108654,0.11371536303805789,-0.1524295388320624,-0.1524295388320624,0.0,False,False,0.5235987755982988,0.0
1.719920043707561,0.0009918942417809645,0.5235686146466471,-0.003917275362666812,0.5223489033738479,-0.13757376806477842,0.18758622171785108,0.18758622171785108,0.0,False,False,0.5235987755982988,0.0
1.720911937949342,0.0009681919550338988,0.5235751140610442,0.006552527601579102,0.522996797984374,-0.05849747082956007,0.08103256204611804,0.08103256204611804,0.0,False,False,0.5235987755982988,0.0
1.721880129904376,0.001001982653115101,0.523583452099685,0.008611968522942664,0.5252615392209429,0.18126676240397954,-0.2474498600923685,-0.2474498600923685,0.0,False,False,0.5235987755982988,0.0
1.7228821125574911,0.0010702881597245795,0.523577180363174,-0.0062593264380137615,0.5245609829846088,0.0932230836929259,-0.12918743338509164,-0.12918743338509164,0.0,False,False,0.5235987755982988,0.0
1.7239524007172158,0.0010685786821997994,0.5235651939078017,-0.011199278683492339,0.5236503694594085,-0.0011803794034000586,0.00048776578410646967,0.00048776578410646967,0.0,False,False,0.5235987755982988,0.0
1.7250209793994156,0.001050637699901967,0.5235567856499699,-0.007868637070764094,0.5227360182012205,-0.08662939173451477,0.11948490322882724,0.11948490322882724,0.0,False,False,0.5235987755982988,0.0
1.7260716170993176,0.0010057651129132647,0.523557627016733,0.0008008153174252474,0.5230957497971561,-0.04372709526699568,0.061526978740963384,0.061526978740963384,0.0,False,False,0.5235987755982988,0.0
1.7270773822122307,0.000906618968888704,0.5235612982378599,0.0036501774417626374,0.5236252430128576,0.013291426776285635,-0.016426125593601272,-0.016426125593601272,0.0,False,False,0.5235987755982988,0.0
1.7279840011811194,0.001015662132040823,0.5235630302522898,0.0019104105355794113,0.5235957754498056,0.008712014242940368,-0.010400414418650968,-0.010400414418650968,0.0,False,False,0.5235987755982988,0.0
1.7289996633131601,0.0010115171321042685,0.5235638368386634,0.000794148317813664,0.5234845369928474,-0.0031114963645999943,0.005790090535646192,0.005790090535646192,0.0,False,False,0.5235987755982988,0.0
1.7300111804452645,0.0009749032662307092,0.5235646894587067,0.0008429121132313481,0.5235377830143348,0.002463629510870119,-0.0018584889016926786,-0.0018584889016926786,0.0,False,False,0.5235987755982988,0.0
1.7309860837114952,0.000974816745813822,0.5235651794950684,0.0005026512666772072,0.5233781019201345,-0.014161906608624767,0.020966414137308247,0.020966414137308247,0.0,False,False,0.5235987755982988,0.0
1.731960900457309,0.0010851011191208618,0.5235665204968079,0.001375644955979497,0.5223081566627747,-0.12250432052184208,0.1702363254656437,0.1702363254656437,0.0,False,False,0.5235987755982988,0.0
1.73304600157643,0.0010574466237094962,0.5235775437636444,0.010158746168688232,0.5231268031100131,-0.03480963421419729,0.05026706584617893,0.05026706584617893,0.0,False,False,0.5235987755982988,0.0
1.7341034482001394,0.0009773424370840488,0.5235879089281363,0.009802068737551248,0.5243860689861368,0.0877568554067586,-0.11947950746919442,-0.11947950746919442,0.0,False,False,0.5235987755982988,0.0
1.7350807906372234,0.0010424023487609368,0.5235891414525417,0.0012610978082594586,0.5223950445145301,-0.12473703534631232,0.17135160192341137,0.17135160192341137,0.0,False,False,0.5235987755982988,0.0
1.7361231929859844,0.0010241972938390459,0.5235993495481954,0.009792855576275645,0.5234339311586123,-0.012600601262673636,0.018087921429566483,0.018087921429566483,0.0,False,False,0.5235987755982988,0.0
1.7371473902798233,0.000995855991504573,0.5236074299685698,0.007889515450750562,0.5228920597129093,-0.06424748093819234,0.08981786306284195,0.08981786306284195,0.0,False,False,0.5235987755982988,0.0
1.738143246271328,0.0009639969991332241,0.5236174765884113,0.010088426366081694,0.5237146481692366,0.024778412636965765,-0.03181980144123957,-0.03181980144123957,0.0,False,False,0.5235987755982988,0.0
1.7391072432704613,0.0010051984100644235,0.5236230898156805,0.005822867990571206,0.5232839433860748,-0.022378487124748946,0.03252116436973179,0.03252116436973179,0.0,False,False,0.5235987755982988,0.0
1.7401124416805258,0.0009891014110860277,0.5236288455945438,0.005726012701244408,0.5249181147846396,0.14243138539943045,-0.19466576783345005,-0.19466576783345005,0.0,False,False,0.5235987755982988,0.0
1.741101543091612,0.0009059645353782727,0.5236233284037685,-0.00557798291814758,0.5240654056025563,0.0419777559506761,-0.05877264721744644,-0.05877264721744644,0.0,False,False,0.5235987755982988,0.0
1.74200750762699,0.0009972270248913447,0.5236172202532982,-0.006742151852345441,0.5224724560342533,-0.1380491504875665,0.18593273273789915,0.18593273273789915,0.0,False,False,0.5235987755982988,0.0
1.7430047346518813,0.0010831363949089933,0.5236217073263019,0.00449955014428172,0.5242074642680156,0.0497390392273888,-0.07064324312776807,-0.07064324312776807,0.0,False,False,0.5235987755982988,0.0
1.7440878710467904,0.0009394372890277434,0.5236208585077297,-0.0007836672982426745,0.5229448472353068,-0.07180532051637237,0.09793709515350375,0.09793709515350375,0.0,False,False,0.5235987755982988,0.0
1.745027308335818,0.0010273320743248628,0.5236246541297428,0.004040314406814012,0.5231211298071129,-0.04586009029221837,0.06362973259200862,0.06362973259200862,0.0,False,False,0.5235987755982988,0.0
1.746054640410143,0.0010402563723108478,0.5236308834590917,0.0060635986207126895,0.5239047422169043,0.035002366185252626,-0.04751023855720199,-0.04751023855720199,0.0,False,False,0.5235987755982988,0.0
1.7470948967824538,0.0009724321874095581,0.5236326839776234,0.0017308411461085726,0.5232035533994995,-0.03590325588139426,0.050197906636060205,0.050197906636060205,0.0,False,False,0.5235987755982988,0.0
1.7480673289698634,0.0010326632920868257,0.5236362441790315,0.0036611307752431083,0.5244154078660525,0.09230804402693435,-0.12546903365188666,-0.12546903365188666,0.0,False,False,0.5235987755982988,0.0
1.7490999922619501,0.0011030506439900327,0.5236321609576982,-0.003954068441005633,0.5229562734245365,-0.05822094078916963,0.08143016807472445,0.08143016807472445,0.0,False,False,0.5235987755982988,0.0
1.75020304290594,0.0010216117432003096,0.5236341973365514,0.0018461335971193347,0.523094064574722,-0.039907022247235274,0.056973225121065695,0.056973225121065695,0.0,False,False,0.5235987755982988,0.0
1.7512246546491403,0.0010080177872934142,0.5236384723804817,0.0041846072725215695,0.523065680720148,-0.0386946606947731,0.05602930064044186,0.05602930064044186,0.0,False,False,0.5235987755982988,0.0
1.7522326724364337,0.0010014508469715203,0.523644262799457,0.0057443619034733264,0.5231506498726742,-0.026395863953031444,0.039741299804880205,0.039741299804880205,0.0,False,False,0.5235987755982988,0.0
1.7532341232834052,0.001051770136716369,0.5236503029814191,0.006031431278367169,0.5246095285691404,0.12192023775782596,-0.16449783878454052,-0.16449783878454052,0.0,False,False,0.5235987755982988,0.0
1.7542858934201215,0.0010224635827453868,0.5236455783517701,-0.0044920743459898665,0.5241943066341619,0.07024982222290055,-0.09501934531301597,-0.09501934531301597,0.0,False,False,0.5235987755982988,0.0
1.755308357002867,0.001028993476308425,0.523637422966851,-0.00797621065104991,0.525129630567955,0.15470232140701237,-0.2131981751422267,-0.2131981751422267,0.0,False,False,0.5235987755982988,0.0
1.7563373504791753,0.0009693813987564291,0.52362036960847,-0.016572853738751628,0.5255992624895605,0.18487202114326154,-0.25785518941462343,-0.25785518941462343,0.0,False,False,0.5235987755982988,0.0
1.7573067318779316,0.000978774743141951,0.5235960837045384,-0.025052991487989566,0.5226966134113582,-0.13304831244294138,0.1758968942964607,0.1758968942964607,0.0,False,False,0.5235987755982988,0.0
1.7582855066210736,0.0010448119032198965,0.5235849641289241,-0.01136070959351184,0.5236464164103362,-0.022703482400863992,0.02638664426436464,0.02638664426436464,0.0,False,False,0.5235987755982988,0.0
1.7593303185242934,0.0011121937889000033,0.5235779501928226,-0.00671310891452489,0.5225515217834013,-0.12522660211043096,0.1691224912006733,0.1691224912006733,0.0,False,False,0.5235987755982988,0.0
1.7604425123131935,0.0010629022974177984,0.5235833788061043,0.004880995862267285,0.5229047896199926,-0.08094078694230156,0.10962069194027287,0.10962069194027287,0.0,False,False,0.5235987755982988,0.0
1.7615054146106113,0.0010401258058581502,0.5235931148026995,0.009159822703248229,0.5230432640845399,-0.059818750280185067,0.08178170758388187,0.08178170758388187,0.0,False,False,0.5235987755982988,0.0
1.7625455404164694,0.0009610579070230671,0.5236042452440968,0.010701053021207968,0.5226817035812358,-0.08859810329475468,0.12282502026084026,0.12282502026084026,0.0,False,False,0.5235987755982988,0.0
1.7635065983234925,0.001028561148424562,0.523617451064871,0.013740920997325505,0.5226995062512759,-0.07788588949301702,0.10964991563803245,0.10964991563803245,0.0,False,False,0.5235987755982988,0.0
1.7645351594719172,0.0009713812154465807,0.5236335427345611,0.015644835228992755,0.5235076308613424,0.008471155138702363,-0.008524780901228135,-0.008524780901228135,0.0,False,False,0.5235987755982988,0.0
1.7655065406873638,0.001064655509293695,0.5236445760278966,0.011358355669288025,0.5225827889043716,-0.08758492079815283,0.12338966544847331,0.12338966544847331,0.0,False,False,0.5235987755982988,0.0
1.7665711961966575,0.0009767672059195847,0.5236601158007739,0.014596057355256924,0.5243950102086119,0.09139025530958346,-0.12400052935713567,-0.12400052935713567,0.0,False,False,0.5235987755982988,0.0
1.767547963402577,0.0008945807108285734,0.5236648357500322,0.004832215117102776,0.5228639447025442,-0.07449702065288974,0.1026233809070515,0.1026233809070515,0.0,False,False,0.5235987755982988,0.0
1.7684425441134055,0.001130418698440329,0.523672111362327,0.008132985885810538,0.5261239228168295,0.2973667666731821,-0.40229276994137114,-0.40229276994137114,0.0,False,False,0.5235987755982988,0.0
1.769572962811846,0.0010210404890792437,0.5236526034427236,-0.017257251344485785,0.5232586961996418,0.014164129018052696,-0.010875525645837426,-0.010875525645837426,0.0,False,False,0.5235987755982988,0.0
1.770594003300925,0.000991099093954104,0.5236388525528871,-0.013467526492419165,0.5237016998014359,0.05613518277719729,-0.06921485498910396,-0.06921485498910396,0.0,False,False,0.5235987755982988,0.0
1.7715851023948792,0.0010251796483422989,0.5236256191443243,-0.01335225573669436,0.5224952207140435,-0.07120976424988854,0.1053157050164614,0.1053157050164614,0.0,False,False,0.5235987755982988,0.0
1.7726102820432215,0.0009168144282622201,0.5236212000646413,-0.004310541757390009,0.5251100459906646,0.19097141365775577,-0.25636856345189063,-0.25636856345189063,0.0,False,False,0.5235987755982988,0.0
1.7735270964714838,0.0009824287315335686,0.5236075585200355,-0.014879286565877451,0.5245845071629519,0.11455200384679409,-0.15520557277990857,-0.15520557277990857,0.0,False,False,0.5235987755982988,0.0
1.7745095252030174,0.0009524992728309569,0.5235891653802668,-0.0187221110075265,0.5238482733575553,0.02815662899802926,-0.038278914464252724,-0.038278914464252724,0.0,False,False,0.5235987755982988,0.0
1.7754620244758483,0.0009529250604273205,0.5235736565252617,-0.016282274902954214,0.5223983495827389,-0.1268821185984247,0.17386621059818816,0.17386621059818816,0.0,False,False,0.5235987755982988,0.0
1.7764149495362755,0.000961268701854772,0.5235697545040283,-0.004094782890437054,0.5237535960360878,0.028025718878275027,-0.03641763053413252,-0.03641763053413252,0.0,False,False,0.5235987755982988,0.0
1.7773762182381303,0.0010377764076072303,0.5235652704101935,-0.004664766288706616,0.5225866372058393,-0.09617462951022082,0.1336280464765361,0.1336280464765361,0.0,False,False,0.5235987755982988,0.0
1.7784139946457376,0.0010090559432190652,0.5235691256669063,0.003714920366756397,0.5248452713759802,0.1310845290492611,-0.17973835885737913,-0.17973835885737913,0.0,False,False,0.5235987755982988,0.0
1.7794230505889566,0.0009978328713426403,0.5235625867942071,-0.006480188480229003,0.5242687424122386,0.06084059543923368,-0.08506811717799728,-0.08506811717799728,0.0,False,False,0.5235987755982988,0.0
1.7804208834602993,0.0009682714582205138,0.5235537820994541,-0.008823817099834055,0.5236370683722815,-0.008548057298454335,0.009568398826456484,0.009568398826456484,0.0,False,False,0.5235987755982988,0.0
1.7813891549185197,0.0009770707075131698,0.523548052305813,-0.005917548836560661,0.5214219134488567,-0.2364674144976534,0.32294441608714236,0.32294441608714236,0.0,False,False,0.5235987755982988,0.0
1.7823662256260329,0.000975698980165905,0.5235593552644815,0.01156820952833599,0.5227011629272654,-0.08189366146398014,0.11442942183537715,0.11442942183537715,0.0,False,False,0.5235987755982988,0.0
1.7833419246061988,0.0010163487212675433,0.5235730662537915,0.014052478877902428,0.5241732510644745,0.07717094050144122,-0.10294568699289255,-0.10294568699289255,0.0,False,False,0.5235987755982988,0.0
1.7843582733274663,0.0010318344775219388,0.5235782173969751,0.0050682832336158435,0.5246366580901908,0.11504912453048764,-0.15674083429064048,-0.15674083429064048,0.0,False,False,0.5235987755982988,0.0
1.7853901078049883,0.0010040184791809121,0.5235734964335919,-0.004575310755802113,0.524541429692305,0.09431517389735367,-0.1301459823689356,-0.1301459823689356,0.0,False,False,0.5235987755982988,0.0
1.7863941262841692,0.000995599616894906,0.5235637214871305,-0.00973582325831852,0.5221744280559468,-0.1508691394258978,0.20668122307341316,0.20668122307341316,0.0,False,False,0.5235987755982988,0.0
1.787389725901064,0.001041136808233724,0.5235669966180407,0.0032896064388265884,0.5238301506490842,0.030521835410296544,-0.040790953406493226,-0.040790953406493226,0.0,False,False,0.5235987755982988,0.0
1.7884308627092977,0.0010467958972739514,0.5235671362823875,0.00013414600812329753,0.524453340488974,0.08732632343839249,-0.12017375615822362,-0.12017375615822362,0.0,False,False,0.5235987755982988,0.0
1.7894776586065717,0.0009817007240906688,0.5235606478102968,-0.00619841184671951,0.5221134770241801,-0.1449325446202887,0.20065442787848342,0.20065442787848342,0.0,False,False,0.5235987755982988,0.0
1.7904593593306624,0.0009887286080811199,0.5235659924524559,0.00544426832746912,0.5235590944615041,0.016817139611924298,-0.01946630707200355,-0.01946630707200355,0.0,False,False,0.5235987755982988,0.0
1.7914480879387435,0.001037018684931915,0.5235688442032067,0.0028842603798630156,0.5238078167773087,0.04029119779809072,-0.052112178579886766,-0.052112178579886766,0.0,False,False,0.5235987755982988,0.0
1.7924851066236756,0.001071637994544184,0.5235680966068815,-0.0007209092140943217,0.5233056299929331,-0.012163933168643719,0.019873340698956,0.019873340698956,0.0,False,False,0.5235987755982988,0.0
1.7935567446182197,0.0010475119187316495,0.5235687167617923,0.0005786981367809248,0.5219524006289624,-0.13722426490819467,0.1943038673378887,0.1943038673378887,0.0,False,False,0.5235987755982988,0.0
1.7946042565369513,0.0010320299118018014,0.5235797902690051,0.010571246985166743,0.5232955650495896,0.004722422959387004,-0.00020911767449903213,-0.00020911767449903213,0.0,False,False,0.5235987755982988,0.0
1.7956362864487532,0.0010200930529227533,0.5235875491314238,0.007518059631768531,0.5233019212605434,0.0048660747263149454,-0.0004959115919808731,-0.0004959115919808731,0.0,False,False,0.5235987755982988,0.0
1.796656379501676,0.000946222768642805,0.5235929188263287,0.005263926550172396,0.5234637012767935,0.020238806339130923,-0.021855229819862074,-0.021855229819862074,0.0,False,False,0.5235987755982988,0.0
1.7976026022703187,0.0009564574014284581,0.5235955203018597,0.00274932670951337,0.5231037987211311,-0.019820785079743167,0.03269452588471054,0.03269452588471054,0.0,False,False,0.5235987755982988,0.0
1.7985590596717471,0.0010105034493942521,0.5235988855035484,0.0035184020570481543,0.5232122844685277,-0.006496251880675045,0.014752342592689342,0.014752342592689342,0.0,False,False,0.5235987755982988,0.0
1.7995695631211415,0.0009847423542956345,0.5236021128561459,0.003193806611397684,0.5235674625881118,0.029302003408258358,-0.03459876990654411,-0.03459876990654411,0.0,False,False,0.5235987755982988,0.0
1.8005543054754372,0.0010238183651879126,0.5236026466838851,0.0005420988920463101,0.5239887611662517,0.06915442293770606,-0.09000504774839926,-0.09000504774839926,0.0,False,False,0.5235987755982988,0.0
1.801578123840625,0.0010208618089847198,0.5235983118116689,-0.004234024670363596,0.5233326493445171,-0.0018458066624747124,0.007005240563041174,0.007005240563041174,0.0,False,False,0.5235987755982988,0.0
1.8025989856496096,0.0010455335223975703,0.523595676466622,-0.002581490485608291,0.5232381903377575,-0.010914095084695846,0.019587448791378047,0.019587448791378047,0.0,False,False,0.5235987755982988,0.0
1.8036445191720072,0.0009540333816405051,0.5235949012201735,-0.000741484067103799,0.5236754953224262,0.032003327201044,-0.039784947675545496,-0.039784947675545496,0.0,False,False,0.5235987755982988,0.0
1.8045985525536477,0.0010110557354653003,0.5235925883189935,-0.00242433988630285,0.5219162729409501,-0.15559541498047905,0.21699954580885156,0.21699954580885156,0.0,False,False,0.5235987755982988,0.0
1.8056096082891129,0.0009188550855035651,0.5236019781540832,0.009287158719639678,0.5240182698349718,0.06786531537283208,-0.08898927470751213,-0.08898927470751213,0.0,False,False,0.5235987755982988,0.0
1.8065284633746164,0.0009829522055232155,0.5236045270183477,0.0027739567476664038,0.5236040356234075,0.015997223304459865,-0.019291348417308434,-0.019291348417308434,0.0,False,False,0.5235987755982988,0.0
1.8075114155801395,0.0010506780046429312,0.5236055120658133,0.0010021315990976051,0.5236401512023561,0.01807169578690766,-0.02243079581731985,-0.02243079581731985,0.0,False,False,0.5235987755982988,0.0
1.8085620935847824,0.000953304305733654,0.5236049908575914,-0.0004960684621007675,0.5244433897028109,0.09271406611533672,-0.12645993321962162,-0.12645993321962162,0.0,False,False,0.5235987755982988,0.0
1.809515397890516,0.000991458481738334,0.5235989087049915,-0.006380074613464419,0.5218947556708204,-0.18390471495592467,0.2513580166417203,0.2513580166417203,0.0,False,False,0.5235987755982988,0.0
1.8105068563722544,0.0009428792782021064,0.5236067824703577,0.007941598676351285,0.5218842874745367,-0.16657008154901778,0.2307448840865386,0.2307448840865386,0.0,False,False,0.5235987755982988,0.0
1.8114497356504564,0.0010125013774184002,0.5236224857002101,0.016654549755617074,0.5238614246304859,0.05977836872975684,-0.07646172505507583,-0.07646172505507583,0.0,False,False,0.5235987755982988,0.0
1.812462237027875,0.0011029602115927685,0.5236311663207737,0.00857344074503124,0.5236249556930547,0.030445606845798542,-0.03700596992056367,-0.03700596992056367,0.0,False,False,0.5235987755982988,0.0
1.8135651972394677,0.0009360709551622278,0.5236353794513581,0.0038198391384268848,0.523783886849842,0.04181055568992816,-0.053504669355691224,-0.053504669355691224,0.0,False,False,0.5235987755982988,0.0
1.81450126819463,0.0009813440020567485,0.5236356055047588,0.00024149173679283457,0.5232323235535403,-0.021293735693607423,0.032148619637981754,0.032148619637981754,0.0,False,False,0.5235987755982988,0.0
1.8154826121966867,0.001032142987774366,0.5236373198087654,0.0017468940584535843,0.5242170777594258,0.08118314128145115,-0.10854920843802766,-0.10854920843802766,0.0,False,False,0.5235987755982988,0.0
1.8165147551844611,0.0010548516591752577,0.5236327765472601,-0.004401775295755859,0.5244466574743695,0.0953078417029362,-0.12963128381279523,-0.12963128381279523,0.0,False,False,0.5235987755982988,0.0
1.8175696068436364,0.0010216683403050752,0.5236223869028436,-0.009849389083475709,0.524044741130384,0.047675364229179035,-0.06523781665254846,-0.06523781665254846,0.0,False,False,0.5235987755982988,0.0
1.8185912751839415,0.0010430473266419128,0.5236118173801818,-0.010345355968069698,0.5233842016110788,-0.021745200309299835,0.029956572141120227,0.029956572141120227,0.0,False,False,0.5235987755982988,0.0
1.8196343225105833,0.0009578219336667867,0.5236058057571777,-0.005763518922394727,0.5217664997860171,-0.174664488942824,0.24257835135246003,0.24257835135246003,0.0,False,False,0.5235987755982988,0.0
1.82059214444425,0.0010094455419462475,0.5236129776043417,0.007487662280295725,0.5242842628321319,0.10566533336327838,-0.13913717024492991,-0.13913717024492991,0.0,False,False,0.5235987755982988,0.0
1.8216015899861964,0.000987638816502851,0.523611228903909,-0.001732337565489541,0.5246773882934838,0.13404349243639738,-0.18026721943700583,-0.18026721943700583,0.0,False,False,0.5235987755982988,0.0
1.8225892288026992,0.0009534547242976635,0.523601238501076,-0.010115441663586248,0.5241637218266033,0.06862959696012796,-0.0925245484616345,-0.0925245484616345,0.0,False,False,0.5235987755982988,0.0
1.823542683526997,0.0009939128183342864,0.5235899703678357,-0.011818215331148792,0.5228223375379458,-0.07892009431043148,0.1086799982588716,0.1086799982588716,0.0,False,False,0.5235987755982988,0.0
1.8245365963453313,0.0009612120973768118,0.5235867835022233,-0.0032063834510036963,0.5241747800347724,0.06504446312267007,-0.08842143560372785,-0.08842143560372785,0.0,False,False,0.5235987755982988,0.0
1.825497808442708,0.0009479249975011904,0.5235805097866242,-0.00652687956829982,0.5243314636223818,0.07484064265947923,-0.10299715562486898,-0.10299715562486898,0.0,False,False,0.5235987755982988,0.0
1.8264457334402093,0.0010089765384705472,0.5235714183199275,-0.009590913543488361,0.5249317421178114,0.13068210488686408,-0.18081192321546252,-0.18081192321546252,0.0,False,False,0.5235987755982988,0.0
1.82745470997868,0.0010954933963451359,0.523555300260666,-0.015974662092674737,0.5227907501213072,-0.09458053380424682,0.12804109915094603,0.12804109915094603,0.0,False,False,0.5235987755982988,0.0
1.8285502033750252,0.000935153016992556,0.5235503363340975,-0.004531224546836087,0.523352717428771,-0.033824379555418504,0.04501830251800314,0.04501830251800314,0.0,False,False,0.5235987755982988,0.0
1.8294853563920177,0.0009405956529806308,0.5235492520976318,-0.0011594214486888026,0.5242013699826611,0.06030818575568327,-0.0832165218253409,-0.0832165218253409,0.0,False,False,0.5235987755982988,0.0
1.8304259520449984,0.0010128030420199939,0.5235447918718997,-0.004741916165551002,0.5235948916104198,-0.010200750523215327,0.012310812409680088,0.012310812409680088,0.0,False,False,0.5235987755982988,0.0
1.8314387550870184,0.0009212965461611601,0.523542072596768,-0.002684900241139613,0.5225670203228077,-0.11066845196513918,0.15137373731700776,0.15137373731700776,0.0,False,False,0.5235987755982988,0.0
1.8323600516331795,0.0009611507783746975,0.5235467119237653,0.005035650048518491,0.5239085328890705,0.0460097679676191,-0.06078735279503263,-0.06078735279503263,0.0,False,False,0.5235987755982988,0.0
1.8333212024115542,0.0010253021952821943,0.523547358699565,0.0006729181458923787,0.5240523362378172,0.05637037180755215,-0.07580853768039382,-0.07580853768039382,0.0,False,False,0.5235987755982988,0.0
1.8343465046068363,0.0009683646428511681,0.5235438490082256,-0.003423079903218284,0.5236206111162539,0.008626224786416177,-0.010744509066891091,-0.010744509066891091,0.0,False,False,0.5235987755982988,0.0
1.8353148692496875,0.000998410597846867,0.5235409969692427,-0.002945211810397578,0.5237326209675949,0.01933051072061935,-0.02560582951207229,-0.02560582951207229,0.0,False,False,0.5235987755982988,0.0
1.8363132798475343,0.0010814038371857243,0.5235376664023113,-0.003335868968802753,0.5233119029133734,-0.02474132124267177,0.0348532938198641,0.0348532938198641,0.0,False,False,0.5235987755982988,0.0
1.8373946836847201,0.0010299832178795364,0.5235372721073558,-0.0003646139785274151,0.524827313841912,0.1178664849475504,-0.16355347032209683,-0.16355347032209683,0.0,False,False,0.5235987755982988,0.0
1.8384246669025996,0.0009296551889130323,0.5235283387262338,-0.008673326872567826,0.5227423365185956,-0.0963484446223836,0.13103403698151844,0.13103403698151844,0.0,False,False,0.5235987755982988,0.0
1.8393543220915127,0.0009697749062926781,0.5235280855526294,-0.00027233065274209073,0.5230155514988518,-0.05732474894793628,0.07928773252756953,0.07928773252756953,0.0,False,False,0.5235987755982988,0.0
1.8403240969978054,0.0010868212455699801,0.523531627668419,0.003652513347764658,0.5235412143374729,0.002612349639445878,-0.0020987168724688502,-0.0020987168724688502,0.0,False,False,0.5235987755982988,0.0
1.8414109182433753,0.0009950555465967129,0.5235341760087077,0.002344764881160013,0.52430120809656,0.0722792433521273,-0.0993788769912541,-0.0993788769912541,0.0,False,False,0.5235987755982988,0.0
1.842405973789972,0.0009332806208609313,0.5235308866486443,-0.003305704967490995,0.5222241820511856,-0.14368336443651156,0.19716272117185188,0.19716272117185188,0.0,False,False,0.5235987755982988,0.0
1.843339254410833,0.0010249384464343758,0.523537255589666,0.006824250797996669,0.5223938059665867,-0.11114001057477436,0.15505746606054752,0.15505746606054752,0.0,False,False,0.5235987755982988,0.0
1.8443641928572674,0.0010259983670549847,0.5235502948274449,0.012721971572233402,0.5217720412413588,-0.16068962569746256,0.2257087692618756,0.2257087692618756,0.0,False,False,0.5235987755982988,0.0
1.8453901912243225,0.0010921104019097892,0.5235716227428685,0.020787475017924814,0.523600154709386,0.03355832104305251,-0.040294809251232945,-0.040294809251232945,0.0,False,False,0.5235987755982988,0.0
1.8464823016262322,0.0010222618158760846,0.5235862578200375,0.013400730497065763,0.5226103518923145,-0.06042963170955194,0.0903071847591795,0.0903071847591795,0.0,False,False,0.5235987755982988,0.0
1.8475045634421083,0.0010418082704642723,0.5236009514542668,0.014373650664683494,0.5232653681763308,0.009688529599853293,-0.005624901924400521,-0.005624901924400521,0.0,False,False,0.5235987755982988,0.0
1.8485463717125725,0.0010657891464459742,0.5236115462764453,0.010169646833298567,0.5241887076271698,0.09734821578820112,-0.12743663546551992,-0.12743663546551992,0.0,False,False,0.5235987755982988,0.0
1.8496121608590186,0.0009208171152700333,0.5236119061454892,0.00033765500903902915,0.5230520545069961,-0.019035573268293055,0.032683667565400545,0.032683667565400545,0.0,False,False,0.5235987755982988,0.0
1.8505329779742885,0.0009939581218352182,0.5236135156681219,0.0017479286667953903,0.5238153473079991,0.06576096990178029,-0.0828114546567407,-0.0828114546567407,0.0,False,False,0.5235987755982988,0.0
1.8515269360961237,0.0009879525623168416,0.5236106386920346,-0.0028944640866420362,0.5233494170887197,0.012308630437820899,-0.010281903352961665,-0.010281903352961665,0.0,False,False,0.5235987755982988,0.0
1.8525148886584406,0.0009951118380132915,0.5236081302913518,-0.00253898899454065,0.5241946606787627,0.09663284587481466,-0.12668534649812835,-0.12668534649812835,0.0,False,False,0.5235987755982988,0.0
1.853510000496454,0.0009907205341170976,0.5236000915197163,-0.00807825947632457,0.5240147189769093,0.06888700061629614,-0.09015138155454448,-0.09015138155454448,0.0,False,False,0.5235987755982988,0.0
1.854500721030571,0.0009777829195208654,0.52358995290623,-0.010233575601983862,0.522986126846043,-0.041824331100285536,0.06121687486094816,0.06121687486094816,0.0,False,False,0.5235987755982988,0.0
1.8554785039500918,0.0010457324831054562,0.5235856154456011,-0.004436015952322586,0.5234384390262962,0.008617059005520164,-0.007454412510576486,-0.007454412510576486,0.0,False,False,0.5235987755982988,0.0
1.8565242364331973,0.0009756776393070055,0.5235820202783524,-0.0034379416407094372,0.5244928582201612,0.10858603503365902,-0.14639672923391425,-0.14639672923391425,0.0,False,False,0.5235987755982988,0.0
1.8574999140725044,0.001066669628325472,0.5235726832149997,-0.009569824065383467,0.5239159692943559,0.038600430709093025,-0.05203000337993933,-0.05203000337993933,0.0,False,False,0.5235987755982988,0.0
1.8585665837008298,0.0009512205799606626,0.5235625971011078,-0.009455705519451716,0.5223435177294481,-0.11267653726070505,0.15780648635215908,0.15780648635215908,0.0,False,False,0.5235987755982988,0.0
1.8595178042807905,0.000968961956020759,0.5235631673433879,0.0005994848010988651,0.5241353020335371,0.08695797288505024,-0.11400704329634917,-0.11400704329634917,0.0,False,False,0.5235987755982988,0.0
1.8604867662368112,0.0008885931967308362,0.5235582251778205,-0.0051004743135089166,0.5226117238546396,-0.07897600794931489,0.11253814092504358,0.11253814092504358,0.0,False,False,0.5235987755982988,0.0
1.861375359433542,0.0009240635150531198,0.5235593347026241,0.001248630765655732,0.5247919848925376,0.17428257984386133,-0.2306168631089325,-0.2306168631089325,0.0,False,False,0.5235987755982988,0.0
1.8622994229485952,0.0010956873740741902,0.5235503186969949,-0.009756911167185816,0.5244440135280488,0.11919767176775209,-0.15825148885680246,-0.15825148885680246,0.0,False,False,0.5235987755982988,0.0
1.8633951103226694,0.0009388304949092007,0.5235334352128191,-0.015409034159978966,0.5237864080132435,0.0472602818305646,-0.06008972166568181,-0.06008972166568181,0.0,False,False,0.5235987755982988,0.0
1.8643339408175785,0.0010047174700511018,0.5235197975265988,-0.014526249726956306,0.5236570090671105,0.02875126014286411,-0.03554971461004808,-0.03554971461004808,0.0,False,False,0.5235987755982988,0.0
1.8653386582876297,0.0010339334988402873,0.5235072271599635,-0.012511344741292316,0.5233248121044359,-0.007187585033956348,0.013556444930279516,0.013556444930279516,0.0,False,False,0.5235987755982988,0.0
1.86637259178647,0.0010207980730349321,0.5234986291480267,-0.008315826836480078,0.5240907529983053,0.06761145955442503,-0.08998934466542712,-0.08998934466542712,0.0,False,False,0.5235987755982988,0.0
1.867393389859505,0.00107020968304872,0.5234879459282799,-0.010465556341747489,0.5231643809356983,-0.02989947199307337,0.04369847031849767,0.04369847031849767,0.0,False,False,0.5235987755982988,0.0
1.8684635995425538,0.0011187488971551801,0.5234825961915318,-0.004998774383014871,0.52368816968459,0.02203310366382483,-0.0280488179498307,-0.0280488179498307,0.0,False,False,0.5235987755982988,0.0
1.869582348439709,0.000988714311794098,0.5234771123575528,-0.004901755874723662,0.5242380186354055,0.06897835131736485,-0.09428039624875874,-0.09428039624875874,0.0,False,False,0.5235987755982988,0.0
1.870571062751503,0.0009845360383396065,0.5234690862843889,-0.008117686846601909,0.5229788175872004,-0.065276904778591,0.08949152993407995,0.08949152993407995,0.0,False,False,0.5235987755982988,0.0
1.8715555987898427,0.0010525615842861787,0.5234677018097801,-0.0014062203463117073,0.5229299722027939,-0.06371047346285486,0.08849102927451406,0.08849102927451406,0.0,False,False,0.5235987755982988,0.0
1.872608160374129,0.0009665133454501744,0.52347159641696,0.003700122860299254,0.5224293159114196,-0.10490493666233325,0.14693619835862556,0.14693619835862556,0.0,False,False,0.5235987755982988,0.0
1.873574673719579,0.0009163730477195278,0.5234809965493783,0.009725817509510338,0.5225520688384959,-0.08171384991539771,0.11689734157492937,0.11689734157492937,0.0,False,False,0.5235987755982988,0.0
1.8744910467672986,0.0010156015791731234,0.523492510840415,0.012565069504613051,0.521896934929781,-0.14503451833434647,0.20467455403453727,0.20467455403453727,0.0,False,False,0.5235987755982988,0.0
1.8755066483464717,0.0009659810754076443,0.5235123294909843,0.019514198260074316,0.5241492252581924,0.09123801840393944,-0.119393715962812,-0.119393715962812,0.0,False,False,0.5235987755982988,0.0
1.8764726294218794,0.0009759630744207262,0.5235213307996885,0.009318307504577798,0.525099906532016,0.18053035514290594,-0.2436567829783963,-0.2436567829783963,0.0,False,False,0.5235987755982988,0.0
1.8774485924963003,0.0009673488439285216,0.5235162999943663,-0.005154708670957518,0.5247601341437428,0.12766325778771262,-0.1741003631632466,-0.1741003631632466,0.0,False,False,0.5235987755982988,0.0
1.8784159413402288,0.0009868636139430073,0.523504602910583,-0.012091898239930631,0.522085576498476,-0.16158633067891187,0.2211411806115053,0.2211411806115053,0.0,False,False,0.5235987755982988,0.0
1.8794028049541718,0.0010131416991839338,0.5235066426822712,0.002066923594515411,0.5241391977131271,0.06266804993061831,-0.08492925798365134,-0.08492925798365134,0.0,False,False,0.5235987755982988,0.0
1.8804159466533557,0.0009526268959495953,0.5235037352489983,-0.002869720272301756,0.5247447571549825,0.11617170373351066,-0.1600337125005187,-0.1600337125005187,0.0,False,False,0.5235987755982988,0.0
1.8813685735493053,0.0011506442140387988,0.5234945263413124,-0.009666856693907712,0.5230958844303194,-0.06853240462928793,0.09129092657877495,0.09129092657877495,0.0,False,False,0.5235987755982988,0.0
1.882519217763344,0.0008846972772145573,0.5234930639479245,-0.0012709344644268334,0.5235815935320511,-0.019467236638658812,0.023669961158848788,0.023669961158848788,0.0,False,False,0.5235987755982988,0.0
1.8834039150405586,0.001066318642869207,0.523493167868867,0.00011746497383069432,0.5217409506306443,-0.2255739283986597,0.304129563496173,0.304129563496173,0.0,False,False,0.5235987755982988,0.0
1.8844702336834278,0.000984346205653118,0.5235105428263461,0.01629433902826511,0.5237433140446134,-0.015233697158706344,0.015678744556785383,0.015678744556785383,0.0,False,False,0.5235987755982988,0.0
1.885454579889081,0.0009634015145326315,0.5235233707041207,0.013031876082772767,0.522595239750608,-0.13034350867643202,0.17447585567015392,0.17447585567015392,0.0,False,False,0.5235987755982988,0.0
1.8864179814036135,0.000987992868843095,0.5235407846575095,0.018075488906870506,0.5237149990757513,-0.0010793918958174054,-0.0007967523191629855,-0.0007967523191629855,0.0,False,False,0.5235987755982988,0.0
1.8874059742724565,0.0010491760338382301,0.5235543277154449,0.013707647456135088,0.5221919211512472,-0.15513025005539904,0.2114796801134072,0.2114796801134072,0.0,False,False,0.5235987755982988,0.0
1.8884551503062947,0.0009802084949823756,0.5235763588240422,0.020998486323382977,0.5240500919934754,0.03749040820691374,-0.05311218496147516,-0.05311218496147516,0.0,False,False,0.5235987755982988,0.0
1.889435358801277,0.0009932462874868739,0.5235898026557186,0.013715277663165947,0.5244838586264492,0.07799385399434809,-0.10952411929992455,-0.10952411929992455,0.0,False,False,0.5235987755982988,0.0
1.890428605088764,0.000987412537514197,0.5235944452521162,0.004674164359907531,0.522910991891004,-0.0881616969664905,0.11817414309109556,0.11817414309109556,0.0,False,False,0.5235987755982988,0.0
1.8914160176262782,0.0009560287562727326,0.5236034604331393,0.00913010588853112,0.5226113083138451,-0.1096959194082052,0.14940951441001388,0.14940951441001388,0.0,False,False,0.5235987755982988,0.0
1.8923720463825509,0.0010549874379730201,0.5236166407297477,0.013786506443367678,0.5217351556876795,-0.19037133504868767,0.2619907604495733,0.2619907604495733,0.0,False,False,0.5235987755982988,0.0
1.893427033820524,0.0010325710259703235,0.5236417132866882,0.023765739797548167,0.5234092236196138,-0.012652887276153074,0.018595400347713266,0.018595400347713266,0.0,False,False,0.5235987755982988,0.0
1.8944596048464943,0.0010098632098449838,0.5236618330779059,0.019485140209931594,0.5231542966247639,-0.03607616605995034,0.051292020795569424,0.051292020795569424,0.0,False,False,0.5235987755982988,0.0
1.8954694680563393,0.0010507557119518235,0.5236794536708486,0.017448494777116814,0.5223259338954575,-0.11449577068855948,0.16030607547741596,0.16030607547741596,0.0,False,False,0.5235987755982988,0.0
1.8965202237682912,0.0010465469306316175,0.5237019058970322,0.02136769367833119,0.5240972393405791,0.06552823571471629,-0.0876062302187039,-0.0876062302187039,0.0,False,False,0.5235987755982988,0.0
1.8975667706989228,0.0010150194259635444,0.5237141930067513,0.011740619899042489,0.5233215197717516,-0.015146401807260797,0.02316628704656348,0.02316628704656348,0.0,False,False,0.5235987755982988,0.0
1.8985817901248863,0.0009881845927925733,0.5237239925752885,0.009654562549766403,0.5227852358572657,-0.06646660407073868,0.09440364022348317,0.09440364022348317,0.0,False,False,0.5235987755982988,0.0
1.8995699747176789,0.0009992802682095442,0.5237354773029156,0.011622046843172777,0.523251521581959,-0.01263384826264164,0.021411190209287043,0.021411190209287043,0.0,False,False,0.5235987755982988,0.0
1.9005692549858884,0.001027313114305875,0.5237449773051387,0.009506844601426218,0.5246798668799327,0.13156694295642413,-0.17733997461711945,-0.17733997461711945,0.0,False,False,0.5235987755982988,0.0
1.9015965681001943,0.0010599371640049506,0.5237425436451264,-0.0023689564343865755,0.5242687053876485,0.0783872521119572,-0.10612343874264242,-0.10612343874264242,0.0,False,False,0.5235987755982988,0.0
1.9026565052641993,0.0010007058212931582,0.5237348767580016,-0.007233341168845914,0.5236214076136742,0.009479079016839871,-0.011782271096963866,-0.011782271096963866,0.0,False,False,0.5235987755982988,0.0
1.9036572110854924,0.0010360425117141201,0.5237291603669947,-0.005712359102161858,0.5242694314163863,0.07328784474724391,-0.10001721842226681,-0.10001721842226681,0.0,False,False,0.5235987755982988,0.0
1.9046932535972065,0.0010309612459299307,0.5237196898286816,-0.009141071149178875,0.5227066030304457,-0.0848869106476208,0.11792339899850116,0.11792339899850116,0.0,False,False,0.5235987755982988,0.0
1.9057242148431364,0.0009252258023059027,0.5237192989658614,-0.0003791246486606059,0.5237475472077059,0.024570093374555985,-0.03216200101879448,-0.03216200101879448,0.0,False,False,0.5235987755982988,0.0
1.9066494406454422,0.0009343449970256912,0.5237176702381108,-0.001760357035607316,0.5238462332245458,0.032779238892918464,-0.04378932394394825,-0.04378932394394825,0.0,False,False,0.5235987755982988,0.0
1.9075837856424678,0.001068846506962402,0.5237145800501598,-0.0033073307619417873,0.523304570349191,-0.02847115523799962,0.039461080769540614,0.039461080769540614,0.0,False,False,0.5235987755982988,0.0
1.9086526321494302,0.0009823227141590658,0.523714437516925,-0.00013335238863180967,0.5240944466028107,0.04827583725358728,-0.06685308278551833,-0.06685308278551833,0.0,False,False,0.5235987755982988,0.0
1.9096349548635891,0.0009548673788219346,0.5237111201192552,-0.0033770955531533062,0.5230300634504422,-0.06490546129751856,0.08812337221844084,0.08812337221844084,0.0,False,False,0.5235987755982988,0.0
1.9105898222424111,0.001073682917218575,0.5237128402391464,0.0018014228251294132,0.5241577427364235,0.059683085768499726,-0.08168111140844327,-0.08168111140844327,0.0,False,False,0.5235987755982988,0.0
1.9116635051596298,0.0009312650183551716,0.52370943668845,-0.0031699775062230444,0.5241910243169117,0.05681453597093877,-0.07883792010015789,-0.07883792010015789,0.0,False,False,0.5235987755982988,0.0
1.912594770177985,0.001061899530810588,0.5237038948842729,-0.005950834690309676,0.5211581926480104,-0.274534864894045,0.3733723309780447,0.3733723309780447,0.0,False,False,0.5235987755982988,0.0
1.9136566697087956,0.001034089123747643,0.5237206095672137,0.015740361922893863,0.5247593472487896,0.09204247430393409,-0.1313412588735548,-0.1313412588735548,0.0,False,False,0.5235987755982988,0.0
1.9146907588325432,0.0010138187513176191,0.5237255832314772,0.004809705613659721,0.5210660220986569,-0.2743191075685499,0.3747724920758137,0.3747724920758137,0.0,False,False,0.5235987755982988,0.0
1.9157045775838608,0.0009538024605005861,0.523748244596866,0.022352481998695464,0.5232106404043831,-0.035348565972707635,0.049404712657731276,0.049404712657731276,0.0,False,False,0.5235987755982988,0.0
1.9166583800443615,0.001038021039727216,0.5237673268368259,0.020006490599669448,0.5246621117956584,0.1203636492899452,-0.163576430700406,-0.163576430700406,0.0,False,False,0.5235987755982988,0.0
1.9176964010840887,0.0009618114393207606,0.5237742706577481,0.006689479939644515,0.5234973857563218,-0.0038791155827995333,0.006479955854946357,0.006479955854946357,0.0,False,False,0.5235987755982988,0.0
1.9186582125234095,0.0010270707458123144,0.5237791894199954,0.005114060871210822,0.5224997007779613,-0.10722099320908945,0.1484485386169833,0.1484485386169833,0.0,False,False,0.5235987755982988,0.0
1.9196852832692217,0.0010096819240696978,0.5237906660375923,0.011174125680925556,0.52283620039369,-0.06373585228653775,0.090209376426803,0.090209376426803,0.0,False,False,0.5235987755982988,0.0
1.9206949651932914,0.001010783654730087,0.5238033997223194,0.012611580363610547,0.5246995440413667,0.12718532196560442,-0.17243621833394632,-0.17243621833394632,0.0,False,False,0.5235987755982988,0.0
1.9217057488480216,0.0009526628118761957,0.5238038636386009,0.0004589669404317723,0.5221270346060978,-0.14003964424683082,0.19453891095581574,0.19453891095581574,0.0,False,False,0.5235987755982988,0.0
1.9226584116598977,0.000934011989000506,0.523813002121476,0.009592568074615794,0.5247982327183511,0.1543571390171476,-0.2068187949815188,-0.2068187949815188,0.0,False,False,0.5235987755982988,0.0
1.9235924236488982,0.0009875704424772308,0.5238105728075028,-0.0026009451717866547,0.5237624871548504,0.02802931926472714,-0.03658199113560125,-0.03658199113560125,0.0,False,False,0.5235987755982988,0.0
1.9245799940913755,0.0010292991299832078,0.5238069871709864,-0.0036307653227740247,0.5227664259459051,-0.0756333757837386,0.105742344683574,0.105742344683574,0.0,False,False,0.5235987755982988,0.0
1.9256092932213587,0.0009808823427139856,0.523810008365196,0.0029351955340537333,0.5233011444687117,-0.016120268966237514,0.024701683092053523,0.024701683092053523,0.0,False,False,0.5235987755982988,0.0
1.9265901755640726,0.0009259639311399818,0.5238132232807706,0.003277575132739678,0.522925527581588,-0.052802018067705764,0.07548088598204257,0.07548088598204257,0.0,False,False,0.5235987755982988,0.0
1.9275161394952127,0.0010202223583350846,0.5238186472566198,0.005857653485984188,0.5245745713475563,0.13056760067111728,-0.17424544429197455,-0.17424544429197455,0.0,False,False,0.5235987755982988,0.0
1.9285363618535478,0.0010052535092681533,0.5238137522549633,-0.004797975280989674,0.5244529160956399,0.10558645461869444,-0.14207827449457341,-0.14207827449457341,0.0,False,False,0.5235987755982988,0.0
1.929541615362816,0.0010031674077019752,0.5238031969966701,-0.010500095941842988,0.5223029458887473,-0.11884562546146309,0.16593968532568368,0.16593968532568368,0.0,False,False,0.5235987755982988,0.0
1.930544782770518,0.0009954506801371215,0.5238039631900825,0.0007637742279780185,0.5234517626249194,0.007557882512131797,-0.006423225493729335,-0.006423225493729335,0.0,False,False,0.5235987755982988,0.0
1.931540233450655,0.0009352711081662256,0.5238041752745964,0.00021305376369406745,0.5230509036814006,-0.033466997068006384,0.050022090985775286,0.050022090985775286,0.0,False,False,0.5235987755982988,0.0
1.9324755045588213,0.0009642326509850879,0.5238065056810938,0.0024916908872570937,0.524935306073943,0.17136164472905283,-0.22969152223645886,-0.22969152223645886,0.0,False,False,0.5235987755982988,0.0
1.9334397372098064,0.0009928570333900164,0.5237975298442652,-0.009308787479286837,0.5226193461022863,-0.0859613635818646,0.12078336722646224,0.12078336722646224,0.0,False,False,0.5235987755982988,0.0
1.9344325942431964,0.0010383634314360321,0.5237968473869385,-0.0006873671673852406,0.5251968013785923,0.1822346134004499,-0.24744600012582188,-0.24744600012582188,0.0,False,False,0.5235987755982988,0.0
1.9354709576746323,0.0010118685215847988,0.5237830190657411,-0.013317419295431844,0.5237539639243328,0.025058121687982465,-0.03286313589419106,-0.03286313589419106,0.0,False,False,0.5235987755982988,0.0
1.936482826196217,0.001008710616353958,0.5237714927000684,-0.01139116933359166,0.5227575136458915,-0.07592395070488688,0.10625145598919568,0.10625145598919568,0.0,False,False,0.5235987755982988,0.0
1.937491536812571,0.001105425303307236,0.5237685984753839,-0.0028692319060587505,0.5231775652528979,-0.026689126160945993,0.039608737610351025,0.039608737610351025,0.0,False,False,0.5235987755982988,0.0
1.938596962115878,0.0010147250950211515,0.5237689054762964,0.0002777219876368138,0.5230693610704249,-0.03380867977131732,0.05009987722731129,0.05009987722731129,0.0,False,False,0.5235987755982988,0.0
1.9396116872108993,0.0009609350095060353,0.5237716796706449,0.002733936868244473,0.5226593652795609,-0.07083242905216672,0.10190830059988223,0.10190830059988223,0.0,False,False,0.5235987755982988,0.0
1.9405726222204054,0.0010101848554157106,0.5237782491249163,0.0068365229765610476,0.5238610011709974,0.06129942583506215,-0.07827937131064966,-0.07827937131064966,0.0,False,False,0.5235987755982988,0.0
1.9415828070758212,0.0008685313549832524,0.523779118201899,0.0008603148008457752,0.5227075597370985,-0.059011740879376606,0.08685597455685794,0.08685597455685794,0.0,False,False,0.5235987755982988,0.0
1.9424513384308044,0.0009966867053219945,0.5237829442196302,0.004405157867040449,0.5218802157575448,-0.14836838043359513,0.2089761336538857,0.2089761336538857,0.0,False,False,0.5235987755982988,0.0
1.9434480251361264,0.0009897655719090272,0.5237964049803348,0.013505508433783751,0.5234650747549021,0.025481213463195956,-0.028170840974694543,-0.028170840974694543,0.0,False,False,0.5235987755982988,0.0
1.9444377907080355,0.0009214242767968456,0.5238048807495839,0.00856341086176949,0.5222315919212102,-0.10169064391718831,0.14663807888822178,0.14663807888822178,0.0,False,False,0.5235987755982988,0.0
1.9453592149848322,0.0009225540293759322,0.5238169101872603,0.013055264528369321,0.5231605260046385,0.009293442047173764,-0.0032636377707223104,-0.0032636377707223104,0.0,False,False,0.5235987755982988,0.0
1.9462817690142082,0.0010365284848430406,0.5238258422489298,0.009681884621503193,0.5230325003166538,-0.005513212744030249,0.01680881036244612,0.01680881036244612,0.0,False,False,0.5235987755982988,0.0
1.9473182974990513,0.000985332862962992,0.5238338414115846,0.007717262739804655,0.5230735619639275,-0.0010004328243391628,0.010654364807890433,0.010654364807890433,0.0,False,False,0.5235987755982988,0.0
1.9483036303620143,0.0009722730283383058,0.5238397902476178,0.006037387218877016,0.5255859599643011,0.25407923153950174,-0.3406643964354437,-0.3406643964354437,0.0,False,False,0.5235987755982988,0.0
1.9492759033903526,0.0010286043882423114,0.5238278736614015,-0.012256419615760066,0.5238771020405675,0.0529122495690964,-0.06850457544375159,-0.06850457544375159,0.0,False,False,0.5235987755982988,0.0
1.950304507778595,0.0010137103793880426,0.5238151613339216,-0.01235881124483327,0.5240292879337171,0.062416401230172794,-0.08264890351373572,-0.08264890351373572,0.0,False,False,0.5235987755982988,0.0
1.9513182181579831,0.0010376594153756046,0.5238018265549135,-0.013154426825746836,0.5222516266000139,-0.11918709468999056,0.1672731955971172,0.1672731955971172,0.0,False,False,0.5235987755982988,0.0
1.9523558775733587,0.0009706105993859959,0.5238009655201555,-0.0008297855203326134,0.5232302750267244,-0.01295531754105081,0.022179391337601037,0.022179391337601037,0.0,False,False,0.5235987755982988,0.0
1.9533264881727448,0.0010060878576825761,0.5238014423760317,0.0004912947338311644,0.5239893293650658,0.066544010753255,-0.08688278070571198,-0.08688278070571198,0.0,False,False,0.5235987755982988,0.0
1.9543325760304273,0.001103185081129068,0.5237973883210392,-0.004029523824895822,0.5229033181804287,-0.04805436125306413,0.07018346702533942,0.07018346702533942,0.0,False,False,0.5235987755982988,0.0
1.9554357611115565,0.0010205286082164838,0.5237986849626822,0.0011753618365648944,0.5245911192844027,0.10974454195635472,-0.14955563669749591,-0.14955563669749591,0.0,False,False,0.5235987755982988,0.0
1.956456289719773,0.000983994630738194,0.523791724794461,-0.006820159832082726,0.5227421740281376,-0.08240516214201501,0.11430502283331977,0.11430502283331977,0.0,False,False,0.5235987755982988,0.0
1.9574402843505112,0.001039597802997836,0.5237924816711079,0.0007691877813891228,0.5235425800742549,0.007177875780546003,-0.007601931503864994,-0.007601931503864994,0.0,False,False,0.5235987755982988,0.0
1.958479882153509,0.0010328822814226445,0.5237926179270986,0.0001310660625530862,0.5232811913918843,-0.018683162544751858,0.028136310769162842,0.028136310769162842,0.0,False,False,0.5235987755982988,0.0
1.9595127644349317,0.0010966310871875849,0.5237942116512787,0.0015429872394616857,0.5239376084780418,0.046737128408463585,-0.06218354592553051,-0.06218354592553051,0.0,False,False,0.5235987755982988,0.0
1.9606093955221193,0.0009905864112148466,0.5237916016438715,-0.0023800231798071997,0.5232326686148608,-0.022218900647662805,0.03325260647907891,0.03325260647907891,0.0,False,False,0.5235987755982988,0.0
1.961599981933334,0.0010135755351387424,0.5237915821808318,-1.964799796373099e-05,0.5235551828950789,0.012560904260946588,-0.014288416455176563,-0.014288416455176563,0.0,False,False,0.5235987755982988,0.0
1.9626135574684729,0.0010452999245943663,0.523790834452588,-0.0007377133896924098,0.5235847720743599,0.014224100879111162,-0.01681685762403361,-0.01681685762403361,0.0,False,False,0.5235987755982988,0.0
1.9636588573930673,0.0010223785990122493,0.5237893895060729,-0.0013823271972859402,0.5231485152884321,-0.02893339171128248,0.04282475563114,0.04282475563114,0.0,False,False,0.5235987755982988,0.0
1.9646812359920796,0.0009839454484548424,0.5237906529474554,0.001235786218310597,0.524213977206781,0.0781739753530608,-0.1048823993763519,-0.1048823993763519,0.0,False,False,0.5235987755982988,0.0
1.9656651814405344,0.0010644246654658352,0.523786428548999,-0.004293325877952052,0.5239944616509686,0.04804684955415388,-0.06477856841304139,-0.06477856841304139,0.0,False,False,0.5235987755982988,0.0
1.9667296061060002,0.0008969152826713382,0.5237796456701699,-0.006372342777495954,0.5237023154147774,0.01579576602591217,-0.020818635927709276,-0.020818635927709276,0.0,False,False,0.5235987755982988,0.0
1.9676265213886717,0.0010049460813353174,0.5237746012109622,-0.005624231524566271,0.5233989554503843,-0.019606398980971614,0.027124441439627497,0.027124441439627497,0.0,False,False,0.5235987755982988,0.0
1.968631467470007,0.0010159845629747358,0.523772002013559,-0.0025864048344820807,0.524467117812043,0.08864475555244072,-0.12200386651032466,-0.12200386651032466,0.0,False,False,0.5235987755982988,0.0
1.9696474520329816,0.0009374414465500314,0.5237638846654473,-0.00798963725184574,0.5235580804632719,-0.009693259453985845,0.012364423775267457,0.012364423775267457,0.0,False,False,0.5235987755982988,0.0
1.9705848934795316,0.0010214927858888455,0.5237589672727455,-0.005245546503082444,0.5234913233987706,-0.0158451318241728,0.020948297780515594,0.020948297780515594,0.0,False,False,0.5235987755982988,0.0
1.9716063862654205,0.0009840522878753074,0.5237563291932364,-0.0025825728242868684,0.5238476884790144,0.02062607710066696,-0.02923172437368118,-0.02923172437368118,0.0,False,False,0.5235987755982988,0.0
1.9725904385532957,0.0009629236139314626,0.5237531285848017,-0.003252478017834302,0.5252336797679682,0.15940875840936874,-0.22071878514529136,-0.22071878514529136,0.0,False,False,0.5235987755982988,0.0
1.9735533621672272,0.0009797583822098762,0.5237406728340307,-0.01293534667844772,0.5225709913850549,-0.13305336422516903,0.178164152908593,0.178164152908593,0.0,False,False,0.5235987755982988,0.0
1.9745331205494372,0.0010882429718456078,0.523739880221784,-0.0008089874616689346,0.5244117070994334,0.06812642653237484,-0.09638447885927252,-0.09638447885927252,0.0,False,False,0.5235987755982988,0.0
1.9756213635212827,0.0010267494356813703,0.5237335836653386,-0.005785984020321067,0.5220814801619682,-0.15281366722796733,0.2106877185275118,0.2106877185275118,0.0,False,False,0.5235987755982988,0.0
1.976648112956964,0.0008943177767012613,0.5237405533123458,0.0067880699662790315,0.5239301599117107,0.04251939326718929,-0.056988189562040305,-0.056988189562040305,0.0,False,False,0.5235987755982988,0.0
1.9775424307336653,0.001021187131462172,0.5237427543666481,0.0024611545913570086,0.5251172734333178,0.171007018392146,-0.2325413831009173,-0.2325413831009173,0.0,False,False,0.5235987755982988,0.0
1.9785636178651276,0.0010042478658878057,0.5237323663213594,-0.010172518795617175,0.5241588100565003,0.060048555591419445,-0.08213888695733068,-0.08213888695733068,0.0,False,False,0.5235987755982988,0.0
1.9795678657310154,0.0009736486509895667,0.5237208869123823,-0.011430852249808748,0.523869785382732,0.025263487140031713,-0.035194360687835186,-0.035194360687835186,0.0,False,False,0.5235987755982988,0.0
1.9805415143820049,0.0009918705486008466,0.5237110702024996,-0.010082394581127748,0.5232219857764163,-0.04379606178508234,0.059337490935983714,0.059337490935983714,0.0,False,False,0.5235987755982988,0.0
1.9815333849306058,0.0009529329000287357,0.5237067751748363,-0.004330230058084073,0.5237338689684389,0.012191407208248697,-0.01706136931241952,-0.01706136931241952,0.0,False,False,0.5235987755982988,0.0
1.9824863178306344,0.0010197307899766043,0.523703051395762,-0.003907703337976074,0.5234830850932303,-0.015344788491058078,0.020496175280503487,0.020496175280503487,0.0,False,False,0.5235987755982988,0.0
1.983506048620611,0.000971578902981387,0.5237013522419791,-0.0016662768248429426,0.5230154582593762,-0.059668180998839394,0.08210152929921379,0.08210152929921379,0.0,False,False,0.5235987755982988,0.0
1.9844776275235925,0.0009854323740696605,0.5237040854486446,0.0028131597516772083,0.5234511212530805,-0.008860641021673249,0.013290547439938216,0.013290547439938216,0.0,False,False,0.5235987755982988,0.0
1.9854630598976621,0.0009482878807155446,0.523706677831325,0.0026307058187431,0.5238797980526679,0.03552681504482638,-0.047690582232435774,-0.047690582232435774,0.0,False,False,0.5235987755982988,0.0
1.9864113477783776,0.001074022509620709,0.5237063131137883,-0.00038460634588720517,0.5230367899176204,-0.056923779444841546,0.07842427758602187,0.07842427758602187,0.0,False,False,0.5235987755982988,0.0
1.9874853702879982,0.0008787763762070458,0.5237105581076542,0.003952425417361066,0.5230069444841581,-0.05401024767862178,0.07546525726887944,0.07546525726887944,0.0,False,False,0.5235987755982988,0.0
1.9883641466642052,0.000983499225957963,0.5237160291524341,0.006225753135873832,0.5225289928217026,-0.10299753777629794,0.14285313531028904,0.14285313531028904,0.0,False,False,0.5235987755982988,0.0
1.989347645890163,0.0008464622701156553,0.5237272865507123,0.011446270603067948,0.5240682584594719,0.06381130082241998,-0.08502425248801974,-0.08502425248801974,0.0,False,False,0.5235987755982988,0.0
1.9901941081602788,0.0010113931670380305,0.5237316737749638,0.005183012174694723,0.5242075580954159,0.07388685650892615,-0.09962231275881818,-0.09962231275881818,0.0,False,False,0.5235987755982988,0.0
1.9912055013273169,0.0009446883918007409,0.5237302435063911,-0.0014141568475156347,0.5239324053813191,0.039292854165758465,-0.05315676109327586,-0.05315676109327586,0.0,False,False,0.5235987755982988,0.0
1.9921501897191176,0.0010191599930724406,0.5237269186499294,-0.0035195271695792553,0.5245691887969899,0.10277028414841911,-0.14079177855454214,-0.14079177855454214,0.0,False,False,0.5235987755982988,0.0
1.99316934971219,0.0009623752365463237,0.5237171199051569,-0.009614530435894957,0.5237937988838072,0.01641198111003561,-0.023204796471193133,-0.023204796471193133,0.0,False,False,0.5235987755982988,0.0
1.9941317249487365,0.0010942486433657755,0.5237093111694628,-0.008114023924929343,0.5240514052475059,0.04153855028107799,-0.05799359402302165,-0.05799359402302165,0.0,False,False,0.5235987755982988,0.0
1.9952259735921023,0.0010788507206083437,0.5236997638832395,-0.008724969668694918,0.5239649120566474,0.029480349985291907,-0.04196687623262505,-0.04196687623262505,0.0,False,False,0.5235987755982988,0.0
1.9963048243127106,0.0009609011736784938,0.523690816203767,-0.008293714136290745,0.5236109324669577,-0.00627848848474474,0.007315362545834343,0.007315362545834343,0.0,False,False,0.5235987755982988,0.0
1.997265725486389,0.0010625245032426876,0.5236853892550135,-0.005647769929011151,0.5232221598228977,-0.046109810122213275,0.06211085610387675,0.06211085610387675,0.0,False,False,0.5235987755982988,0.0
1.9983282499896318,0.0010297720285087778,0.5236847834489411,-0.0005701572721841415,0.5256169961133018,0.18389232969109215,-0.2569987648993646,-0.2569987648993646,0.0,False,False,0.5235987755982988,0.0
1.9993580220181406,0.0010129878037380465,0.523670753604347,-0.013624223814262334,0.5232763519715441,-0.06179421539740207,0.07995668375846744,0.07995668375846744,0.0,False,False,0.5235987755982988,0.0
2.0003710098218788,0.0009544962238354271,0.5236647574581427,-0.005919267914356187,0.5230836695344079,-0.0746359939575243,0.09883510189906598,0.09883510189906598,0.0,False,False,0.5235987755982988,0.0
2.0013255060457142,0.0009859734630968395,0.523665203569215,0.0004673785617382367,0.5240439485894751,0.033433457099806496,-0.04813326236094122,-0.04813326236094122,0.0,False,False,0.5235987755982988,0.0
2.002311479508811,0.0010179943806565667,0.5236631866693962,-0.0020455923960811095,0.5238829711085253,0.01376335545015044,-0.02163154572425779,-0.02163154572425779,0.0,False,False,0.5235987755982988,0.0
2.0033294738894676,0.0010606836987134924,0.5236606256487417,-0.0025157512684590745,0.5224347137582424,-0.12987873104615255,0.1768075903763994,0.1768075903763994,0.0,False,False,0.5235987755982988,0.0
2.004390157588181,0.0009547927331772591,0.5236687590755006,0.007668098198100794,0.5246484806746347,0.09182045902103957,-0.12907924219929257,-0.12907924219929257,0.0,False,False,0.5235987755982988,0.0
2.0053449503213585,0.00101060141669094,0.5236681688558253,-0.0006181652359540726,0.5235859685819558,-0.028643549526832346,0.03460278572637256,0.03460278572637256,0.0,False,False,0.5235987755982988,0.0
2.0063555517380496,0.0009295290891472583,0.5236695030222996,0.0013201707936193628,0.5227000327535846,-0.11344341250807267,0.15230946621454372,0.15230946621454372,0.0,False,False,0.5235987755982988,0.0
2.007285080827197,0.0010408326214701,0.5236769638492532,0.00802645881740568,0.5247143736937973,0.11460645885805641,-0.15760851634863957,-0.15760851634863957,0.0,False,False,0.5235987755982988,0.0
2.008325913448667,0.0010247597064989879,0.523674269125875,-0.002589007418355018,0.5242202740645575,0.05567423886441182,-0.07799605902995072,-0.07799605902995072,0.0,False,False,0.5235987755982988,0.0
2.0093506731551662,0.0010171977055967825,0.52366834269549,-0.005783239082656596,0.522564821631029,-0.11143861104040953,0.15233750465934776,0.15233750465934776,0.0,False,False,0.5235987755982988,0.0
2.010367870860763,0.00101715083732625,0.5236721117916869,0.0037053722950678453,0.525222996390309,0.16102856456328937,-0.22247025173213064,-0.22247025173213064,0.0,False,False,0.5235987755982988,0.0
2.0113850216980893,0.0009725225529291693,0.5236632199517737,-0.008741908856587282,0.5242381291108469,0.048099628501008615,-0.06922791742707557,-0.06922791742707557,0.0,False,False,0.5235987755982988,0.0
2.0123575442510186,0.0010267715681561143,0.5236538112028538,-0.009674581727171125,0.5236449134134252,-0.017707963209721976,0.020419075179390945,0.020419075179390945,0.0,False,False,0.5235987755982988,0.0
2.0133843158191747,0.001016744287065549,0.5236478363662093,-0.005819051510461082,0.5250355640654708,0.11950197996481185,-0.16926456836687004,-0.16926456836687004,0.0,False,False,0.5235987755982988,0.0
2.0144010601062403,0.0009768491243527227,0.5236349503282611,-0.01267382380419171,0.523773963869209,-0.01653056718387297,0.016683291744263393,0.016683291744263393,0.0,False,False,0.5235987755982988,0.0
2.015377909230593,0.0009692663008206558,0.5236266238753633,-0.008523786007795804,0.5236021167691308,-0.032469490208733645,0.03890324717550428,0.03890324717550428,0.0,False,False,0.5235987755982988,0.0
2.0163471755314135,0.001053362486722039,0.523622488285568,-0.004266721943992418,0.5230462677317738,-0.08656994271068576,0.11382907285027387,0.11382907285027387,0.0,False,False,0.5235987755982988,0.0
2.0174005380181357,0.0009734165608949942,0.523625727008086,0.003074651469703209,0.5241334873040902,0.02530124287829369,-0.03998630215819646,-0.03998630215819646,0.0,False,False,0.5235987755982988,0.0
2.0183739545790305,0.0010301891951183001,0.5236259466551574,0.00022564550500166376,0.5240418612053863,0.013358283183227172,-0.024005480747447624,-0.024005480747447624,0.0,False,False,0.5235987755982988,0.0
2.019404143774149,0.000966156143517277,0.5236248324767189,-0.0010815279792835367,0.5236376433155053,-0.027214793185883816,0.03195813291334332,0.03195813291334332,0.0,False,False,0.5235987755982988,0.0
2.020370299917666,0.0009688830406440968,0.5236255857416193,0.0007796513073796097,0.5229361925955786,-0.09709552466245285,0.12844112364390814,0.12844112364390814,0.0,False,False,0.5235987755982988,0.0
2.02133918295831,0.0010332957237806327,0.5236321473552344,0.006772348508377461,0.5237455325428262,-0.0038526752660024144,0.001981585317710221,0.001981585317710221,0.0,False,False,0.5235987755982988,0.0
2.0223724786820907,0.0010966987684340606,0.5236371320825713,0.004824105260630593,0.5235762211512992,-0.01985297748777049,0.024229553031317606,0.024229553031317606,0.0,False,False,0.5235987755982988,0.0
2.023469177450525,0.0010112779041137451,0.5236421489010984,0.0045744726550551815,0.5224784730334634,-0.11796336229394368,0.16172148091976993,0.16172148091976993,0.0,False,False,0.5235987755982988,0.0
2.0244804553546385,0.0009999813185837631,0.5236536462435465,0.011369122573838613,0.5223692476684402,-0.11696775300408888,0.1624928063423622,0.1624928063423622,0.0,False,False,0.5235987755982988,0.0
2.0254804366732224,0.0010348591911322957,0.5236700087836772,0.01636284581184207,0.5241631981456273,0.0741274214311976,-0.09911251156934957,-0.09911251156934957,0.0,False,False,0.5235987755982988,0.0
2.0265152958643546,0.0009587844300130276,0.5236772335606333,0.006981410628660275,0.5214066576672923,-0.1996539727909432,0.2790428901072486,0.2790428901072486,0.0,False,False,0.5235987755982988,0.0
2.027474080294368,0.0010096155023372755,0.5236948765446013,0.01840140850825253,0.5238741310452879,0.077665768254669,-0.09815531995140642,-0.09815531995140642,0.0,False,False,0.5235987755982988,0.0
2.028483695796705,0.000975666161605805,0.5237039375135676,0.008974672977306369,0.5232867313407773,0.011718656052044613,-0.008445590627066258,-0.008445590627066258,0.0,False,False,0.5235987755982988,0.0
2.029459361958311,0.0009270831553286599,0.523709853899917,0.006063945417241756,0.5248515144358219,0.17092778515810397,-0.22766264126514024,-0.22766264126514024,0.0,False,False,0.5235987755982988,0.0
2.0303864451136397,0.0010845012778735446,0.5237041538791963,-0.006148338137602818,0.5232735216290135,-0.016375486099207748,0.02550515476618449,0.02550515476618449,0.0,False,False,0.5235987755982988,0.0
2.0314709463915133,0.000983410636128637,0.5237011183553775,-0.002799004372569917,0.5242766269005587,0.07775667657995418,-0.10550933533662205,-0.10550933533662205,0.0,False,False,0.5235987755982988,0.0
2.032454357027642,0.0009661170798226997,0.5236940815386254,-0.007155522315444699,0.5233477088698085,-0.0244778058013565,0.033892568074453025,0.033892568074453025,0.0,False,False,0.5235987755982988,0.0
2.033420474107465,0.0009807851576078453,0.523690699238902,-0.003500921155521021,0.5237899632287218,0.023746451372535306,-0.031937118994656885,-0.031937118994656885,0.0,False,False,0.5235987755982988,0.0
2.034401259265073,0.0009513634870995393,0.5236867430875601,-0.004033657433671199,0.5243297542632366,0.07640842973306158,-0.10484773164855367,-0.10484773164855367,0.0,False,False,0.5235987755982988,0.0
2.0353526227521725,0.0009847674168124926,0.5236792560092843,-0.007869839842850326,0.5232755999980951,-0.04203698787819721,0.05626154625750277,0.05626154625750277,0.0,False,False,0.5235987755982988,0.0
2.036337390168985,0.0008622594810729109,0.5236764428949623,-0.0028566281479306182,0.5245461010905288,0.09118205714701373,-0.12647032743655606,-0.12647032743655606,0.0,False,False,0.5235987755982988,0.0
2.037199649650058,0.0010138872013345087,0.5236699196213843,-0.0075653254283595895,0.5228027546351051,-0.12011965523722103,0.15847196362215282,0.15847196362215282,0.0,False,False,0.5235987755982988,0.0
2.0382135368513925,0.0009165413011584169,0.5236726533579209,0.002696292578647899,0.5239297341106935,0.0030466353539366914,-0.00961321564782917,-0.00961321564782917,0.0,False,False,0.5235987755982988,0.0
2.0391300781525508,0.0009021337377192961,0.5236740363656912,0.0015089421158749816,0.524479191414308,0.06269096734334731,-0.09107664550018187,-0.09107664550018187,0.0,False,False,0.5235987755982988,0.0
2.04003221189027,0.0010631520320750437,0.5236713188900164,-0.003012275853547128,0.5242473102609337,0.03071823669321748,-0.04853550795928963,-0.04853550795928963,0.0,False,False,0.5235987755982988,0.0
2.041095363922345,0.001031999818668001,0.52366640080796,-0.004625944275119934,0.5253388144595605,0.13031321567265908,-0.18769655830990198,-0.18769655830990198,0.0,False,False,0.5235987755982988,0.0
2.042127363741013,0.0009342108875112884,0.5236531036945999,-0.012884802031463439,0.5229868772082875,-0.11061904238010604,0.14375702187633066,0.14375702187633066,0.0,False,False,0.5235987755982988,0.0
2.0430615746285246,0.0010569336183016166,0.5236503579282166,-0.0029391290767997545,0.5224468231625942,-0.15736571786567785,0.20957400528149714,0.20957400528149714,0.0,False,False,0.5235987755982988,0.0
2.044118508246826,0.001022672367548546,0.5236599484121052,0.009073875333862239,0.5227922273365344,-0.10894930999864992,0.1452570407101392,0.1452570407101392,0.0,False,False,0.5235987755982988,0.0
2.0451411806143747,0.0009940915946395133,0.5236741194671694,0.013856886637222055,0.524250464332499,0.044536448937647785,-0.06517413594078066,-0.06517413594078066,0.0,False,False,0.5235987755982988,0.0
2.046135272209014,0.0009930958450669839,0.5236810629584555,0.006984760080012442,0.5241155826896651,0.02651447255800616,-0.041119894714199995,-0.041119894714199995,0.0,False,False,0.5235987755982988,0.0
2.047128368054081,0.000950769373659266,0.5236839577562505,0.0029149228741673326,0.5237731935258975,-0.010613925283013647,0.009597187642840734,0.009597187642840734,0.0,False,False,0.5235987755982988,0.0
2.0480791374277403,0.0009778882656528598,0.523686367466415,0.0025344844198139597,0.522706402573145,-0.12175544781566058,0.16216925183156056,0.16216925183156056,0.0,False,False,0.5235987755982988,0.0
2.049057025693393,0.0011120886755676153,0.523695866832457,0.009714163034392077,0.5243650847921794,0.06003888443820833,-0.08584022681569978,-0.08584022681569978,0.0,False,False,0.5235987755982988,0.0
2.050169114368961,0.000994129641249489,0.5236979685171921,0.0018898535532986833,0.5226292119804468,-0.1020562267533488,0.1399196172253555,0.1399196172253555,0.0,False,False,0.5235987755982988,0.0
2.0511632440102106,0.0009636990506882436,0.5237061952324248,0.008275294178259222,0.5247175695362793,0.1182183315195404,-0.1620002887070981,-0.1620002887070981,0.0,False,False,0.5235987755982988,0.0
2.0521269430608986,0.0010256242317483498,0.5237044343015183,-0.001827262261313944,0.5261980197343575,0.2600181292097975,-0.35880814950081397,-0.35880814950081397,0.0,False,False,0.5235987755982988,0.0
2.053152567292647,0.0010121278416761442,0.5236842713328472,-0.019659216355117685,0.5240040602856163,0.02010176739002087,-0.031417245239739794,-0.031417245239739794,0.0,False,False,0.5235987755982988,0.0
2.054164695134323,0.000948555136922287,0.5236674815699826,-0.016588579202497573,0.5241763394131023,0.035113069597854096,-0.05253183218388702,-0.05253183218388702,0.0,False,False,0.5235987755982988,0.0
2.0551132502712455,0.0009808165286887796,0.5236531147186569,-0.015146037132083453,0.5232230134327647,-0.06890119636026495,0.08944515461193253,0.08944515461193253,0.0,False,False,0.5235987755982988,0.0
2.0560940667999343,0.0009421148867943076,0.5236463109450095,-0.0069368464422236795,0.5220666018141882,-0.17991402643517562,0.24347595983620218,0.24347595983620218,0.0,False,False,0.5235987755982988,0.0
2.057036181686729,0.001090580754951288,0.5236523819248853,0.006443991025882853,0.5231264100573653,-0.04943016050161843,0.06781877233874602,0.06781877233874602,0.0,False,False,0.5235987755982988,0.0
2.05812676244168,0.0010263317519227455,0.5236611891429284,0.008075713791085395,0.5227074581261009,-0.08290263357157338,0.11552687478545115,0.11552687478545115,0.0,False,False,0.5235987755982988,0.0
2.059153094193603,0.000949495794993207,0.5236731062556322,0.011611365118057543,0.5224103565481388,-0.10356027886144353,0.14566387753661192,0.14566387753661192,0.0,False,False,0.5235987755982988,0.0
2.0601025899885963,0.0009999560064591513,0.5236878259692238,0.015502663275785322,0.5251908685638379,0.19963664735842734,-0.26822165020981625,-0.26822165020981625,0.0,False,False,0.5235987755982988,0.0
2.0611025459950554,0.0010747388751815828,0.5236859569595088,-0.001869091942967225,0.5239240744267504,0.05298799559268047,-0.06944097362334463,-0.06944097362334463,0.0,False,False,0.5235987755982988,0.0
2.062177284870237,0.0010146632826063791,0.523680592169258,-0.00499171508045859,0.5240119320897902,0.05586398761011292,-0.07447360197898122,-0.07447360197898122,0.0,False,False,0.5235987755982988,0.0
2.063191948152843,0.001000956942456135,0.5236732246505069,-0.0072610479528853215,0.5234035517637582,-0.009681250350174343,0.01513152944194047,0.01513152944194047,0.0,False,False,0.5235987755982988,0.0
2.0641929050952994,0.0010155894743811228,0.5236688351750575,-0.0043852789898521476,0.5235179766965512,0.0027184286248394442,-0.0018077341183502797,-0.0018077341183502797,0.0,False,False,0.5235987755982988,0.0
2.0652084945696805,0.0009478623871225981,0.5236656419840361,-0.003144174985987484,0.5245073712444078,0.09986730277594409,-0.13619548496109513,-0.13619548496109513,0.0,False,False,0.5235987755982988,0.0
2.066156356956803,0.0010258890115257618,0.5236573953890625,-0.008700202777973235,0.5236291759294706,-0.0027695133018880574,0.0027762100011743005,0.0027762100011743005,0.0,False,False,0.5235987755982988,0.0
2.0671822459683287,0.0009376754362224421,0.5236512385278986,-0.00600148855749813,0.5241143563548439,0.04480109454693218,-0.06304176707413077,-0.06304176707413077,0.0,False,False,0.5235987755982988,0.0
2.068119921404551,0.001018796406486795,0.5236443979124386,-0.007295291308525946,0.5234733518951658,-0.028040031408370435,0.03590566434643969,0.03590566434643969,0.0,False,False,0.5235987755982988,0.0
2.069138717811038,0.0010714884283454804,0.5236410351659359,-0.003300705107761351,0.5233424504415113,-0.03808466542614518,0.050315451333549734,0.050315451333549734,0.0,False,False,0.5235987755982988,0.0
2.0702102062393832,0.000992931114562862,0.5236415286228544,0.00046053406223023124,0.5224137643987193,-0.12094872079083321,0.16646866654143044,0.16646866654143044,0.0,False,False,0.5235987755982988,0.0
2.071203137353946,0.0010295704814582236,0.5236500540699429,0.008586141539457597,0.5219241424241161,-0.15816461835348714,0.21994093915947324,0.21994093915947324,0.0,False,False,0.5235987755982988,0.0
2.072232707835404,0.0009675760061104626,0.5236679405440793,0.01737275345248348,0.5234396847255101,0.004853256953566809,-0.0029602726340825164,-0.0029602726340825164,0.0,False,False,0.5235987755982988,0.0
2.0732002838415147,0.0010194178044454988,0.5236806104938866,0.013094526659703593,0.523729913158475,0.03436334568891439,-0.04359649090986762,-0.04359649090986762,0.0,False,False,0.5235987755982988,0.0
2.0742197016459603,0.0009499856217359021,0.5236880552488528,0.007302947754838236,0.5225656950613845,-0.08327720348300774,0.11852809384406687,0.11852809384406687,0.0,False,False,0.5235987755982988,0.0
2.0751696872676964,0.0008741168739636951,0.523698421215413,0.010911708896506077,0.5236683362202113,0.04111976397788575,-0.050595807967886715,-0.050595807967886715,0.0,False,False,0.5235987755982988,0.0
2.0760438041416602,0.0010071646453533975,0.5237037135875316,0.006054536042360404,0.5237506215478102,0.04642132598095011,-0.058438818268344295,-0.058438818268344295,0.0,False,False,0.5235987755982988,0.0
2.0770509687870136,0.001031353019224999,0.5237050347886978,0.0013118025660319287,0.5218235628684431,-0.14955582698919842,0.21142082152444072,0.21142082152444072,0.0,False,False,0.5235987755982988,0.0
2.0780823218062388,0.0009829141343924651,0.5237172084337273,0.011803567549148896,0.5229186115150218,-0.028424315566902517,0.04635213217926865,0.04635213217926865,0.0,False,False,0.5235987755982988,0.0
2.0790652359406314,0.0009645450427412888,0.5237279313983134,0.010909360452682836,0.5240833361918222,0.09291520907720277,-0.12022034157606488,-0.12022034157606488,0.0,False,False,0.5235987755982988,0.0
2.0800297809833728,0.0009940130797140723,0.5237300460952768,0.0021924294560993155,0.5240678185566039,0.0820148845853346,-0.1068606347518929,-0.1068606347518929,0.0,False,False,0.5235987755982988,0.0
2.081023794063087,0.0010231456829467233,0.5237262902010063,-0.003778515944340882,0.522719518911564,-0.061828646473658946,0.09002099612961768,0.09002099612961768,0.0,False,False,0.5235987755982988,0.0
2.0820469397460335,0.0010746268751260619,0.5237283245877755,0.001988364710086607,0.5238665965965048,0.05646705841334587,-0.0725812480637229,-0.0725812480637229,0.0,False,False,0.5235987755982988,0.0
2.0831215666211595,0.0010457020092846827,0.5237255746265399,-0.0025589916828087323,0.5246177932454759,0.12072337345848705,-0.16321036579937126,-0.16321036579937126,0.0,False,False,0.5235987755982988,0.0
2.0841672686304444,0.0010317691371165634,0.5237148213300244,-0.010283327774063421,0.5243929454131547,0.0871489417946847,-0.11887378682102813,-0.11887378682102813,0.0,False,False,0.5235987755982988,0.0
2.085199037767561,0.0009592134043232191,0.523700950126368,-0.01344409631712867,0.5236177975906806,0.0033060180406556533,-0.004309617511659108,-0.004309617511659108,0.0,False,False,0.5235987755982988,0.0
2.086158251171884,0.0009690225447588763,0.5236911429885704,-0.010224145902621634,0.5232827566141278,-0.031953305051367994,0.04403230777671952,0.04403230777671952,0.0,False,False,0.5235987755982988,0.0
2.087127273716643,0.0008744642260606084,0.5236859942711658,-0.005313310234570213,0.5231367876021207,-0.04382150560612648,0.06090159065855824,0.06090159065855824,0.0,False,False,0.5235987755982988,0.0
2.0880017379427036,0.0009915429530838597,0.5236848837762221,-0.0012699146638800677,0.5240931335521091,0.06992428974263867,-0.09280759085975097,-0.09280759085975097,0.0,False,False,0.5235987755982988,0.0
2.0889932808957874,0.0010102078514353384,0.5236794414270263,-0.005488767964041508,0.5238497017627796,0.038381054515111215,-0.050573936378786905,-0.050573936378786905,0.0,False,False,0.5235987755982988,0.0
2.0900034887472225,0.0010867771206981586,0.5236729779154233,-0.006398199730616683,0.5242222365270096,0.07141999013002395,-0.09692628487282305,-0.09692628487282305,0.0,False,False,0.5235987755982988,0.0
2.091090265867921,0.000852194003838858,0.5236625235651075,-0.00961958999386418,0.5237776051769136,0.023365154287116253,-0.031257117559606154,-0.031257117559606154,0.0,False,False,0.5235987755982988,0.0
2.0919424598717598,0.000982193815506337,0.5236551666344883,-0.008632929340069047,0.5243696729709982,0.09050434408720599,-0.12248136561323673,-0.12248136561323673,0.0,False,False,0.5235987755982988,0.0
2.092924653687266,0.0009284519192008529,0.5236431668715461,-0.012217306556769074,0.5237257144289418,0.015890623503191773,-0.02135364715540348,-0.02135364715540348,0.0,False,False,0.5235987755982988,0.0
2.093853105606467,0.0009929251849105254,0.5236337628988457,-0.01012865879851361,0.5243185329838329,0.0781517770478847,-0.1067377653970753,-0.1067377653970753,0.0,False,False,0.5235987755982988,0.0
2.0948460307913774,0.000962698972980272,0.5236212476483539,-0.012604424464069555,0.5243811838755658,0.07664632868473814,-0.10605894341249075,-0.10605894341249075,0.0,False,False,0.5235987755982988,0.0
2.0958087297643577,0.0011136343506301894,0.5236073494216222,-0.014436731648977777,0.5229052674907524,-0.08432857315019214,0.11367743371606623,0.11367743371606623,0.0,False,False,0.5235987755982988,0.0
2.096922364114988,0.0010671711577727731,0.5236029917627965,-0.003913006835108871,0.522025088414385,-0.15493234719171403,0.21424518594050557,0.21424518594050557,0.0,False,False,0.5235987755982988,0.0
2.097989535272761,0.0010095311070639492,0.5236123535446047,0.008772521389848926,0.5249593051605279,0.1355136656991179,-0.18710593095906522,-0.18710593095906522,0.0,False,False,0.5235987755982988,0.0
2.098999066379825,0.0010054281034617178,0.5236091170025369,-0.0032059854769821566,0.5238330939977828,0.010404452633466774,-0.016703074350871355,-0.016703074350871355,0.0,False,False,0.5235987755982988,0.0
2.1000044944832865,0.0008832329663710113,0.523606026355669,-0.0030739610890308635,0.5221098551628984,-0.16202953424177466,0.22123600892733655,0.22123600892733655,0.0,False,False,0.5235987755982988,0.0
2.1008877274496576,0.0010007077831578506,0.523612664027408,0.007515199264257502,0.5229897390028382,-0.04620577029067785,0.0664095830671048,0.0664095830671048,0.0,False,False,0.5235987755982988,0.0
2.1018884352328153,0.000978544921446539,0.5236213224557189,0.008652304355537545,0.5242949098463866,0.08883957863631606,-0.11913791082915944,-0.11913791082915944,0.0,False,False,0.5235987755982988,0.0
2.102866980154262,0.0010349365899891454,0.5236217107214668,0.0003967786652982388,0.5233776466442261,-0.013781844115949099,0.020518534112446963,0.020518534112446963,0.0,False,False,0.5235987755982988,0.0
2.103901916744251,0.0009630021903188024,0.5236230910465347,0.0013337291204945315,0.523176233159557,-0.031865092087500456,0.04584387440235378,0.04584387440235378,0.0,False,False,0.5235987755982988,0.0
2.10486491893457,0.0009444685113782824,0.5236261256918754,0.003151234100152563,0.5248486257365717,0.14498587955212255,-0.19648035795145807,-0.19648035795145807,0.0,False,False,0.5235987755982988,0.0
2.105809387445948,0.001056278438650477,0.5236194910813206,-0.007024702756007835,0.5227055606354098,-0.0964197016319461,0.13178151129033672,0.13178151129033672,0.0,False,False,0.5235987755982988,0.0
2.1068656658845986,0.0009657641814536414,0.5236217131241678,0.002103652565454436,0.5229251929227343,-0.06598470197123815,0.09130613052564676,0.09130613052564676,0.0,False,False,0.5235987755982988,0.0
2.107831430066052,0.0010107310823790955,0.5236274085094733,0.005897283638002826,0.5238118780086621,0.03242552755135625,-0.042746476448167245,-0.042746476448167245,0.0,False,False,0.5235987755982988,0.0
2.108842161148431,0.0010295396483238535,0.5236294047987804,0.001975094406316209,0.5239701410060299,0.04484124435247478,-0.060494070562129236,-0.060494070562129236,0.0,False,False,0.5235987755982988,0.0
2.109871700796755,0.001097365902539821,0.5236275978047903,-0.0017551475487803184,0.5240607388132196,0.04915695655656142,-0.06730368573644734,-0.06730368573644734,0.0,False,False,0.5235987755982988,0.0
2.110969066699295,0.0010020173182445145,0.5236222602730952,-0.0048639489187207886,0.5244174654804533,0.07674880158611416,-0.10683497978211799,-0.10683497978211799,0.0,False,False,0.5235987755982988,0.0
2.111971084017539,0.0010139621771286592,0.5236134795849183,-0.008763010396117134,0.5237867721226664,0.006131560422024812,-0.010741809945047087,-0.010741809945047087,0.0,False,False,0.5235987755982988,0.0
2.1129850461946678,0.0010466485349214778,0.5236066202593311,-0.006764873228967377,0.5240336883113739,0.02987002165677465,-0.04367245482348053,-0.04367245482348053,0.0,False,False,0.5235987755982988,0.0
2.114031694729589,0.0010606569476950684,0.523599319501659,-0.006975367020041223,0.5233731167503238,-0.03623000642066182,0.047537866968343924,0.047537866968343924,0.0,False,False,0.5235987755982988,0.0
2.1150923516772844,0.0009541388395783397,0.5235968895530456,-0.002290984487186346,0.5236516041443904,-0.006350882658699361,0.006670145360791052,0.006670145360791052,0.0,False,False,0.5235987755982988,0.0
2.1160464905168626,0.0010076735843237898,0.523595638575241,-0.0013111066782706502,0.5236894798502595,-0.0017461723317628982,0.00046273026282338996,0.00046273026282338996,0.0,False,False,0.5235987755982988,0.0
2.1170541641011864,0.0010709519597545151,0.5235947450464031,-0.0008867244827982369,0.5237824535806503,0.007655017061012683,-0.012492224155542698,-0.012492224155542698,0.0,False,False,0.5235987755982988,0.0
2.118125116060941,0.0009260312599260372,0.5235933879904308,-0.0012671492497928836,0.524267556152683,0.052185904946821654,-0.07466113591510032,-0.07466113591510032,0.0,False,False,0.5235987755982988,0.0
2.119051147320867,0.0010302548624000758,0.5235893432459159,-0.004367827188928824,0.5240737992448242,0.026043948660557304,-0.0398031640301261,-0.0398031640301261,0.0,False,False,0.5235987755982988,0.0
2.120081402183267,0.0008313899162582202,0.5235841185497472,-0.005071265722040614,0.5236227051640457,-0.020345153974565777,0.023983452586034237,0.023983452586034237,0.0,False,False,0.5235987755982988,0.0
2.120912792099525,0.0009969746697340099,0.5235817748703494,-0.002818989443977531,0.5228756792453162,-0.10816329424698279,0.14281168745006653,0.14281168745006653,0.0,False,False,0.5235987755982988,0.0
2.1219097667692592,0.0009734053521262666,0.5235869081264393,0.005148833010219334,0.5236459624395473,-0.020084902142535263,0.023252519428569457,0.023252519428569457,0.0,False,False,0.5235987755982988,0.0
2.1228831721213854,0.0010262258470237883,0.5235915700378589,0.004789280652136422,0.5235671199080816,-0.02617607270100173,0.031981089665112324,0.031981089665112324,0.0,False,False,0.5235987755982988,0.0
2.123909397968409,0.0010127928011372121,0.523596663913786,0.004963698723704761,0.5237652466448832,-0.004252117088941732,0.0021060616682107994,0.0021060616682107994,0.0,False,False,0.5235987755982988,0.0
2.1249221907695466,0.0009959022702252067,0.5236002819151999,0.0035723016691015562,0.5255258384971089,0.1700084388531243,-0.23869725880233025,-0.23869725880233025,0.0,False,False,0.5235987755982988,0.0
2.125918093039772,0.0010465552036329497,0.5235909363902627,-0.009383977943059629,0.5231338584143694,-0.08717461509970162,0.11297804743037079,0.11297804743037079,0.0,False,False,0.5235987755982988,0.0
2.126964648243405,0.000969955839282025,0.5235902192135935,-0.000685273616427064,0.5239587359025313,0.00036119113765749333,-0.006912714841373363,-0.006912714841373363,0.0,False,False,0.5235987755982988,0.0
2.1279346040826868,0.000946745289611274,0.523589425267167,-0.0008185387357973131,0.5245218343174709,0.05837909800474832,-0.08666997455079554,-0.08666997455079554,0.0,False,False,0.5235987755982988,0.0
2.128881349372298,0.0009160426261526895,0.5235849890044316,-0.004685803863042361,0.5236705118081462,-0.03737977772673026,0.043564481494824,0.043564481494824,0.0,False,False,0.5235987755982988,0.0
2.1297973919984505,0.001005044871116904,0.5235836986438568,-0.001408625033397093,0.5256238533804185,0.17959517357808352,-0.2519656083718546,-0.2519656083718546,0.0,False,False,0.5235987755982988,0.0
2.1308024368695673,0.0011087365338945685,0.5235699890471667,-0.013640780709509238,0.5232400875300356,-0.07554438607314393,0.09710964851651074,0.09710964851651074,0.0,False,False,0.5235987755982988,0.0
2.131911173403462,0.0010332706670295269,0.523565273600536,-0.004252991117925297,0.5238480948005216,-0.013152098085116318,0.011294772062128828,0.011294772062128828,0.0,False,False,0.5235987755982988,0.0
2.1329444440704917,0.0010082027491643403,0.5235628422558988,-0.002353056865654992,0.5228657527392874,-0.10690801461161688,0.14148402899614626,0.14148402899614626,0.0,False,False,0.5235987755982988,0.0
2.133952646819656,0.0008973755191518431,0.5235683844509164,0.005497103655163551,0.5232616212493938,-0.05695244121499451,0.0744117077382838,0.0744117077382838,0.0,False,False,0.5235987755982988,0.0
2.134850022338808,0.001053297820633803,0.523575000278104,0.007372417729747652,0.5237922360959183,0.007872435395924082,-0.012929211432259535,-0.012929211432259535,0.0,False,False,0.5235987755982988,0.0
2.1359033201594415,0.001071983217599014,0.5235796673521366,0.004430915873113396,0.5243182069701502,0.05702081917163384,-0.08137474769928536,-0.08137474769928536,0.0,False,False,0.5235987755982988,0.0
2.1369753033770404,0.0009715265146319024,0.5235782182481488,-0.001351797270679923,0.5238566810221396,0.008265269585047398,-0.01456062113119025,-0.01456062113119025,0.0,False,False,0.5235987755982988,0.0
2.137946829891672,0.0009430249743065169,0.5235766050746876,-0.0016604523262040715,0.5246753900637698,0.09170911809236104,-0.1294300020893117,-0.1294300020893117,0.0,False,False,0.5235987755982988,0.0
2.1388898548659787,0.000922905036295465,0.5235697320285178,-0.007288297083396907,0.5234868591612667,-0.04349566714394648,0.05420929643931398,0.05420929643931398,0.0,False,False,0.5235987755982988,0.0
2.139812759902274,0.0009204782299064135,0.5235671231692636,-0.002826790570587585,0.5232772514434035,-0.06185783236510637,0.08001683362624269,0.08001683362624269,0.0,False,False,0.5235987755982988,0.0
2.1407332381321806,0.0010139034878338144,0.5235686343626246,0.0016417480739245264,0.5259283065149705,0.23233639967920156,-0.3207352361151316,-0.3207352361151316,0.0,False,False,0.5235987755982988,0.0
2.1417471416200144,0.001046690951511616,0.5235533012091236,-0.015122892548437189,0.523897338460028,0.008790986518584204,-0.015923315333425468,-0.015923315333425468,0.0,False,False,0.5235987755982988,0.0
2.142793832571526,0.0010168577383018664,0.5235408653104889,-0.011881156149033654,0.5229129992162557,-0.08613108081956238,0.11570127186025148,0.11570127186025148,0.0,False,False,0.5235987755982988,0.0
2.143810690309828,0.00107855735157197,0.5235381202973347,-0.0026995055953351298,0.5229322608709092,-0.07562373975614135,0.10274575280038342,0.10274575280038342,0.0,False,False,0.5235987755982988,0.0
2.1448892476614003,0.0009983680319398784,0.5235421338308832,0.0037212054998274156,0.5227194904158337,-0.08778868531206613,0.12117355565885225,0.12117355565885225,0.0,False,False,0.5235987755982988,0.0
2.1458876156933404,0.0009827482770898084,0.5235507729899768,0.008653280971724396,0.5243680839366259,0.08611902028626646,-0.11719037443340778,-0.11719037443340778,0.0,False,False,0.5235987755982988,0.0
2.14687036397043,0.0009825365285408274,0.5235512228395486,0.0004577464873881578,0.523233243665524,-0.0379690720911713,0.05214246129935153,0.05214246129935153,0.0,False,False,0.5235987755982988,0.0
2.147852900498971,0.000994798408290211,0.5235540551375503,0.002882638883580564,0.5236651998647351,0.009791208149237049,-0.012945086574938341,-0.012945086574938341,0.0,False,False,0.5235987755982988,0.0
2.148847698907261,0.001110147729913504,0.5235554208918258,0.0013728955175434563,0.5234999991181996,-0.007794367316083902,0.011131217421087376,0.011131217421087376,0.0,False,False,0.5235987755982988,0.0
2.1499578466371743,0.0010300085037352963,0.5235571173592101,0.0015281456138908685,0.5241954649078056,0.05563130746712004,-0.07749797653166532,-0.07749797653166532,0.0,False,False,0.5235987755982988,0.0
2.1509878551409094,0.001039671338139259,0.5235540885025459,-0.002940613260149086,0.522815164885414,-0.083940427809158,0.11483350620291595,0.11483350620291595,0.0,False,False,0.5235987755982988,0.0
2.1520275264790487,0.0010779954481919326,0.5235581969716859,0.003951699916444254,0.522619583084866,-0.09435827234044392,0.13085539205032334,0.13085539205032334,0.0,False,False,0.5235987755982988,0.0
2.1531055219272406,0.0009611671347987871,0.5235686817028016,0.00972613672280856,0.5237644180284854,0.021277905325465654,-0.028515050133917124,-0.028515050133917124,0.0,False,False,0.5235987755982988,0.0
2.1540666890620392,0.001115797160589991,0.5235741755627915,0.005715821724509461,0.5240986114722137,0.05391966023709152,-0.07370063801497782,-0.07370063801497782,0.0,False,False,0.5235987755982988,0.0
2.155182486222629,0.0009521739853001819,0.5235738583382645,-0.00028430304198816866,0.5238640475249059,0.027505598478367217,-0.037781612852968105,-0.037781612852968105,0.0,False,False,0.5235987755982988,0.0
2.1561346602079294,0.0010389163480907953,0.5235719532786927,-0.0020007473437812897,0.5228655716429279,-0.08010771727255271,0.10932693192373961,0.10932693192373961,0.0,False,False,0.5235987755982988,0.0
2.15717357655602,0.0010744335170594184,0.523576429091148,0.004308154803407626,0.5241676461474905,0.053233116586783924,-0.07411940978959015,-0.07411940978959015,0.0,False,False,0.5235987755982988,0.0
2.1582480100730796,0.001010465368059541,0.5235752904704479,-0.00105974048838496,0.5229261493527101,-0.0676391587879718,0.09327426296616322,0.09327426296616322,0.0,False,False,0.5235987755982988,0.0
2.1592584754411392,0.0010288574703885638,0.5235793101142782,0.003978012465668572,0.5231241817878826,-0.04127710115863031,0.058075209977849,0.058075209977849,0.0,False,False,0.5235987755982988,0.0
2.160287332911528,0.000980523598321284,0.5235852129721915,0.005737294118174165,0.5227614581225812,-0.07240438755499895,0.10195697962891519,0.10195697962891519,0.0,False,False,0.5235987755982988,0.0
2.1612678565098493,0.0009765869603404272,0.5235941068175564,0.009070506186726304,0.5247295816812458,0.13555774336927173,-0.18302380153617248,-0.18302380153617248,0.0,False,False,0.5235987755982988,0.0
2.1622444434701897,0.0010111782073552941,0.5235917718565787,-0.002390940154336321,0.5241445364287779,0.06209483569687575,-0.08433749778487436,-0.08433749778487436,0.0,False,False,0.5235987755982988,0.0
2.163255621677545,0.0009851743944047345,0.5235857822263223,-0.0059234170720749175,0.5241137385442399,0.05283960961474612,-0.07267686456463533,-0.07267686456463533,0.0,False,False,0.5235987755982988,0.0
2.1642407960719496,0.0009954528726219564,0.5235781187339129,-0.00777881809858849,0.5246665160222835,0.10366525535672323,-0.14361763405979283,-0.14361763405979283,0.0,False,False,0.5235987755982988,0.0
2.165236248944572,0.0010147011450260634,0.5235654929079486,-0.012683499451911804,0.5260199924122241,0.22926462305068995,-0.31869945031148267,-0.31869945031148267,0.0,False,False,0.5235987755982988,0.0
2.166250950089598,0.0010327927152767149,0.5235397334453435,-0.025386255580088148,0.5220481522866302,-0.1850913892320631,0.2500208866885117,0.2500208866885117,0.0,False,False,0.5235987755982988,0.0
2.167283742804875,0.0010083817636419136,0.523532420475616,-0.007080771987789742,0.5228880653528198,-0.08525779344873526,0.11510213655710383,0.11510213655710383,0.0,False,False,0.5235987755982988,0.0
2.1682921245685165,0.0009436213098477541,0.5235332351911001,0.0008079434926389403,0.5229955209917201,-0.06607576834708076,0.09014950493491404,0.09014950493491404,0.0,False,False,0.5235987755982988,0.0
2.1692357458783644,0.0009939892278027884,0.5235377925518964,0.004829650145369918,0.5227953123643387,-0.08068524387140119,0.11128463085696283,0.11128463085696283,0.0,False,False,0.5235987755982988,0.0
2.170229735106167,0.0009651874803996432,0.5235466672894243,0.008928404131264975,0.5226062985076735,-0.0916324040991808,0.12782347255027293,0.12782347255027293,0.0,False,False,0.5235987755982988,0.0
2.1711949225865665,0.0010148420675105347,0.5235588637954804,0.012636411374760901,0.5232973671664076,-0.010869741528503105,0.01846904160824519,0.01846904160824519,0.0,False,False,0.5235987755982988,0.0
2.172209764654077,0.0010347427708776477,0.5235691305861789,0.010116638861483784,0.5225074435599891,-0.08761986456617664,0.12478781416898636,0.12478781416898636,0.0,False,False,0.5235987755982988,0.0
2.1732445074249545,0.0010244875074988857,0.5235832377498267,0.013633498145433269,0.523875617372187,0.05336568997948747,-0.06902197990537262,-0.06902197990537262,0.0,False,False,0.5235987755982988,0.0
2.1742689949324534,0.001008223478494411,0.523589793761969,0.006399309014836137,0.5236349090583032,0.024533635470794422,-0.030090764845032814,-0.030090764845032814,0.0,False,False,0.5235987755982988,0.0
2.175277218410948,0.001021493025763181,0.5235928027712792,0.0029844666131668878,0.524012579471109,0.059539269939687056,-0.07889559363820813,-0.07889559363820813,0.0,False,False,0.5235987755982988,0.0
2.176298711436711,0.0009678922260168783,0.523590795386594,-0.001965147714661653,0.5240338720459511,0.055669799158834514,-0.07463549504834231,-0.07463549504834231,0.0,False,False,0.5235987755982988,0.0
2.1772666036627277,0.0010799706424439307,0.5235859552390375,-0.005000709197175447,0.5241121779892568,0.05819317695023019,-0.07907305537751995,-0.07907305537751995,0.0,False,False,0.5235987755982988,0.0
2.1783465743051718,0.0010577343076516893,0.5235776808389154,-0.007661689861629047,0.5232518200687181,-0.02729107669080879,0.03899449156142405,0.03899449156142405,0.0,False,False,0.5235987755982988,0.0
2.1794043086128236,0.000963331323031153,0.5235742451980943,-0.003248113251392561,0.52542529201224,0.1809217642559896,-0.2499834125581284,-0.2499834125581284,0.0,False,False,0.5235987755982988,0.0
2.180367639935855,0.000992789166367724,0.5235604253395872,-0.01434590381996485,0.5237650050821742,-0.009518896057963189,0.00843054455979959,0.00843054455979959,0.0,False,False,0.5235987755982988,0.0
2.181360429102223,0.001022582205508843,0.5235502932532506,-0.010205677781197516,0.521924968693176,-0.1939071019459841,0.26281704662739247,0.26281704662739247,0.0,False,False,0.5235987755982988,0.0
2.182383011307732,0.0010216237348401932,0.5235565906939408,0.00615837108858432,0.5226818528386531,-0.10049944314816672,0.13710394145142307,0.13710394145142307,0.0,False,False,0.5235987755982988,0.0
2.183404635042572,0.0010007272556314028,0.5235681418352216,0.011306649294585467,0.5220492664452547,-0.15236920291083134,0.21073420824779107,0.21073420824779107,0.0,False,False,0.5235987755982988,0.0
2.184405362298204,0.0009440787531098481,0.5235868874484102,0.018731990243260204,0.5236020147660754,0.01802970703156223,-0.021693953457852733,-0.021693953457852733,0.0,False,False,0.5235987755982988,0.0
2.1853494410513137,0.0010518765393773247,0.5235996149876809,0.013481438099045687,0.5234933198773879,0.004713407770864578,-0.003757886348640959,-0.003757886348640959,0.0,False,False,0.5235987755982988,0.0
2.186401317590691,0.001024619378048677,0.5236096270106593,0.00951824915146007,0.5232008484741943,-0.023562660295479945,0.03543788058845637,0.03543788058845637,0.0,False,False,0.5235987755982988,0.0
2.1874259369687397,0.00098556872887022,0.5236184095749622,0.008571538359535598,0.5253732736587481,0.19081625834981158,-0.26092047510786076,-0.26092047510786076,0.0,False,False,0.5235987755982988,0.0
2.18841150569761,0.0009811901408879268,0.5236117966046503,-0.006709801273332202,0.5240908745391355,0.04161695710089655,-0.05879812945613615,-0.05879812945613615,0.0,False,False,0.5235987755982988,0.0
2.1893926958384977,0.0009500627923319524,0.5236042768548479,-0.007663906809767951,0.5242379172098767,0.052441415920254655,-0.07443424811270695,-0.07443424811270695,0.0,False,False,0.5235987755982988,0.0
2.1903427586308295,0.0009192649590434844,0.5235956433746187,-0.009087273282237778,0.5227831284774879,-0.10592826054489073,0.14179556082846592,0.14179556082846592,0.0,False,False,0.5235987755982988,0.0
2.1912620235898728,0.0010040688565693039,0.523595468985561,-0.00018970488980496816,0.5227235505826506,-0.10181647069776774,0.1379338151189886,0.1379338151189886,0.0,False,False,0.5235987755982988,0.0
2.192266092446442,0.0010782522563857033,0.5236022895758398,0.00679295073660282,0.5236344084329438,-0.0009181517250873156,0.0004603910464942851,0.0004603910464942851,0.0,False,False,0.5235987755982988,0.0
2.193344344702828,0.001048379494667867,0.5236073270518655,0.004671890085018901,0.523758304262685,0.010664094281894963,-0.015668429097225142,-0.015668429097225142,0.0,False,False,0.5235987755982988,0.0
2.194392724197496,0.0010115093712939525,0.5236098303270541,0.0023877567248608627,0.521989892887604,-0.1590827771426668,0.2198592213637068,0.2198592213637068,0.0,False,False,0.5235987755982988,0.0
2.19540423356879,0.0010484067218785816,0.5236227538061897,0.012776430453766106,0.5234654062455301,0.00269793633940113,-0.0008368752574438032,-0.0008368752574438032,0.0,False,False,0.5235987755982988,0.0
2.196452640290669,0.0010005432720286316,0.523632326352478,0.009130565541589513,0.5236446065614159,0.019520775950382308,-0.02424988847656576,-0.02424988847656576,0.0,False,False,0.5235987755982988,0.0
2.1974531835626974,0.0009268898721509354,0.5236376452154688,0.005315974970329838,0.5234498921491876,-0.001892170321879886,0.0049505064702581245,0.0049505064702581245,0.0,False,False,0.5235987755982988,0.0
2.198380073434848,0.0009001574125284975,0.523641428179322,0.004081352021217791,0.5229316111393418,-0.057619090192021466,0.08115186849165142,0.08115186849165142,0.0,False,False,0.5235987755982988,0.0
2.1992802308473767,0.0010537024280848975,0.5236473980415056,0.006632020244964229,0.5231765647737621,-0.024644870191324643,0.03717363907125108,0.03717363907125108,0.0,False,False,0.5235987755982988,0.0
2.2003339332754615,0.0009464279046740939,0.5236542889584099,0.00653971816015159,0.5234999501963966,0.008510010435640755,-0.008433155288529256,-0.008433155288529256,0.0,False,False,0.5235987755982988,0.0
2.2012803611801357,0.0010398323200327259,0.5236583799349193,0.004322544262625616,0.5237376179035634,0.03277108670859069,-0.04182446554507197,-0.04182446554507197,0.0,False,False,0.5235987755982988,0.0
2.2023201935001686,0.0009951876147226988,0.5236592141276412,0.000802237731851051,0.5241869943478339,0.07271021931173935,-0.09784020066571855,-0.09784020066571855,0.0,False,False,0.5235987755982988,0.0
2.203315381114891,0.0010224863303131854,0.5236549260549711,-0.00430880831570274,0.5245981510308213,0.10675368692050789,-0.14609318209001423,-0.14609318209001423,0.0,False,False,0.5235987755982988,0.0
2.2043378674452043,0.0009969273355249061,0.5236442324159036,-0.010458466534375327,0.5233873655698386,-0.02233749087207948,0.030610369558780003,0.030610369558780003,0.0,False,False,0.5235987755982988,0.0
2.2053347947807294,0.0010799426539808278,0.52363823083821,-0.006020075365343572,0.5232401594619307,-0.03486972348306146,0.04829875863429986,0.04829875863429986,0.0,False,False,0.5235987755982988,0.0
2.2064147374347103,0.0010081870279786563,0.5236366190025555,-0.0014925196708715331,0.5240185456272158,0.04069386908353983,-0.05638850342075418,-0.05638850342075418,0.0,False,False,0.5235987755982988,0.0
2.207422924462689,0.0009861552498890654,0.5236327088267579,-0.0038784230396633206,0.5241657715772798,0.051227521688516825,-0.07167895364787857,-0.07167895364787857,0.0,False,False,0.5235987755982988,0.0
2.208409079712578,0.0010446536367046159,0.52362653134839,-0.006264204716865422,0.5232476199896923,-0.04699939310491678,0.06272007268081796,0.06272007268081796,0.0,False,False,0.5235987755982988,0.0
2.2094537333492825,0.0010570687314623813,0.5236254234017049,-0.0010605875920418131,0.5243151718296722,0.05989248834513334,-0.08476611817888172,-0.08476611817888172,0.0,False,False,0.5235987755982988,0.0
2.2105108020807447,0.001015994917350594,0.5236199263646976,-0.005200264508607704,0.5244747758400697,0.06900197487636059,-0.09857037420350935,-0.09857037420350935,0.0,False,False,0.5235987755982988,0.0
2.211526796998095,0.000972523369427308,0.5236111520014738,-0.008636227478996044,0.5247383610879334,0.08804533708201308,-0.12616694331183764,-0.12616694331183764,0.0,False,False,0.5235987755982988,0.0
2.2124993203675225,0.0009013785003796366,0.523599128001238,-0.01236371342199605,0.5251510057502036,0.12167111150236559,-0.17394547653712428,-0.17394547653712428,0.0,False,False,0.5235987755982988,0.0
2.2134006988679022,0.0010215332198208569,0.5235836379373937,-0.01718486056379129,0.5228275472217926,-0.14826324475438313,0.19179800448237186,0.19179800448237186,0.0,False,False,0.5235987755982988,0.0
2.214422232087723,0.0009734318376497233,0.5235805190647487,-0.003053128948284904,0.5235926475403978,-0.05853966742804004,0.07035790595586625,0.07035790595586625,0.0,False,False,0.5235987755982988,0.0
2.215395663925373,0.000980289161915887,0.5235817533103652,0.0012679322462621871,0.523591594957267,-0.05279383184450741,0.0634818497519809,0.0634818497519809,0.0,False,False,0.5235987755982988,0.0
2.216375953087289,0.001022388218027026,0.5235856765311393,0.004002105630193635,0.5235000911971357,-0.05684881281364005,0.06999489459730418,0.06999489459730418,0.0,False,False,0.5235987755982988,0.0
2.2173983413053158,0.001021853555820275,0.523592171201906,0.006352450715087979,0.5230255824189907,-0.09757573184240928,0.12740835543843787,0.12740835543843787,0.0,False,False,0.5235987755982988,0.0
2.218420194861136,0.0010953391888356917,0.5236033622201998,0.010951685033465419,0.5223069648102545,-0.15814307015287776,0.21302427836825072,0.21302427836825072,0.0,False,False,0.5235987755982988,0.0
2.2195155340499717,0.0009976085764098785,0.5236244944576527,0.019292870800524876,0.5237053725317592,-0.014659842335884798,0.01567306600077494,0.01567306600077494,0.0,False,False,0.5235987755982988,0.0
2.2205131426263818,0.0009423346582482197,0.5236399876442158,0.01553032615150609,0.5229694708399436,-0.08696043441461088,0.11568000694792681,0.11568000694792681,0.0,False,False,0.5235987755982988,0.0
2.2214554772846298,0.001044615850916063,0.5236562364840943,0.017243173363349608,0.5237312799528091,0.0025783442693047137,-0.005479091504350836,-0.005479091504350836,0.0,False,False,0.5235987755982988,0.0
2.2225000931355456,0.0010804902578231705,0.5236693088641343,0.012514054835120667,0.5229763751537923,-0.06994574941023511,0.09513810729340032,0.09513810729340032,0.0,False,False,0.5235987755982988,0.0
2.223580583393369,0.0010102240193434887,0.5236844369903861,0.014001168582739438,0.5227248040512852,-0.08623422590679666,0.11921255893440133,0.11921255893440133,0.0,False,False,0.5235987755982988,0.0
2.2245908074127123,0.0009113083468236579,0.523700906324023,0.016302654977048275,0.523905370215053,0.039251015563920855,-0.052619921778280565,-0.052619921778280565,0.0,False,False,0.5235987755982988,0.0
2.225502115759536,0.0009504109664191387,0.5237101733559254,0.010168931223702979,0.5238418772336709,0.028358680402856083,-0.03840624592012531,-0.03840624592012531,0.0,False,False,0.5235987755982988,0.0
2.226452526725955,0.0010181473446370093,0.5237155263055979,0.005632247376814507,0.5242210451904477,0.06541797037040757,-0.08970241710316817,-0.08970241710316817,0.0,False,False,0.5235987755982988,0.0
2.227470674070592,0.0011034650436041653,0.5237148813479292,-0.000633462015174749,0.5256224073341308,0.19651461545715906,-0.27224290979356647,-0.27224290979356647,0.0,False,False,0.5235987755982988,0.0
2.228574139114196,0.0010440727355997266,0.5236978421242019,-0.01544156185651539,0.5239398228892489,0.024381255673308122,-0.0353963580450712,-0.0353963580450712,0.0,False,False,0.5235987755982988,0.0
2.229618211849796,0.0010490438049999887,0.5236840972365598,-0.0131646840046715,0.5241074109353929,0.037994506646115096,-0.05474884404303209,-0.05474884404303209,0.0,False,False,0.5235987755982988,0.0
2.230667255654796,0.0010152003140634247,0.5236711434629265,-0.0123481722799085,0.5227307938088815,-0.09703083944346354,0.13206067954166711,0.13206067954166711,0.0,False,False,0.5235987755982988,0.0
2.2316824559688593,0.0008952572423031026,0.5236688606830558,-0.0022486004378381667,0.5225458220827672,-0.10554797505105454,0.14561073334083396,0.14561073334083396,0.0,False,False,0.5235987755982988,0.0
2.232577713211162,0.0010107689905229707,0.5236732284604753,0.004878795962799592,0.525054507727661,0.18522635337234555,-0.2484748023753348,-0.2484748023753348,0.0,False,False,0.5235987755982988,0.0
2.233588482201685,0.0009836449519823572,0.5236639807341619,-0.009149198679474462,0.5228580925973905,-0.05059767831403461,0.07404950799319181,0.07404950799319181,0.0,False,False,0.5235987755982988,0.0
2.234572127153667,0.0009075609545730637,0.5236610836934716,-0.0029452097368731275,0.5227500706307815,-0.05651971508512259,0.0831003475174589,0.0831003475174589,0.0,False,False,0.5235987755982988,0.0
2.2354796881082404,0.001023299300889929,0.5236625653359173,0.001632554197209154,0.5236284450904569,0.045916329740936714,-0.055633646547969894,-0.055633646547969894,0.0,False,False,0.5235987755982988,0.0
2.2365029874091302,0.001017388539437512,0.523660804556015,-0.0017206890503288154,0.5235820968273273,0.03679539990429745,-0.04385426200766892,-0.04385426200766892,0.0,False,False,0.5235987755982988,0.0
2.237520375948568,0.000987451715399118,0.5236573244391755,-0.003420636958902856,0.5228697389362701,-0.03690241368011376,0.057405556332653575,0.057405556332653575,0.0,False,False,0.5235987755982988,0.0
2.238507827663967,0.001003091229172889,0.5236577497174512,0.0004306826036118926,0.5233916103776037,0.019638152741280925,-0.019836809317025625,-0.019836809317025625,0.0,False,False,0.5235987755982988,0.0
2.23951091889314,0.0010481996984631665,0.5236570520313125,-0.000695536077281527,0.5247298847321656,0.1510893565243325,-0.20166719223880186,-0.20166719223880186,0.0,False,False,0.5235987755982988,0.0
2.240559118591603,0.0009157528048032771,0.5236454763802261,-0.011043364259112268,0.5229421142690188,-0.03457586394367415,0.05331094065944889,0.05331094065944889,0.0,False,False,0.5235987755982988,0.0
2.2414748713964063,0.0009941026698536619,0.5236401623634687,-0.005802894328577769,0.5224239536861367,-0.08770129647802656,0.12638835019254996,0.12638835019254996,0.0,False,False,0.5235987755982988,0.0
2.24246897406626,0.0009381143853140138,0.5236423354226376,0.0021859504403232474,0.5244649035322875,0.12637457351661718,-0.16723979103173647,-0.16723979103173647,0.0,False,False,0.5235987755982988,0.0
2.243407088451574,0.0010284494663163476,0.5236364445161613,-0.006279518327907527,0.5240660546166973,0.0712210944693005,-0.09387633569433346,-0.09387633569433346,0.0,False,False,0.5235987755982988,0.0
2.2444355379178904,0.0009040100523051153,0.5236269778034998,-0.009204839879462419,0.5230854731534871,-0.031246629451272975,0.04673539934813882,0.04673539934813882,0.0,False,False,0.5235987755982988,0.0
2.2453395479701954,0.0010202826952857068,0.5236227061581332,-0.00472521887959625,0.5222420049707398,-0.12142493151151641,0.17013178910988191,0.17013178910988191,0.0,False,False,0.5235987755982988,0.0
2.2463598306654813,0.0009842707051559848,0.5236282087323678,0.005393185888608758,0.5229784022695126,-0.03710662844264112,0.05569467404932044,0.05569467404932044,0.0,False,False,0.5235987755982988,0.0
2.2473441013706372,0.0009692289406243727,0.5236346634688918,0.006557887469447474,0.5235869248419683,0.028428750840710434,-0.033901187394903914,-0.033901187394903914,0.0,False,False,0.5235987755982988,0.0
2.2483133303112615,0.001041447776145188,0.5236376179260636,0.003048255214027679,0.5246548587244173,0.1357697381742236,-0.18193318207920114,-0.18193318207920114,0.0,False,False,0.5235987755982988,0.0
2.249354778087407,0.0010606081178643003,0.5236299286968018,-0.00738321156175226,0.5227253402753868,-0.06307993901124163,0.0914177626259071,0.0914177626259071,0.0,False,False,0.5235987755982988,0.0
2.250415386205271,0.001049515246921878,0.5236296572207714,-0.00025596261786628785,0.5235558997099828,0.0215377925400667,-0.025073585058392505,-0.025073585058392505,0.0,False,False,0.5235987755982988,0.0
2.2514649014521932,0.000999586962524194,0.5236280933832724,-0.0014900569606165154,0.5242172682453936,0.08240058568465011,-0.1100135704692864,-0.1100135704692864,0.0,False,False,0.5235987755982988,0.0
2.2524644884147174,0.001099767048176512,0.5236215595849039,-0.006536498187297378,0.5215435118121371,-0.19332559800339866,0.2689854657549894,0.2689854657549894,0.0,False,False,0.5235987755982988,0.0
2.253564255462894,0.0009854791126028364,0.5236329600684705,0.010366271280375105,0.524535108688076,0.09802792122640683,-0.13448750108767674,-0.13448750108767674,0.0,False,False,0.5235987755982988,0.0
2.254549734575497,0.0010423519675419504,0.5236338290631736,0.0008817992100843466,0.5226019462768189,-0.1079395979345599,0.14747044530811063,0.14747044530811063,0.0,False,False,0.5235987755982988,0.0
2.2555920865430386,0.000990808342988718,0.5236424684547212,0.008288363064159029,0.5239321891778516,0.030473721005847332,-0.04256990963896618,-0.04256990963896618,0.0,False,False,0.5235987755982988,0.0
2.2565828948860274,0.0009318571211490205,0.5236462482976376,0.0038149082445821953,0.5238615199561325,0.02029386740981158,-0.02908203933278029,-0.02908203933278029,0.0,False,False,0.5235987755982988,0.0
2.2575147520071766,0.001018500668533074,0.5236475453841404,0.0013919371041651672,0.5245940255618088,0.09687155347555745,-0.1341603635138484,-0.1341603635138484,0.0,False,False,0.5235987755982988,0.0
2.2585332526757096,0.0009765604558583372,0.5236415663004629,-0.005870475947874288,0.524122338519268,0.04087249504205595,-0.05847112662791315,-0.05847112662791315,0.0,False,False,0.5235987755982988,0.0
2.259509813131568,0.0010238165332471705,0.5236347006322073,-0.007030459009846216,0.5215601233143551,-0.2255861406413005,0.30739910988054775,0.30739910988054775,0.0,False,False,0.5235987755982988,0.0
2.260533629664815,0.0010680913507740528,0.523645767024918,0.010808960737971312,0.5229609179367083,-0.06620666298841785,0.09092943349473084,0.09092943349473084,0.0,False,False,0.5235987755982988,0.0
2.261601721015589,0.0010541825224642982,0.5236590725784415,0.01245731791929924,0.5237796793059595,0.01707049609616032,-0.023740862053284306,-0.023740862053284306,0.0,False,False,0.5235987755982988,0.0
2.2626559035380533,0.0010536583197985516,0.5236671422300004,0.007654890293665981,0.5234969901806027,-0.011452509890341753,0.015575149386940278,0.015575149386940278,0.0,False,False,0.5235987755982988,0.0
2.2637095618578518,0.0010890163182097638,0.5236736065297027,0.006135100516747435,0.5240904005185582,0.04601178939025923,-0.06406339583297915,-0.06406339583297915,0.0,False,False,0.5235987755982988,0.0
2.2647985781760616,0.0009702916229093366,0.523674343024838,0.0006762939387947716,0.5243631952949162,0.066460260469926,-0.09351186710302323,-0.09351186710302323,0.0,False,False,0.5235987755982988,0.0
2.265768869798971,0.0009743489881647524,0.5236704038294346,-0.004059805640156473,0.5242013781364434,0.043137066996964235,-0.06261132608295975,-0.06261132608295975,0.0,False,False,0.5235987755982988,0.0
2.266743218787136,0.001056310500223752,0.523664632193369,-0.005923581935950293,0.5234776420307642,-0.03545558025384008,0.044727100520231364,0.044727100520231364,0.0,False,False,0.5235987755982988,0.0
2.26779952928736,0.0010421874765693929,0.5236628236265737,-0.0017121545179669892,0.5220515906292995,-0.16691307305135392,0.22814501710361218,0.22814501710361218,0.0,False,False,0.5235987755982988,0.0
2.268841716763929,0.000964365342343434,0.5236739932592966,0.010717488910670423,0.523276510885616,-0.032688185286338,0.04502658717189633,0.04502658717189633,0.0,False,False,0.5235987755982988,0.0
2.2698060821062724,0.0009591609826698555,0.5236836492893235,0.010012833936366494,0.5240469990435963,0.05047651130319766,-0.06863983557919204,-0.06863983557919204,0.0,False,False,0.5235987755982988,0.0
2.2707652430889422,0.001005741941430508,0.5236875053214707,0.004020213725090653,0.5227359105776541,-0.09126231989292632,0.12504635424311616,0.12504635424311616,0.0,False,False,0.5235987755982988,0.0
2.271770985030373,0.0010781832940602665,0.5236966528931114,0.009095346692685798,0.5242475440193745,0.06816424058523102,-0.09347492028163874,-0.09347492028163874,0.0,False,False,0.5235987755982988,0.0
2.272849168324433,0.0009528923913344489,0.5236980139480591,0.001262359522032389,0.5244907366450773,0.08390359410576884,-0.116739611768935,-0.116739611768935,0.0,False,False,0.5235987755982988,0.0
2.2738020607157674,0.0009655969727492916,0.5236935688424418,-0.004664855819812248,0.5238042811648623,0.003474095075908415,-0.007868014289233331,-0.007868014289233331,0.0,False,False,0.5235987755982988,0.0
2.2747676576885167,0.0009673261597290084,0.5236899967355094,-0.0036993766893656656,0.5210163444243363,-0.2856000626720046,0.38920383633773065,0.38920383633773065,0.0,False,False,0.5235987755982988,0.0
2.275734983848246,0.0009038436139564777,0.5237056681574251,0.016200763060172492,0.5225903256543879,-0.09432542140593947,0.13134260467752384,0.13134260467752384,0.0,False,False,0.5235987755982988,0.0
2.2766388274622025,0.0010712020489220169,0.5237223409145627,0.018446506541792147,0.525368351471174,0.22246403225008712,-0.2988092044118579,-0.2988092044118579,0.0,False,False,0.5235987755982988,0.0
2.2777100295111246,0.0010416431418667855,0.5237198671449161,-0.0023093399130835086,0.5232429229461697,0.0018023508669396116,0.004242526697996596,0.004242526697996596,0.0,False,False,0.5235987755982988,0.0
2.2787516726529913,0.0009564581582817457,0.5237184502022544,-0.0013602956759892798,0.5219869585985177,-0.11895318464376313,0.17175652756857518,0.17175652756857518,0.0,False,False,0.5235987755982988,0.0
2.279708130811273,0.0010182066937698012,0.5237253831123566,0.007248524195385219,0.5248033398124904,0.1874015609880507,-0.24656402904110913,-0.24656402904110913,0.0,False,False,0.5235987755982988,0.0
2.280726337505043,0.0010290210166486926,0.5237177916733899,-0.007455695403608905,0.5237294466256893,0.06319232936931438,-0.07818287373620635,-0.07818287373620635,0.0,False,False,0.5235987755982988,0.0
2.281755358521692,0.0010008303092951714,0.5237082763319741,-0.009246984523956102,0.5246725188105196,0.14852061087301519,-0.19755211086759183,-0.19755211086759183,0.0,False,False,0.5235987755982988,0.0
2.282756188830987,0.0009353778974612939,0.5236917609915276,-0.01650163898237414,0.5239334530302545,0.05982328616799405,-0.07781213717679544,-0.07781213717679544,0.0,False,False,0.5235987755982988,0.0
2.2836915667284483,0.00107361861812925,0.5236765377699657,-0.016274942569384252,0.5240767061070659,0.06915595239982247,-0.09158989203759475,-0.09158989203759475,0.0,False,False,0.5235987755982988,0.0
2.2847651853465774,0.0009952321617557236,0.5236585062473331,-0.0167950912252592,0.5239752915767234,0.05279430912844282,-0.07013045856577392,-0.07013045856577392,0.0,False,False,0.5235987755982988,0.0
2.285760417508333,0.0010543522004384112,0.5236424595453768,-0.0161235765612807,0.5242511329222367,0.07523115951288523,-0.10201982324634391,-0.10201982324634391,0.0,False,False,0.5235987755982988,0.0
2.2868147697087715,0.0009371675019273649,0.5236243127906786,-0.017211283564168855,0.5256117457813023,0.19675532572213825,-0.27233985416062895,-0.27233985416062895,0.0,False,False,0.5235987755982988,0.0
2.287751937210699,0.0009013207734149337,0.5235999544269007,-0.02599147295205139,0.5244473173079114,0.052830022324945325,-0.07866977756296067,-0.07866977756296067,0.0,False,False,0.5235987755982988,0.0
2.2886532579841137,0.0010488094854503103,0.5235776164881334,-0.024783561442488913,0.522198510268377,-0.20195427909696378,0.2675499108549484,0.2675499108549484,0.0,False,False,0.5235987755982988,0.0
2.289702067469564,0.0009203055709696183,0.5235720260300698,-0.0053302893816136,0.5239618117342479,-0.013634755216318822,0.009827055812498351,0.009827055812498351,0.0,False,False,0.5235987755982988,0.0
2.2906223730405335,0.0010086139828520896,0.5235688779356619,-0.0034207055865232245,0.5245650078232417,0.05327174297312241,-0.08131827161671826,-0.08131827161671826,0.0,False,False,0.5235987755982988,0.0
2.2916309870233857,0.0009542816431887648,0.5235623393263805,-0.006482766838937998,0.5246118937759029,0.052593121388577774,-0.08134787286316672,-0.08134787286316672,0.0,False,False,0.5235987755982988,0.0
2.2925852686665746,0.00102158836928146,0.5235541841096519,-0.00854592225137803,0.5231819010316622,-0.10251636909619741,0.13052338511489636,0.13052338511489636,0.0,False,False,0.5235987755982988,0.0
2.293606857035856,0.0009347294483500572,0.5235548242586789,0.0006266212951245662,0.5245714300672465,0.04375179632594313,-0.07000993603218991,-0.07000993603218991,0.0,False,False,0.5235987755982988,0.0
2.2945415864842063,0.0010277016764879054,0.5235521851454482,-0.0028233979740305303,0.5243617931195743,0.016949063133094806,-0.034073191142672765,-0.034073191142672765,0.0,False,False,0.5235987755982988,0.0
2.295569288160694,0.0011159304578540622,0.5235483848085084,-0.00369789893964595,0.5257933297755127,0.15454911845014835,-0.22496091733002868,-0.22496091733002868,0.0,False,False,0.5235987755982988,0.0
2.296685218618548,0.000999766211626269,0.5235316353986368,-0.01500936707454318,0.5228771354139763,-0.12222981596382668,0.15966530247439745,0.15966530247439745,0.0,False,False,0.5235987755982988,0.0
2.297684984830174,0.0010704814663169081,0.5235284798699823,-0.003156266552865012,0.5230856893357471,-0.08914656530198652,0.11621143108831539,0.11621143108831539,0.0,False,False,0.5235987755982988,0.0
2.298755466296491,0.0010762988926816862,0.5235328502638826,0.004082643219714838,0.5232657109989477,-0.06341502133701357,0.08209318839273641,0.08209318839273641,0.0,False,False,0.5235987755982988,0.0
2.2998317651891726,0.0009783854461054037,0.5235405809679075,0.0071826739555455555,0.5231127814386883,-0.07128235666465405,0.0942867228705735,0.0942867228705735,0.0,False,False,0.5235987755982988,0.0
2.3008101506352783,0.0010365816800468326,0.5235501153033253,0.009744968566114173,0.5227734256786031,-0.0988394039238607,0.13346358326315616,0.13346358326315616,0.0,False,False,0.5235987755982988,0.0
2.301846732315325,0.0009893611755662623,0.5235644309763107,0.01381046304497546,0.5211535417894003,-0.24522717085410156,0.33828681358509477,0.33828681358509477,0.0,False,False,0.5235987755982988,0.0
2.3028360934908916,0.0009795047312467177,0.5235910828679077,0.026938485413809513,0.5232117360142499,-0.012671808494175735,0.02217288270589205,0.02217288270589205,0.0,False,False,0.5235987755982988,0.0
2.303815598222138,0.0010352616859483656,0.5236134021606056,0.022786304124866538,0.5239357278736326,0.06250944712048229,-0.08107647750058737,-0.08107647750058737,0.0,False,False,0.5235987755982988,0.0
2.3048508599080866,0.001012855704086031,0.5236273138200859,0.013437819315719662,0.5231968965627438,-0.015108121211176988,0.025363568093402334,0.025363568093402334,0.0,False,False,0.5235987755982988,0.0
2.3058637156121726,0.001030653612589362,0.5236385618932832,0.01110530666109998,0.5253275005899696,0.1967588175161829,-0.2672276308694932,-0.2672276308694932,0.0,False,False,0.5235987755982988,0.0
2.306894369224762,0.0009821381167576242,0.5236325522044595,-0.005830949166879358,0.5236442248030606,0.013761741684626433,-0.017332175707264006,-0.017332175707264006,0.0,False,False,0.5235987755982988,0.0
2.3078765073415197,0.0010249755518582243,0.5236276530932802,-0.004988210004001588,0.5247542884808739,0.12541077841806847,-0.17129216598803385,-0.17129216598803385,0.0,False,False,0.5235987755982988,0.0
2.308901482893378,0.0010489679293144401,0.523615103838459,-0.01224346746457159,0.523843236185162,0.023984429697343657,-0.03318160620035046,-0.03318160620035046,0.0,False,False,0.5235987755982988,0.0
2.3099504508226922,0.0010076355806318217,0.5236040915961123,-0.010498168760879549,0.5243252680221216,0.06753894901451558,-0.09412360244622969,-0.09412360244622969,0.0,False,False,0.5235987755982988,0.0
2.310958086403324,0.0010326993533335083,0.5235917107425243,-0.01228703494201812,0.5238353949687506,0.012168960875880333,-0.018861901719189327,-0.018861901719189327,0.0,False,False,0.5235987755982988,0.0
2.3119907857566573,0.00090029250291642,0.5235815698834806,-0.009819759265829562,0.5247760598123514,0.10204003153915307,-0.14363915369993066,-0.14363915369993066,0.0,False,False,0.5235987755982988,0.0
2.3128910782595735,0.0010210130738152016,0.5235691526354966,-0.013792459610296303,0.5236179689275584,-0.03679892981351221,0.043813235849541984,0.043813235849541984,0.0,False,False,0.5235987755982988,0.0
2.3139120913333886,0.0008774516637380312,0.5235611503070753,-0.007837635605813393,0.5239940972992491,0.0037197051327368183,-0.011579436776388615,-0.011579436776388615,0.0,False,False,0.5235987755982988,0.0
2.3147895429971266,0.0009664370797789137,0.5235555745333409,-0.006354508134013262,0.5238752603258751,-0.01019568643552082,0.007258098626252613,0.007258098626252613,0.0,False,False,0.5235987755982988,0.0
2.3157559800769056,0.0010097587162291018,0.523551518939051,-0.004196439038514912,0.523299942417554,-0.0687059020230039,0.08782607968101219,0.08782607968101219,0.0,False,False,0.5235987755982988,0.0
2.316765738793135,0.0009818216440716776,0.5235530412036474,0.0015075528162227627,0.5239064549475273,-0.001770217038621326,-0.003413967839767132,-0.003413967839767132,0.0,False,False,0.5235987755982988,0.0
2.3177475604372066,0.000932253804304712,0.5235539158413296,0.0008908315349291281,0.5255037856792009,0.16109732399921364,-0.22760697025529322,-0.22760697025529322,0.0,False,False,0.5235987755982988,0.0
2.3186798142415115,0.0010221494200886487,0.5235446204847514,-0.009970843278170482,0.5233086546384069,-0.09047736769160597,0.11379501850798124,0.11379501850798124,0.0,False,False,0.5235987755982988,0.0
2.3197019636616,0.0010516284390520774,0.5235433047531959,-0.0012872203707875174,0.5239093569270366,-0.022661091135226095,0.02160284544499207,0.02160284544499207,0.0,False,False,0.5235987755982988,0.0
2.3207535921006524,0.0009764419948799614,0.523543577804444,0.00025964612409618503,0.5246411970021916,0.04919614427141029,-0.07779895839576217,-0.07779895839576217,0.0,False,False,0.5235987755982988,0.0
2.3217300340955322,0.001035004560291798,0.5235400472528131,-0.0036157310413079046,0.5245351059557704,0.033411465971809245,-0.05694770560065877,-0.05694770560065877,0.0,False,False,0.5235987755982988,0.0
2.322765038655824,0.0010795444453806516,0.5235344197233373,-0.005437202589943361,0.5235446442266244,-0.06562604440436058,0.07972561797537236,0.07972561797537236,0.0,False,False,0.5235987755982988,0.0
2.3238445831012045,0.0009682971199545799,0.5235350765372598,0.0006084176760126894,0.5214551775261876,-0.2526142205156223,0.34172182991674793,0.34172182991674793,0.0,False,False,0.5235987755982988,0.0
2.324812880221159,0.0009605674446843862,0.5235515122093487,0.01697379012096378,0.5240024204813363,0.035711389444307906,-0.050119275227843714,-0.050119275227843714,0.0,False,False,0.5235987755982988,0.0
2.3257734476658434,0.0010892590919074525,0.5235616197432187,0.010522461411670125,0.5216247630694071,-0.21538608667579273,0.29399552953100244,0.29399552953100244,0.0,False,False,0.5235987755982988,0.0
2.3268627067577508,0.0010754322394862543,0.5235870383122266,0.02333565007335032,0.5248698005361053,0.10406488194424782,-0.14775630721361455,-0.14775630721361455,0.0,False,False,0.5235987755982988,0.0
2.327938138997237,0.001033269413281065,0.5235977691381695,0.009978151620174599,0.5237456629905907,-0.01087051139548588,0.010400640613329752,0.010400640613329752,0.0,False,False,0.5235987755982988,0.0
2.328971408410518,0.0009170675987855377,0.5236056370964072,0.0076146241595206315,0.5244780172510779,0.061093917035402484,-0.08913905019250648,-0.08913905019250648,0.0,False,False,0.5235987755982988,0.0
2.3298884760093035,0.0011169741228980556,0.5236070127969907,0.001500108154958964,0.522819772317982,-0.12583583461672265,0.16502506058576905,0.16502506058576905,0.0,False,False,0.5235987755982988,0.0
2.3310054501322015,0.0010035187184663362,0.5236184149893357,0.010208107879345302,0.5222635966357905,-0.1630453189432765,0.219687604057082,0.219687604057082,0.0,False,False,0.5235987755982988,0.0
2.3320089688506678,0.0010352807939830635,0.5236368382569274,0.018358668605442968,0.5238643893840411,0.012777188928331823,-0.020113674857359633,-0.020113674857359633,0.0,False,False,0.5235987755982988,0.0
2.333044249644651,0.000997377263508555,0.5236500261958331,0.012738514016974959,0.5236207016624715,-0.012038851450407414,0.01405195258537979,0.01405195258537979,0.0,False,False,0.5235987755982988,0.0
2.334041626908159,0.0009823805818998574,0.5236600204037526,0.010020489021747212,0.5232310701125318,-0.04990058011022955,0.06649939487608206,0.06649939487608206,0.0,False,False,0.5235987755982988,0.0
2.335024007490059,0.0009294339055470663,0.5236703539696315,0.010518902825762188,0.5237442348745186,0.007326337163055231,-0.011409871567622383,-0.011409871567622383,0.0,False,False,0.5235987755982988,0.0
2.3359534413956062,0.000941662292419752,0.5236771017540081,0.007260101375975832,0.5260921451616996,0.25921094423903285,-0.3559337852280527,-0.3559337852280527,0.0,False,False,0.5235987755982988,0.0
2.336895103688026,0.0009579611826348804,0.5236662810128329,-0.01149110595407431,0.5243945419375128,0.05301256380163649,-0.07793887066781517,-0.07793887066781517,0.0,False,False,0.5235987755982988,0.0
2.337853064870661,0.0009592666384180666,0.523654594992125,-0.01219884575670693,0.5245704553004952,0.06607461547311463,-0.09677977320727203,-0.09677977320727203,0.0,False,False,0.5235987755982988,0.0
2.3388123315090787,0.000932250970623459,0.5236414891322091,-0.013662374350316668,0.5243779630040417,0.03940054379424457,-0.06130602585646565,-0.06130602585646565,0.0,False,False,0.5235987755982988,0.0
2.3397445824797023,0.0009858784272324815,0.5236292308986128,-0.013149070349750814,0.5249203051770546,0.09363604407797638,-0.1361507853111752,-0.1361507853111752,0.0,False,False,0.5235987755982988,0.0
2.3407304609069346,0.0010418112438087346,0.5236130649708473,-0.016397486058083017,0.5234471961455026,-0.06514852247494173,0.08090665712026171,0.08090665712026171,0.0,False,False,0.5235987755982988,0.0
2.3417722721507435,0.0009848247372894292,0.523604839521203,-0.007895335832830478,0.5218117220131271,-0.21561739852706074,0.290907842765564,0.290907842765564,0.0,False,False,0.5235987755982988,0.0
2.342757096888033,0.001000950610684788,0.5236133868307422,0.00867901588538085,0.5234488143835143,-0.027823809655913162,0.03608787345321679,0.03608787345321679,0.0,False,False,0.5235987755982988,0.0
2.3437580474987176,0.0010859958789098967,0.5236213907708013,0.007996338654094668,0.524329763810574,0.06296984955416005,-0.08872160728594439,-0.08872160728594439,0.0,False,False,0.5235987755982988,0.0
2.3448440433776274,0.0008759624137100392,0.5236221176499793,0.0006693203833784481,0.5227758071508843,-0.08641761022418415,0.1185145643224815,0.1185145643224815,0.0,False,False,0.5235987755982988,0.0
2.3457200057913377,0.001012000551777322,0.5236270947511766,0.005681866161640754,0.5234731864249542,0.0018370729002460534,5.6117639907499444e-05,5.6117639907499444e-05,0.0,False,False,0.5235987755982988,0.0
2.346732006343115,0.001042554442916811,0.5236311241804125,0.00398164727157189,0.5230274411963592,-0.04239258157944512,0.061155117130246434,0.061155117130246434,0.0,False,False,0.5235987755982988,0.0
2.347774560786032,0.0010063035846829822,0.5236373000542902,0.0059237902823478005,0.5249480678495867,0.14606982830705673,-0.19957105449164994,-0.19957105449164994,0.0,False,False,0.5235987755982988,0.0
2.348780864370715,0.0008970377109023837,0.5236313836701831,-0.005879323294794527,0.5242854082962338,0.0656119866063976,-0.09109377249050725,-0.09109377249050725,0.0,False,False,0.5235987755982988,0.0
2.3496779020816176,0.000960613892163833,0.5236238433363046,-0.008405815928219394,0.5241924197883409,0.04868461194637613,-0.06910712975640812,-0.06910712975640812,0.0,False,False,0.5235987755982988,0.0
2.3506385159737815,0.0010053689008413939,0.5236148101197569,-0.009403587249225019,0.524157259597191,0.0401559714188426,-0.058239877682669534,-0.058239877682669534,0.0,False,False,0.5235987755982988,0.0
2.351643884874623,0.0009735991742237361,0.5236051091009551,-0.009649213133193332,0.523572602995908,-0.02201306579798623,0.026886785800617784,0.026886785800617784,0.0,False,False,0.5235987755982988,0.0
2.3526174840488467,0.0010214456895955167,0.5235995746627712,-0.005684514048977176,0.5237719750421764,0.0006660772002102383,-0.00391688263004934,-0.00391688263004934,0.0,False,False,0.5235987755982988,0.0
2.3536389297384424,0.0009785816051345042,0.5235953205000028,-0.004164844799573755,0.522561051841295,-0.1179504655007854,0.16021958622701157,0.16021958622701157,0.0,False,False,0.5235987755982988,0.0
2.354617511343577,0.0009445640906534003,0.5236001118060548,0.0048961742453319315,0.5216920812344039,-0.1949544115264587,0.26826579238185866,0.26826579238185866,0.0,False,False,0.5235987755982988,0.0
2.3555620754342304,0.0009598332439967745,0.5236154014932063,0.0161870298720231,0.523746371986688,0.04202661611117478,-0.053088674324416,-0.053088674324416,0.0,False,False,0.5235987755982988,0.0
2.356521908678227,0.0009371586672138913,0.5236247339134134,0.009722959967713048,0.5239074687492298,0.05460778268576505,-0.07108581593967535,-0.07108581593967535,0.0,False,False,0.5235987755982988,0.0
2.357459067345441,0.0009922271915513937,0.5236283126988795,0.003818761530405213,0.5246835951112161,0.13196396905068955,-0.17788351409333847,-0.17788351409333847,0.0,False,False,0.5235987755982988,0.0
2.3584512945369926,0.0010345113751782607,0.5236222159132425,-0.006144546016190369,0.5249934650955,0.1499973133704558,-0.20510118699416907,-0.20510118699416907,0.0,False,False,0.5235987755982988,0.0
2.359485805912171,0.0009817265359474176,0.5236068234893677,-0.014878931487951339,0.5249769056300955,0.13339687799071936,-0.184882594161203,-0.184882594161203,0.0,False,False,0.5235987755982988,0.0
2.3604675324481184,0.0010176772723418605,0.5235870163618116,-0.020175809485460695,0.5227160764760335,-0.11023394193917413,0.14816931452778528,0.14816931452778528,0.0,False,False,0.5235987755982988,0.0
2.36148520972046,0.000972942236751896,0.5235789955197238,-0.00788151834160096,0.5232715862847475,-0.04462449931797239,0.05943880682549129,0.05943880682549129,0.0,False,False,0.5235987755982988,0.0
2.362458151957212,0.0010016152019437232,0.5235762995304563,-0.0027709653930960525,0.5239954702791252,0.03423948926984688,-0.04822789137869092,-0.04822789137869092,0.0,False,False,0.5235987755982988,0.0
2.3634597671591555,0.0010032219432875992,0.5235719447000596,-0.004347807808970424,0.525781448348722,0.2091253409659902,-0.29023851866680517,-0.29023851866680517,0.0,False,False,0.5235987755982988,0.0
2.364462989102443,0.000914303195496237,0.5235542872623125,-0.017600729195901624,0.5248459174803601,0.09496017472539404,-0.1364007635475766,-0.1364007635475766,0.0,False,False,0.5235987755982988,0.0
2.3653772922979392,0.001048770732019719,0.523536095779929,-0.019896553433400094,0.5245129540856466,0.04904698225514029,-0.07531159147842803,-0.07531159147842803,0.0,False,False,0.5235987755982988,0.0
2.366426063029959,0.0010640375396100403,0.5235161863227678,-0.018983612484060743,0.5231777774915721,-0.08316643591368977,0.10737768901750812,0.10737768901750812,0.0,False,False,0.5235987755982988,0.0
2.367490100569569,0.0009586507733462309,0.523507174404894,-0.008469548806543464,0.5227364373290913,-0.1163276674960314,0.1551152898409738,0.1551152898409738,0.0,False,False,0.5235987755982988,0.0
2.3684487513429153,0.0009653603717299221,0.5235084186678425,0.0012979314084809162,0.5241968706708413,0.04764768138619975,-0.06794292896920456,-0.06794292896920456,0.0,False,False,0.5235987755982988,0.0
2.3694141117146454,0.0009766640219167576,0.5235061385680335,-0.002361915690471343,0.5225456304175309,-0.12816618941564742,0.17275604055259972,0.17275604055259972,0.0,False,False,0.5235987755982988,0.0
2.370390775736562,0.0009271736266867398,0.5235127529099133,0.006772382038545433,0.5233046779408609,-0.03763118356756698,0.05045117811496312,0.05045117811496312,0.0,False,False,0.5235987755982988,0.0
2.371317949363249,0.0009444603280947477,0.5235194945806037,0.007271206272782464,0.5234193319246652,-0.021502098308365372,0.02903250409544415,0.02903250409544415,0.0,False,False,0.5235987755982988,0.0
2.3722624096913436,0.0009725774849766995,0.5235257665001161,0.0066407442703606285,0.5249158445326167,0.13909972282206762,-0.19062690820420394,-0.19062690820420394,0.0,False,False,0.5235987755982988,0.0
2.3732349871763203,0.0009180707625607244,0.5235213661179443,-0.004524454081784972,0.5232118343287148,-0.050015848008701874,0.06698396046295517,0.06698396046295517,0.0,False,False,0.5235987755982988,0.0
2.374153057938881,0.000953576900745032,0.5235211753990104,-0.0002077388167014589,0.5213925285254517,-0.24318044793509283,0.3315289848333594,0.3315289848333594,0.0,False,False,0.5235987755982988,0.0
2.375106634839626,0.0010424763483233759,0.5235361078401767,0.01565939900024686,0.5239763188399653,0.05209532585697857,-0.06931016937837128,-0.06931016937837128,0.0,False,False,0.5235987755982988,0.0
2.3761491111879494,0.0009851639592451183,0.5235443310609514,0.007888160520848094,0.5229343194169487,-0.05306845745992238,0.07564236021620932,0.07564236021620932,0.0,False,False,0.5235987755982988,0.0
2.3771342751471947,0.000966489343383917,0.5235535576657028,0.009365552469453935,0.5235907602526996,0.018871036546354462,-0.022500967634838966,-0.022500967634838966,0.0,False,False,0.5235987755982988,0.0
2.3781007644905787,0.0009875080784971558,0.5235590753386046,0.0057089847286749115,0.523483411213272,0.005876822382699258,-0.0049756279287568005,-0.0049756279287568005,0.0,False,False,0.5235987755982988,0.0
2.379088272569076,0.0010795983405895997,0.5235628218918248,0.0037939469071743615,0.5233239700966805,-0.010856663628046421,0.017974495382784953,0.017974495382784953,0.0,False,False,0.5235987755982988,0.0
2.380167870909666,0.0010351375390133307,0.523566636731851,0.0035335734437177743,0.5242563390000645,0.07659157558521312,-0.10374603193403842,-0.10374603193403842,0.0,False,False,0.5235987755982988,0.0
2.3812030084486793,0.0009129610495527215,0.5235635968729455,-0.0029366714961771533,0.5222259199171737,-0.12721727284686682,0.1773721296764921,0.1773721296764921,0.0,False,False,0.5235987755982988,0.0
2.382115969498232,0.0010158855800334154,0.5235690466424473,0.005969334074476173,0.5231178666171923,-0.016797324980309933,0.028813151636289485,0.028813151636289485,0.0,False,False,0.5235987755982988,0.0
2.3831318550782656,0.0010147804164322945,0.5235747777971286,0.005641535615780259,0.5241717134867471,0.08861917573920938,-0.11665589287911984,-0.11665589287911984,0.0,False,False,0.5235987755982988,0.0
2.384146635494698,0.0009215829005566843,0.5235727749263513,-0.001973698688654801,0.5230368848655449,-0.032072710449196754,0.048601285728606704,0.048601285728606704,0.0,False,False,0.5235987755982988,0.0
2.3850682183952547,0.0010508851996896813,0.5235735278561469,0.0008169962735303784,0.5221695791509,-0.12297587853254056,0.1732965902922272,0.1732965902922272,0.0,False,False,0.5235987755982988,0.0
2.3861191035949445,0.0009943297577545813,0.523583681378088,0.00966187547800195,0.5241671059766695,0.0794021126187459,-0.1055124819531672,-0.1055124819531672,0.0,False,False,0.5235987755982988,0.0
2.387113433352699,0.0009432798606598914,0.5235853724305308,0.0017006958000542506,0.5245654573861646,0.11152420527450063,-0.15122931851098412,-0.15122931851098412,0.0,False,False,0.5235987755982988,0.0
2.3880567132133588,0.0009937530364081159,0.5235797897110985,-0.005918412620858906,0.5235405239850491,-0.008284558281243304,0.010989998975986248,0.010989998975986248,0.0,False,False,0.5235987755982988,0.0
2.389050466249767,0.000935835893359891,0.5235761782651125,-0.003634148378632799,0.5218650176742858,-0.1760599959133446,0.24247963772824713,0.24247963772824713,0.0,False,False,0.5235987755982988,0.0
2.389986302143127,0.0010269615153097708,0.5235843525296381,0.008734720033281691,0.5242004273546064,0.09109933849781732,-0.12014893781091673,-0.12014893781091673,0.0,False,False,0.5235987755982988,0.0
2.3910132636584365,0.0009718983452386774,0.5235843497918938,-2.665868363808596e-06,0.5221358243546574,-0.11905055343901741,0.16919378651236563,0.16919378651236563,0.0,False,False,0.5235987755982988,0.0
2.391985162003675,0.0009604000670112009,0.5235923388738862,0.008220079838160928,0.5238618170793251,0.07044434276872505,-0.08926795798094335,-0.08926795798094335,0.0,False,False,0.5235987755982988,0.0
2.392945562070686,0.0009568827117132906,0.5235939316094265,0.0016584084018313513,0.5228194733227218,-0.045132336809534365,0.068186245131827,0.068186245131827,0.0,False,False,0.5235987755982988,0.0
2.3939024447823996,0.001005848144456296,0.5235981795851404,0.004439390180155116,0.5225860288686098,-0.06501545298989433,0.09624798472227493,0.09624798472227493,0.0,False,False,0.5235987755982988,0.0
2.3949082929268557,0.0010112482925469736,0.5236061700848205,0.007944041776168573,0.5232205308450412,0.004567381460780069,0.0013275478057016262,0.0013275478057016262,0.0,False,False,0.5235987755982988,0.0
2.3959195412194028,0.0009524923921047263,0.5236119223045383,0.005688236766654097,0.5234519650110125,0.026996631620153536,-0.029753367373031338,-0.029753367373031338,0.0,False,False,0.5235987755982988,0.0
2.3968720336115075,0.0008876087884049079,0.5236144622440516,0.0026666244625892454,0.5230522844921638,-0.017664576028907995,0.031034331145120088,0.031034331145120088,0.0,False,False,0.5235987755982988,0.0
2.3977596423999126,0.0009621821365115242,0.5236174167175952,0.003328576262650501,0.5241311572437022,0.10565010931034868,-0.13636300078967903,-0.13636300078967903,0.0,False,False,0.5235987755982988,0.0
2.398721824536424,0.000976884114833158,0.5236133788511048,-0.00419657187257407,0.5232241098837832,0.0008152792359697875,0.005765647778117227,0.005765647778117227,0.0,False,False,0.5235987755982988,0.0
2.399698708651257,0.0010057104533627197,0.5236107545270747,-0.0026864230774568077,0.5244661324275081,0.12787498791001947,-0.16906240841778972,-0.16906240841778972,0.0,False,False,0.5235987755982988,0.0
2.4007044191046196,0.000982098643744415,0.5236003239840399,-0.01037131810653388,0.5238456938594765,0.053395919149052826,-0.06851963168006255,-0.06851963168006255,0.0,False,False,0.5235987755982988,0.0
2.401686517748364,0.0010090322952758636,0.5235896320108969,-0.010886862751588441,0.522980898512091,-0.039999526716369804,0.0591212196113853,0.0591212196113853,0.0,False,False,0.5235987755982988,0.0
2.40269555004364,0.0010457018761859341,0.5235847324979722,-0.0048556552130327515,0.5228290573931117,-0.05104776622749584,0.07511224716636317,0.07511224716636317,0.0,False,False,0.5235987755982988,0.0
2.403741251919826,0.0009638577171527211,0.5235853452129065,0.0005859365352430691,0.5221476334712665,-0.11110725270529967,0.1594492615329418,0.1594492615329418,0.0,False,False,0.5235987755982988,0.0
2.404705109636979,0.0009776718065298035,0.5235931511285377,0.00809861818009941,0.5238468636884658,0.07629818774569407,-0.09602341091783824,-0.09602341091783824,0.0,False,False,0.5235987755982988,0.0
2.4056827814435087,0.0009740643071033995,0.5235942456153594,0.0011194828513667468,0.5232848096060541,0.011179334444630033,-0.007763813473150397,-0.007763813473150397,0.0,False,False,0.5235987755982988,0.0
2.406656845750612,0.0009688128370024572,0.5235946451815191,0.00041020511350790465,0.5215245140582294,-0.170655163089865,0.24212290342908718,0.24212290342908718,0.0,False,False,0.5235987755982988,0.0
2.4076256585876146,0.001014733743975952,0.5236062883717097,0.012017997435518462,0.5231387889526233,0.013034373126676074,-0.0073614881298526315,-0.0073614881298526315,0.0,False,False,0.5235987755982988,0.0
2.4086403923315904,0.0010139877049280925,0.5236147330356927,0.008322049043023288,0.5228284325115422,-0.018854076552396362,0.03649106742449459,0.03649106742449459,0.0,False,False,0.5235987755982988,0.0
2.4096543800365184,0.0010750132076916884,0.5236225848309378,0.0077434817078780305,0.5249976229276015,0.19695802917983524,-0.2615288869432515,-0.2615288869432515,0.0,False,False,0.5235987755982988,0.0
2.41072939324421,0.0010234857764256599,0.5236132034714427,-0.00872673882330115,0.5221272488109389,-0.08974603895063532,0.13418272891324157,0.13418272891324157,0.0,False,False,0.5235987755982988,0.0
2.4117528790206357,0.000991392321691616,0.5236139170201408,0.0006971750018724618,0.5223561011635602,-0.058411343895281916,0.09246175249963269,0.09246175249963269,0.0,False,False,0.5235987755982988,0.0
2.4127442713423273,0.0009296077420513348,0.5236189438111049,0.0050704356428797085,0.5245875750545739,0.17251463755116755,-0.2248159552743521,-0.2248159552743521,0.0,False,False,0.5235987755982988,0.0
2.413673879084379,0.0010530372408494313,0.523612638774742,-0.006782469721071944,0.5247966379881169,0.1777525447517752,-0.23486457671885633,-0.23486457671885633,0.0,False,False,0.5235987755982988,0.0
2.414726916325228,0.000980675901856724,0.5235946783522509,-0.017055828411674426,0.5229445580946537,-0.015902519251247277,0.030858938167109218,0.030858938167109218,0.0,False,False,0.5235987755982988,0.0
2.415707592227085,0.0010002786551992213,0.523583497727724,-0.011400937359416184,0.5230318987895642,-0.00540609406896371,0.01669109543997877,0.01669109543997877,0.0,False,False,0.5235987755982988,0.0
2.4167078708822842,0.0011252721068901494,0.5235760683483744,-0.007427309690994519,0.5241138351802339,0.10329801408360807,-0.1332286893751614,-0.1332286893751614,0.0,False,False,0.5235987755982988,0.0
2.417833142989174,0.0009809480789117508,0.5235620117608835,-0.012491723028545213,0.5215312340869241,-0.13654081696267328,0.201064727559952,0.201064727559952,0.0,False,False,0.5235987755982988,0.0
2.4188140910680858,0.0010287344123707043,0.5235626802858601,0.0006815090329242383,0.5219384823952627,-0.08137094894768472,0.12753041639187088,0.12753041639187088,0.0,False,False,0.5235987755982988,0.0
2.4198428254804565,0.0009856783551660734,0.523569910442092,0.007028204894235932,0.5233249243338337,0.06153775676312738,-0.0689159853553809,-0.0689159853553809,0.0,False,False,0.5235987755982988,0.0
2.4208285038356228,0.0010496242732066625,0.5235714947261642,0.001607303299197966,0.5249240293973918,0.21761794464875822,-0.28499610196218356,-0.28499610196218356,0.0,False,False,0.5235987755982988,0.0
2.4218781281088293,0.001031224640375282,0.5235569454444755,-0.013861418852481893,0.5231766992100497,0.029384181885751953,-0.02766364327441867,-0.02766364327441867,0.0,False,False,0.5235987755982988,0.0
2.4229093527492047,0.001052287574271505,0.5235450672766097,-0.011518506638413929,0.5236331512442186,0.07070886761241821,-0.08546940276145812,-0.08546940276145812,0.0,False,False,0.5235987755982988,0.0
2.4239616403234763,0.0009425631441859316,0.523531718256076,-0.01268571525506071,0.5245211360475777,0.14802411493375384,-0.19423142600752386,-0.19423142600752386,0.0,False,False,0.5235987755982988,0.0
2.424904203467662,0.0010242904883554429,0.5235141686636372,-0.018619009821347544,0.5253527724414225,0.22145307541526438,-0.29731563367454417,-0.29731563367454417,0.0,False,False,0.5235987755982988,0.0
2.4259284939560173,0.0010122324452689659,0.5234841806752678,-0.029276839637076876,0.5229807854181908,-0.03226589703845653,0.04984289968809178,0.04984289968809178,0.0,False,False,0.5235987755982988,0.0
2.4269407264012863,0.0010232647721633017,0.523462742245019,-0.021179354948592584,0.5234480494317991,0.017122423184128276,-0.01783383682395946,-0.01783383682395946,0.0,False,False,0.5235987755982988,0.0
2.4279639911734496,0.0009190759859342149,0.5234451585878873,-0.017183878122317364,0.5250352017261667,0.17051688809771953,-0.23047593601888516,-0.23047593601888516,0.0,False,False,0.5235987755982988,0.0
2.4288830671593837,0.0010086281385741278,0.5234232158700577,-0.023874759177062197,0.5220948464088796,-0.16645996057773013,0.22682267810282206,0.22682267810282206,0.0,False,False,0.5235987755982988,0.0
2.429891695297958,0.0010140541317627259,0.5234158468489253,-0.007305984089235211,0.5243125804995419,0.07006232148148603,-0.09692327400015839,-0.09692327400015839,0.0,False,False,0.5235987755982988,0.0
2.4309057494297206,0.0010395436410679372,0.5234056435580677,-0.01006187987206871,0.5225169956148726,-0.11401383508460128,0.15628864180319274,0.15628864180319274,0.0,False,False,0.5235987755982988,0.0
2.4319452930707883,0.0010503122678469168,0.523406684040699,0.0010009032715566444,0.5234961080506121,-0.008425695286276014,0.011958850201892357,0.011958850201892357,0.0,False,False,0.5235987755982988,0.0
2.4329956053386352,0.0009471453386418081,0.5234080595394262,0.0013096093126715818,0.5231963344791668,-0.036124501558180824,0.05059334201419322,0.05059334201419322,0.0,False,False,0.5235987755982988,0.0
2.433942750677277,0.0009218956066956877,0.523411212608969,0.003329023977754607,0.5225751897737421,-0.09809276854081674,0.13613586709100156,0.13613586709100156,0.0,False,False,0.5235987755982988,0.0
2.4348646462839727,0.0010910074366923754,0.5234192143004018,0.00867960686083392,0.5225612960243848,-0.08979057657317126,0.12642332421825714,0.12642332421825714,0.0,False,False,0.5235987755982988,0.0
2.435955653720665,0.0009653428177754817,0.5234332481221612,0.012863176993423077,0.523674465159963,0.021219787025830536,-0.026826156540951333,-0.026826156540951333,0.0,False,False,0.5235987755982988,0.0
2.4369209965384404,0.0010659702293256304,0.5234411970636313,0.008234319791729217,0.5243099690191079,0.08492974361534888,-0.11471717391298161,-0.11471717391298161,0.0,False,False,0.5235987755982988,0.0
2.437986966767766,0.001074209532388977,0.5234407611249566,-0.0004089595212868214,0.5233275449297229,-0.015725662900271248,0.023752947514692202,0.023752947514692202,0.0,False,False,0.5235987755982988,0.0
2.4390611763001546,0.0010435065080030062,0.5234418357146983,0.0010003539432753103,0.5235030209881417,0.00218226936147509,-0.0008951402509423984,-0.0008951402509423984,0.0,False,False,0.5235987755982988,0.0
2.440104682808158,0.001060654612201544,0.5234424999820817,0.0006365723436262624,0.5239409433850208,0.043930469421282495,-0.058875583466535444,-0.058875583466535444,0.0,False,False,0.5235987755982988,0.0
2.4411653374203595,0.0009868241813747727,0.5234396458156821,-0.002690947992633308,0.522591748482519,-0.08766655956938434,0.12332635956729802,0.12332635956729802,0.0,False,False,0.5235987755982988,0.0
2.4421521616017343,0.0010057752896104925,0.52344378714252,0.004196620751728638,0.5240892906287271,0.07285379015312952,-0.09625381873146475,-0.09625381873146475,0.0,False,False,0.5235987755982988,0.0
2.4431579368913448,0.0010401234435344475,0.5234418673759177,-0.0019087430583607174,0.5241568791132767,0.07228844942546922,-0.09679200258016472,-0.09679200258016472,0.0,False,False,0.5235987755982988,0.0
2.4441980603348794,0.0009726080446190704,0.5234352721752303,-0.00634078649829961,0.5257073647454658,0.21412706775635432,-0.29490708595663007,-0.29490708595663007,0.0,False,False,0.5235987755982988,0.0
2.4451706683794985,0.0009635542888592067,0.5234169219486776,-0.018867031435978145,0.523088709125887,-0.07652622715407939,0.1010126690883078,0.1010126690883078,0.0,False,False,0.5235987755982988,0.0
2.446134222668358,0.0009799042991212095,0.523407606002922,-0.0096683143474934,0.5230078542187931,-0.07726492270986,0.10335449208293408,0.10335449208293408,0.0,False,False,0.5235987755982988,0.0
2.447114126967479,0.0009078672417863636,0.5234057178961972,-0.0019268276774674978,0.5240767672109187,0.03954497628606232,-0.05605782057043217,-0.05605782057043217,0.0,False,False,0.5235987755982988,0.0
2.4480219942092654,0.0010314204230739725,0.5234021397100219,-0.003941309930112501,0.5241169429432383,0.04001576579972298,-0.0573459311685782,-0.0573459311685782,0.0,False,False,0.5235987755982988,0.0
2.4490534146323393,0.000996318115237925,0.5233962828522848,-0.005678438788038577,0.5229293312217074,-0.07912913109491297,0.10700495609254156,0.10700495609254156,0.0,False,False,0.5235987755982988,0.0
2.450049732747577,0.0010758279370813066,0.5233976057807813,0.001327817367019691,0.5230457799741022,-0.05952830921273055,0.08138789229081617,0.08138789229081617,0.0,False,False,0.5235987755982988,0.0
2.4511255606846585,0.0010215981845203895,0.523403277706397,0.005272149402533299,0.5238755034469461,0.023548701537424194,-0.03323954312056035,-0.03323954312056035,0.0,False,False,0.5235987755982988,0.0
2.452147158869179,0.0010855883566054509,0.5234052936690147,0.0019733420126849697,0.5226830901770928,-0.09552654732500912,0.13111419437171917,0.13111419437171917,0.0,False,False,0.5235987755982988,0.0
2.453232747225784,0.001049728137093128,0.5234144571002396,0.008440981490957643,0.5230561986111294,-0.05160465569287197,0.0716919726004959,0.0716919726004959,0.0,False,False,0.5235987755982988,0.0
2.454282475362877,0.0010261761437516967,0.5234245948651732,0.009657514717791329,0.5235027793040009,-0.0039016805831462026,0.006409949997137759,0.006409949997137759,0.0,False,False,0.5235987755982988,0.0
2.4553086515066287,0.0010628601593318486,0.5234319679931946,0.007185051091106253,0.5243010884531011,0.07428304096981095,-0.10178128055021395,-0.10178128055021395,0.0,False,False,0.5235987755982988,0.0
2.4563715116659606,0.000933309412493444,0.5234314878514598,-0.0004517449737542643,0.522903876026193,-0.06460304848497134,0.09003185047986961,0.09003185047986961,0.0,False,False,0.5235987755982988,0.0
2.457304821078454,0.0010525974926786639,0.5234351070237819,0.0038777840163882697,0.5218273232762809,-0.1734906374325954,0.24007490671543702,0.24007490671543702,0.0,False,False,0.5235987755982988,0.0
2.4583574185711323,0.0009973061025517907,0.5234511982530071,0.015287162792195939,0.5217786514408282,-0.1607655477906603,0.22568089218326262,0.22568089218326262,0.0,False,False,0.5235987755982988,0.0
2.459354724673684,0.0009429948413005172,0.5234737657022113,0.022628407814248075,0.5223747204693783,-0.0849210815323728,0.12393829015941711,0.12393829015941711,0.0,False,False,0.5235987755982988,0.0
2.4602977195149847,0.0009410157946628526,0.5234962044937409,0.02379524314119953,0.5223502494780664,-0.07902400256064362,0.11730227323695568,0.11730227323695568,0.0,False,False,0.5235987755982988,0.0
2.4612387353096477,0.0010412612522776711,0.5235192930036698,0.024535730494479036,0.5233843696638236,0.03877242834000935,-0.042667607187457754,-0.042667607187457754,0.0,False,False,0.5235987755982988,0.0
2.4622799965619255,0.0010123136517653432,0.523536946442501,0.01695389969869218,0.5224994527879063,-0.050089910595629415,0.0798957033018201,0.0798957033018201,0.0,False,False,0.5235987755982988,0.0
2.4632923102136908,0.0009770849829189288,0.5235538916376847,0.016739076030604975,0.5229406222435047,-0.0015006067714392612,0.013647488512021511,0.013647488512021511,0.0,False,False,0.5235987755982988,0.0
2.4642693951966095,0.0008908948374640702,0.523566915504523,0.01332930816247422,0.5228913981352153,-0.00638839941819813,0.020398873637340206,0.020398873637340206,0.0,False,False,0.5235987755982988,0.0
2.4651602900340737,0.0009960686333026023,0.52357678304797,0.011075991275340995,0.5231923674203343,0.028033247703829502,-0.02632455004123338,-0.02632455004123338,0.0,False,False,0.5235987755982988,0.0
2.4661563586673765,0.0010264982900916595,0.5235834691656902,0.006712507046930008,0.5247375719135384,0.1803602464414591,-0.23693062940406387,-0.23693062940406387,0.0,False,False,0.5235987755982988,0.0
2.4671828569574683,0.0009455679056061473,0.5235758029270823,-0.0074683403586324176,0.5241534611726424,0.10542098615296736,-0.1364895237217451,-0.1364895237217451,0.0,False,False,0.5235987755982988,0.0
2.4681284248630746,0.00097032916651969,0.523564581094351,-0.01186782320415689,0.5235786566645004,0.034089545520665065,-0.04054531381642714,-0.04054531381642714,0.0,False,False,0.5235987755982988,0.0
2.469098754029594,0.0009509728258759083,0.5235542086031032,-0.010689662442066504,0.5231518872763853,-0.013301328037902262,0.024005583439926256,0.024005583439926256,0.0,False,False,0.5235987755982988,0.0
2.47004972685547,0.0010535557189960386,0.5235478194436564,-0.006718551017439667,0.5231697526293947,-0.010092555537656974,0.019833480085462613,0.019833480085462613,0.0,False,False,0.5235987755982988,0.0
2.471103282574466,0.001000696165775556,0.5235440283574551,-0.0035983727609148588,0.5238300411080775,0.053589083334575335,-0.068469679177507,-0.068469679177507,0.0,False,False,0.5235987755982988,0.0
2.4721039787402415,0.0009789651646412278,0.5235380831409825,-0.005941080495676999,0.5240478668268985,0.06999759315167992,-0.09208075389681063,-0.09208075389681063,0.0,False,False,0.5235987755982988,0.0
2.4730829439048825,0.0009421870956330162,0.5235295370215012,-0.00872974829947966,0.5227374913299914,-0.07085529436824746,0.10052947007143104,0.10052947007143104,0.0,False,False,0.5235987755982988,0.0
2.4740251310005155,0.0010921878240358377,0.5235279927106671,-0.001639070245498411,0.5235598281756213,0.023509805064963196,-0.027510712469760557,-0.027510712469760557,0.0,False,False,0.5235987755982988,0.0
2.475117318824551,0.000966625781221591,0.5235251547696378,-0.002598400171461557,0.5217522322385819,-0.14434347250615165,0.2064499474822862,0.2064499474822862,0.0,False,False,0.5235987755982988,0.0
2.4760839446057727,0.0010427408578962969,0.5235330220708793,0.008138931729606221,0.523717777201161,0.0734317126119435,-0.09026008398585102,-0.09026008398585102,0.0,False,False,0.5235987755982988,0.0
2.477126685463669,0.0010484684500312708,0.5235340490376263,0.0009848724534780966,0.5241991497208143,0.1122526976708973,-0.14550997141035496,-0.14550997141035496,0.0,False,False,0.5235987755982988,0.0
2.4781751539137002,0.0009838579600933081,0.5235267549256192,-0.006956920837223926,0.5232823489420886,0.013585523600597837,-0.010606948508933199,-0.010606948508933199,0.0,False,False,0.5235987755982988,0.0
2.4791590118737936,0.0010299250738135478,0.5235213663956483,-0.005476938937841145,0.5251065852473487,0.19764360445932758,-0.2643128990340902,-0.2643128990340902,0.0,False,False,0.5235987755982988,0.0
2.480188936947607,0.000997889746409777,0.5235034309518902,-0.017414318977247982,0.5227344053317441,-0.05244624042412774,0.07849415330693835,0.07849415330693835,0.0,False,False,0.5235987755982988,0.0
2.481186826694017,0.0009536488106298117,0.523494223580862,-0.009226842004721451,0.5236839761395592,0.04795627167470444,-0.05908113575233212,-0.05908113575233212,0.0,False,False,0.5235987755982988,0.0
2.4821404755046466,0.0009598849695945204,0.5234851242195948,-0.0095416270284588,0.5234538612304441,0.01903070206405187,-0.020228383855477875,-0.020228383855477875,0.0,False,False,0.5235987755982988,0.0
2.483100360474241,0.0009938493852104057,0.5234775226389795,-0.007919262053322778,0.5233899964125316,0.010474249427925115,-0.008811073969700049,-0.008811073969700049,0.0,False,False,0.5235987755982988,0.0
2.4840942098594514,0.0010604304492480973,0.5234714794578675,-0.006080580419872007,0.5233717145458825,0.007587323759856783,-0.005017689568334345,-0.005017689568334345,0.0,False,False,0.5235987755982988,0.0
2.4851546403086995,0.0009829418843637701,0.5234667670095579,-0.004443901354436255,0.5235602337805135,0.024606205631434938,-0.02883369403758676,-0.02883369403758676,0.0,False,False,0.5235987755982988,0.0
2.4861375821930634,0.0010058242014180094,0.5234622904560633,-0.004554240251398543,0.5242022740557891,0.08746381857618235,-0.11581955452624428,-0.11581955452624428,0.0,False,False,0.5235987755982988,0.0
2.4871434063944813,0.0010464689589594028,0.5234532283187463,-0.009009663223720474,0.5246555299960978,0.12378057396159828,-0.1675582679142991,-0.1675582679142991,0.0,False,False,0.5235987755982988,0.0
2.4881898753534406,0.0010537520180459235,0.5234374395532525,-0.015087657745216195,0.5234354758444739,-0.0051851892788953025,0.009161622703522509,0.009161622703522509,0.0,False,False,0.5235987755982988,0.0
2.4892436273714864,0.0009393388516294514,0.5234263655295865,-0.010509136377698302,0.5241378630247777,0.06198916216700014,-0.0840905682770204,-0.0840905682770204,0.0,False,False,0.5235987755982988,0.0
2.490182966223116,0.0011345023861416578,0.5234153723352944,-0.011703118925633482,0.5228029651455933,-0.0863201199595921,0.11790873210020937,0.11790873210020937,0.0,False,False,0.5235987755982988,0.0
2.4913174686092576,0.0010494260351276506,0.5234138085463456,-0.0013783919434708983,0.5240822307750294,0.035071957159429706,-0.050788541772465376,-0.050788541772465376,0.0,False,False,0.5235987755982988,0.0
2.4923668946443853,0.0009844576689511128,0.5234100261248256,-0.0036042764267490346,0.5227450630766721,-0.09585419459514269,0.13039185890345167,0.13039185890345167,0.0,False,False,0.5235987755982988,0.0
2.4933513523133364,0.0010208082192101203,0.5234138470818914,0.003881281223571123,0.5243656274271079,0.07834615972108383,-0.10781872458386421,-0.10781872458386421,0.0,False,False,0.5235987755982988,0.0
2.4943721605325466,0.0010682292074151332,0.5234109769855623,-0.0028115921043032916,0.5253401250800467,0.1659748868726057,-0.23051415491858843,-0.23051415491858843,0.0,False,False,0.5235987755982988,0.0
2.495440389739962,0.0009631327775990057,0.5233957904648469,-0.014216537621281972,0.52328925217441,-0.042610696822775296,0.056704257817328595,0.056704257817328595,0.0,False,False,0.5235987755982988,0.0
2.496403522517561,0.0009876386706231474,0.5233881825736953,-0.007899109373494032,0.5214748274283074,-0.2267374370358048,0.31031599150281086,0.31031599150281086,0.0,False,False,0.5235987755982988,0.0
2.4973911611881845,0.0009725606820203435,0.5233977448787958,0.009681987334905013,0.5229194610174865,-0.05779222461101319,0.08157833198783675,0.08157833198783675,0.0,False,False,0.5235987755982988,0.0
2.498363721870205,0.0009304199749857417,0.5234084315694436,0.010988199343688018,0.5244834454227834,0.10879798211154107,-0.146481635374571,-0.146481635374571,0.0,False,False,0.5235987755982988,0.0
2.4992941418451906,0.000981388146537857,0.5234096793912232,0.0013411382097666992,0.5238923299387203,0.034386069376281136,-0.04654726137912333,-0.04654726137912333,0.0,False,False,0.5235987755982988,0.0
2.5002755299917285,0.0009893296447644557,0.5234083619410376,-0.00134243539645509,0.5236255800335309,0.0037665854196652533,-0.005002382337775456,-0.005002382337775456,0.0,False,False,0.5235987755982988,0.0
2.501264859636493,0.0009405770381598574,0.523407187866794,-0.0011867371506106123,0.5242874170603985,0.07028744989948091,-0.09674048619717136,-0.09674048619717136,0.0,False,False,0.5235987755982988,0.0
2.502205436674653,0.0009958727003691126,0.5234021112024804,-0.00539739341659747,0.5238248765818552,0.01408245886293144,-0.020968768339532106,-0.020968768339532106,0.0,False,False,0.5235987755982988,0.0
2.503201309375022,0.0010039607471844646,0.523397285693207,-0.004845508137367361,0.5244599513884813,0.07644489434894444,-0.10723503744201873,-0.10723503744201873,0.0,False,False,0.5235987755982988,0.0
2.504205270122206,0.000983010764174145,0.5233884734002386,-0.008777527401363202,0.5241908219191527,0.04199363282824682,-0.061049193169265596,-0.061049193169265596,0.0,False,False,0.5235987755982988,0.0
2.5051882808863803,0.0010319299298222145,0.5233793221512653,-0.009309408713361689,0.5247072563077326,0.09033025464359419,-0.12834895834212165,-0.12834895834212165,0.0,False,False,0.5235987755982988,0.0
2.5062202108162026,0.0009425855257792149,0.5233656976860628,-0.013202897608426642,0.523678806336434,-0.0183655426405311,0.02059809788220321,0.02059809788220321,0.0,False,False,0.5235987755982988,0.0
2.507162796341982,0.0010265134963190886,0.5233572984406788,-0.008910857587263631,0.5241472862977139,0.033172598213510526,-0.049680310445684134,-0.049680310445684134,0.0,False,False,0.5235987755982988,0.0
2.508189309838301,0.0008292699422396631,0.5233482156006468,-0.008848242195117019,0.5230801966682788,-0.07409747209319184,0.09825138725219115,0.09825138725219115,0.0,False,False,0.5235987755982988,0.0
2.5090185797805407,0.001110677495284545,0.5233459956698436,-0.0026769700553626067,0.5228211220956726,-0.09792900825976723,0.1315125729589934,0.1315125729589934,0.0,False,False,0.5235987755982988,0.0
2.510129257275825,0.0009996858623669157,0.5233521321763503,0.005525012015442366,0.5248415679209406,0.09377500842531301,-0.13490027191792792,-0.13490027191792792,0.0,False,False,0.5235987755982988,0.0
2.5111289431381922,0.0009738848808061441,0.5233492770172253,-0.0028560563197330647,0.5235379511902273,-0.04600512986442694,0.05630099518259997,0.05630099518259997,0.0,False,False,0.5235987755982988,0.0
2.5121028280189983,0.0010306579307266684,0.5233499834915457,0.0007254187165740677,0.5240523742895264,0.011417139516195163,-0.021865343861531536,-0.021865343861531536,0.0,False,False,0.5235987755982988,0.0
2.513133485949725,0.0009914349711577554,0.5233493356656514,-0.0006285556777975362,0.5234573191990487,-0.04746003377043397,0.05949825571102287,0.05949825571102287,0.0,False,False,0.5235987755982988,0.0
2.514124920920883,0.000988194840441902,0.5233518244248845,0.002510259679602476,0.522839992963733,-0.10497996343737562,0.13963404354703618,0.13963404354703618,0.0,False,False,0.5235987755982988,0.0
2.515113115761325,0.0009985148645894444,0.523360381515224,0.00865931493399749,0.5233699658970719,-0.04085155822589879,0.05314044449316386,0.05314044449316386,0.0,False,False,0.5235987755982988,0.0
2.516111630625914,0.0010297596670011788,0.5233692030526025,0.008834658041950785,0.5246223442350519,0.0886577031752317,-0.12481347927183428,-0.12481347927183428,0.0,False,False,0.5235987755982988,0.0
2.5171413902929154,0.0009422601263719109,0.523369004595992,-0.00019272128913746904,0.5238535429677517,0.0051336128694001865,-0.010746148093431458,-0.010746148093431458,0.0,False,False,0.5235987755982988,0.0
2.518083650419287,0.001036106306591688,0.5233683979671625,-0.0006438018680433788,0.5218748558823222,-0.20537346777911727,0.27747871622252007,0.27747871622252007,0.0,False,False,0.5235987755982988,0.0
2.5191197567258787,0.0009770774447077429,0.523382834848405,0.01393378377358524,0.523194998625209,-0.05742228957405285,0.07617473300447977,0.07617473300447977,0.0,False,False,0.5235987755982988,0.0
2.5200968341705865,0.00102896162681769,0.5233965823444738,0.014070016807082525,0.5249519270905015,0.12813459735225463,-0.17811824368235452,-0.17811824368235452,0.0,False,False,0.5235987755982988,0.0
2.521125795797404,0.0009568025531529269,0.5233977176467463,0.001103347532864769,0.5232111446882606,-0.05385741645837833,0.0716062561307423,0.0716062561307423,0.0,False,False,0.5235987755982988,0.0
2.522082598350557,0.0009429271446138858,0.5234017442473433,0.004208392404271689,0.5218305301832052,-0.19276628403006707,0.2631479583077648,0.2631479583077648,0.0,False,False,0.5235987755982988,0.0
2.5230255254951706,0.000993633576588705,0.5234162896426121,0.015425789099236177,0.5250682864402038,0.1698832417906213,-0.2303110853030345,-0.2303110853030345,0.0,False,False,0.5235987755982988,0.0
2.5240191590717593,0.0009456906191534668,0.5234163501609149,6.090605657219951e-05,0.524011849965274,0.04657438861366457,-0.06332460494194983,-0.06332460494194983,0.0,False,False,0.5235987755982988,0.0
2.524964849690913,0.0009688553084243797,0.5234135595432609,-0.0029508780118225487,0.52335246179801,-0.027808619467603136,0.03780399176632276,0.03780399176632276,0.0,False,False,0.5235987755982988,0.0
2.5259337049993373,0.0010387121308764295,0.52341331094458,-0.0002565901004121557,0.5230891878248333,-0.05220147178833945,0.07181434606838719,0.07181434606838719,0.0,False,False,0.5235987755982988,0.0
2.5269724171302137,0.0010353054488665562,0.5234170026835104,0.003554150202602964,0.5243615329255195,0.07551123736843428,-0.10434311673209269,-0.10434311673209269,0.0,False,False,0.5235987755982988,0.0
2.5280077225790802,0.0009706478219402977,0.523413944047304,-0.0029543321826204067,0.5229409743060489,-0.0692514330695071,0.0949421429439068,0.0949421429439068,0.0,False,False,0.5235987755982988,0.0
2.5289783704010205,0.0009869955987549845,0.5234163890987473,0.002518989264683634,0.5244184318619964,0.08988726520057422,-0.12261853098724625,-0.12261853098724625,0.0,False,False,0.5235987755982988,0.0
2.5299653659997756,0.0010197406730357065,0.5234121607074805,-0.004284103467243169,0.5238853153537145,0.026884467193835387,-0.03741907623008515,-0.03741907623008515,0.0,False,False,0.5235987755982988,0.0
2.5309851066728113,0.0009597831971066374,0.5234071807038939,-0.00488359807378339,0.5236207059648876,-0.0017526737204320436,0.001708461865919725,0.001708461865919725,0.0,False,False,0.5235987755982988,0.0
2.531944889869918,0.0009139114519737128,0.5234039136027842,-0.0034039990693979037,0.5235308992259594,-0.010934388133332916,0.014343040462108768,0.014343040462108768,0.0,False,False,0.5235987755982988,0.0
2.5328588013218916,0.0009487203954014096,0.5234022578106469,-0.001811764294754098,0.5232495693943262,-0.04062400067860056,0.0550345124858276,0.0550345124858276,0.0,False,False,0.5235987755982988,0.0
2.533807521717293,0.0010527271758462842,0.5234035101033168,0.0013199807613993354,0.5243160032477469,0.07584600215502801,-0.1039253002760983,-0.1039253002760983,0.0,False,False,0.5235987755982988,0.0
2.534860248893139,0.0010842603209298657,0.5233986969329698,-0.004572096605265252,0.5226435428540344,-0.09060790742051932,0.1259236783013834,0.1259236783013834,0.0,False,False,0.5235987755982988,0.0
2.535944509214069,0.001018911860481407,0.5234027480127678,0.0037362612278132035,0.5219873513285671,-0.14206685652327708,0.19948586468310325,0.19948586468310325,0.0,False,False,0.5235987755982988,0.0
2.5369634210745504,0.0009350551805571393,0.523415744219175,0.012754985893623273,0.5239519443792167,0.06495268437654372,-0.08430025930837368,-0.08430025930837368,0.0,False,False,0.5235987755982988,0.0
2.5378984762551076,0.001017181662254583,0.5234209855259145,0.005605344848608235,0.5239718448853923,0.06058568671792093,-0.07941807122918747,-0.07941807122918747,0.0,False,False,0.5235987755982988,0.0
2.538915657917362,0.00101985941659706,0.5234208597353962,-0.0001236657354105478,0.5238399492011413,0.04156034041482202,-0.05421353334895109,-0.05421353334895109,0.0,False,False,0.5235987755982988,0.0
2.539935517333959,0.0010220122783388373,0.5234179533049923,-0.0028498343561611755,0.5237737634301735,0.030914610843667506,-0.04024731398614453,-0.04024731398614453,0.0,False,False,0.5235987755982988,0.0
2.5409575296122977,0.0010870406902147118,0.5234138377199653,-0.004026942840358054,0.5231341134705864,-0.03476415698292089,0.050080906678329276,0.050080906678329276,0.0,False,False,0.5235987755982988,0.0
2.5420445703025125,0.0010534227175802862,0.5234138467837155,8.338004512847656e-06,0.5241010550834173,0.057663999118019935,-0.07823782967375684,-0.07823782967375684,0.0,False,False,0.5235987755982988,0.0
2.5430979930200928,0.0010638679871336188,0.5234095117306267,-0.0041152075197455435,0.5233697547649813,-0.01752375522553796,0.025150881270361455,0.025150881270361455,0.0,False,False,0.5235987755982988,0.0
2.5441618610072263,0.0009659422176204042,0.5234079535363041,-0.0014646500707112854,0.5229828667629371,-0.05213754606226241,0.07365141431122489,0.07365141431122489,0.0,False,False,0.5235987755982988,0.0
2.5451278032248466,0.0009855756349663927,0.5234103894808858,0.002521832607833387,0.5231382129655247,-0.030841442040747354,0.045299857838831774,0.045299857838831774,0.0,False,False,0.5235987755982988,0.0
2.546113378859813,0.0010022544988268745,0.5234143342495707,0.004002502238285308,0.525177675036578,0.1791737583600307,-0.24342869992106167,-0.24342869992106167,0.0,False,False,0.5235987755982988,0.0
2.54711563335864,0.001041919042289544,0.5234049129929378,-0.009400064199267038,0.5218908607391856,-0.16668570216998835,0.23076531006802464,0.23076531006802464,0.0,False,False,0.5235987755982988,0.0
2.5481575524009297,0.0009997295491215666,0.5234105398519736,0.00540047624377157,0.5238466872510867,0.0376967337618927,-0.04969849026445387,-0.04969849026445387,0.0,False,False,0.5235987755982988,0.0
2.5491572819500514,0.0010378352960980098,0.5234118526704081,0.0013131735834843823,0.521946552397078,-0.15613782823125738,0.21710541149948373,0.21710541149948373,0.0,False,False,0.5235987755982988,0.0
2.5501951172461492,0.0010529619339585447,0.5234244783874755,0.012165434259965306,0.5233300269817674,-0.007220178225066792,0.013501688967644754,0.013501688967644754,0.0,False,False,0.5235987755982988,0.0
2.551248079180108,0.0010210341728582365,0.523434371023951,0.009395056133019128,0.5230559596567967,-0.032526387647239974,0.04880235212372528,0.04880235212372528,0.0,False,False,0.5235987755982988,0.0
2.552269113352966,0.001094463445111174,0.5234437286528254,0.009164853756322491,0.5216241982141098,-0.1695003427367614,0.23894280419951652,0.23894280419951652,0.0,False,False,0.5235987755982988,0.0
2.5533635767980774,0.0009904554702751603,0.5234649454651548,0.019385583341419144,0.5238044448085095,0.04665658182992782,-0.05968994397970601,-0.05968994397970601,0.0,False,False,0.5235987755982988,0.0
2.5543540322683524,0.0010360447779491264,0.5234767371380896,0.01190530345760036,0.523145091364682,-0.024579807053792736,0.03766208466965372,0.03766208466965372,0.0,False,False,0.5235987755982988,0.0
2.5553900770463014,0.0009605422474013935,0.5234876047284742,0.010489498732045053,0.5216557016106521,-0.16587910264859246,0.23403025495595162,0.23403025495595162,0.0,False,False,0.5235987755982988,0.0
2.5563506192937027,0.0010024134945677068,0.5235057743696867,0.01891602504901395,0.5242384357436214,0.11959173701957898,-0.1550239670393011,-0.1550239670393011,0.0,False,False,0.5235987755982988,0.0
2.5573530327882703,0.0010441504196711687,0.5235124227064525,0.006632329674175342,0.5247647018360708,0.16013246433664996,-0.21314562948387608,-0.21314562948387608,0.0,False,False,0.5235987755982988,0.0
2.5583971832079415,0.0010827410082112634,0.5235056067301228,-0.00652777243710473,0.5248059855319823,0.14807302524086827,-0.19941740909534503,-0.19941740909534503,0.0,False,False,0.5235987755982988,0.0
2.559479924216153,0.0010144508736104688,0.5234890979362761,-0.01524722322468155,0.5238023465243065,0.04057144032935096,-0.052350005063358775,-0.052350005063358775,0.0,False,False,0.5235987755982988,0.0
2.5604943750897635,0.0010677392008453636,0.5234749664535142,-0.01393017949851401,0.5235151597617898,0.008204718180069754,-0.008340576758920524,-0.008340576758920524,0.0,False,False,0.5235987755982988,0.0
2.561562114290609,0.0010911988769573566,0.523463799668302,-0.010458345261990283,0.5246228349691417,0.1111244861579808,-0.15178245206474977,-0.15178245206474977,0.0,False,False,0.5235987755982988,0.0
2.562653313167566,0.0010014235592936903,0.5234468297539882,-0.015551623697796106,0.5249149863962728,0.12678547300846874,-0.17583436197369356,-0.17583436197369356,0.0,False,False,0.5235987755982988,0.0
2.56365473672686,0.0010656036339381431,0.5234264206396073,-0.020380102097123265,0.5244156459477444,0.06424386387985906,-0.09179630294585082,-0.09179630294585082,0.0,False,False,0.5235987755982988,0.0
2.564720340360798,0.0010765380128322701,0.5234048266990683,-0.02026451473257856,0.5225831801395562,-0.11414557122102945,0.15525540372260277,0.15525540372260277,0.0,False,False,0.5235987755982988,0.0
2.5657968783736305,0.0009917380574379975,0.523397435719434,-0.0068655073450724444,0.5235731422504613,-0.010773080509514601,0.013389096872493627,0.013389096872493627,0.0,False,False,0.5235987755982988,0.0
2.5667886164310683,0.0010397028890981057,0.5233932621518966,-0.004208336572373917,0.5237768123435744,0.010840909741505212,-0.01621375310476726,-0.01621375310476726,0.0,False,False,0.5235987755982988,0.0
2.5678283193201663,0.0009098415014710249,0.5233893735398712,-0.0037401185147477706,0.5218101848244929,-0.17939601900031343,0.24746985672888208,0.24746985672888208,0.0,False,False,0.5235987755982988,0.0
2.5687381608216375,0.0009035258465996762,0.5233971440855213,0.00854054869718229,0.523806738530007,0.05798330974072152,-0.07332330445961373,-0.07332330445961373,0.0,False,False,0.5235987755982988,0.0
2.5696416866682372,0.0009405899454802654,0.5233998667532217,0.0030133810899618477,0.5253834263149346,0.22668887269080057,-0.3041503601284052,-0.3041503601284052,0.0,False,False,0.5235987755982988,0.0
2.5705822766137176,0.0010162732327406593,0.5233884424180721,-0.01214592522965022,0.5239468920728627,0.051293045380020136,-0.06781775099817432,-0.06781775099817432,0.0,False,False,0.5235987755982988,0.0
2.5715985498464584,0.001035344640906246,0.5233760069424715,-0.01223635061905265,0.5246618024181272,0.1165100140914419,-0.15894649966664137,-0.15894649966664137,0.0,False,False,0.5235987755982988,0.0
2.572633894487365,0.0009107181474701804,0.523358379370406,-0.01702580123484041,0.5235180025849631,-0.00561626173096158,0.008193428317197493,0.008193428317197493,0.0,False,False,0.5235987755982988,0.0
2.573544612634835,0.000988832417417211,0.5233467123544372,-0.012810786741383359,0.5232828173131218,-0.0308787911975222,0.0427417985702136,0.0427417985702136,0.0,False,False,0.5235987755982988,0.0
2.574533445052252,0.0009924994862704802,0.52333950063348,-0.0072931680133176404,0.5236722226885084,0.01158940844244375,-0.015229337754705693,-0.015229337754705693,0.0,False,False,0.5235987755982988,0.0
2.575525944538523,0.0009372441557878174,0.5233336053594989,-0.005939825725484158,0.522621662302857,-0.09541950010295566,0.1320914394414994,0.1320914394414994,0.0,False,False,0.5235987755982988,0.0
2.576463188694311,0.000983725253998195,0.5233353816510391,0.0018952281849240853,0.5224943291377259,-0.09946346197536542,0.1392361906607516,0.1392361906607516,0.0,False,False,0.5235987755982988,0.0
2.577446913948309,0.0010509713867053487,0.5233434271774146,0.008178631526215716,0.5244484863701953,0.10913156428065564,-0.14625267103092265,-0.14625267103092265,0.0,False,False,0.5235987755982988,0.0
2.5784978853350147,0.001000364913810811,0.5233413409590437,-0.001985038220112475,0.5245389355764214,0.10682465606926947,-0.14511246688932977,-0.14511246688932977,0.0,False,False,0.5235987755982988,0.0
2.5794982502488253,0.0010498068657027156,0.5233326962197089,-0.008641585900767197,0.5224677927974934,-0.11089653613974239,0.1534335337821875,0.1534335337821875,0.0,False,False,0.5235987755982988,0.0
2.580548057114528,0.00104152620625338,0.5233348089263654,0.0020124717464971333,0.5241795472411072,0.0632473419736976,-0.08635069993898727,-0.08635069993898727,0.0,False,False,0.5235987755982988,0.0
2.5815895833207816,0.0010292178733212452,0.5233315599507918,-0.0031194371817972336,0.5232556730562029,-0.031781274983151364,0.04431337573750797,0.04431337573750797,0.0,False,False,0.5235987755982988,0.0
2.5826188011941027,0.0009945497813474444,0.5233316929772217,0.0001292500191457436,0.52362823189979,0.007595101034194945,-0.009644334667875608,-0.009644334667875608,0.0,False,False,0.5235987755982988,0.0
2.58361335097545,0.0010165319047663814,0.5233313056837766,-0.00038941584656266887,0.5237329222106362,0.017361993209433393,-0.023249030873392355,-0.023249030873392355,0.0,False,False,0.5235987755982988,0.0
2.5846298828802166,0.0009485650419010432,0.5233298309395141,-0.0014507604292440422,0.52419756541889,0.06133446334344177,-0.08437957278277063,-0.08437957278277063,0.0,False,False,0.5235987755982988,0.0
2.5855784479221176,0.001063084041493637,0.5233250548083835,-0.00503511190017686,0.5233972400570757,-0.029171200652470336,0.03863308052498114,0.03863308052498114,0.0,False,False,0.5235987755982988,0.0
2.586641531963611,0.0010913871167535201,0.5233235798283941,-0.00138745379663125,0.5245541783186196,0.08257440487460777,-0.11628653481530367,-0.11628653481530367,0.0,False,False,0.5235987755982988,0.0
2.5877329190803646,0.0009385489186892692,0.523315641590716,-0.007273530680600199,0.5235856552308038,-0.014425432599983745,0.01754668573489071,0.01754668573489071,0.0,False,False,0.5235987755982988,0.0
2.588671467999054,0.0009434171216560821,0.5233114551101166,-0.004460588591633152,0.5238561586448045,0.015838561371232927,-0.023639168482581897,-0.023639168482581897,0.0,False,False,0.5235987755982988,0.0
2.58961488512071,0.0009987023882870939,0.5233073824716892,-0.004316901118235554,0.5225802236838879,-0.12099140506297885,0.16352362053497108,0.16352362053497108,0.0,False,False,0.5235987755982988,0.0
2.5906135875089973,0.0009351962153333192,0.5233125153893717,0.00513958687067828,0.5251963007476039,0.15305534810527963,-0.21242187041382757,-0.21242187041382757,0.0,False,False,0.5235987755982988,0.0
2.5915487837243307,0.0010284120716123574,0.5233066952167882,-0.006223477477928923,0.523716694807681,-0.020463609264444238,0.022433785348453483,0.022433785348453483,0.0,False,False,0.5235987755982988,0.0
2.592577195795943,0.0009374577939257645,0.5233034208643912,-0.003183891445213931,0.523925628495917,0.0018988967173928194,-0.008162028217997814,-0.008162028217997814,0.0,False,False,0.5235987755982988,0.0
2.5935146535898688,0.0011168134019362602,0.5233009210493353,-0.00266658944220593,0.5218975141798605,-0.2146329263403129,0.28818221714026476,0.28818221714026476,0.0,False,False,0.5235987755982988,0.0
2.594631466991805,0.001097844614206498,0.5233169202714999,0.014325779164880913,0.5225989773182225,-0.13036029266991922,0.1744287202452773,0.1744287202452773,0.0,False,False,0.5235987755982988,0.0
2.5957293116060116,0.001035636364477144,0.5233386457423803,0.019789203862948274,0.5244189030479259,0.04844835197023033,-0.0729003164575645,-0.0729003164575645,0.0,False,False,0.5235987755982988,0.0
2.5967649479704886,0.000975604895419213,0.5233502734887656,0.011227634316586271,0.5236006332192124,-0.03540779035935902,0.04245591125478716,0.04245591125478716,0.0,False,False,0.5235987755982988,0.0
2.5977405528659077,0.001060759495118412,0.5233602981419503,0.010275320707957695,0.5216902102654148,-0.22768633969780644,0.3075777836292792,0.3075777836292792,0.0,False,False,0.5235987755982988,0.0
2.598801312361026,0.0009797130033931721,0.5233852635296736,0.023535389349088498,0.524291342422227,0.040296423278828986,-0.060821910765301544,-0.060821910765301544,0.0,False,False,0.5235987755982988,0.0
2.599781025364419,0.0009532102958281478,0.5234005527056645,0.015605770197971458,0.5229260126880804,-0.10309339181575927,0.1358218025628432,0.1358218025628432,0.0,False,False,0.5235987755982988,0.0
2.6007342356602474,0.0009011829569952274,0.5234179827826365,0.01828565747582116,0.5246495891922801,0.0880340220071843,-0.12455547110028442,-0.12455547110028442,0.0,False,False,0.5235987755982988,0.0
2.6016354186172426,0.0009560979095316617,0.5234258204301467,0.00869706583925837,0.5233491693405289,-0.06507080552087849,0.08257787926491292,0.08257787926491292,0.0,False,False,0.5235987755982988,0.0
2.602591516526774,0.0010774482457886474,0.5234356329098956,0.010263049057020952,0.5236142731934909,-0.030836036170493103,0.03672428669113504,0.03672428669113504,0.0,False,False,0.5235987755982988,0.0
2.6036689647725626,0.001073693915299791,0.5234454843837032,0.009143338295899773,0.5244743163400976,0.05206979092395281,-0.07824348246112071,-0.07824348246112071,0.0,False,False,0.5235987755982988,0.0
2.6047426586878624,0.0010303655961173715,0.5234477904771189,0.002147812689317685,0.5226645801093729,-0.12168952929066656,0.16284295394946655,0.16284295394946655,0.0,False,False,0.5235987755982988,0.0
2.60577302428398,0.0009988295232764993,0.523457957074107,0.00986698025096001,0.5225915347858762,-0.11660983902448122,0.15806214145298514,0.15806214145298514,0.0,False,False,0.5235987755982988,0.0
2.606771853807256,0.0009259104923139089,0.5234729229373901,0.014983401005251078,0.5233014457168443,-0.033874571230281175,0.04600142334251801,0.04600142334251801,0.0,False,False,0.5235987755982988,0.0
2.6076977642995702,0.0009695916137058325,0.5234854521485137,0.013531773565128344,0.5242072965903302,0.06734641094785741,-0.09176907099399315,-0.09176907099399315,0.0,False,False,0.5235987755982988,0.0
2.6086673559132763,0.0009745971162139691,0.5234908838982251,0.005602100548897017,0.522329474398325,-0.13305968578462954,0.1825190445410841,0.1825190445410841,0.0,False,False,0.5235987755982988,0.0
2.6096419530294903,0.0009908069675309552,0.523503434744958,0.012877984681113147,0.5220477999546954,-0.14865534629407234,0.20630397713774806,0.20630397713774806,0.0,False,False,0.5235987755982988,0.0
2.610632759997021,0.0009532191075449909,0.5235229272176576,0.019673330263481767,0.5242417593323823,0.08764175367384816,-0.11674381162211983,-0.11674381162211983,0.0,False,False,0.5235987755982988,0.0
2.611585979104566,0.0010355840727173326,0.5235321907183361,0.009718123152549496,0.5230059928747154,-0.05076380717201111,0.07158665763091505,0.07158665763091505,0.0,False,False,0.5235987755982988,0.0
2.6126215631772833,0.0009645529283942243,0.5235431498057709,0.010582518332828037,0.5232008680388994,-0.026869527520473016,0.039405769093756655,0.039405769093756655,0.0,False,False,0.5235987755982988,0.0
2.6135861161056777,0.0009702304389957953,0.523552445154288,0.009636950180249147,0.5219320723993313,-0.1557249300107078,0.21687057359426537,0.21687057359426537,0.0,False,False,0.5235987755982988,0.0
2.6145563465446733,0.0010298637556361864,0.5235694376833196,0.017513910457449707,0.5229769164539009,-0.03246213864597751,0.050148030974335935,0.050148030974335935,0.0,False,False,0.5235987755982988,0.0
2.6155862103003096,0.0010225032511787214,0.5235855780337626,0.015672316221027473,0.5235789743216782,0.029244028244680937,-0.0347364109144463,-0.0347364109144463,0.0,False,False,0.5235987755982988,0.0
2.6166087135514884,0.0010552370784588322,0.523595614149335,0.009815240744475234,0.5244075219944935,0.10735092501364957,-0.14337854514788334,-0.14337854514788334,0.0,False,False,0.5235987755982988,0.0
2.617663950629947,0.0009607675062113536,0.5235949063270061,-0.0006707709038347442,0.5229218810424312,-0.044171577482068736,0.06518999498409953,0.06518999498409953,0.0,False,False,0.5235987755982988,0.0
2.6186247181361586,0.0010432275184706931,0.5235974587907092,0.002656692369937629,0.5250437923028085,0.18110143214072472,-0.24333201925004413,-0.24333201925004413,0.0,False,False,0.5235987755982988,0.0
2.6196679456546295,0.0009146703175537061,0.5235861152239843,-0.010873530964180506,0.5229887273971694,-0.03399976712329858,0.051780588168287865,0.051780588168287865,0.0,False,False,0.5235987755982988,0.0
2.6205826159721832,0.0009864589425164698,0.5235808605659897,-0.005744865547491244,0.5229847505144377,-0.03103457906162904,0.048293946383454696,0.048293946383454696,0.0,False,False,0.5235987755982988,0.0
2.6215690749147,0.0009460332864880004,0.5235791980470152,-0.0016853402638401524,0.5249207956000661,0.16833098385313297,-0.22579354065557075,-0.22579354065557075,0.0,False,False,0.5235987755982988,0.0
2.622515108201188,0.0009911785408730882,0.523567957103979,-0.011882185539120429,0.523752490898755,0.028002790950767742,-0.03637022454913214,-0.03637022454913214,0.0,False,False,0.5235987755982988,0.0
2.623506286742061,0.0010659914940621567,0.5235575807724717,-0.010468680544734963,0.5230758483187876,-0.04306395599694539,0.061089438227536035,0.061089438227536035,0.0,False,False,0.5235987755982988,0.0
2.624572278236123,0.0008853022669588392,0.5235532147564296,-0.004095732533041775,0.5234178355605281,-0.006675949648435292,0.011268060257994839,0.011268060257994839,0.0,False,False,0.5235987755982988,0.0
2.625457580503082,0.0010656922794082264,0.5235509929895528,-0.0025096139022342755,0.5247317724370452,0.1424083980522431,-0.19128402076012596,-0.19128402076012596,0.0,False,False,0.5235987755982988,0.0
2.62652327278249,0.0010614951859520415,0.5235383184415775,-0.011893253071472714,0.5248178217768021,0.1362420598099615,-0.18543330298501365,-0.18543330298501365,0.0,False,False,0.5235987755982988,0.0
2.6275847679684423,0.0009768910305424036,0.5235189054062397,-0.01828838754494261,0.5228061188919347,-0.06689811491875294,0.09454555861705699,0.09454555861705699,0.0,False,False,0.5235987755982988,0.0
2.6285616589989846,0.0009569149482127782,0.5235097620090078,-0.009359690022733813,0.5234727315240054,0.008029873731997275,-0.0073670551411155905,-0.0073670551411155905,0.0,False,False,0.5235987755982988,0.0
2.6295185739471973,0.0010140262991725835,0.523502901131781,-0.00716978791021339,0.5235815778060786,0.0186015944534391,-0.022012353084163272,-0.022012353084163272,0.0,False,False,0.5235987755982988,0.0
2.63053260024637,0.0009042914081625473,0.5234966501415398,-0.0061645247724417445,0.5226359932843524,-0.0765090578536567,0.1091409510754236,0.1091409510754236,0.0,False,False,0.5235987755982988,0.0
2.6314368916545328,0.0010669209255981407,0.5234970244012648,0.000413870707589868,0.5234484300256204,0.0209842078097901,-0.022474829063535904,-0.022474829063535904,0.0,False,False,0.5235987755982988,0.0
2.632503812580131,0.0010922818253672317,0.523496043591396,-0.0009192901229024709,0.5235006886634214,0.023783866778414698,-0.026775075306303527,-0.026775075306303527,0.0,False,False,0.5235987755982988,0.0
2.6335960944054984,0.0009598071641953103,0.523493775419217,-0.0020765448315014875,0.5244887958977118,0.11186814379620219,-0.15026213794487636,-0.15026213794487636,0.0,False,False,0.5235987755982988,0.0
2.6345559015696938,0.0009704946045879722,0.5234854405297409,-0.008683920882370851,0.5245391176404917,0.10592423076771396,-0.14403523368072793,-0.14403523368072793,0.0,False,False,0.5235987755982988,0.0
2.635526396174282,0.0010300470765724598,0.5234725728160197,-0.013258923501902792,0.523185283419526,-0.04416759957680465,0.06044397871007679,0.06044397871007679,0.0,False,False,0.5235987755982988,0.0
2.6365564432508544,0.0009586612435258617,0.5234658726265929,-0.006504740976569088,0.5232791632863247,-0.03063670600970185,0.0425170688271757,0.0425170688271757,0.0,False,False,0.5235987755982988,0.0
2.6375151044943803,0.0009649428556901668,0.5234633471704403,-0.002634357203550366,0.5240430515637665,0.052109780872885814,-0.07052870442588156,-0.07052870442588156,0.0,False,False,0.5235987755982988,0.0
2.6384800473500705,0.0010370768685211086,0.5234582631023992,-0.005268776291907647,0.5229475898434784,-0.06662726912925743,0.0916740665418756,0.0916740665418756,0.0,False,False,0.5235987755982988,0.0
2.6395171242185915,0.0009978296905003498,0.5234594132969723,0.0011090735972152195,0.5239730987348351,0.03892001711426629,-0.053441836994772805,-0.053441836994772805,0.0,False,False,0.5235987755982988,0.0
2.6405149539090917,0.0010335552079196203,0.5234575241003041,-0.0018933057275997522,0.5233808112183813,-0.024329560553513936,0.033118831502731746,0.033118831502731746,0.0,False,False,0.5235987755982988,0.0
2.6415485091170114,0.0010737254098798679,0.5234579492347334,0.00041133209538700985,0.522611989387449,-0.0962827451746545,0.13330144600488178,0.13330144600488178,0.0,False,False,0.5235987755982988,0.0
2.6426222345268915,0.0009553665727505004,0.5234659308201483,0.007433544313449001,0.5226309332679627,-0.08489015732908867,0.119289350740956,0.119289350740956,0.0,False,False,0.5235987755982988,0.0
2.643577601099642,0.0010102966791866253,0.5234765027487205,0.011065834700298486,0.5247392996844884,0.14428550127595757,-0.19367203508256164,-0.19367203508256164,0.0,False,False,0.5235987755982988,0.0
2.6445878977788286,0.0009405681455781462,0.523474672930862,-0.0018111688339946547,0.5233381694392675,-0.00882807811937325,0.015284604605812024,0.015284604605812024,0.0,False,False,0.5235987755982988,0.0
2.6455284659244067,0.001049943362164692,0.5234741312781094,-0.000575878265966293,0.5249056102699641,0.15870303030380017,-0.21396666045453486,-0.21396666045453486,0.0,False,False,0.5235987755982988,0.0
2.6465784092865716,0.0009931493243244933,0.5234619259367302,-0.011624761695733128,0.5230136937413749,-0.037359518971997685,0.05536289619102856,0.05536289619102856,0.0,False,False,0.5235987755982988,0.0
2.6475715586108963,0.001009108981508997,0.52345625551848,-0.005709532405079792,0.5237103799964138,0.036525627812164195,-0.045839632540666544,-0.045839632540666544,0.0,False,False,0.5235987755982988,0.0
2.6485806675924053,0.0010705154110765861,0.523449881626568,-0.006316356338884909,0.5255378859641928,0.2139740165898391,-0.291672806493899,-0.291672806493899,0.0,False,False,0.5235987755982988,0.0
2.6496511830034817,0.0009247328867256095,0.5234285380649212,-0.019937650057206515,0.5225057940568553,-0.09066002752796432,0.12846570077954106,0.12846570077954106,0.0,False,False,0.5235987755982988,0.0
2.650575915890207,0.001017489504170358,0.523419562853712,-0.009705733772429665,0.521763407272945,-0.16187523836312345,0.2272869158921166,0.2272869158921166,0.0,False,False,0.5235987755982988,0.0
2.6515934053943777,0.0009436186422010012,0.5234242910731844,0.004646946679088057,0.5245470527689159,0.12789206045480983,-0.1705394616168791,-0.1705394616168791,0.0,False,False,0.5235987755982988,0.0
2.6525370240365787,0.0010245966918234338,0.5234198474639952,-0.004709115516112207,0.5226983204052663,-0.08081658602662786,0.11318809670653845,0.11318809670653845,0.0,False,False,0.5235987755982988,0.0
2.6535616207284023,0.0009053513893714353,0.5234224398021716,0.00253010594040545,0.5234043700906831,-0.0038249171681017102,0.008089199738805296,0.008089199738805296,0.0,False,False,0.5235987755982988,0.0
2.6544669721177736,0.0009759389707496739,0.5234244348108237,0.0022035738559554826,0.522913124714835,-0.05770261454639683,0.0815848533580253,0.0815848533580253,0.0,False,False,0.5235987755982988,0.0
2.655442911088523,0.0009770704514992534,0.5234298351646959,0.0055334954685275755,0.5236638513376446,0.02499116828714023,-0.031160765252792256,-0.031160765252792256,0.0,False,False,0.5235987755982988,0.0
2.6564199815400222,0.0010602012065201625,0.5234321876858242,0.0024077292735485414,0.5226026883620837,-0.08611454634960553,0.1212670258713991,0.1212670258713991,0.0,False,False,0.5235987755982988,0.0
2.6574801827465424,0.0010196936116300265,0.5234407369001866,0.008063765924571965,0.5232837095506919,-0.013268002712669535,0.021592792112127522,0.021592792112127522,0.0,False,False,0.5235987755982988,0.0
2.6584998763581726,0.0009389550763102653,0.523447661147803,0.00679051779616526,0.5238401990715202,0.04263298675438383,-0.05550520662324624,-0.05550520662324624,0.0,False,False,0.5235987755982988,0.0
2.659438831434483,0.0009644261949958348,0.5234498363636378,0.0023166346183906067,0.5225699208665077,-0.09691667833639828,0.13481939917591865,0.13481939917591865,0.0,False,False,0.5235987755982988,0.0
2.6604032576294787,0.001053561332005715,0.5234576883170972,0.00814158045481045,0.5228467497491996,-0.058521011780162856,0.08376167941998047,0.08376167941998047,0.0,False,False,0.5235987755982988,0.0
2.6614568189614842,0.0009827081217096624,0.5234683078889604,0.010079690228362565,0.5231651591784002,-0.022446709053195242,0.03474114642200883,0.03474114642200883,0.0,False,False,0.5235987755982988,0.0
2.662439527083194,0.0010092024249651595,0.5234771560836133,0.009003888802291382,0.5222302793970853,-0.11533504464918026,0.16303498520085907,0.16303498520085907,0.0,False,False,0.5235987755982988,0.0
2.663448729508159,0.0009745375904765684,0.5234919294449104,0.014638650216826117,0.5231231754228953,-0.015326125963886952,0.02695215431392716,0.02695215431392716,0.0,False,False,0.5235987755982988,0.0
2.6644232670986354,0.001043381010734522,0.523503862436011,0.012244772512828794,0.5236075319740752,0.03590765320761384,-0.04324679861311096,-0.04324679861311096,0.0,False,False,0.5235987755982988,0.0
2.66546664810937,0.001053218581849098,0.5235106666155617,0.006521279839908682,0.5231619943878828,-0.01038444380392823,0.020323394352202147,0.020323394352202147,0.0,False,False,0.5235987755982988,0.0
2.6665198666912193,0.0011110091772582092,0.5235165368353257,0.005573600642107301,0.523279716169617,0.0018313367688732492,0.0035454655936249095,0.0035454655936249095,0.0,False,False,0.5235987755982988,0.0
2.6676308758684777,0.0009662392011770375,0.5235209083563415,0.003934729888108068,0.523503540872143,0.021794274529342007,-0.024438904364405975,-0.024438904364405975,0.0,False,False,0.5235987755982988,0.0
2.668597115069655,0.0009665344991192192,0.5235224666633257,0.0016127548771443638,0.5229502225399321,-0.03765030336842179,0.05685431909270768,0.05685431909270768,0.0,False,False,0.5235987755982988,0.0
2.669563649568774,0.0010071466730522023,0.5235262240456795,0.0038874787783004516,0.5241292899012624,0.08810389159780399,-0.11527392737070924,-0.11527392737070924,0.0,False,False,0.5235987755982988,0.0
2.6705707962418264,0.0009798857057044142,0.5235231088643473,-0.003093076128386339,0.5247762361775675,0.1435290595435768,-0.1934291618791289,-0.1934291618791289,0.0,False,False,0.5235987755982988,0.0
2.6715506819475308,0.0009200775177827358,0.5235116875141432,-0.011655798362505104,0.5231064391728676,-0.04123116993628956,0.05833945958130957,0.05833945958130957,0.0,False,False,0.5235987755982988,0.0
2.6724707594653134,0.0010452339130878575,0.5235061371226166,-0.0060325259767183585,0.5239295524558236,0.0523532442901668,-0.06877787658364666,-0.06877787658364666,0.0,False,False,0.5235987755982988,0.0
2.6735159933784014,0.001054770077701016,0.523498020374676,-0.0077654846814376975,0.523288914959346,-0.014173384262822705,0.02258555261653719,0.02258555261653719,0.0,False,False,0.5235987755982988,0.0
2.6745707634561025,0.0009264198443729512,0.523493589478777,-0.0042008168345350665,0.5238125373560417,0.03688722787453871,-0.0481123850888187,-0.0481123850888187,0.0,False,False,0.5235987755982988,0.0
2.6754971833004753,0.0009753722368482248,0.523488713528397,-0.005263218841454802,0.5248551139373885,0.14573674438316073,-0.1974981833634069,-0.1974981833634069,0.0,False,False,0.5235987755982988,0.0
2.6764725555373237,0.0010575292881475403,0.5234756738632864,-0.013368911496466258,0.5239195630531542,0.03524575254637671,-0.04806907724304962,-0.04806907724304962,0.0,False,False,0.5235987755982988,0.0
2.677530084825471,0.0008901884210548079,0.5234628261768884,-0.012148775964831693,0.5219152300416402,-0.15780861010781366,0.2196741521492315,0.2196741521492315,0.0,False,False,0.5235987755982988,0.0
2.678420273246526,0.001006498762816747,0.5234633323942003,0.0005686631052944421,0.5238595183221213,0.0763853682267428,-0.09635581090089604,-0.09635581090089604,0.0,False,False,0.5235987755982988,0.0
2.6794267720093425,0.0010089325872694693,0.5234588490582806,-0.004454387909176215,0.5245347256357408,0.13583159480008766,-0.17984501443406042,-0.17984501443406042,0.0,False,False,0.5235987755982988,0.0
2.680435704596612,0.0009688454469485203,0.5234465576440975,-0.012182592115737596,0.5232531785052837,-0.004771659642395287,0.01194673924514562,0.01194673924514562,0.0,False,False,0.5235987755982988,0.0
2.68140455004356,0.001016158132944564,0.5234384220883757,-0.008397165665041239,0.5243072773640862,0.10450499153617546,-0.13815902162758384,-0.13815902162758384,0.0,False,False,0.5235987755982988,0.0
2.6824207081765046,0.0010222774448410655,0.5234252493577884,-0.012963268373440348,0.5228230099371742,-0.05201208709862626,0.07637828641859401,0.07637828641859401,0.0,False,False,0.5235987755982988,0.0
2.6834429856213458,0.0009270703699728236,0.5234196192365584,-0.005507429767162859,0.5221232417615098,-0.11526276287431154,0.16487492451137586,0.16487492451137586,0.0,False,False,0.5235987755982988,0.0
2.6843700559913186,0.0010514052445925706,0.5234230027479032,0.0036496812478469497,0.5235461959569252,0.049752853759213816,-0.058756990966331454,-0.058756990966331454,0.0,False,False,0.5235987755982988,0.0
2.685421461235911,0.0009887432255380809,0.5234223791424791,-0.0005931161436533942,0.5218895640418963,-0.11278602791309184,0.16610904151095462,0.16610904151095462,0.0,False,False,0.5235987755982988,0.0
2.686410204461449,0.0010750015466363262,0.5234300884420302,0.0077970694027681,0.5232208487607385,0.03313670537202135,-0.032961363370339725,-0.032961363370339725,0.0,False,False,0.5235987755982988,0.0
2.6874852060080854,0.0009290460577937723,0.5234339556569301,0.0035974040334603996,0.524556937378779,0.15411016932509775,-0.20217911523875978,-0.20217911523875978,0.0,False,False,0.5235987755982988,0.0
2.688414252065879,0.0009750424769715796,0.5234276384954275,-0.006799621449959577,0.5217610559635412,-0.16224194646716436,0.22776928918623493,0.22776928918623493,0.0,False,False,0.5235987755982988,0.0
2.689389294542851,0.0009602782040116788,0.5234337294514096,0.006246862189031449,0.5223171578585388,-0.08898414475905303,0.12985009302654343,0.12985009302654343,0.0,False,False,0.5235987755982988,0.0
2.6903495727468627,0.0009695717714725907,0.5234440180505262,0.010714185819902378,0.5225434000172853,-0.05652566635570526,0.08682756008509003,0.08682756008509003,0.0,False,False,0.5235987755982988,0.0
2.691319144518335,0.0011093494916793103,0.5234556848318392,0.01203292180766278,0.5234004278301464,0.03751930588378084,-0.04145290723379348,-0.04145290723379348,0.0,False,False,0.5235987755982988,0.0
2.6924284940100143,0.0009777135282142716,0.5234624494180073,0.00609779534656604,0.5231433013160405,0.010589241079404874,-0.004508552214635746,-0.004508552214635746,0.0,False,False,0.5235987755982988,0.0
2.6934062075382283,0.0009987513921102277,0.523466476042704,0.00411840951408647,0.5246874528699559,0.16746528558499033,-0.22055453359181562,-0.22055453359181562,0.0,False,False,0.5235987755982988,0.0
2.6944049589303387,0.0009924623049953297,0.5234583573620737,-0.008128830352096258,0.5242911833897516,0.11104226862960795,-0.1457140626016789,-0.1457140626016789,0.0,False,False,0.5235987755982988,0.0
2.695397421235334,0.0009735782172753573,0.5234454234981545,-0.013032095883224331,0.523877630678402,0.058268679689311625,-0.07494180706903099,-0.07494180706903099,0.0,False,False,0.5235987755982988,0.0
2.6963709994526095,0.0009669316288533252,0.5234324907452107,-0.013283732846816637,0.5235595771690115,0.019773300475273238,-0.023022388843155658,-0.023022388843155658,0.0,False,False,0.5235987755982988,0.0
2.6973379310814627,0.0010333305190443804,0.5234218797764362,-0.010973856328522137,0.5237650374926995,0.03904466243006674,-0.049846309015293064,-0.049846309015293064,0.0,False,False,0.5235987755982988,0.0
2.698371261600507,0.0009614307129183161,0.5234111261694835,-0.01040674474863701,0.5226589046597678,-0.07190520821603955,0.10320392675280517,0.10320392675280517,0.0,False,False,0.5235987755982988,0.0
2.6993326923134253,0.0010183718835857292,0.5234085799182489,-0.0026483980596882003,0.5241566370708363,0.09106694002229529,-0.11932183453242838,-0.11932183453242838,0.0,False,False,0.5235987755982988,0.0
2.700351064197011,0.0010315607157576569,0.5234005257270105,-0.007908890031469721,0.5224300840436877,-0.08758027792578993,0.12613278149394733,0.12613278149394733,0.0,False,False,0.5235987755982988,0.0
2.701382624912769,0.0009874930874470402,0.5234015128281643,0.0009569006832935226,0.5241305167801146,0.0860185304870466,-0.11279357785713957,-0.11279357785713957,0.0,False,False,0.5235987755982988,0.0
2.702370118000216,0.00101421949253209,0.5233966748164127,-0.004899286701945333,0.5244317794194036,0.10792450003665822,-0.14450346882387516,-0.14450346882387516,0.0,False,False,0.5235987755982988,0.0
2.703384337492748,0.0009597859305048012,0.5233857762614924,-0.01074575572705587,0.5235697903406097,0.012141662336751763,-0.014048260165697789,-0.014048260165697789,0.0,False,False,0.5235987755982988,0.0
2.704344123423253,0.0009918224342341136,0.5233775686246905,-0.008551528565904935,0.5232237937214956,-0.0251218569992423,0.036895902181548035,0.036895902181548035,0.0,False,False,0.5235987755982988,0.0
2.705335945857487,0.0009162506375580034,0.5233733157720837,-0.004287917332850426,0.5237226520685017,0.027687471595140133,-0.03545474237781935,-0.03545474237781935,0.0,False,False,0.5235987755982988,0.0
2.706252196495045,0.0009552197234167811,0.5233689768080517,-0.004735564543237516,0.5208718309498238,-0.2862211538705842,0.39255038831725114,0.39255038831725114,0.0,False,False,0.5235987755982988,0.0
2.7072074162184614,0.0010119214084720893,0.5233836522021897,0.015363370100391158,0.5236474222573789,0.03297194110501733,-0.040441969189462766,-0.040441969189462766,0.0,False,False,0.5235987755982988,0.0
2.7082193376269337,0.0010695385332843447,0.5233930970743308,0.009333602453713237,0.5232941770502006,-0.005233616858725244,0.011763114096237301,0.011763114096237301,0.0,False,False,0.5235987755982988,0.0
2.709288876160218,0.001025422908011402,0.5234007206801051,0.007127939328129475,0.5233565393167593,0.001120508714367325,0.0030156426104705827,0.0030156426104705827,0.0,False,False,0.5235987755982988,0.0
2.7103142990682296,0.001021899244600375,0.523406000506912,0.005148926131489732,0.5240225664380348,0.0659599150487313,-0.08678013317372525,-0.08678013317372525,0.0,False,False,0.5235987755982988,0.0
2.71133619831283,0.001037391092602344,0.5234051311976198,-0.0008506800418568898,0.5233398830046463,-0.007441432952464487,0.013589786228702863,0.013589786228702863,0.0,False,False,0.5235987755982988,0.0
2.7123735894054324,0.0009586802251389937,0.5234052581046799,0.00012233289927699874,0.5224102399145609,-0.09631084974219142,0.13696666199791174,0.13696666199791174,0.0,False,False,0.5235987755982988,0.0
2.7133322696305715,0.0009851507629471937,0.5234116352860936,0.006652042304129966,0.5232882381772428,0.00490429419752593,-0.00029547945802270176,-0.00029547945802270176,0.0,False,False,0.5235987755982988,0.0
2.7143174203935185,0.0009784011545712265,0.5234162799959319,0.004714719830731084,0.5234752332771814,0.0233952336171135,-0.025850518560422236,-0.025850518560422236,0.0,False,False,0.5235987755982988,0.0
2.71529582154809,0.0009118337552200612,0.5234183080947511,0.0020728704271120654,0.5235186068537153,0.025488817915925395,-0.029143544096607518,-0.029143544096607518,0.0,False,False,0.5235987755982988,0.0
2.7162076553033097,0.0009303671064401394,0.5234184645602382,0.00017159431332349102,0.5235597658643317,0.027453808349481638,-0.03224239480797038,-0.03224239480797038,0.0,False,False,0.5235987755982988,0.0
2.71713802240975,0.0010181784051076746,0.523417183630821,-0.0013767999838939769,0.5243242042296778,0.10687366745633327,-0.14130611631242251,-0.14130611631242251,0.0,False,False,0.5235987755982988,0.0
2.7181562008148576,0.0010582370161169885,0.5234088905176811,-0.008145049137064184,0.5224611465806376,-0.08679318890470242,0.12462914900354512,0.12462914900354512,0.0,False,False,0.5235987755982988,0.0
2.7192144378309746,0.0010166517081888519,0.5234098805364847,0.0009355359796478068,0.5235632081093514,0.026027405704666384,-0.03059267204454652,-0.03059267204454652,0.0,False,False,0.5235987755982988,0.0
2.7202310895391633,0.0009435598986638295,0.523408956908978,-0.000908499439130206,0.5245346329269853,0.11897605306866557,-0.1596166955987558,-0.1596166955987558,0.0,False,False,0.5235987755982988,0.0
2.721174649437827,0.0010487102429612733,0.5234012400271383,-0.008178475845230668,0.5218875059339132,-0.17346834071667566,0.2389648628189519,0.2389648628189519,0.0,False,False,0.5235987755982988,0.0
2.7222233596807883,0.0009737254564473401,0.5234083971556903,0.006824695953939147,0.5235651684591849,0.0038523790428459104,-0.004017926347364286,-0.004017926347364286,0.0,False,False,0.5235987755982988,0.0
2.723197085137236,0.0009319774337600723,0.5234129569369819,0.0046828202563401,0.5229021178254908,-0.06462706645392076,0.09009231965524943,0.09009231965524943,0.0,False,False,0.5235987755982988,0.0
2.724129062570996,0.0010312922242490846,0.5234200191742994,0.007577691327821394,0.5230965133352798,-0.03730596745403063,0.05380788167917823,0.05380788167917823,0.0,False,False,0.5235987755982988,0.0
2.725160354795245,0.0010344659031301037,0.523428354765585,0.00808266666775009,0.522638761264193,-0.07796163294581211,0.11083421754888007,0.11083421754888007,0.0,False,False,0.5235987755982988,0.0
2.726194820698375,0.0010906517465028806,0.5234401494877191,0.011401750505634932,0.5232921885758148,-0.006999800329049455,0.013918326799571057,0.013918326799571057,0.0,False,False,0.5235987755982988,0.0
2.727285472444878,0.0009796901093133128,0.5234496797400193,0.008738125924060959,0.5250564783821483,0.15546490542777056,-0.2127965366226155,-0.2127965366226155,0.0,False,False,0.5235987755982988,0.0
2.7282651625541914,0.0010649532941684088,0.5234456275290822,-0.0041362170533247155,0.5223422038808461,-0.13713597971379804,0.1871814665707071,0.1871814665707071,0.0,False,False,0.5235987755982988,0.0
2.72933011584836,0.0009909134997880204,0.5234532433494616,0.007151318673958618,0.522432566074086,-0.11493729664669672,0.1589165274118677,0.1589165274118677,0.0,False,False,0.5235987755982988,0.0
2.730321029348148,0.0010275025196845703,0.5234660825108562,0.012956894216621554,0.5223299302661117,-0.11380126298638679,0.15940073156303147,0.15940073156303147,0.0,False,False,0.5235987755982988,0.0
2.7313485318678326,0.0010820476422404284,0.5234841434116727,0.017577475938423487,0.5249916002447137,0.15662153499533954,-0.2130166856298753,-0.2130166856298753,0.0,False,False,0.5235987755982988,0.0
2.732430579510073,0.0010211046616759424,0.5234856518692157,0.001394076826320128,0.5230821843630133,-0.03550381727304133,0.05190322296278803,0.05190322296278803,0.0,False,False,0.5235987755982988,0.0
2.733451684171749,0.0010446736860102463,0.5234893400530571,0.003611954758310093,0.5234669657520479,0.005729419452004607,-0.004502726109888591,-0.004502726109888591,0.0,False,False,0.5235987755982988,0.0
2.7344963578577595,0.0010642680822001416,0.5234916820251991,0.002241821703167314,0.5231401876005406,-0.026123926688623587,0.03960329598599626,0.03960329598599626,0.0,False,False,0.5235987755982988,0.0
2.7355606259399594,0.0010611800668504168,0.5234955420374825,0.0036269172663164484,0.5226713775995177,-0.06756152563970941,0.09776699474571227,0.09776699474571227,0.0,False,False,0.5235987755982988,0.0
2.7366218060068097,0.000971526231920816,0.5235036672710858,0.007656790640072758,0.523298459620005,-0.00171247828093566,0.007460661546411737,0.007460661546411737,0.0,False,False,0.5235987755982988,0.0
2.7375933322387307,0.0010803305759913534,0.523509361200127,0.005860808338612221,0.525654583436937,0.24097654616691466,-0.32617639649578584,-0.32617639649578584,0.0,False,False,0.5235987755982988,0.0
2.738673662814722,0.0009936550383321627,0.5234946359145496,-0.013630351583722368,0.5247094469641631,0.1293930336306091,-0.17526372494228817,-0.17526372494228817,0.0,False,False,0.5235987755982988,0.0
2.7396673178530544,0.000967916730655559,0.5234760036045015,-0.01875128624048696,0.522731674942739,-0.0825863737049324,0.11471146024599596,0.11471146024599596,0.0,False,False,0.5235987755982988,0.0
2.74063523458371,0.0010029405096066708,0.5234674241478181,-0.00886383757170782,0.5240325391602719,0.06007062421997421,-0.07989249317948503,-0.07989249317948503,0.0,False,False,0.5235987755982988,0.0
2.7416381750933168,0.0010938005670545503,0.5234570641894147,-0.01032958416193212,0.5227314236799977,-0.07566651369618134,0.10641215096483773,0.10641215096483773,0.0,False,False,0.5235987755982988,0.0
2.742731975660371,0.0009697481888736987,0.5234555902726183,-0.0013475187715305034,0.5219054170714311,-0.14361697517565367,0.20282082369440288,0.20282082369440288,0.0,False,False,0.5235987755982988,0.0
2.7437017238492447,0.0010440412131974075,0.5234642049323263,0.008883398604652476,0.5243538960459901,0.12323078033628382,-0.16146910446198445,-0.16146910446198445,0.0,False,False,0.5235987755982988,0.0
2.7447457650624423,0.0009863151026074117,0.523461912733968,-0.0021955056268723096,0.5244742847241062,0.12243872967918405,-0.16268563987955337,-0.16268563987955337,0.0,False,False,0.5235987755982988,0.0
2.7457320801650495,0.0011145963265068142,0.5234524808316123,-0.009562767852585138,0.5243653336280465,0.09914857994112779,-0.13277634046481152,-0.13277634046481152,0.0,False,False,0.5235987755982988,0.0
2.7468466764915562,0.0009293612671183317,0.5234369373129537,-0.013945424266149954,0.5230269025309744,-0.030848415885503536,0.04731181427444388,0.04731181427444388,0.0,False,False,0.5235987755982988,0.0
2.7477760377586744,0.00093262970982227,0.5234291913537487,-0.008334712752807944,0.5232836520702104,-0.00013712284905198838,0.005836770924453209,0.005836770924453209,0.0,False,False,0.5235987755982988,0.0
2.7487086674684966,0.0009260674803017142,0.5234237581174143,-0.005825716548723083,0.5240780519938829,0.0850550815325569,-0.11069307295958197,-0.11069307295958197,0.0,False,False,0.5235987755982988,0.0
2.749634734948798,0.0009893629674212216,0.5234150944129826,-0.009355370549079136,0.5237567391559944,0.04185309124132412,-0.053067053528109656,-0.053067053528109656,0.0,False,False,0.5235987755982988,0.0
2.7506240979162193,0.0010189855225334282,0.5234058409404577,-0.009352960267974688,0.5230623274437898,-0.032519978600659,0.04868004110195351,0.04868004110195351,0.0,False,False,0.5235987755982988,0.0
2.751643083438753,0.0009312056052372573,0.5234015946817133,-0.004167143350431799,0.5219886879773473,-0.13463154506024555,0.19053943124942155,0.19053943124942155,0.0,False,False,0.5235987755982988,0.0
2.75257428904399,0.0008962857602478574,0.5234070585579199,0.005867529336021775,0.5235064334116262,0.04181875489924204,-0.04852034651898284,-0.04852034651898284,0.0,False,False,0.5235987755982988,0.0
2.753470574804238,0.0009736167508343412,0.5234089749529102,0.0021381517761823,0.5243505884961814,0.13182057862616398,-0.17171732651328392,-0.17171732651328392,0.0,False,False,0.5235987755982988,0.0
2.7544441915550726,0.0010580700099208078,0.5234023040501495,-0.006851672133690631,0.522357211113801,-0.08610090886030114,0.12566925135332283,0.12566925135332283,0.0,False,False,0.5235987755982988,0.0
2.7555022615649936,0.0009027347529161292,0.5234043347657017,0.0019192638796742753,0.5239617574826141,0.07415759411267815,-0.09552278685288867,-0.09552278685288867,0.0,False,False,0.5235987755982988,0.0
2.75640499631791,0.0009537359585259221,0.5234017010915637,-0.0029174396238900715,0.5236910258009501,0.036751665297886774,-0.045762502005186535,-0.045762502005186535,0.0,False,False,0.5235987755982988,0.0
2.757358732276436,0.0010488694390267971,0.5233976384552861,-0.004259707565040889,0.5240522663088621,0.07095286325690411,-0.0933062686984249,-0.0933062686984249,0.0,False,False,0.5235987755982988,0.0
2.758407601715463,0.0009884851364644462,0.5233894418720424,-0.007814684019514382,0.5241503840453834,0.07321219561590729,-0.09778358678661106,-0.09778358678661106,0.0,False,False,0.5235987755982988,0.0
2.759396086851927,0.0010031293046050308,0.5233791513374817,-0.010410408999710043,0.5227731160868688,-0.07344019926721526,0.1029901103263981,0.1029901103263981,0.0,False,False,0.5235987755982988,0.0
2.7603992161565323,0.0009301426192847094,0.5233768186296687,-0.0023254308315643936,0.5219657553594711,-0.14658039246151505,0.20529083525271702,0.20529083525271702,0.0,False,False,0.5235987755982988,0.0
2.761329358775817,0.0010144274291568284,0.5233841450795095,0.007876695131404208,0.5229185614621672,-0.02948579317161229,0.047626806256303875,0.047626806256303875,0.0,False,False,0.5235987755982988,0.0
2.762343786204974,0.001015280495058875,0.5233922402406063,0.00798002978238803,0.5241681501986198,0.0966444648479158,-0.12622210062327743,-0.12622210062327743,0.0,False,False,0.5235987755982988,0.0
2.763359066700033,0.001042653889594917,0.5233914592441434,-0.0007692420633068388,0.522918471610384,-0.036107009735786774,0.055573883465411505,0.055573883465411505,0.0,False,False,0.5235987755982988,0.0
2.764401720589628,0.0010419320240535991,0.5233939320853388,0.0023716798259258423,0.5227882650276987,-0.04498430540084738,0.06857035675181883,0.06857035675181883,0.0,False,False,0.5235987755982988,0.0
2.7654436526136816,0.0009944948862875148,0.5233993461668932,0.005196194597520737,0.5218099181519478,-0.13438325522389913,0.19345934030299775,0.19345934030299775,0.0,False,False,0.5235987755982988,0.0
2.766438147499969,0.0010323499583472964,0.5234125519936823,0.013278928802154845,0.5249420255163794,0.19399961225826495,-0.2569780332353678,-0.2569780332353678,0.0,False,False,0.5235987755982988,0.0
2.767470497458316,0.0009363841209475165,0.5234087951280181,-0.0036391396481476566,0.5241293662140932,0.0958802888902506,-0.12460697775260016,-0.12460697775260016,0.0,False,False,0.5235987755982988,0.0
2.7684068815792635,0.0009766939063684534,0.5234008842236904,-0.008448353780039008,0.5240727452122462,0.08024548917498521,-0.10482604006103566,-0.10482604006103566,0.0,False,False,0.5235987755982988,0.0
2.769383575485632,0.0010353272482797372,0.5233899486761068,-0.011196494123968358,0.5242344483888286,0.08877711773827165,-0.1179746515154621,-0.1179746515154621,0.0,False,False,0.5235987755982988,0.0
2.770418902733912,0.0009072061062730217,0.5233753479577615,-0.014102515286320587,0.5238786209443972,0.04553080946293818,-0.05967418758529653,-0.05967418758529653,0.0,False,False,0.5235987755982988,0.0
2.771326108840185,0.000936708594423991,0.5233631453031423,-0.013450807412850605,0.5231499281541168,-0.03934501019088466,0.055293266224338576,0.055293266224338576,0.0,False,False,0.5235987755982988,0.0
2.772262817434609,0.0009655271238623437,0.5233561072366136,-0.007513613700798649,0.5232131960959381,-0.02865622697582399,0.04132790341348199,0.04132790341348199,0.0,False,False,0.5235987755982988,0.0
2.773228344558471,0.0010268779181448362,0.5233528148123756,-0.0034099759153497274,0.5229796945160591,-0.049974448947973885,0.07111279821788391,0.07111279821788391,0.0,False,False,0.5235987755982988,0.0
2.774255222476616,0.0010206118492119723,0.5233541453023668,0.0012956652077551738,0.5256533903574179,0.21539434039924937,-0.2954562741432422,-0.2954562741432422,0.0,False,False,0.5235987755982988,0.0
2.7752758343258277,0.0009451977092129615,0.5233396698723277,-0.014183090320081634,0.523824794637209,0.014688289626355572,-0.021694290252009828,-0.021694290252009828,0.0,False,False,0.5235987755982988,0.0
2.7762210320350404,0.001006840596574811,0.5233286162738415,-0.011694482940904891,0.5229238740351523,-0.08209611122936884,0.11066356161188023,0.11066356161188023,0.0,False,False,0.5235987755982988,0.0
2.7772278726316153,0.0010621004139743661,0.5233256982275555,-0.002898220727288136,0.5237319207958862,0.006369179241697234,-0.010039628646608739,-0.010039628646608739,0.0,False,False,0.5235987755982988,0.0
2.77828997304559,0.0010633769017481661,0.5233230408392348,-0.00250201231994362,0.5224408912931016,-0.11582211205415538,0.15982845195853704,0.15982845195853704,0.0,False,False,0.5235987755982988,0.0
2.779353349947338,0.00090962625288036,0.5233302723986054,0.006800560891170981,0.5246432021914933,0.10286549092450521,-0.1422382677869069,-0.1422382677869069,0.0,False,False,0.5235987755982988,0.0
2.7802629762002184,0.0009771205941995847,0.5233289254286266,-0.0014807949688566639,0.5227520338133758,-0.1153271484032581,0.1536339302125247,0.1536339302125247,0.0,False,False,0.5235987755982988,0.0
2.781240096794418,0.0010479727778324327,0.5233352417508036,0.006464219682254696,0.5237725212824557,0.0006437980266740945,-0.003899979946832127,-0.003899979946832127,0.0,False,False,0.5235987755982988,0.0
2.7822880695722505,0.0010577211670784426,0.5233397149198186,0.004268401918038178,0.5242699558893997,0.048045785429931126,-0.06973618775573381,-0.06973618775573381,0.0,False,False,0.5235987755982988,0.0
2.783345790739329,0.000980527491228203,0.5233388983940762,-0.0007719669112953142,0.5236746722918003,-0.01303861582320625,0.01428019850482053,0.01428019850482053,0.0,False,False,0.5235987755982988,0.0
2.784326318230557,0.000983611081663359,0.5233390534497114,0.0001581349187581943,0.5234214940697907,-0.03755536858108366,0.048257509810447186,0.048257509810447186,0.0,False,False,0.5235987755982988,0.0
2.7853099293122203,0.0010404473238472144,0.5233414969184703,0.002484181811709136,0.5233509235158111,-0.040974471709765696,0.05363070353649701,0.05363070353649701,0.0,False,False,0.5235987755982988,0.0
2.7863503766360673,0.0010804924202194055,0.523346171028508,0.00449240430588161,0.5232969168798022,-0.042067737684099084,0.05591474215385841,0.05591474215385841,0.0,False,False,0.5235987755982988,0.0
2.7874308690562866,0.0009761129015031517,0.523352720503057,0.00606156454821506,0.522849456131904,-0.07927363276229535,0.10861610970986049,0.10861610970986049,0.0,False,False,0.5235987755982988,0.0
2.78840698195779,0.0009251084600004569,0.5233621071652366,0.009616369341212674,0.5229698588761047,-0.05901134962021296,0.08213412054374966,0.08213412054374966,0.0,False,False,0.5235987755982988,0.0
2.7893320904177905,0.00098082269785041,0.5233721902494872,0.010899353628963116,0.5246633764295383,0.1299512993866343,-0.17510437422627204,-0.17510437422627204,0.0,False,False,0.5235987755982988,0.0
2.790312913115641,0.0010381909180875038,0.5233715487886529,-0.0006540028445247929,0.5232768327086837,-0.02440920921764693,0.03508602307424753,0.03508602307424753,0.0,False,False,0.5235987755982988,0.0
2.7913511040337284,0.0008798293422023884,0.5233729748829673,0.0013736339719572577,0.5226872382754364,-0.07875884800656346,0.11091828941939974,0.11091828941939974,0.0,False,False,0.5235987755982988,0.0
2.7922309333759308,0.0009499006421603189,0.5233781537854572,0.005886257983745243,0.5229275991361888,-0.04356393106829535,0.06435789359993464,0.06435789359993464,0.0,False,False,0.5235987755982988,0.0
2.793180834018091,0.0010193220713228127,0.5233850785382027,0.007289975854511702,0.5243453331067316,0.1100432265520202,-0.14548990701421421,-0.14548990701421421,0.0,False,False,0.5235987755982988,0.0
2.794200156089414,0.0009584351841245499,0.5233827439803098,-0.0022903044666624794,0.5239723219901615,0.06244486487184202,-0.08165767289973923,-0.08165767289973923,0.0,False,False,0.5235987755982988,0.0
2.7951585912735384,0.0009853668083428491,0.523377435174813,-0.005539034443480996,0.5238664146275704,0.04515034971862737,-0.05899792218924213,-0.05899792218924213,0.0,False,False,0.5235987755982988,0.0
2.796143958081881,0.0010111485495085198,0.5233707079216765,-0.006827156221994058,0.5231459782809436,-0.03247820404919379,0.04712419657142719,0.04712419657142719,0.0,False,False,0.5235987755982988,0.0
2.7971551066313896,0.0009985711140268463,0.5233682579651213,-0.0024229442413416114,0.5238686111107156,0.042236151131775396,-0.05554042058163237,-0.05554042058163237,0.0,False,False,0.5235987755982988,0.0
2.7981536777454163,0.000984614449375439,0.523363800338754,-0.004464004921395232,0.5228021873103426,-0.06878244186460554,0.09687751942073927,0.09687751942073927,0.0,False,False,0.5235987755982988,0.0
2.7991382921947916,0.0009665534773178231,0.5233653954680325,0.0016200547122953868,0.5231388394864646,-0.027712928564072564,0.04153436428990372,0.04153436428990372,0.0,False,False,0.5235987755982988,0.0
2.8001048456721094,0.0010528778254902697,0.5233684423484176,0.003152314338119664,0.5242147564186977,0.08637315002140257,-0.11473543479286384,-0.11473543479286384,0.0,False,False,0.5235987755982988,0.0
2.8011577234975995,0.0010623518671716296,0.5233643481089635,-0.00388861780070187,0.524127299312655,0.06942935311553156,-0.09282865059704926,-0.09282865059704926,0.0,False,False,0.5235987755982988,0.0
2.802220075364771,0.0010604320679724038,0.5233562965567338,-0.007578988166299708,0.5224994185682542,-0.09074725125661304,0.12868512804873844,0.12868512804873844,0.0,False,False,0.5235987755982988,0.0
2.8032805074327434,0.0010560561153561722,0.5233579701350092,0.001578204135850773,0.522611382462951,-0.0711141982494789,0.10311011433563493,0.10311011433563493,0.0,False,False,0.5235987755982988,0.0
2.8043365635480995,0.0010543523250230965,0.5233648525312593,0.006517074377073262,0.5234597130547893,0.016327289220803842,-0.01708962128179392,-0.01708962128179392,0.0,False,False,0.5235987755982988,0.0
2.8053909158731227,0.0009619304465916237,0.5233686453171331,0.0035972660977025904,0.5248749799802956,0.14892548974399272,-0.20168226656873414,-0.20168226656873414,0.0,False,False,0.5235987755982988,0.0
2.8063528463197143,0.000998311095744852,0.5233617734444267,-0.0071438353268924795,0.5216901274866022,-0.1970567450780967,0.270823760104256,0.270823760104256,0.0,False,False,0.5235987755982988,0.0
2.807351157415459,0.0010990500820806358,0.5233702151284181,0.008455965307187136,0.523613106439031,0.015272146844132195,-0.018584531346138466,-0.018584531346138466,0.0,False,False,0.5235987755982988,0.0
2.8084502074975397,0.0009331992054942372,0.523375451572398,0.004764518073619387,0.5221746272330948,-0.11713893104085404,0.1662013878226967,0.1662013878226967,0.0,False,False,0.5235987755982988,0.0
2.809383406703034,0.0009536119642470053,0.5233858963887336,0.01119248309917445,0.5228323381695101,-0.034945880588260425,0.055730930424108746,0.055730930424108746,0.0,False,False,0.5235987755982988,0.0
2.8103370186672807,0.0009929647414213295,0.5233962928473358,0.01090218977114492,0.523078269058183,-0.005661883640562516,0.016163378090759725,0.016163378090759725,0.0,False,False,0.5235987755982988,0.0
2.811329983408702,0.0009710595105559975,0.5234049328998885,0.008701268224717939,0.5230379701436345,-0.009154138931897572,0.021079464902234554,0.021079464902234554,0.0,False,False,0.5235987755982988,0.0
2.812301042919258,0.0010606212090543585,0.5234120262862606,0.007304790586896157,0.522946201452219,-0.01768909243822267,0.03297324555530318,0.03297324555530318,0.0,False,False,0.5235987755982988,0.0
2.8133616641283123,0.0009787454882150485,0.5234192345249554,0.0067962422713014285,0.5234255238716033,0.029272428012353538,-0.03200838253430584,-0.03200838253430584,0.0,False,False,0.5235987755982988,0.0
2.8143404096165274,0.0009685705421144955,0.5234224459015195,0.0032811150628647796,0.5229553473026529,-0.021693510712568614,0.0376139221767085,0.0376139221767085,0.0,False,False,0.5235987755982988,0.0
2.8153089801586417,0.0009513596239083891,0.5234264606794712,0.004145054776170261,0.5221502258526807,-0.10264886919675388,0.14925253845723124,0.14925253845723124,0.0,False,False,0.5235987755982988,0.0
2.8162603397825503,0.0009880528702455448,0.5234360337776509,0.01006254410969535,0.5241165984013897,0.11430678946607546,-0.14648895781492627,-0.14648895781492627,0.0,False,False,0.5235987755982988,0.0
2.817248392652796,0.0009785944732242577,0.5234360650959872,3.169702473670641e-05,0.5240930700041558,0.10049482122388552,-0.129491084774089,-0.129491084774089,0.0,False,False,0.5235987755982988,0.0
2.81822698712602,0.0009879462198269025,0.5234298865483712,-0.006313695596159475,0.5241656949422775,0.09786669085738554,-0.12764457722047884,-0.12764457722047884,0.0,False,False,0.5235987755982988,0.0
2.819214933345847,0.000991984925417312,0.5234192339721978,-0.010782546619997821,0.5220746894792546,-0.12357172819802646,0.17571962398042734,0.17571962398042734,0.0,False,False,0.5235987755982988,0.0
2.820206918271264,0.0009958924003819823,0.5234201327950331,0.0009060851755025492,0.5236809880928617,0.050713168768523234,-0.06233562742435938,-0.06233562742435938,0.0,False,False,0.5235987755982988,0.0
2.8212028106716462,0.00102235022443699,0.5234176709220254,-0.0024720271052517022,0.5240075737574101,0.07843511996191602,-0.10148051081830303,-0.10148051081830303,0.0,False,False,0.5235987755982988,0.0
2.822225160896083,0.0009791513009535016,0.5234106218136975,-0.0068950034532954795,0.5225107282463152,-0.07582059749148898,0.11056956932549239,0.11056956932549239,0.0,False,False,0.5235987755982988,0.0
2.8232043121970367,0.001073009431241309,0.5234111055076981,0.0004939931144346968,0.5234191106768922,0.024533889735662257,-0.02620669909747516,-0.02620669909747516,0.0,False,False,0.5235987755982988,0.0
2.824277321628278,0.000960616989817938,0.5234099540458916,-0.0010731143389448126,0.5233084922573459,0.011771325807471016,-0.008900490831812392,-0.008900490831812392,0.0,False,False,0.5235987755982988,0.0
2.825237938618096,0.001049277246780492,0.5234088132844539,-0.0011875299415056901,0.5250163929999437,0.18838625402730874,-0.2515806180623791,-0.2515806180623791,0.0,False,False,0.5235987755982988,0.0
2.8262872158648764,0.0010238213329931745,0.5233941149448779,-0.014008060902023313,0.5250735545592504,0.17499533650941704,-0.23654042510842935,-0.23654042510842935,0.0,False,False,0.5235987755982988,0.0
2.8273110371978696,0.0010012105054530978,0.5233712373585749,-0.02234529166925247,0.5219188124090635,-0.15063824832054937,0.21100523539089563,0.21100523539089563,0.0,False,False,0.5235987755982988,0.0
2.8283122477033227,0.0009787423827290883,0.5233643818511408,-0.0068472188384206285,0.5255407437288586,0.226180801818101,-0.3063723885317976,-0.3063723885317976,0.0,False,False,0.5235987755982988,0.0
2.8292909900860517,0.00098371463353092,0.5233449264784296,-0.01987793014231424,0.5225462413667763,-0.1023913695447368,0.14181525962108946,0.14181525962108946,0.0,False,False,0.5235987755982988,0.0
2.8302747047195824,0.0010047975447992936,0.5233367178933536,-0.008344477957534003,0.5241925167869732,0.07520071348595908,-0.10092819757928992,-0.10092819757928992,0.0,False,False,0.5235987755982988,0.0
2.8312795022643815,0.0010868078988767217,0.5233256624405983,-0.011002666967620837,0.5241725816980998,0.06569665153382154,-0.08916449163700303,-0.08916449163700303,0.0,False,False,0.5235987755982988,0.0
2.832366310163258,0.0010644828194445333,0.5233120386493927,-0.012535601939999518,0.5224431350099767,-0.10000386737122255,0.14080617143526433,0.14080617143526433,0.0,False,False,0.5235987755982988,0.0
2.8334307929827025,0.0009450998629880492,0.5233105080264726,-0.0014379028877595616,0.5237409653812997,0.03191773289944909,-0.040860695573354124,-0.040860695573354124,0.0,False,False,0.5235987755982988,0.0
2.8343758928456904,0.001042357632671567,0.5233077139791985,-0.002956351369285493,0.5232138730844765,-0.027045109402892172,0.039382376532271696,0.039382376532271696,0.0,False,False,0.5235987755982988,0.0
2.835418250478362,0.0009783050351020945,0.5233077413918237,2.6298675526910138e-05,0.5237914855779953,0.031073443264928474,-0.04075691155245024,-0.04075691155245024,0.0,False,False,0.5235987755982988,0.0
2.836396555513464,0.0010016993740339499,0.5233058090855313,-0.0019751572598852947,0.5235071086440162,-0.0011022308539602767,0.0029726822018399084,0.0029726822018399084,0.0,False,False,0.5235987755982988,0.0
2.8373982548874976,0.0010585035147423001,0.5233045802763262,-0.0012267245412758408,0.5243485834258925,0.08301271497451201,-0.11311179886610113,-0.11311179886610113,0.0,False,False,0.5235987755982988,0.0
2.83845675840224,0.0009841933325055894,0.523297362412298,-0.00681893250968248,0.5233631609264179,-0.018384373943493473,0.026302312826048994,0.026302312826048994,0.0,False,False,0.5235987755982988,0.0
2.8394409517347454,0.001022052995967945,0.5232938597031552,-0.003558964511396094,0.5231473619411446,-0.038472419705035205,0.05429234947481741,0.05429234947481741,0.0,False,False,0.5235987755982988,0.0
2.8404630047307133,0.0010401226676739596,0.5232941764671879,0.00030992916600701415,0.5242506729511976,0.07332529199704113,-0.09972450274862836,-0.09972450274862836,0.0,False,False,0.5235987755982988,0.0
2.8415031273983873,0.0009815219784180772,0.5232890025354426,-0.004974347647724924,0.5237954935630462,0.022230675661081133,-0.030217734158750665,-0.030217734158750665,0.0,False,False,0.5235987755982988,0.0
2.8424846493768055,0.0009502692094092954,0.5232840924415487,-0.005002530765319607,0.5239227201036035,0.03296977739477341,-0.04539473396921282,-0.04539473396921282,0.0,False,False,0.5235987755982988,0.0
2.843434918586215,0.001012212878692059,0.523278634792229,-0.005743266503510638,0.5226986735124398,-0.09913770783495474,0.1351670869474077,0.1351670869474077,0.0,False,False,0.5235987755982988,0.0
2.844447131464907,0.0009948443722258048,0.5232814877083127,0.0028184941564626757,0.5223693238541148,-0.12176152526615941,0.16824396171470302,0.16824396171470302,0.0,False,False,0.5235987755982988,0.0
2.845441975837133,0.0009482709302231461,0.5232917748388789,0.010340442036283617,0.522796343807067,-0.06666208092891124,0.09443826935686679,0.09443826935686679,0.0,False,False,0.5235987755982988,0.0
2.8463902467673563,0.0010757169324899405,0.5233032242945983,0.012074034281167772,0.5227614554322523,-0.06367502967851449,0.09148179860305511,0.09148179860305511,0.0,False,False,0.5235987755982988,0.0
2.8474659636998463,0.0011021430909241108,0.5233177026487242,0.01345926022786732,0.5240037909394625,0.05818154571051676,-0.07710813099356602,-0.07710813099356602,0.0,False,False,0.5235987755982988,0.0
2.84856810679077,0.0010467774061613802,0.5233235103461653,0.0052694586473274515,0.5241752171023943,0.06791728467139563,-0.09187668867939422,-0.09187668867939422,0.0,False,False,0.5235987755982988,0.0
2.8496148841969315,0.000938928077436844,0.5233222763464717,-0.0011788558735930715,0.523186899630376,-0.033289690647753445,0.04736139619991459,0.04736139619991459,0.0,False,False,0.5235987755982988,0.0
2.8505538122743683,0.0010675057763951462,0.5233235727179424,0.0013806930497450216,0.524572285128337,0.11758897165262044,-0.15862993752383148,-0.15862993752383148,0.0,False,False,0.5235987755982988,0.0
2.8516213180507637,0.0009942791587836605,0.5233155305676098,-0.00753358952280566,0.5245097453993084,0.09997158356286169,-0.13636335669360639,-0.13636335669360639,0.0,False,False,0.5235987755982988,0.0
2.8526155972095473,0.0009654249861313283,0.5233034637782887,-0.01213621870128352,0.5235158694026375,-0.009985026612442396,0.01347434345683453,0.01347434345683453,0.0,False,False,0.5235987755982988,0.0
2.8535810221956788,0.0009485887834670753,0.5232954506818341,-0.008300071543373061,0.5225782148064104,-0.10611003014762126,0.14570213043113656,0.14570213043113656,0.0,False,False,0.5235987755982988,0.0
2.854529610979146,0.0010278897415095757,0.5232962827179276,0.0008771304361967786,0.5246710581925119,0.1251280161737451,-0.16945470610432997,-0.16945470610432997,0.0,False,False,0.5235987755982988,0.0
2.8555575007206553,0.0010580368442620527,0.5232879508303738,-0.008105818374607617,0.5232347031465593,-0.02712302661365759,0.039100936067700605,0.039100936067700605,0.0,False,False,0.5235987755982988,0.0
2.856615537564917,0.0009887624690711767,0.5232841817639315,-0.003562320596636183,0.5233942816678888,-0.009328213149860412,0.014874746527212478,0.014874746527212478,0.0,False,False,0.5235987755982988,0.0
2.857604300033988,0.0010857761221413336,0.5232824344231151,-0.001767199778605499,0.5229860731304573,-0.049680184714904686,0.07064486607903277,0.07064486607903277,0.0,False,False,0.5235987755982988,0.0
2.8586900761561296,0.00092826372979735,0.523285311558682,0.0026498423645823733,0.5225088230163679,-0.08866691016872466,0.12601943867722576,0.12601943867722576,0.0,False,False,0.5235987755982988,0.0
2.8596183398859267,0.0009322278176116871,0.52329251054938,0.00775532908048055,0.5220108808701992,-0.1334425333115817,0.1887131450796911,0.1887131450796911,0.0,False,False,0.5235987755982988,0.0
2.8605505677035383,0.0009972768668835097,0.5233059870373559,0.01445621737662513,0.5238582688362384,0.07807087257416616,-0.0983559253719124,-0.0983559253719124,0.0,False,False,0.5235987755982988,0.0
2.861547844570422,0.001068884511118529,0.523311763633031,0.005792369067135738,0.5226281172453265,-0.05308727513210165,0.08117658051202294,0.08117658051202294,0.0,False,False,0.5235987755982988,0.0
2.8626167290815405,0.0009915956675477986,0.5233206341541304,0.008298858302448187,0.5259905788298096,0.2667981488816897,-0.36321023682522163,-0.36321023682522163,0.0,False,False,0.5235987755982988,0.0
2.863608324749088,0.0009755111612781262,0.523308657550479,-0.012078112121184655,0.522360879553703,-0.12592796843564985,0.173395690925504,0.173395690925504,0.0,False,False,0.5235987755982988,0.0
2.8645838359103664,0.0010220198504787106,0.5233082537944667,-0.0004138917404007802,0.5222109805872016,-0.12870136856158101,0.17942195247364687,0.17942195247364687,0.0,False,False,0.5235987755982988,0.0
2.8656058557608453,0.0010284259328848337,0.5233173327276196,0.008883323693490318,0.523762512739087,0.03597914175832953,-0.046122238644183244,-0.046122238644183244,0.0,False,False,0.5235987755982988,0.0
2.86663428169373,0.000958054147179869,0.5233213450560374,0.003901426723607772,0.5246559228311929,0.11925283044063925,-0.16213204672086043,-0.16213204672086043,0.0,False,False,0.5235987755982988,0.0
2.86759233584091,0.0009536466819161838,0.5233165668455737,-0.004987411700914136,0.5233729319543934,-0.026588774616759847,0.035971715130409594,0.035971715130409594,0.0,False,False,0.5235987755982988,0.0
2.868545982522826,0.0009833902272296019,0.5233147976763404,-0.0018551621548144382,0.5238141733939328,0.022338961941955043,-0.030683914651757217,-0.030683914651757217,0.0,False,False,0.5235987755982988,0.0
2.8695293727500557,0.0010384166787059871,0.5233120335260654,-0.0028108376496136945,0.5217032349085007,-0.19455422483508533,0.2675848022184688,0.2675848022184688,0.0,False,False,0.5235987755982988,0.0
2.870567789428762,0.0009595477732687689,0.5233244571326694,0.011963989849967894,0.5227332167730395,-0.07591107880476856,0.10667335342038957,0.10667335342038957,0.0,False,False,0.5235987755982988,0.0
2.8715273372020307,0.0010318912941210462,0.5233378441807001,0.013951413784317166,0.5224009377119676,-0.10294868565102006,0.14509950473518585,0.14509950473518585,0.0,False,False,0.5235987755982988,0.0
2.8725592284961516,0.001022460099340691,0.5233560548786274,0.01764788406588165,0.5217023154007351,-0.16035690899228022,0.22656457434688343,0.22656457434688343,0.0,False,False,0.5235987755982988,0.0
2.8735816885954923,0.0010580162270719456,0.5233814295875875,0.024817309718494978,0.523483514099761,0.029885941694845153,-0.033788423060133785,-0.033788423060133785,0.0,False,False,0.5235987755982988,0.0
2.8746397048225645,0.000990737206740112,0.5234000043807402,0.01755624599829561,0.5214427680531514,-0.1659868440770117,0.237992348705068,0.237992348705068,0.0,False,False,0.5235987755982988,0.0
2.8756304420293044,0.0010318360117599961,0.523424855373821,0.025083334825565753,0.5222710217255804,-0.06578842537102374,0.1028456801541604,0.1028456801541604,0.0,False,False,0.5235987755982988,0.0
2.8766622780410644,0.0009811903006051751,0.5234506789843636,0.02502685528345173,0.5229818889630229,0.009683848810317537,-0.0005166591374143742,-0.0005166591374143742,0.0,False,False,0.5235987755982988,0.0
2.87764346834167,0.0009552627865515228,0.5234702116412896,0.01990710355973564,0.5227447778981626,-0.01545019126665284,0.033912188122434406,0.033912188122434406,0.0,False,False,0.5235987755982988,0.0
2.8785987311282213,0.0009919291092611567,0.5234865436497083,0.01709687496323387,0.5238324753270289,0.09995851481392776,-0.12415681289385525,-0.12415681289385525,0.0,False,False,0.5235987755982988,0.0
2.8795906602374823,0.0011006105041806698,0.5234932325649648,0.006743340017101168,0.5237599015888436,0.08264623945629414,-0.10207575517735831,-0.10207575517735831,0.0,False,False,0.5235987755982988,0.0
2.880691270741663,0.0009312216237593536,0.5234920775154217,-0.0010494625834585828,0.5242720640637603,0.12091601373521829,-0.1572184088605679,-0.1572184088605679,0.0,False,False,0.5235987755982988,0.0
2.8816224923654223,0.0009899737023336501,0.5234845598594762,-0.00807289667006279,0.5241411385281902,0.09476486603785911,-0.12348037198347621,-0.12348037198347621,0.0,False,False,0.5235987755982988,0.0
2.882612466067756,0.0010030130957898156,0.5234728012395656,-0.011877709360216116,0.5244683482057264,0.11834073999323375,-0.15766119492557717,-0.15766119492557717,0.0,False,False,0.5235987755982988,0.0
2.8836154791635455,0.001013501706691769,0.5234562202982587,-0.016531131424443138,0.5234545461784322,0.005431013886311162,-0.003921087105974924,-0.003921087105974924,0.0,False,False,0.5235987755982988,0.0
2.8846289808702372,0.0010611928928847317,0.5234435149356028,-0.012536103858546326,0.5237083397651066,0.029929171431791267,-0.03788716072068885,-0.03788716072068885,0.0,False,False,0.5235987755982988,0.0
2.885690173763122,0.00100990406417312,0.5234318906330238,-0.010953995882401068,0.5238782705464015,0.042949439302786614,-0.056570236229191516,-0.056570236229191516,0.0,False,False,0.5235987755982988,0.0
2.886700077827295,0.0010042690169382543,0.5234210403597378,-0.01074386535397469,0.5235446591485865,0.005620526142162262,-0.005770535275773028,-0.005770535275773028,0.0,False,False,0.5235987755982988,0.0
2.887704346844233,0.0010235856649194093,0.5234129733385281,-0.008032729352076641,0.5230663559146161,-0.042568529386927706,0.06066578957060135,0.06066578957060135,0.0,False,False,0.5235987755982988,0.0
2.8887279325091524,0.0010067493167606326,0.5234103601724752,-0.0025529529597709518,0.5231202493325801,-0.033046516939757846,0.04826929311064709,0.04826929311064709,0.0,False,False,0.5235987755982988,0.0
2.889734681825913,0.001041638223004599,0.5234110185624073,0.0006539760406836384,0.5226975642684979,-0.0717270006757434,0.10229420474730867,0.10229420474730867,0.0,False,False,0.5235987755982988,0.0
2.8907763200489174,0.0010299413158099543,0.5234170336479156,0.005774639769730661,0.523784963741103,0.0398388993138209,-0.05115806574705948,-0.05115806574705948,0.0,False,False,0.5235987755982988,0.0
2.8918062613647275,0.0009998787105355365,0.5234184550495712,0.0013800802373638678,0.5233364113328401,-0.007696249449241133,0.013958056117345418,0.013958056117345418,0.0,False,False,0.5235987755982988,0.0
2.892806140075263,0.001057666856446651,0.5234201139090376,0.0016590606930062006,0.522841385635967,-0.056435199060120934,0.08135525819411693,0.08135525819411693,0.0,False,False,0.5235987755982988,0.0
2.89386380693171,0.0011074210686558572,0.5234258561557212,0.005429163870068766,0.5228479385281468,-0.050172118075889685,0.07372160895380361,0.07372160895380361,0.0,False,False,0.5235987755982988,0.0
2.8949712280003657,0.000979706734138776,0.5234344126259893,0.007726483187215133,0.5223781404729013,-0.08757761868930583,0.12706457468432192,0.12706457468432192,0.0,False,False,0.5235987755982988,0.0
2.8959509347345045,0.000985932317936773,0.5234459302677346,0.011756213715691771,0.5243001304806959,0.11736027962465316,-0.15345672343273137,-0.15345672343273137,0.0,False,False,0.5235987755982988,0.0
2.896936867052441,0.000981992289870929,0.5234469355552647,0.001019631380207402,0.5235155424144434,0.026045962972518044,-0.02975695825762461,-0.02975695825762461,0.0,False,False,0.5235987755982988,0.0
2.897918859342312,0.0009227128636438708,0.5234462034309585,-0.0007455499536300457,0.5226932683745672,-0.0602939180472139,0.08865183168382577,0.08865183168382577,0.0,False,False,0.5235987755982988,0.0
2.898841572205956,0.001026242425521717,0.5234494822856313,0.003553494052068047,0.5241550733051386,0.10416015690309216,-0.13500554700682585,-0.13500554700682585,0.0,False,False,0.5235987755982988,0.0
2.899867814631478,0.0009602666255676979,0.5234448937820898,-0.004471169216266443,0.5229558099311,-0.023115515357042787,0.03931200043802959,0.03931200043802959,0.0,False,False,0.5235987755982988,0.0
2.9008280812570457,0.000983394698418763,0.5234436459362527,-0.0012994785030424638,0.5222162425926163,-0.09782083796777244,0.14227059966361144,0.14227059966361144,0.0,False,False,0.5235987755982988,0.0
2.9018114759554643,0.0009249528159485847,0.523449628784,0.006083872281380966,0.5243408133510814,0.12800580676483625,-0.16696364766789007,-0.16696364766789007,0.0,False,False,0.5235987755982988,0.0
2.902736428771413,0.0009183619527270933,0.5234465780246709,-0.0032982864385783482,0.5229778724811469,-0.03214724924161641,0.04975295519867399,0.04975295519867399,0.0,False,False,0.5235987755982988,0.0
2.90365479072414,0.0009179023828163577,0.5234464852220159,-0.0001010523734343515,0.5230896534503883,-0.016760747284507806,0.029277095403799188,0.029277095403799188,0.0,False,False,0.5235987755982988,0.0
2.904572693106956,0.0009969193127299576,0.5234476517116955,0.001270821060592446,0.5234835880587521,0.027832157788701087,-0.031325213634599676,-0.031325213634599676,0.0,False,False,0.5235987755982988,0.0
2.9055696124196864,0.0011142503627550138,0.5234469785486894,-0.0006752432193176264,0.5244440757454639,0.12139452128060167,-0.16088882818569392,-0.16088882818569392,0.0,False,False,0.5235987755982988,0.0
2.906683862782441,0.0010127357867308051,0.5234364933144509,-0.009410124141754166,0.5234539791493907,0.0203974273542345,-0.02187057674473596,-0.02187057674473596,0.0,False,False,0.5235987755982988,0.0
2.907696598569172,0.0009928846951898218,0.5234285794987161,-0.00781429454598642,0.5223821524003018,-0.08747710103133813,0.1268717388015514,0.1268717388015514,0.0,False,False,0.5235987755982988,0.0
2.9086894832643617,0.0009750103075115218,0.5234293054638516,0.0007311676158958044,0.5239039276862336,0.07453868675536242,-0.09493916168926132,-0.09493916168926132,0.0,False,False,0.5235987755982988,0.0
2.9096644935718734,0.0009980372357961086,0.5234252944756239,-0.004113790589514164,0.5230020610992886,-0.025413341170081427,0.041236870386281675,0.041236870386281675,0.0,False,False,0.5235987755982988,0.0
2.9106625308076697,0.000982603150751898,0.5234244711569989,-0.0008249377833853318,0.5250719956235247,0.1845285237081824,-0.24795218890388462,-0.24795218890388462,0.0,False,False,0.5235987755982988,0.0
2.9116451339584217,0.001057612683323815,0.523411932563602,-0.01276058741239313,0.5234109554218235,-0.0029691969220311254,0.006943799482993462,0.006943799482993462,0.0,False,False,0.5235987755982988,0.0
2.9127027466417457,0.0010372355683359049,0.5234026644220829,-0.008763266236513953,0.5214522280052188,-0.18787499344998881,0.2640878488154261,0.2640878488154261,0.0,False,False,0.5235987755982988,0.0
2.913739982210082,0.0010364335552598702,0.5234104789092432,0.00753395602576094,0.523722338679014,0.049774136087386484,-0.061953098757736476,-0.061953098757736476,0.0,False,False,0.5235987755982988,0.0
2.9147764157653415,0.001045845430022182,0.5234126082935301,0.0020545304385764874,0.5251095899986278,0.17864527577698067,-0.24156899013829813,-0.24156899013829813,0.0,False,False,0.5235987755982988,0.0
2.915822261195364,0.0009131450722665597,0.5234008648988013,-0.011228614087326783,0.5247761147880061,0.12889504109105476,-0.1758661547239972,-0.1758661547239972,0.0,False,False,0.5235987755982988,0.0
2.9167354062676303,0.0009778180708432858,0.5233858635579318,-0.01642821203897155,0.5249836725975475,0.1387355298215552,-0.191410781772343,-0.191410781772343,0.0,False,False,0.5235987755982988,0.0
2.9177132243384736,0.001049479085579715,0.5233645890433886,-0.021757129651804513,0.5224746804026058,-0.13172892383580687,0.1783084221254424,0.1783084221254424,0.0,False,False,0.5235987755982988,0.0
2.9187627034240533,0.0009822522066033899,0.5233569316869787,-0.007296340170098756,0.5241529348164662,0.04135705656642072,-0.05960333380671755,-0.05960333380671755,0.0,False,False,0.5235987755982988,0.0
2.9197449556306565,0.0009471471267638349,0.5233489406130278,-0.008135460421666513,0.5227188815180365,-0.10877509366820257,0.14636820584656526,0.14636820584656526,0.0,False,False,0.5235987755982988,0.0
2.92069210275742,0.0009857755220325619,0.5233499057814508,0.001019026923731509,0.5235456352063081,-0.010608749767672024,0.013687026777038475,0.013687026777038475,0.0,False,False,0.5235987755982988,0.0
2.9216778782794526,0.0009781044758371677,0.5233512745569507,0.001388526565465311,0.5222404140018124,-0.14195339464034246,0.19479458230516597,0.19479458230516597,0.0,False,False,0.5235987755982988,0.0
2.92265598275529,0.0010450396446418876,0.5233615473758689,0.01050278285398366,0.5227991536268358,-0.07063331657973176,0.099153175382012,0.099153175382012,0.0,False,False,0.5235987755982988,0.0
2.9237010223999316,0.0010257853339762568,0.5233747354915521,0.012619727635002522,0.5227845989203155,-0.06496272696699744,0.09261045256409697,0.09261045256409697,0.0,False,False,0.5235987755982988,0.0
2.924726807733908,0.0010036800268957903,0.523388972407908,0.01387904065732725,0.5241731098153914,0.07689431265485175,-0.10261119109348946,-0.10261119109348946,0.0,False,False,0.5235987755982988,0.0
2.925730487760804,0.0009781645932628283,0.5233940485511963,0.005057531436547013,0.5240928078040369,0.06120412325901693,-0.0823375276141056,-0.0823375276141056,0.0,False,False,0.5235987755982988,0.0
2.926708652354067,0.0010469487759153444,0.5233936156909698,-0.0004425228939044295,0.5236351864765348,0.008300037648072932,-0.01061544098593599,-0.01061544098593599,0.0,False,False,0.5235987755982988,0.0
2.927755601129982,0.0009991628671593602,0.5233927180434941,-0.0008573938824774095,0.5222142530417682,-0.12825135645164942,0.17882303375953107,0.17882303375953107,0.0,False,False,0.5235987755982988,0.0
2.9287547639971416,0.0009901352612014516,0.5234010476097904,0.008336545092076876,0.5231290908997167,-0.02386578676539075,0.037093268692946824,0.037093268692946824,0.0,False,False,0.5235987755982988,0.0
2.9297448992583432,0.0010003194319366767,0.5234087683930578,0.007797705596301993,0.5227576589315203,-0.05899246337336113,0.08593105605004729,0.08593105605004729,0.0,False,False,0.5235987755982988,0.0
2.93074521869028,0.0009671659023968588,0.5234186076856052,0.009836150566767095,0.5241775429545599,0.08884984412101257,-0.1170376253579141,-0.1170376253579141,0.0,False,False,0.5235987755982988,0.0
2.931712384592677,0.0010403758707710265,0.5234200528478129,0.0014942236943140605,0.5244482130917522,0.10795076538667593,-0.14483079334617127,-0.14483079334617127,0.0,False,False,0.5235987755982988,0.0
2.932752760463448,0.001042791845007685,0.5234132785254737,-0.0065114181609446115,0.5243351488578162,0.08628805560963022,-0.11680038540286883,-0.11680038540286883,0.0,False,False,0.5235987755982988,0.0
2.933795552308456,0.0009494663166009076,0.5234022184536374,-0.010606212437537853,0.522743165181446,-0.0750062779751363,0.10540852107351362,0.10540852107351362,0.0,False,False,0.5235987755982988,0.0
2.9347450186250565,0.0010501363374763994,0.5233995643448983,-0.002795369032836864,0.5210088706973287,-0.2501655775277688,0.3468169812507845,0.3468169812507845,0.0,False,False,0.5235987755982988,0.0
2.9357951549625327,0.00102409763348387,0.5234166832413298,0.01630159420317875,0.521874718097347,-0.14269806849194197,0.20227071720746342,0.20227071720746342,0.0,False,False,0.5235987755982988,0.0
2.9368192525960164,0.001012095690217619,0.5234396850373301,0.022460549900862166,0.5246802886124656,0.1455271136445087,-0.19409977062841308,-0.19409977062841308,0.0,False,False,0.5235987755982988,0.0
2.937831348286234,0.001011998432052575,0.5234474142528492,0.00763684263643238,0.5230972532612982,-0.02543722623177358,0.03955207354413956,0.03955207354413956,0.0,False,False,0.5235987755982988,0.0
2.938843346718287,0.0009747664126845053,0.5234548981804563,0.007395196840252734,0.5227997673622311,-0.05228938898202631,0.07712941502765036,0.07712941502765036,0.0,False,False,0.5235987755982988,0.0
2.9398181131309715,0.0010030645149243839,0.5234637260490843,0.009056393935079877,0.5248972175796962,0.16811419998323462,-0.2251089956450346,-0.2251089956450346,0.0,False,False,0.5235987755982988,0.0
2.940821177645896,0.0009390754961048966,0.5234588882997954,-0.004822969227806876,0.5245629486304515,0.1179780093175022,-0.15892872575975092,-0.15892872575975092,0.0,False,False,0.5235987755982988,0.0
2.9417602531420006,0.0010084466563862332,0.5234486203016913,-0.010934156142607322,0.5234699558364615,-0.010210092343371724,0.014570866525117786,0.014570866525117786,0.0,False,False,0.5235987755982988,0.0
2.942768699798387,0.001004814357316589,0.5234414181575633,-0.007141819631521029,0.5231853756588335,-0.03740873913405372,0.05233168587124022,0.05233168587124022,0.0,False,False,0.5235987755982988,0.0
2.9437735141557035,0.0009580875291084611,0.5234389883749637,-0.0024181408056934096,0.5233237083194904,-0.01990087834893345,0.028832265037272032,0.028832265037272032,0.0,False,False,0.5235987755982988,0.0
2.944731601684812,0.000996939655563731,0.5234386664461376,-0.0003360119158348257,0.5236369033846329,0.014778818277124454,-0.018420882086562288,-0.018420882086562288,0.0,False,False,0.5235987755982988,0.0
2.945728541340376,0.0009457116700898387,0.5234375175611679,-0.0011524117466372643,0.5248338222234984,0.1333602431673008,-0.18226313105435332,-0.18226313105435332,0.0,False,False,0.5235987755982988,0.0
2.9466742530104657,0.0010102806771543503,0.5234285901589029,-0.00943987744612343,0.5237972625356708,0.010417906418252312,-0.016074252574598973,-0.016074252574598973,0.0,False,False,0.5235987755982988,0.0
2.94768453368762,0.0010117696393441623,0.5234209648408332,-0.007547722372667212,0.5240545446954135,0.0348425198719026,-0.05001486759434672,-0.05001486759434672,0.0,False,False,0.5235987755982988,0.0
2.9486963033269644,0.0010691780381146478,0.5234130130525076,-0.007859287347964237,0.524433393714929,0.06880246513905408,-0.09758608426620875,-0.09758608426620875,0.0,False,False,0.5235987755982988,0.0
2.949765481365079,0.0010431074819802898,0.523401632889167,-0.010643843153364082,0.5223808980191952,-0.1300472778071899,0.17797852979249323,0.17797852979249323,0.0,False,False,0.5235987755982988,0.0
2.9508085888470594,0.00099875339211468,0.5234034389344834,0.001731408649256052,0.5240621802055587,0.044137598271546064,-0.06130640085653365,-0.06130640085653365,0.0,False,False,0.5235987755982988,0.0
2.951807342239174,0.0009284311737431081,0.5234015867561873,-0.0018544901180572006,0.5231445270240701,-0.05215601785783897,0.07076369576552355,0.07076369576552355,0.0,False,False,0.5235987755982988,0.0
2.952735773412917,0.0010990113431859066,0.5234033994369667,0.0019524126619430118,0.5212076921639743,-0.25555414155556433,0.34970447168451785,0.34970447168451785,0.0,False,False,0.5235987755982988,0.0
2.953834784756103,0.0010607334122120908,0.5234259496207736,0.020518608790281664,0.521568771343358,-0.1971438181561293,0.27311265837628995,0.27311265837628995,0.0,False,False,0.5235987755982988,0.0
2.954895518168315,0.0009869845037880302,0.5234577732075418,0.030001493685268533,0.5225692979828648,-0.08310539337290129,0.11825706912529423,0.11825706912529423,0.0,False,False,0.5235987755982988,0.0
2.955882502672103,0.000989450949189364,0.5234877367351751,0.03035866066615768,0.5239513164552759,0.06522947938674616,-0.08462111068968341,-0.08462111068968341,0.0,False,False,0.5235987755982988,0.0
2.956871953621292,0.000947929450296352,0.5235081783534893,0.020659557030957246,0.5236074872086156,0.02395703255254642,-0.028905248048757954,-0.028905248048757954,0.0,False,False,0.5235987755982988,0.0
2.9578198830715885,0.0009598144652392327,0.5235222103397302,0.014802774865303719,0.523683100643294,0.02953802362351987,-0.03696347915813791,-0.03696347915813791,0.0,False,False,0.5235987755982988,0.0
2.9587796975368277,0.0009455275272204055,0.5235311830506928,0.009348380637636659,0.5252337024153532,0.18813646163844097,-0.2551924366731074,-0.2551924366731074,0.0,False,False,0.5235987755982988,0.0
2.959725225064048,0.0009505057435790245,0.5235262420238567,-0.005225682694488221,0.5224187524097481,-0.1283893002033299,0.17530757763790855,0.17530757763790855,0.0,False,False,0.5235987755982988,0.0
2.960675730807627,0.0009047555346286034,0.523530598032254,0.004582832272997318,0.5235066579144854,-0.001094932950091429,0.0029720378487518686,0.0029720378487518686,0.0,False,False,0.5235987755982988,0.0
2.9615804863422555,0.0010370092968674134,0.5235337448764512,0.0034781154431452457,0.5237994149881078,0.03137214893293263,-0.04125808773608053,-0.04125808773608053,0.0,False,False,0.5235987755982988,0.0
2.962617495639123,0.0010411799407348053,0.5235340074093779,0.0002531635227509374,0.5228914879055022,-0.05931751947724041,0.08391220184302726,0.08391220184302726,0.0,False,False,0.5235987755982988,0.0
2.9636586755798575,0.001074499699256254,0.5235387358466829,0.004541421823429948,0.5235634555950864,0.011153286988762376,-0.012748184328692009,-0.012748184328692009,0.0,False,False,0.5235987755982988,0.0
2.9647331752791137,0.000994897839523915,0.5235413122092133,0.002397732202483747,0.5221450930219702,-0.12196417945831313,0.1725233017238907,0.1725233017238907,0.0,False,False,0.5235987755982988,0.0
2.9657280731186377,0.0009392933392136354,0.5235515179733983,0.010258102671010851,0.5247818932551876,0.1552644989333966,-0.20761351654407492,-0.20761351654407492,0.0,False,False,0.5235987755982988,0.0
2.9666673664578513,0.00105053689368015,0.5235494588769267,-0.00219217616644239,0.5229546379683685,-0.054797056292309854,0.07735094488951756,0.07735094488951756,0.0,False,False,0.5235987755982988,0.0
2.9677179033515313,0.0010664262723172394,0.5235521568361144,0.0025681717642672,0.5253248879011615,0.1763053711139494,-0.24263646678826753,-0.24263646678826753,0.0,False,False,0.5235987755982988,0.0
2.9687843296238485,0.0009315223950686427,0.5235402153979413,-0.011197621892047885,0.5235118762042054,-0.011333327275827976,0.015164181824675738,0.015164181824675738,0.0,False,False,0.5235987755982988,0.0
2.969715852018917,0.0009181135525040691,0.5235331256286946,-0.007610948791104362,0.5244302716088487,0.08839080793865152,-0.12103589771627969,-0.12103589771627969,0.0,False,False,0.5235987755982988,0.0
2.9706339655714213,0.000927620397205279,0.5235228991524317,-0.011138574564095852,0.5234763836241989,-0.02434478783946062,0.031416800941151145,0.031416800941151145,0.0,False,False,0.5235987755982988,0.0
2.9715615859686264,0.0009847067109291549,0.5235165676393734,-0.006825543161198552,0.523489738584492,-0.020470608038447247,0.026527395894659512,0.026527395894659512,0.0,False,False,0.5235987755982988,0.0
2.9725462926795556,0.0009326934684525591,0.523513070921775,-0.00355102444159263,0.5230034091821275,-0.06781179623978999,0.09209075097883149,0.09209075097883149,0.0,False,False,0.5235987755982988,0.0
2.973478986148008,0.0010658808415363744,0.5235146939389564,0.0017401399670031003,0.5236186491782242,0.004933177160663653,-0.0062775370314533865,-0.0062775370314533865,0.0,False,False,0.5235987755982988,0.0
2.9745448669895445,0.0009708754991814899,0.5235155926159579,0.0008431308326466191,0.5237930988276863,0.020806571619540047,-0.02846570407242315,-0.02846570407242315,0.0,False,False,0.5235987755982988,0.0
2.9755157424887257,0.0009641217993590697,0.5235148281453386,-0.0007874033488815659,0.522830433486971,-0.08042844071224847,0.1103442868585988,0.1103442868585988,0.0,False,False,0.5235987755982988,0.0
2.976479864288085,0.0010658815199544487,0.5235194198025049,0.004762528105341923,0.5234102979641055,-0.012241279033017818,0.01808213225510031,0.01808213225510031,0.0,False,False,0.5235987755982988,0.0
2.9775457458080394,0.0009554417626620871,0.5235239083923672,0.004211152720268933,0.5229914966935981,-0.050308691762235506,0.07130145039929506,0.07130145039929506,0.0,False,False,0.5235987755982988,0.0
2.9785011875707017,0.0010346241883266159,0.5235300344477873,0.006411751777624748,0.5255368699330168,0.22113017200768373,-0.30024190443414506,-0.30024190443414506,0.0,False,False,0.5235987755982988,0.0
2.9795358117590283,0.000971185239504668,0.523518579815355,-0.011071297734569824,0.5234402749465896,-0.003625989446093325,0.007204199066077455,0.007204199066077455,0.0,False,False,0.5235987755982988,0.0
2.9805069969985327,0.0009846762472338969,0.5235110566941564,-0.0077463298375850306,0.5248595261318955,0.14287260164247553,-0.19414063157571024,-0.19414063157571024,0.0,False,False,0.5235987755982988,0.0
2.981491673245767,0.0008971502116646634,0.5234961942206446,-0.015093766660452585,0.5233254815324937,-0.02720643309855536,0.037567012902758566,0.037567012902758566,0.0,False,False,0.5235987755982988,0.0
2.9823888234574314,0.0009662796146472527,0.5234872940569985,-0.009920483248416951,0.5237135652097242,0.018771590322758106,-0.024592121392967185,-0.024592121392967185,0.0,False,False,0.5235987755982988,0.0
2.983355103072079,0.001035208674639353,0.5234791683819987,-0.008409237736711142,0.5223260606986103,-0.12669801235435554,0.17494648301961963,0.17494648301961963,0.0,False,False,0.5235987755982988,0.0
2.984390311746718,0.001029634718773154,0.5234824279857615,0.0031487407733686752,0.5230922835495856,-0.04001194080103354,0.0571311858380783,0.0571311858380783,0.0,False,False,0.5235987755982988,0.0
2.985419946465491,0.001001532849328106,0.5234876918144618,0.005112326346723881,0.5236714179742055,0.020235843847609965,-0.02559057538345167,-0.02559057538345167,0.0,False,False,0.5235987755982988,0.0
2.9864214793148194,0.001035695872994978,0.5234900022605202,0.002306909913140602,0.5248740517004948,0.1382915686034504,-0.18890485216366887,-0.18890485216366887,0.0,False,False,0.5235987755982988,0.0
2.9874571751878145,0.0010633888990984558,0.5234815109411105,-0.008198661046292015,0.5236752274587692,0.008711806475269673,-0.01183030125878971,-0.01183030125878971,0.0,False,False,0.5235987755982988,0.0
2.988520564086913,0.0009728355050777467,0.5234747960914944,-0.006314575619386172,0.5246823199029795,0.10254656502498218,-0.14255967551423152,-0.14255967551423152,0.0,False,False,0.5235987755982988,0.0
2.9894933995919906,0.0010818011377905872,0.5234636665266327,-0.011440335805667915,0.5240228081559534,0.024499178550785622,-0.03703160029872468,-0.03703160029872468,0.0,False,False,0.5235987755982988,0.0
2.990575200729781,0.0009644943086430342,0.5234528061398304,-0.010039171177564265,0.5248729817210815,0.10063797126635085,-0.14370127572971014,-0.14370127572971014,0.0,False,False,0.5235987755982988,0.0
2.991539695038424,0.0009099745729848943,0.5234390647660495,-0.014247231588355974,0.5233875407115669,-0.06343824420254887,0.0799281210042331,0.0799281210042331,0.0,False,False,0.5235987755982988,0.0
2.992449669611409,0.0009748069374713224,0.5234324979626263,-0.007216469139075102,0.5255183607704671,0.1770681735647585,-0.24703434137673927,-0.24703434137673927,0.0,False,False,0.5235987755982988,0.0
2.9934244765488804,0.0009807397021194637,0.5234157258958717,-0.017205526663631718,0.5229921377999952,-0.099789750884265,0.13066718143058298,0.13066718143058298,0.0,False,False,0.5235987755982988,0.0
2.9944052162509998,0.00099555580512455,0.5234092210588102,-0.006632582577700637,0.522740356928929,-0.11548332382485513,0.1540315246384837,0.1540315246384837,0.0,False,False,0.5235987755982988,0.0
2.9954007720561244,0.00101973606345116,0.5234121803977373,0.002972549516459701,0.5223562100802266,-0.14252116076858848,0.19339157224760622,0.19339157224760622,0.0,False,False,0.5235987755982988,0.0
2.9964205081195754,0.0010120549258554642,0.5234243337296681,0.01191811525197461,0.5254585365028636,0.17595932712220438,-0.24462688882881065,-0.24462688882881065,0.0,False,False,0.5235987755982988,0.0
2.997432563045431,0.0009086938866582777,0.5234205361591014,-0.003752336429289198,0.5241356390685843,0.027649398510892098,-0.04284282067820908,-0.04284282067820908,0.0,False,False,0.5235987755982988,0.0
2.9983412569320893,0.0009976092814077248,0.523416288772962,-0.004674166077087957,0.5231247134281287,-0.08636594758792182,0.11217225616856794,0.11217225616856794,0.0,False,False,0.5235987755982988,0.0
2.999338866213497,0.0009298926610475341,0.5234185969045145,0.0023136628694314784,0.5245085748291436,0.06098842243676496,-0.08956249307932393,-0.08956249307932393,0.0,False,False,0.5235987755982988,0.0
3.0002687588745447,0.001020474726266313,0.5234162705996954,-0.0025016917721056246,0.5240163952432224,0.001960935142084806,-0.009870275779126473,-0.009870275779126473,0.0,False,False,0.5235987755982988,0.0
3.001289233600811,0.0010147250689899667,0.5234139916816735,-0.002233193986389482,0.5251297615761442,0.11086762528968848,-0.16059889794884338,-0.16059889794884338,0.0,False,False,0.5235987755982988,0.0
3.002303958669801,0.001065154294573041,0.5234041536136641,-0.009695303989284264,0.522053414653575,-0.20338962317507353,0.2718840448151165,0.2718840448151165,0.0,False,False,0.5235987755982988,0.0
3.003369112964374,0.0009326044822563318,0.5234123576177606,0.0077021743594655676,0.523180787238084,-0.07720941417124356,0.10017508748935837,0.10017508748935837,0.0,False,False,0.5235987755982988,0.0
3.0043017174466304,0.0010953809951005703,0.5234219543729924,0.010290273545118323,0.5230183283224583,-0.08690838856158639,0.11473811723903268,0.11473811723903268,0.0,False,False,0.5235987755982988,0.0
3.005397098441731,0.0010295418232827327,0.5234366517628286,0.01341760529157186,0.5217142887081834,-0.19726650345829208,0.2706405681720285,0.2706405681720285,0.0,False,False,0.5235987755982988,0.0
3.0064266402650137,0.0009342269694304064,0.5234610282204645,0.023676996004096906,0.5243863382640581,0.08199788449539983,-0.1125735893781472,-0.1125735893781472,0.0,False,False,0.5235987755982988,0.0
3.007360867234444,0.0010009514210001958,0.5234738132141925,0.013685104526353771,0.5232378477049514,-0.049136757762410777,0.06546081139514626,0.06546081139514626,0.0,False,False,0.5235987755982988,0.0
3.008361818655444,0.0010337045828820997,0.5234871633051987,0.013337401522376776,0.5241326132940741,0.045168427966293764,-0.06381119208350805,-0.06381119208350805,0.0,False,False,0.5235987755982988,0.0
3.009395523238326,0.0010614776518416144,0.5234937467342977,0.00636877228565367,0.525553036226808,0.17806250084671427,-0.24885169232922325,-0.24885169232922325,0.0,False,False,0.5235987755982988,0.0
3.0104570008901677,0.001034634426114443,0.5234843760026426,-0.008828006542456562,0.523176112728428,-0.06366965990184933,0.08401152353989368,0.08401152353989368,0.0,False,False,0.5235987755982988,0.0
3.011491635316282,0.0009943858890237645,0.5234824408382435,-0.0018703846985093139,0.5231149155281454,-0.06321755608307522,0.0845705485624522,0.0845705485624522,0.0,False,False,0.5235987755982988,0.0
3.012486021205306,0.0011013228652488553,0.5234853227546328,0.0028981871334822886,0.5235888767779242,-0.009232086114928838,0.01125668210465758,0.01125668210465758,0.0,False,False,0.5235987755982988,0.0
3.013587344070555,0.0009969376302019436,0.5234881359479329,0.0025543765492477503,0.5243496717899908,0.06077122934558481,-0.0864416066651577,-0.0864416066651577,0.0,False,False,0.5235987755982988,0.0
3.014584281700757,0.0009145597873492384,0.52348561918548,-0.0025244933851772356,0.5229910687752,-0.08158352757853875,0.10883895591002583,0.10883895591002583,0.0,False,False,0.5235987755982988,0.0
3.0154988414881063,0.000971293376494996,0.5234885007011043,0.0031507132329597794,0.5229378828349244,-0.07924064375024989,0.10698484224103984,0.10698484224103984,0.0,False,False,0.5235987755982988,0.0
3.0164701348646012,0.0010527683468712313,0.5234957111904361,0.00742359569858662,0.5244182828695595,0.08109875367041824,-0.11206963528719409,-0.11206963528719409,0.0,False,False,0.5235987755982988,0.0
3.0175229032114723,0.0010114387378464891,0.5234949222699065,-0.0007493771370230265,0.5238253474138314,0.016667327841652396,-0.024079086089568578,-0.024079086089568578,0.0,False,False,0.5235987755982988,0.0
3.018534341949319,0.000992383780772581,0.5234931656101937,-0.0017367929931163594,0.5217088035852927,-0.1942601094558781,0.26713162758116377,0.26713162758116377,0.0,False,False,0.5235987755982988,0.0
3.0195267257300915,0.0009661117082118521,0.5235051146350572,0.012040729700615508,0.5224357585586735,-0.1015806871319947,0.14283113127164887,0.14283113127164887,0.0,False,False,0.5235987755982988,0.0
3.0204928374383035,0.0010112025226316954,0.523520352390676,0.015772250236949475,0.5248304278243162,0.15644408739671684,-0.20990264494437338,-0.20990264494437338,0.0,False,False,0.5235987755982988,0.0
3.021504039960935,0.00098821548928442,0.5235214705928338,0.0011058142487087412,0.5238722191876645,0.04604035842137462,-0.06017041471423127,-0.06017041471423127,0.0,False,False,0.5235987755982988,0.0
3.02249225545022,0.0009399790122463682,0.5235192973836028,-0.0021991248413247844,0.5228541559565076,-0.06158404516403938,0.08730400774908846,0.08730400774908846,0.0,False,False,0.5235987755982988,0.0
3.023432234462466,0.0009658709133269738,0.5235216755235286,0.0025299925794297204,0.5233729650437313,-0.00023195222858998082,0.0043429326565229045,0.0043429326565229045,0.0,False,False,0.5235987755982988,0.0
3.024398105375793,0.0010009430613294918,0.5235236079851515,0.002000745230272086,0.5235351591612715,0.016583768299898702,-0.01875542609338619,-0.01875542609338619,0.0,False,False,0.5235987755982988,0.0
3.0253990484371225,0.0010549348330490004,0.5235240637000531,0.000455285539454254,0.5241661121777357,0.07796124643913674,-0.10376555415682759,-0.10376555415682759,0.0,False,False,0.5235987755982988,0.0
3.0264539832701716,0.001046216381585749,0.5235186160222589,-0.005163994612342194,0.5223333076047788,-0.10357116176834542,0.14706381800537466,0.14706381800537466,0.0,False,False,0.5235987755982988,0.0
3.027500199651757,0.0010384668701778584,0.5235229435486203,0.004136358823588536,0.5227890769830398,-0.049650459101862957,0.07415512599689819,0.07415512599689819,0.0,False,False,0.5235987755982988,0.0
3.028538666521935,0.0010215403059850672,0.5235299002193186,0.006698981833738344,0.5237680990510502,0.04959030191541131,-0.06255618444801761,-0.06255618444801761,0.0,False,False,0.5235987755982988,0.0
3.02956020682792,0.0009891390229276851,0.5235314293846212,0.0014969211627510704,0.5234443072777715,0.012934845123605015,-0.012741384378833797,-0.012741384378833797,0.0,False,False,0.5235987755982988,0.0
3.0305493458508477,0.0010464247871954714,0.523531842327559,0.00041747714760882824,0.5240308836072977,0.07094306804869067,-0.092909625820408,-0.092909625820408,0.0,False,False,0.5235987755982988,0.0
3.031595770638043,0.0009660732212355606,0.5235270534110269,-0.0045764555567247385,0.5224541057979494,-0.08683362210971252,0.12480440293794494,0.12480440293794494,0.0,False,False,0.5235987755982988,0.0
3.0325618438592787,0.0009468567763198122,0.5235297327393794,0.0027734216140658553,0.5238413863020905,0.06544967369292785,-0.08290660109976444,-0.08290660109976444,0.0,False,False,0.5235987755982988,0.0
3.0335087006355987,0.0009847420902094474,0.523527891183382,-0.001944915053114219,0.5244804775943307,0.12640079530175274,-0.16755159029067715,-0.16755159029067715,0.0,False,False,0.5235987755982988,0.0
3.0344934427258083,0.001056633062016802,0.5235184236349062,-0.00961424170854194,0.5239432529602827,0.05920585928790921,-0.0772476236612002,-0.0772476236612002,0.0,False,False,0.5235987755982988,0.0
3.035550075787825,0.0009543625256724961,0.5235069887333097,-0.010822017602501708,0.5236283866276605,0.023486250032975733,-0.028716498568081842,-0.028716498568081842,0.0,False,False,0.5235987755982988,0.0
3.036504438313498,0.0009694617929058229,0.523498090927109,-0.009323297972584724,0.5234144166989365,-0.001282568866058438,0.004857542827791569,0.004857542827791569,0.0,False,False,0.5235987755982988,0.0
3.0374739001064035,0.0010663169819267986,0.5234917692284604,-0.006520833203338153,0.5227632241594637,-0.06832483321483933,0.09702972575683844,0.09702972575683844,0.0,False,False,0.5235987755982988,0.0
3.03854021708833,0.0010195776152026926,0.5234925106199807,0.0006952824843293954,0.5234296799952369,0.001008374288015125,0.0018336717094958016,0.0018336717094958016,0.0,False,False,0.5235987755982988,0.0
3.039559794703533,0.0010343674815225781,0.5234930951873965,0.0005733427323947778,0.5245923959243668,0.11494651847207651,-0.15582098803571542,-0.15582098803571542,0.0,False,False,0.5235987755982988,0.0
3.0405941621850556,0.0009884901280448298,0.5234851660334834,-0.00766570300663456,0.5233812940662882,-0.013634360437864285,0.02027590010162833,0.02027590010162833,0.0,False,False,0.5235987755982988,0.0
3.0415826523131004,0.0010933651773493438,0.5234807522573341,-0.004465169680569308,0.5227042517917586,-0.08076349253623305,0.11301761956120333,0.11301761956120333,0.0,False,False,0.5235987755982988,0.0
3.0426760174904497,0.0010201819669324026,0.5234842221551772,0.0031735946186932443,0.5230546555335616,-0.040638953980254355,0.058560905941575765,0.058560905941575765,0.0,False,False,0.5235987755982988,0.0
3.043696199457382,0.0010537943088321383,0.5234895113505327,0.005184560722406332,0.5236647863000864,0.02323101389319813,-0.02906540930401415,-0.02906540930401415,0.0,False,False,0.5235987755982988,0.0
3.044749993766214,0.0009956204457101366,0.5234916484178178,0.0020279738343497835,0.5231656959651633,-0.02645335437146082,0.039539458642192826,0.039539458642192826,0.0,False,False,0.5235987755982988,0.0
3.045745614211924,0.000961228497896716,0.5234950181469289,0.00338455194002801,0.5239185251549384,0.05180605598940653,-0.0679227592068007,-0.0679227592068007,0.0,False,False,0.5235987755982988,0.0
3.046706842709821,0.0009862839641845709,0.5234941917663656,-0.0008597129247482288,0.5239504590212946,0.04994764344092294,-0.06626747374303085,-0.06626747374303085,0.0,False,False,0.5235987755982988,0.0
3.0476931266740057,0.0009919348212835968,0.5234903748190052,-0.003870028814247122,0.5242661589936508,0.07696191339328345,-0.10436719718827604,-0.10436719718827604,0.0,False,False,0.5235987755982988,0.0
3.048685061495289,0.0010169507075802808,0.5234825450181493,-0.007893463046065266,0.5247248350125981,0.11550626216865667,-0.15887658405977592,-0.15887658405977592,0.0,False,False,0.5235987755982988,0.0
3.0497020122028693,0.0009258380766869423,0.5234686642843515,-0.013649367362956803,0.5243377149656019,0.06588888953913871,-0.09236757605842173,-0.09236757605842173,0.0,False,False,0.5235987755982988,0.0
3.050627850279556,0.0009378134134248547,0.5234551656747289,-0.01457988169030246,0.5226398882912223,-0.12408267907892759,0.16615918642209002,0.16615918642209002,0.0,False,False,0.5235987755982988,0.0
3.051565663692981,0.0010665756301421322,0.523452135202038,-0.0032314239138814434,0.522663652652141,-0.10914039314799556,0.14780068480843558,0.14780068480843558,0.0,False,False,0.5235987755982988,0.0
3.052632239323123,0.000979854706427783,0.5234582034369286,0.005689455786414424,0.5233920803497626,-0.029930428346455568,0.03963702848939875,0.03963702848939875,0.0,False,False,0.5235987755982988,0.0
3.053612094029551,0.000966412106250615,0.5234640632925004,0.005980331097369428,0.5230703385181159,-0.05977305283433007,0.08123953084448844,0.08123953084448844,0.0,False,False,0.5235987755982988,0.0
3.0545785061358015,0.0009174611378415557,0.5234719867201728,0.008198808377075022,0.5224786092527268,-0.11502524390776848,0.15819328690961806,0.15819328690961806,0.0,False,False,0.5235987755982988,0.0
3.055495967273643,0.0010695622357519102,0.5234841773535173,0.013287356642823695,0.5230987285491493,-0.03593192238727541,0.05211915374942187,0.05211915374942187,0.0,False,False,0.5235987755982988,0.0
3.056565529509395,0.0010245228794807078,0.5234973196671204,0.012287563232757103,0.523083229015373,-0.033787877590205115,0.049825291600911474,0.049825291600911474,0.0,False,False,0.5235987755982988,0.0
3.0575900523888757,0.0009928218937333758,0.5235090257031977,0.011425841542155483,0.522922727946652,-0.046075022914334525,0.06745888522684493,0.06745888522684493,0.0,False,False,0.5235987755982988,0.0
3.058582874282609,0.0010079072240188854,0.5235205956429761,0.011653590489407119,0.5232450173291469,-0.009005567020833181,0.017174329269735104,0.017174329269735104,0.0,False,False,0.5235987755982988,0.0
3.059590781506628,0.0011178577587684967,0.5235299687400938,0.009299563386705593,0.5245583611106429,0.12219902463590467,-0.16391136878527934,-0.16391136878527934,0.0,False,False,0.5235987755982988,0.0
3.0607086392653966,0.0010130679029666041,0.5235268216447386,-0.0028152914183944,0.5237006896354898,0.03325455963959906,-0.04173992423695603,-0.04173992423695603,0.0,False,False,0.5235987755982988,0.0
3.0617217071683633,0.000929337366542726,0.5235227003483276,-0.00406813442513055,0.5256797606912199,0.22528333905657996,-0.30779773854047565,-0.30779773854047565,0.0,False,False,0.5235987755982988,0.0
3.062651044534906,0.0009831753241508591,0.5235066817359855,-0.017236595577435225,0.5236554781983678,-0.015064977745361419,0.017057326493192446,0.017057326493192446,0.0,False,False,0.5235987755982988,0.0
3.063634219859057,0.0010333404868219567,0.5234946698134333,-0.012217477653432497,0.5232415396733058,-0.055660688487856914,0.07322307283530298,0.07322307283530298,0.0,False,False,0.5235987755982988,0.0
3.064667560345879,0.0010219564637240692,0.5234894965631245,-0.005006336609087684,0.5234931031836207,-0.025749932333858614,0.03280202226483561,0.03280202226483561,0.0,False,False,0.5235987755982988,0.0
3.065689516809603,0.0008969613171092159,0.5234876507499815,-0.0018061563368609282,0.5237114822264212,-0.0018062164051208807,0.00013874037994275872,0.00013874037994275872,0.0,False,False,0.5235987755982988,0.0
3.066586478126712,0.0010180865108769725,0.5234864768472673,-0.0013087551176995504,0.5238663075790159,0.015635501075475115,-0.02357817694347705,-0.02357817694347705,0.0,False,False,0.5235987755982988,0.0
3.067604564637589,0.0009880502699608272,0.523484334285822,-0.0021044984119342755,0.5252966067983068,0.15456091767262273,-0.21603406280729115,-0.21603406280729115,0.0,False,False,0.5235987755982988,0.0
3.0685926149075495,0.0009716645072791364,0.5234723321488917,-0.01214729381203997,0.5227346508814743,-0.12018926010648542,0.15978135703062368,0.15978135703062368,0.0,False,False,0.5235987755982988,0.0
3.069564279414829,0.000989172447553329,0.5234711895061062,-0.0011759643137508394,0.5242208486131802,0.04478346019963951,-0.06493746650743215,-0.06493746650743215,0.0,False,False,0.5235987755982988,0.0
3.070553451862382,0.0009949835155914231,0.5234671987282732,-0.004034461172911759,0.5236484953258408,-0.01755671656127243,0.020173104777771372,0.020173104777771372,0.0,False,False,0.5235987755982988,0.0
3.0715484353779736,0.0009601772831783511,0.5234653812760413,-0.0018266154197428266,0.5220943398521158,-0.17200016271677562,0.23348003869142428,0.23348003869142428,0.0,False,False,0.5235987755982988,0.0
3.072508612661152,0.0009626714282785424,0.5234749006808648,0.009914215833107021,0.524147462245298,0.05902728200498247,-0.08070909805196351,-0.08070909805196351,0.0,False,False,0.5235987755982988,0.0
3.0734712840894307,0.001039051204793852,0.5234781174886085,0.003341542762375099,0.5245843277292026,0.09850509290346358,-0.1359460498404245,-0.1359460498404245,0.0,False,False,0.5235987755982988,0.0
3.0745103352942245,0.000994164379815594,0.5234731642111555,-0.004767115836236994,0.5227251366853395,-0.09027702584803354,0.12405793145090817,0.12405793145090817,0.0,False,False,0.5235987755982988,0.0
3.07550449967404,0.0010215200350369839,0.5234759617914572,0.0028140017470652994,0.5234681655209745,-0.006510291095042545,0.010163330705888256,0.010163330705888256,0.0,False,False,0.5235987755982988,0.0
3.076526019709077,0.0009919489061013561,0.5234784797198268,0.0024648839799959366,0.5219728240880592,-0.15224321742711308,0.21195898809684827,0.21195898809684827,0.0,False,False,0.5235987755982988,0.0
3.077517968615178,0.0008774696842905462,0.5234906190991108,0.012237907829095281,0.5223921032307676,-0.09475067600802481,0.13542091382519222,0.13542091382519222,0.0,False,False,0.5235987755982988,0.0
3.0783954382994687,0.0010489522337164073,0.5235040133177882,0.01526459422719501,0.5244185916571735,0.14567122231370672,-0.18956215583619287,-0.18956215583619287,0.0,False,False,0.5235987755982988,0.0
3.079444390533185,0.0009866228894272386,0.5235052843979723,0.0012117617401592763,0.5230982592121984,0.005232549163645295,0.002730235953432492,0.002730235953432492,0.0,False,False,0.5235987755982988,0.0
3.0804310134226123,0.0009831886180657928,0.5235062546802849,0.0009834378697361212,0.522538641546856,-0.0520112289981588,0.08149588772376068,0.08149588772376068,0.0,False,False,0.5235987755982988,0.0
3.081414202040678,0.001023295073418176,0.5235108717574304,0.0046960237951336505,0.5237111137005617,0.07244190029817332,-0.08895236619853937,-0.08895236619853937,0.0,False,False,0.5235987755982988,0.0
3.082437497114096,0.0009591420210517716,0.5235095515761751,-0.0012901276372867766,0.523053660727084,0.0009490892639077431,0.008673160565176752,0.008673160565176752,0.0,False,False,0.5235987755982988,0.0
3.083396639135148,0.0009954599971566673,0.5235090734173186,-0.0004985276904108582,0.5230982040114245,0.005498256330726294,0.002412380966866425,0.002412380966866425,0.0,False,False,0.5235987755982988,0.0
3.084392099132305,0.000987690989193007,0.5235088468280165,-0.0002276227098804799,0.524154030497702,0.11101261100558296,-0.14320972139595758,-0.14320972139595758,0.0,False,False,0.5235987755982988,0.0
3.0853797901214977,0.0010234499320467768,0.5235017042145614,-0.00723162763777831,0.5224879006073786,-0.06877803863386979,0.10252939619720768,0.10252939619720768,0.0,False,False,0.5235987755982988,0.0
3.0864032400535444,0.0009290787755414681,0.523501881339879,0.00017306691024837097,0.5227118011451631,-0.040023196063101785,0.06399337543216438,0.06399337543216438,0.0,False,False,0.5235987755982988,0.0
3.0873323188290858,0.0009629566726810072,0.5235047586331582,0.003096931449608697,0.5236392187918804,0.06380033043459615,-0.07728837400598311,-0.07728837400598311,0.0,False,False,0.5235987755982988,0.0
3.0882952755017667,0.001054334202532245,0.5235032912357289,-0.001523845745994084,0.5243492608682102,0.13115591774391896,-0.17089583615110784,-0.17089583615110784,0.0,False,False,0.5235987755982988,0.0
3.089349609704299,0.0011662411228550646,0.5234927000025098,-0.010045423162496408,0.5245731986989339,0.13928006477206967,-0.18467569353791563,-0.18467569353791563,0.0,False,False,0.5235987755982988,0.0
3.090515850827154,0.0009202581742909208,0.5234722659938317,-0.01752125549142931,0.5228918901563673,-0.01881268685240614,0.03529916217765504,0.03529916217765504,0.0,False,False,0.5235987755982988,0.0
3.091436109001445,0.0008771181238826124,0.5234612754108603,-0.011942934361764596,0.5242792911311156,0.13383072809872812,-0.17284615330917583,-0.17284615330917583,0.0,False,False,0.5235987755982988,0.0
3.0923132271253277,0.0010998259854013046,0.5234466576026836,-0.016665723553825017,0.5227623643614236,-0.05249675531996775,0.07805150864771432,0.07805150864771432,0.0,False,False,0.5235987755982988,0.0
3.093413053110729,0.0009801741114461235,0.5234380809364273,-0.007798202961335871,0.5250317492331382,0.15909327785383554,-0.21670545885171197,-0.21670545885171197,0.0,False,False,0.5235987755982988,0.0
3.094393227222175,0.000983103364949976,0.5234221976539913,-0.016204552079585235,0.522432795786127,-0.1219682730581915,0.16734956428892242,0.16734956428892242,0.0,False,False,0.5235987755982988,0.0
3.095376330587125,0.0010208061250857328,0.5234183003039307,-0.003964333964869086,0.5245776167684953,0.10839696449180183,-0.14769549845369975,-0.14769549845369975,0.0,False,False,0.5235987755982988,0.0
3.096397136712211,0.0010460924484996092,0.5234077980676185,-0.010288179169426977,0.5228349058647392,-0.07316181964013921,0.1015438387722394,0.1015438387722394,0.0,False,False,0.5235987755982988,0.0
3.0974432291607106,0.0009530423320078045,0.5234057448350807,-0.0019627639419001666,0.5251626337995942,0.156670827115637,-0.21615444016208057,-0.21615444016208057,0.0,False,False,0.5235987755982988,0.0
3.0983962714927182,0.0009244039603498759,0.5233945979436231,-0.011696113680677947,0.5239106226263115,0.009633800883829952,-0.017173807564824173,-0.017173807564824173,0.0,False,False,0.5235987755982988,0.0
3.099320675453068,0.0009258752955491439,0.5233857898579976,-0.00952839451508666,0.5224991481733546,-0.14401980052539592,0.1926170542794704,0.1926170542794704,0.0,False,False,0.5235987755982988,0.0
3.100246550748617,0.0009595348711144443,0.5233875368957936,0.0018869039972693215,0.5229317978483624,-0.08288910040789649,0.11147251998833105,0.11147251998833105,0.0,False,False,0.5235987755982988,0.0
3.1012060856197317,0.0009520036317267177,0.5233939525293118,0.006686191102865796,0.5240756617336043,0.04461005614674528,-0.06211601781159331,-0.06211601781159331,0.0,False,False,0.5235987755982988,0.0
3.1021580892514584,0.0009766683439020839,0.5233957256458667,0.001862510284496804,0.5243143311928732,0.06521927624496827,-0.09114313219630056,-0.09114313219630056,0.0,False,False,0.5235987755982988,0.0
3.1031347575953605,0.0009867007093001291,0.5233926591603337,-0.003139740887569925,0.5233309481649293,-0.041990160510311125,0.055209086413024445,0.055209086413024445,0.0,False,False,0.5235987755982988,0.0
3.1041214583046606,0.00102013032089736,0.523393170496481,0.0005182282150454401,0.5234321421985357,-0.02753534625698629,0.03604181670411904,0.03604181670411904,0.0,False,False,0.5235987755982988,0.0
3.105141588625558,0.0010059759498647117,0.5233954106194905,0.002195918465982926,0.5240571984850966,0.03649038798444486,-0.05204007754369351,-0.05204007754369351,0.0,False,False,0.5235987755982988,0.0
3.1061475645754224,0.0009408434138466875,0.5233943135694015,-0.0010905331178022006,0.5235093293944159,-0.02162010098628249,0.02755415285343225,0.02755415285343225,0.0,False,False,0.5235987755982988,0.0
3.107088407989269,0.001019548428434854,0.5233948002486082,0.0005172797083674357,0.5222660043143081,-0.15160814495715297,0.2059196570604157,0.2059196570604157,0.0,False,False,0.5235987755982988,0.0
3.108107956417704,0.0009377119941692175,0.5234058666729968,0.010854241034590494,0.5226964129998388,-0.09423171092569702,0.1293205798831163,0.1293205798831163,0.0,False,False,0.5235987755982988,0.0
3.1090456684118735,0.0010410877791206393,0.5234190805185897,0.014091582143507943,0.5236242613758446,0.014139578755014925,-0.017426238501842262,-0.017426238501842262,0.0,False,False,0.5235987755982988,0.0
3.110086756190994,0.001067598665817723,0.523428796452235,0.00933248265911733,0.5244895049606341,0.09583519167096843,-0.13103535852719667,-0.13103535852719667,0.0,False,False,0.5235987755982988,0.0
3.111154354856812,0.0011224629997676466,0.5234282717728711,-0.0004914574930482037,0.5248384824706704,0.11893975288556416,-0.16504242716536627,-0.16504242716536627,0.0,False,False,0.5235987755982988,0.0
3.1122768178565794,0.0010488396232895534,0.5234175112900096,-0.009586492261913195,0.5240977790404409,0.041056659881509666,-0.05825005381636837,-0.05825005381636837,0.0,False,False,0.5235987755982988,0.0
3.113325657479869,0.001074100651196318,0.5234072366486217,-0.009796198732160144,0.5236579451331539,-0.004984293210639583,0.004916100225376155,0.004916100225376155,0.0,False,False,0.5235987755982988,0.0
3.114399758131065,0.0010438894233414484,0.5234001864471571,-0.006563818257358207,0.5240536498369095,0.032354696938208596,-0.04701337262084257,-0.04701337262084257,0.0,False,False,0.5235987755982988,0.0
3.1154436475544065,0.0010454395329526562,0.5233928735495827,-0.00700543315298958,0.5228110236682537,-0.08991887591774445,0.12208218584210513,0.12208218584210513,0.0,False,False,0.5235987755982988,0.0
3.116489087087359,0.0010394935069194067,0.5233944592846641,0.0015168118588884298,0.5232607400460392,-0.03791002143212056,0.05157666565921821,0.05157666565921821,0.0,False,False,0.5235987755982988,0.0
3.1175285805942785,0.0009650607499208808,0.5233983252394329,0.0037190754372673244,0.5226791355117224,-0.0900697809286215,0.12463725867272121,0.12463725867272121,0.0,False,False,0.5235987755982988,0.0
3.1184936413441995,0.0009670436106124905,0.5234066772096567,0.00865434660416212,0.5223169437063168,-0.1185932697452608,0.16538489774998993,0.16538489774998993,0.0,False,False,0.5235987755982988,0.0
3.119460684954812,0.0009257006537160423,0.5234204601421523,0.014252648323502403,0.5237115365656435,0.03747804974152266,-0.047003357102031684,-0.047003357102031684,0.0,False,False,0.5235987755982988,0.0
3.120386385608528,0.0009684724835374491,0.5234284427776127,0.008623344305122592,0.523590333677921,0.020637147421483905,-0.024612622338979293,-0.024612622338979293,0.0,False,False,0.5235987755982988,0.0
3.1213548580920656,0.001032094530484812,0.5234333211529605,0.005037185289986789,0.5240334111511705,0.06432356815362145,-0.08501172173603651,-0.08501172173603651,0.0,False,False,0.5235987755982988,0.0
3.1223869526225503,0.0011241361699049935,0.5234323942184655,-0.0008981100737949447,0.5239089666951239,0.04583374447151889,-0.060583933108673806,-0.060583933108673806,0.0,False,False,0.5235987755982988,0.0
3.1235110887924553,0.0010382169363396128,0.5234279014674936,-0.0039966252240883696,0.5236396485397788,0.017292582475569033,-0.021486811917323382,-0.021486811917323382,0.0,False,False,0.5235987755982988,0.0
3.1245493057287947,0.001026511239178958,0.5234238867592438,-0.0038669261782916025,0.523909626433621,0.041567320540579156,-0.055476099684495114,-0.055476099684495114,0.0,False,False,0.5235987755982988,0.0
3.1255758169679737,0.0010095570250391907,0.5234182181817186,-0.005522177750038376,0.5233809701535129,-0.014089702979450287,0.020828141581486367,0.020828141581486367,0.0,False,False,0.5235987755982988,0.0
3.126585373993013,0.001065064607982346,0.5234153739808171,-0.002817276123107097,0.5237756896958062,0.026417558202854265,-0.03488552359855866,-0.03488552359855866,0.0,False,False,0.5235987755982988,0.0
3.127650438600995,0.0010000495760084656,0.5234113599937021,-0.0037687733540996207,0.5227776794601119,-0.06992839435953987,0.09869380371881255,0.09869380371881255,0.0,False,False,0.5235987755982988,0.0
3.1286504881770036,0.000981363194659489,0.5234136588371846,0.0022987295206660418,0.5237362881205114,0.0329205589528551,-0.041979896143253155,-0.041979896143253155,0.0,False,False,0.5235987755982988,0.0
3.129631851371663,0.0009881127617437373,0.5234132231390187,-0.0004439723929790945,0.5239965276083587,0.056146665677022145,-0.07453553499350425,-0.07453553499350425,0.0,False,False,0.5235987755982988,0.0
3.130619964133407,0.0009519643861188915,0.5234092774995688,-0.003993106457829228,0.522824870206603,-0.06804327358406081,0.09558222535139849,0.09558222535139849,0.0,False,False,0.5235987755982988,0.0
3.1315719285195263,0.0009944509812918319,0.5234108930935075,0.001697115944959856,0.5234561251327897,0.005071824995562552,-0.0035184816155113038,-0.0035184816155113038,0.0,False,False,0.5235987755982988,0.0
3.132566379500818,0.0010247535228134466,0.5234118978066553,0.0010103194292070566,0.5228677019558187,-0.05460601428253777,0.07868654270368805,0.07868654270368805,0.0,False,False,0.5235987755982988,0.0
3.1335911330236317,0.0010194100980437802,0.5234167423895192,0.004727559121293218,0.522957278620119,-0.040404124114491666,0.06003189454462701,0.06003189454462701,0.0,False,False,0.5235987755982988,0.0
3.1346105431216755,0.001007177982959126,0.5234232142986057,0.006348680574189619,0.5224415282436623,-0.0869567338289162,0.12517853297815668,0.12517853297815668,0.0,False,False,0.5235987755982988,0.0
3.1356177211046345,0.0009776818499565266,0.5234340622272902,0.010770617376510147,0.5245386592289573,0.12995744916967522,-0.17286684435546226,-0.17286684435546226,0.0,False,False,0.5235987755982988,0.0
3.1365954029545913,0.0009978356325633629,0.5234334684552606,-0.0006073264320060178,0.5243634542096884,0.09904125096040091,-0.13261371615749432,-0.13261371615749432,0.0,False,False,0.5235987755982988,0.0
3.1375932385871548,0.0010216533133821086,0.523426444202076,-0.007039489225857686,0.5238954437154735,0.042234562061073656,-0.05602150058243224,-0.05602150058243224,0.0,False,False,0.5235987755982988,0.0
3.138614891900537,0.0009780193418048415,0.523418475543948,-0.007799767321735654,0.5251395411867442,0.15978406493755862,-0.21947465851708758,-0.21947465851708758,0.0,False,False,0.5235987755982988,0.0
3.139592911242342,0.0009545563948643185,0.5234025116755385,-0.016322651022487488,0.5232373636505211,-0.050687175686945474,0.0673300258843336,0.0673300258843336,0.0,False,False,0.5235987755982988,0.0
3.1405474676372065,0.0010135731653314552,0.5233937368720256,-0.00919254594082975,0.5260394486861204,0.24792994307365573,-0.34144804726917544,-0.34144804726917544,0.0,False,False,0.5235987755982988,0.0
3.141561040802538,0.00105345627934423,0.5233695674878015,-0.023845722292932373,0.5231710106156402,-0.059865617658421605,0.07953851087796106,0.07953851087796106,0.0,False,False,0.5235987755982988,0.0
3.1426144970818823,0.0010117571508029197,0.5233545016100031,-0.014301379273025824,0.5235771998208703,-0.015321290070261069,0.018773912078027397,0.018773912078027397,0.0,False,False,0.5235987755982988,0.0
3.1436262542326854,0.0010667598955435829,0.5233448217316464,-0.009567393073514344,0.5229976950171479,-0.07106622634144782,0.09609892207045424,0.09609892207045424,0.0,False,False,0.5235987755982988,0.0
3.144693014128229,0.00099629515470087,0.5233431650542475,-0.0015529993261097687,0.5236680803998667,-0.0011164666978083215,9.22736091485076e-05,9.22736091485076e-05,0.0,False,False,0.5235987755982988,0.0
3.14568930928293,0.0010562377238393513,0.5233420900809524,-0.0010789707145892613,0.5240713016694739,0.03946724968993662,-0.05586616890907564,-0.05586616890907564,0.0,False,False,0.5235987755982988,0.0
3.1467455470067693,0.001086809676412237,0.5233381996972619,-0.003683246302203179,0.5232387888907233,-0.04329816921137564,0.05843756379001035,0.05843756379001035,0.0,False,False,0.5235987755982988,0.0
3.1478323566831814,0.0009828108160390703,0.523338955891508,0.0006957927063936755,0.5248894364523947,0.1129117420350659,-0.15872598581580535,-0.15872598581580535,0.0,False,False,0.5235987755982988,0.0
3.1488151674992206,0.0009801617834034628,0.5233317696864782,-0.007311890460087549,0.5235404668075103,-0.035635720242378044,0.0438124225250466,0.0438124225250466,0.0,False,False,0.5235987755982988,0.0
3.149795329282624,0.0010083636455559307,0.5233287537852712,-0.0030769422539037306,0.5235647968135788,-0.0295899043191776,0.036119503307973144,0.036119503307973144,0.0,False,False,0.5235987755982988,0.0
3.15080369292818,0.0009265556389889745,0.5233284311858722,-0.00031992367075438233,0.5225351810527571,-0.1287384983246257,0.17363089980930185,0.17363089980930185,0.0,False,False,0.5235987755982988,0.0
3.1517302485671688,0.0009210409096665657,0.523335671400083,0.007814117043840028,0.5237008807384557,0.009945355424120256,-0.013772319031767599,-0.013772319031767599,0.0,False,False,0.5235987755982988,0.0
3.1526512894768355,0.0010571024335891456,0.5233403645598321,0.005095495433326938,0.5232234037453111,-0.04289019913637799,0.05822493231743307,0.05822493231743307,0.0,False,False,0.5235987755982988,0.0
3.1537083919104245,0.0009984866179234022,0.5233473092749721,0.006569576343111705,0.5228165199790533,-0.07709165595698336,0.10659058829479899,0.10659058829479899,0.0,False,False,0.5235987755982988,0.0
3.154706878528348,0.0010634597471857964,0.5233572589563427,0.009964761862550672,0.5226796572073595,-0.08308951149076392,0.1162515448258237,0.1162515448258237,0.0,False,False,0.5235987755982988,0.0
3.1557703382755338,0.0009513047983831862,0.5233712583468362,0.013164006000767704,0.5257028117373844,0.20949484716903147,-0.2892664671063787,-0.2892664671063787,0.0,False,False,0.5235987755982988,0.0
3.156721643073917,0.0009266400512942155,0.5233675107093271,-0.003939470835667237,0.5231375834333408,-0.08110830779145667,0.10563142831899183,0.10563142831899183,0.0,False,False,0.5235987755982988,0.0
3.1576482831252113,0.0010464525549751882,0.52336941073026,0.0020504411936814616,0.5220979510929505,-0.18519123972937196,0.24924432877151528,0.24924432877151528,0.0,False,False,0.5235987755982988,0.0
3.1586947356801867,0.0010427847938818079,0.523384523091246,0.014441515684633078,0.5227752099222253,-0.10195261881844159,0.13716732475145393,0.13716732475145393,0.0,False,False,0.5235987755982988,0.0
3.1597375204740685,0.0009513905041489766,0.5234029441159113,0.017665221792032587,0.5233579426865612,-0.03587499580561929,0.047384987378019924,0.047384987378019924,0.0,False,False,0.5235987755982988,0.0
3.1606889109782177,0.0010237935842903696,0.5234179858746529,0.015810288915142395,0.5238950428562161,0.02416673232911056,-0.03433288943744435,-0.03433288943744435,0.0,False,False,0.5235987755982988,0.0
3.161712704562508,0.0010432098954121839,0.5234281642402013,0.009941814155278714,0.5239123155393373,0.023437184644373377,-0.033768340511940026,-0.033768340511940026,0.0,False,False,0.5235987755982988,0.0
3.1627559144579203,0.0010383744567724895,0.5234336523426779,0.00526078452733384,0.5240241099274482,0.031809851118631376,-0.04582783926704638,-0.04582783926704638,0.0,False,False,0.5235987755982988,0.0
3.163794288914693,0.0009958030372326757,0.5234349581921528,0.0012575901365880892,0.5228722114138408,-0.08230399699795055,0.11184295171778547,0.11184295171778547,0.0,False,False,0.5235987755982988,0.0
3.1647900919519256,0.000988568556819102,0.5234413771974595,0.0064460591770471275,0.5237384675297622,0.012917111058058026,-0.0180149880360099,-0.0180149880360099,0.0,False,False,0.5235987755982988,0.0
3.1657786605087446,0.0009416859058284531,0.5234450170691713,0.003681961849463578,0.522680510964572,-0.09539363862553846,0.13100112975772846,0.13100112975772846,0.0,False,False,0.5235987755982988,0.0
3.1667203464145732,0.0010238830840591901,0.5234533110688663,0.008807607338753938,0.5229125705568426,-0.06121128171888496,0.08580522880887395,0.08580522880887395,0.0,False,False,0.5235987755982988,0.0
3.1677442294986324,0.0010241105299928551,0.5234641859192324,0.010621183741989018,0.5226633337602259,-0.07943246376747617,0.11215690960628406,0.11215690960628406,0.0,False,False,0.5235987755982988,0.0
3.1687683400286253,0.0009613380991344926,0.523477840643529,0.01333325251205103,0.5224407757281918,-0.09322105448409719,0.13270926304284275,0.13270926304284275,0.0,False,False,0.5235987755982988,0.0
3.16972967812776,0.0010155977076028607,0.5234935098889802,0.016299411690218937,0.5244222078645572,0.12221294210326582,-0.16147731131656948,-0.16147731131656948,0.0,False,False,0.5235987755982988,0.0
3.1707452758353627,0.0009579653006898143,0.5234975078285551,0.003936538596854663,0.5240984349010471,0.0781116070966422,-0.10272779596544025,-0.10272779596544025,0.0,False,False,0.5235987755982988,0.0
3.1717032411360524,0.0009814814922488955,0.5234954808098546,-0.0021159625500095803,0.524347782129671,0.0963292835947931,-0.1290772578784517,-0.1290772578784517,0.0,False,False,0.5235987755982988,0.0
3.1726847226283015,0.0010873698794079466,0.523487804365124,-0.007821283224645991,0.5235221114871829,0.00257142277262494,-0.0017057533270627588,-0.0017057533270627588,0.0,False,False,0.5235987755982988,0.0
3.1737720925077095,0.0009633330855558817,0.523481876910297,-0.00545118541464649,0.5241597695102989,0.06095651762107608,-0.08324571156129203,-0.08324571156129203,0.0,False,False,0.5235987755982988,0.0
3.1747354255932656,0.000990003418277475,0.5234742643235442,-0.007902341222424893,0.521937249363969,-0.175850627357042,0.2409282250463868,0.2409282250463868,0.0,False,False,0.5235987755982988,0.0
3.175725429011543,0.0010238606554235864,0.5234804884567961,0.006286981577029277,0.5242336744029339,0.07369575960928645,-0.0998630900145751,-0.0998630900145751,0.0,False,False,0.5235987755982988,0.0
3.1767492896669665,0.0009605422197366749,0.5234797502851489,-0.0007209688576546788,0.523634316495357,0.0077871720746625905,-0.009984342636641818,-0.009984342636641818,0.0,False,False,0.5235987755982988,0.0
3.177709831886703,0.0010411425048624356,0.5234787992988421,-0.0009900515430979137,0.5240260556635156,0.04779158340744856,-0.06504094126283978,-0.06504094126283978,0.0,False,False,0.5235987755982988,0.0
3.1787509743915656,0.0009259045897539915,0.5234745693557417,-0.004062789753300422,0.5238062022458762,0.021895871221995968,-0.0300087251227872,-0.0300087251227872,0.0,False,False,0.5235987755982988,0.0
3.1796768789813195,0.000981830500089861,0.5234705659776668,-0.004323747953224156,0.5226091978603943,-0.10957316852716471,0.14930020151487927,0.14930020151487927,0.0,False,False,0.5235987755982988,0.0
3.1806587094814094,0.0010331050114099375,0.5234747649593636,0.004276686960161052,0.5221674786390431,-0.1436052079137114,0.1980895947630563,0.1980895947630563,0.0,False,False,0.5235987755982988,0.0
3.1816918144928192,0.001059308480727304,0.5234883872147967,0.013185741316334515,0.5228670027321749,-0.06153384597782717,0.08701252676362306,0.08701252676362306,0.0,False,False,0.5235987755982988,0.0
3.1827511229735466,0.0010756140617256627,0.5235032869720652,0.014065550818766448,0.5239962703000465,0.05122376094207227,-0.06862341776194457,-0.06862341776194457,0.0,False,False,0.5235987755982988,0.0
3.183826737035272,0.0010218365292384592,0.5235101715692759,0.0064006203114917145,0.5241123899360038,0.056897044749435244,-0.07752151177801277,-0.07752151177801277,0.0,False,False,0.5235987755982988,0.0
3.1848485735645107,0.001019500828963122,0.5235106988147775,0.0005159783257813067,0.5223169439789004,-0.12450040805209672,0.17247345881168785,0.17247345881168785,0.0,False,False,0.5235987755982988,0.0
3.1858680743934737,0.0010609208341788132,0.523520025145947,0.009147938779920263,0.5226638544333693,-0.0780228858939088,0.11045604404142241,0.11045604404142241,0.0,False,False,0.5235987755982988,0.0
3.1869289952276527,0.0010215089460861467,0.523533015253656,0.012244181931911577,0.5229018730542767,-0.04778550005320632,0.06988684585624547,0.06988684585624547,0.0,False,False,0.5235987755982988,0.0
3.187950504173739,0.0010752109237628133,0.523545701526503,0.012419150018802281,0.5232338940397184,-0.010503956636635003,0.019172616018408983,0.019172616018408983,0.0,False,False,0.5235987755982988,0.0
3.1890257150975017,0.0009726485039987019,0.5235562780491355,0.009836695664740514,0.5223676644702404,-0.09001724855592083,0.13018069857215625,0.13018069857215625,0.0,False,False,0.5235987755982988,0.0
3.1899983636015006,0.0009455753956689612,0.5235693797987454,0.013470179161358394,0.5223284055260982,-0.08505181676826146,0.12492884142152554,0.12492884142152554,0.0,False,False,0.5235987755982988,0.0
3.1909439389971697,0.0009729959397231782,0.5235845031319146,0.01599378879622748,0.5228673165403439,-0.01955371662992165,0.036630722999094326,0.036630722999094326,0.0,False,False,0.5235987755982988,0.0
3.1919169349368928,0.0010379213285872904,0.52359796745146,0.013838001779558469,0.5236732381231901,0.06523052922914283,-0.07961696052301469,-0.07961696052301469,0.0,False,False,0.5235987755982988,0.0
3.19295485626548,0.0009539004172021445,0.5236041090406307,0.0059172010455577,0.5225738461226753,-0.047215002617213946,0.0751067337018796,0.0751067337018796,0.0,False,False,0.5235987755982988,0.0
3.1939087566826823,0.0009873016574403104,0.5236115792743314,0.007831251109660962,0.5235105216476128,0.05570076489148211,-0.0652523467574303,-0.0652523467574303,0.0,False,False,0.5235987755982988,0.0
3.1948960583401225,0.0010072206236489932,0.5236139204566663,0.0023712938363374403,0.5245376820540629,0.1541678282885517,-0.201901710150016,-0.201901710150016,0.0,False,False,0.5235987755982988,0.0
3.1959032789637716,0.0009604360725476294,0.5236053395169086,-0.008519424201832061,0.5224693223892279,-0.06660214293528094,0.10025272928561287,0.10025272928561287,0.0,False,False,0.5235987755982988,0.0
3.196863715036319,0.0009356568831328267,0.5236040370690423,-0.0013561005291796097,0.5234238791584903,0.0394459219967948,-0.044186970479600705,-0.044186970479600705,0.0,False,False,0.5235987755982988,0.0
3.197799371919452,0.0009337700849010465,0.5236011944066863,-0.0030381461487353203,0.524495463358483,0.15002880448470596,-0.19617494506496175,-0.19617494506496175,0.0,False,False,0.5235987755982988,0.0
3.198733142004353,0.0010079656317879275,0.5235906042206254,-0.01134132077271877,0.5232255961921821,-0.0009676344247226132,0.007878390619767684,0.007878390619767684,0.0,False,False,0.5235987755982988,0.0
3.199741107636141,0.0009701529574449899,0.5235827473290036,-0.007794801106353252,0.5230821260827847,-0.015104502057838455,0.027425093748660152,0.027425093748660152,0.0,False,False,0.5235987755982988,0.0
3.200711260593586,0.001006181262262071,0.5235786010185219,-0.004273872949433877,0.524593942658163,0.142238754075764,-0.1885995119684712,-0.1885995119684712,0.0,False,False,0.5235987755982988,0.0
3.201717441855848,0.0009701723794926183,0.5235660497782703,-0.012474134355787323,0.523298838055545,-0.0006999614100628437,0.006238829461644069,0.006238829461644069,0.0,False,False,0.5235987755982988,0.0
3.2026876142353404,0.0010114618088229521,0.5235574152813915,-0.008899961554540215,0.5245212690194783,0.12537145363060034,-0.16705062593795048,-0.16705062593795048,0.0,False,False,0.5235987755982988,0.0
3.2036990760441633,0.000995726496802922,0.5235424690958137,-0.014776816531714511,0.5239168120184274,0.05307357427064912,-0.06941294468709411,-0.06941294468709411,0.0,False,False,0.5235987755982988,0.0
3.204694802540966,0.001032155864932905,0.5235281114910266,-0.014419225392945656,0.52322892309022,-0.021317907202140572,0.032238833787988176,0.032238833787988176,0.0,False,False,0.5235987755982988,0.0
3.205726958405899,0.001078195036265168,0.5235189544579448,-0.008871754153530406,0.5239375634154231,0.049470212400067465,-0.06546243558831771,-0.06546243558831771,0.0,False,False,0.5235987755982988,0.0
3.206805153442164,0.0009542447936598088,0.5235085311046195,-0.009667409860670245,0.5237881760597709,0.03066787272253127,-0.04021065557353513,-0.04021065557353513,0.0,False,False,0.5235987755982988,0.0
3.2077593982358237,0.0009399080013521553,0.5234999632607027,-0.008978664566675888,0.5243908515858797,0.090758414692535,-0.12316746540749836,-0.12316746540749836,0.0,False,False,0.5235987755982988,0.0
3.208699306237176,0.0010401720765901817,0.523488347048354,-0.012358882286303106,0.5230098252946358,-0.0652494977088922,0.08890050271660492,0.08890050271660492,0.0,False,False,0.5235987755982988,0.0
3.209739478313766,0.0010173752447063102,0.5234839229826643,-0.004253205589043071,0.5235198820595212,-0.009688741616669112,0.013046573638000778,0.013046573638000778,0.0,False,False,0.5235987755982988,0.0
3.2107568535584723,0.00110292668934341,0.5234815898118753,-0.0022933237280439336,0.5234279072543402,-0.017760268787700526,0.02438795273649597,0.02438795273649597,0.0,False,False,0.5235987755982988,0.0
3.2118597802478157,0.0009318619691659755,0.5234813881991124,-0.00018279797276428292,0.524095873373783,0.044578815082691986,-0.0624423380579466,-0.0624423380579466,0.0,False,False,0.5235987755982988,0.0
3.2127916422169815,0.0009321276070374043,0.5234785549685093,-0.0030403972872463693,0.5225839173502096,-0.1221301372495825,0.164823613165105,0.164823613165105,0.0,False,False,0.5235987755982988,0.0
3.213723769824019,0.0010551022389706061,0.5234836784012414,0.005496492855102212,0.5243711582966897,0.08182067428189062,-0.11208769770930424,-0.11208769770930424,0.0,False,False,0.5235987755982988,0.0
3.2147788720629897,0.00099907733229808,0.5234814234425296,-0.0021371945093268136,0.5238883720660874,0.02788131312704859,-0.038670312172652904,-0.038670312172652904,0.0,False,False,0.5235987755982988,0.0
3.215777949395288,0.0010106591622087552,0.5234780043545412,-0.0034222455838423607,0.522328770427693,-0.13101101432500964,0.1800733102609164,0.1800733102609164,0.0,False,False,0.5235987755982988,0.0
3.2167886085574966,0.0009648678976065284,0.5234847948054677,0.006718833787305971,0.5245392030321719,0.10080206114710114,-0.13789016718623762,-0.13789016718623762,0.0,False,False,0.5235987755982988,0.0
3.217753476455103,0.0009733133972280209,0.5234830250263665,-0.001834219073551028,0.5254326390291637,0.18331857207604446,-0.25299182824682137,-0.25299182824682137,0.0,False,False,0.5235987755982988,0.0
3.218726789852331,0.0010184222088521005,0.5234697830875494,-0.01360501032320887,0.5243440481538976,0.05314289576901893,-0.07718638092360026,-0.07718638092360026,0.0,False,False,0.5235987755982988,0.0
3.219745212061183,0.0010189194787495136,0.5234556631626385,-0.01386451001184913,0.5247009422908339,0.08287243514971213,-0.11928592264528536,-0.11928592264528536,0.0,False,False,0.5235987755982988,0.0
3.2207641315399322,0.0010064802924892623,0.5234391396269864,-0.016216723692750165,0.5235136402117835,-0.041940412577626776,0.05186093205042814,0.05186093205042814,0.0,False,False,0.5235987755982988,0.0
3.2217706118324214,0.001056221892861888,0.5234295828694682,-0.009495225678613523,0.5219796463000921,-0.19015808997333844,0.2573340353357273,0.2573340353357273,0.0,False,False,0.5235987755982988,0.0
3.2228268337252834,0.0009733964699316165,0.5234369091687269,0.006936325887779669,0.521827610484915,-0.18553658734330952,0.25452487685288017,0.25452487685288017,0.0,False,False,0.5235987755982988,0.0
3.223800230195215,0.0010107762538009307,0.5234537965722168,0.01734894671552991,0.5236763976486273,0.022948637902883318,-0.028935562389372314,-0.028935562389372314,0.0,False,False,0.5235987755982988,0.0
3.224811006449016,0.001025664577912627,0.5234654919810717,0.011570719841297743,0.5229488930162258,-0.0513210699407492,0.07328317040621288,0.07328317040621288,0.0,False,False,0.5235987755982988,0.0
3.2258366710269284,0.0009793402931716853,0.5234778733151496,0.012071523521959506,0.5226797549492772,-0.07242932190460472,0.10345755796791457,0.10345755796791457,0.0,False,False,0.5235987755982988,0.0
3.2268160113201,0.0009240817364384699,0.5234915053333236,0.013919592882032669,0.5234367485218254,0.01210988593449877,-0.011615375744877464,-0.011615375744877464,0.0,False,False,0.5235987755982988,0.0
3.2277400930565383,0.0010529079469717118,0.5235007412859441,0.009994735591496539,0.524037940790945,0.07595724071191351,-0.09905366232192774,-0.09905366232192774,0.0,False,False,0.5235987755982988,0.0
3.22879300100351,0.0011042548808973067,0.5235026573983582,0.0018198289979964814,0.5222348872771485,-0.10288360682731697,0.1480103179734859,0.1480103179734859,0.0,False,False,0.5235987755982988,0.0
3.2298972558844077,0.0011352700717212334,0.5235130182225763,0.009382638372133854,0.5231212986019559,-0.012322897781760767,0.023382063272285647,0.023382063272285647,0.0,False,False,0.5235987755982988,0.0
3.2310325259561288,0.0010199221028614719,0.5235217452830787,0.007687210928658035,0.524839356018068,0.14024407956615462,-0.19062334303523032,-0.19062334303523032,0.0,False,False,0.5235987755982988,0.0
3.2320524480589903,0.0009710983265320263,0.5235173515239765,-0.004307935958968821,0.5225789853918115,-0.09540221695575954,0.13283888406368372,0.13283888406368372,0.0,False,False,0.5235987755982988,0.0
3.2330235463855224,0.001038412206767981,0.5235206481616688,0.003394751697367698,0.5242796579827729,0.08926677846912809,-0.11937601708348673,-0.11937601708348673,0.0,False,False,0.5235987755982988,0.0
3.2340619585922905,0.0010768538792407828,0.5235166347717074,-0.003864929490658606,0.5230936273829709,-0.03387567920701172,0.04974348292431586,0.04974348292431586,0.0,False,False,0.5235987755982988,0.0
3.2351388124715315,0.0009966706727330824,0.5235167029548411,6.33169782494605e-05,0.5239929978621521,0.05303022825064599,-0.07073227465013508,-0.07073227465013508,0.0,False,False,0.5235987755982988,0.0
3.2361354831442646,0.0010184860804871082,0.5235132338368281,-0.00348070642376999,0.5244708327354978,0.09567031104895682,-0.13050140172832939,-0.13050140172832939,0.0,False,False,0.5235987755982988,0.0
3.2371539692247517,0.0009629646291911588,0.523504007052835,-0.009059312807439957,0.5241508974287794,0.054690449386244205,-0.07556673221214366,-0.07556673221214366,0.0,False,False,0.5235987755982988,0.0
3.238116933853943,0.0010545476520337647,0.5234941741131575,-0.010211111996603304,0.5242875655373952,0.0634138373234341,-0.08849482369185574,-0.08849482369185574,0.0,False,False,0.5235987755982988,0.0
3.2391714815059767,0.0009990812854892047,0.523481669367218,-0.011857924025913092,0.5224767144270858,-0.11464582834876133,0.1577720951003485,0.1577720951003485,0.0,False,False,0.5235987755982988,0.0
3.240170562791466,0.0009469955576446462,0.5234809297887089,-0.0007402585954491264,0.5244527812201804,0.09460714485987683,-0.12890067502571986,-0.12890067502571986,0.0,False,False,0.5235987755982988,0.0
3.2411175583491105,0.001039209339580438,0.5234746505809246,-0.006630662344307095,0.5227305354629515,-0.09671775508358506,0.13168962853655464,0.13168962853655464,0.0,False,False,0.5235987755982988,0.0
3.242156767688691,0.0010123497678604164,0.5234769723811432,0.002234198760740223,0.5237034652989263,0.006576142447623903,-0.009775785548443532,-0.009775785548443532,0.0,False,False,0.5235987755982988,0.0
3.243169117456551,0.0010538676298103829,0.5234780400023769,0.0010545972030325012,0.523703402314568,0.005912306602355044,-0.008978048815671782,-0.008978048815671782,0.0,False,False,0.5235987755982988,0.0
3.2442229850863615,0.0009885449762766204,0.523478297098389,0.00024395474812592308,0.5239016463947878,0.024132174661927724,-0.034410283931114206,-0.034410283931114206,0.0,False,False,0.5235987755982988,0.0
3.245211530062638,0.0010238145039726519,0.5234767844663658,-0.001530160042780001,0.5237708346380571,0.008486199974774475,-0.013280502685377948,-0.013280502685377948,0.0,False,False,0.5235987755982988,0.0
3.246235344566611,0.0010023222947730048,0.5234750084890745,-0.001734667055839475,0.5227386453697526,-0.0931804162807515,0.12729884365073432,0.12729884365073432,0.0,False,False,0.5235987755982988,0.0
3.2472376668613836,0.0009684196331195454,0.5234801928164959,0.0051723157795440676,0.5223022112759992,-0.12740466599243133,0.17622375699231096,0.17622375699231096,0.0,False,False,0.5235987755982988,0.0
3.2482060864945033,0.0009538205617297089,0.5234920222017619,0.012215143994831364,0.5242532900363,0.08680618530107923,-0.11594868224531542,-0.11594868224531542,0.0,False,False,0.5235987755982988,0.0
3.249159907056233,0.0010063321779573955,0.5234953813489783,0.003521781088749003,0.5236575526110662,0.015667548026498487,-0.01985904386161053,-0.01985904386161053,0.0,False,False,0.5235987755982988,0.0
3.2501662392341903,0.0009763246812475787,0.523496846563778,0.001455995179170777,0.5244998670748223,0.09780222722408545,-0.1335823192463257,-0.1335823192463257,0.0,False,False,0.5235987755982988,0.0
3.251142563915438,0.0009727626420137224,0.5234914803102739,-0.005496382102316603,0.5234524434609911,-0.019260299628218083,0.025746338025401154,0.025746338025401154,0.0,False,False,0.5235987755982988,0.0
3.2521153265574516,0.0010269599177125347,0.5234888947690612,-0.0026579363772795952,0.5222626575377866,-0.13964426306127006,0.19162324076274473,0.19162324076274473,0.0,False,False,0.5235987755982988,0.0
3.253142286475164,0.0009274836027049635,0.5234971171673296,0.00800654254026725,0.5243402243640678,0.07662278386795221,-0.10529341842538432,-0.10529341842538432,0.0,False,False,0.5235987755982988,0.0
3.254069770077869,0.0010288190788164738,0.523498024252608,0.0009780068087515362,0.5231748149230478,-0.05669232952542268,0.07566208758502461,0.07566208758502461,0.0,False,False,0.5235987755982988,0.0
3.2550985891566855,0.0009744552170443661,0.5235027202919011,0.004564494758893482,0.5238011746111612,0.009858325730626713,-0.015473173108274212,-0.015473173108274212,0.0,False,False,0.5235987755982988,0.0
3.25607304437373,0.0011245603916136657,0.5235051380454514,0.0024811335687144466,0.522940123105449,-0.07948985440354889,0.10724357015555504,0.10724357015555504,0.0,False,False,0.5235987755982988,0.0
3.2571976047653433,0.0010553999801953366,0.5235137603635817,0.00766727887146609,0.5249486843005693,0.10706769755746456,-0.15277959370982602,-0.15277959370982602,0.0,False,False,0.5235987755982988,0.0
3.2582530047455385,0.0010432524175622304,0.5235108658722831,-0.0027425538685090702,0.5227459187578251,-0.11235288535720757,0.15017488555717673,0.15017488555717673,0.0,False,False,0.5235987755982988,0.0
3.2592962571631006,0.0010033584569516957,0.5235170788778105,0.005955419247348902,0.5232226158676432,-0.05542423423795945,0.07327995623735274,0.07327995623735274,0.0,False,False,0.5235987755982988,0.0
3.260299615620052,0.0009586512153338272,0.5235249716598823,0.007866363229526703,0.5236187383418356,-0.010402154122389928,0.012123255563206014,0.012123255563206014,0.0,False,False,0.5235987755982988,0.0
3.261258266835386,0.000994355168665463,0.5235309774511429,0.006264834555585485,0.5225778685691548,-0.11793842158858238,0.1599024324308915,0.1599024324308915,0.0,False,False,0.5235987755982988,0.0
3.2622526220040515,0.001016643864913152,0.5235432874512296,0.01237988243504899,0.5238317201520293,0.019952374896697198,-0.028135851843184973,-0.028135851843184973,0.0,False,False,0.5235987755982988,0.0
3.263269265868965,0.0010488964532132214,0.5235509547764265,0.0075418004883918525,0.5249576120303866,0.12870308465705116,-0.1789027573660415,-0.1789027573660415,0.0,False,False,0.5235987755982988,0.0
3.264318162322178,0.0010100027678555344,0.5235466132895781,-0.004139099560497843,0.5231186043115506,-0.05949508512445659,0.08003718531081667,0.08003718531081667,0.0,False,False,0.5235987755982988,0.0
3.265328165090034,0.0009840669135757845,0.5235477809116328,0.0011560582722220155,0.5238926080720185,0.023088249066642925,-0.03299488340692654,-0.03299488340692654,0.0,False,False,0.5235987755982988,0.0
3.2663122320036098,0.0009792928202709235,0.523546981000101,-0.0008128629473307222,0.5211476459972403,-0.2581611678780101,0.35391373427266565,0.35391373427266565,0.0,False,False,0.5235987755982988,0.0
3.2672915248238805,0.00100258288678218,0.5235633922418134,0.016758257972184304,0.5235294201056319,0.010868629138004238,-0.011793956097599877,-0.011793956097599877,0.0,False,False,0.5235987755982988,0.0
3.2682941077106626,0.0009515458757054362,0.5235754041951507,0.011981007750796545,0.5233022232657816,-0.012879386568806704,0.02079320586787839,0.02079320586787839,0.0,False,False,0.5235987755982988,0.0
3.269245653586368,0.0009871436414339407,0.5235847887082109,0.009862386354456874,0.5228705148041238,-0.056960617458028266,0.08146143524478364,0.08146143524478364,0.0,False,False,0.5235987755982988,0.0
3.270232797227802,0.001062472378509337,0.5235957847449466,0.011139246887844274,0.5245395283145594,0.1178104846751232,-0.15830613050283857,-0.15830613050283857,0.0,False,False,0.5235987755982988,0.0
3.2712952696063113,0.0009819034424699284,0.5235952091289487,-0.0005417703175418752,0.5233105078085406,-0.009646089187518872,0.01676412724067046,0.01676412724067046,0.0,False,False,0.5235987755982988,0.0
3.2722771730487814,0.00103012481170643,0.5235956440592273,0.0004429460777783901,0.5234407657343298,0.004584378689990539,-0.00265707687654725,-0.00265707687654725,0.0,False,False,0.5235987755982988,0.0
3.273307297860488,0.0009668146809140274,0.523595816502462,0.000167400331212826,0.5232666536234554,-0.012776099484790374,0.02130951492893049,0.02130951492893049,0.0,False,False,0.5235987755982988,0.0
3.2742741125414017,0.0010959432043686865,0.5235969267133069,0.0011483181491113003,0.5219241893074676,-0.15035284730408502,0.21056596999986307,0.21056596999986307,0.0,False,False,0.5235987755982988,0.0
3.2753700557457703,0.0009812302101411803,0.5236104118212769,0.012304568262518816,0.5226225672979132,-0.07159364078086024,0.1034841183439728,0.1034841183439728,0.0,False,False,0.5235987755982988,0.0
3.2763512859559114,0.0009899780703563727,0.5236242552829389,0.014108270942855019,0.5244629675705523,0.12312622170200879,-0.1633069215429738,-0.1633069215429738,0.0,False,False,0.5235987755982988,0.0
3.277341264026268,0.0009721694808396471,0.5236265903254297,0.002358681026053678,0.5217853110332977,-0.15966274913020823,0.22423766112626944,0.22423766112626944,0.0,False,False,0.5235987755982988,0.0
3.2783134335071074,0.0009420125940726889,0.5236388052652471,0.012564619706869895,0.5229700689672788,-0.0218290470523438,0.03751157582117243,0.03751157582117243,0.0,False,False,0.5235987755982988,0.0
3.27925544610118,0.0010918615260892487,0.5236492963019562,0.011136832750538861,0.5233004747485306,0.015428312424592732,-0.01314455961368315,-0.01314455961368315,0.0,False,False,0.5235987755982988,0.0
3.2803473076272693,0.000932640993048354,0.5236570027934467,0.0070581216632040165,0.5251785999181472,0.18589677792079043,-0.2515129712622193,-0.2515129712622193,0.0,False,False,0.5235987755982988,0.0
3.281279948620318,0.0010813963876325154,0.5236508534362002,-0.006593488054213311,0.5243215867537571,0.0754160969690747,-0.10350991716113808,-0.10350991716113808,0.0,False,False,0.5235987755982988,0.0
3.2823613450079505,0.0009813239227543854,0.52363993463631,-0.010096945038017752,0.5231537116267025,-0.040122463745149314,0.056158107982912056,0.056158107982912056,0.0,False,False,0.5235987755982988,0.0
3.283342668930705,0.000999897602536488,0.5236354612398809,-0.00455853192342506,0.5247738641974824,0.12898843489011966,-0.17593771665344807,-0.17593771665344807,0.0,False,False,0.5235987755982988,0.0
3.2843425665332413,0.001072289153034452,0.5236234704052012,-0.011992062636567997,0.5229772484436586,-0.06359038275487355,0.08749594808937286,0.08749594808937286,0.0,False,False,0.5235987755982988,0.0
3.285414855686276,0.0010114091350202433,0.5236193998221477,-0.00379616173676439,0.524500005524967,0.0847785860509397,-0.11795644194115505,-0.11795644194115505,0.0,False,False,0.5235987755982988,0.0
3.286426264821296,0.0009213930903988164,0.5236106939063995,-0.008607709231415718,0.52242484980281,-0.12887397884306487,0.17577943893047634,0.17577943893047634,0.0,False,False,0.5235987755982988,0.0
3.287347657911695,0.0010072157535493983,0.5236123198475544,0.0017646552507104788,0.5245489139919313,0.11454089002562609,-0.15455155911613538,-0.15455155911613538,0.0,False,False,0.5235987755982988,0.0
3.288354873665244,0.0010308916397306677,0.523605714899592,-0.0065576297225580955,0.5232512964337621,-0.0257453338592976,0.03714902559281774,0.03714902559281774,0.0,False,False,0.5235987755982988,0.0
3.2893857653049747,0.0009572881119824876,0.5236029754311337,-0.002657377703695718,0.5227054361623762,-0.07612110585449743,0.10742543687200415,0.10742543687200415,0.0,False,False,0.5235987755982988,0.0
3.290343053416957,0.0009616298771415804,0.5236060898299674,0.003253355802418488,0.5234165962800744,0.00578004152108412,-0.003656822097261819,-0.003656822097261819,0.0,False,False,0.5235987755982988,0.0
3.291304683294099,0.0009653596020817592,0.5236081425737912,0.002134650630725641,0.5238501710286592,0.05028952465395186,-0.06487254733122846,-0.06487254733122846,0.0,False,False,0.5235987755982988,0.0
3.2922700428961806,0.0009444531788207243,0.5236065779828677,-0.001620733786730875,0.5231748285287803,-0.024697037226891684,0.03726749192360369,0.03726749192360369,0.0,False,False,0.5235987755982988,0.0
3.2932144960750014,0.0009529355341048184,0.5236071479307829,0.0006034686822116628,0.5240905635599121,0.07473194956743318,-0.0985305227899594,-0.0985305227899594,0.0,False,False,0.5235987755982988,0.0
3.294167431609106,0.00105207113991228,0.5236030827448721,-0.0042659610910211025,0.5230943246054258,-0.03728545838501569,0.053822667933732755,0.053822667933732755,0.0,False,False,0.5235987755982988,0.0
3.2952195027490183,0.0009683191298948619,0.5236029876684095,-9.037075440558161e-05,0.5241443647115386,0.06625003645888392,-0.08932064778897644,-0.08932064778897644,0.0,False,False,0.5235987755982988,0.0
3.296187821878913,0.0010891609869745562,0.5235987383808088,-0.00438831318050033,0.5239846499311837,0.043131009776161966,-0.05870294972332146,-0.05870294972332146,0.0,False,False,0.5235987755982988,0.0
3.297276982865888,0.0010058237467941628,0.5235920348727441,-0.006154744932051679,0.5235388694779928,-0.002110884880445432,0.0036113720220432633,0.0036113720220432633,0.0,False,False,0.5235987755982988,0.0
3.298282806612682,0.0010291207423594516,0.5235878630445253,-0.0041476732200955305,0.5232026843139828,-0.035323660670961744,0.04951803592284314,0.04951803592284314,0.0,False,False,0.5235987755982988,0.0
3.2993119273550415,0.0009587096395784642,0.5235875336148474,-0.0003201078982632195,0.5237197779067072,0.018454859364318496,-0.024323872788533235,-0.024323872788533235,0.0,False,False,0.5235987755982988,0.0
3.30027063699462,0.0009505270603731588,0.5235861983263581,-0.0013927976044244288,0.5240663853032261,0.05276290544737563,-0.07173246122554248,-0.07173246122554248,0.0,False,False,0.5235987755982988,0.0
3.301221164054993,0.0009453471478391579,0.5235820158575132,-0.004400157574947968,0.525381275044013,0.18581931426531176,-0.2550681671412294,-0.2550681671412294,0.0,False,False,0.5235987755982988,0.0
3.302166511202832,0.0009762431564669116,0.5235676354578173,-0.015211766099725002,0.5243874344288598,0.06210768340245597,-0.08872507903304527,-0.08872507903304527,0.0,False,False,0.5235987755982988,0.0
3.3031427543592993,0.0010600673108283906,0.5235522829445274,-0.015726116171130733,0.5244039948490604,0.05759325680769606,-0.0836058546829441,-0.0836058546829441,0.0,False,False,0.5235987755982988,0.0
3.3042028216701276,0.0010250953984296484,0.523535410467306,-0.015916420635751025,0.5262306458067214,0.22414855105738657,-0.31635192502047055,-0.31635192502047055,0.0,False,False,0.5235987755982988,0.0
3.305227917068557,0.001064479611081603,0.523506711993438,-0.027995905465945298,0.5239569707045967,-0.020067621819145703,0.017633634269613275,0.017633634269613275,0.0,False,False,0.5235987755982988,0.0
3.3062923966796385,0.001006404351474317,0.5234840558020752,-0.0212838189918354,0.523906987050616,-0.022756454880233572,0.021759939714570933,0.021759939714570933,0.0,False,False,0.5235987755982988,0.0
3.307298801031113,0.000961482518781985,0.5234686081529083,-0.015349346556658497,0.5240829772044375,-0.002993787047393077,-0.005123084453625128,-0.005123084453625128,0.0,False,False,0.5235987755982988,0.0
3.308260283549895,0.0010245724370562415,0.5234572501180845,-0.011813043505104308,0.5225767612006086,-0.15934998703554878,0.20961624360108266,0.20961624360108266,0.0,False,False,0.5235987755982988,0.0
3.309284855986951,0.0010220745254043574,0.523459539117536,0.0022341021177590733,0.523072161862011,-0.09506304722124372,0.12355470391867317,0.12355470391867317,0.0,False,False,0.5235987755982988,0.0
3.3103069305123554,0.0009923066028642955,0.5234675694381734,0.007856883659535473,0.523025853424364,-0.09008757038847001,0.11841768359699018,0.11841768359699018,0.0,False,False,0.5235987755982988,0.0
3.3112992371152195,0.0010021005144646175,0.5234789565812344,0.011475428086643528,0.5240441063904553,0.02153593930364664,-0.03385908142319248,-0.03385908142319248,0.0,False,False,0.5235987755982988,0.0
3.312301337629684,0.0010456026228106167,0.5234855881297771,0.006617648077169579,0.5233335921505781,-0.05152014690383495,0.06659747834357546,0.06659747834357546,0.0,False,False,0.5235987755982988,0.0
3.3133469402524947,0.0011155170849209274,0.5234940245175321,0.008068445479238382,0.5236146472114277,-0.019488411876279078,0.023100405215215024,0.023100405215215024,0.0,False,False,0.5235987755982988,0.0
3.3144624573374157,0.0009305359985703058,0.5235015634916454,0.006758277587358296,0.5244505466710262,0.057394239908947264,-0.08420496719982958,-0.08420496719982958,0.0,False,False,0.5235987755982988,0.0
3.315392993335986,0.0010110817884554507,0.5235024915737292,0.0009973629018279872,0.5242557326902996,0.0307191421745388,-0.04868819826546013,-0.04868819826546013,0.0,False,False,0.5235987755982988,0.0
3.3164040751244417,0.0009092503653989881,0.5235007016228779,-0.0017703324021693416,0.523359573424243,-0.06098647866179942,0.07748941352716404,0.07748941352716404,0.0,False,False,0.5235987755982988,0.0
3.317313325489841,0.0010355467731588595,0.5235027389033593,0.002240615521299758,0.5229180578827222,-0.10344602316182107,0.136388146674565,0.136388146674565,0.0,False,False,0.5235987755982988,0.0
3.3183488722629995,0.0010921864808936007,0.5235116445731653,0.00859996867058255,0.5245023586722675,0.05989029624624162,-0.08813285082692564,-0.08813285082692564,0.0,False,False,0.5235987755982988,0.0
3.319441058743893,0.0009767274267458714,0.5235128387830124,0.001093412038950364,0.5241881862409635,0.025135809733074947,-0.04077236324765474,-0.04077236324765474,0.0,False,False,0.5235987755982988,0.0
3.320417786170639,0.0010185552570702377,0.5235116451196061,-0.001222104932816819,0.522109921614013,-0.1901561339687748,0.25498673247967374,0.25498673247967374,0.0,False,False,0.5235987755982988,0.0
3.3214363414277095,0.0010111091176392315,0.5235240121612351,0.012141748366794197,0.5232507337962582,-0.05913754632712487,0.07722980802928103,0.07722980802928103,0.0,False,False,0.5235987755982988,0.0
3.3224474505453485,0.0009514770455193542,0.5235368617975518,0.012708456577469713,0.5236813012863094,-0.010640109820737195,0.011282669400693961,0.011282669400693961,0.0,False,False,0.5235987755982988,0.0
3.3233989275908677,0.0009774805362848934,0.523546366818768,0.009989753574161361,0.5242260239625749,0.0476741184766848,-0.06849941272899117,-0.06849941272899117,0.0,False,False,0.5235987755982988,0.0
3.3243764081271525,0.000969395408316019,0.5235501740592446,0.0038949527231919657,0.5243443874399457,0.055015743379833205,-0.07943990520544401,-0.07943990520544401,0.0,False,False,0.5235987755982988,0.0
3.3253458035354684,0.0009794493282517288,0.5235491181910136,-0.0010892028392324423,0.5237968729153477,-0.0069658307498878524,0.004793245192985306,0.004793245192985306,0.0,False,False,0.5235987755982988,0.0
3.32632525286372,0.0009285370566825056,0.523548598623644,-0.0005304688609621311,0.524059323441713,0.020526475063894545,-0.03292163125812915,-0.03292163125812915,0.0,False,False,0.5235987755982988,0.0
3.3272537899204027,0.0010247785288725428,0.5235468258486304,-0.001909212993521891,0.5236027957672904,-0.030692511161781313,0.03675865035228892,0.03675865035228892,0.0,False,False,0.5235987755982988,0.0
3.3282785684492753,0.001002278499267692,0.5235474071712258,0.0005672665644743165,0.5229593606397822,-0.09041098533255867,0.12000265165236929,0.12000265165236929,0.0,False,False,0.5235987755982988,0.0
3.329280846948543,0.001040318026397705,0.5235538300466828,0.006408274208822361,0.5233258338545884,-0.04480587638962448,0.05868000305433653,0.05868000305433653,0.0,False,False,0.5235987755982988,0.0
3.330321164974941,0.0010666203165122347,0.5235616320703064,0.007499652438648741,0.523578205007093,-0.01606625006242358,0.01964977071661377,0.01964977071661377,0.0,False,False,0.5235987755982988,0.0
3.331387785291453,0.0010333229724578427,0.5235682689091424,0.006222306788350103,0.5235380055543951,-0.01822848751600116,0.022968045809468023,0.022968045809468023,0.0,False,False,0.5235987755982988,0.0
3.332421108263911,0.0009307706751195852,0.5235739669398589,0.005514278563819002,0.5219284941664124,-0.17216636710225608,0.2366647062966627,0.2366647062966627,0.0,False,False,0.5235987755982988,0.0
3.3333518789390304,0.0010254871948910298,0.5235879339764621,0.015005883808490151,0.5232410643306458,-0.013930014223520637,0.023154819885979647,0.023154819885979647,0.0,False,False,0.5235987755982988,0.0
3.3343773661339213,0.0010638910744674203,0.5236004679697098,0.012222476604504606,0.5236495166549417,0.027293062730821403,-0.033665014296558486,-0.033665014296558486,0.0,False,False,0.5235987755982988,0.0
3.3354412572083887,0.0010896055661590981,0.523607810168353,0.006901269142443642,0.5233622685295998,-0.0024360118677701874,0.0071803414779070054,0.0071803414779070054,0.0,False,False,0.5235987755982988,0.0
3.3365308627745476,0.0010344158307730594,0.5236133583816137,0.005091946510794266,0.5233979639864164,0.0010835873429903792,0.002314304202295763,0.002314304202295763,0.0,False,False,0.5235987755982988,0.0
3.3375652786053207,0.0010027762423672354,0.5236171274800895,0.0036436975959352547,0.5240429802871825,0.06333083856529283,-0.08399269067825856,-0.08399269067825856,0.0,False,False,0.5235987755982988,0.0
3.338568054847688,0.0009118516140151735,0.523615456467002,-0.0016663867938097113,0.5226738886968992,-0.07953236362065776,0.11208680056998174,0.11208680056998174,0.0,False,False,0.5235987755982988,0.0
3.3394799064617033,0.001055364149510241,0.5236190170788728,0.003904815011593379,0.5221982822291275,-0.12373744561452887,0.17369381538251918,0.17369381538251918,0.0,False,False,0.5235987755982988,0.0
3.3405352706112135,0.0010159595662292313,0.5236315052183719,0.01183301470383898,0.5233276697580679,-0.004349687978580402,0.010099530698453296,0.010099530698453296,0.0,False,False,0.5235987755982988,0.0
3.341551230177443,0.0009163605922656651,0.5236407104390979,0.009060617205609812,0.5243075260509942,0.09253166761428222,-0.12379550928565516,-0.12379550928565516,0.0,False,False,0.5235987755982988,0.0
3.3424675907697083,0.0009401545074788165,0.523641646950058,0.0010219895617440515,0.525114314792112,0.17132121547058798,-0.23286516405334315,-0.23286516405334315,0.0,False,False,0.5235987755982988,0.0
3.343407745277187,0.0009494372323731459,0.5236320420371212,-0.010216313234024667,0.5243145776843726,0.06912466021847515,-0.09583402981149862,-0.09583402981149862,0.0,False,False,0.5235987755982988,0.0
3.3443571825095604,0.0010247850704369404,0.5236206049127788,-0.01204621427555166,0.5223393030679077,-0.14583469390862447,0.19767213823739022,0.19767213823739022,0.0,False,False,0.5235987755982988,0.0
3.345381967579997,0.0009471872161311813,0.5236220846997625,0.0014439974061489294,0.5234193060297178,-0.025862983318110655,0.034266032216191844,0.034266032216191844,0.0,False,False,0.5235987755982988,0.0
3.3463291547961282,0.001005758051867307,0.5236245963888511,0.0026517345735362647,0.5238485521350356,0.022041294184816616,-0.03094553068304136,-0.03094553068304136,0.0,False,False,0.5235987755982988,0.0
3.3473349128479954,0.0010144998216053754,0.5236248874907976,0.0002894353626624706,0.5237798649764281,0.013007772898192216,-0.018868936284158574,-0.018868936284158574,0.0,False,False,0.5235987755982988,0.0
3.348349412669601,0.0010174507166051036,0.5236241195658895,-0.0007569492785936814,0.524094751571882,0.04274560091394918,-0.06022228862123654,-0.06022228862123654,0.0,False,False,0.5235987755982988,0.0
3.349366863386206,0.001005829612960508,0.5236204703854306,-0.003586591860825332,0.5228201942095463,-0.08679864954520158,0.11817284445178745,0.11817284445178745,0.0,False,False,0.5235987755982988,0.0
3.3503726929991666,0.000973414081107744,0.5236239321708072,0.0034417214724896646,0.5236806057060157,0.007423685563576074,-0.010381364615195414,-0.010381364615195414,0.0,False,False,0.5235987755982988,0.0
3.3513461070802744,0.0010400627027520302,0.5236258087100117,0.0019277913079502646,0.5239926095750564,0.0387338499524655,-0.05356963152459593,-0.05356963152459593,0.0,False,False,0.5235987755982988,0.0
3.3523861697830264,0.0009550919822428402,0.5236242843225934,-0.0014656687661351044,0.5243448181562549,0.06872463297963635,-0.09589832561877293,-0.09589832561877293,0.0,False,False,0.5235987755982988,0.0
3.3533412617652694,0.0009846384829126679,0.5236189162748176,-0.005620451093378867,0.5229157945322913,-0.08776940086149147,0.11761694022192484,0.11761694022192484,0.0,False,False,0.5235987755982988,0.0
3.354325900248182,0.0009452162309331178,0.5236206985298437,0.001810060298308022,0.5233194923413809,-0.037992863857763855,0.05061853525383973,0.05061853525383973,0.0,False,False,0.5235987755982988,0.0
3.355271116479115,0.0010596284081805102,0.5236241803444529,0.00368361703410606,0.5212646542999072,-0.251587013410463,0.34391859946360465,0.34391859946360465,0.0,False,False,0.5235987755982988,0.0
3.356330744887295,0.0009391862679736753,0.5236461479078316,0.020731383954112635,0.5231038200323239,-0.052861265525737444,0.07234271881843309,0.07234271881843309,0.0,False,False,0.5235987755982988,0.0
3.357269931155269,0.0010586469014233822,0.5236646262378928,0.019674829894044975,0.5232069879114508,-0.03659032343178174,0.050960566481402084,0.050960566481402084,0.0,False,False,0.5235987755982988,0.0
3.3583285780566925,0.0010504765007598514,0.523683147618094,0.017495333124124192,0.5227933922846015,-0.07199961748649808,0.10089644063034879,0.10089644063034879,0.0,False,False,0.5235987755982988,0.0
3.3593790545574524,0.0010365137623462987,0.5237023560123735,0.018285410730892036,0.5238468798775169,0.03548698486318544,-0.047050258861747685,-0.047050258861747685,0.0,False,False,0.5235987755982988,0.0
3.360415568319799,0.0010050862300483901,0.5237140413546301,0.011273697157831067,0.523665219755098,0.014412216871758615,-0.01849065506849664,-0.01849065506849664,0.0,False,False,0.5235987755982988,0.0
3.3614206545498475,0.001009876177057715,0.5237212973882177,0.007219314493389111,0.5217497613546939,-0.1776055288129622,0.24640889096044377,0.24640889096044377,0.0,False,False,0.5235987755982988,0.0
3.3624305307269053,0.0009686295548826045,0.5237390059531564,0.01753538239733142,0.5239270721345864,0.05575678093284389,-0.07281747477259003,-0.07281747477259003,0.0,False,False,0.5235987755982988,0.0
3.363399160281788,0.0008938697788147315,0.523748541781644,0.009844659849150204,0.5229384261512449,-0.05188536605539449,0.07414872931344456,0.07414872931344456,0.0,False,False,0.5235987755982988,0.0
3.364293030060603,0.0010364869252946546,0.5237580864053825,0.01067786825849573,0.5241819299793053,0.09241782209473237,-0.12139816537179646,-0.12139816537179646,0.0,False,False,0.5235987755982988,0.0
3.3653295169858977,0.0010467939037896701,0.5237594392255088,0.001305197483269115,0.5226408129858257,-0.06551054321289083,0.09585597887998591,0.09585597887998591,0.0,False,False,0.5235987755982988,0.0
3.366376310889687,0.0010088094049296712,0.5237656231648542,0.005907504163940449,0.5237918088095788,0.0509948984606937,-0.0646684759558715,-0.0646684759558715,0.0,False,False,0.5235987755982988,0.0
3.367385120294617,0.000986673950395597,0.5237665150897821,0.0008841362140162108,0.5235194084692832,0.018893247555815593,-0.0212432887446984,-0.0212432887446984,0.0,False,False,0.5235987755982988,0.0
3.3683717942450127,0.0009011008924576105,0.5237660919062234,-0.00042889908924721135,0.5240305981992925,0.06881331026854022,-0.09034877914013532,-0.09034877914013532,0.0,False,False,0.5235987755982988,0.0
3.3692728951374704,0.0010506277230017814,0.5237621431966842,-0.004382094804462068,0.5238709620998487,0.044216304917091664,-0.05795892292840856,-0.05795892292840856,0.0,False,False,0.5235987755982988,0.0
3.370323522860472,0.0009529813505093598,0.5237557881152942,-0.006048842278687799,0.5235331153659313,0.007638019263820156,-0.00798373893396852,-0.00798373893396852,0.0,False,False,0.5235987755982988,0.0
3.3712765042109814,0.001005808901902104,0.5237512826675126,-0.004727739718343928,0.5224106321631473,-0.11091226423263734,0.1544812989118918,0.1544812989118918,0.0,False,False,0.5235987755982988,0.0
3.3722823131128834,0.0009673208742551348,0.5237557693642265,0.004460784454682251,0.5224666622292727,-0.09425039054034828,0.13347850929088734,0.13347850929088734,0.0,False,False,0.5235987755982988,0.0
3.3732496339871387,0.0009615673122232295,0.5237650806941774,0.009625895810472112,0.5232555432168499,-0.00327216592267264,0.010104781973288351,0.010104781973288351,0.0,False,False,0.5235987755982988,0.0
3.374211201299362,0.0010618455909923823,0.5237722868283318,0.007494154660661372,0.523765061266519,0.05004333793687838,-0.06304514755221746,-0.06304514755221746,0.0,False,False,0.5235987755982988,0.0
3.3752730468903542,0.0009792937719033208,0.5237742338446333,0.0018336152808309525,0.5232434373772772,-0.004085265304904752,0.011298406344275012,0.011298406344275012,0.0,False,False,0.5235987755982988,0.0
3.3762523406622575,0.0010133561589538928,0.5237760381596024,0.0018424654795782874,0.5243216384951704,0.10642312592682829,-0.14071928325588315,-0.14071928325588315,0.0,False,False,0.5235987755982988,0.0
3.3772656968212114,0.0010278821162045077,0.52377010649616,-0.005853483387878727,0.5235264402771255,0.017309072572647924,-0.019468851306057303,-0.019468851306057303,0.0,False,False,0.5235987755982988,0.0
3.378293578937416,0.0009313162507820053,0.5237648901745586,-0.005074824748031052,0.5229227577060064,-0.04315255502716067,0.06395138809385664,0.06395138809385664,0.0,False,False,0.5235987755982988,0.0
3.379224895188198,0.0009732974993326799,0.5237642477922753,-0.0006897574082056074,0.5235215629947638,0.02545936535761227,-0.02916141156550485,-0.02916141156550485,0.0,False,False,0.5235987755982988,0.0
3.380198192687531,0.0010042981565386178,0.5237623937709469,-0.0019048865630781598,0.5239594936605338,0.06790796194972643,-0.0879824794599023,-0.0879824794599023,0.0,False,False,0.5235987755982988,0.0
3.3812024908440694,0.0009803167918236402,0.5237566260130071,-0.005743073311700887,0.5240401414146524,0.0691474258516649,-0.09092149571636209,-0.09092149571636209,0.0,False,False,0.5235987755982988,0.0
3.382182807635893,0.0009707492785578077,0.5237482608921654,-0.008533079216299859,0.5253874559148671,0.19966932736482063,-0.2717994385360144,-0.2717994385360144,0.0,False,False,0.5235987755982988,0.0
3.383153556914451,0.0009443580046231822,0.5237294789148973,-0.019347917822886973,0.5231457453958772,-0.0512234034644819,0.06962262780096709,0.06962262780096709,0.0,False,False,0.5235987755982988,0.0
3.3840979149190744,0.0009802825384985568,0.5237183811732886,-0.011751625500450079,0.5236542589445531,0.007746476288250849,-0.010294471778477884,-0.010294471778477884,0.0,False,False,0.5235987755982988,0.0
3.385078197457573,0.00097907236856396,0.5237094569940887,-0.009103680673180322,0.5240813202887683,0.05053695681822413,-0.06933015261031975,-0.06933015261031975,0.0,False,False,0.5235987755982988,0.0
3.386057269826137,0.0010178078910784891,0.5236997068097333,-0.009958594143235517,0.5236792664218026,0.004418485959936901,-0.006751017974992848,-0.006751017974992848,0.0,False,False,0.5235987755982988,0.0
3.3870750777172156,0.0010612527074685626,0.5236921246641287,-0.007449485969848421,0.5232552529169922,-0.03768284558240917,0.05140282296241093,0.05140282296241093,0.0,False,False,0.5235987755982988,0.0
3.3881363304246843,0.0010733387248549385,0.523689553804045,-0.002422476819703483,0.5223375718696771,-0.12038605276754535,0.16716493043624514,0.16716493043624514,0.0,False,False,0.5235987755982988,0.0
3.3892096691495395,0.0011626025218347338,0.5236974271755527,0.007335402445945571,0.5232516399261302,-0.02318625510237253,0.03407194822188178,0.03407194822188178,0.0,False,False,0.5235987755982988,0.0
3.390372271671374,0.0010761823972860708,0.5237053704434858,0.006832316104552986,0.5227683883290591,-0.06243399367574701,0.08986776325721053,0.08986776325721053,0.0,False,False,0.5235987755982988,0.0
3.39144845406866,0.0009982661066813808,0.5237156100478522,0.009514748050413791,0.5222088614742251,-0.10818241802180027,0.1548373558594877,0.1548373558594877,0.0,False,False,0.5235987755982988,0.0
3.392446720175341,0.0010691856396553877,0.5237301376807365,0.01455286600144352,0.5230357769019562,-0.014529006098483802,0.02756878385234693,0.02756878385234693,0.0,False,False,0.5235987755982988,0.0
3.3935159058149966,0.001082274173081802,0.5237429429560871,0.011976662307885475,0.5228291830511997,-0.03239864809434099,0.052731043560992515,0.052731043560992515,0.0,False,False,0.5235987755982988,0.0
3.3945981799880784,0.0010358659850852906,0.5237551686200574,0.011296272492122339,0.5242646184872677,0.10347262119372969,-0.1361523174339153,-0.1361523174339153,0.0,False,False,0.5235987755982988,0.0
3.3956340459731638,0.0009602214253637407,0.5237562235112552,0.0010183664807425618,0.5242807750947422,0.09468507893263836,-0.12589808565514776,-0.12589808565514776,0.0,False,False,0.5235987755982988,0.0
3.3965942673985277,0.0010458977175571327,0.5237511121077667,-0.005323150841491784,0.522962328625578,-0.05208993289171576,0.07396396497903342,0.07396396497903342,0.0,False,False,0.5235987755982988,0.0
3.397640165116085,0.001005032797446569,0.5237513201829317,0.00019894408556101958,0.5235242278623675,0.006843170064882748,-0.006869944831095964,-0.006869944831095964,0.0,False,False,0.5235987755982988,0.0
3.3986451979135315,0.0008688978745062549,0.5237511120775137,-0.00020706331029319333,0.5221294894397692,-0.13261656065365854,0.1855870236379229,0.1855870236379229,0.0,False,False,0.5235987755982988,0.0
3.399514095788038,0.0010215105913448472,0.5237579854402857,0.007910438008583957,0.5233265924525441,0.01841767466391396,-0.017201912973111737,-0.017201912973111737,0.0,False,False,0.5235987755982988,0.0
3.400535606379383,0.001026551394660449,0.5237627807293869,0.0046943116809739175,0.5241109581205429,0.09336078585121689,-0.12125222842185322,-0.12125222842185322,0.0,False,False,0.5235987755982988,0.0
3.4015621577740434,0.001009074288587003,0.5237597336620651,-0.0029682559856442914,0.5244796277769761,0.11993812166997642,-0.1597810852201628,-0.1597810852201628,0.0,False,False,0.5235987755982988,0.0
3.4025712320626305,0.0010103284354625228,0.5237495159706401,-0.010125806930726306,0.5231272650057776,-0.026075830192805724,0.03977818689674959,0.03977818689674959,0.0,False,False,0.5235987755982988,0.0
3.403581560498093,0.0010046299868907268,0.5237442176146996,-0.005244191645532336,0.5246621341431651,0.1284495929578263,-0.17327996535698453,-0.17327996535698453,0.0,False,False,0.5235987755982988,0.0
3.4045861904849835,0.0010000923684749764,0.5237317783443307,-0.012381942139108426,0.5224090876205162,-0.10866166856351069,0.1518083858763001,0.1518083858763001,0.0,False,False,0.5235987755982988,0.0
3.4055862828534584,0.0011006676336627274,0.5237303402216278,-0.0014379898779936836,0.5226415795749043,-0.07454845356273188,0.10668767269637928,0.10668767269637928,0.0,False,False,0.5235987755982988,0.0
3.406686950487121,0.0009191015478582839,0.5237357486081551,0.0049137326853553875,0.5243550454147164,0.08858152817510069,-0.1199106905056382,-0.1199106905056382,0.0,False,False,0.5235987755982988,0.0
3.4076060520349793,0.0010133267422630598,0.5237339627159179,-0.0019430847889744867,0.5251922910978379,0.1708173012760556,-0.2336640405229709,-0.2336640405229709,0.0,False,False,0.5235987755982988,0.0
3.4086193787772423,0.0010150788689473834,0.5237206017317525,-0.013185267503657352,0.5241512023731758,0.05099588401288006,-0.0711387427632419,-0.0711387427632419,0.0,False,False,0.5235987755982988,0.0
3.40963445764619,0.001007291831839755,0.523707179564183,-0.013222782958176946,0.5236719741905265,-0.0013146352145306725,0.00025998759733906465,0.00025998759733906465,0.0,False,False,0.5235987755982988,0.0
3.4106417494780294,0.001035329661588652,0.5236974528029158,-0.009656348795640396,0.521781793599762,-0.18883292035749552,0.2593051804026581,0.2593051804026581,0.0,False,False,0.5235987755982988,0.0
3.411677079139618,0.001031559592910457,0.5237042787447933,0.006593012960706506,0.5219393607410321,-0.15473059740666967,0.2155461843188047,0.2155461843188047,0.0,False,False,0.5235987755982988,0.0
3.4127086387325285,0.0009619412725609404,0.5237204884137834,0.01571374945417516,0.5238334195388991,0.0443536478519416,-0.057447968353134295,-0.057447968353134295,0.0,False,False,0.5235987755982988,0.0
3.4136705800050895,0.0009589562385850985,0.5237292461613607,0.00910424349921201,0.5234167775357359,-0.0033943405879116872,0.0073491738316265095,0.0073491738316265095,0.0,False,False,0.5235987755982988,0.0
3.4146295362436745,0.0009945081986628816,0.5237359297074008,0.006969604838203559,0.5227709064617535,-0.07040637138171406,0.09938929011587248,0.09938929011587248,0.0,False,False,0.5235987755982988,0.0
3.4156240444423376,0.0009778401869494785,0.5237457603511202,0.009884929790080646,0.5238029483162608,0.04040835790521183,-0.052165138409570655,-0.052165138409570655,0.0,False,False,0.5235987755982988,0.0
3.416601884629287,0.0010409551028500307,0.5237502693338951,0.004611165336760394,0.5238507404056618,0.04125503748160068,-0.05404141151045487,-0.05404141151045487,0.0,False,False,0.5235987755982988,0.0
3.417642839732137,0.000964891875428428,0.5237506484608688,0.0003642106875878905,0.5245748067815743,0.10668742090168348,-0.14559346638097906,-0.14559346638097906,0.0,False,False,0.5235987755982988,0.0
3.4186077316075654,0.0009824048657065064,0.5237441193191255,-0.006766708176988486,0.523863327299341,0.022281973139974556,-0.03150029838672953,-0.03150029838672953,0.0,False,False,0.5235987755982988,0.0
3.4195901364732717,0.0009972256364306584,0.5237378654359054,-0.006365891943731824,0.5248098417479249,0.11640045341527737,-0.16147973479160213,-0.16147973479160213,0.0,False,False,0.5235987755982988,0.0
3.4205873621097025,0.0010001263403452297,0.5237253508250109,-0.012549427569128465,0.5237323269318174,-0.00329084700270775,0.0015450923999152984,0.0015450923999152984,0.0,False,False,0.5235987755982988,0.0
3.4215874884500477,0.0010339373651929884,0.5237162659915822,-0.009083685792787684,0.5236156172214742,-0.01463125900851105,0.017254361593056242,0.017254361593056242,0.0,False,False,0.5235987755982988,0.0
3.4226214258152408,0.0009282034036313912,0.5237105632903735,-0.005515519025287618,0.5246393508863291,0.08584498889744144,-0.1217443418614743,-0.1217443418614743,0.0,False,False,0.5235987755982988,0.0
3.423549629218872,0.0009864853687942651,0.5237016087769795,-0.009647145613759619,0.5228477580323377,-0.11575677829600833,0.15242645014250936,0.15242645014250936,0.0,False,False,0.5235987755982988,0.0
3.4245361145876663,0.0009409476229760054,0.5237021628697474,0.0005616837161398561,0.5261582316039406,0.23140153221359794,-0.32375204675786956,-0.32375204675786956,0.0,False,False,0.5235987755982988,0.0
3.4254770622106423,0.001047048816710997,0.523688208024548,-0.014830629100518312,0.5240156819513849,-0.019439887288584895,0.015823550390751884,0.015823550390751884,0.0,False,False,0.5235987755982988,0.0
3.426524111027353,0.0009588578852213279,0.5236777565584801,-0.009981832652875357,0.5240100927759765,-0.01802970131268107,0.01423193237701818,0.01423193237701818,0.0,False,False,0.5235987755982988,0.0
3.4274829689125745,0.0010400617529779587,0.5236714216609812,-0.006606711585241877,0.5241296543427206,-0.0037575667111756916,-0.005046737346181829,-0.005046737346181829,0.0,False,False,0.5235987755982988,0.0
3.4285230306655525,0.0009973456249062966,0.5236663751744205,-0.0048521028162807804,0.5253044857746114,0.10957604352267021,-0.1621940354008311,-0.1621940354008311,0.0,False,False,0.5235987755982988,0.0
3.429520376290459,0.0010441328896718903,0.5236549087098888,-0.011496981833879823,0.5243465018938961,0.0025650894797847046,-0.01653718069649256,-0.01653718069649256,0.0,False,False,0.5235987755982988,0.0
3.430564509180131,0.0009984908802358693,0.5236454473631689,-0.009061439222474741,0.5222447717875469,-0.19898094182100703,0.26314919877874265,0.26314919877874265,0.0,False,False,0.5235987755982988,0.0
3.431563000060367,0.001041006398425373,0.5236520923578072,0.006655037887475044,0.5248768513162284,0.08452291789995678,-0.12443286440268082,-0.12443286440268082,0.0,False,False,0.5235987755982988,0.0
3.432604006458792,0.0010341582164111835,0.5236501619485688,-0.001854368274030944,0.5233526735625638,-0.07034324377307885,0.08884172917092555,0.08884172917092555,0.0,False,False,0.5235987755982988,0.0
3.4336381646752034,0.0009823715866516514,0.5236535961738132,0.0033207928825027804,0.5237471066153763,-0.025168425363697594,0.027532152129042975,0.027532152129042975,0.0,False,False,0.5235987755982988,0.0
3.434620536261855,0.0009966369555549576,0.5236572214235802,0.0036903039706818273,0.5225408617343965,-0.14544064730863698,0.19357122632060586,0.19357122632060586,0.0,False,False,0.5235987755982988,0.0
3.43561717321741,0.0009959969489412106,0.523669410881347,0.0122305897838677,0.524128608768692,0.028413889048420155,-0.043633663925182406,-0.043633663925182406,0.0,False,False,0.5235987755982988,0.0
3.436613170166351,0.001068170414992711,0.5236761346487936,0.006750791208542925,0.5231077033475676,-0.07692835813813623,0.10115333027892498,0.10115333027892498,0.0,False,False,0.5235987755982988,0.0
3.437681340581344,0.0010885651794494873,0.5236868587339103,0.010039676222263715,0.5237742732335862,-0.006832568950717842,0.005040125305689161,0.005040125305689161,0.0,False,False,0.5235987755982988,0.0
3.4387699057607937,0.001030403724129001,0.5236947419460801,0.0072418375294708535,0.5234468187938208,-0.03623060125607237,0.04621194398789072,0.04621194398789072,0.0,False,False,0.5235987755982988,0.0
3.4398003094849225,0.0010115932672758992,0.5237024155636277,0.007447195082769804,0.5253823061402944,0.1552302258680572,-0.2183798207975883,-0.2183798207975883,0.0,False,False,0.5235987755982988,0.0
3.4408119027521984,0.0009646514903501115,0.523696558835074,-0.005789608079792385,0.5254264072785296,0.14406677541976862,-0.20577750074787696,-0.20577750074787696,0.0,False,False,0.5235987755982988,0.0
3.4417765542425487,0.0009565134491900498,0.5236829936697761,-0.014062244690082597,0.5237235840680655,-0.04686201684429156,0.05398786775734924,0.05398786775734924,0.0,False,False,0.5235987755982988,0.0
3.442733067691739,0.0010031098055178083,0.5236753926359179,-0.007946604268531918,0.5237312237214817,-0.04137711719877437,0.047268474421236766,0.047268474421236766,0.0,False,False,0.5235987755982988,0.0
3.443736177497257,0.0010637586011217654,0.5236721115388726,-0.00327092510431032,0.523346221072312,-0.07562031323714594,0.09529035735233798,0.09529035735233798,0.0,False,False,0.5235987755982988,0.0
3.4447999360983785,0.0009107538714467041,0.5236751389148923,0.002845923893323138,0.524640311481617,0.05359435694094805,-0.08306087422886588,-0.08306087422886588,0.0,False,False,0.5235987755982988,0.0
3.4457106899698253,0.0010480354122392938,0.5236735731292533,-0.0017192193061675689,0.5233865363936259,-0.08942851640613192,0.11113452537147137,0.11113452537147137,0.0,False,False,0.5235987755982988,0.0
3.4467587253820646,0.0010406374273784825,0.5236784473817574,0.004650847144233531,0.5233107612465601,-0.0877158734188598,0.11044330643392929,0.11044330643392929,0.0,False,False,0.5235987755982988,0.0
3.447799362809443,0.0010245654395350237,0.5236877628807227,0.00895172393401292,0.5245417462560964,0.03934715502921092,-0.06419005787540957,-0.06419005787540957,0.0,False,False,0.5235987755982988,0.0
3.448823928248978,0.0009819303767694535,0.5236908830130106,0.0030453225997238136,0.5232211284343214,-0.09348297025585961,0.11897721325862416,0.11897721325862416,0.0,False,False,0.5235987755982988,0.0
3.4498058586257474,0.0009796341715326618,0.5236987232452108,0.00798450927446309,0.5236657757621943,-0.03885169407081962,0.04541602993486469,0.04541602993486469,0.0,False,False,0.5235987755982988,0.0
3.45078549279728,0.000969670567419632,0.5237065097763249,0.007948407007872988,0.5223265557945923,-0.1716726550253152,0.2289071424970954,0.2289071424970954,0.0,False,False,0.5235987755982988,0.0
3.4517551633647,0.0008555344195818352,0.5237228177987495,0.016818106037746236,0.5243373398029072,0.05286235740860379,-0.07672898457327544,-0.07672898457327544,0.0,False,False,0.5235987755982988,0.0
3.452610697784282,0.0010120557258583398,0.5237313350531566,0.00995547836786909,0.5254250609747481,0.17471550343247857,-0.24253174089506066,-0.24253174089506066,0.0,False,False,0.5235987755982988,0.0
3.4536227535101403,0.001082055684714905,0.5237261198352472,-0.005153093625348848,0.5243555077054612,0.05156269049079906,-0.07549640651788257,-0.07549640651788257,0.0,False,False,0.5235987755982988,0.0
3.454704809194855,0.0010162610383992134,0.5237179193306606,-0.007578634540213326,0.5249935797544912,0.10537492537764256,-0.15155638526463464,-0.15155638526463464,0.0,False,False,0.5235987755982988,0.0
3.4557210702332544,0.0009562070191337248,0.5237046643437937,-0.013042895836842965,0.5229663009395711,-0.10464663063592575,0.1369605006202101,0.1369605006202101,0.0,False,False,0.5235987755982988,0.0
3.456677277252388,0.0010003840207221204,0.5237016457925553,-0.003156796779311551,0.5239078776337455,0.004287995033400965,-0.010709430678120878,-0.010709430678120878,0.0,False,False,0.5235987755982988,0.0
3.4576776612731104,0.0010764895939569395,0.5236989045110003,-0.002740229250125332,0.522875842208345,-0.09930472992483153,0.13217847692896573,0.13217847692896573,0.0,False,False,0.5235987755982988,0.0
3.458754150867067,0.0009450629280368222,0.5237045727240054,0.005265460100017511,0.5235058097893556,-0.030853711583191418,0.03869783846080813,0.03869783846080813,0.0,False,False,0.5235987755982988,0.0
3.459699213795104,0.0009596973250019647,0.5237098791141339,0.005614853753206008,0.5243837607542085,0.06513033740990921,-0.09228613769826448,-0.09228613769826448,0.0,False,False,0.5235987755982988,0.0
3.460658911120106,0.0010194222612997768,0.5237094852223539,-0.00041043334157350644,0.5237983404696065,-0.0023832086124676854,-0.0007323173485769829,-0.0007323173485769829,0.0,False,False,0.5235987755982988,0.0
3.4616783333814056,0.0010358664713228118,0.5237091584130045,-0.00032058290453881064,0.5224763965633479,-0.13182068123184587,0.1783876401073319,0.1783876401073319,0.0,False,False,0.5235987755982988,0.0
3.4627141998527287,0.0010082058712437697,0.523718501565999,0.009019649977297584,0.5225709221834395,-0.10951334236108212,0.1499173723007666,0.1499173723007666,0.0,False,False,0.5235987755982988,0.0
3.4637224057239724,0.0009311315721219679,0.5237325999179704,0.0139836043148635,0.5225273070122552,-0.10288802649366528,0.14275206634118254,0.14275206634118254,0.0,False,False,0.5235987755982988,0.0
3.4646535372960945,0.00097212976209371,0.5237486191081664,0.017204002823696066,0.5241774923987613,0.08462442917236851,-0.11196621741516737,-0.11196621741516737,0.0,False,False,0.5235987755982988,0.0
3.4656256670581884,0.0009636666820459826,0.5237560394737029,0.007633101902420829,0.5255571272267593,0.21808077958850292,-0.29694726481849204,-0.29694726481849204,0.0,False,False,0.5235987755982988,0.0
3.4665893337402345,0.0009368386404718465,0.5237475498488837,-0.008809710844361465,0.5249365189628209,0.1318719834663178,-0.1823257607209788,-0.1823257607209788,0.0,False,False,0.5235987755982988,0.0
3.4675261723807065,0.0009170121643130727,0.5237335068079539,-0.014989818228199277,0.522078947593245,-0.1863380060129079,0.25096251130645775,0.25096251130645775,0.0,False,False,0.5235987755982988,0.0
3.4684431845450194,0.0009757167080736292,0.5237335663341731,6.491322747890355e-05,0.5249736890361824,0.14796679172349303,-0.20230859195009535,-0.20230859195009535,0.0,False,False,0.5235987755982988,0.0
3.469418901253093,0.0009573838440292864,0.523723980761709,-0.00982413479729851,0.5245411442814066,0.08883913500442323,-0.12356959830124861,-0.12356959830124861,0.0,False,False,0.5235987755982988,0.0
3.4703762850971223,0.0009703267085194985,0.5237114514465979,-0.013087034201831223,0.5223629228475797,-0.14756286827906775,0.19932079144782575,0.19932079144782575,0.0,False,False,0.5235987755982988,0.0
3.4713466118056417,0.0009257431569828189,0.5237114313880404,-2.0671962632501373e-05,0.5234468380625921,-0.021100368946076017,0.028055318378012676,0.028055318378012676,0.0,False,False,0.5235987755982988,0.0
3.4722723549626244,0.0010050515659733807,0.5237126198076815,0.0012837466116903578,0.524668643463181,0.1129907030091657,-0.15484646517887785,-0.15484646517887785,0.0,False,False,0.5235987755982988,0.0
3.473277406528598,0.001001274117306582,0.5237056956182973,-0.006889387190328749,0.5241860394722535,0.05367379887102898,-0.07497930837641921,-0.07497930837641921,0.0,False,False,0.5235987755982988,0.0
3.4742786806459045,0.0009457062051182687,0.5236970603969432,-0.00862423306945759,0.5225546594526563,-0.1146239905212721,0.1563428792470912,0.1563428792470912,0.0,False,False,0.5235987755982988,0.0
3.4752243868510226,0.0009762115064065486,0.5236981070521741,0.001106744594925076,0.5242310801271427,0.07410494917671208,-0.10030742053124443,-0.10030742053124443,0.0,False,False,0.5235987755982988,0.0
3.4762005983574293,0.0009707122278913981,0.5236940875651619,-0.004117434578341068,0.5218287664069146,-0.17939091806678858,0.24712926712506295,0.24712926712506295,0.0,False,False,0.5235987755982988,0.0
3.477171310585321,0.0010674209086417466,0.5237028972819933,0.009075518550478816,0.5235084482513223,0.011584197820511927,-0.012275145139036237,-0.012275145139036237,0.0,False,False,0.5235987755982988,0.0
3.4782387314939625,0.0010161383416471847,0.523708938587537,0.005659721947321762,0.5247019932061064,0.12224155240837899,-0.16654777983059207,-0.16654777983059207,0.0,False,False,0.5235987755982988,0.0
3.47925486983561,0.0010396003171784208,0.5237043601186706,-0.00450575347733485,0.5237204120999227,0.013418236801977998,-0.01829134119160361,-0.01829134119160361,0.0,False,False,0.5235987755982988,0.0
3.480294470152788,0.0010471485097611425,0.5237001436582881,-0.004055847533766892,0.5232647385078546,-0.031755200291425575,0.044118907977706595,0.044118907977706595,0.0,False,False,0.5235987755982988,0.0
3.481341618662549,0.0010488790693261832,0.5236996494379456,-0.000471967765780415,0.5244757504538757,0.08706885809999468,-0.12026817712037813,-0.12026817712037813,0.0,False,False,0.5235987755982988,0.0
3.4823904977318754,0.0010211726965752776,0.5236926965835521,-0.006628842730120271,0.5245433280117047,0.08480480824746627,-0.11876771333826486,-0.11876771333826486,0.0,False,False,0.5235987755982988,0.0
3.483411670428451,0.0008724019140318015,0.5236817635420316,-0.010706359029364758,0.5248249888406488,0.10390642297704723,-0.14675954593475576,-0.14675954593475576,0.0,False,False,0.5235987755982988,0.0
3.4842840723424824,0.0010006619041096087,0.5236691060756531,-0.014508755855385962,0.5244321137839667,0.04848205822149137,-0.0731785572078116,-0.0731785572078116,0.0,False,False,0.5235987755982988,0.0
3.485284734246592,0.0010147312110753523,0.5236547085812092,-0.014387970986744474,0.5245983861113231,0.06025008678116294,-0.09029309337183346,-0.09029309337183346,0.0,False,False,0.5235987755982988,0.0
3.4862994654576673,0.0009553510538269109,0.5236393282813349,-0.015157018633557496,0.5242789116535012,0.022741424665065915,-0.039532158591721225,-0.039532158591721225,0.0,False,False,0.5235987755982988,0.0
3.487254816511494,0.0010470685410990648,0.5236266030084874,-0.013319996661470407,0.5238583204677602,-0.023557496342921806,0.023597187961202106,0.023597187961202106,0.0,False,False,0.5235987755982988,0.0
3.4883018850525933,0.0009890147978386802,0.5236178387300202,-0.008370300628057957,0.5236959500678224,-0.036708888176874226,0.04230152536082391,0.04230152536082391,0.0,False,False,0.5235987755982988,0.0
3.489290899850432,0.0009820157643828486,0.5236139841902065,-0.0038973530245352238,0.5234069360261763,-0.06226041769688536,0.0781656135344682,0.0781656135344682,0.0,False,False,0.5235987755982988,0.0
3.4902729156148147,0.0011085150724056275,0.5236150544026613,0.0010898118885429792,0.5225570634796275,-0.14257805245186905,0.18984448107832666,0.18984448107832666,0.0,False,False,0.5235987755982988,0.0
3.49138143068722,0.000985023524329978,0.523627519864646,0.011245189438476185,0.5227938533040909,-0.10695925443736097,0.14283970662057574,0.14283970662057574,0.0,False,False,0.5235987755982988,0.0
3.4923664542115502,0.001031505158538517,0.523642515656885,0.015223790974160387,0.5233964115944812,-0.03509135944089575,0.04575218339779112,0.04575218339779112,0.0,False,False,0.5235987755982988,0.0
3.4933979593700886,0.001112973955440727,0.5236564911898367,0.013548679651263593,0.5238671979483923,0.014058493858218897,-0.021701794931545677,-0.021701794931545677,0.0,False,False,0.5235987755982988,0.0
3.4945109333255293,0.0010476687997456715,0.5236657753607894,0.00834176838306895,0.5249231215477588,0.10752670636797154,-0.1528702747318451,-0.1528702747318451,0.0,False,False,0.5235987755982988,0.0
3.495558602125275,0.0009579212145338461,0.5236634906743911,-0.0021807334520846135,0.5236270157121594,-0.026939282439033346,0.03181881687734921,0.03181881687734921,0.0,False,False,0.5235987755982988,0.0
3.4965165233398086,0.000918594955555594,0.5236634675289508,-2.41621544869613e-05,0.5245391657910266,0.070976472509169,-0.10209879048010204,-0.10209879048010204,0.0,False,False,0.5235987755982988,0.0
3.497435118295364,0.0009133233064226009,0.5236591438986131,-0.004706786501992837,0.5246010244922663,0.0706128815325264,-0.10277593793044658,-0.10277593793044658,0.0,False,False,0.5235987755982988,0.0
3.4983484416017867,0.001022491274835743,0.523651730798756,-0.008116621797506421,0.5234497553656127,-0.06250115470651108,0.07768374983616395,0.07768374983616395,0.0,False,False,0.5235987755982988,0.0
3.4993709328766225,0.0010229346728725596,0.5236499410615622,-0.0017503691600332556,0.5241689061724517,0.014082158174999963,-0.027160940144752045,-0.027160940144752045,0.0,False,False,0.5235987755982988,0.0
3.500393867549495,0.0009804286986262168,0.5236472848953375,-0.002596613738024357,0.5234347665878859,-0.05909404088078728,0.07386501124437717,0.07386501124437717,0.0,False,False,0.5235987755982988,0.0
3.5013742962481214,0.0010109543972953755,0.5236490437983595,0.0017940142149259729,0.524802825023883,0.08635212278134405,-0.12529543699812778,-0.12529543699812778,0.0,False,False,0.5235987755982988,0.0
3.5023852506454167,0.0009925218792668964,0.5236438987638811,-0.005089284434822601,0.5241987767528616,0.01796661191037882,-0.03235995507458541,-0.03235995507458541,0.0,False,False,0.5235987755982988,0.0
3.5033777725246837,0.000995600003813993,0.5236387460944306,-0.0051914920547654645,0.5225998530338898,-0.14492712455650733,0.19189315562717138,0.19189315562717138,0.0,False,False,0.5235987755982988,0.0
3.5043733725284976,0.0010711791079309467,0.5236446184484873,0.005898306583169261,0.5237855752986484,-0.011338162581337047,0.010243400491311172,0.010243400491311172,0.0,False,False,0.5235987755982988,0.0
3.5054445516364283,0.000969601646217757,0.5236495237228782,0.004579322313685399,0.5250877729061776,0.11136240174794075,-0.16043683363934674,-0.16043683363934674,0.0,False,False,0.5235987755982988,0.0
3.506414153282646,0.0009472798416708688,0.5236451356305921,-0.004525665053510448,0.5234869817176103,-0.06487165924962765,0.07985828095194605,0.07985828095194605,0.0,False,False,0.5235987755982988,0.0
3.507361433124317,0.001015150399664919,0.5236456457412693,0.0005385005092467558,0.5240363508105604,-0.00039011101192574366,-0.007408220606398277,-0.007408220606398277,0.0,False,False,0.5235987755982988,0.0
3.5083765835239817,0.0011021941206524437,0.5236456420185955,-3.6671154676022263e-06,0.5241220111703709,0.00808709405922211,-0.019122753168364738,-0.019122753168364738,0.0,False,False,0.5235987755982988,0.0
3.509478777644634,0.0009587265672052083,0.5236444777845121,-0.0010562876916992898,0.5227398536499125,-0.11812216816767511,0.157207196872164,0.157207196872164,0.0,False,False,0.5235987755982988,0.0
3.5104375042118394,0.0009914261543515234,0.5236509848765198,0.006787224043141965,0.524096661638014,0.03521194180542814,-0.051216278881387974,-0.051216278881387974,0.0,False,False,0.5235987755982988,0.0
3.5114289303661907,0.0009781177610243047,0.5236532421805691,0.0022768251970079175,0.522436891548917,-0.13572162916304015,0.1837798678845202,0.1837798678845202,0.0,False,False,0.5235987755982988,0.0
3.512407048127215,0.0010220970245097903,0.5236636010395713,0.010590605155202874,0.5231176410127437,-0.05255156188869799,0.07172229680642936,0.07172229680642936,0.0,False,False,0.5235987755982988,0.0
3.5134291451517248,0.0009937720431770684,0.5236750875980484,0.01123822709741952,0.5246138329791532,0.09908812830535385,-0.13717678682180362,-0.13717678682180362,0.0,False,False,0.5235987755982988,0.0
3.514422917194902,0.0010175028683755921,0.5236764193530209,0.0013401010641388988,0.523987747947675,0.02617844562979582,-0.03841563704452626,-0.03841563704452626,0.0,False,False,0.5235987755982988,0.0
3.5154404200632774,0.0009581438732351461,0.5236753731462803,-0.0010282101142332378,0.5234096661340588,-0.0332531762288753,0.04330778183097037,0.04330778183097037,0.0,False,False,0.5235987755982988,0.0
3.5163985639365127,0.0009926642508015775,0.5236766625940051,0.0013457767260514506,0.5240662733341324,0.038601223342480825,-0.05473642725598078,-0.05473642725598078,0.0,False,False,0.5235987755982988,0.0
3.5173912281873143,0.0009163812526221624,0.5236748991466335,-0.0017764791774047069,0.5236224587677208,-0.009968332826332645,0.011535702342002659,0.011535702342002659,0.0,False,False,0.5235987755982988,0.0
3.5183076094399364,0.0008958054010589908,0.5236742079082822,-0.0007543130647945887,0.5236851847223327,-0.0021265368786089287,0.0009964800217204463,0.0009964800217204463,0.0,False,False,0.5235987755982988,0.0
3.5192034148409954,0.0009810176258220665,0.5236737561013629,-0.0005043583335824081,0.5242469383953311,0.06079545885321498,-0.08462148097043903,-0.08462148097043903,0.0,False,False,0.5235987755982988,0.0
3.5201844324668174,0.0010116570381900507,0.523669336878354,-0.004504733546670887,0.5230345887809893,-0.06886490580953514,0.09279324968301352,0.09279324968301352,0.0,False,False,0.5235987755982988,0.0
3.5211960895050076,0.0009623966659554108,0.5236709067235992,0.001551756361917683,0.5237061068778667,0.004399623131017556,-0.007211510789442496,-0.007211510789442496,0.0,False,False,0.5235987755982988,0.0
3.522158486170963,0.0010629655521518513,0.5236716301007289,0.0007516413504879475,0.5233991246934717,-0.0279380166423652,0.037119336257725996,0.037119336257725996,0.0,False,False,0.5235987755982988,0.0
3.523221451723115,0.0009883583834803958,0.5236742680584999,0.0024816963877147503,0.5222905680826245,-0.12943325883312884,0.17886764588189177,0.17886764588189177,0.0,False,False,0.5235987755982988,0.0
3.524209810106595,0.0009745058761677137,0.5236847239649787,0.010579063883638645,0.5228814747867044,-0.05670324889305769,0.08095531328036805,0.08095531328036805,0.0,False,False,0.5235987755982988,0.0
3.525184315982763,0.0010276235711247147,0.5236960760215449,0.01164903859872474,0.5250645943141582,0.17299030467486512,-0.23397310249530698,-0.23397310249530698,0.0,False,False,0.5235987755982988,0.0
3.5262119395538876,0.0010107159800461047,0.5236923208257219,-0.003654252323972469,0.5240280552531569,0.05482369096706374,-0.07351546294792159,-0.07351546294792159,0.0,False,False,0.5235987755982988,0.0
3.527222655533934,0.0009492578944365017,0.523685994971136,-0.006258785564747063,0.5225309462811193,-0.09878228571021083,0.13775967056148444,0.13775967056148444,0.0,False,False,0.5235987755982988,0.0
3.52817191342837,0.000941705338007494,0.5236879217956483,0.002029821952094179,0.5223437090203454,-0.10862865062123832,0.1529455791486468,0.1529455791486468,0.0,False,False,0.5235987755982988,0.0
3.529113618766378,0.0011571367070060882,0.5236960695921925,0.008652171985641562,0.5235981881242521,0.035447763655857986,-0.04252674185418821,-0.04252674185418821,0.0,False,False,0.5235987755982988,0.0
3.530270755473384,0.0010553459710541048,0.523699914143814,0.0033224696773176358,0.5250623064059002,0.15843240017497293,-0.21646243474679308,-0.21646243474679308,0.0,False,False,0.5235987755982988,0.0
3.531326101444438,0.0009842305717478858,0.5236902513651776,-0.00915602930363942,0.5235272741473166,-0.002863828785138023,0.004723620659845685,0.004723620659845685,0.0,False,False,0.5235987755982988,0.0
3.532310332016186,0.0010362144727185385,0.5236839933264061,-0.006358305615573859,0.524824565602856,0.1292302313569985,-0.17714049771042664,-0.17714049771042664,0.0,False,False,0.5235987755982988,0.0
3.5333465464889047,0.0010130894037861861,0.5236699037496982,-0.013597162632727889,0.5239770212841915,0.03451484370810583,-0.048226234795796144,-0.048226234795796144,0.0,False,False,0.5235987755982988,0.0
3.5343596358926908,0.0010917579615789593,0.5236573516480518,-0.01238992491635401,0.5240685952525989,0.04010244000135844,-0.05657968177903086,-0.05657968177903086,0.0,False,False,0.5235987755982988,0.0
3.5354513938542698,0.001011200038363362,0.523644450899554,-0.011816491339433516,0.522478814860865,-0.10952436441612723,0.15158853057316127,0.15158853057316127,0.0,False,False,0.5235987755982988,0.0
3.536462593892633,0.0010182421961063657,0.5236435551782154,-0.0008858003408803144,0.5244616982680879,0.09752017368641648,-0.13255681647990258,-0.13255681647990258,0.0,False,False,0.5235987755982988,0.0
3.5374808360887395,0.0010963644942124321,0.5236360603773027,-0.007360528704611483,0.5233437770362609,-0.022021168471726416,0.031015376282754303,0.031015376282754303,0.0,False,False,0.5235987755982988,0.0
3.538577200582952,0.0009319344718326353,0.5236324305540772,-0.0033107814460279113,0.5243856208073084,0.07520808365274731,-0.10441291414546999,-0.10441291414546999,0.0,False,False,0.5235987755982988,0.0
3.539509135054785,0.0010641331144429682,0.5236256773157018,-0.007246473415814843,0.5229151799728737,-0.0900964400785987,0.12042044935196991,0.12042044935196991,0.0,False,False,0.5235987755982988,0.0
3.540573268169228,0.0009220365916658183,0.5236271763818787,0.0014087205413010366,0.5237816810845065,0.000341091086626541,-0.0037016080556903806,-0.0037016080556903806,0.0,False,False,0.5235987755982988,0.0
3.5414953047608937,0.001055018534076253,0.5236279544421232,0.0008438496384153844,0.523935134968271,0.016949909726339977,-0.026394360331108074,-0.026394360331108074,0.0,False,False,0.5235987755982988,0.0
3.5425503232949698,0.0009085940192192145,0.5236270904208058,-0.000818963164558968,0.523492670994205,-0.02668405765047715,0.03393075205426045,0.03393075205426045,0.0,False,False,0.5235987755982988,0.0
3.543458917314189,0.0009826901135672993,0.5236279522985553,0.0009485840004534777,0.5239809845781788,0.02972821761454206,-0.04255362277528957,-0.04255362277528957,0.0,False,False,0.5235987755982988,0.0
3.544441607427756,0.0009938621217967867,0.5236265515370766,-0.0014254356071399655,0.523394076233087,-0.03296926576594768,0.04324770749295025,0.04324770749295025,0.0,False,False,0.5235987755982988,0.0
3.545435469549553,0.0010164701639505526,0.5236276980880471,0.001153631822069116,0.5230612866014095,-0.06315682605920597,0.08546299321505499,0.08546299321505499,0.0,False,False,0.5235987755982988,0.0
3.5464519397135033,0.0010056114152040899,0.5236329238326854,0.005141070366505858,0.525033972388476,0.1372310346615772,-0.19051078381708278,-0.19051078381708278,0.0,False,False,0.5235987755982988,0.0
3.547457551128707,0.0009828835771836973,0.52362691400289,-0.00597629432661503,0.5245422980637019,0.07461485805201612,-0.10652123403967477,-0.10652123403967477,0.0,False,False,0.5235987755982988,0.0
3.548440434705891,0.000896521954452956,0.5236176000628738,-0.009476137593837225,0.5229536203147019,-0.09448100499571395,0.12499000109960051,0.12499000109960051,0.0,False,False,0.5235987755982988,0.0
3.549336956660344,0.0010757283077249447,0.5236162860382474,-0.0014656915203492028,0.5241123472755893,0.04421400966274226,-0.06230110178651957,-0.06230110178651957,0.0,False,False,0.5235987755982988,0.0
3.550412684968069,0.0009852935872773241,0.5236116193385271,-0.004338176923317925,0.5229635097735533,-0.0670036421585137,0.09183915543563527,0.09183915543563527,0.0,False,False,0.5235987755982988,0.0
3.5513979785553462,0.001005746338570713,0.5236130637012841,0.0014659211992036365,0.522579231319798,-0.0993046942430778,0.13751743010470807,0.13751743010470807,0.0,False,False,0.5235987755982988,0.0
3.552403724893917,0.0009480792728576784,0.523621043185434,0.00793389331267725,0.5245232121149648,0.10391315994361536,-0.14133564923232572,-0.14133564923232572,0.0,False,False,0.5235987755982988,0.0
3.5533518041667747,0.001043205335606887,0.5236201507709677,-0.0009412867592898284,0.5221330433084902,-0.1585845858506708,0.21668468423736012,0.21668468423736012,0.0,False,False,0.5235987755982988,0.0
3.5543950095023815,0.0009355122975072219,0.5236312706526801,0.010659341294444893,0.5244401050218547,0.07842512978987698,-0.10925408537185784,-0.10925408537185784,0.0,False,False,0.5235987755982988,0.0
3.5553305217998887,0.000988995766507584,0.5236338637377447,0.0027718342895513264,0.5234133219153619,-0.03917362148001442,0.05034651206888107,0.05034651206888107,0.0,False,False,0.5235987755982988,0.0
3.556319517566396,0.0009507001765957116,0.5236382482713956,0.004433318927579389,0.5234536390341373,-0.031179687910705373,0.04002808364775318,0.04002808364775318,0.0,False,False,0.5235987755982988,0.0
3.557270217742992,0.00102141732943053,0.5236430731494508,0.005075078530548416,0.5240006485442752,0.02947582253693741,-0.0426047000718997,-0.0426047000718997,0.0,False,False,0.5235987755982988,0.0
3.5582916350724227,0.0009915834659295912,0.5236444580825901,0.0013558935211207732,0.5241516497264891,0.04131173551707548,-0.05952581692791548,-0.05952581692791548,0.0,False,False,0.5235987755982988,0.0
3.5592832185383525,0.001027029262569612,0.5236424714918476,-0.0020034528718019303,0.5229213510324949,-0.0868935816913918,0.1164659402141401,0.1164659402141401,0.0,False,False,0.5235987755982988,0.0
3.5603102478009223,0.0009912194061316324,0.5236471965442849,0.004600698937762153,0.5242735302942134,0.05345504958700198,-0.07629164403086523,-0.07629164403086523,0.0,False,False,0.5235987755982988,0.0
3.5613014672070538,0.0009433420432325307,0.5236466582234035,-0.0005430895299891117,0.5237455926815684,-0.0051518836063785545,0.0035395528288018393,0.0035395528288018393,0.0,False,False,0.5235987755982988,0.0
3.562244809250286,0.0010804720439540412,0.5236464502808068,-0.00022043181281098702,0.5225503356947567,-0.13134121301703638,0.1764813738842012,0.1764813738842012,0.0,False,False,0.5235987755982988,0.0
3.56332528129424,0.000993326743404705,0.5236565917304002,0.00938612863721504,0.5235083482777206,-0.029540976907029837,0.03707686405884303,0.03707686405884303,0.0,False,False,0.5235987755982988,0.0
3.5643186080376448,0.001017486967543606,0.5236651164575581,0.008581997026066296,0.5248705097930686,0.11054438442800471,-0.15554447681946168,-0.15554447681946168,0.0,False,False,0.5235987755982988,0.0
3.5653360950051884,0.0009972081033625946,0.5236632483353656,-0.0018360158430088605,0.5251263533079255,0.12463459383013034,-0.17705791136943588,-0.17705791136943588,0.0,False,False,0.5235987755982988,0.0
3.566333303108551,0.0009479929659075047,0.5236531674167484,-0.010109142297538183,0.5242791720402171,0.02721582122296408,-0.04490612142208642,-0.04490612142208642,0.0,False,False,0.5235987755982988,0.0
3.567281296074458,0.0010455207218855037,0.5236441174107868,-0.009546490625039317,0.5226053467558761,-0.15207091955941535,0.2003668226349071,0.2003668226349071,0.0,False,False,0.5235987755982988,0.0
3.568326816796344,0.0009672428505455991,0.523648041983042,0.003753701072713925,0.5240761772720853,0.0038154038475019247,-0.01317171474515958,-0.01317171474515958,0.0,False,False,0.5235987755982988,0.0
3.5692940596468894,0.001033363536019403,0.5236500011870816,0.0020255554625271295,0.5243925173995235,0.03613921013548827,-0.057654404584630746,-0.057654404584630746,0.0,False,False,0.5235987755982988,0.0
3.570327423182909,0.001007269751503506,0.5236483607044893,-0.0015875173984566853,0.5242816603903353,0.021797505014590803,-0.03844893227416572,-0.03844893227416572,0.0,False,False,0.5235987755982988,0.0
3.5713346929344123,0.0010165742498073223,0.5236452997819729,-0.0030388309702833165,0.5243303016227356,0.02444677199605847,-0.042503594835132996,-0.042503594835132996,0.0,False,False,0.5235987755982988,0.0
3.5723512671842195,0.0009634894940463845,0.5236409618720576,-0.004267184533001044,0.5239579687112477,-0.014624143922317,0.011083496673701055,0.011083496673701055,0.0,False,False,0.5235987755982988,0.0
3.5733147566782657,0.000890423720920949,0.5236385514502622,-0.0025017624065807507,0.5235753597636791,-0.05287248402536638,0.06386846585359485,0.06386846585359485,0.0,False,False,0.5235987755982988,0.0
3.5742051803991868,0.0010133021333143968,0.5236394556511845,0.0010154726352167866,0.5231085548579026,-0.10001026595486462,0.12883629247296868,0.12883629247296868,0.0,False,False,0.5235987755982988,0.0
3.575218482532501,0.0009873255816878286,0.5236467822633865,0.00723043203114726,0.5219905210739666,-0.20034491784838743,0.26936248285604486,0.26936248285604486,0.0,False,False,0.5235987755982988,0.0
3.5762058081141888,0.0009472098110989946,0.5236649947998245,0.018446332978591343,0.5239613881551465,0.019306308044636233,-0.029694595676821423,-0.029694595676821423,0.0,False,False,0.5235987755982988,0.0
3.577153017925288,0.0009819851034088515,0.5236771554688585,0.012838411185711112,0.52383951720408,0.004509367195819588,-0.009744589539043957,-0.009744589539043957,0.0,False,False,0.5235987755982988,0.0
3.578135003028697,0.0010911473070818792,0.5236859673087416,0.008973496494550273,0.5241725440230854,0.037972062958993545,-0.0558943071969515,-0.0558943071969515,0.0,False,False,0.5235987755982988,0.0
3.5792261503357787,0.0010307380057057362,0.5236893824867987,0.0031298964264539356,0.5225221554199364,-0.11707773704606925,0.15987244766580644,0.15987244766580644,0.0,False,False,0.5235987755982988,0.0
3.5802568883414843,0.001023926444219632,0.5237000983645482,0.01039631573707728,0.5242629816124913,0.0635212760344412,-0.0881812394967941,-0.0881812394967941,0.0,False,False,0.5235987755982988,0.0
3.581280814785704,0.0010135198209869415,0.5237030731533003,0.0029052758319392923,0.5254960019798919,0.17758994372946293,-0.24725800734403067,-0.24725800734403067,0.0,False,False,0.5235987755982988,0.0
3.582294334606691,0.0009899219914714966,0.5236924172573819,-0.010513751875125373,0.5237608779114167,-0.011366893304871006,0.010722430329723686,0.010722430329723686,0.0,False,False,0.5235987755982988,0.0
3.583284256598162,0.0009829570324701603,0.5236854105044954,-0.007078085896637313,0.523631597361773,-0.023289874408768403,0.02735705754798668,0.02735705754798668,0.0,False,False,0.5235987755982988,0.0
3.5842672136306324,0.0010005161753005476,0.5236817721234304,-0.003701465013065005,0.5239514275489361,0.011576668245417601,-0.02023973700597203,-0.02023973700597203,0.0,False,False,0.5235987755982988,0.0
3.585267729805933,0.000933359285834265,0.5236781696033941,-0.0036006614637849594,0.5254517182329631,0.16037066847676731,-0.22579776959607797,-0.22579776959607797,0.0,False,False,0.5235987755982988,0.0
3.5862010890917673,0.001017019256094535,0.5236659171338333,-0.013127280937605613,0.5227726159427166,-0.14270509085596017,0.18611698282763167,0.18611698282763167,0.0,False,False,0.5235987755982988,0.0
3.587218108347862,0.0009999252144428721,0.5236658203070742,-9.520641670083402e-05,0.5238431518096044,-0.0231724777863411,0.023408201540108975,0.023408201540108975,0.0,False,False,0.5235987755982988,0.0
3.588218033562305,0.0009958501018354484,0.5236669242810077,0.001104056500986376,0.5229690915356525,-0.1082677946002371,0.14125566664791783,0.14125566664791783,0.0,False,False,0.5235987755982988,0.0
3.58921388366414,0.0009614835943130511,0.5236746955210713,0.0078036243097505675,0.5231973438509364,-0.07452066649906718,0.09665057125140385,0.09665057125140385,0.0,False,False,0.5235987755982988,0.0
3.5901753672584533,0.0010580396614378747,0.5236845764641678,0.010276767232390061,0.5236413007566869,-0.02089444686554242,0.024307883387665177,0.024307883387665177,0.0,False,False,0.5235987755982988,0.0
3.591233406919891,0.001051608801771683,0.5236935877185848,0.008516934426415773,0.5248693490513248,0.09726326438948193,-0.13958623942184537,-0.13958623942184537,0.0,False,False,0.5235987755982988,0.0
3.5922850157216626,0.0010470713959815135,0.5236921218844298,-0.0013938968107608633,0.5252637826734042,0.12504457590629775,-0.18002361843945483,-0.18002361843945483,0.0,False,False,0.5235987755982988,0.0
3.593332087117644,0.0010139505325622205,0.5236812576888238,-0.010375792565591397,0.524072335485858,-0.0012484153143065418,-0.007025979598896842,-0.007025979598896842,0.0,False,False,0.5235987755982988,0.0
3.5943460376502063,0.00098068818998108,0.5236733596107955,-0.007789411588283359,0.5233447187176757,-0.07288415231362158,0.09203400662756128,0.09203400662756128,0.0,False,False,0.5235987755982988,0.0
3.5953267258401875,0.0009730718113246239,0.5236723165733503,-0.0010635770429437029,0.525847641604114,0.18962533236760942,-0.2680299869458048,-0.2680299869458048,0.0,False,False,0.5235987755982988,0.0
3.596299797651512,0.001033265104617353,0.5236588980397306,-0.013789869836457407,0.5232857863681878,-0.09261224451046512,0.11676849955455663,0.11676849955455663,0.0,False,False,0.5235987755982988,0.0
3.5973330627561295,0.0010613358822642376,0.5236547701363754,-0.0039950089641559595,0.5231563600272772,-0.09587697688620522,0.12301585254183593,0.12301585254183593,0.0,False,False,0.5235987755982988,0.0
3.5983943986383937,0.0009895384799596958,0.5236588089119767,0.0038053698822689717,0.5221098789038131,-0.18488965076247643,0.24866772141571447,0.24866772141571447,0.0,False,False,0.5235987755982988,0.0
3.5993839371183536,0.0009354222559169731,0.5236736296168797,0.01497739118102847,0.5248919493440124,0.11474759672443657,-0.16097424349216838,-0.16097424349216838,0.0,False,False,0.5235987755982988,0.0
3.6003193593742706,0.0010227496270835159,0.5236772135927614,0.003831398984811482,0.5245221672705015,0.06374180481795486,-0.09311121588119403,-0.09311121588119403,0.0,False,False,0.5235987755982988,0.0
3.601342109001354,0.0010151912757668687,0.523675058511858,-0.002107144159546991,0.525784991875767,0.18084110912897072,-0.25636122394919203,-0.25636122394919203,0.0,False,False,0.5235987755982988,0.0
3.602357300277121,0.0010052591007846756,0.5236603666747527,-0.014471989127564814,0.522447778798275,-0.16597051916444255,0.2198825653977602,0.2198825653977602,0.0,False,False,0.5235987755982988,0.0
3.6033625593779055,0.0009266780483614605,0.5236607411246476,0.00037249092754123615,0.5249332352069963,0.09787188539603717,-0.14146653543179943,-0.14146653543179943,0.0,False,False,0.5235987755982988,0.0
3.604289237426267,0.0009953385120045997,0.5236549149809432,-0.00628712821527424,0.5237161197668473,-0.043257082772544045,0.049796304293180355,0.049796304293180355,0.0,False,False,0.5235987755982988,0.0
3.605284575938272,0.0010563292413859396,0.5236529581145019,-0.0019660310716241736,0.524356413258712,0.025397844573620966,-0.04411489137578179,-0.04411489137578179,0.0,False,False,0.5235987755982988,0.0
3.6063409051796578,0.0009785729078265685,0.5236490848903219,-0.0036666827237046137,0.5222111280677533,-0.18023062728427194,0.2412544082909461,0.2412544082909461,0.0,False,False,0.5235987755982988,0.0
3.607319478087484,0.0009840932855978727,0.5236581038643234,0.009216455850576014,0.5249392469390329,0.11657788407657968,-0.16402194502510972,-0.16402194502510972,0.0,False,False,0.5235987755982988,0.0
3.608303571373082,0.000986618246129334,0.5236566927883188,-0.0014338843941700506,0.5243430581349603,0.04433754594545392,-0.06660214079445131,-0.06660214079445131,0.0,False,False,0.5235987755982988,0.0
3.6092901896192116,0.0010036512288097385,0.5236524601105091,-0.004290086693954448,0.5236185046995548,-0.03353428241754172,0.03988601507844157,0.03988601507844157,0.0,False,False,0.5235987755982988,0.0
3.6102938408480214,0.0009512016467978395,0.5236514574531385,-0.0009990097575129928,0.5242144244754423,0.029194331026166073,-0.04611487701998216,-0.04611487701998216,0.0,False,False,0.5235987755982988,0.0
3.611245042494819,0.0009629890191593857,0.523648695548786,-0.0029035950071014303,0.5229806748781994,-0.10342941886313951,0.13524111559755625,0.13524111559755625,0.0,False,False,0.5235987755982988,0.0
3.6122080315139784,0.0009949952780373707,0.5236529831320388,0.004452369827090283,0.5231473262664669,-0.0757808395342606,0.0990630954140877,0.0990630954140877,0.0,False,False,0.5235987755982988,0.0
3.6132030267920157,0.0010555630308458459,0.5236609983338102,0.008055517396269333,0.5232565666133904,-0.057223774138934924,0.07482829069507388,0.07482829069507388,0.0,False,False,0.5235987755982988,0.0
3.6142585898228616,0.001061639089099788,0.5236710783449215,0.009549416583228894,0.522054268278425,-0.1654025376168265,0.2262841768979196,0.2262841768979196,0.0,False,False,0.5235987755982988,0.0
3.6153202289119615,0.0009875748893394976,0.5236909213240293,0.018690889692569303,0.5244429474780732,0.07613689186978212,-0.10655936407967719,-0.10655936407967719,0.0,False,False,0.5235987755982988,0.0
3.616307803801301,0.0009323051974575884,0.5236998230053143,0.009013677221970585,0.5247396846009755,0.09857025289697124,-0.13882066552454636,-0.13882066552454636,0.0,False,False,0.5235987755982988,0.0
3.6172401089987587,0.0009331735653416149,0.5236999588668307,0.00014572643901273816,0.5230879206366817,-0.08845664860903049,0.11534336763994382,0.11534336763994382,0.0,False,False,0.5235987755982988,0.0
3.6181732825641,0.0009840516390018387,0.5237050784024654,0.005486155871478353,0.5240089428571459,0.019086863541088184,-0.03028724690855411,-0.03028724690855411,0.0,False,False,0.5235987755982988,0.0
3.619157334203102,0.0009138075979055365,0.5237074344069614,0.002394187868445821,0.523475706627982,-0.037009652803810994,0.046626824830275145,0.046626824830275145,0.0,False,False,0.5235987755982988,0.0
3.6200711418010076,0.0010229262868849567,0.5237109640830611,0.0038626031428905033,0.5239974371574051,0.023785445926420457,-0.03571844317561765,-0.03571844317561765,0.0,False,False,0.5235987755982988,0.0
3.6210940680878925,0.0010370422751275028,0.5237118326551086,0.0008491052177060708,0.5231641681966228,-0.06005243463849175,0.07988585479635812,0.07988585479635812,0.0,False,False,0.5235987755982988,0.0
3.62213111036302,0.0010244356502852208,0.5237167314609354,0.004723824615824957,0.5229457975775017,-0.07510425165891865,0.1018787063650504,0.1018787063650504,0.0,False,False,0.5235987755982988,0.0
3.6231555460133054,0.000981010774604767,0.5237254366105921,0.008497507534312342,0.5246435451475251,0.09813132857656746,-0.13656344617795393,-0.13656344617795393,0.0,False,False,0.5235987755982988,0.0
3.62413655678791,0.0009832652604312092,0.523724853071585,-0.0005948344525678849,0.5236691154713051,-0.011010955544748846,0.011947028939585057,0.011947028939585057,0.0,False,False,0.5235987755982988,0.0
3.625119822048341,0.0010677460532001158,0.5237250204944137,0.00017027229116280465,0.5254896434457358,0.17524139549415899,-0.24432529584685628,-0.24432529584685628,0.0,False,False,0.5235987755982988,0.0
3.626187568101541,0.0010505837809236724,0.5237112157504694,-0.012928864408301002,0.5237516288185764,-0.005056900133888903,0.003316922195670202,0.003316922195670202,0.0,False,False,0.5235987755982988,0.0
3.627238151882465,0.0010059022615999265,0.523701642937811,-0.009111898386629734,0.5228934873910843,-0.086233551222092,0.1161754491963713,0.1161754491963713,0.0,False,False,0.5235987755982988,0.0
3.628244054144065,0.001010365344422005,0.5237009809012892,-0.0006581519368458171,0.5247716888023448,0.10910788605982337,-0.15204190094461603,-0.15204190094461603,0.0,False,False,0.5235987755982988,0.0
3.629254419488487,0.0009864870191621628,0.5236927595936132,-0.008136965228936685,0.5242432365829366,0.045894014977221106,-0.06667311569614526,-0.06667311569614526,0.0,False,False,0.5235987755982988,0.0
3.630240906507649,0.0009843954727073755,0.5236837727118265,-0.009109984837160764,0.5243180889475717,0.04889238333162409,-0.07161850028486089,-0.07161850028486089,0.0,False,False,0.5235987755982988,0.0
3.6312253019803564,0.0009133206196464547,0.523673849385221,-0.010080630072682081,0.5247128444813572,0.08410446044842479,-0.12097859243316145,-0.12097859243316145,0.0,False,False,0.5235987755982988,0.0
3.632138622600003,0.0009429659609253543,0.5236619591325891,-0.013018706001171764,0.5230922868989678,-0.10174176745982863,0.1312069175397525,0.1312069175397525,0.0,False,False,0.5235987755982988,0.0
3.633081588560928,0.0010274440942937605,0.5236586158788452,-0.0035454659896700935,0.5235475664175526,-0.04328594138070967,0.05286489491028306,0.05286489491028306,0.0,False,False,0.5235987755982988,0.0
3.634109032655222,0.0009149066481191674,0.5236588896065035,0.0002664161095400912,0.523509271403431,-0.04268455871179341,0.052832545961773614,0.052832545961773614,0.0,False,False,0.5235987755982988,0.0
3.6350239393033412,0.0010530325783120352,0.5236612767480543,0.0026091640668138793,0.5225348879041597,-0.14491696839606294,0.19305034056977968,0.19305034056977968,0.0,False,False,0.5235987755982988,0.0
3.6360769718816535,0.0011278826715561245,0.5236738530875996,0.011942972899691847,0.5234438272877953,-0.04410891227604817,0.0557197643203218,0.0557197643203218,0.0,False,False,0.5235987755982988,0.0
3.6372048545532096,0.0010296844169633487,0.523686723061079,0.011410737840004384,0.5248529341408774,0.08523579419831698,-0.12485780680439514,-0.12485780680439514,0.0,False,False,0.5235987755982988,0.0
3.638234538970173,0.0010115883051806554,0.5236885241369428,0.0017491532688570458,0.5238956407045249,-0.016257380621986797,0.014165284834315024,0.014165284834315024,0.0,False,False,0.5235987755982988,0.0
3.639246127275354,0.001048065643980431,0.5236904755613715,0.0019290697794059036,0.5225158154561385,-0.1510335010352087,0.20073348380113695,0.20073348380113695,0.0,False,False,0.5235987755982988,0.0
3.640294192919334,0.000936767692531672,0.52370287985053,0.011835412437918183,0.5223451538322378,-0.15221363707407456,0.20522155627798802,0.20522155627798802,0.0,False,False,0.5235987755982988,0.0
3.641230960611866,0.0010686557475573322,0.5237201330740864,0.018417825138411902,0.525172924250763,0.16487236618799114,-0.2261815151699448,-0.2261815151699448,0.0,False,False,0.5235987755982988,0.0
3.642299616359423,0.0009701279944228138,0.5237218391602158,0.001596478691338818,0.523643020954911,0.005223657846519181,-0.0070648058348423024,-0.0070648058348423024,0.0,False,False,0.5235987755982988,0.0
3.6432697443538458,0.0010021596504250605,0.5237225996852635,0.0007839429973278115,0.5231576277002381,-0.04533264752789619,0.06233983919856824,0.06233983919856824,0.0,False,False,0.5235987755982988,0.0
3.644271904004271,0.0009758754999472072,0.5237262765627676,0.0036689538463462114,0.5234871736417275,-0.007915805657468883,0.011507802007246758,0.011507802007246758,0.0,False,False,0.5235987755982988,0.0
3.645247779504218,0.0009638330603929295,0.5237293543743525,0.003153897792404647,0.5224401601554485,-0.11441388307941033,0.15815173766659854,0.15815173766659854,0.0,False,False,0.5235987755982988,0.0
3.6462116125646107,0.000919225471954433,0.5237388566770337,0.009858867755909242,0.5249807414734406,0.16061893224976664,-0.21761810445227295,-0.21761810445227295,0.0,False,False,0.5235987755982988,0.0
3.6471308380365652,0.0009777573715055196,0.5237363771409632,-0.0026974188010232044,0.5233933737461877,-0.028128311379824744,0.037451206993790453,0.037451206993790453,0.0,False,False,0.5235987755982988,0.0
3.648108595408071,0.001004708764767412,0.5237363091907778,-6.949595809874762e-05,0.5249295921335696,0.13180104295209874,-0.1821159491773926,-0.1821159491773926,0.0,False,False,0.5235987755982988,0.0
3.6491133041728383,0.0009611754739381457,0.5237270689402233,-0.009196944307269367,0.5237721435642936,0.003418542712431541,-0.007222874642823601,-0.007222874642823601,0.0,False,False,0.5235987755982988,0.0
3.6500744796467766,0.0009674146006364616,0.5237203127348717,-0.007029107103484845,0.5249678147208094,0.12747344937984814,-0.17761084346100908,-0.17761084346100908,0.0,False,False,0.5235987755982988,0.0
3.651041894247413,0.0010143432692868053,0.5237071238775355,-0.013633097254865162,0.5239311320865384,0.0075659857513864365,-0.015061599689976406,-0.015061599689976406,0.0,False,False,0.5235987755982988,0.0
3.6520562375167,0.0009306715903883377,0.5236962348002736,-0.010735100819984876,0.5244408207629048,0.057057532138527364,-0.08362585152914,-0.08362585152914,0.0,False,False,0.5235987755982988,0.0
3.6529869091070886,0.000984266032070527,0.5236852087371928,-0.011847426304488424,0.5243127358013147,0.03758914096377286,-0.05795825281081255,-0.05795825281081255,0.0,False,False,0.5235987755982988,0.0
3.653971175139159,0.0010654198215260566,0.5236738762026981,-0.011513690532325848,0.5242178002679163,0.024184914491976614,-0.040164341443486865,-0.040164341443486865,0.0,False,False,0.5235987755982988,0.0
3.655036594960685,0.0009591560943580607,0.5236629203156019,-0.01028316432160226,0.523966550426004,-0.001815815323351004,-0.004440968510672846,-0.004440968510672846,0.0,False,False,0.5235987755982988,0.0
3.6559957510550434,0.0010896862394229375,0.5236555026079575,-0.007733577139434594,0.5234523020248653,-0.05524890653966349,0.06893521216940024,0.06893521216940024,0.0,False,False,0.5235987755982988,0.0
3.6570854372944663,0.0009294030231209941,0.5236538302375155,-0.0015347265858685248,0.5253253623362589,0.12216585879837541,-0.1776775918413325,-0.1776775918413325,0.0,False,False,0.5235987755982988,0.0
3.658014840317587,0.0008966340850922234,0.5236451322801884,-0.00935864970394849,0.5228536804552867,-0.15599368395631477,0.20060413332179608,0.20060413332179608,0.0,False,False,0.5235987755982988,0.0
3.6589114744026796,0.0010235748724558814,0.5236469405867851,0.002016772088796231,0.5236506997138793,-0.05150417945675864,0.060870381267660895,0.060870381267660895,0.0,False,False,0.5235987755982988,0.0
3.6599350492751355,0.0010140225568043666,0.5236515534087002,0.004506579869472292,0.5236645437854208,-0.045001239881838045,0.05281766049000954,0.05281766049000954,0.0,False,False,0.5235987755982988,0.0
3.66094907183194,0.0010913134103372696,0.5236574530163649,0.005818024091409753,0.5240086488258674,-0.006566462454484112,0.0005020368491464918,0.0005020368491464918,0.0,False,False,0.5235987755982988,0.0
3.6620403852422774,0.0009084828293667395,0.5236617824814862,0.003967206010901057,0.5232869968955807,-0.07203673478723774,0.09205609839361191,0.09205609839361191,0.0,False,False,0.5235987755982988,0.0
3.662948868071644,0.0009871598275410572,0.5236682028010223,0.0070670785716113295,0.5239428707680737,0.007361354622293925,-0.015027338602700002,-0.015027338602700002,0.0,False,False,0.5235987755982988,0.0
3.6639360278991853,0.0009885697381732754,0.5236724352664388,0.004287517885596084,0.5235250923149702,-0.0356960383959767,0.04416154517508637,0.04416154517508637,0.0,False,False,0.5235987755982988,0.0
3.6649245976373583,0.001082388688758165,0.5236775767943815,0.005200976465481009,0.5222970627924063,-0.1563492865357614,0.21104997434897924,0.21104997434897924,0.0,False,False,0.5235987755982988,0.0
3.6660069863261167,0.0010490333284873927,0.5236937569764991,0.014948587587433861,0.5237020929188129,-0.010906079118797096,0.01122758317330359,0.01122758317330359,0.0,False,False,0.5235987755982988,0.0
3.6670560196546043,0.0009717068086113567,0.5237058068874648,0.011486680774080646,0.5227453824527306,-0.10101471532070946,0.13657873500507903,0.13657873500507903,0.0,False,False,0.5235987755982988,0.0
3.6680277264632157,0.0010863837292294173,0.523720435519349,0.01505457382258432,0.5222068984166267,-0.14632955160204553,0.20064925119255256,0.20064925119255256,0.0,False,False,0.5235987755982988,0.0
3.669114110192445,0.0009655222281698175,0.523744050863949,0.021737572061023502,0.5238634953691574,0.02079067927479472,-0.02971377100520889,-0.02971377100520889,0.0,False,False,0.5235987755982988,0.0
3.670079632420615,0.0010244705343252928,0.5237591220376462,0.015609349280072096,0.52418488057184,0.051997763991542,-0.07294720631359142,-0.07294720631359142,0.0,False,False,0.5235987755982988,0.0
3.6711041029549403,0.000996513370465985,0.5237671078360125,0.007795049343867072,0.5242267385859392,0.0508838068225855,-0.07236390196462872,-0.07236390196462872,0.0,False,False,0.5235987755982988,0.0
3.672100616325406,0.0009734842149581451,0.5237690403559591,0.0019392815026848375,0.5242639901688769,0.04953361812468037,-0.07141420402002242,-0.07141420402002242,0.0,False,False,0.5235987755982988,0.0
3.673074100540364,0.0009859202115730433,0.5237669873852113,-0.0021088896113784592,0.5220804853100459,-0.17971766503876596,0.24299042323507133,0.24299042323507133,0.0,False,False,0.5235987755982988,0.0
3.6740600207519374,0.00099013236544339,0.5237773388998709,0.01049934319028931,0.5225896275715027,-0.11010457345803776,0.15029015263197476,0.15029015263197476,0.0,False,False,0.5235987755982988,0.0
3.6750501531173807,0.0009530876497062064,0.5237922279945854,0.015037479062561294,0.5255144503411397,0.19630303195768614,-0.27004578372036014,-0.27004578372036014,0.0,False,False,0.5235987755982988,0.0
3.676003240767087,0.0009767310959320028,0.5237907724244171,-0.0015272154337216109,0.5228769103834635,-0.10006361951510312,0.1330699172851592,0.1330699172851592,0.0,False,False,0.5235987755982988,0.0
3.6769799718630187,0.0010716573222069221,0.5237960702758656,0.005424063460923791,0.5243291296358462,0.05862432515974475,-0.08349556286754686,-0.08349556286754686,0.0,False,False,0.5235987755982988,0.0
3.6780516291852257,0.0009667717445553834,0.5237952393038245,-0.0007754083547262241,0.5231957731411301,-0.052995467589830175,0.0708486053368334,0.0708486053368334,0.0,False,False,0.5235987755982988,0.0
3.679018400929781,0.0010071239063075186,0.5237980207950358,0.0028770919577100922,0.5238675483762509,0.021790515745741132,-0.030986528898027516,-0.030986528898027516,0.0,False,False,0.5235987755982988,0.0
3.6800255248360885,0.001049598824437473,0.5237984657510031,0.00044180856442847024,0.5232458472094149,-0.042118891244126544,0.056895380492862045,0.056895380492862045,0.0,False,False,0.5235987755982988,0.0
3.681075123660526,0.000983239195703958,0.5238019154947501,0.003286726001138687,0.5242919525964282,0.061760162387066504,-0.08658938083080954,-0.08658938083080954,0.0,False,False,0.5235987755982988,0.0
3.68205836285623,0.0010420253334487478,0.5238000041157848,-0.00194396132061939,0.523919362049719,0.01768995434465738,-0.026998501339152287,-0.026998501339152287,0.0,False,False,0.5235987755982988,0.0
3.6831003881896787,0.0010455284916965203,0.5237971523797798,-0.0027367242555706665,0.5234059457521242,-0.03335004066287956,0.04349098602659892,0.04349098602659892,0.0,False,False,0.5235987755982988,0.0
3.6841459166813753,0.000987925455598492,0.5237975720062822,0.00040135348369836534,0.5228811239462283,-0.08021183276847399,0.10917192905943769,0.10917192905943769,0.0,False,False,0.5235987755982988,0.0
3.685133842136974,0.0010543949001413375,0.5238031770187523,0.005673517610400359,0.5240368540886589,0.04479491210931258,-0.06163930735765579,-0.06163930735765579,0.0,False,False,0.5235987755982988,0.0
3.6861882370371153,0.0010513091954661216,0.5238038644640192,0.0006519808344297232,0.5227455676668129,-0.08215163785473456,0.11393970819242787,0.11393970819242787,0.0,False,False,0.5235987755982988,0.0
3.6872395462325813,0.00103114678118033,0.5238106275098162,0.006432975024156567,0.5241836750935595,0.06285557844474084,-0.08595488504838049,-0.08595488504838049,0.0,False,False,0.5235987755982988,0.0
3.6882706930137616,0.0010480993289022555,0.5238106798254221,5.073536259994453e-05,0.5261027202962539,0.2426778800941201,-0.33628446067613627,-0.33628446067613627,0.0,False,False,0.5235987755982988,0.0
3.689318792342664,0.0009904393517056833,0.5237922454290086,-0.01758840589357208,0.5249704910718257,0.11038319108343587,-0.15715070782360688,-0.15715070782360688,0.0,False,False,0.5235987755982988,0.0
3.6903092316943695,0.0010525012227506766,0.5237713423345189,-0.02110487073611037,0.5243982191245713,0.04156526676566054,-0.0642683035916973,-0.0642683035916973,0.0,False,False,0.5235987755982988,0.0
3.69136173291712,0.0010972180430274844,0.5237508730710796,-0.019448208702164724,0.5236761666106137,-0.031194744481742122,0.03604065515642318,0.03604065515642318,0.0,False,False,0.5235987755982988,0.0
3.6924589509601473,0.000984071825243022,0.5237372130155736,-0.012449718260458202,0.5220453321794286,-0.17670884761174907,0.24001259867376254,0.24001259867376254,0.0,False,False,0.5235987755982988,0.0
3.6934430227853903,0.0010347435592053635,0.5237398435106144,0.002673072202010126,0.5225859309474751,-0.10410307352855146,0.1431548919490891,0.1431548919490891,0.0,False,False,0.5235987755982988,0.0
3.694477766344596,0.001012517122619273,0.5237494082259344,0.009243561107355393,0.5248688561739371,0.12693438401552498,-0.17518271118011877,-0.17518271118011877,0.0,False,False,0.5235987755982988,0.0
3.695490283467215,0.0009265104764504472,0.5237470933781921,-0.002286230712110005,0.523057901183901,-0.06461578180129164,0.0872746776207097,0.0872746776207097,0.0,False,False,0.5235987755982988,0.0
3.6964167939436656,0.001076086285850425,0.5237493151492162,0.002397998814422356,0.5231391025784942,-0.04938998598336504,0.06754209753652177,0.06754209753652177,0.0,False,False,0.5235987755982988,0.0
3.697492880229516,0.0009544921054749219,0.5237549659856365,0.005251285602850753,0.5236104086752275,-0.0006528177651246719,0.0005739859334340679,0.0005739859334340679,0.0,False,False,0.5235987755982988,0.0
3.6984473723349907,0.0011118860498517263,0.5237585821403223,0.003788564268964293,0.5228317719390543,-0.08216356283126006,0.11240234126391371,0.11240234126391371,0.0,False,False,0.5235987755982988,0.0
3.6995592583848422,0.0009111512425074619,0.5237683353939436,0.008771810405008868,0.5226977777150211,-0.08599828175058129,0.11941589999969592,0.11941589999969592,0.0,False,False,0.5235987755982988,0.0
3.7004704096273495,0.0010065073533281608,0.5237792010299693,0.011925172813031536,0.523735154092123,0.03645491441715541,-0.046200710189422026,-0.046200710189422026,0.0,False,False,0.5235987755982988,0.0
3.7014769169806776,0.0010685101228885344,0.5237855671263834,0.006324937808963288,0.5230075609082565,-0.039479485939195744,0.05801724754779643,0.05801724754779643,0.0,False,False,0.5235987755982988,0.0
3.702545427103566,0.0010258370622329318,0.5237935115200626,0.007435019574498623,0.5231468508182829,-0.022495637446650642,0.03512941097626657,0.03512941097626657,0.0,False,False,0.5235987755982988,0.0
3.703571264165799,0.0010023809791156284,0.5238007109633775,0.007018115819706455,0.5231189931887126,-0.02296167353708247,0.03619009161705125,0.03619009161705125,0.0,False,False,0.5235987755982988,0.0
3.7045736451449147,0.0010411346602943279,0.5238075029976459,0.006775900989551373,0.5242633482782876,0.09349818141818331,-0.12416012594161768,-0.12416012594161768,0.0,False,False,0.5235987755982988,0.0
3.705614779805209,0.0010338300278415664,0.5238056761666445,-0.0017546539089071736,0.523603108287764,0.020732936271282892,-0.024957511935913123,-0.024957511935913123,0.0,False,False,0.5235987755982988,0.0
3.7066486098330507,0.0009345071440884937,0.5238030970947429,-0.002494676912184083,0.5236472636551672,0.022930689742234823,-0.028389612714313204,-0.028389612714313204,0.0,False,False,0.5235987755982988,0.0
3.707583116977139,0.0008576623790974153,0.5238001850927002,-0.003116083232938085,0.5243211186609158,0.09274568436187917,-0.12429699636136067,-0.12429699636136067,0.0,False,False,0.5235987755982988,0.0
3.7084407793562364,0.0010206930515853079,0.5237936322974609,-0.007640296926884682,0.5236696793558655,0.007515900805278225,-0.010295348602534237,-0.010295348602534237,0.0,False,False,0.5235987755982988,0.0
3.709461472407822,0.000991857091866726,0.5237876076191277,-0.005902536834060096,0.5235447853983447,-0.005471880883178968,0.007538080658988787,0.007538080658988787,0.0,False,False,0.5235987755982988,0.0
3.7104533294996886,0.0009931715562737258,0.5237838403292732,-0.00379821839797721,0.524194385712867,0.060568644889476456,-0.08340335592959956,-0.08340335592959956,0.0,False,False,0.5235987755982988,0.0
3.7114465010559625,0.00103372348480481,0.5237770802591171,-0.006806548288052498,0.5243601928803574,0.07120649607608275,-0.09915330636835383,-0.09915330636835383,0.0,False,False,0.5235987755982988,0.0
3.7124802245407675,0.001078509424955066,0.52376687707774,-0.00987031979742201,0.5236385312372972,-0.005726018471061689,0.006155620663303107,0.006155620663303107,0.0,False,False,0.5235987755982988,0.0
3.713558733965723,0.0010413815412816468,0.5237598252388439,-0.006538504655456652,0.5238301687932082,0.012615325259685443,-0.019303467819991562,-0.019303467819991562,0.0,False,False,0.5235987755982988,0.0
3.7146001155070043,0.0009407913278951835,0.5237540523903719,-0.005543451888865136,0.5230718117119334,-0.06146841999164827,0.08324745394455542,0.08324745394455542,0.0,False,False,0.5235987755982988,0.0
3.7155409068348995,0.0010085225126227856,0.5237539762153157,-8.096913087802908e-05,0.5230028885693504,-0.06264765982799525,0.08590315831466579,0.08590315831466579,0.0,False,False,0.5235987755982988,0.0
3.716549429347522,0.0010206351103383639,0.5237582882729118,0.004275618582731084,0.5244294960900523,0.08507230451144063,-0.11703973426529136,-0.11703973426529136,0.0,False,False,0.5235987755982988,0.0
3.7175700644578606,0.000998759530543415,0.5237552221339516,-0.00300414803403898,0.5241435073325525,0.048544407849339694,-0.06805846063577484,-0.06805846063577484,0.0,False,False,0.5235987755982988,0.0
3.718568823988404,0.0009452326649957116,0.5237497315225452,-0.005497430801405154,0.5241470543640231,0.0440451107563624,-0.06272315069067183,-0.06272315069067183,0.0,False,False,0.5235987755982988,0.0
3.7195140566534,0.0010436176740213983,0.5237431902781119,-0.0069202479723157965,0.5239882819333022,0.022843419832772757,-0.03442321782938747,-0.03442321782938747,0.0,False,False,0.5235987755982988,0.0
3.7205576743274213,0.0009709059719680874,0.523736298767239,-0.006603482333039416,0.5237766187316479,0.00027739741008564467,-0.0035340532923869407,-0.0035340532923869407,0.0,False,False,0.5235987755982988,0.0
3.7215285802993896,0.0009787216610687174,0.5237315481584274,-0.0048929648687183695,0.5243392821806722,0.05820207173072625,-0.08317160455959173,-0.08317160455959173,0.0,False,False,0.5235987755982988,0.0
3.722507301960458,0.0010203176726414132,0.5237241732563913,-0.0075352394142444035,0.5245402095935959,0.0729114411386363,-0.10443954128171161,-0.10443954128171161,0.0,False,False,0.5235987755982988,0.0
3.7235276196330998,0.0010430746133436143,0.5237133279572588,-0.010629335768056317,0.5245085244036066,0.0625148730142997,-0.0913933261127002,-0.0913933261127002,0.0,False,False,0.5235987755982988,0.0
3.7245706942464434,0.0009777502783442375,0.5237004911032904,-0.012306745657640837,0.5236125457809626,-0.029634460057905813,0.03531348878153863,0.03531348878153863,0.0,False,False,0.5235987755982988,0.0
3.7255484445247875,0.001017787056981783,0.5236933358035156,-0.007318126042254157,0.5249037152954223,0.10538412753743794,-0.14994986759314907,-0.14994986759314907,0.0,False,False,0.5235987755982988,0.0
3.7265662315817694,0.0010068170348257255,0.5236803291428878,-0.012779353538267202,0.5238796986982668,-0.005766352360513191,0.001863007033192426,0.001863007033192426,0.0,False,False,0.5235987755982988,0.0
3.727573048616595,0.0010419635281552417,0.523671040402016,-0.009225847945063058,0.5242228927355909,0.028897314128787068,-0.04591088542580131,-0.04591088542580131,0.0,False,False,0.5235987755982988,0.0
3.7286150121447506,0.0009487520657723528,0.5236617837070155,-0.008883895405396918,0.5239079518307693,-0.004218130210831797,-0.0005034159314710133,-0.0005034159314710133,0.0,False,False,0.5235987755982988,0.0
3.729563764210523,0.0009345178361926838,0.5236556171724734,-0.006499626999070873,0.5238711711884789,-0.007673056289173866,0.004304546923766698,0.004304546923766698,0.0,False,False,0.5235987755982988,0.0
3.7304982820467156,0.0009613630273158643,0.5236513991865371,-0.004513542463261252,0.5230093344511386,-0.09912836043424546,0.12956397316997809,0.12956397316997809,0.0,False,False,0.5235987755982988,0.0
3.7314596450740316,0.0009956779434761118,0.5236542946220255,0.003011802416082371,0.5242663386890625,0.04153677231788673,-0.06186026241520989,-0.06186026241520989,0.0,False,False,0.5235987755982988,0.0
3.7324553230175077,0.000991844428536015,0.5236533260923326,-0.0009727339038482974,0.5261363138613165,0.22519233445978631,-0.3159064900860626,-0.3159064900860626,0.0,False,False,0.5235987755982988,0.0
3.7334471674460437,0.0009378573228107102,0.5236371132375593,-0.016346167107229317,0.5233100428337921,-0.08227794031996866,0.10393071814508288,0.10393071814508288,0.0,False,False,0.5235987755982988,0.0
3.7343850247688546,0.0010504536793736728,0.5236299660334,-0.007620779819707149,0.523691920610184,-0.03333203628298703,0.03832183332565126,0.03832183332565126,0.0,False,False,0.5235987755982988,0.0
3.7354354784482284,0.0009180285185509326,0.523626516066219,-0.003284263979205137,0.5232371285160895,-0.07329365878787479,0.09446203802521742,0.09446203802521742,0.0,False,False,0.5235987755982988,0.0
3.7363535069667795,0.0009290542202923001,0.5236283155941968,0.001960209232460818,0.5232024378893211,-0.06974311089430377,0.09082581183476374,0.09082581183476374,0.0,False,False,0.5235987755982988,0.0
3.737282561187072,0.000945932338509367,0.5236335437821246,0.005627430362673687,0.5249813302083185,0.12870466645178258,-0.17933158272249336,-0.17933158272249336,0.0,False,False,0.5235987755982988,0.0
3.738228493525581,0.0010382958823485164,0.5236293516562606,-0.00443173966397065,0.5230420736547685,-0.08917587063944164,0.1170316797508754,0.1170316797508754,0.0,False,False,0.5235987755982988,0.0
3.73926678940793,0.0009469034433957314,0.5236324879540005,0.003020620415864101,0.5232187746950178,-0.063239913065391,0.08272791193752815,0.08272791193752815,0.0,False,False,0.5235987755982988,0.0
3.7402136928513254,0.0009909551553960974,0.5236382397686596,0.006074341263918599,0.5222528909373649,-0.15892038318408785,0.2149303837177153,0.2149303837177153,0.0,False,False,0.5235987755982988,0.0
3.7412046480067214,0.000916552293228153,0.5236530518852238,0.014947312684635608,0.5229919109329751,-0.06845181215519362,0.0930657385620584,0.0930657385620584,0.0,False,False,0.5235987755982988,0.0
3.7421212002999495,0.0010024635744652031,0.5236674172544635,0.015673267467445635,0.5221765571008258,-0.15056542119894492,0.20627843839324858,0.20627843839324858,0.0,False,False,0.5235987755982988,0.0
3.7431236638744148,0.000938285641940971,0.5236894827266633,0.02201124585646132,0.5242408363382043,0.07041174387024374,-0.09605118596259095,-0.09605118596259095,0.0,False,False,0.5235987755982988,0.0
3.7440619495163556,0.0010566169104354948,0.5237016004465509,0.012914745090430866,0.5261447971755508,0.2662896755891129,-0.36537599909747204,-0.36537599909747204,0.0,False,False,0.5235987755982988,0.0
3.745118566426791,0.0010508945006730925,0.523690982565054,-0.010048941477341838,0.5233709949527319,-0.022856595585138778,0.03152796632237152,0.03152796632237152,0.0,False,False,0.5235987755982988,0.0
3.7461694609274643,0.0010892893340947226,0.5236852823740907,-0.005424132450628084,0.52223076168587,-0.1290721477211901,0.17951082768914653,0.17951082768914653,0.0,False,False,0.5235987755982988,0.0
3.747258750261559,0.0009888846001399427,0.5236919344254242,0.0061067809306599935,0.5244773322959813,0.09007692950139556,-0.12390633595995863,-0.12390633595995863,0.0,False,False,0.5235987755982988,0.0
3.748247634861699,0.0009509847523998551,0.5236901532267134,-0.001801219991165206,0.5230557915293006,-0.06268270037641903,0.0849929536936708,0.0849929536936708,0.0,False,False,0.5235987755982988,0.0
3.749198619614099,0.0009326338336759615,0.5236927774471235,0.0027594768511454695,0.5248266715503156,0.12980096549655015,-0.17786328573216217,-0.17786328573216217,0.0,False,False,0.5235987755982988,0.0
3.750131253447775,0.001094079638185413,0.5236868905732337,-0.006312095569796954,0.5234407737997238,-0.03177954640897304,0.0409794880651187,0.0409794880651187,0.0,False,False,0.5235987755982988,0.0
3.7512253330859604,0.0010324625978613362,0.5236846618201669,-0.002037103140410298,0.5231332986181544,-0.0567051384239056,0.07642475175128646,0.07642475175128646,0.0,False,False,0.5235987755982988,0.0
3.7522577956838217,0.0009496672919369402,0.5236872898417303,0.0025453915413869606,0.5235319925779022,-0.012418798635505046,0.016104652729745636,0.016104652729745636,0.0,False,False,0.5235987755982988,0.0
3.753207462975759,0.0009805144154440123,0.5236897391601721,0.002579133200284204,0.5243510241338438,0.07506713352884185,-0.10362103387442037,-0.10362103387442037,0.0,False,False,0.5235987755982988,0.0
3.754187977391203,0.0010173884160926288,0.5236865372279128,-0.0032655636764199096,0.5234880752882304,-0.02044938692337682,0.026531869889284004,0.026531869889284004,0.0,False,False,0.5235987755982988,0.0
3.7552053658072957,0.0009786548412413186,0.5236856066499012,-0.0009146732918993501,0.5232521325729141,-0.041595464718370376,0.05615413211896859,0.05615413211896859,0.0,False,False,0.5235987755982988,0.0
3.756184020648537,0.001069599368774073,0.5236876667582046,0.0021050407320657902,0.5235141534517546,-0.010662344173362318,0.014318011645831378,0.014318011645831378,0.0,False,False,0.5235987755982988,0.0
3.757253620017311,0.0010690144035211935,0.5236900078754111,0.002188779532690816,0.5225801048465061,-0.09692306903789699,0.13464375637774567,0.13464375637774567,0.0,False,False,0.5235987755982988,0.0
3.758322634420832,0.0009167788014760673,0.5236992837817143,0.008677063912863672,0.5240457592164391,0.04987257016014365,-0.0678927893186983,-0.0678927893186983,0.0,False,False,0.5235987755982988,0.0
3.759239413222308,0.0010752425059599921,0.5237022962117133,0.0032858853129972146,0.5221430831169365,-0.16265396420818906,0.22138722171434913,0.22138722171434913,0.0,False,False,0.5235987755982988,0.0
3.760314655728268,0.0010377585039811892,0.5237174823973849,0.014123498268960203,0.5233299133145137,-0.036010658525157696,0.04805231133832081,0.04805231133832081,0.0,False,False,0.5235987755982988,0.0
3.761352414232249,0.0009545249906692218,0.5237307353677786,0.012770765397573436,0.5243934239770306,0.0700719247937899,-0.09838998056971987,-0.09838998056971987,0.0,False,False,0.5235987755982988,0.0
3.7623069392229183,0.0009849749724943609,0.5237353139005071,0.004796660928964051,0.5239997734169917,0.02182426570672817,-0.0334070795845451,-0.0334070795845451,0.0,False,False,0.5235987755982988,0.0
3.7632919141954124,0.0009266530517582033,0.5237370294246911,0.0017416931718490167,0.5242521813067348,0.045267656724488306,-0.06608249082123346,-0.06608249082123346,0.0,False,False,0.5235987755982988,0.0
3.7642185672471706,0.0009967341952254007,0.5237353526432007,-0.001809503014332536,0.5236785895855448,-0.021158405572696763,0.02395343491680827,0.02395343491680827,0.0,False,False,0.5235987755982988,0.0
3.765215301442396,0.0009551467320968477,0.5237352839465295,-6.892175620801114e-05,0.5247560800600708,0.08905952275154526,-0.12770290761374994,-0.12770290761374994,0.0,False,False,0.5235987755982988,0.0
3.766170448174493,0.000970453995772228,0.5237294120290367,-0.006147660140087018,0.5245363643077456,0.05715021979300301,-0.08545686052164644,-0.08545686052164644,0.0,False,False,0.5235987755982988,0.0
3.767140902170265,0.0009775771576586993,0.5237211292965345,-0.008534904836614416,0.5241104607691482,0.007548157268469441,-0.01826812179745306,-0.01826812179745306,0.0,False,False,0.5235987755982988,0.0
3.768118479327924,0.0009630997055789436,0.5237142539632429,-0.0070330339018903135,0.5245236903520974,0.04906413108614194,-0.07552542287174573,-0.07552542287174573,0.0,False,False,0.5235987755982988,0.0
3.769081579033503,0.0010317891087869033,0.5237058840234,-0.008690626520119364,0.524360752113843,0.027239611024471286,-0.04640311050916143,-0.04640311050916143,0.0,False,False,0.5235987755982988,0.0
3.77011336814229,0.0009101589236774257,0.523697097273353,-0.008516032949199923,0.5233135930108388,-0.0769739950147598,0.09750208059199211,0.09750208059199211,0.0,False,False,0.5235987755982988,0.0
3.7710235270659673,0.001037023655996212,0.5236954101464453,-0.0018536618868015683,0.5225226371052961,-0.1561796500201696,0.20678607289825207,0.20678607289825207,0.0,False,False,0.5235987755982988,0.0
3.7720605507219633,0.0010054985920628543,0.5237052112348558,0.009451171488545684,0.5240720463921876,0.008847566924425176,-0.019135954599308856,-0.019135954599308856,0.0,False,False,0.5235987755982988,0.0
3.7730660493140262,0.0009722456204316417,0.5237110380886432,0.005794989504104278,0.5241875908430278,0.019454069568618625,-0.03394355788746398,-0.03394355788746398,0.0,False,False,0.5235987755982988,0.0
3.7740382949344577,0.0009335541118472283,0.5237134472144089,0.0024778982955776124,0.5246650635467163,0.06661895878120565,-0.09913593360896096,-0.09913593360896096,0.0,False,False,0.5235987755982988,0.0
3.774971849046305,0.000862815000938536,0.5237107872955171,-0.0028492391153446066,0.5228936928402166,-0.1297877718119231,0.1684368158197879,0.1684368158197879,0.0,False,False,0.5235987755982988,0.0
3.7758346640472435,0.0010655185859572078,0.5237152391151526,0.005159645614195275,0.5229242287938163,-0.11326988676096943,0.14806570659384893,0.14806570659384893,0.0,False,False,0.5235987755982988,0.0
3.776900182633201,0.0009214591144932535,0.5237273991592919,0.011412324758639826,0.5241287378531854,0.011101498816662114,-0.022861119167952457,-0.022861119167952457,0.0,False,False,0.5235987755982988,0.0
3.777821641747694,0.0010268202013998496,0.5237342780221416,0.007465185097657305,0.5236721731084307,-0.03955667089285313,0.04614684988904934,0.04614684988904934,0.0,False,False,0.5235987755982988,0.0
3.7788484619490936,0.0009485205867775959,0.5237420872884151,0.007605290841446686,0.5220964498378062,-0.18905759420530846,0.25391097673523666,0.25391097673523666,0.0,False,False,0.5235987755982988,0.0
3.779796982535871,0.0010120505028844177,0.5237587365799965,0.017552904821934175,0.5240860802054276,0.03960959742416395,-0.056302999837314384,-0.056302999837314384,0.0,False,False,0.5235987755982988,0.0
3.7808090330387554,0.0009242302922760669,0.5237692116631973,0.010350356203547819,0.5221526677128999,-0.15539049396408297,0.21249853469407967,0.21249853469407967,0.0,False,False,0.5235987755982988,0.0
3.7817332633310317,0.0010214220967505161,0.5237853797580696,0.017493578177782708,0.5229604878027576,-0.05244681212825275,0.07442535487364496,0.07442535487364496,0.0,False,False,0.5235987755982988,0.0
3.7827546854277823,0.0009358036906783907,0.5238026521840292,0.016910174564081473,0.5249822167037436,0.15073062454558567,-0.2057786893527083,-0.2057786893527083,0.0,False,False,0.5235987755982988,0.0
3.783690489118461,0.0010360351081293638,0.5238057884705526,0.003351436369241484,0.5253982958361173,0.18011978600810838,-0.2485351074904628,-0.2485351074904628,0.0,False,False,0.5235987755982988,0.0
3.78472652422659,0.0010173450811789093,0.5237948385872684,-0.010569027244574031,0.5227339782771347,-0.09505698730638465,0.1296347365486148,0.1296347365486148,0.0,False,False,0.5235987755982988,0.0
3.785743869307769,0.0008460684432007532,0.5237938453677814,-0.0009762857317253473,0.5235063970249785,-0.009626338218818933,0.013214420182348835,0.013214420182348835,0.0,False,False,0.5235987755982988,0.0
3.7865899377509695,0.0009439397073586766,0.5237937046143215,-0.00016636178900846107,0.5238308997824831,0.029690492608330718,-0.039806826445313886,-0.039806826445313886,0.0,False,False,0.5235987755982988,0.0
3.787533877458328,0.0011318501926510433,0.5237918192020922,-0.0019973862892765544,0.5253462329326662,0.18725427593945868,-0.25615936314596416,-0.25615936314596416,0.0,False,False,0.5235987755982988,0.0
3.788665727650979,0.0010379844737272571,0.5237739257056483,-0.015809067807835274,0.5233438164096295,-0.008386483386391114,0.014653045459717762,0.014653045459717762,0.0,False,False,0.5235987755982988,0.0
3.789703712124706,0.0010726893506790086,0.5237626315641312,-0.01088083858961374,0.5233464717465268,-0.007292018418065194,0.013291891433574152,0.013291891433574152,0.0,False,False,0.5235987755982988,0.0
3.790776401475385,0.0009719512389722303,0.5237551992667949,-0.006928657706519351,0.5251067172770432,0.15753366945691738,-0.21618335356569918,-0.21618335356569918,0.0,False,False,0.5235987755982988,0.0
3.7917483527143574,0.0009333912546696676,0.5237401684964493,-0.015464531288069296,0.5234131032606647,-0.03246856394110181,0.04230437880673621,0.04230437880673621,0.0,False,False,0.5235987755982988,0.0
3.7926817439690272,0.0009311009061007347,0.5237310222408584,-0.009798951452703632,0.5243612621251081,0.07236043817163271,-0.1005572832885271,-0.1005572832885271,0.0,False,False,0.5235987755982988,0.0
3.793612844875128,0.000979165610736829,0.5237199359859096,-0.011906609558871302,0.5224308855727154,-0.1421975553659675,0.19165908689966174,0.19165908689966174,0.0,False,False,0.5235987755982988,0.0
3.794592010485865,0.0009623227297317766,0.5237205811745983,0.0006589168182158916,0.5235711524160165,-0.011524890250266803,0.014327085581402148,0.014327085581402148,0.0,False,False,0.5235987755982988,0.0
3.7955543332155965,0.0010062994742206098,0.5237216932213374,0.0011555860677603625,0.5222734217671132,-0.1452263965439386,0.198128044814067,0.198128044814067,0.0,False,False,0.5235987755982988,0.0
3.7965606326898174,0.0009366545640936215,0.5237325323446496,0.010771269974589916,0.5228114926189271,-0.07723350617410633,0.10685130103761811,0.10685130103761811,0.0,False,False,0.5235987755982988,0.0
3.797497287253911,0.0010210702561001897,0.5237446813264696,0.012970610816070968,0.5244770226631998,0.10830673747092931,-0.14577653213333366,-0.14577653213333366,0.0,False,False,0.5235987755982988,0.0
3.798518357510011,0.0009209057416333454,0.5237467020301093,0.0019790054872587688,0.5237031513606614,0.02168585262767242,-0.027901786875732835,-0.027901786875732835,0.0,False,False,0.5235987755982988,0.0
3.7994392632516445,0.0009492006174875664,0.5237468328023999,0.00014200399092692746,0.5234683605106667,-0.005978376692893667,0.009521523608850535,0.009521523608850535,0.0,False,False,0.5235987755982988,0.0
3.800388463869132,0.001019363970245808,0.5237473576346245,0.0005529202310108128,0.5230939503240477,-0.04482532864142122,0.0628772493062254,0.0628772493062254,0.0,False,False,0.5235987755982988,0.0
3.8014078278393777,0.00106154643273558,0.5237510134416329,0.0035863608240889753,0.5235584546920038,0.005225262493808967,-0.005544538679260372,-0.005544538679260372,0.0,False,False,0.5235987755982988,0.0
3.802469374272113,0.0010606929648543147,0.5237532923725867,0.0021468028938966847,0.5240160631819375,0.04781045869745884,-0.06488372694244687,-0.06488372694244687,0.0,False,False,0.5235987755982988,0.0
3.8035300672369674,0.0010093436174630382,0.5237511880541214,-0.0019839091377843194,0.5246089442578199,0.09892504856088977,-0.1368930941444472,-0.1368930941444472,0.0,False,False,0.5235987755982988,0.0
3.8045394108544306,0.001027626233086017,0.5237428248986484,-0.008285736718612826,0.5214519522493833,-0.22374419097863435,0.3071358494548397,0.3071358494548397,0.0,False,False,0.5235987755982988,0.0
3.8055670370875165,0.000924735626398149,0.5237530466950101,0.009946998269007695,0.5230271981409531,-0.04808000164600215,0.0679843962074253,0.0679843962074253,0.0,False,False,0.5235987755982988,0.0
3.8064917727139145,0.001041747788375657,0.5237627574781548,0.010501145265198755,0.5239015951408422,0.05128442901916144,-0.06699206658877509,-0.06699206658877509,0.0,False,False,0.5235987755982988,0.0
3.80753352050229,0.0010254053608229417,0.5237668804551351,0.003957749683996845,0.523680606111019,0.024942691278593773,-0.03140417876327521,-0.03140417876327521,0.0,False,False,0.5235987755982988,0.0
3.808558925863113,0.0009836840270362928,0.5237680387258931,0.0011295735347333674,0.5241200509037138,0.06530413653301416,-0.08774791933708724,-0.08774791933708724,0.0,False,False,0.5235987755982988,0.0
3.809542609890149,0.0010457597208354005,0.5237645725466011,-0.0035236714195356453,0.5239980454903329,0.04637081604910099,-0.06283183731553486,-0.06283183731553486,0.0,False,False,0.5235987755982988,0.0
3.8105883696109846,0.0010130193769562006,0.5237586116054886,-0.005700105859583584,0.523492564205851,-0.006602539597623483,0.009834852581208925,0.009834852581208925,0.0,False,False,0.5235987755982988,0.0
3.811601388987941,0.0009997838580181845,0.523755074145207,-0.0034919966608849733,0.5232953079979754,-0.02541439173599683,0.03595968688901746,0.03595968688901746,0.0,False,False,0.5235987755982988,0.0
3.8126011728459592,0.0009884423573959219,0.5237544307060246,-0.0006435782866750341,0.5235401902403027,0.0016205657479247439,-0.0008901424535803044,-0.0008901424535803044,0.0,False,False,0.5235987755982988,0.0
3.8135896152033553,0.000992615441599619,0.5237539421681087,-0.0004942502840440039,0.5247564089811838,0.12450248151818948,-0.17024037871375725,-0.17024037871375725,0.0,False,False,0.5235987755982988,0.0
3.814582230644955,0.00101098848681757,0.5237452128109924,-0.008794299131816306,0.5231064153819963,-0.05417463859609832,0.073872050208763,0.073872050208763,0.0,False,False,0.5235987755982988,0.0
3.8155932191317725,0.0008896271115995359,0.5237426683141786,-0.0025168405446093726,0.523687859108616,0.008755223693489217,-0.012109771617897069,-0.012109771617897069,0.0,False,False,0.5235987755982988,0.0
3.816482846243372,0.0010299828662049607,0.5237405524677426,-0.00237835201781414,0.523900548732351,0.03178742861367664,-0.043576830749351904,-0.043576830749351904,0.0,False,False,0.5235987755982988,0.0
3.817512829109577,0.0010610761836979254,0.523736554827221,-0.003881268953850086,0.5250982178878643,0.1448891788372198,-0.20085697581684175,-0.20085697581684175,0.0,False,False,0.5235987755982988,0.0
3.818573905293275,0.0009357184083248532,0.5237224416582837,-0.013300806439843531,0.5234603732644261,-0.023956669170990014,0.03123924501489742,0.03123924501489742,0.0,False,False,0.5235987755982988,0.0
3.8195096237015997,0.0009410245547912053,0.5237144659900428,-0.008523577360446758,0.5245511826419141,0.09501353211279533,-0.1311595653204302,-0.1311595653204302,0.0,False,False,0.5235987755982988,0.0
3.820450648256391,0.0009946212755518628,0.5237028045628045,-0.012392266683116781,0.524777909407991,0.1096057867592969,-0.1527513526856149,-0.1527513526856149,0.0,False,False,0.5235987755982988,0.0
3.8214452695319427,0.0010683717826019986,0.5236862420532457,-0.01665207648975359,0.5236306059614318,-0.01670557665854705,0.019473745453861845,0.019473745453861845,0.0,False,False,0.5235987755982988,0.0
3.822513641314545,0.0009929929225863836,0.5236743086615832,-0.011169699403169456,0.5234904216625166,-0.028156322007065575,0.03573795725255892,0.03573795725255892,0.0,False,False,0.5235987755982988,0.0
3.8235066342371313,0.0009715063099862809,0.5236680218732485,-0.006331151201228987,0.5233808683735975,-0.036373325228743855,0.047570320319115574,0.047570320319115574,0.0,False,False,0.5235987755982988,0.0
3.8244781405471175,0.000953795246434841,0.5236658749992805,-0.002209840477476923,0.5234426271995153,-0.026378975228688283,0.03446544145252946,0.03446544145252946,0.0,False,False,0.5235987755982988,0.0
3.8254319357935525,0.001122617497648321,0.5236659436716381,7.199905618250537e-05,0.5244114085800803,0.07783013311601814,-0.1080235534112882,-0.1080235534112882,0.0,False,False,0.5235987755982988,0.0
3.8265545532912006,0.001066132218072631,0.5236591899722953,-0.006016028929638011,0.5238607842076987,0.020998857726274606,-0.02991478424072672,-0.02991478424072672,0.0,False,False,0.5235987755982988,0.0
3.8276206855092734,0.0009770669892309987,0.5236530950307957,-0.0057168720692561984,0.5238584240368495,0.018677595016603682,-0.027086785913835964,-0.027086785913835964,0.0,False,False,0.5235987755982988,0.0
3.828597752498504,0.0011109384796775346,0.5236478322796468,-0.005386274643224902,0.522665889525798,-0.1052426464740436,0.1430831250738678,0.1430831250738678,0.0,False,False,0.5235987755982988,0.0
3.829708690978182,0.0010139414520495907,0.5236526520381218,0.004338456686049593,0.5228083576715932,-0.08189425624260427,0.11250063017182672,0.11250063017182672,0.0,False,False,0.5235987755982988,0.0
3.8307226324302315,0.0009214976531963219,0.5236614986249033,0.008724948332597633,0.5255320088465921,0.1949153317680877,-0.26869659659098477,-0.26869659659098477,0.0,False,False,0.5235987755982988,0.0
3.831644130083428,0.0009495652967056067,0.5236560090923723,-0.005957185579311292,0.5235008268723206,-0.04499802963868493,0.05576071263403017,0.05576071263403017,0.0,False,False,0.5235987755982988,0.0
3.8325936953801336,0.0009978007570485806,0.5236544531507181,-0.0016385831069691869,0.5229783370369636,-0.09552233477666847,0.12579469583603578,0.12579469583603578,0.0,False,False,0.5235987755982988,0.0
3.833591496137182,0.0009126933684510452,0.5236595751197005,0.0051332582644122125,0.5249084447378044,0.10746608194763183,-0.15253334284825876,-0.15253334284825876,0.0,False,False,0.5235987755982988,0.0
3.8345041895056333,0.0009304241201199822,0.523656634652978,-0.0032217465626687633,0.5239025590047177,-0.013491224369524907,0.01072136792788968,0.01072136792788968,0.0,False,False,0.5235987755982988,0.0
3.835434613625753,0.000989203605067096,0.5236549418331855,-0.0018194066080421227,0.5241594771774795,0.015470915314724812,-0.028657726802921377,-0.028657726802921377,0.0,False,False,0.5235987755982988,0.0
3.8364238172308203,0.0010166084812520296,0.5236522797089072,-0.0026911793130087736,0.5235318109095866,-0.049527852360844164,0.06063878722983361,0.06063878722983361,0.0,False,False,0.5235987755982988,0.0
3.8374404257120722,0.000982690381629456,0.5236535178406266,0.0012179041807688761,0.5233754231072231,-0.059958354324064406,0.07597037002824071,0.07597037002824071,0.0,False,False,0.5235987755982988,0.0
3.8384231160937015,0.0010671334475173733,0.5236580257173663,0.004587280820056048,0.5235100336890367,-0.04026435064557962,0.049914575141413585,0.049914575141413585,0.0,False,False,0.5235987755982988,0.0
3.839490249541219,0.0009732777686983302,0.5236642018860602,0.005787625444819396,0.5224575351978246,-0.13486648857352962,0.18238211349677208,0.18238211349677208,0.0,False,False,0.5235987755982988,0.0
3.8404635273099172,0.0009869011461867663,0.5236768508660363,0.012996269290157868,0.52360011972618,-0.003984316556989095,0.004756985566524957,0.004756985566524957,0.0,False,False,0.5235987755982988,0.0
3.841450428456104,0.0009908138609487861,0.523686517910223,0.009795352071534973,0.5239448555046832,0.0313452507889602,-0.04384373926167064,-0.04384373926167064,0.0,False,False,0.5235987755982988,0.0
3.8424412423170526,0.0009467017722290473,0.523691358347432,0.004885314386222102,0.5253061921533158,0.16560652751374405,-0.22946133100679775,-0.22946133100679775,0.0,False,False,0.5235987755982988,0.0
3.8433879440892817,0.0010173910734371304,0.5236843950846027,-0.00735528656808451,0.5237594434265016,-0.014337016469815195,0.014312398856128061,0.014312398856128061,0.0,False,False,0.5235987755982988,0.0
3.844405335162719,0.0009833556686946999,0.5236798693761073,-0.004448346966618609,0.5216429156405558,-0.22093814441843984,0.3003312525415028,0.3003312525415028,0.0,False,False,0.5235987755982988,0.0
3.8453886908314137,0.001049398081472011,0.5236913026997821,0.011626844730564226,0.523609284937232,0.00112088701212687,-0.0015342325153499647,-0.0015342325153499647,0.0,False,False,0.5235987755982988,0.0
3.8464380889128855,0.0009275839364218416,0.5236999082846766,0.008200496119024302,0.5260905766344133,0.23745783905060158,-0.3298018255107822,-0.3298018255107822,0.0,False,False,0.5235987755982988,0.0
3.8473656728493073,0.0009757916331061001,0.523691292850215,-0.009288037581687697,0.5244473400166447,0.03655971849476439,-0.059145821723943635,-0.059145821723943635,0.0,False,False,0.5235987755982988,0.0
3.8483414644824134,0.0009156499483277575,0.5236819267295553,-0.009598484288968588,0.5229742926326814,-0.11805546780036388,0.15290725474155087,0.15290725474155087,0.0,False,False,0.5235987755982988,0.0
3.849257114430741,0.0009325139495773283,0.5236818245716681,-0.00011156871393235186,0.5241976623170082,0.027356779505459602,-0.04360809634331955,-0.04360809634331955,0.0,False,False,0.5235987755982988,0.0
3.8501896283803183,0.0009773142253679168,0.5236798539841473,-0.0021131989732689695,0.523032325116231,-0.10034616583077663,0.1306115076741528,0.1306115076741528,0.0,False,False,0.5235987755982988,0.0
3.851166942605686,0.0009547142422043388,0.5236846377112289,0.004894768701158221,0.5225032177785114,-0.14445046629051772,0.193060600304795,0.193060600304795,0.0,False,False,0.5235987755982988,0.0
3.85212165684789,0.0010487982085633002,0.5236967791612983,0.01271736560813104,0.5233927695412228,-0.0368307582405205,0.04790501891599244,0.04790501891599244,0.0,False,False,0.5235987755982988,0.0
3.8531704550564534,0.0010644167989453026,0.5237089862278113,0.011639099317041232,0.5237888581136785,0.004618264285351177,-0.008963402419255358,-0.008963402419255358,0.0,False,False,0.5235987755982988,0.0
3.8542348718553985,0.0009617922795532207,0.5237172518878626,0.00776543555066129,0.5220834880065229,-0.15605994625562408,0.21454711215871478,0.21454711215871478,0.0,False,False,0.5235987755982988,0.0
3.8551966641349518,0.0009905370865806108,0.5237325622968423,0.015918623288225558,0.5227297316343532,-0.07326235095195305,0.10355761249336452,0.10355761249336452,0.0,False,False,0.5235987755982988,0.0
3.8561872012215326,0.001002369087762982,0.5237494524117072,0.01705147146305923,0.5237584718920862,0.037920697953646665,-0.04837937083254966,-0.04837937083254966,0.0,False,False,0.5235987755982988,0.0
3.8571895703092958,0.00100455763361132,0.5237598711291819,0.01039409295622009,0.5234036728372155,-0.0012674209819211676,0.005032754877805981,0.005032754877805981,0.0,False,False,0.5235987755982988,0.0
3.858194127942907,0.0009823034380615193,0.5237676335697291,0.007727222697366162,0.5241121714000033,0.06938773472663463,-0.0925064061026427,-0.0925064061026427,0.0,False,False,0.5235987755982988,0.0
3.8591764313809684,0.00107867027125161,0.5237685993471266,0.000983176236642555,0.5227086012655653,-0.08043663601196596,0.11254710120356266,0.11254710120356266,0.0,False,False,0.5235987755982988,0.0
3.86025510165222,0.0009779531153100327,0.5237758599780072,0.006731093897863447,0.5243990417853079,0.08432225047019401,-0.11559149193039704,-0.11559149193039704,0.0,False,False,0.5235987755982988,0.0
3.86123305476753,0.001029442316474465,0.5237750278702693,-0.0008508666978565976,0.5227420031805625,-0.09354944757447536,0.12768124060862374,0.12768124060862374,0.0,False,False,0.5235987755982988,0.0
3.8622624970840045,0.0009672853262244849,0.5237811914272061,0.00598727761450428,0.5252147475424193,0.1560078205462816,-0.21629687964970587,-0.21629687964970587,0.0,False,False,0.5235987755982988,0.0
3.863229782410229,0.0010151833909884944,0.5237752094994919,-0.006184243213580534,0.5222779279379534,-0.16320757498841618,0.21962434787231766,0.21962434787231766,0.0,False,False,0.5235987755982988,0.0
3.8642449658012175,0.0010465830329780199,0.5237821274105485,0.006814444678764894,0.5228286939468028,-0.09263395896781379,0.12502222048830558,0.12502222048830558,0.0,False,False,0.5235987755982988,0.0
3.8652915488341955,0.0009896882821645847,0.5237939200802548,0.011267782234857806,0.5241581448159848,0.043657186022042604,-0.06245726914479834,-0.06245726914479834,0.0,False,False,0.5235987755982988,0.0
3.86628123711636,0.001059438967345103,0.5237989686508299,0.005101172425707161,0.5252512861388201,0.14974456083673549,-0.2094386627334658,-0.2094386627334658,0.0,False,False,0.5235987755982988,0.0
3.8673406760837055,0.0009857240960054869,0.5237909149370799,-0.007601866646612059,0.5240658418503652,0.022876515316233317,-0.035859010916674885,-0.035859010916674885,0.0,False,False,0.5235987755982988,0.0
3.868326400179711,0.0010089431103990616,0.5237838240405793,-0.0071935915224274885,0.5242750102369849,0.041808633846769264,-0.06234258411247195,-0.06234258411247195,0.0,False,False,0.5235987755982988,0.0
3.86933534329011,0.001005016841933243,0.5237755290484009,-0.008221466694135274,0.5237908328821406,-0.010360797957071656,0.008975926439334467,0.008975926439334467,0.0,False,False,0.5235987755982988,0.0
3.8703403601320434,0.0010531107448731052,0.5237701126657236,-0.005389345184293581,0.5228744110426391,-0.10050944276146635,0.13364989331563454,0.13364989331563454,0.0,False,False,0.5235987755982988,0.0
3.8713934708769164,0.0009478237159915086,0.523773623092692,0.0033333882363100857,0.5233458966943388,-0.04568774156397094,0.05937711014804467,0.05937711014804467,0.0,False,False,0.5235987755982988,0.0
3.872341294592908,0.0009585689052976918,0.5237785475514256,0.005195542853097141,0.5227209568088959,-0.10705315695137996,0.14426452655090927,0.14426452655090927,0.0,False,False,0.5235987755982988,0.0
3.8732998634982057,0.0009546871593434067,0.5237887358317453,0.010628636359335385,0.5226728508759565,-0.10136635715775846,0.1383062735914719,0.1383062735914719,0.0,False,False,0.5235987755982988,0.0
3.874254550657549,0.0009623986456282842,0.5238024865936496,0.01440342186411976,0.5241530786640726,0.06381874376772133,-0.08655994770519315,-0.08655994770519315,0.0,False,False,0.5235987755982988,0.0
3.8752169493031774,0.0009604829494037827,0.5238088575069029,0.006619827742114513,0.5228286998132359,-0.08017542431423338,0.11007187330821298,0.11007187330821298,0.0,False,False,0.5235987755982988,0.0
3.876177432252581,0.0009380970694245274,0.5238185005329228,0.01003976804161417,0.524097364010686,0.05992818984158718,-0.08088841923287325,-0.08088841923287325,0.0,False,False,0.5235987755982988,0.0
3.8771155293220056,0.0009806035132719072,0.5238218759724429,0.003598177235687023,0.5226858213072613,-0.09653335454756626,0.13227320269575538,0.13227320269575538,0.0,False,False,0.5235987755982988,0.0
3.8780961328352777,0.0010396502655621554,0.5238307231743772,0.009022200934987928,0.5240893661517793,0.05625069842164075,-0.07633146806861683,-0.07633146806861683,0.0,False,False,0.5235987755982988,0.0
3.87913578310084,0.0010134272431804557,0.5238331968412885,0.0023793260034266116,0.523406740850013,-0.015033499723357824,0.021496825137173325,0.021496825137173325,0.0,False,False,0.5235987755982988,0.0
3.8801492103440203,0.0010914365605005796,0.52383597258369,0.0027389656437397563,0.525063476202285,0.14994832030397603,-0.20630259523652247,-0.20630259523652247,0.0,False,False,0.5235987755982988,0.0
3.8812406469045206,0.0009599535357908592,0.5238256884582315,-0.009422559066321574,0.5241081864871703,0.04742758436977497,-0.06608249724341632,-0.06608249724341632,0.0,False,False,0.5235987755982988,0.0
3.8822006004403113,0.0009318622024226404,0.5238160610534731,-0.01002903203062783,0.5248944850696016,0.12459489273446772,-0.1728366417648108,-0.1728366417648108,0.0,False,False,0.5235987755982988,0.0
3.883132462642734,0.0009534061475763043,0.5238016595981148,-0.015454490289356873,0.5231422334389396,-0.07590222979703733,0.09930043462491032,0.09930043462491032,0.0,False,False,0.5235987755982988,0.0
3.8840858687903106,0.0009671856966174359,0.523795031418794,-0.0069521046592964965,0.5238440257258105,0.0052969465814771965,-0.010770838192982201,-0.010770838192982201,0.0,False,False,0.5235987755982988,0.0
3.885053054486928,0.000989030558648948,0.5237897057193922,-0.005506387677660693,0.5229335456614841,-0.08936979616481064,0.11921789426043784,0.11921789426043784,0.0,False,False,0.5235987755982988,0.0
3.886042085045577,0.0010020018622007925,0.5237916883620992,0.0020046324046501685,0.5234307496976291,-0.030160958737964344,0.0392176166976112,0.0392176166976112,0.0,False,False,0.5235987755982988,0.0
3.887044086907778,0.0009631665141513009,0.5237950559103334,0.003360820334997186,0.5235663268268197,-0.013614236394795493,0.01692116156037877,0.01692116156037877,0.0,False,False,0.5235987755982988,0.0
3.888007253421929,0.001113712757585829,0.5237981387142364,0.0032006967203513483,0.5231647079215535,-0.05395057730230415,0.07255391094418154,0.07255391094418154,0.0,False,False,0.5235987755982988,0.0
3.889120966179515,0.0010641427143616962,0.5238050061887422,0.006166288801954864,0.5227442798410291,-0.08630565556186795,0.11894771030509617,0.11894771030509617,0.0,False,False,0.5235987755982988,0.0
3.890185108893877,0.0009879786395712116,0.5238162440215159,0.010560456433285872,0.5225827174549301,-0.09285748837373274,0.12971803262911574,0.12971803262911574,0.0,False,False,0.5235987755982988,0.0
3.891173087533448,0.000954735319298571,0.5238301333666364,0.014058345559498217,0.5217883179523151,-0.1639782858722029,0.22936218067435105,0.22936218067435105,0.0,False,False,0.5235987755982988,0.0
3.8921278228527463,0.0009710643874539638,0.5238506420456334,0.021481010058378068,0.5229288058541367,-0.028124532824207585,0.04580889478396714,0.04580889478396714,0.0,False,False,0.5235987755982988,0.0
3.8930988872402,0.0010424056740860116,0.5238691050605178,0.019013172682396003,0.5244166967871724,0.1279106060245947,-0.16821530862923811,-0.16821530862923811,0.0,False,False,0.5235987755982988,0.0
3.894141292914286,0.001013869000855393,0.5238748775664358,0.0055376769923081715,0.5224799244428394,-0.07067878554254961,0.10495386344932872,0.10495386344932872,0.0,False,False,0.5235987755982988,0.0
3.895155161915141,0.0009461427309522322,0.5238841981774929,0.009193111781936969,0.5226902857655491,-0.042862533921142545,0.06778785769486592,0.06778785769486592,0.0,False,False,0.5235987755982988,0.0
3.8961013046460935,0.0009647095886599505,0.5238935888680413,0.009925236691212584,0.5254564426999051,0.25378520404022276,-0.33798025267718046,-0.33798025267718046,0.0,False,False,0.5235987755982988,0.0
3.8970660142347535,0.0009467484127858064,0.5238848355661982,-0.009073509733786997,0.5233293879789087,0.007920151108725654,-0.004655204181448902,-0.004655204181448902,0.0,False,False,0.5235987755982988,0.0
3.8980127626475394,0.0010248263980125328,0.5238783543301831,-0.006845784928221582,0.5241585198256988,0.09470492362091348,-0.12372130443829647,-0.12372130443829647,0.0,False,False,0.5235987755982988,0.0
3.8990375890455518,0.001079548598811626,0.5238669468209445,-0.011131162566505749,0.5244274742733669,0.11147833443985321,-0.14869057747904918,-0.14869057747904918,0.0,False,False,0.5235987755982988,0.0
3.9001171376443633,0.0010635510252500586,0.5238498518628748,-0.015835283458740954,0.5244280149801337,0.10038058737154383,-0.1353830137188804,-0.1353830137188804,0.0,False,False,0.5235987755982988,0.0
3.9011806886696134,0.0009743690656782846,0.5238299003110174,-0.018759374382403847,0.5225014305323137,-0.09080387638807196,0.12871686285341877,0.12871686285341877,0.0,False,False,0.5235987755982988,0.0
3.9021550577352917,0.0010146319499385404,0.5238219859290829,-0.008122571018733997,0.5236203483199404,0.03311162117367081,-0.04012225439795386,-0.04012225439795386,0.0,False,False,0.5235987755982988,0.0
3.9031696896852304,0.000951669411906263,0.5238140919174877,-0.007780172500582544,0.5224019222225551,-0.09028506530148143,0.12988543912516454,0.12988543912516454,0.0,False,False,0.5235987755982988,0.0
3.9041213590971364,0.0010193541864342592,0.5238146109914875,0.0005454352039178621,0.5259494260509037,0.2915098435072326,-0.3921235203555664,-0.3921235203555664,0.0,False,False,0.5235987755982988,0.0
3.9051407132835707,0.0010292119814279686,0.5237946222891887,-0.019609182524448068,0.5224028310634045,-0.08556682111222386,0.12420718696276702,0.12420718696276702,0.0,False,False,0.5235987755982988,0.0
3.9061699252649986,0.0008908976691153849,0.5237858893590224,-0.008485064616354489,0.5228714762663176,-0.03147576791226774,0.05086230947038352,0.05086230947038352,0.0,False,False,0.5235987755982988,0.0
3.907060822934114,0.0009804152606570059,0.5237822827339467,-0.004048304536835673,0.522874187178144,-0.028023901198590464,0.04667127300109442,0.04667127300109442,0.0,False,False,0.5235987755982988,0.0
3.9080412381947713,0.000969156002007332,0.52378172403367,-0.0005698608529693516,0.5224756413785059,-0.06587222467238599,0.09926308556313596,0.09926308556313596,0.0,False,False,0.5235987755982988,0.0
3.9090103941967786,0.0009579090367431681,0.5237859961309314,0.004408059437829527,0.524966356989315,0.19771341762100503,-0.2618725661834981,-0.2618725661834981,0.0,False,False,0.5235987755982988,0.0
3.909968303233522,0.0009560751451449592,0.5237769937300987,-0.009397970462115835,0.5258909783216953,0.2744670377199915,-0.3706200942851263,-0.3706200942851263,0.0,False,False,0.5235987755982988,0.0
3.910924378378667,0.0011099979454625836,0.5237535069560275,-0.024565824339674712,0.5233383375287541,-0.019971314763273185,0.028653462967732014,0.028653462967732014,0.0,False,False,0.5235987755982988,0.0
3.91203437632413,0.001006794254731239,0.5237343503607522,-0.017258225885579275,0.5225820637891533,-0.08610707872989037,0.12162930704048802,0.12162930704048802,0.0,False,False,0.5235987755982988,0.0
3.913041170578861,0.0009739094611903428,0.5237274528459291,-0.0068509676039917155,0.5217753670921998,-0.15762164900211487,0.22196733191231924,0.22196733191231924,0.0,False,False,0.5235987755982988,0.0
3.9140150800400515,0.0009608447098588082,0.5237332100228692,0.0059114087802545345,0.5235201849793175,0.03729658292973784,-0.043341268374022,-0.043341268374022,0.0,False,False,0.5235987755982988,0.0
3.9149759247499105,0.0009761234706795132,0.5237352762618812,0.00215044011874525,0.5234591953481996,0.027219423267177124,-0.030150863418827098,-0.030150863418827098,0.0,False,False,0.5235987755982988,0.0
3.91595204822059,0.0009558163079386172,0.5237353184133667,4.318253454099622e-05,0.5231669553228433,-0.005441357140433048,0.014302393526718998,0.014302393526718998,0.0,False,False,0.5235987755982988,0.0
3.9169078645285285,0.0010003517461959516,0.5237360010173567,0.000714158133049491,0.5239291873705729,0.07484948737098496,-0.09576679674611589,-0.09576679674611589,0.0,False,False,0.5235987755982988,0.0
3.9179082162747245,0.0009353026749616484,0.5237317065519481,-0.0042929553779013675,0.5240765601748273,0.08209663709972914,-0.10711608689718748,-0.10711608689718748,0.0,False,False,0.5235987755982988,0.0
3.918843518949686,0.000974307390055458,0.5237241307932116,-0.008099793723832632,0.5240060741236658,0.06635079787691117,-0.08695233090889991,-0.08695233090889991,0.0,False,False,0.5235987755982988,0.0
3.9198178263397416,0.0010323925970379814,0.5237143311035038,-0.010058108773186674,0.5234384601103391,0.001457511375380624,0.0011366651328177547,0.0011366651328177547,0.0,False,False,0.5235987755982988,0.0
3.9208502189367795,0.0010396394661890127,0.5237070204776121,-0.007081245945329412,0.5227456740757164,-0.06579314119310622,0.09430759683821147,0.09430759683821147,0.0,False,False,0.5235987755982988,0.0
3.9218898584029684,0.0008961468510239033,0.5237069905303151,-2.8805463769431515e-05,0.5242880395215891,0.08914197280041827,-0.11937711797972685,-0.11937711797972685,0.0,False,False,0.5235987755982988,0.0
3.9227860052539922,0.00103112118740604,0.5237021782849448,-0.005369929453818918,0.5237130986001303,0.016070777055011518,-0.02134274649897994,-0.02134274649897994,0.0,False,False,0.5235987755982988,0.0
3.9238171264413984,0.0009634730346121545,0.5236972022867894,-0.004825813120905761,0.524472440473951,0.08810604935601303,-0.12145322698895548,-0.12145322698895548,0.0,False,False,0.5235987755982988,0.0
3.9247805994760103,0.0010550311436531912,0.5236882519571635,-0.009289652439049192,0.5243777229410532,0.06946460022497124,-0.09737857243954487,-0.09737857243954487,0.0,False,False,0.5235987755982988,0.0
3.9258356306196633,0.0009445482949776628,0.5236759695753301,-0.011641724424171988,0.5224352481110882,-0.12159726166508827,0.16686020876789678,0.16686020876789678,0.0,False,False,0.5235987755982988,0.0
3.926780178914641,0.0009821056580103845,0.5236752642971543,-0.0007466830225862208,0.5224236693108865,-0.11066339131382118,0.15394798275000776,0.15394798275000776,0.0,False,False,0.5235987755982988,0.0
3.927762284572651,0.001003895222383021,0.5236821741999131,0.00703580383890826,0.5230228405411678,-0.03858821617846525,0.056672690442517194,0.056672690442517194,0.0,False,False,0.5235987755982988,0.0
3.9287661797950344,0.0010405019890182444,0.523690021198319,0.007816551200665345,0.5227682557408393,-0.06008909292875572,0.08705626894877826,0.08705626894877826,0.0,False,False,0.5235987755982988,0.0
3.9298066817840525,0.0010416331610221072,0.5237004160949253,0.009990270769333601,0.5243594976035413,0.09885002500345044,-0.13231302609850487,-0.13231302609850487,0.0,False,False,0.5235987755982988,0.0
3.9308483149450746,0.000959285978849424,0.523700595064618,0.00017181643149707763,0.5240071705916232,0.055140541380365775,-0.07351975953627715,-0.07351975953627715,0.0,False,False,0.5235987755982988,0.0
3.931807600923924,0.0009596220177172471,0.5236973290683611,-0.003404611689175252,0.5246565480571999,0.11732032202093856,-0.159824290685345,-0.159824290685345,0.0,False,False,0.5235987755982988,0.0
3.9327672229416413,0.0010534260667442155,0.5236876471485279,-0.01008930563745132,0.5240336471687566,0.040677223071433066,-0.056640355953959,-0.056640355953959,0.0,False,False,0.5235987755982988,0.0
3.9338206490083856,0.0009681236296124772,0.5236770211070735,-0.010087125988124017,0.5238591022164034,0.020040236165341778,-0.02873416252429294,-0.02873416252429294,0.0,False,False,0.5235987755982988,0.0
3.934788772637998,0.0010864056059673105,0.523668564745785,-0.00873479484409991,0.5247155264858467,0.10649849600594569,-0.14789971118299744,-0.14789971118299744,0.0,False,False,0.5235987755982988,0.0
3.9358751782439656,0.00103103210267829,0.5236532984482624,-0.01405211593054934,0.5240632128815129,0.035805362317819604,-0.05132630587923738,-0.05132630587923738,0.0,False,False,0.5235987755982988,0.0
3.9369062103466437,0.0009437101196417911,0.523640007242988,-0.012891165308842573,0.5236994365447764,-0.0030579100956574998,0.0018575950781933217,0.0018575950781933217,0.0,False,False,0.5235987755982988,0.0
3.9378499204662853,0.0010439151950232875,0.5236310054615197,-0.009538714570106415,0.5249229444546812,0.12689658176383653,-0.17611093753148746,-0.17611093753148746,0.0,False,False,0.5235987755982988,0.0
3.938893835661309,0.0010143577447637422,0.5236143952284149,-0.01591147746873325,0.5237149095107334,-0.0015146359517666103,-0.0002728472817026984,-0.0002728472817026984,0.0,False,False,0.5235987755982988,0.0
3.9399081934060725,0.0009921942639038038,0.5236023908775232,-0.01183443509317294,0.5233368035973568,-0.038638573005764267,0.05108178362387354,0.05108178362387354,0.0,False,False,0.5235987755982988,0.0
3.940900387669976,0.0009799458623313722,0.5235963470325016,-0.006091392826507504,0.5228652083117287,-0.08230525511514417,0.11197051729643565,0.11197051729643565,0.0,False,False,0.5235987755982988,0.0
3.9418803335323074,0.0010380259777225788,0.5235974799625667,0.0011561149534943223,0.5242109854118511,0.06325705083990286,-0.08692823765182404,-0.08692823765182404,0.0,False,False,0.5235987755982988,0.0
3.94291835951003,0.0009579243334761054,0.523593618509526,-0.0037199965353034766,0.5246731487579626,0.10145463862431178,-0.14108428322312153,-0.14108428322312153,0.0,False,False,0.5235987755982988,0.0
3.943876283843506,0.0009612821507596655,0.5235846080209258,-0.00940626340239856,0.5235404621851737,-0.026934671145925584,0.033371246811362894,0.033371246811362894,0.0,False,False,0.5235987755982988,0.0
3.944837565994266,0.0009681787501252691,0.5235795735194464,-0.005237277604133079,0.5247209452181081,0.09856176614776531,-0.13847317253388514,-0.13847317253388514,0.0,False,False,0.5235987755982988,0.0
3.945805744744391,0.0009740049393246403,0.5235694725195962,-0.010432990652696376,0.5218503100885119,-0.2077928751590689,0.2808238293670471,0.2808238293670471,0.0,False,False,0.5235987755982988,0.0
3.946779749683716,0.0010091302254252494,0.5235753973659352,0.006082973607020287,0.5235270051673482,-0.014869175316170102,0.019134878136515553,0.019134878136515553,0.0,False,False,0.5235987755982988,0.0
3.947788879909141,0.0010141624317343526,0.5235806822866925,0.005237104809830386,0.5235456928752165,-0.011530394923106623,0.014791962923210318,0.014791962923210318,0.0,False,False,0.5235987755982988,0.0
3.9488030423408755,0.0010370237839761349,0.523585152711074,0.0044079964328540555,0.5229507304389751,-0.0690427543476034,0.0945161180849508,0.0945161180849508,0.0,False,False,0.5235987755982988,0.0
3.949840066124852,0.0011043985771236938,0.5235933876210932,0.007940907572706317,0.5256736988222329,0.20043682797331702,-0.2778728115987942,-0.2778728115987942,0.0,False,False,0.5235987755982988,0.0
3.9509444647019754,0.0010345080380754989,0.5235824107731478,-0.009939208699463,0.5235246468040987,-0.014197110792218859,0.01837085124626445,0.01837085124626445,0.0,False,False,0.5235987755982988,0.0
3.9519789727400507,0.0009773013121919995,0.5235761061549757,-0.006094315307453562,0.523220293933666,-0.04219745825588882,0.05744961987045761,0.05744961987045761,0.0,False,False,0.5235987755982988,0.0
3.9529562740522426,0.0010095238207694058,0.5235746111380992,-0.0015297399664107904,0.5235972673561088,0.000595183946692314,-0.000687072376610251,-0.000687072376610251,0.0,False,False,0.5235987755982988,0.0
3.953965797873012,0.0009989445495267254,0.523573504849201,-0.001095852198326391,0.5218257201471284,-0.17494778243935252,0.24185233704829126,0.24185233704829126,0.0,False,False,0.5235987755982988,0.0
3.9549647424225385,0.0009361393332590287,0.523584809365931,0.0113164606938072,0.5229216995070526,-0.04773927079114841,0.06947449459181027,0.06947449459181027,0.0,False,False,0.5235987755982988,0.0
3.9559008817557975,0.0010160449962705106,0.5235957140360185,0.011648554547432419,0.52445375277622,0.12069119914828767,-0.16021902818052602,-0.16021902818052602,0.0,False,False,0.5235987755982988,0.0
3.956916926752068,0.0009411498693747889,0.5235959829553999,0.0002646727087882647,0.5230471245924648,-0.02981944539569678,0.04571305257984789,0.04571305257984789,0.0,False,False,0.5235987755982988,0.0
3.957858076621443,0.0010099778535710567,0.5235981853339522,0.0023400933517708747,0.5228748553000088,-0.04514163052364769,0.0672005219975981,0.0672005219975981,0.0,False,False,0.5235987755982988,0.0
3.958868054475014,0.0009850747212512847,0.5236032537833266,0.005018376746096115,0.5247460304831492,0.14464146456760638,-0.1942203454084339,-0.1942203454084339,0.0,False,False,0.5235987755982988,0.0
3.9598531291962655,0.0009228811470028758,0.5235973234781445,-0.006020157714130794,0.5247669160836922,0.1322975228113075,-0.17978355611064975,-0.17978355611064975,0.0,False,False,0.5235987755982988,0.0
3.9607760103432685,0.0010374809937242165,0.523585625323247,-0.012675689535312566,0.5240367846202797,0.039953415904594336,-0.05582826148116902,-0.05582826148116902,0.0,False,False,0.5235987755982988,0.0
3.9618134913369927,0.0010260213601852766,0.5235731453338709,-0.01202912578793373,0.5231759805357772,-0.04701251403491083,0.06402532796728233,0.06402532796728233,0.0,False,False,0.5235987755982988,0.0
3.962839512697178,0.0010534625733812097,0.523567622600316,-0.005382669181389965,0.5233586446728391,-0.02450811114255295,0.03373209002933839,0.03373209002933839,0.0,False,False,0.5235987755982988,0.0
3.963892975270559,0.0009597737315640371,0.5235655978483748,-0.0019219970337933873,0.5228638446229114,-0.06902622540166219,0.0960602280389689,0.0960602280389689,0.0,False,False,0.5235987755982988,0.0
3.964852749002123,0.000993214558594063,0.5235687141311994,0.00324689322303816,0.5227006108193303,-0.07913113267949498,0.11112432523682761,0.11112432523682761,0.0,False,False,0.5235987755982988,0.0
3.9658459635607173,0.0010254163285738811,0.5235764547100198,0.007793460892614671,0.5226650293858648,-0.07480047127530587,0.10656799735417954,0.10656799735417954,0.0,False,False,0.5235987755982988,0.0
3.966871379889291,0.001111244507035799,0.5235876750864968,0.01094226429249242,0.5230483208687537,-0.029941315564432427,0.045837763809130155,0.045837763809130155,0.0,False,False,0.5235987755982988,0.0
3.9679826243963268,0.0010012702123342128,0.5235989183459301,0.010117718793710902,0.5226959539395828,-0.05865640074111663,0.0866384707462284,0.0866384707462284,0.0,False,False,0.5235987755982988,0.0
3.968983894608661,0.0009773347926974741,0.5236105437581586,0.01161066421964068,0.5222459536157154,-0.09773370597028877,0.14163124285084885,0.14163124285084885,0.0,False,False,0.5235987755982988,0.0
3.9699612294013584,0.0009602563027778387,0.5236256134246997,0.015419144651020804,0.5238170783734433,0.07279570948129421,-0.0912843013301532,-0.0912843013301532,0.0,False,False,0.5235987755982988,0.0
3.970921485704136,0.0010686161513315424,0.5236325720080212,0.007246589583793567,0.5238372952728821,0.06762150346338086,-0.0854391582985569,-0.0854391582985569,0.0,False,False,0.5235987755982988,0.0
3.9719901018554675,0.0010584123462441097,0.5236330250777023,0.0004239779461997573,0.5251172467541348,0.1806358958595261,-0.2440955558364799,-0.2440955558364799,0.0,False,False,0.5235987755982988,0.0
3.973048514201712,0.0009871708803096573,0.5236196572160841,-0.012630107411036595,0.5230364219638243,-0.034026382101010055,0.050954023941753857,0.050954023941753857,0.0,False,False,0.5235987755982988,0.0
3.9740356850820215,0.0010170886992268958,0.5236129901335956,-0.006753726858699491,0.5238713866438968,0.05395783126764696,-0.06965639634193942,-0.06965639634193942,0.0,False,False,0.5235987755982988,0.0
3.975052773781248,0.0010793920407478356,0.5236045658318221,-0.008282760176031672,0.5238774590378595,0.049159084954622366,-0.06400720385763985,-0.06400720385763985,0.0,False,False,0.5235987755982988,0.0
3.976132165821996,0.0010289291237185318,0.5235946755374774,-0.009162837941519257,0.5233731604771338,-0.0024774349302257165,0.007033994097241486,0.007033994097241486,0.0,False,False,0.5235987755982988,0.0
3.9771610949457146,0.0009648266392196785,0.5235883811129883,-0.006117451964304686,0.5242379347058317,0.0818163530145884,-0.10968448755309776,-0.10968448755309776,0.0,False,False,0.5235987755982988,0.0
3.978125921584934,0.0009864953543140711,0.5235790534450948,-0.009667713881852325,0.5242555685335,0.07546238570564538,-0.10237713568039526,-0.10237713568039526,0.0,False,False,0.5235987755982988,0.0
3.979112416939248,0.0010131947897154374,0.523567193832225,-0.012021965250901104,0.5238529139131629,0.027099470343223568,-0.03709385407942197,-0.03709385407942197,0.0,False,False,0.5235987755982988,0.0
3.9801256117289636,0.0010973564248072478,0.5235564713489493,-0.010582844863147494,0.5233333836213537,-0.026886923933301013,0.03704136430497273,0.03704136430497273,0.0,False,False,0.5235987755982988,0.0
3.9812229681537707,0.00091955004457106,0.5235506416256138,-0.005312515791323294,0.5232386377471494,-0.03283224251967329,0.045881172344297345,0.045881172344297345,0.0,False,False,0.5235987755982988,0.0
3.9821425181983416,0.0010249981890066615,0.5235490310718022,-0.0017514585759999686,0.5223554406272523,-0.1255956799052607,0.17309484536515093,0.17309484536515093,0.0,False,False,0.5235987755982988,0.0
3.9831675163873483,0.0010031961018007946,0.5235568866759006,0.0076640175394515255,0.5228535907390387,-0.06443601514098253,0.09073654563586114,0.09073654563586114,0.0,False,False,0.5235987755982988,0.0
3.9841707124891492,0.00109983696543515,0.5235669032660483,0.009984678100028522,0.5230240993028352,-0.04099587989928601,0.05953922919748791,0.05953922919748791,0.0,False,False,0.5235987755982988,0.0
3.9852705494545844,0.0010379293082019,0.5235780879264955,0.010169380370696448,0.5225972375288037,-0.07570766008906016,0.108876877357784,0.108876877357784,0.0,False,False,0.5235987755982988,0.0
3.986308478762786,0.0009959030327982032,0.5235914339326253,0.012858299716920797,0.5239753400164819,0.06463732057861064,-0.08434294422162898,-0.08434294422162898,0.0,False,False,0.5235987755982988,0.0
3.9873043817955844,0.0009976334772208838,0.5235966324031578,0.005219856111750671,0.5246408872149051,0.12500210259336542,-0.1687605322109515,-0.1687605322109515,0.0,False,False,0.5235987755982988,0.0
3.9883020152728053,0.0009947928203852905,0.523591896885267,-0.004746751185618238,0.5227994629223763,-0.07207734789540193,0.10088044564108697,0.10088044564108697,0.0,False,False,0.5235987755982988,0.0
3.9892968080931905,0.0010218636100927181,0.5235935686261033,0.0016804914571455958,0.5238409179406195,0.039821031709989504,-0.05214380021375951,-0.05214380021375951,0.0,False,False,0.5235987755982988,0.0
3.9903186717032835,0.0010326792777617872,0.5235920312006066,-0.0015045310172017235,0.5226895989897894,-0.07682962521503041,0.10856072921120606,0.10856072921120606,0.0,False,False,0.5235987755982988,0.0
3.9913513509810454,0.0009524219601859419,0.5235967529579579,0.004572336690577305,0.523330658165697,-0.007069385680954547,0.013309376603977853,0.013309376603977853,0.0,False,False,0.5235987755982988,0.0
3.992303772941231,0.0009723618051364107,0.5236004717667575,0.0039045811152921637,0.5229980455627296,-0.04128526671085822,0.06035546069327661,0.06035546069327661,0.0,False,False,0.5235987755982988,0.0
3.9932761347463677,0.0010173431165744749,0.5236060132717734,0.005699015517211539,0.5241312663128538,0.0793863763329705,-0.10484848446155402,-0.10484848446155402,0.0,False,False,0.5235987755982988,0.0
3.994293477862942,0.0010094197783919664,0.5236046385564671,-0.0013512799014001658,0.5230122841286098,-0.03854289926834625,0.05680832557641808,0.05680832557641808,0.0,False,False,0.5235987755982988,0.0
3.995302897641334,0.0009792912251429039,0.523606586665557,0.001929929580956705,0.5244894269221205,0.11164721893638013,-0.15000838655244697,-0.15000838655244697,0.0,False,False,0.5235987755982988,0.0
3.9962821888664766,0.0009022906910608838,0.5236007227081746,-0.005987960712745327,0.523386290881127,-0.012163875422463027,0.018421375416048658,0.018421375416048658,0.0,False,False,0.5235987755982988,0.0
3.9971844795575375,0.0009566879379247784,0.5235975094991637,-0.003561168304972446,0.5230306233208838,-0.05036577776914451,0.07066567431644384,0.07066567431644384,0.0,False,False,0.5235987755982988,0.0
3.9981411674954623,0.000981259838763239,0.523598317059542,0.0008441209993724622,0.5225046018915173,-0.10031279584560324,0.14007048173679185,0.14007048173679185,0.0,False,False,0.5235987755982988,0.0
3.9991224273342256,0.0009776945453180794,0.5236056419106232,0.007464741541311907,0.5238266045299009,0.04444351641224928,-0.05743314046353719,-0.05743314046353719,0.0,False,False,0.5235987755982988,0.0
4.000100121879544,0.0009776945453180794,0.5236081201511679,0.00253477996432009,0.5236081201511679,0.04444351641224928,-0.05743314046353719,-0.05743314046353719,0.0,False,False,0.5235987755982988,0.0
