time,position,velocity,position_measured,velocity_estimated,torque_command,torque_applied,load_torque,saturated,safety_fault,target
0.0,0.0,0.0,0.00026591581643884907,0.0,9.419991476073479,0.0,0.0,True,False,0.5235987755982988
0.001,0.0,0.0,-0.0009075573411153578,-0.11734731575542065,9.58193077181596,3.0,0.0,True,False,0.5235987755982988
0.002,0.00015,0.15,0.0008048922121175671,0.06563237114341383,9.331531055579166,3.0,0.0,True,False,0.5235987755982988
0.003,0.0004434000036708267,0.29340000367082675,0.0012641975601264948,0.1049996688299652,9.276022802091143,3.0,0.0,True,False,0.5235987755982988
0.004,0.0008796264073269724,0.4362264036561456,-0.0008229729858869356,-0.11421735265437431,9.576652297700594,3.0,0.0,True,False,0.5235987755982988
0.005,0.0014581079053684934,0.578481498041521,0.0003217419130313161,0.011675872502888249,9.404975559331348,3.0,0.0,True,False,0.5235987755982988
0.006,0.0021782754774178487,0.720167572049355,0.0022898372750351547,0.20731782145298325,9.134779504075166,3.0,0.0,True,False,0.5235987755982988
0.007,0.0030395623791790063,0.8612869017611575,0.0027635886556071202,0.23396117736488145,9.094279952130593,3.0,0.0,True,False,0.5235987755982988
0.008,0.004041404133333119,1.001841754154113,0.004026742357503319,0.3368804298180132,8.948040082552701,3.0,0.0,True,False,0.5235987755982988
0.009000000000000001,0.005183238520470616,1.1418343871374965,0.004438817260455466,0.3443998771314265,8.931599397523467,3.0,0.0,True,False,0.5235987755982988
0.01,0.006464505570059563,1.2812670495889464,0.007231925074895897,0.5892706708623269,8.587478504386459,3.0,0.0,True,False,0.5235987755982988
0.011,0.007884647551450153,1.4201419813905907,0.008563399059884867,0.6634910022749912,8.474447574961461,3.0,0.0,True,False,0.5235987755982988
0.012,0.009443108964915181,1.5584614134650283,0.009500731618906771,0.6908751579496826,8.42471460208944,3.0,0.0,True,False,0.5235987755982988
0.013000000000000001,0.011139336532726349,1.6962275678111682,0.0121230400590137,0.8840184861654072,8.145741056308644,3.0,0.0,True,False,0.5235987755982988
0.014,0.012972779190266272,1.8334426575399236,0.013380758055572834,0.9213884372047799,8.078258191123332,3.0,0.0,True,False,0.5235987755982988
0.015,0.014942888077176036,1.970108886909764,0.014193013941431852,0.9104751820702037,8.076733491339361,3.0,0.0,True,False,0.5235987755982988
0.016,0.01704911652853816,2.1062284513621248,0.017370912293615676,1.1372174990815656,7.7474405405864175,3.0,0.0,True,False,0.5235987755982988
0.017,0.019290920066094838,2.2418035375566765,0.01845413713986721,1.1318182337985625,7.734421611693493,3.0,0.0,True,False,0.5235987755982988
0.018000000000000002,0.02166775638950129,2.37683632340645,0.022434348893148697,1.4166575857468549,7.320970577796478,3.0,0.0,True,False,0.5235987755982988
0.019,0.024179085367614112,2.5113289781128243,0.024135516791175725,1.4451086169748721,7.25620831815837,3.0,0.0,True,False,0.5235987755982988
0.02,0.026824369029814485,2.645283662200373,0.02666304618447031,1.5533506946068432,7.080822295920701,3.0,0.0,True,False,0.5235987755982988
0.021,0.029603071557366058,2.7787025275515713,0.029008848431168372,1.632595849815965,6.94350366922919,3.0,0.0,True,False,0.5235987755982988
0.022,0.03251465927480742,2.911587717441365,0.033581527854887466,1.9266042072062777,6.508385410733872,3.0,0.0,True,False,0.5235987755982988
0.023,0.03555860064137902,3.0439413665715995,0.035423748228703915,1.9181658238672947,6.485351504011955,3.0,0.0,True,False,0.5235987755982988
0.024,0.03873436624248434,3.1757656011053133,0.03836057970375219,2.0200323889853924,6.3102486593193685,3.0,0.0,True,False,0.5235987755982988
0.025,0.042041428781185226,3.307062538700892,0.04173413428804736,2.155384608516371,6.087102013364881,3.0,0.0,True,False,0.5235987755982988
0.026000000000000002,0.04547926306973132,3.4378342885460884,0.04594379046605709,2.360811765465706,5.764815613821504,3.0,0.0,True,False,0.5235987755982988
0.027,0.04904734602112322,3.568082951391904,0.04936625612887438,2.4669771552008646,5.575812764208603,3.0,0.0,True,False,0.5235987755982988
0.028,0.052745156640709556,3.6978106195863365,0.053105333790844804,2.5941872058778204,5.355857305480788,3.0,0.0,True,False,0.5235987755982988
0.029,0.05657217601781755,3.827019377107991,0.056948138267279146,2.7190489329334726,5.1368527524381875,3.0,0.0,True,False,0.5235987755982988
0.03,0.06052788731741711,3.955711299599559,0.062396827420048456,2.9920129549170564,4.711219521308038,3.0,0.0,True,False,0.5235987755982988
0.031,0.06461177577181827,4.083888454401161,0.06425711176354536,2.8788400937750414,4.813541836495512,3.0,0.0,True,False,0.5235987755982988
0.032,0.06882332867240183,4.211552900583556,0.06837631256281686,3.0028761643246873,4.590552937449051,3.0,0.0,True,False,0.5235987755982988
0.033,0.07316203536138305,4.3387066889812225,0.07245188468783992,3.110145760394525,4.38846912391483,3.0,0.0,True,False,0.5235987755982988
0.034,0.07762738722360835,4.4653518622252975,0.07816493067603214,3.370435783174295,3.9732862687916466,3.0,0.0,True,False,0.5235987755982988
0.035,0.08221887767838475,4.591490454776396,0.08320409186197318,3.5373083234509695,3.682334319112698,3.0,0.0,True,False,0.5235987755982988
0.036000000000000004,0.08693600217134204,4.717124492957291,0.08683656425582431,3.5468247304909855,3.605530127575359,3.0,0.0,True,False,0.5235987755982988
0.037,0.0917782581663275,4.842255994985462,0.0910450833285799,3.6129941647174455,3.4503734631940057,3.0,0.0,True,False,0.5235987755982988
0.038,0.09674514513733301,4.96688697100552,0.09602564954560013,3.749751369947724,3.196614625011308,3.0,0.0,True,False,0.5235987755982988
0.039,0.10183616456045451,5.091019423121498,0.10240391387231801,4.0126026656247396,2.7663843123179666,3.0,0.0,False,False,0.5235987755982988
0.04,0.10705081990588353,5.214655345429012,0.10769943152921761,4.1408941647522255,2.517115195540791,2.7663843123179666,0.0,False,False,0.5235987755982988
0.041,0.11237693584554673,5.326115939663194,0.11285092736195604,4.241954331550845,2.3031160703931564,2.517115195540791,0.0,False,False,0.5235987755982988
0.042,0.1178016030812283,5.424667235681581,0.11722083630141973,4.25474979234213,2.209103156533268,2.3031160703931564,0.0,False,False,0.5235987755982988
0.043000000000000003,0.12331372745148682,5.512124370258513,0.12351632642565184,4.4588238255311285,1.850895494470291,2.209103156533268,0.0,False,False,0.5235987755982988
0.044,0.12890825848209095,5.594531030604142,0.1290100860600839,4.562317406421222,1.6278155239824015,1.850895494470291,0.0,False,False,0.5235987755982988
0.045,0.1345669561632962,5.65869768120524,0.13475779796577056,4.6808568563477655,1.38210936976819,1.6278155239824015,0.0,False,False,0.5235987755982988
0.046,0.14027840982997575,5.711453666679539,0.14103887489856706,4.840878863992639,1.077023575804005,1.38210936976819,0.0,False,False,0.5235987755982988
0.047,0.14603012315047698,5.7517133205012305,0.14622524707642306,4.8754281953789755,0.9422096789389931,1.077023575804005,0.0,False,False,0.5235987755982988
0.048,0.1518066807964864,5.776557646009426,0.15239914464708895,5.005275132907666,0.675263197632578,0.9422096789389931,0.0,False,False,0.5235987755982988
0.049,0.15760124269585873,5.794561899372338,0.1576602165592595,5.030854810833954,0.5498682897019629,0.675263197632578,0.0,False,False,0.5235987755982988
0.05,0.1634003895075152,5.7991468116564775,0.16365269377944153,5.127017051768763,0.3266090106169157,0.5498682897019629,0.0,False,False,0.5235987755982988
0.051000000000000004,0.16919783314641015,5.79744363889495,0.16974873604990795,5.223919573638529,0.10059722350480094,0.3266090106169157,0.0,False,False,0.5235987755982988
0.052000000000000005,0.17498241746128038,5.784584314870216,0.17371080912272643,5.097734923556525,0.180701488292474,0.10059722350480094,0.0,False,False,0.5235987755982988
0.053,0.18074289330006635,5.760475838785975,0.18046392753760185,5.263273272688414,-0.1395006621335515,0.0,0.0,False,True,0.5235987755982988
0.054,0.18647432723549717,5.7314339354308315,0.18606384965905945,5.296938157565332,-0.2806971221720893,0.0,0.0,False,True,0.5235987755982988
0.055,0.1921768354351863,5.702508199689108,0.19161930933669113,5.3227903095719675,-0.411717978777423,0.0,0.0,False,True,0.5235987755982988
0.056,0.19785053360207663,5.673698166890351,0.19761042669231388,5.389623014177045,-0.5997573367047249,0.0,0.0,False,True,0.5235987755982988
0.057,0.20349553697629943,5.64500337422279,0.2048001193765555,5.569629981183503,-0.9451801654288241,0.0,0.0,False,True,0.5235987755982988
0.058,0.20911196033702534,5.616423360725898,0.2083563801502722,5.368293060436821,-0.7675885544597056,0.0,0.0,False,True,0.5235987755982988
0.059000000000000004,0.21469991800430832,5.5879576672829945,0.21554490027247905,5.550315766613825,-1.115409164071834,0.0,0.0,False,True,0.5235987755982988
0.06,0.22025952384092218,5.559605836613862,0.21879094292107315,5.319888454811853,-0.8973251575841612,0.0,0.0,False,True,0.5235987755982988
0.061,0.22579089125418958,5.531367413267406,0.225498648934745,5.458670210697853,-1.1846019728934554,0.0,0.0,False,True,0.5235987755982988
0.062,0.23129413319780392,5.503241943614337,0.23143616204049366,5.506554500202934,-1.3489383562030275,0.0,0.0,False,True,0.5235987755982988
0.063,0.2367693621736438,5.4752289758398796,0.23728093766519062,5.540376612652336,-1.4947308523868559,0.0,0.0,False,True,0.5235987755982988
0.064,0.24221669023358033,5.44732805993652,0.24283735251083452,5.541980435951492,-1.5966709075674332,0.0,0.0,False,True,0.5235987755982988
0.065,0.2476362289812771,5.419538747696774,0.24832855504956872,5.536902646229763,-1.6894192055985728,0.0,0.0,False,True,0.5235987755982988
0.066,0.2530280895739831,5.391860592705987,0.2527237695392336,5.422733830573273,-1.6315304876247536,0.0,0.0,False,True,0.5235987755982988
0.067,0.25839238272431825,5.364293150335163,0.2579889046700935,5.406973960601937,-1.7073910760146287,0.0,0.0,False,True,0.5235987755982988
0.068,0.26372921870205207,5.336835977733823,0.2644779439035839,5.515180487890786,-1.9540416149640754,0.0,0.0,False,True,0.5235987755982988
0.069,0.269038707335875,5.3094886338228875,0.2688717628187505,5.403044330618369,-1.898566966710173,0.0,0.0,False,True,0.5235987755982988
0.07,0.2743209580151626,5.282250679287596,0.2732077116869172,5.2963347843732,-1.8485625908429713,0.0,0.0,False,True,0.5235987755982988
0.07100000000000001,0.27957607969173304,5.255121676570446,0.2785871000289773,5.304640140141889,-1.955358007922479,0.0,0.0,False,True,0.5235987755982988
0.07200000000000001,0.2848041808815972,5.228101189864164,0.28400180739631137,5.315646862861107,-2.0660308077975538,0.0,0.0,False,True,0.5235987755982988
0.073,0.29000536966670193,5.201188785104708,0.29043922426147206,5.427823863091065,-2.316516711646397,0.0,0.0,False,True,0.5235987755982988
0.074,0.2951797536966662,5.174384029964289,0.2953040435983666,5.371523410471412,-2.3365229165669144,0.0,0.0,False,True,0.5235987755982988
0.075,0.30032744019051066,5.147686493844431,0.30093000233377476,5.396966942965087,-2.468322412796671,0.0,0.0,False,True,0.5235987755982988
0.076,0.30544853593837973,5.121095747869053,0.30507568766755816,5.271838782046919,-2.39279095570297,0.0,0.0,False,True,0.5235987755982988
0.077,0.3105431473032573,5.0946113648775775,0.3106814992834765,5.30523606543406,-2.5337723048540695,0.0,0.0,False,True,0.5235987755982988
0.078,0.3156113802226754,5.068232919418067,0.3161573108298543,5.322293613528436,-2.652805970402123,0.0,0.0,False,True,0.5235987755982988
0.079,0.32065334021041575,5.041959987740395,0.3203833844280273,5.212671611992888,-2.5973288933265772,-2.652805970402123,0.0,False,False,0.5235987755982988
0.08,0.3255364920596851,4.883151849269327,0.3259351036515329,5.24657637314416,-2.737945552731205,0.0,0.0,False,True,0.5235987755982988
0.081,0.3303941113015573,4.857619241872249,0.3298164719477586,5.110055565452315,-2.6439852128330545,-2.737945552731205,0.0,False,False,0.5235987755982988
0.082,0.33508940278882554,4.6952914872682,0.334772578539596,5.094660668090826,-2.714721254652341,-2.6439852128330545,0.0,False,False,0.5235987755982988
0.083,0.339627713849503,4.538311060677475,0.33929458469300805,5.037395216622946,-2.727398823652302,-2.714721254652341,0.0,False,False,0.5235987755982988
0.084,0.34400613560320514,4.378421753702148,0.3429625686461346,4.900454090273309,-2.629093183189015,-2.727398823652302,0.0,False,False,0.5235987755982988
0.085,0.34822467372870985,4.2185381255047245,0.3486496373865255,4.979115555285066,-2.825854178530159,-2.629093183189015,0.0,False,False,0.5235987755982988
0.08600000000000001,0.3522888830425531,4.0642093138432545,0.3518792522248979,4.804165483593802,-2.6740471595913453,-2.825854178530159,0.0,False,False,0.5235987755982988
0.08700000000000001,0.3561895428102145,3.9006597676613737,0.35620044598566114,4.755868311310745,-2.6938720405454157,-2.6740471595913453,0.0,False,False,0.5235987755982988
0.088,0.35993489758082564,3.745354770611161,0.36035442818411917,4.695679700025473,-2.6964173865753343,-2.6938720405454157,0.0,False,False,0.5235987755982988
0.089,0.3635245773303271,3.5896797495014456,0.36391424929205335,4.582093840816344,-2.624191135467194,-2.6964173865753343,0.0,False,False,0.5235987755982988
0.09,0.3669590774915018,3.434500161174673,0.3675397355387676,4.486433081406137,-2.5746569766158025,-2.624191135467194,0.0,False,False,0.5235987755982988
0.091,0.37024263009525843,3.2835526037566147,0.3701566852967529,4.29948474906405,-2.3974240734490335,-2.5746569766158025,0.0,False,False,0.5235987755982988
0.092,0.37337831563976925,3.1356855445107983,0.37300891817660403,4.15475956214276,-2.275094040980806,-2.3974240734490335,0.0,False,False,0.5235987755982988
0.093,0.37637558723842957,2.9972715986603036,0.37630601997572377,4.068993785840458,-2.231522941802199,-2.275094040980806,0.0,False,False,0.5235987755982988
0.094,0.37924111504864616,2.865527810216622,0.37776863797590404,3.8083562072744397,-1.9450849715262213,-2.231522941802199,0.0,False,False,0.5235987755982988
0.095,0.3819776046005318,2.7364895518856454,0.3807147607360089,3.722132862557482,-1.89464716754776,-1.9450849715262213,0.0,False,False,0.5235987755982988
0.096,0.3845998939456336,2.622289345101792,0.38344562078311173,3.623005581012016,-1.824849910541051,-1.89464716754776,0.0,False,False,0.5235987755982988
0.097,0.3871109617749776,2.5110678293439967,0.3862406997451419,3.5402129191138325,-1.7758101375797741,-1.824849910541051,0.0,False,False,0.5235987755982988
0.098,0.38951474283747717,2.403781062499568,0.38986361166352407,3.548482819040665,-1.8509464320228526,-1.7758101375797741,0.0,False,False,0.5235987755982988
0.099,0.39181411826884777,2.299375431370581,0.39102393872765373,3.3096672435495647,-1.5852536285878656,-1.8509464320228526,0.0,False,False,0.5235987755982988
0.1,0.3940057488768917,2.191630608043956,0.3936757397931048,3.2438806257397124,-1.5540421063941618,-1.5852536285878656,0.0,False,False,0.5235987755982988
0.101,0.39610335028107413,2.097601404182387,0.39723714085764655,3.275632669619919,-1.6562497782121621,-1.5540421063941618,0.0,False,False,0.5235987755982988
0.10200000000000001,0.3981088591743201,2.0055088932459495,0.3977979602092575,3.0041513378190223,-1.340566928380083,-1.6562497782121621,0.0,False,False,0.5235987755982988
0.10300000000000001,0.40001753354308245,1.9086743687623575,0.4006611372908059,2.9900539121919576,-1.375187205095476,-1.340566928380083,0.0,False,False,0.5235987755982988
0.10400000000000001,0.40184554486795077,1.8280113248683039,0.4010308097444006,2.728015766332232,-1.0673955342285102,-1.375187205095476,0.0,False,False,0.5235987755982988
0.105,0.4035914847872648,1.7459399193140568,0.4034122066976625,2.693353885025198,-1.0686664218187838,-1.0673955342285102,0.0,False,False,0.5235987755982988
0.106,0.4052710711701902,1.679586382925375,0.40444202052895256,2.5269998796516866,-0.8875782643337913,-1.0686664218187838,0.0,False,False,0.5235987755982988
0.107,0.4068845058864929,1.6134347163027343,0.40658864371411146,2.4889622102024083,-0.8805722783275174,-0.8875782643337913,0.0,False,False,0.5235987755982988
0.108,0.4084411079507137,1.5566020642208338,0.4091744151372103,2.4986431314920523,-0.9387332694908692,-0.8805722783275174,0.0,False,False,0.5235987755982988
0.109,0.4099414549927613,1.5003470420475746,0.4084340835616789,2.174745660789703,-0.5367303362884845,-0.9387332694908692,0.0,False,False,0.5235987755982988
0.11,0.41138286398316615,1.4414089904048408,0.41176197012958543,2.2900597515013885,-0.7350092033648252,-0.5367303362884845,0.0,False,False,0.5235987755982988
0.111,0.4127856708207949,1.4028068376287972,0.4129931342712904,2.1841701905217485,-0.6301026847399469,-0.7350092033648252,0.0,False,False,0.5235987755982988
0.112,0.41414011597090494,1.3544451501100407,0.4136216223220306,2.028601976543591,-0.4547336128794812,-0.6301026847399469,0.0,False,False,0.5235987755982988
0.113,0.41545163820617753,1.3115222352726033,0.4141897146695074,1.8825510136369108,-0.28969811964604686,-0.4547336128794812,0.0,False,False,0.5235987755982988
0.114,0.41672917767186507,1.2775394656875387,0.41679212254173753,1.9545366994962348,-0.4229242843773786,-0.28969811964604686,0.0,False,False,0.5235987755982988
0.115,0.4179811220737076,1.2519444018424863,0.4175190525167842,1.8317760270512755,-0.28869621699426684,-0.4229242843773786,0.0,False,False,0.5235987755982988
0.116,0.4192009124837238,1.2197904100162476,0.4194039607826841,1.8370892509361412,-0.32900043444230453,-0.28869621699426684,0.0,False,False,0.5235987755982988
0.117,0.4203953889212503,1.1944764375264691,0.42041445851565074,1.7544300991391901,-0.24799841147936252,-0.32900043444230453,0.0,False,False,0.5235987755982988
0.11800000000000001,0.4215626374313045,1.167248510054248,0.42296045320842923,1.8335865585031208,-0.38881406718609246,-0.24799841147936252,0.0,False,False,0.5235987755982988
0.11900000000000001,0.42270681702674456,1.1441795954400629,0.4224979398376155,1.6039765655714378,-0.10495683499342601,-0.38881406718609246,0.0,False,False,0.5235987755982988
0.12,0.42382097920044354,1.114162173698998,0.42292780914383565,1.4865658396363073,0.028198388616768266,-0.10495683499342601,0.0,False,False,0.5235987755982988
0.121,0.42491943688369804,1.0984576832545307,0.4250758843886276,1.5527167801518702,-0.0898480944081621,0.028198388616768266,0.0,False,False,0.5235987755982988
0.122,0.4260089106556504,1.089473771952351,0.4262008939795892,1.5099460612328455,-0.05877340434264178,-0.0898480944081621,0.0,False,False,0.5235987755982988
0.123,0.42708353412779454,1.0746234721441335,0.42826964904480175,1.5658269616308145,-0.16306807599403017,-0.05877340434264178,0.0,False,False,0.5235987755982988
0.124,0.42814492043583297,1.061386308038425,0.42887369247891505,1.469648608879063,-0.05852683450596774,-0.16306807599403017,0.0,False,False,0.5235987755982988
0.125,0.4291879077948395,1.0429873590065697,0.4294993365442014,1.3852481545197937,0.03149211755000092,-0.05852683450596774,0.0,False,False,0.5235987755982988
0.126,0.43021779686268474,1.029889067845245,0.43149476953297144,1.4462666379448172,-0.07764785635788818,0.03149211755000092,0.0,False,False,0.5235987755982988
0.127,0.4312391409801361,1.021344117451364,0.4302017495139362,1.1723379722468104,0.2743409028223549,-0.07764785635788818,0.0,False,False,0.5235987755982988
0.128,0.4322465173282998,1.0073763481636642,0.4316882287962416,1.203752103252668,0.2098873185338288,0.2743409028223549,0.0,False,False,0.5235987755982988
0.129,0.4332575812162119,1.0110638879121272,0.4324489911688473,1.1594531301879707,0.2493523635045629,0.2098873185338288,0.0,False,False,0.5235987755982988
0.13,0.4342690952144991,1.0115139982871701,0.43392892198841815,1.191500899126261,0.1842562860263388,0.2493523635045629,0.0,False,False,0.5235987755982988
0.131,0.4352830307749683,1.0139355604692497,0.4340816454728956,1.0876231576613828,0.306160553063598,0.1842562860263388,0.0,False,False,0.5235987755982988
0.132,0.436296123407497,1.0130926325286898,0.43685039717095053,1.255736011700735,0.05458759765138721,0.306160553063598,0.0,False,False,0.5235987755982988
0.133,0.43731447169714877,1.0183482896517548,0.43712054581029697,1.157177274465305,0.16799540682566705,0.05458759765138721,0.0,False,False,0.5235987755982988
0.134,0.4383254759735245,1.0110042763757172,0.43704195534861806,1.033600500850884,0.3177021634731927,0.16799540682566705,0.0,False,False,0.5235987755982988
0.135,0.439334836003136,1.0093600296114977,0.43844857606406346,1.070902522310335,0.24762056484383455,0.3177021634731927,0.0,False,False,0.5235987755982988
0.136,0.4403500437008027,1.0152076976667115,0.44062363614523276,1.1813182781962315,0.07597057631971116,0.24762056484383455,0.0,False,False,0.5235987755982988
0.137,0.44136757159592094,1.0175278951182363,0.4420989750038308,1.2107203362364103,0.014132007216732356,0.07597057631971116,0.0,False,False,0.5235987755982988
0.138,0.4423788279082747,1.0112563123537488,0.4441213043250899,1.2918812347386812,-0.11966299876865683,0.014132007216732356,0.0,False,False,0.5235987755982988
0.139,0.4433807457957399,1.0019178874651704,0.4459235704948453,1.342919728240356,-0.21334998202626432,-0.11966299876865683,0.0,False,False,0.5235987755982988
0.14,0.44436667286171677,0.9859270659768768,0.44472831331481627,1.0891020374134153,0.1127458762065876,-0.21334998202626432,0.0,False,False,0.5235987755982988
0.14100000000000001,0.4453319887203284,0.9653158586116561,0.44446845380690087,0.9542058828805332,0.27929873278852324,0.1127458762065876,0.0,False,False,0.5235987755982988
0.14200000000000002,0.44629308060931594,0.961091888987539,0.4444325192391329,0.855191837815684,0.39876240908616567,0.27929873278852324,0.0,False,False,0.5235987755982988
0.14300000000000002,0.44725829306738696,0.965212458071015,0.4474919153905484,1.0756122691756638,0.07918876072871117,0.39876240908616567,0.0,False,False,0.5235987755982988
0.14400000000000002,0.44823358279608,0.9752897286930392,0.4475241578591833,0.9712752891215899,0.2038127723581713,0.07918876072871117,0.0,False,False,0.5235987755982988
0.145,0.44920293080389473,0.9693480078147027,0.4488404632157848,1.0057782958695798,0.13871566784175648,0.2038127723581713,0.0,False,False,0.5235987755982988
0.146,0.4501725920582961,0.9696612544013524,0.4496384368340705,0.9849978281111926,0.14928870402267824,0.13871566784175648,0.0,False,False,0.5235987755982988
0.147,0.4511393104510719,0.9667183927758348,0.4510164472248335,1.024299084376375,0.07732300947072512,0.14928870402267824,0.0,False,False,0.5235987755982988
0.148,0.4521036264054778,0.9643159544058654,0.45303386964489845,1.1236114179452295,-0.07816539437306869,0.07732300947072512,0.0,False,False,0.5235987755982988
0.149,0.4530619512465396,0.9583248410617782,0.4531990019759127,1.0277635092521293,0.033879714100395475,-0.07816539437306869,0.0,False,False,0.5235987755982988
0.15,0.45400653451851847,0.9445832719788776,0.453868099507784,0.9918969115140497,0.06487587581240684,0.033879714100395475,0.0,False,False,0.5235987755982988
0.151,0.45494303344311443,0.9364989245959818,0.4540392550482421,0.9098227744084548,0.1602840406108752,0.06487587581240684,0.0,False,False,0.5235987755982988
0.152,0.45587303016580266,0.9299967226882182,0.4544115936001984,0.856074352163238,0.2180800533699221,0.1602840406108752,0.0,False,False,0.5235987755982988
0.153,0.4568013211036307,0.9282909378280091,0.4563769373940398,0.9670012963310533,0.049591532079398926,0.2180800533699221,0.0,False,False,0.5235987755982988
0.154,0.4577308028803759,0.9294817767451932,0.4576838687507808,1.0009943023720516,-0.014724839591137906,0.049591532079398926,0.0,False,False,0.5235987755982988
0.155,0.4586530463066181,0.9222434262421824,0.46019585620344144,1.1520936174009089,-0.24125979177365808,-0.014724839591137906,0.0,False,False,0.5235987755982988
0.156,0.4595648645171757,0.9118182105576568,0.4596785504837338,0.985153683690053,-0.031620368365893325,-0.24125979177365808,0.0,False,False,0.5235987755982988
0.157,0.4604549724653024,0.8901079481267432,0.461312574473142,1.0500407142618682,-0.1388972368614192,-0.031620368365893325,0.0,False,False,0.5235987755982988
0.158,0.4613339389632184,0.8789664979159416,0.4608982213564572,0.9036013311672006,0.04428837895250837,-0.1388972368614192,0.0,False,False,0.5235987755982988
0.159,0.4621964447332996,0.8625057700812069,0.46116238622455163,0.8396576848599246,0.11626578689553968,0.04428837895250837,0.0,False,False,0.5235987755982988
0.16,0.4630517148992481,0.8552701659485075,0.46220949164089103,0.8604024580078722,0.07252416162389341,0.11626578689553968,0.0,False,False,0.5235987755982988
0.161,0.4639033772738776,0.8516623746294905,0.4632704981415061,0.880462862268593,0.029353559499956994,0.07252416162389341,0.0,False,False,0.5235987755982988
0.162,0.46474925920708976,0.8458819332121672,0.4666066994500916,1.126036706900281,-0.3253866776126071,0.029353559499956994,0.0,False,False,0.5235987755982988
0.163,0.4655872252905441,0.8379660834543163,0.4648704301913197,0.8398061103330625,0.049342884925949404,-0.3253866776126071,0.0,False,False,0.5235987755982988
0.164,0.46639957017578393,0.8123448852398687,0.46713129004316517,0.9819114844843049,-0.16187904138876008,0.049342884925949404,0.0,False,False,0.5235987755982988
0.165,0.4672051328257291,0.8055626499452067,0.4664171802175611,0.8123093534754696,0.05449749268271509,-0.16187904138876008,0.0,False,False,0.5235987755982988
0.166,0.4679933792730051,0.7882464472759878,0.46880633008787403,0.9699934051592138,-0.1777280670034106,0.05449749268271509,0.0,False,False,0.5235987755982988
0.167,0.4687751976091261,0.7818183361210196,0.4691111306999901,0.9034741258548998,-0.10339134285632312,-0.1777280670034106,0.0,False,False,0.5235987755982988
0.168,0.4695390022685525,0.763804659426365,0.4694023099161757,0.8422446348879699,-0.035157179587347764,-0.10339134285632312,0.0,False,False,0.5235987755982988
0.169,0.4702885821421983,0.7495798736458433,0.47025301012757365,0.8430901925389666,-0.05148445257370671,-0.035157179587347764,0.0,False,False,0.5235987755982988
0.17,0.47102740583737024,0.7388236951718926,0.4704559957780308,0.7790797383307876,0.021674350767878825,-0.05148445257370671,0.0,False,False,0.5235987755982988
0.171,0.47175470001513276,0.7272941777625197,0.47214397144600684,0.8699693312953104,-0.1177767228131168,0.021674350767878825,0.0,False,False,0.5235987755982988
0.17200000000000001,0.4724741687337226,0.7194687185898636,0.4720771207450161,0.7762873280667076,-0.004155006320960664,-0.1177767228131168,0.0,False,False,0.5235987755982988
0.17300000000000001,0.47317887074129744,0.7047020075748484,0.47210932794583954,0.7018793153423789,0.08455487933341232,-0.004155006320960664,0.0,False,False,0.5235987755982988
0.17400000000000002,0.47387454619052594,0.6956754492285009,0.4727593352751846,0.696692116742647,0.07907938572487949,0.08455487933341232,0.0,False,False,0.5235987755982988
0.17500000000000002,0.4745656666819242,0.6911204913982575,0.4747162780525948,0.8227171828094031,-0.1073756635486115,0.07907938572487949,0.0,False,False,0.5235987755982988
0.176,0.4752519766606431,0.6863099787189084,0.4766299937413339,0.9318170334023732,-0.27274236665747964,-0.1073756635486115,0.0,False,False,0.5235987755982988
0.177,0.47592417261626974,0.6721959556266022,0.4760637916378915,0.7820151197178922,-0.08278843237413847,-0.27274236665747964,0.0,False,False,0.5235987755982988
0.178,0.47657404266974096,0.6498700534712217,0.4764705111992574,0.7444855638826928,-0.04507391747648537,-0.08278843237413847,0.0,False,False,0.5235987755982988
0.179,0.47721117382137956,0.6371311516386299,0.477460604182596,0.7690463058282866,-0.09236848151129329,-0.04507391747648537,0.0,False,False,0.5235987755982988
0.18,0.47783750275253783,0.6263289311582511,0.4789772042740161,0.8438016843874653,-0.2093737374278689,-0.09236848151129329,0.0,False,False,0.5235987755982988
0.181,0.4784507079438959,0.6132051913580534,0.4786421552923989,0.7259166177870007,-0.061880775838202284,-0.2093737374278689,0.0,False,False,0.5235987755982988
0.182,0.4790449916276171,0.5942836837212278,0.47868638996940954,0.6577484237093653,0.01912483286876865,-0.061880775838202284,0.0,False,False,0.5235987755982988
0.183,0.47962780413781153,0.5828125101944327,0.48059322316122083,0.7826569005195572,-0.16508833675606482,0.01912483286876865,0.0,False,False,0.5235987755982988
0.184,0.48020324163960865,0.5754375017970934,0.48057740221662265,0.7028091160077837,-0.06898621833916951,-0.16508833675606482,0.0,False,False,0.5235987755982988
0.185,0.4807621229745607,0.5588813349521018,0.4821023229029388,0.785020273038621,-0.19508817912986498,-0.06898621833916951,0.0,False,False,0.5235987755982988
0.186,0.48130931947325606,0.5471964986953349,0.4814692216848841,0.6432081239292878,-0.013517778273680392,-0.19508817912986498,0.0,False,False,0.5235987755982988
0.187,0.4818385727770001,0.5292533037440603,0.4807700219673886,0.50896733978681,0.16015675761221182,-0.013517778273680392,0.0,False,False,0.5235987755982988
0.188,0.4823590331786155,0.5204604016154001,0.4811650890427012,0.4975773133393906,0.16671358199348796,0.16015675761221182,0.0,False,False,0.5235987755982988
0.189,0.48287941957650504,0.5203863978895491,0.4843201259830339,0.7633232760387215,-0.20897223817169774,0.16671358199348796,0.0,False,False,0.5235987755982988
0.19,0.4834000601079027,0.5206405313976653,0.4849042422094742,0.7454025710788773,-0.19798148429580964,-0.20897223817169774,0.0,False,False,0.5235987755982988
0.191,0.4839021694652662,0.5021093573634897,0.48374550939814764,0.5549890328383339,0.051371952196720416,-0.19798148429580964,0.0,False,False,0.5235987755982988
0.192,0.48438637131098544,0.4842018457192453,0.48405197729069943,0.5301369188096792,0.07567806696517398,0.051371952196720416,0.0,False,False,0.5235987755982988
0.193,0.48486520494693164,0.4788336359462043,0.48614055568363684,0.6859810662224525,-0.14892932100302747,0.07567806696517398,0.0,False,False,0.5235987755982988
0.194,0.4853399071516823,0.4747022047506782,0.48437382754560004,0.44071014579652734,0.17719688999274508,-0.14892932100302747,0.0,False,False,0.5235987755982988
0.195,0.4857992640815638,0.4593569298815241,0.4850184674621972,0.461103122876588,0.14112179899792388,0.17719688999274508,0.0,False,False,0.5235987755982988
0.196,0.4862596434282255,0.46037934666163527,0.48682105196490677,0.5952512608598884,-0.05230248763080925,0.14112179899792388,0.0,False,False,0.5235987755982988
0.197,0.4867192373474504,0.4595939192248849,0.48637487941549357,0.4911088798325792,0.08069947549139944,-0.05230248763080925,0.0,False,False,0.5235987755982988
0.198,0.4871683777666168,0.4491404191664449,0.4871639080947111,0.5209008597710754,0.03074658333928837,0.08069947549139944,0.0,False,False,0.5235987755982988
0.199,0.48761375659788114,0.44537883126434913,0.4874711257619684,0.4995325405196954,0.05085864843031329,0.03074658333928837,0.0,False,False,0.5235987755982988
0.2,0.4880528912429874,0.43913464510625616,0.4883474806103612,0.5372147713070082,-0.010134415785532869,0.05085864843031329,0.0,False,False,0.5235987755982988
0.201,0.48848681228193475,0.4339210389473468,0.48971507191403585,0.6202524245437716,-0.13439624313579246,-0.010134415785532869,0.0,False,False,0.5235987755982988
0.202,0.488912490915937,0.4256786340022808,0.48899154115983945,0.4858741066697545,0.039881291888563264,-0.13439624313579246,0.0,False,False,0.5235987755982988
0.203,0.4893237470232465,0.41125610730948203,0.4898856896294465,0.5267015429634849,-0.025206304116840328,0.039881291888563264,0.0,False,False,0.5235987755982988
0.20400000000000001,0.48972935217072117,0.40560514747467225,0.4879402395009451,0.27948637581699737,0.30646999877196973,-0.025206304116840328,0.0,False,False,0.5235987755982988
0.20500000000000002,0.4901260745824001,0.3967224116789315,0.49008355975640056,0.46586976378084144,0.044230168617159005,0.30646999877196973,0.0,False,False,0.5235987755982988
0.20600000000000002,0.49053053360437093,0.4044590219708143,0.48979467637591634,0.3903944493543356,0.14000044677768192,0.044230168617159005,0.0,False,False,0.5235987755982988
0.20700000000000002,0.4909295862986847,0.399052694313789,0.4898659712551497,0.3584844923422373,0.17700908736599952,0.14000044677768192,0.0,False,False,0.5235987755982988
0.20800000000000002,0.49132804280456016,0.3984565058754179,0.49056171029770573,0.39220994736361786,0.12401523857433405,0.17700908736599952,0.0,False,False,0.5235987755982988
0.209,0.4917277559387804,0.3997131342202162,0.4914361782313643,0.4404357459931146,0.05040385741308351,0.12401523857433405,0.0,False,False,0.5235987755982988
0.21,0.4921260709823924,0.39831504361205206,0.49292534673196736,0.5453090214541075,-0.10224910615096283,0.05040385741308351,0.0,False,False,0.5235987755982988
0.211,0.49251931295870066,0.393241976308258,0.4913618169537491,0.3344251414868693,0.17895508581765196,-0.10224910615096283,0.0,False,False,0.5235987755982988
0.212,0.49289986951179615,0.38055655309547687,0.4929266005318248,0.4574609851457536,0.0031459690216280034,0.17895508581765196,0.0,False,False,0.5235987755982988
0.213,0.4932818515929701,0.3819820811739776,0.4928593340555108,0.4049882389997784,0.06732406097045018,0.0031459690216280034,0.0,False,False,0.5235987755982988
0.214,0.49365646304427047,0.37461145130036305,0.49337051432592977,0.4156074421416971,0.04537977233260643,0.06732406097045018,0.0,False,False,0.5235987755982988
0.215,0.4940269422528141,0.3704792085436841,0.4949020135353993,0.5271966188744818,-0.11609422551718696,0.04537977233260643,0.0,False,False,0.5235987755982988
0.216,0.49439220853314025,0.36526628032613967,0.4948618028397166,0.47045588741876176,-0.04728155524803401,-0.11609422551718696,0.0,False,False,0.5235987755982988
0.217,0.4947442090370692,0.35200050392897575,0.4959113090563101,0.5283609203362355,-0.13565870664768553,-0.04728155524803401,0.0,False,False,0.5235987755982988
0.218,0.4950864374612201,0.34222842415085813,0.4949516058204231,0.37955450471391095,0.06018365034507012,-0.13565870664768553,0.0,False,False,0.5235987755982988
0.219,0.49541451403634196,0.32807657512187044,0.4948071895374129,0.32715742594149916,0.12565963796614799,0.06018365034507012,0.0,False,False,0.5235987755982988
0.22,0.4957382874876806,0.32377345133863655,0.49554293381697145,0.3680161113032074,0.06338581850004366,0.12565963796614799,0.0,False,False,0.5235987755982988
0.221,0.4960610488271122,0.3227613394315895,0.49627266719877244,0.40418783835298566,0.006844545167891902,0.06338581850004366,0.0,False,False,0.5235987755982988
0.222,0.4963796884121111,0.31863958499886547,0.49653377773592716,0.38988010823315894,0.01931383164289907,0.006844545167891902,0.0,False,False,0.5235987755982988
0.223,0.4966913956660284,0.3117072539172648,0.4957450885545371,0.2720231792708352,0.17493855166270894,0.01931383164289907,0.0,False,False,0.5235987755982988
0.224,0.49699682178251214,0.305426116483741,0.497075789013953,0.37789090728534286,0.023944669775813332,0.17493855166270894,0.0,False,False,0.5235987755982988
0.225,0.4973037731221131,0.3069513396009422,0.49750293991247574,0.38281690640908295,0.010344754653915877,0.023944669775813332,0.0,False,False,0.5235987755982988
0.226,0.4976046938898444,0.30092076773132964,0.4998016044292665,0.5744016674472529,-0.26093291989412215,0.010344754653915877,0.0,False,False,0.5235987755982988
0.227,0.4978989282122375,0.29423432239310116,0.49953678411299646,0.4904794690755211,-0.15545951615518283,-0.26093291989412215,0.0,False,False,0.5235987755982988
0.228,0.49817293895134634,0.2740107391088246,0.4974283436619464,0.2305874770629615,0.19436280237879,-0.15545951615518283,0.0,False,False,0.5235987755982988
0.229,0.498432080671691,0.2591417203446453,0.49818129137796685,0.2828235009587122,0.11812651481552072,0.19436280237879,0.0,False,False,0.5235987755982988
0.23,0.49869390396527324,0.261823293582273,0.49741680989807163,0.1780930028733192,0.2575637791561063,0.11812651481552072,0.0,False,False,0.5235987755982988
0.231,0.49895458629142203,0.26068232614877107,0.4984390971760077,0.2625124303795946,0.13785929514572648,0.2575637791561063,0.0,False,False,0.5235987755982988
0.232,0.4992211040772241,0.26651778580203855,0.49949652139964507,0.34200360970537114,0.023436243929322143,0.13785929514572648,0.0,False,False,0.5235987755982988
0.233,0.49948744875664025,0.2663446794161487,0.50053975455572,0.41212656434232475,-0.07948949844437053,0.023436243929322143,0.0,False,False,0.5235987755982988
0.234,0.4997478998695352,0.26045111289498274,0.4991116541949501,0.22810387183110772,0.1670435390629471,-0.07948949844437053,0.0,False,False,0.5235987755982988
0.23500000000000001,0.49999733470305646,0.24943483352124288,0.4994264842445873,0.2367764896117141,0.15096945683275037,0.1670435390629471,0.0,False,False,0.5235987755982988
0.23600000000000002,0.5002481239741969,0.2507892711404816,0.4983742607961522,0.10787649580703415,0.3245894714701979,0.15096945683275037,0.0,False,False,0.5235987755982988
0.23700000000000002,0.5004994585610947,0.2513345868977112,0.5003575057663798,0.29541334324909224,0.0638468450756311,0.3245894714701979,0.0,False,False,0.5235987755982988
0.23800000000000002,0.5007600172832185,0.26055872212377607,0.4998328858078391,0.21341001307010793,0.1716940005441458,0.0638468450756311,0.0,False,False,0.5235987755982988
0.23900000000000002,0.5010167261127076,0.2567088294891205,0.5005547030528371,0.2642507362629007,0.09769242230282982,0.1716940005441458,0.0,False,False,0.5235987755982988
0.24,0.5012749928069061,0.2582666941984565,0.500509787423875,0.23333409974039673,0.13560086745115307,0.09769242230282982,0.0,False,False,0.5235987755982988
0.241,0.501531111055443,0.2561182485368771,0.5014488514587907,0.30390709325792964,0.0340101226016305,0.13560086745115307,0.0,False,False,0.5235987755982988
0.242,0.5017869848743584,0.25587381891537764,0.5002530774851105,0.1539389865641164,0.23549578216045006,0.0340101226016305,0.0,False,False,0.5235987755982988
0.243,0.5020375357041282,0.2505508297698903,0.5007572972137382,0.18896706077047337,0.18438613799752335,0.23549578216045006,0.0,False,False,0.5235987755982988
0.244,0.5022928591196872,0.25532341555899096,0.5041509777543609,0.5094384087556983,-0.2612657293159556,0.18438613799752335,0.0,False,False,0.5235987755982988
0.245,0.502550380548484,0.257521428796729,0.5014268924030962,0.18608603275366148,0.17579065820925266,-0.2612657293159556,0.0,False,False,0.5235987755982988
0.246,0.5027878086050999,0.23742805661582286,0.5018306826284786,0.20785645201653477,0.1423979310369216,0.17579065820925266,0.0,False,False,0.5235987755982988
0.247,0.5030270764824003,0.23926787730040808,0.5046300859395819,0.46701113792521004,-0.21897695165334785,0.1423979310369216,0.0,False,False,0.5235987755982988
0.248,0.5032665071847439,0.23943070234353994,0.5058016565394857,0.5374670841230694,-0.32461235788904763,-0.21897695165334785,0.0,False,False,0.5235987755982988
0.249,0.5034880313166958,0.22152413195197795,0.5024656465627212,0.15011937803430941,0.20025306899922596,-0.32461235788904763,0.0,False,False,0.5235987755982988
0.25,0.5036864387342285,0.19840741753259183,0.5033650808960792,0.22505087356668246,0.0941454563599336,0.20025306899922596,0.0,False,False,0.5235987755982988
0.251,0.5038880651755699,0.20162644134142668,0.5041861286226887,0.28465055887096563,0.007846974915822535,0.0941454563599336,0.0,False,False,0.5235987755982988
0.252,0.504087592383985,0.1995272084150788,0.5055961656673025,0.3971892074452422,-0.15258007017635655,0.007846974915822535,0.0,False,False,0.5235987755982988
0.253,0.5042807138323382,0.19312144835314093,0.503419518569079,0.13980557687836642,0.19545993427191768,-0.15258007017635655,0.0,False,False,0.5235987755982988
0.254,0.5044594337914383,0.17871995910011715,0.5042453884917438,0.2084120114570166,0.09826655416956986,0.19545993427191768,0.0,False,False,0.5235987755982988
0.255,0.5046412118676233,0.18177807618502956,0.5053195668727108,0.29498864840801664,-0.02496062102903651,0.09826655416956986,0.0,False,False,0.5235987755982988
0.256,0.5048211761593651,0.17996429174175677,0.5052005811331357,0.25359120960970105,0.026858048841294724,-0.02496062102903651,0.0,False,False,0.5235987755982988
0.257,0.5049931725630719,0.17199640370675143,0.5046649144658553,0.17466542192068663,0.13121099407916,0.026858048841294724,0.0,False,False,0.5235987755982988
0.258,0.5051598238840127,0.16665132094087476,0.5050430413167335,0.1950115648164415,0.09998933928844592,0.13121099407916,0.0,False,False,0.5235987755982988
0.259,0.5053263691500681,0.16654526605546383,0.5041265462136718,0.08386089802862863,0.24986705128893172,0.09998933928844592,0.0,False,False,0.5235987755982988
0.26,0.5054912477027256,0.1648785526574624,0.5052834019015175,0.19116037701033944,0.10028427412965549,0.24986705128893172,0.0,False,False,0.5235987755982988
0.261,0.505661960094566,0.17071239184035955,0.505429493155227,0.18665346468025124,0.10306292635899111,0.10028427412965549,0.0,False,False,0.5235987755982988
0.262,0.5058310038510081,0.1690437564421135,0.5060336103009065,0.22839983278018,0.04209317601684487,0.10306292635899111,0.0,False,False,0.5235987755982988
0.263,0.5059985245792891,0.16752072828093809,0.5055139101595724,0.15358983536874415,0.1412197754545831,0.04209317601684487,0.0,False,False,0.5235987755982988
0.264,0.5061614798840943,0.1629553048052299,0.5065729748725144,0.24413732312607345,0.013499625312831276,0.1412197754545831,0.0,False,False,0.5235987755982988
0.265,0.506324844357458,0.16336447336363674,0.5072086056278571,0.28328666634773364,-0.04492094014932907,0.013499625312831276,0.0,False,False,0.5235987755982988
0.266,0.5064822303551584,0.1573859977004349,0.5066178680312572,0.19588424005297145,0.07059524814318352,-0.04492094014932907,0.0,False,False,0.5235987755982988
0.267,0.5066307407636144,0.1485104084560236,0.5069377061381921,0.2082796267411665,0.04996369819252086,0.07059524814318352,0.0,False,False,0.5235987755982988
0.268,0.5067761868971041,0.14544613348981386,0.5068225736886179,0.1759384191096325,0.09084553144269678,0.04996369819252086,0.0,False,False,0.5235987755982988
0.269,0.5069175494367577,0.14136253965357654,0.5069176230836233,0.1678495166992068,0.09884132522511085,0.09084553144269678,0.0,False,False,0.5235987755982988
0.27,0.5070568888115321,0.1393393747744037,0.5064272106400551,0.10202332067246837,0.18666018444142418,0.09884132522511085,0.0,False,False,0.5235987755982988
0.271,0.5071946129057284,0.13772409419635293,0.5074708062522219,0.19618054982189295,0.05488678844311384,0.18666018444142418,0.0,False,False,0.5235987755982988
0.272,0.5073351191252986,0.14050621957014742,0.5072502205522795,0.15450392484547149,0.10886928101378138,0.05488678844311384,0.0,False,False,0.5235987755982988
0.273,0.5074718076688984,0.13668854359980845,0.5092984416083605,0.34387563796901777,-0.15524475374393099,0.10886928101378138,0.0,False,False,0.5235987755982988
0.274,0.50760739293627,0.13558526737155163,0.5089804041037994,0.2776843237160107,-0.07009050155822355,-0.15524475374393099,0.0,False,False,0.5235987755982988
0.275,0.5077286736404011,0.1212807041311393,0.5080653882778801,0.15841430875247448,0.08950380126456825,-0.07009050155822355,0.0,False,False,0.5235987755982988
0.276,0.507839964761505,0.11129112110385725,0.5071740717269922,0.05344122278844597,0.23151520233738304,0.08950380126456825,0.0,False,False,0.5235987755982988
0.277,0.5079492860843297,0.10932132282465805,0.5069785239431763,0.028542322128009463,0.2649137432385934,0.23151520233738304,0.0,False,False,0.5235987755982988
0.278,0.5080637460964708,0.1144600121410723,0.5091032144161373,0.23815713721130174,-0.024868463374654093,0.2649137432385934,0.0,False,False,0.5235987755982988
0.279,0.5081849940840296,0.1212479875588038,0.5084142860383237,0.14544858570881802,0.09878250922897,-0.024868463374654093,0.0,False,False,0.5235987755982988
0.28,0.5082985137215492,0.11351963751955904,0.508717517885095,0.16122691181506413,0.07439034465959163,0.09878250922897,0.0,False,False,0.5235987755982988
0.281,0.5084105185469353,0.11200482538607293,0.5068880800690926,-0.03783956096668442,0.3461999926857335,0.07439034465959163,0.0,False,False,0.5235987755982988
0.28200000000000003,0.5085197950342618,0.10927648732645856,0.5093291377899062,0.21005016721134395,0.00479327989745465,0.3461999926857335,0.0,False,False,0.5235987755982988
0.28300000000000003,0.5086399446307279,0.1201495964661053,0.5090365011852213,0.15978149002171696,0.07038315140933571,0.00479327989745465,0.0,False,False,0.5235987755982988
0.28400000000000003,0.5087538533654383,0.11390873471044838,0.507784819787528,0.018635201250218114,0.2622889630936132,0.07038315140933571,0.0,False,False,0.5235987755982988
0.28500000000000003,0.5088648257583565,0.11097239291808285,0.5084533427386148,0.08362397623387326,0.17226901999366517,0.2622889630936132,0.0,False,False,0.5235987755982988
0.28600000000000003,0.5089824688917041,0.1176431333475616,0.5092126055672128,0.15118786147029212,0.07752562679519745,0.17226901999366517,0.0,False,False,0.5235987755982988
0.28700000000000003,0.5091022549968437,0.11978610513960784,0.5091480409158086,0.1296126101828376,0.10457809206541943,0.07752562679519745,0.0,False,False,0.5235987755982988
0.28800000000000003,0.5092194383142267,0.11718331738293038,0.5089644708556402,0.09829434314772019,0.14546427359059036,0.10457809206541943,0.0,False,False,0.5235987755982988
0.289,0.5093353819006605,0.1159435864338436,0.5092450713499136,0.11652495826028458,0.11853672655859254,0.14546427359059036,0.0,False,False,0.5235987755982988
0.29,0.5094521350370425,0.11675313638193453,0.5092322432925298,0.10358965669587766,0.13428999346878895,0.11853672655859254,0.0,False,False,0.5235987755982988
0.291,0.5095683480992192,0.11621306217680721,0.5097014840067844,0.14015476245174807,0.08196553370516199,0.13428999346878895,0.0,False,False,0.5235987755982988
0.292,0.5096848109164941,0.11646281727487978,0.510968929908764,0.25288387640453125,-0.07612342927381027,0.08196553370516199,0.0,False,False,0.5235987755982988
0.293,0.5097989062642027,0.11409534770850957,0.5075590742357848,-0.11339007853383523,0.42478271876585394,-0.07612342927381027,0.0,False,False,0.5235987755982988
0.294,0.5099027391921261,0.10383292792345836,0.5096960483446304,0.11164634020410952,0.11627348232109921,0.42478271876585394,0.0,False,False,0.5235987755982988
0.295,0.510021396295607,0.11865710348091707,0.5101754324417879,0.1484201158994406,0.06351603773786835,0.11627348232109921,0.0,False,False,0.5235987755982988
0.296,0.5101393925291169,0.11799623350985727,0.5103976960134246,0.15580446147316482,0.05065407875993899,0.06351603773786835,0.0,False,False,0.5235987755982988
0.297,0.5102540926696676,0.11470014055065532,0.5099295359706559,0.0934080110489866,0.13395670003878796,0.05065407875993899,0.0,False,False,0.5235987755982988
0.298,0.5103648668388542,0.1107741691865921,0.5088318378815664,-0.025702598964866957,0.2966479976590241,0.13395670003878796,0.0,False,False,0.5235987755982988
0.299,0.5104758959318529,0.11102909299879124,0.5107621259879771,0.16989647157269128,0.02718392709856135,0.2966479976590241,0.0,False,False,0.5235987755982988
0.3,0.510595313489181,0.11941755732807981,0.5121027109177907,0.28696531739678144,-0.13742921662699153,0.02718392709856135,0.0,False,False,0.5235987755982988
0.301,0.5107096126507866,0.11429916160564194,0.509371066061534,-0.014895699968562048,0.27397361162404044,-0.13742921662699153,0.0,False,False,0.5235987755982988
0.302,0.5108105832852993,0.10097063451268327,0.5115644154357991,0.20592880745480155,-0.0304960860207672,0.27397361162404044,0.0,False,False,0.5235987755982988
0.303,0.5109188492122391,0.10826592693984138,0.510632156871272,0.09211007025660477,0.12286705277855792,-0.0304960860207672,0.0,False,False,0.5235987755982988
0.304,0.5110191575095355,0.10030829729641014,0.5109656419222183,0.11624756832557678,0.08789932417875765,0.12286705277855792,0.0,False,False,0.5235987755982988
0.305,0.5111192084545179,0.10005094498231293,0.5102003811694614,0.028096736217334453,0.20745501625827167,0.08789932417875765,0.0,False,False,0.5235987755982988
0.306,0.5112172547039354,0.09804624941757621,0.5109253866333741,0.09778760898686413,0.11077587058440871,0.20745501625827167,0.0,False,False,0.5235987755982988
0.307,0.5113192821814805,0.10202747754503659,0.5124537851114931,0.24084869590008076,-0.08840860631759379,0.11077587058440871,0.0,False,False,0.5235987755982988
0.308,0.511420440787448,0.10115860596747636,0.5119289034062825,0.16427565578901376,0.012926912509477195,-0.08840860631759379,0.0,False,False,0.5235987755982988
0.309,0.5115107748138539,0.09033402640589404,0.5130225018730995,0.25720793689181265,-0.11827659721658751,0.012926912509477195,0.0,False,False,0.5235987755982988
0.31,0.5115953952818768,0.08462046802293902,0.5126228809876161,0.19152505465429157,-0.032263962592861045,-0.11827659721658751,0.0,False,False,0.5235987755982988
0.311,0.5116677659736997,0.07237069182286168,0.512050941386148,0.11517858904205609,0.06964670896824665,-0.032263962592861045,0.0,False,False,0.5235987755982988
0.312,0.5117322426114251,0.06447663772550612,0.5132541125824669,0.22397784976973575,-0.08256948543870829,0.06964670896824665,0.0,False,False,0.5235987755982988
0.313,0.5117939626586061,0.061720047180991916,0.5121770564592918,0.09387445247525203,0.09294160153182401,-0.08256948543870829,0.0,False,False,0.5235987755982988
0.314,0.5118453323437404,0.05136968513430373,0.5125678883363751,0.12357019493605989,0.05027173679135463,0.09294160153182401,0.0,False,False,0.5235987755982988
0.315,0.5118952137240661,0.04988138032569052,0.5116364067438182,0.018065016186757946,0.19364461995654222,0.05027173679135463,0.0,False,False,0.5235987755982988
0.316,0.5119414904317883,0.04627670772220581,0.5119995626112968,0.05257410131594143,0.1456969121869074,0.19364461995654222,0.0,False,False,0.5235987755982988
0.317,0.5119913804576696,0.049890025881294785,0.5113827633577477,-0.014363234170559881,0.23712410133459225,0.1456969121869074,0.0,False,False,0.5235987755982988
0.318,0.5120424369653814,0.05105650771188069,0.5129060118595574,0.13939793942746984,0.025192219984381314,0.23712410133459225,0.0,False,False,0.5235987755982988
0.319,0.5120992177624644,0.05678079708294655,0.5110709538718877,-0.058047653282246814,0.29515797501409585,0.025192219984381314,0.0,False,False,0.5235987755982988
0.32,0.5121510719489072,0.051854186442867475,0.5128338014178718,0.12404186664438815,0.04491929527442004,0.29515797501409585,0.0,False,False,0.5235987755982988
0.321,0.5122115434145641,0.06047146565692301,0.5120451689807703,0.032774436269801616,0.16863559559175045,0.04491929527442004,0.0,False,False,0.5235987755982988
0.322,0.5122680472673798,0.05650385281574801,0.5132901531741507,0.15399541198085862,0.0007607092576353836,0.16863559559175045,0.0,False,False,0.5235987755982988
0.323,0.5123267989306647,0.05875166328479786,0.5129820557358887,0.1077861269565738,0.061757605175492974,0.0007607092576353836,0.0,False,False,0.5235987755982988
0.324,0.5123793872283084,0.05258829764377835,0.5139682007265445,0.19562201332649104,-0.06139606830021116,0.061757605175492974,0.0,False,False,0.5235987755982988
0.325,0.5124289151467032,0.04952791839473822,0.5130666363692339,0.08590337626278281,0.08649445460782935,-0.06139606830021116,0.0,False,False,0.5235987755982988
0.326,0.5124692593193946,0.0403441726913812,0.5110973953976424,-0.11961105852264113,0.3685581138389843,0.08649445460782935,0.0,False,False,0.5235987755982988
0.327,0.5125079754975598,0.03871617816523007,0.5124495478319733,0.02756529076270739,0.1676077508786109,0.3685581138389843,0.0,False,False,0.5235987755982988
0.328,0.5125592095146918,0.051234017132003054,0.5115364402963001,-0.06650199188088299,0.2969244256930369,0.1676077508786109,0.0,False,False,0.5235987755982988
0.329,0.5126126900289154,0.053480514223582326,0.512160405544115,0.0025447320886992295,0.20283698246886933,0.2969244256930369,0.0,False,False,0.5235987755982988
0.33,0.512674859661003,0.062169632087593636,0.5139936552565247,0.18561523012080164,-0.0498461099930286,0.20283698246886933,0.0,False,False,0.5235987755982988
0.331,0.5127409463595503,0.06608669854723821,0.5132972995641978,0.09741813787602595,0.06852480316258744,-0.0498461099930286,0.0,False,False,0.5235987755982988
0.332,0.5127982925675054,0.0573462079552115,0.5121883607064517,-0.023217561686186633,0.23324854207667234,0.06852480316258744,0.0,False,False,0.5235987755982988
0.333,0.5128528742911257,0.05458172362032754,0.5119682390046741,-0.04290797569532222,0.2608392295196308,0.23324854207667234,0.0,False,False,0.5235987755982988
0.334,0.5129129510340139,0.06007674288817872,0.5129415588068331,0.058714802090107814,0.12137213973825314,0.2608392295196308,0.0,False,False,0.5235987755982988
0.335,0.512979858876605,0.06690784259111447,0.5119182098688423,-0.04949157191798605,0.26964006943180074,0.12137213973825314,0.0,False,False,0.5235987755982988
0.336,0.5130465825840129,0.06672370740788104,0.512460902204847,0.009726818874280521,0.1888095384329966,0.26964006943180074,0.0,False,False,0.5235987755982988
0.337,0.5131205365656155,0.0739539816026368,0.5133928161944143,0.10194553594359035,0.06137262613761202,0.1888095384329966,0.0,False,False,0.5235987755982988
0.338,0.5131976425725567,0.07710600694120459,0.5142058425184558,0.17305361475337677,-0.03859154226687789,0.06137262613761202,0.0,False,False,0.5235987755982988
0.339,0.5132715141609961,0.07387158843943652,0.5138027587634764,0.11543987778009523,0.03780044969068985,-0.03859154226687789,0.0,False,False,0.5235987755982988
0.34,0.5133371681112019,0.06565395020577436,0.5113376408091299,-0.14261590543255942,0.39183951272411155,0.03780044969068985,0.0,False,False,0.5235987755982988
0.341,0.5133984663435368,0.06129823233489994,0.513664076421292,0.10428924632690234,0.053677489593840416,0.39183951272411155,0.0,False,False,0.5235987755982988
0.342,0.5134731374254209,0.07467108188403941,0.5135359985766651,0.08105253723152485,0.0838669417115771,0.053677489593840416,0.0,False,False,0.5235987755982988
0.343,0.5135442005524846,0.07106312706369644,0.5139053879635732,0.10988622219918379,0.042617510786040314,0.0838669417115771,0.0,False,False,0.5235987755982988
0.34400000000000003,0.5136131826050174,0.06898205253275502,0.5150235916223885,0.21071796586079738,-0.09850824746657177,0.042617510786040314,0.0,False,False,0.5235987755982988
0.34500000000000003,0.5136780317078096,0.06484910279213142,0.5118775166486387,-0.12496132810026803,0.36093625481420416,-0.09850824746657177,0.0,False,False,0.5235987755982988
0.34600000000000003,0.5137317142894772,0.0536825816676345,0.5132158792400071,0.021371063846602353,0.16124685783332784,0.36093625481420416,0.0,False,False,0.5235987755982988
0.34700000000000003,0.513797284640872,0.06557035139491434,0.5143129476860518,0.12894080206641564,0.012415939940746662,0.16124685783332784,0.0,False,False,0.5235987755982988
0.34800000000000003,0.5138646720706657,0.0673874297935751,0.512484470585587,-0.06680098818671126,0.2802186760528663,0.012415939940746662,0.0,False,False,0.5235987755982988
0.34900000000000003,0.5139264249405473,0.06175286988167795,0.5152144334645578,0.21287539852903578,-0.10453231982750377,0.2802186760528663,0.0,False,False,0.5235987755982988
0.35000000000000003,0.5139959666434387,0.06954170289140159,0.5143174184290947,0.10188635512982998,0.04480080288987756,-0.10453231982750377,0.0,False,False,0.5235987755982988
0.35100000000000003,0.5140540150083497,0.05804836491101795,0.5147927989057309,0.139235767280467,-0.00857534027033846,0.04480080288987756,0.0,False,False,0.5235987755982988
0.352,0.5141081072667069,0.05409225835715183,0.5136098649298595,0.007018792965276688,0.17137784047357577,-0.00857534027033846,0.0,False,False,0.5235987755982988
0.353,0.5141556078510091,0.04750058430229718,0.5148657506371636,0.13190548439915506,-0.001092131978551375,0.17137784047357577,0.0,False,False,0.5235987755982988
0.354,0.5142055902488604,0.04998239785127604,0.5151380075796561,0.14594063020849501,-0.022834931914625295,-0.001092131978551375,0.0,False,False,0.5235987755982988
0.355,0.5142493985652785,0.04380831641813711,0.5144526229756244,0.06280810678447861,0.08926101906676442,-0.022834931914625295,0.0,False,False,0.5235987755982988
0.356,0.5142860382249357,0.03663965965716283,0.514490591592296,0.06032415777319095,0.09155832278022077,0.08926101906676442,0.0,False,False,0.5235987755982988
0.357,0.5143212942586668,0.035256033731103274,0.5145572132404654,0.06095390681281145,0.08960343426562704,0.09155832278022077,0.0,False,False,0.5235987755982988
0.358,0.5143553302938126,0.03403603514588785,0.5136019194212524,-0.040670865789769556,0.22874845013455825,0.08960343426562704,0.0,False,False,0.5235987755982988
0.359,0.5143880965529583,0.032766259145578826,0.5142593534923925,0.029139627903212444,0.13314204442245892,0.22874845013455825,0.0,False,False,0.5235987755982988
0.36,0.5144266057514238,0.03850919846558066,0.5142935047326852,0.029640789142162442,0.1319259286104501,0.13314204442245892,0.0,False,False,0.5235987755982988
0.361,0.5144658678263475,0.03926207492367227,0.5148004420895932,0.077370445918745,0.06552546805420724,0.1319259286104501,0.0,False,False,0.5235987755982988
0.362,0.5145058011936346,0.03993336728708561,0.5153783124461275,0.1274204369803043,-0.0049361876372820135,0.06552546805420724,0.0,False,False,0.5235987755982988
0.363,0.5145430683522171,0.03726715858238707,0.5136193213581329,-0.06122071551718601,0.2530950349436092,-0.0049361876372820135,0.0,False,False,0.5235987755982988
0.364,0.5145742217039679,0.031153351750875063,0.5144651307452779,0.029482294749028366,0.12902685365554267,0.2530950349436092,0.0,False,False,0.5235987755982988
0.365,0.5146124149433484,0.03819323938044025,0.5159052287947776,0.17054387022409934,-0.06616880180553777,0.12902685365554267,0.0,False,False,0.5235987755982988
0.366,0.5146511644103281,0.03874946697968411,0.5140022612667355,-0.036807269602519316,0.21690598149116216,-0.06616880180553777,0.0,False,False,0.5235987755982988
0.367,0.5146806944403307,0.029530030002571366,0.5139631459365159,-0.037038075664228176,0.21788702470916574,0.21690598149116216,0.0,False,False,0.5235987755982988
0.368,0.5147155467865655,0.034852346234823126,0.5148920922437967,0.05956036263027442,0.08524786522470827,0.21788702470916574,0.0,False,False,0.5235987755982988
0.369,0.5147555108980449,0.03996411147939996,0.5154923759844974,0.11363270043731163,0.009555952523651962,0.08524786522470827,0.0,False,False,0.5235987755982988
0.37,0.5147937941428427,0.03828324479765689,0.5148037652573452,0.03340835767835991,0.11822015692313374,0.009555952523651962,0.0,False,False,0.5235987755982988
0.371,0.5148266574506416,0.03286330779891536,0.5159863943472602,0.1483304309020305,-0.040973654563742135,0.11822015692313374,0.0,False,False,0.5235987755982988
0.372,0.5148597328304054,0.033075379763802294,0.5156074266307584,0.09560061616164642,0.029123542021751325,-0.040973654563742135,0.0,False,False,0.5235987755982988
0.373,0.5148850509878707,0.02531815746530529,0.5156196775817002,0.08726564963966345,0.03890498473117819,0.029123542021751325,0.0,False,False,0.5235987755982988
0.374,0.5149066079417064,0.021556953835641914,0.5153901658110932,0.055587907614993284,0.08104948703170907,0.03890498473117819,0.0,False,False,0.5235987755982988
0.375,0.5149252695194728,0.018661577766380583,0.5169565300417375,0.20666553991792075,-0.1284382278834007,0.08104948703170907,0.0,False,False,0.5235987755982988
0.376,0.5149435167683928,0.018247248919988492,0.5147644794199095,-0.03320607625666361,0.19886462271900313,-0.1284382278834007,0.0,False,False,0.5235987755982988
0.377,0.5149509355315871,0.007418763194341963,0.5132025324999039,-0.18608016063156357,0.410428568528985,0.19886462271900313,0.0,False,False,0.5235987755982988
0.378,0.514966138978633,0.015203447045890248,0.5163661150110307,0.14888610654427328,-0.04847543728230169,0.410428568528985,0.0,False,False,0.5235987755982988
0.379,0.5149979559695033,0.03181699087031195,0.5145985378667682,-0.04276021853639955,0.2133165414112299,-0.04847543728230169,0.0,False,False,0.5235987755982988
0.38,0.5150217002436255,0.02374427412218353,0.5151158436912405,0.013246385764469557,0.13679711140968573,0.2133165414112299,0.0,False,False,0.5235987755982988
0.381,0.5150510370913499,0.029336847724405635,0.516193835649978,0.11972094306177045,-0.010376212604349955,0.13679711140968573,0.0,False,False,0.5235987755982988
0.382,0.5150817026069013,0.03066551555141583,0.5136834673837528,-0.1432879778669259,0.35042112130213915,-0.010376212604349955,0.0,False,False,0.5235987755982988
0.383,0.515106260748765,0.0245581418636015,0.5140139925007866,-0.09590666837685358,0.287614097807444,0.35042112130213915,0.0,False,False,0.5235987755982988
0.384,0.5151431898870138,0.036929138248803346,0.5137458112749005,-0.11313412412778037,0.31311430677450636,0.287614097807444,0.0,False,False,0.5235987755982988
0.385,0.5151886435467429,0.045453659729105964,0.5144956288982171,-0.026838949383341706,0.19606337986148104,0.31311430677450636,0.0,False,False,0.5235987755982988
0.386,0.5152436971643534,0.0550536176105127,0.5156273524787178,0.08901730360506563,0.03666485182637906,0.19606337986148104,0.0,False,False,0.5235987755982988
0.387,0.51530238231802,0.058685153666636264,0.5157598225058204,0.09336257595481842,0.029066064518829024,0.03666485182637906,0.0,False,False,0.5235987755982988
0.388,0.5153566998028344,0.05431748481448327,0.5155977945062108,0.06782351839837394,0.06262943757953567,0.029066064518829024,0.0,False,False,0.5235987755982988
0.389,0.5154063055974676,0.049605794633247775,0.5141734347857791,-0.08139480548462791,0.26732990120690747,0.06262943757953567,0.0,False,False,0.5235987755982988
0.39,0.5154529279617972,0.04662236432958695,0.5134369824102534,-0.14690056248874267,0.35919295237130916,0.26732990120690747,0.0,False,False,0.5235987755982988
0.391,0.5155068426149587,0.05391465316154641,0.515554275066225,0.07951875935729186,0.04937849834857888,0.35919295237130916,0.0,False,False,0.5235987755982988
0.392,0.5155725556727689,0.065713057810215,0.5151608534168195,0.032224718481014804,0.11321293708940997,0.04937849834857888,0.0,False,False,0.5235987755982988
0.393,0.5156344915793973,0.061935906628347255,0.5160353812920608,0.11645503415704708,-0.0036049434761728505,0.11321293708940997,0.0,False,False,0.5235987755982988
0.394,0.5156958648490516,0.06137326965424083,0.5163084349477454,0.13211489630979534,-0.027311743861792276,-0.0036049434761728505,0.0,False,False,0.5235987755982988
0.395,0.5157508382508492,0.05497340179765828,0.515871476658454,0.07520757774968023,0.04884228761759024,-0.027311743861792276,0.0,False,False,0.5235987755982988
0.396,0.5157982751430513,0.04743689220204669,0.5164616163977089,0.12670079390020467,-0.023572087069627712,0.04884228761759024,0.0,False,False,0.5235987755982988
0.397,0.5158420679778875,0.043792834836147314,0.5160420926359539,0.07207833833468169,0.049526287320590306,-0.023572087069627712,0.0,False,False,0.5235987755982988
0.398,0.5158786555870919,0.036587609204415276,0.5163412243051599,0.0947836714218167,0.016895517570319707,0.049526287320590306,0.0,False,False,0.5235987755982988
0.399,0.5159118745676445,0.03321898055258821,0.515296931138252,-0.019124012411155522,0.1723820151742287,0.016895517570319707,0.0,False,False,0.5235987755982988
0.4,0.5159402233787512,0.028348811106688705,0.5157834828514751,0.03144356015226936,0.10294299726010314,0.1723820151742287,0.0,False,False,0.5235987755982988
0.401,0.5159717435127416,0.031520133990378826,0.5161434630515359,0.06429722414312074,0.0570389568699874,0.10294299726010314,0.0,False,False,0.5235987755982988
0.402,0.5160027768602742,0.03103334753260097,0.5167188230353943,0.11540350011464677,-0.0146450540052947,0.0570389568699874,0.0,False,False,0.5235987755982988
0.403,0.5160310536611685,0.028276800894326055,0.5156874496683694,0.0007258134006964123,0.14153289065789315,-0.0146450540052947,0.0,False,False,0.5235987755982988
0.404,0.5160531552613066,0.02210160013809317,0.516507959489612,0.08270421418488663,0.028389632934498116,0.14153289065789315,0.0,False,False,0.5235987755982988
0.405,0.5160774312014109,0.02427594010437479,0.5158454430914885,0.008182152954044383,0.12974140157773245,0.028389632934498116,0.0,False,False,0.5235987755982988
0.406,0.5160980026302739,0.020571428863013486,0.5159954277387836,0.022362402388149773,0.11002537860549422,0.12974140157773245,0.0,False,False,0.5235987755982988
0.40700000000000003,0.5161203388349361,0.022336204662242738,0.5168442307595016,0.10500646422113398,-0.004425949967010678,0.11002537860549422,0.0,False,False,0.5235987755982988
0.40800000000000003,0.5161432482244068,0.022909389470694007,0.5144039749411111,-0.14951976404002626,0.34493012867741,-0.004425949967010678,0.0,False,False,0.5235987755982988
0.40900000000000003,0.5161609471929681,0.017698968561330478,0.5150295616536731,-0.07200911637982714,0.2406567906590557,0.34493012867741,0.0,False,False,0.5235987755982988
0.41000000000000003,0.5161915685339653,0.030621340997184533,0.5148981177684474,-0.07795259326441237,0.2501549528546202,0.2406567906590557,0.0,False,False,0.5235987755982988
0.41100000000000003,0.5162286365870251,0.037068053059851155,0.5141921723485767,-0.14075187592503907,0.3382211096050445,0.2501549528546202,0.0,False,False,0.5235987755982988
0.41200000000000003,0.5162723517232228,0.043715136197762156,0.5156804543392276,0.022151510732552282,0.11594796978421913,0.3382211096050445,0.0,False,False,0.5235987755982988
0.41300000000000003,0.5163269527486722,0.0546010254493918,0.5169809572024877,0.14998664598530814,-0.06086324405776991,0.11594796978421913,0.0,False,False,0.5235987755982988
0.41400000000000003,0.5163811835897951,0.05423084112283691,0.5161325753425529,0.05014979539329188,0.07421185013147699,-0.06086324405776991,0.0,False,False,0.5235987755982988
0.41500000000000004,0.5164262070747948,0.045023484999689486,0.5165988114826785,0.0917584298665269,0.015889238241333425,0.07421185013147699,0.0,False,False,0.5235987755982988
0.41600000000000004,0.516468892595792,0.04268552099717807,0.5174194141751887,0.16464285613089058,-0.08634292174108596,0.015889238241333425,0.0,False,False,0.5235987755982988
0.417,0.5165063675409232,0.03747494513112635,0.5176649922629801,0.17273637929694802,-0.10047555512060125,-0.08634292174108596,0.0,False,False,0.5235987755982988
0.418,0.5165336518443934,0.027284303470214443,0.5164733176144434,0.03629527651357767,0.08470391189310478,-0.10047555512060125,0.0,False,False,0.5235987755982988
0.419,0.5165505390302305,0.016887185837192405,0.5177317655543067,0.1585105428485493,-0.08460647062640045,0.08470391189310478,0.0,False,False,0.5235987755982988
0.42,0.5165674651961171,0.016926165886567212,0.5166478608720438,0.034269020337411776,0.08399364066769544,-0.08460647062640045,0.0,False,False,0.5235987755982988
0.421,0.5165759585183262,0.008493322209063781,0.515845190710519,-0.04942489784880927,0.19887440539860707,0.08399364066769544,0.0,False,False,0.5235987755982988
0.422,0.5165862124247781,0.01025390645188814,0.516067500263734,-0.0222514527424278,0.16226469931307919,0.19887440539860707,0.0,False,False,0.5235987755982988
0.423,0.516603536780263,0.017324355484972354,0.5153115249382504,-0.095623840016551,0.2639191199007329,0.16226469931307919,0.0,False,False,0.5235987755982988
0.424,0.5166247083890291,0.02117160876602193,0.5158496653917252,-0.03224741066741811,0.17818087651922743,0.2639191199007329,0.0,False,False,0.5235987755982988
0.425,0.5166542805477112,0.029572158682117565,0.516341852048512,0.020195996078008954,0.10638942860255161,0.17818087651922743,0.0,False,False,0.5235987755982988
0.426,0.5166872362204897,0.03295567277850221,0.5173884964408827,0.12284083570727573,-0.0356239780152407,0.10638942860255161,0.0,False,False,0.5235987755982988
0.427,0.5167198082248612,0.032572004371464236,0.5182214631860028,0.19385342664856042,-0.13583248855694452,-0.0356239780152407,0.0,False,False,0.5235987755982988
0.428,0.5167449135704344,0.025105345573231238,0.5155387326552577,-0.09380496909080366,0.2576467358837038,-0.13583248855694452,0.0,False,False,0.5235987755982988
0.429,0.5167580283457207,0.013114775286325263,0.5171008349813911,0.07178576043161745,0.030820018586397144,0.2576467358837038,0.0,False,False,0.5235987755982988
0.43,0.5167805198751618,0.022491529441158585,0.5158724739876633,-0.05822891498432488,0.20894812697262843,0.030820018586397144,0.0,False,False,0.5235987755982988
0.431,0.5167996075100775,0.019087634915674195,0.5172138588672431,0.08173246447208747,0.016849543792497257,0.20894812697262843,0.0,False,False,0.5235987755982988
0.432,0.5168246156387761,0.025008128698686186,0.5167102209557805,0.0231954268786103,0.09615947131099817,0.016849543792497257,0.0,False,False,0.5235987755982988
0.433,0.5168452758267232,0.02066018794710419,0.515247509078974,-0.12539530348989733,0.3007971615357237,0.09615947131099817,0.0,False,False,0.5235987755982988
0.434,0.516866010672494,0.02073484577081728,0.5176761026194554,0.13000358090723396,-0.04939618346949931,0.3007971615357237,0.0,False,False,0.5235987755982988
0.435,0.5168970428467705,0.031032174276469468,0.5163690801259992,-0.013699026529104985,0.14657335033631821,-0.04939618346949931,0.0,False,False,0.5235987755982988
0.436,0.5169199967799859,0.02295393321542194,0.5164540809281458,-0.0038290436615371765,0.13319935645659853,0.14657335033631821,0.0,False,False,0.5235987755982988
0.437,0.5169452856274265,0.02528884744056587,0.5160117505395188,-0.04767917815809003,0.19378146484774914,0.13319935645659853,0.0,False,False,0.5235987755982988
0.438,0.5169720195820654,0.026733954638902994,0.5164010497111187,-0.00398134318228998,0.1343366777879907,0.19378146484774914,0.0,False,False,0.5235987755982988
0.439,0.5170031104133468,0.031090831281369732,0.5173765152647436,0.09396334649843223,-0.0007553297941247372,0.1343366777879907,0.0,False,False,0.5235987755982988
0.44,0.5170353065248223,0.032196111475563845,0.516870159682817,0.03393145365593138,0.08039734209155466,-0.0007553297941247372,0.0,False,False,0.5235987755982988
0.441,0.5170617972976079,0.026490772785582803,0.5173486090009093,0.07838324009956489,0.01844311063353364,0.08039734209155466,0.0,False,False,0.5235987755982988
0.442,0.5170869945252514,0.025197227643533163,0.5174028309245504,0.0759671084537213,0.02036647398300563,0.01844311063353364,0.0,False,False,0.5235987755982988
0.443,0.5171079069641783,0.020912438926867623,0.5182604016738686,0.1541274725401629,-0.08886223640845076,0.02036647398300563,0.0,False,False,0.5235987755982988
0.444,0.51712507348648,0.017166522301677065,0.5168259361383389,-0.004731828266815008,0.12758930419945583,-0.08886223640845076,0.0,False,False,0.5235987755982988
0.445,0.5171335558654355,0.008482378955524809,0.5158447542910468,-0.10237683016934578,0.26242457973375094,0.12758930419945583,0.0,False,False,0.5235987755982988
0.446,0.517145981411642,0.012425546206517382,0.5180773086626556,0.1311162900084629,-0.057953143168576776,0.26242457973375094,0.0,False,False,0.5235987755982988
0.447,0.5171681663842114,0.022184972569359834,0.5168788883824856,-0.0018373670093754235,0.12316281029588776,-0.057953143168576776,0.0,False,False,0.5235987755982988
0.448,0.5171825421799321,0.014375795720673216,0.5181552075787185,0.12597828931484545,-0.053189722825368296,0.12316281029588776,0.0,False,False,0.5235987755982988
0.449,0.5171993216583313,0.016779478399214332,0.5175338813034225,0.05124783285376233,0.0476706978832592,-0.053189722825368296,0.0,False,False,0.5235987755982988
0.45,0.5172092629414752,0.009941283143938339,0.5170948238577261,0.0022173049987471924,0.11441036533181237,0.0476706978832592,0.0,False,False,0.5235987755982988
0.451,0.5172187891635391,0.00952622206393808,0.5175231535486738,0.04482854359364732,0.055566944580872746,0.11441036533181237,0.0,False,False,0.5235987755982988
0.452,0.5172313380923531,0.01254892881396667,0.5189339177384515,0.1814221082120528,-0.13373908837721246,0.055566944580872746,0.0,False,False,0.5235987755982988
0.453,0.5172432774243642,0.011939332011053221,0.5190557848609543,0.17546660964112032,-0.1287860982971426,-0.13373908837721246,0.0,False,False,0.5235987755982988
0.454,0.5172452727193168,0.0019952949525722675,0.5173058191816586,-0.017076619252555658,0.13376515860259008,-0.1287860982971426,0.0,False,False,0.5235987755982988
0.455,0.5172402241177323,-0.0050486015844461935,0.5173800167819376,-0.00794919729940652,0.12147669545379028,0.13376515860259008,0.0,False,False,0.5235987755982988
0.456,0.5172433671781426,0.003143060410322412,0.5181825638926411,0.073100433500883,0.009771290500780058,0.12147669545379028,0.0,False,False,0.5235987755982988
0.457,0.5172516362694749,0.008269091332319007,0.5165136578005947,-0.10110021905384488,0.24885238322328862,0.009771290500780058,0.0,False,False,0.5235987755982988
0.458,0.5172580124371357,0.0063761676607909604,0.5175486711692873,0.012511139720800132,0.09388851205724773,0.24885238322328862,0.0,False,False,0.5235987755982988
0.459,0.5172749551449413,0.01694270780557262,0.5172523855524044,-0.018368535939568408,0.13627726395358192,0.09388851205724773,0.0,False,False,0.5235987755982988
0.46,0.5172923870877135,0.01743194277231144,0.5175663236796626,0.014862130380210184,0.09074957807919969,0.13627726395358192,0.0,False,False,0.5235987755982988
0.461,0.517312350057788,0.019962970074501103,0.5165850985804264,-0.08474659258142574,0.22794209741941346,0.09074957807919969,0.0,False,False,0.5235987755982988
0.462,0.5173322057620187,0.01985570423069511,0.515945046439973,-0.14027714736863156,0.30609970169222317,0.22794209741941346,0.0,False,False,0.5235987755982988
0.463,0.5173588278636522,0.026622101633464283,0.5155498085487845,-0.16577322175061332,0.3438092729919934,0.30609970169222317,0.0,False,False,0.5235987755982988
0.464,0.5173954313469917,0.03660348333960398,0.5164203297579345,-0.06214377866055319,0.20378455951922142,0.3438092729919934,0.0,False,False,0.5235987755982988
0.465,0.5174433798213773,0.04794847438561832,0.5170431101253916,0.006348635951213086,0.11038361537087393,0.20378455951922142,0.0,False,False,0.5235987755982988
0.466,0.517495424182544,0.0520443611667219,0.5172395662562357,0.025359385440498705,0.08403450562853794,0.11038361537087393,0.0,False,False,0.5235987755982988
0.467,0.5175468450928056,0.05142091026159547,0.5192373982006372,0.22260664133659946,-0.18862317644601007,0.08403450562853794,0.0,False,False,0.5235987755982988
0.468,0.5175963317825056,0.04948668970002694,0.5185614930730111,0.13275546444033426,-0.06863547187322289,-0.18862317644601007,0.0,False,False,0.5235987755982988
0.46900000000000003,0.5176302738812965,0.033942098790825284,0.516790690997079,-0.057600289596915655,0.19166587033825597,-0.06863547187322289,0.0,False,False,0.5235987755982988
0.47000000000000003,0.517655038161032,0.024764279735526147,0.5179584710276461,0.06493774241949259,0.023600191368357074,0.19166587033825597,0.0,False,False,0.5235987755982988
0.47100000000000003,0.5176842170044874,0.029178843455467576,0.5173289742276111,-0.004505711825955647,0.11826327886352478,0.023600191368357074,0.0,False,False,0.5235987755982988
0.47200000000000003,0.5177090744604257,0.024857455938287434,0.5174609201980553,0.009139456401059079,0.09951404952311166,0.11826327886352478,0.0,False,False,0.5235987755982988
0.47300000000000003,0.5177346680128203,0.025593552394570358,0.5178963951513551,0.05177300609092954,0.04051524073587136,0.09951404952311166,0.0,False,False,0.5235987755982988
0.47400000000000003,0.5177599964994886,0.0253284866682291,0.5183003252307121,0.08698871341753836,-0.009014349484485554,0.04051524073587136,0.0,False,False,0.5235987755982988
0.47500000000000003,0.5177821324807772,0.022135981288634362,0.5174860736028222,-0.0031353207132104877,0.11379102077443218,-0.009014349484485554,0.0,False,False,0.5235987755982988
0.47600000000000003,0.5177989116326834,0.016779151906202747,0.5187272972326136,0.12130057433725046,-0.057874078622366154,0.11379102077443218,0.0,False,False,0.5235987755982988
0.47700000000000004,0.5178172016797736,0.01829004709017475,0.5168206725847452,-0.08149194788331388,0.21979619170394213,-0.057874078622366154,0.0,False,False,0.5235987755982988
0.47800000000000004,0.5178281851453445,0.010983465570827362,0.51783371702083,0.02796169051350282,0.07021702577823474,0.21979619170394213,0.0,False,False,0.5235987755982988
0.47900000000000004,0.5178471150845739,0.01892993922952734,0.5201140130556563,0.2531951249447793,-0.24110842416616984,0.07021702577823474,0.0,False,False,0.5235987755982988
0.48,0.5178650509971072,0.01793591253325968,0.5180597247972728,0.02244678661195179,0.07276677048412608,-0.24110842416616984,0.0,False,False,0.5235987755982988
0.481,0.5178665713406557,0.001520343548449439,0.519117286942037,0.12595832242717228,-0.07048319109989332,0.07276677048412608,0.0,False,False,0.5235987755982988
0.482,0.5178712687148112,0.004697374155387449,0.5179511351368679,-0.0032526903324551354,0.10556075670470341,-0.07048319109989332,0.0,False,False,0.5235987755982988
0.483,0.5178710392806635,-0.00022943414768548508,0.5183778629073472,0.03974535574872663,0.04628200153865677,0.10556075670470341,0.0,False,False,0.5235987755982988
0.484,0.5178761576293127,0.005118348649250007,0.5178266049442151,-0.0193549761393617,0.12712504314074158,0.04628200153865677,0.0,False,False,0.5235987755982988
0.485,0.5178820667665118,0.0059091371991120455,0.5177333580984281,-0.0267441631041187,0.13767051072261477,0.12712504314074158,0.0,False,False,0.5235987755982988
0.486,0.5178925856221033,0.010518855591395454,0.5172123589078935,-0.07616966584716783,0.2063590994438967,0.13767051072261477,0.0,False,False,0.5235987755982988
0.487,0.517907052286042,0.014466663938638671,0.5182825610605227,0.03846751600046963,0.04953084247940601,0.2063590994438967,0.0,False,False,0.5235987755982988
0.488,0.517928065219995,0.02101293395303283,0.5171849588372716,-0.07513945792469437,0.20561605120812387,0.04953084247940601,0.0,False,False,0.5235987755982988
0.489,0.517946778298419,0.018713078423969978,0.5185276109897357,0.0666397031141847,0.011313319217115272,0.20561605120812387,0.0,False,False,0.5235987755982988
0.49,0.517971298012691,0.024519714272115398,0.5189183895905254,0.0990535928817394,-0.03461736331816555,0.011313319217115272,0.0,False,False,0.5235987755982988
0.491,0.5179912368480909,0.019938835399902433,0.5183110958415038,0.02841885869140791,0.061075605192620605,-0.03461736331816555,0.0,False,False,0.5235987755982988
0.492,0.518004803219283,0.013566371192125105,0.5177550040752724,-0.030032203800872112,0.14122653197552168,0.061075605192620605,0.0,False,False,0.5235987755982988
0.493,0.5180178265540758,0.01302333479286026,0.5184139862565588,0.03886923470785003,0.04668312650190083,0.14122653197552168,0.0,False,False,0.5235987755982988
0.494,0.5180344243928262,0.01659783875037205,0.5177650563362524,-0.02991068079357565,0.140899763669127,0.04668312650190083,0.0,False,False,0.5235987755982988
0.495,0.5180492074886821,0.014783095855846463,0.5188656263710288,0.08313739076343013,-0.01456818282525664,0.140899763669127,0.0,False,False,0.5235987755982988
0.496,0.5180672046349242,0.017997146242113397,0.5164690013293937,-0.16483885247643093,0.3261425598120099,-0.01456818282525664,0.0,False,False,0.5235987755982988
0.497,0.5180801040131248,0.0128993782005737,0.5177872313347436,-0.01653196669379603,0.12444615677654947,0.3261425598120099,0.0,False,False,0.5235987755982988
0.498,0.5181058492818305,0.02574526870567829,0.5163685380766749,-0.15674809583128124,0.31824199038676737,0.12444615677654947,0.0,False,False,0.5235987755982988
0.499,0.5181325634284579,0.026714146627519416,0.5168278767282047,-0.09513942109517254,0.23604348497590044,0.31824199038676737,0.0,False,False,0.5235987755982988
0.5,0.5181698589940035,0.037295565545561404,0.5193600533166957,0.16759217986343664,-0.12481361476726713,0.23604348497590044,0.0,False,False,0.5235987755982988
0.501,0.5182130888413348,0.0432298473312694,0.5189942851088254,0.11425614109006646,-0.05422654049755812,-0.12481361476726713,0.0,False,False,0.5235987755982988
0.502,0.5182440621290954,0.030973287760612762,0.5176161971804035,-0.03497826586112687,0.14966033055546746,-0.05422654049755812,0.0,False,False,0.5235987755982988
0.503,0.5182667188075787,0.022656678483315415,0.5169555371910534,-0.0975464382100307,0.23663401718245503,0.14966033055546746,0.0,False,False,0.5235987755982988
0.504,0.5182918959542381,0.025177146659442456,0.5157048565047052,-0.21285986302384252,0.39752237931329587,0.23663401718245503,0.0,False,False,0.5235987755982988
0.505,0.5183236996004815,0.03180364624342756,0.5178494102963204,0.02288150244005724,0.07603077250754339,0.39752237931329587,0.0,False,False,0.5235987755982988
0.506,0.5183697310874229,0.04603148694137693,0.5204819416488438,0.28384648744839075,-0.2845127738478779,0.07603077250754339,0.0,False,False,0.5235987755982988
0.507,0.5184134990369581,0.04376794953518133,0.518793007157067,0.08656838952587556,-0.01737823548887797,-0.2845127738478779,0.0,False,False,0.5235987755982988
0.508,0.5184370151916023,0.023516154644191364,0.5179486962518786,-0.0065195399455558745,0.10952487617023166,-0.01737823548887797,0.0,False,False,0.5235987755982988
0.509,0.5184546116192817,0.017596427679439273,0.518860470666364,0.08530985549754193,-0.017082337822223306,0.10952487617023166,0.0,False,False,0.5235987755982988
0.51,0.5184733759260939,0.01876430681209425,0.5171111827887809,-0.09814991781052279,0.23455657194395024,-0.017082337822223306,0.0,False,False,0.5235987755982988
0.511,0.5184868046514803,0.013428725386491213,0.5182273410703716,0.02328090212960235,0.06874873894716696,0.23455657194395024,0.0,False,False,0.5235987755982988
0.512,0.5185083919473726,0.02158729589233192,0.518595202419157,0.05773894679518354,0.020777581070332077,0.06874873894716696,0.0,False,False,0.5235987755982988
0.513,0.5185285725504976,0.020180603124954864,0.518453435557378,0.03778836593776273,0.04727008161125949,0.020777581070332077,0.0,False,False,0.5235987755982988
0.514,0.5185451191467559,0.016546596258421458,0.5192352276751769,0.11218874112388051,-0.05608262673246278,0.04727008161125949,0.0,False,False,0.5235987755982988
0.515,0.5185598888228923,0.01476967613632594,0.5188606485203473,0.06351195152852895,0.009071945568892528,-0.05608262673246278,0.0,False,False,0.5235987755982988
0.516,0.5185680259195512,0.008137096658926136,0.5191512503941876,0.08622094375970954,-0.023409678837650202,0.009071945568892528,0.0,False,False,0.5235987755982988
0.517,0.518574269271729,0.00624335217775679,0.5179735511315093,-0.04017107688409138,0.1494593326631203,-0.023409678837650202,0.0,False,False,0.5235987755982988
0.518,0.5185775027199607,0.003233448231746492,0.5193609944675558,0.10259036440896338,-0.04682837693738162,0.1494593326631203,0.0,False,False,0.5235987755982988
0.519,0.5185872345307022,0.009731810741538465,0.5200087501828735,0.1571068994998392,-0.12390782192215158,-0.04682837693738162,0.0,False,False,0.5235987755982988
0.52,0.518591876958165,0.004642427462806549,0.5177452617904371,-0.08495262969378437,0.20730640417405183,-0.12390782192215158,0.0,False,False,0.5235987755982988
0.521,0.5185889371825466,-0.0029397756184179735,0.5178142765851531,-0.06955588725280658,0.1875880469399906,0.20730640417405183,0.0,False,False,0.5235987755982988
0.522,0.5185972501217497,0.008312939203132546,0.5197629418600175,0.132266228958911,-0.08967446746162913,0.1875880469399906,0.0,False,False,0.5235987755982988
0.523,0.5186125496701078,0.0152995483580575,0.5184455705415217,-0.012697525786554212,0.10799472196585244,-0.08967446746162913,0.0,False,False,0.5235987755982988
0.524,0.5186194403004267,0.006890630318859085,0.5198445055705013,0.12846572969005984,-0.08658201512771699,0.10799472196585244,0.0,False,False,0.5235987755982988
0.525,0.5186297140027891,0.010273702362350826,0.5182435287412803,-0.04447852620104625,0.14976867486758835,-0.08658201512771699,0.0,False,False,0.5235987755982988
0.526,0.5186327806406609,0.003066637871783481,0.519902547444286,0.12587119671962493,-0.08451332929131905,0.14976867486758835,0.0,False,False,0.5235987755982988
0.527,0.5186424105970696,0.009629956408703618,0.5187571536182161,-0.0012553055593304552,0.08865556231268615,-0.08451332929131905,0.0,False,False,0.5235987755982988
0.528,0.5186450917130129,0.002681115943294978,0.5188704388725395,0.010198750428944007,0.07287156054893533,0.08865556231268615,0.0,False,False,0.5235987755982988
0.529,0.5186513953316618,0.00630361864892546,0.5200168693988334,0.12382192801544248,-0.08411200202815355,0.07287156054893533,0.0,False,False,0.5235987755982988
0.53,0.5186594864557504,0.008091124088614498,0.5183437821573548,-0.05586898893396498,0.16163266865775078,-0.08411200202815355,0.0,False,False,0.5235987755982988
0.531,0.5186610365712601,0.0015501155096586065,0.5178397526094021,-0.10068504483583848,0.22448446760314758,0.16163266865775078,0.0,False,False,0.5235987755982988
0.532,0.5186701980140325,0.009161442772450611,0.5182787518971977,-0.04671661157268748,0.15182036050704428,0.22448446760314758,0.0,False,False,0.5235987755982988
0.533,0.5186879759645182,0.017777950485743124,0.5190827118023821,0.03835104010301497,0.03526790020288329,0.15182036050704428,0.0,False,False,0.5235987755982988
0.534,0.5187090087286015,0.021032764083306007,0.5173426261734754,-0.13949262679795718,0.2800018418043706,0.03526790020288329,0.0,False,False,0.5235987755982988
0.535,0.5187270261019898,0.01801737338841091,0.519283324408836,0.06852645941789676,-0.00455362989114462,0.2800018418043706,0.0,False,False,0.5235987755982988
0.536,0.5187546711745111,0.027645072521304027,0.5182845045041242,-0.0382081769950663,0.14150669208922226,-0.00455362989114462,0.0,False,False,0.5235987755982988
0.537,0.5187766892557866,0.022018081275433223,0.5197783447620804,0.11499666650005835,-0.06922824474813857,0.14150669208922226,0.0,False,False,0.5235987755982988
0.538,0.5188008896581751,0.024200402388453248,0.5167115033846592,-0.20318713789206666,0.3677954653159929,-0.06922824474813857,0.0,False,False,0.5235987755982988
0.539,0.5188165117335717,0.015622075396611833,0.5181301036056183,-0.04100840200695238,0.14764617827659238,0.3677954653159929,0.0,False,False,0.5235987755982988
0.54,0.518846541055224,0.030029321652342615,0.5173748199567711,-0.11243592669097094,0.24695431357666314,0.14764617827659238,0.0,False,False,0.5235987755982988
0.541,0.5188784000915042,0.03185903628027593,0.5181573788632519,-0.0229364433738026,0.1254688732794083,0.24695431357666314,0.0,False,False,0.5235987755982988
0.542,0.5189169558031642,0.03855571165998897,0.5191330850741277,0.07692782205116137,-0.011930957026313527,0.1254688732794083,0.0,False,False,0.5235987755982988
0.543,0.5189558794114427,0.03892360827854,0.5187994746753759,0.035873999970865884,0.04333861664757334,-0.011930957026313527,0.0,False,False,0.5235987755982988
0.544,0.5189882906503372,0.032411238894494154,0.5187671770088952,0.029056833325707458,0.052100574618416384,0.04333861664757334,0.0,False,False,0.5235987755982988
0.545,0.5190171909409206,0.028900290583354277,0.5188782759346733,0.03726104257094641,0.04025574286012389,0.052100574618416384,0.0,False,False,0.5235987755982988
0.546,0.5190432124431015,0.026021502180902444,0.5192207021660343,0.06777756144995659,-0.0025277519591871828,0.04025574286012389,0.0,False,False,0.5235987755982988
0.547,0.5190659706483859,0.022758205284438546,0.518185856920539,-0.042484719244574316,0.14841419929316624,-0.0025277519591871828,0.0,False,False,0.5235987755982988
0.548,0.5190836291779367,0.01765852955079925,0.5197004718554481,0.11322524617079507,-0.06570082803364116,0.14841419929316624,0.0,False,False,0.5235987755982988
0.549,0.519104390489089,0.020761311152197575,0.5196826756402965,0.10012310003855227,-0.04965792080222041,-0.06570082803364116,0.0,False,False,0.5235987755982988
0.55,0.5191171209754506,0.01273048636158228,0.51945312996331,0.06715622233604504,-0.005965845373454376,-0.04965792080222041,0.0,False,False,0.5235987755982988
0.551,0.5191239424736971,0.006821498246473875,0.5196096095223706,0.07608855600850237,-0.0195012778434943,-0.005965845373454376,0.0,False,False,0.5235987755982988
0.552,0.5191284677735183,0.0045252998212313485,0.5193871412773328,0.046232875903872234,0.020329966692742243,-0.0195012778434943,0.0,False,False,0.5235987755982988
0.553,0.5191306650211535,0.002197247635161021,0.5209066015037581,0.19355561095602009,-0.1838075994454915,0.020329966692742243,0.0,False,False,0.5235987755982988
0.554,0.5191332134431221,0.002548421968678866,0.519057209440914,-0.010739156423988733,0.09463517854171231,-0.1838075994454915,0.0,False,False,0.5235987755982988
0.555,0.5191258008757964,-0.007412567325780121,0.5188578202139185,-0.02960416348114818,0.12086219309622415,0.09463517854171231,0.0,False,False,0.5235987755982988
0.556,0.5191252769649618,-0.0005239108345840614,0.5184677001008707,-0.06565575843780652,0.17114626907907332,0.12086219309622415,0.0,False,False,0.5235987755982988
0.557,0.5191309553967345,0.005678431772708797,0.5182301362793839,-0.08284656474271333,0.19605138543172523,0.17114626907907332,0.0,False,False,0.5235987755982988
0.558,0.519143509244025,0.012553847290446722,0.5180575027369341,-0.09182526251342049,0.20993322652066998,0.19605138543172523,0.0,False,False,0.5235987755982988
0.559,0.5191624766780992,0.018967434074297525,0.5183868547031613,-0.04970753963935975,0.1534636236797077,0.20993322652066998,0.0,False,False,0.5235987755982988
0.56,0.5191874306337699,0.024953955670658418,0.5191257503649502,0.029152780503473627,0.045531117596106126,0.1534636236797077,0.0,False,False,0.5235987755982988
0.561,0.519214872133989,0.027441500219078305,0.5195065996672721,0.06432243268531132,-0.0035277524638924196,0.045531117596106126,0.0,False,False,0.5235987755982988
0.562,0.5192392054387245,0.024333304735459617,0.5192838353041236,0.03561375310193042,0.03493242157283762,-0.0035277524638924196,0.0,False,False,0.5235987755982988
0.5630000000000001,0.5192582330162626,0.019027577538150618,0.5185901774596968,-0.0373134066509391,0.1349308544759628,0.03493242157283762,0.0,False,False,0.5235987755982988
0.5640000000000001,0.5192744886646012,0.016255648338620605,0.5200600478904901,0.1134049770934822,-0.07238887377162168,0.1349308544759628,0.0,False,False,0.5235987755982988
0.5650000000000001,0.5192933990991593,0.01891043455798391,0.5199386583822904,0.08992552856416079,-0.04202852438884082,-0.07238887377162168,0.0,False,False,0.5235987755982988
0.5660000000000001,0.5193041879547831,0.010788855623766656,0.5191648685242956,0.0035539899082636245,0.07554553944214237,-0.04202852438884082,0.0,False,False,0.5235987755982988
0.5670000000000001,0.5193098768324237,0.005688877640600543,0.5187401000092323,-0.039278260588886144,0.1345900733098603,0.07554553944214237,0.0,False,False,0.5235987755982988
0.5680000000000001,0.5193176581536108,0.007781321187093174,0.5197962518000281,0.07026474454957918,-0.01587226509062188,0.1345900733098603,0.0,False,False,0.5235987755982988
0.5690000000000001,0.5193299145243402,0.01225637072943789,0.519493952424761,0.03300833256791672,0.034276818042179885,-0.01587226509062188,0.0,False,False,0.5235987755982988
0.5700000000000001,0.5193380516077578,0.008137083417624525,0.5180743221745241,-0.11225552571256965,0.23414679248302858,0.034276818042179885,0.0,False,False,0.5235987755982988
0.5710000000000001,0.519345555193752,0.007503585994222372,0.5192862312290882,0.02016093231510148,0.05343267986766867,0.23414679248302858,0.0,False,False,0.5235987755982988
0.5720000000000001,0.5193625850230523,0.017029829300318725,0.519591254406994,0.04864715687417298,0.013758793194478175,0.05343267986766867,0.0,False,False,0.5235987755982988
0.5730000000000001,0.5193780672799733,0.015482256920947252,0.5185929354656114,-0.05604945295151349,0.15736446593019038,0.013758793194478175,0.0,False,False,0.5235987755982988
0.5740000000000001,0.5193902796596995,0.012212379726208557,0.519555949273108,0.045856873093301595,0.01774262614147281,0.15736446593019038,0.0,False,False,0.5235987755982988
0.5750000000000001,0.5194070440371685,0.01676437746901941,0.5181374719171787,-0.1005765498089545,0.2189953260309068,0.01774262614147281,0.0,False,False,0.5235987755982988
0.5760000000000001,0.5194205193013904,0.013475264221865905,0.5205865616446201,0.15439007791608092,-0.1310482423330809,0.2189953260309068,0.0,False,False,0.5235987755982988
0.577,0.5194413657316458,0.020846430255296762,0.5205304075386209,0.13333565952454884,-0.1047721663552561,-0.1310482423330809,0.0,False,False,0.5235987755982988
0.578,0.5194509035451338,0.009537813488019064,0.5192305406000365,-0.00998460028634754,0.09060975031233903,-0.1047721663552561,0.0,False,False,0.5235987755982988
0.579,0.5194525020990308,0.0015985538970005996,0.5197696758428282,0.044927384021457156,0.015010934772722806,0.09060975031233903,0.0,False,False,0.5235987755982988
0.58,0.5194581461986818,0.005644099651035899,0.5173550925477147,-0.20102368389203445,0.35361471558095503,0.015010934772722806,0.0,False,False,0.5235987755982988
0.581,0.5194628686010031,0.00472240232128304,0.5184537649025349,-0.07105408002081146,0.17787508854872386,0.35361471558095503,0.0,False,False,0.5235987755982988
0.582,0.5194838618832696,0.020993282266476256,0.5192274914117891,0.013423978906692127,0.06257434066914354,0.17787508854872386,0.0,False,False,0.5235987755982988
0.583,0.5195089748924083,0.025113009138719996,0.5185733623302456,-0.05333132713832682,0.15445503139094924,0.06257434066914354,0.0,False,False,0.5235987755982988
0.584,0.5195320170033223,0.023042110914019455,0.5201554455426509,0.11021012681603302,-0.07027221117757748,0.15445503139094924,0.0,False,False,0.5235987755982988
0.585,0.519557778994965,0.025761991642701994,0.5213007490249757,0.21371946236690748,-0.21509887652047283,-0.07027221117757748,0.0,False,False,0.5235987755982988
0.586,0.5195747725600679,0.016993565102898116,0.5185479825159943,-0.08292913476792069,0.1904292372029857,-0.21509887652047283,0.0,False,False,0.5235987755982988
0.587,0.5195767977990111,0.0020252389431742995,0.5188459731106988,-0.04483716182068082,0.13935503896161727,0.1904292372029857,0.0,False,False,0.5235987755982988
0.588,0.5195877308953696,0.010933096358478766,0.5197931983576424,0.0543690790557445,0.0032574954649225857,0.13935503896161727,0.0,False,False,0.5235987755982988
0.589,0.519602599958069,0.014869062699382186,0.5210085640292375,0.17046873830967813,-0.15793867772850922,0.0032574954649225857,0.0,False,False,0.5235987755982988
0.59,0.519613785057693,0.01118509962395586,0.5185470622354118,-0.09272831490385453,0.20220481841659163,-0.15793867772850922,0.0,False,False,0.5235987755982988
0.591,0.5196139839363297,0.0001988786368092993,0.5198313089508625,0.044969188131599655,0.013851373895934244,0.20220481841659163,0.0,False,False,0.5235987755982988
0.592,0.5196242325987482,0.010248662418518444,0.5212136156792221,0.17870294215439914,-0.17151065204189783,0.013851373895934244,0.0,False,False,0.5235987755982988
0.593,0.5196323018024129,0.00806920366464291,0.5181908700231297,-0.1414419176702803,0.2670726015573806,-0.17151065204189783,0.0,False,False,0.5235987755982988
0.594,0.5196294657622796,-0.002836040133269038,0.518511521982011,-0.095232530015121,0.20584960111132583,0.2670726015573806,0.0,False,False,0.5235987755982988
0.595,0.5196408398512663,0.011374088986627793,0.5192711733504692,-0.009744140167785298,0.08958980866227473,0.20584960111132583,0.0,False,False,0.5235987755982988
0.596,0.5196593744808473,0.01853462958102832,0.5192050753882443,-0.015379522373496572,0.09754203062917642,0.08958980866227473,0.0,False,False,0.5235987755982988
0.597,0.5196779400641653,0.018565583318061605,0.5203870684630277,0.10435773734219246,-0.0674185563757515,0.09754203062917642,0.0,False,False,0.5235987755982988
0.598,0.5196969297432134,0.018989679047960006,0.5199078176322294,0.04599688052813711,0.011240986755485419,-0.0674185563757515,0.0,False,False,0.5235987755982988
0.599,0.5197080352397075,0.011105496494187721,0.5181590886377708,-0.1334757069705314,0.2580852136541415,0.011240986755485419,0.0,False,False,0.5235987755982988
0.6,0.5197166315847269,0.008596345019423645,0.5201664120112094,0.080604201070378,-0.03494249671684392,0.2580852136541415,0.0,False,False,0.5235987755982988
0.601,0.5197356667936209,0.01903520889401686,0.5192316690364879,-0.020930516508811198,0.10372453792317037,-0.03494249671684392,0.0,False,False,0.5235987755982988
0.602,0.5197484352628183,0.012768469197426486,0.5208606002667435,0.1440556581676347,-0.12357963383316636,0.10372453792317037,0.0,False,False,0.5235987755982988
0.603,0.519762955934142,0.014520671323692282,0.5192152824913768,-0.034881685185798234,0.12076089814755364,-0.12357963383316636,0.0,False,False,0.5235987755982988
0.604,0.5197675157447229,0.004559810580920566,0.5192119641067904,-0.031725355125863226,0.11703303299818771,0.12076089814755364,0.0,False,False,0.5235987755982988
0.605,0.5197767506368953,0.009234892172430516,0.5202489770516533,0.07514847487301446,-0.029881796007997966,0.11703303299818771,0.0,False,False,0.5235987755982988
0.606,0.519789211210861,0.012460573965689604,0.5204549901642329,0.08823493864367474,-0.04929378855922341,-0.029881796007997966,0.0,False,False,0.5235987755982988
0.607,0.5197968084531516,0.0075972422905988685,0.5201878489169905,0.05269732005507088,-0.0018401038025362138,-0.04929378855922341,0.0,False,False,0.5235987755982988
0.608,0.5197997350907497,0.002926637598206646,0.5183287739381923,-0.1384799098302587,0.2610359216782273,-0.0018401038025362138,0.0,False,False,0.5235987755982988
0.609,0.5198016862389273,0.0019511481775507486,0.5202712098622209,0.06961167355562116,-0.023637825017342226,0.2610359216782273,0.0,False,False,0.5235987755982988
0.61,0.5198160978840956,0.014411645168211433,0.5189134938350153,-0.07312109652049892,0.1720803875637023,-0.023637825017342226,0.0,False,False,0.5235987755982988
0.611,0.5198255663724071,0.00946848831147784,0.5200308835123323,0.04592998086325138,0.009106080511495855,0.1720803875637023,0.0,False,False,0.5235987755982988
0.612,0.5198409552340095,0.015388861602414067,0.5185985125554228,-0.10190011291402495,0.21228487026859866,0.009106080511495855,0.0,False,False,0.5235987755982988
0.613,0.5198528582112228,0.011902977213299266,0.5202423477611827,0.07267341895337222,-0.026792401675956964,0.21228487026859866,0.0,False,False,0.5235987755982988
0.614,0.519872126288354,0.019268077131200607,0.5191682359571969,-0.04200510334055163,0.13015583754849724,-0.026792401675956964,0.0,False,False,0.5235987755982988
0.615,0.5198855029251632,0.013376636809188592,0.5187661930378026,-0.0780088849459239,0.1805971480240409,0.13015583754849724,0.0,False,False,0.5235987755982988
0.616,0.5199018285816378,0.016325656474536685,0.5205247541640705,0.1056481161754617,-0.0714453535944446,0.1805971480240409,0.0,False,False,0.5235987755982988
0.617,0.5199230805432434,0.021251961605624245,0.5201339551693768,0.056003405088541354,-0.004837318385652822,-0.0714453535944446,0.0,False,False,0.5235987755982988
0.618,0.5199359552921202,0.012874748876764944,0.5194001594563618,-0.02297650672181451,0.10314689862104452,-0.004837318385652822,0.0,False,False,0.5235987755982988
0.619,0.5199451320423094,0.009176750189205407,0.5212115244898454,0.16045764729873385,-0.14957865680631957,0.10314689862104452,0.0,False,False,0.5235987755982988
0.62,0.5199568546127726,0.011722570463201798,0.5195723128321087,-0.019509283204812267,0.09588746963719688,-0.14957865680631957,0.0,False,False,0.5235987755982988
0.621,0.5199578887271722,0.0010341143995580716,0.5199859079584697,0.02380115775176556,0.0364702282148061,0.09588746963719688,0.0,False,False,0.5235987755982988
0.622,0.5199634031204494,0.00551439327718779,0.5201980743736935,0.04263768349897034,0.01004740184413172,0.0364702282148061,0.0,False,False,0.5235987755982988
0.623,0.519969105334026,0.0057022135765038996,0.5194283447933764,-0.03859904288263358,0.12138660594776365,0.01004740184413172,0.0,False,False,0.5235987755982988
0.624,0.519973621337832,0.004516003805975754,0.5203847653151055,0.06090291357853597,-0.015231311196762923,0.12138660594776365,0.0,False,False,0.5235987755982988
0.625,0.5199828563718641,0.009235034032152867,0.5195173313788384,-0.031930771406026855,0.11178292163752013,-0.015231311196762923,0.0,False,False,0.5235987755982988
0.626,0.5199887038352787,0.005847463414554499,0.5196294816327758,-0.01752266887168375,0.09247449402543513,0.11178292163752013,0.0,False,False,0.5235987755982988
0.627,0.5199984111492418,0.00970731396308064,0.5211875411788736,0.14003555262526246,-0.12464044360066032,0.09247449402543513,0.0,False,False,0.5235987755982988
0.628,0.5200100001755713,0.011589026329512732,0.5191019175372377,-0.08253036680085293,0.1799798852601242,-0.12464044360066032,0.0,False,False,0.5235987755982988
0.629,0.5200121772244912,0.002177048919945043,0.5179066291793873,-0.19380616590579977,0.3350260346273662,0.1799798852601242,0.0,False,False,0.5235987755982988
0.63,0.5200226940121887,0.010516787697437626,0.5214285017424457,0.17776170699061605,-0.17424911898338327,0.3350260346273662,0.0,False,False,0.5235987755982988
0.631,0.520047026868802,0.024332856613316328,0.5222717351931079,0.24430888135777173,-0.2692839303358892,-0.17424911898338327,0.0,False,False,0.5235987755982988
0.632,0.5200575179715641,0.010491102762078675,0.5197038538196026,-0.03691014412853302,0.11440076497077148,-0.2692839303358892,0.0,False,False,0.5235987755982988
0.633,0.5200516156652639,-0.005902306300117335,0.518361405620929,-0.16746394958303706,0.2952293990923006,0.11440076497077148,0.0,False,False,0.5235987755982988
0.634,0.5200531780231716,0.001562357907764306,0.5197822296402065,-0.008635152696987808,0.07906001048204735,0.2952293990923006,0.0,False,False,0.5235987755982988
0.635,0.5200690278453227,0.015849822151066614,0.5198192512018482,-0.004069481263113121,0.07291481665184606,0.07906001048204735,0.0,False,False,0.5235987755982988
0.636,0.5200848083611381,0.015780515815414464,0.5199190685434445,0.006319201022823522,0.05865168575998953,0.07291481665184606,0.0,False,False,0.5235987755982988
0.637,0.5201002243549542,0.015415993816102631,0.5191286099957607,-0.07335857384783692,0.16849326946309012,0.05865168575998953,0.0,False,False,0.5235987755982988
0.638,0.5201146269037874,0.014402548833216585,0.5206203894114291,0.08315522510378269,-0.04617531876088388,0.16849326946309012,0.0,False,False,0.5235987755982988
0.639,0.5201336945764767,0.019067672689305173,0.5205914136089635,0.0719421223468519,-0.03219803100818748,-0.04617531876088388,0.0,False,False,0.5235987755982988
0.64,0.5201459293461587,0.012234769681929974,0.518841814424851,-0.11021200829908817,0.2178797110809665,-0.03219803100818748,0.0,False,False,0.5235987755982988
0.641,0.5201532331769831,0.007303830824441663,0.5207633974313461,0.09296749318033481,-0.060524184811253656,0.2178797110809665,0.0,False,False,0.5235987755982988
0.642,0.5201693031060572,0.016069929074098988,0.521960608678117,0.20339186853938704,-0.21458323768399173,-0.060524184811253656,0.0,False,False,0.5235987755982988
0.643,0.5201782866245047,0.008983518447427808,0.5203283503236973,0.019826846243477025,0.035075439450655096,-0.21458323768399173,0.0,False,False,0.5235987755982988
0.644,0.5201739777187323,-0.004308905772462285,0.5198796059823364,-0.02703027251695916,0.09938138010767444,0.035075439450655096,0.0,False,False,0.5235987755982988
0.645,0.5201727128562753,-0.001264862456946245,0.520048791674284,-0.007408676070506156,0.07279012191687456,0.09938138010767444,0.0,False,False,0.5235987755982988
0.646,0.5201768010759127,0.004088219637329147,0.5207137138923515,0.05982441334330207,-0.019858185304911666,0.07279012191687456,0.0,False,False,0.5235987755982988
0.647,0.5201833027842764,0.00650170836372968,0.5186730068949326,-0.15022872773292648,0.26893830994010426,-0.019858185304911666,0.0,False,False,0.5235987755982988
0.648,0.5201869009890306,0.003598204754304829,0.5203303589403617,0.030529349583282267,0.0221962803429289,0.26893830994010426,0.0,False,False,0.5235987755982988
0.649,0.5202028637527566,0.01596276372595425,0.5198621196763332,-0.01934751177789622,0.09047682072885613,0.0221962803429289,0.0,False,False,0.5235987755982988
0.65,0.5202158945116859,0.013030758929288552,0.5218284260355254,0.17921787531910827,-0.18319515825300794,0.09047682072885613,0.0,False,False,0.5235987755982988
0.651,0.5202299607622682,0.014066250582266444,0.5200779663786634,-0.013749877898996093,0.07987441943223214,-0.18319515825300794,0.0,False,False,0.5235987755982988
0.652,0.5202311721929642,0.0012114306960269786,0.5216866787113271,0.14849634315727214,-0.1437778678232361,0.07987441943223214,0.0,False,False,0.5235987755982988
0.653,0.5202360095135121,0.0048373205478552065,0.5192728140502844,-0.10773975726273141,0.20715501657953792,-0.1437778678232361,0.0,False,False,0.5235987755982988
0.654,0.5202322150463021,-0.0037944672100014027,0.5207446953474635,0.05022234818145399,-0.008893373302708785,0.20715501657953792,0.0,False,False,0.5235987755982988
0.655,0.520239918383612,0.007703337309885495,0.5205186476953568,0.02259534815264325,0.028327884469783866,-0.008893373302708785,0.0,False,False,0.5235987755982988
0.656,0.5202449431219233,0.00502473831116227,0.5194865563303914,-0.08287332315916145,0.17346793461332677,0.028327884469783866,0.0,False,False,0.5235987755982988
0.657,0.5202498876693327,0.004944547409382483,0.5204046949833656,0.01722787445417344,0.03682000172378953,0.17346793461332677,0.0,False,False,0.5235987755982988
0.658,0.5202620319717726,0.012144302439847838,0.5213201542690308,0.10705101557527263,-0.08744603476350246,0.03682000172378953,0.0,False,False,0.5235987755982988
0.659,0.5202727157143989,0.010683742626326053,0.5199901541478766,-0.036654098097668605,0.10894010382480153,-0.08744603476350246,0.0,False,False,0.5235987755982988
0.66,0.5202760529688453,0.0033372544463087395,0.5187995370164064,-0.15205040143493012,0.26884677619598046,0.10894010382480153,0.0,False,False,0.5235987755982988
0.661,0.5202838318927708,0.007778923925604152,0.5202685054353714,0.010051480605067276,0.04788308620661279,0.26884677619598046,0.0,False,False,0.5235987755982988
0.662,0.5203027993314271,0.018967438656288315,0.5195152866189188,-0.0662755491007022,0.15303346054968348,0.04788308620661279,0.0,False,False,0.5235987755982988
0.663,0.5203196507840219,0.016851452594809097,0.5200209019568193,-0.009086460400581975,0.07530547802733019,0.15303346054968348,0.0,False,False,0.5235987755982988
0.664,0.5203399634880719,0.02031270405000336,0.5202687647275537,0.01660846271291705,0.04001004041791201,0.07530547802733019,0.0,False,False,0.5235987755982988
0.665,0.5203593517187247,0.019388230652877314,0.5188708893655543,-0.12483991975831696,0.23490985589938243,0.04001004041791201,0.0,False,False,0.5235987755982988
0.666,0.5203761722250211,0.0168205062963221,0.5189662443445986,-0.10282042987805151,0.20677007842026582,0.23490985589938243,0.0,False,False,0.5235987755982988
0.667,0.5204005528315586,0.024380606537548966,0.5208212355062881,0.09296072927870593,-0.06155715347825451,0.20677007842026582,0.0,False,False,0.5235987755982988
0.668,0.5204301382121451,0.029585380586507424,0.5199739800966505,-0.0010608846129239319,0.06651938056517798,-0.06155715347825451,0.0,False,False,0.5235987755982988
0.669,0.5204511194078582,0.020981195713041568,0.5182129577460249,-0.17705703121419003,0.30941315879795783,0.06651938056517798,0.0,False,False,0.5235987755982988
0.67,0.5204706540044962,0.019534596638033235,0.521155559632169,0.13490886052163253,-0.1179127452356219,0.30941315879795783,0.0,False,False,0.5235987755982988
0.671,0.5205010712399694,0.030417235473187018,0.5207387586905887,0.07973788031144396,-0.044205152034951053,-0.1179127452356219,0.0,False,False,0.5235987755982988
0.672,0.5205200180829133,0.018946842943868905,0.5198970447765867,-0.0124072991199011,0.08151991373469915,-0.044205152034951053,0.0,False,False,0.5235987755982988
0.673,0.5205322474163776,0.012229333464291607,0.5193830962727427,-0.06256141959231182,0.15095593137078417,0.08151991373469915,0.0,False,False,0.5235987755982988
0.674,0.520545232875972,0.01298545959434327,0.5212746128612146,0.13284638121410575,-0.11758072818941048,0.15095593137078417,0.0,False,False,0.5235987755982988
0.675,0.5205622871082722,0.017054232300214946,0.5208671530386508,0.07881576083632136,-0.045409706929921925,-0.11758072818941048,0.0,False,False,0.5235987755982988
0.676,0.5205692391866733,0.0069520784010490035,0.5226484519165918,0.24906407254678764,-0.2817710607854192,-0.045409706929921925,0.0,False,False,0.5235987755982988
0.677,0.5205718874782107,0.0026482915373763844,0.5209385712045653,0.05316959408945987,-0.015919833820149026,-0.2817710607854192,0.0,False,False,0.5235987755982988
0.678,0.5205596467471584,-0.012240731052316739,0.5208979815639257,0.043793670616556216,-0.003938112121152262,-0.015919833820149026,0.0,False,False,0.5235987755982988
0.679,0.5205499323418897,-0.009714405268635718,0.5204042602421931,-0.009957828618363695,0.0694506707519392,-0.003938112121152262,0.0,False,False,0.5235987755982988
0.68,0.5205427647670228,-0.007167574867008174,0.521255536173697,0.07616554739386408,-0.049220347229804576,0.0694506707519392,0.0,False,False,0.5235987755982988
0.681,0.5205411611071246,-0.0016036598982188998,0.5210866508504881,0.05166046033358651,-0.01677430693971109,-0.049220347229804576,0.0,False,False,0.5235987755982988
0.682,0.5205375829140755,-0.003578193049064212,0.5216299190505264,0.10082123430405279,-0.08554606330495912,-0.01677430693971109,0.0,False,False,0.5235987755982988
0.683,0.5205342424678151,-0.003340446260337521,0.5200793023979987,-0.06432255437911723,0.14053758286034257,-0.08554606330495912,0.0,False,False,0.5235987755982988
0.684,0.5205276309982144,-0.006611469600632991,0.5201476662986814,-0.05105390887293998,0.12338465804064207,0.14053758286034257,0.0,False,False,0.5235987755982988
0.685,0.5205299870695157,0.0023560713012262553,0.5201118906800577,-0.04952607984801278,0.12219522434595545,0.12338465804064207,0.0,False,False,0.5235987755982988
0.686,0.5205377993796749,0.007812310159180888,0.5212279040679255,0.06702786692357049,-0.03775775276156523,0.12219522434595545,0.0,False,False,0.5235987755982988
0.687,0.5205494588574261,0.011659477751165876,0.5218570372279714,0.12323839623580037,-0.11653478481706672,-0.03775775276156523,0.0,False,False,0.5235987755982988
0.6880000000000001,0.5205560348683143,0.006576010888112653,0.5201556210009678,-0.05922706608813902,0.13304926205772521,-0.11653478481706672,0.0,False,False,0.5235987755982988
0.6890000000000001,0.5205548531803105,-0.0011816880038306348,0.5201841681740125,-0.05044964217485716,0.12200250424698275,0.13304926205772521,0.0,False,False,0.5235987755982988
0.6900000000000001,0.5205606827766146,0.005829596304144042,0.5208347668597172,0.01965519061310029,0.0261659285587489,0.12200250424698275,0.0,False,False,0.5235987755982988
0.6910000000000001,0.5205708882021552,0.010205425540686298,0.5203564208346619,-0.03014493095373513,0.09453630288994597,0.0261659285587489,0.0,False,False,0.5235987755982988
0.6920000000000001,0.5205795401631943,0.008651961039084107,0.5214103637083408,0.0782638495095265,-0.054525205392187845,0.09453630288994597,0.0,False,False,0.5235987755982988
0.6930000000000001,0.5205904393900346,0.01089922684026445,0.5186253930028876,-0.208059605986751,0.3391924139015036,-0.054525205392187845,0.0,False,False,0.5235987755982988
0.6940000000000001,0.5205955883537512,0.005148963716587692,0.5198741521031734,-0.06237773535948804,0.14189650534364226,0.3391924139015036,0.0,False,False,0.5235987755982988
0.6950000000000001,0.5206161648991681,0.020576545416917284,0.5199333778417176,-0.050217387969128155,0.1262380251814164,0.14189650534364226,0.0,False,False,0.5235987755982988
0.6960000000000001,0.5206391133382435,0.02294843907548888,0.5186142207265143,-0.1771113606925404,0.3022556205231696,0.1262380251814164,0.0,False,False,0.5235987755982988
0.6970000000000001,0.5206633804954727,0.024267157229086723,0.5198224473128211,-0.03857756599260487,0.1142669883297243,0.3022556205231696,0.0,False,False,0.5235987755982988
0.6980000000000001,0.520697637261624,0.03425676615132939,0.5198990128920603,-0.027063251469425877,0.09907163047560419,0.1142669883297243,0.0,False,False,0.5235987755982988
0.6990000000000001,0.5207318483809981,0.03421111937408075,0.5205563514628762,0.04137693075910133,0.005111317526686303,0.09907163047560419,0.0,False,False,0.5235987755982988
0.7000000000000001,0.5207652559430966,0.033407562098568995,0.52173650190669,0.15525428206457217,-0.1527842120285273,0.005111317526686303,0.0,False,False,0.5235987755982988
0.7010000000000001,0.5207931958308822,0.027939887785615382,0.5205793400693642,0.02401267012554234,0.025534635370171588,-0.1527842120285273,0.0,False,False,0.5235987755982988
0.7020000000000001,0.5208080765470355,0.014880716153316072,0.5199085218773624,-0.04547041608719951,0.12098906628149558,0.025534635370171588,0.0,False,False,0.5235987755982988
0.7030000000000001,0.5208203850082188,0.01230846118327795,0.5207706827948119,0.04529271726647102,-0.0034455902570001626,0.12098906628149558,0.0,False,False,0.5235987755982988
0.704,0.520835406089306,0.015021081087156767,0.5217509827952672,0.13879344558535864,-0.13329186424786155,-0.0034455902570001626,0.0,False,False,0.5235987755982988
0.705,0.5208463801423641,0.010974053058069574,0.5199946954071105,-0.05071463778884684,0.12573100878800555,-0.13329186424786155,0.0,False,False,0.5235987755982988
0.706,0.5208476484225283,0.0012682801642535553,0.5200530219320085,-0.03981052152016102,0.11159619181741837,0.12573100878800555,0.0,False,False,0.5235987755982988
0.707,0.5208548182051611,0.007169782632795875,0.5213422441238073,0.09309274981172729,-0.0710937332332246,0.11159619181741837,0.0,False,False,0.5235987755982988
0.708,0.5208654758230945,0.010657617933437544,0.5206721490915154,0.01677397160136726,0.03255051120046114,-0.0710937332332246,0.0,False,False,0.5235987755982988
0.709,0.5208696106428035,0.004134819708955401,0.5214346476282603,0.09134642811572319,-0.07066141027817464,0.03255051120046114,0.0,False,False,0.5235987755982988
0.71,0.5208741333788472,0.004522736043733309,0.5208622243063892,0.024969453117037937,0.01929457951392798,-0.07066141027817464,0.0,False,False,0.5235987755982988
0.711,0.5208737707974219,-0.00036258142532803565,0.5214860878424578,0.0848588614121922,-0.0638022540894916,0.01929457951392798,0.0,False,False,0.5235987755982988
0.712,0.5208744831578105,0.000712360388516456,0.5199712071025434,-0.0751150987204618,0.15543435138815148,-0.0638022540894916,0.0,False,False,0.5235987755982988
0.713,0.5208717889382637,-0.0026942195467801284,0.5208612430910032,0.021400009997566888,0.0235955731342402,0.15543435138815148,0.0,False,False,0.5235987755982988
0.714,0.5208776806250467,0.005891686782995498,0.5206938189024611,0.0025175901436004094,0.049268112352757736,0.0235955731342402,0.0,False,False,0.5235987755982988
0.715,0.5208830104311892,0.005329806142549451,0.5198219454326526,-0.08492151585161446,0.16988876200356945,0.049268112352757736,0.0,False,False,0.5235987755982988
0.716,0.5208892201874343,0.006209756245062012,0.5195248282888026,-0.10614107865144753,0.20070034595266814,0.16988876200356945,0.0,False,False,0.5235987755982988
0.717,0.5209020942578754,0.012874070441017479,0.5215005231832712,0.10204251866055541,-0.08468247892216986,0.20070034595266814,0.0,False,False,0.5235987755982988
0.718,0.5209215473535587,0.01945309568325508,0.5206152836241876,0.003314310886140398,0.04972568247063286,-0.08468247892216986,0.0,False,False,0.5235987755982988
0.719,0.5209321893013529,0.010641947794168384,0.5200400814617049,-0.054537336450748264,0.12950129819958867,0.04972568247063286,0.0,False,False,0.5235987755982988
0.72,0.5209423530691993,0.010163767846456048,0.5208584211131804,0.03275036234187514,0.010025945921881864,0.12950129819958867,0.0,False,False,0.5235987755982988
0.721,0.520956140051999,0.013786982799680533,0.5219405222062654,0.13768543541619177,-0.13537396144282884,0.010025945921881864,0.0,False,False,0.5235987755982988
0.722,0.5209667878018803,0.010647749881308866,0.5189764685630512,-0.1724884724468444,0.29018769357066965,-0.13537396144282884,0.0,False,False,0.5235987755982988
0.723,0.5209677010387647,0.0009132368842888934,0.5196616373961873,-0.0867227418885526,0.17493577790427012,0.29018769357066965,0.0,False,False,0.5235987755982988
0.724,0.5209828462265662,0.015145187801587225,0.5201774758749118,-0.026466619827247836,0.0933433388136635,0.17493577790427012,0.0,False,False,0.5235987755982988
0.725,0.5210028408634172,0.01999463685097836,0.5222779599726587,0.18622845193016485,-0.19969946105467554,0.0933433388136635,0.0,False,False,0.5235987755982988
0.726,0.5210228537995792,0.020012936162028268,0.5212694574633402,0.06675535580529854,-0.038178700537103,-0.19969946105467554,0.0,False,False,0.5235987755982988
0.727,0.521028230516954,0.005376717374780368,0.5216978411296223,0.10291818685297485,-0.08928500378739168,-0.038178700537103,0.0,False,False,0.5235987755982988
0.728,0.5210301015447704,0.0018710278163042615,0.5200351234427045,-0.07364540052409511,0.1525202194296113,-0.08928500378739168,0.0,False,False,0.5235987755982988
0.729,0.5210269411617268,-0.003160383043589373,0.5200499618058434,-0.06479702415779867,0.14163507725355595,0.1525202194296113,0.0,False,False,0.5235987755982988
0.73,0.5210323597326386,0.0054185709118507105,0.5214231509222589,0.07900158989952968,-0.05564066371071681,0.14163507725355595,0.0,False,False,0.5235987755982988
0.731,0.5210432514513059,0.010891718667340119,0.521094105398517,0.03819687853538562,-0.0007521906463895459,-0.05564066371071681,0.0,False,False,0.5235987755982988
0.732,0.5210483388609534,0.0050874096474636645,0.5215272038170875,0.07768703253890027,-0.055936146984876714,-0.0007521906463895459,0.0,False,False,0.5235987755982988
0.733,0.5210518741760595,0.0035353151061422693,0.5208881003409503,0.006007981671294321,0.041582576626719304,-0.055936146984876714,0.0,False,False,0.5235987755982988
0.734,0.5210515488581766,-0.00032531788280084576,0.5212942750491966,0.04602465432878696,-0.013748575310703837,0.041582576626719304,0.0,False,False,0.5235987755982988
0.735,0.5210534015571552,0.001852698978579231,0.5211913864892469,0.031133332900941724,0.005973004481804427,-0.013748575310703837,0.0,False,False,0.5235987755982988
0.736,0.5210540051912848,0.0006036341296173642,0.5217327352789933,0.08215487858549074,-0.06499712855509017,0.005973004481804427,0.0,False,False,0.5235987755982988
0.737,0.5210547240258302,0.0007188345454454872,0.5217589716063699,0.07656302346459443,-0.05875915630279209,-0.06499712855509017,0.0,False,False,0.5235987755982988
0.738,0.5210519745710577,-0.00274945477247773,0.5196383695829085,-0.14315348122799648,0.24307148575062068,-0.05875915630279209,0.0,False,False,0.5235987755982988
0.739,0.5210471178355759,-0.004856735481745047,0.5190860060622142,-0.18407448517462893,0.30211923385907735,0.24307148575062068,0.0,False,False,0.5235987755982988
0.74,0.5210558631417543,0.008745306178427208,0.5219300509145403,0.11873744857543722,-0.11244789398287058,0.30211923385907735,0.0,False,False,0.5235987755982988
0.741,0.5210772111778006,0.02134803604625514,0.5221136968520995,0.12522829747381975,-0.12354253953699634,-0.11244789398287058,0.0,False,False,0.5235987755982988
0.742,0.5210881205449774,0.010909367176899826,0.5201974589393698,-0.07891832354653897,0.15592568811656993,-0.12354253953699634,0.0,False,False,0.5235987755982988
0.743,0.5210898264508614,0.0017059058839869554,0.519466813881392,-0.14409099698965586,0.24728450729190896,0.15592568811656993,0.0,False,False,0.5235987755982988
0.744,0.521098811283257,0.008984832395483623,0.5211852354682919,0.04216026139929291,-0.007148591339026546,0.24728450729190896,0.0,False,False,0.5235987755982988
0.745,0.5211175967491892,0.01878546593228798,0.5219299063418513,0.11241132261530859,-0.10485394052231545,-0.007148591339026546,0.0,False,False,0.5235987755982988
0.746,0.5211315403145395,0.013943565350213152,0.5227002374661541,0.17820330278405805,-0.19767027696226527,-0.10485394052231545,0.0,False,False,0.5235987755982988
0.747,0.5211365699666606,0.00502965212113329,0.5215871245943218,0.04907168532241671,-0.022676304315313256,-0.19767027696226527,0.0,False,False,0.5235987755982988
0.748,0.5211302181153619,-0.006351851298712838,0.520805834103359,-0.033964532306101,0.09103038567623767,-0.022676304315313256,0.0,False,False,0.5235987755982988
0.749,0.5211246018271704,-0.005616288191561929,0.5203451983273184,-0.07663165667955166,0.1505223788931094,0.09103038567623767,0.0,False,False,0.5235987755982988
0.75,0.5211252014754207,0.0005996482503391352,0.5211351946125837,0.010031137514936131,0.03230709272494819,0.1505223788931094,0.0,False,False,0.5235987755982988
0.751,0.5211331450034333,0.007943528012598733,0.5208719872825431,-0.01729270924061682,0.06983344077234241,0.03230709272494819,0.0,False,False,0.5235987755982988
0.752,0.521140406929613,0.00726192617971435,0.5202545930752985,-0.0773028590410155,0.1529587162632237,0.06983344077234241,0.0,False,False,0.5235987755982988
0.753,0.5211490438495662,0.008636919953124989,0.5229369204333864,0.19866016267186815,-0.22647880223781747,0.1529587162632237,0.0,False,False,0.5235987755982988
0.754,0.5211628529803681,0.013809130801909798,0.5227207062963044,0.1571727326964864,-0.1728020317998843,-0.22647880223781747,0.0,False,False,0.5235987755982988
0.755,0.5211616932832762,-0.0011596970919334013,0.5221530827828257,0.08469310807896567,-0.07560925901624242,-0.1728020317998843,0.0,False,False,0.5235987755982988
0.756,0.5211522456431156,-0.009447640160677348,0.5203486520751122,-0.10421927350028311,0.1835653516176995,-0.07560925901624242,0.0,False,False,0.5235987755982988
0.757,0.5211416960620996,-0.010549581015957776,0.5218878411809579,0.06012156443431692,-0.04134905780904344,0.1835653516176995,0.0,False,False,0.5235987755982988
0.758,0.5211432676572317,0.001571595132114148,0.5217014469986542,0.0354699897605146,-0.008412072919013948,-0.04134905780904344,0.0,False,False,0.5235987755982988
0.759,0.5211422950025875,-0.0009726546442611469,0.5215284889142202,0.014627182341067083,0.01971254150413437,-0.008412072919013948,0.0,False,False,0.5235987755982988
0.76,0.5211411972014799,-0.0010978011076248604,0.5222317358743663,0.08348916012157236,-0.07558027711510211,0.01971254150413437,0.0,False,False,0.5235987755982988
0.761,0.5211414184286238,0.00022122714394210308,0.5216958843493783,0.021555091610612226,0.008385932547834565,-0.07558027711510211,0.0,False,False,0.5235987755982988
0.762,0.521137793391567,-0.003625037056909612,0.5217835776383241,0.0281689113441266,-0.0011291303334062947,0.008385932547834565,0.0,False,False,0.5235987755982988
0.763,0.5211356779077881,-0.0021154837788292186,0.5216914834913624,0.016142605513548736,0.014960131308596882,-0.0011291303334062947,0.0,False,False,0.5235987755982988
0.764,0.5211341467182647,-0.0015311895233582735,0.521431543324872,-0.01146567168685079,0.05276898694590435,0.014960131308596882,0.0,False,False,0.5235987755982988
0.765,0.5211338281215369,-0.0003185967279092541,0.5195773337821005,-0.19574005879531467,0.3072740232459478,0.05276898694590435,0.0,False,False,0.5235987755982988
0.766,0.5211362448194776,0.002416697940790307,0.5212092179757216,-0.012977633553668544,0.05858519747079183,0.3072740232459478,0.0,False,False,0.5235987755982988
0.767,0.5211532940505572,0.017049231079553962,0.5206679250028056,-0.06580916748990688,0.13172631170676677,0.05858519747079183,0.0,False,False,0.5235987755982988
0.768,0.5211690502250513,0.015756174494158916,0.5200521782944165,-0.1208029215798204,0.20880225736566574,0.13172631170676677,0.0,False,False,0.5235987755982988
0.769,0.5211873866950789,0.018336470027556742,0.5226550485661569,0.15156439775219477,-0.16489019072407843,0.20880225736566574,0.0,False,False,0.5235987755982988
0.77,0.5212117435847063,0.02435688962740871,0.5227205766572112,0.14296076708240651,-0.15574533955931014,-0.16489019072407843,0.0,False,False,0.5235987755982988
0.771,0.521222724434117,0.01098084941062996,0.5224088681709216,0.09749384174520728,-0.0955742764014585,-0.15574533955931014,0.0,False,False,0.5235987755982988
0.772,0.5212228752798406,0.0001508457235552766,0.5214455910008106,-0.00858325944041552,0.04905723408328723,-0.0955742764014585,0.0,False,False,0.5235987755982988
0.773,0.5212182015555021,-0.0046737243383957764,0.5223968443215407,0.08740039857663544,-0.08324571531031562,0.04905723408328723,0.0,False,False,0.5235987755982988
0.774,0.5212173765276669,-0.000825027835223896,0.5212278949120088,-0.038234582234210834,0.0885573510342728,-0.08324571531031562,0.0,False,False,0.5235987755982988
0.775,0.5212126398822304,-0.004736645436451616,0.5213896138920276,-0.018239226008907632,0.06165198192357017,0.0885573510342728,0.0,False,False,0.5235987755982988
0.776,0.5212137450597735,0.0011051775430628782,0.5202595112752306,-0.12942556508771924,0.21541743592049054,0.06165198192357017,0.0,False,False,0.5235987755982988
0.777,0.5212175971994987,0.003852139725237187,0.5215640374677633,0.013969610674315555,0.019861753540461463,0.21541743592049054,0.0,False,False,0.5235987755982988
0.778,0.5212310632420811,0.013466042582509356,0.5212837599057251,-0.015455106596934914,0.06021641038264943,0.019861753540461463,0.0,False,False,0.5235987755982988
0.779,0.5212419456212327,0.010882379151544962,0.520105167198891,-0.13176886662064835,0.2210075911341188,0.06021641038264943,0.0,False,False,0.5235987755982988
0.78,0.5212528186942147,0.010873072981997573,0.5212081407857792,-0.008294621269767918,0.05298497214907548,0.2210075911341188,0.0,False,False,0.5235987755982988
0.781,0.5212717241625104,0.01890546829572576,0.5212021469924865,-0.00806453847206025,0.05281676107109472,0.05298497214907548,0.0,False,False,0.5235987755982988
0.782,0.5212887774431346,0.01705328062423088,0.5228574454863316,0.15827176475966162,-0.17658217569618437,0.05281676107109472,0.0,False,False,0.5235987755982988
0.783,0.521304248596729,0.015471153594389244,0.5220845969366178,0.06515973331231321,-0.05093646406451749,-0.17658217569618437,0.0,False,False,0.5235987755982988
0.784,0.5213069347964095,0.0026861996805622197,0.5213169228262337,-0.018123651057332317,0.0628217311659717,-0.05093646406451749,0.0,False,False,0.5235987755982988
0.785,0.5213062623791543,-0.0006724172551881066,0.5215233702638148,0.004333457806514559,0.032157146652895,0.0628217311659717,0.0,False,False,0.5235987755982988
0.786,0.5213089353873298,0.002673008175519273,0.5213475179657325,-0.013685117782362637,0.05694477872502827,0.032157146652895,0.0,False,False,0.5235987755982988
0.787,0.5213124083991254,0.003473011795607304,0.5211353325424742,-0.03353514832995569,0.0845841530007892,0.05694477872502827,0.0,False,False,0.5235987755982988
0.788,0.5213176832021778,0.005274803052314194,0.5203730872767998,-0.10640616006440783,0.18574978186427235,0.0845841530007892,0.0,False,False,0.5235987755982988
0.789,0.5213256193707677,0.007936168589987956,0.5211938017404897,-0.01369409768897506,0.05972244666733448,0.18574978186427235,0.0,False,False,0.5235987755982988
0.79,0.5213405479948294,0.014928624061711367,0.5206894544387306,-0.06275941809598537,0.12767908258741026,0.05972244666733448,0.0,False,False,0.5235987755982988
0.791,0.5213546049365431,0.014056941713686925,0.5202634987943903,-0.09907904072042051,0.17892983133485849,0.12767908258741026,0.0,False,False,0.5235987755982988
0.792,0.5213713525736631,0.016747637119966505,0.5218174777672568,0.06622676063827916,-0.04740875180717949,0.17892983133485849,0.0,False,False,0.5235987755982988
0.793,0.5213928731928256,0.021520619162474434,0.5217343160209521,0.051287909943977396,-0.027985219540532076,-0.04740875180717949,0.0,False,False,0.5235987755982988
0.794,0.5214071869563447,0.014313763519173302,0.5198479905141703,-0.1424734317286008,0.23848224958863426,-0.027985219540532076,0.0,False,False,0.5235987755982988
0.795,0.5214163588157117,0.009171859366996677,0.5213092962724164,0.01790448726886934,0.019725243143240267,0.23848224958863426,0.0,False,False,0.5235987755982988
0.796,0.5214348444796315,0.018485663919804732,0.5223037578571628,0.11556019701661882,-0.11536191707949367,0.019725243143240267,0.0,False,False,0.5235987755982988
0.797,0.5214498749587355,0.015030479104006426,0.5223742220466868,0.11105059626736248,-0.11121875159181904,-0.11536191707949367,0.0,False,False,0.5235987755982988
0.798,0.5214552608766138,0.005385917878255512,0.5223504724014443,0.09757057211637189,-0.09461522899626457,-0.11121875159181904,0.0,False,False,0.5235987755982988
0.799,0.5214534864959898,-0.0017743806240117753,0.5214874446751367,0.00151074227398168,0.03619106588813923,-0.09461522899626457,0.0,False,False,0.5235987755982988
0.8,0.5214475193733821,-0.0059671226077012435,0.5207100782082992,-0.07637697863717349,0.1436489273846017,0.03619106588813923,0.0,False,False,0.5235987755982988
0.801,0.5214451245177224,-0.002394855659620746,0.5204994188858524,-0.08980521301813549,0.16355467644579835,0.1436489273846017,0.0,False,False,0.5235987755982988
0.802,0.521450636730309,0.0055122125865726575,0.5217513612406297,0.04436954376141049,-0.019989994075648637,0.16355467644579835,0.0,False,False,0.5235987755982988
0.803,0.5214626916012366,0.012054870927588036,0.521793675870574,0.04416405237970011,-0.0205050677565937,-0.019989994075648637,0.0,False,False,0.5235987755982988
0.804,0.5214704647593579,0.007773158121332104,0.5225938730824012,0.11976736832445257,-0.12563259670318672,-0.0205050677565937,0.0,False,False,0.5235987755982988
0.805,0.5214749603555964,0.004495596238516209,0.5224348736857667,0.09189069182855217,-0.0893185957686843,-0.12563259670318672,0.0,False,False,0.5235987755982988
0.806,0.521471829925309,-0.0031304302872876806,0.5213564386542112,-0.02514188050984993,0.07053232160539667,-0.0893185957686843,0.0,False,False,0.5235987755982988
0.807,0.5214651776212218,-0.006652304087216096,0.5203794031632822,-0.12033124155176282,0.20234619369241374,0.07053232160539667,0.0,False,False,0.5235987755982988
0.808,0.5214640037545909,-0.00117386663094062,0.5211855307154571,-0.027685362179095882,0.07666084250606511,0.20234619369241374,0.0,False,False,0.5235987755982988
0.809,0.5214733036492707,0.009299894679782095,0.5216628736286449,0.02281746535759318,0.007465277024657931,0.07666084250606511,0.0,False,False,0.5235987755982988
0.81,0.5214837945087119,0.01049085944113587,0.5213074436089539,-0.015007283147273332,0.05925271558493704,0.007465277024657931,0.0,False,False,0.5235987755982988
0.811,0.5214917294765256,0.00793496781375823,0.520987421730834,-0.04550874264453182,0.10161486078780468,0.05925271558493704,0.0,False,False,0.5235987755982988
0.812,0.5215003323602821,0.00860288375658228,0.5217210159927582,0.032401557812342205,-0.00508219647507991,0.10161486078780468,0.0,False,False,0.5235987755982988
0.8130000000000001,0.521511548924734,0.011216564451790395,0.5210717628308075,-0.035763914163966695,0.08840292681160422,-0.00508219647507991,0.0,False,False,0.5235987755982988
0.8140000000000001,0.5215194149630153,0.007866038281372235,0.5209713239089596,-0.04223141493235566,0.09797182832693238,0.08840292681160422,0.0,False,False,0.5235987755982988
0.8150000000000001,0.5215294244637819,0.010009500766562953,0.5218012183349451,0.04498116915942657,-0.02162137225094469,0.09797182832693238,0.0,False,False,0.5235987755982988
0.8160000000000001,0.5215415175739534,0.012093110171520444,0.5211907128693614,-0.02056749431488824,0.06802612229874007,-0.02162137225094469,0.0,False,False,0.5235987755982988
0.8170000000000001,0.5215492391188464,0.007721544893075914,0.5217622603841585,0.03864400659631606,-0.013315534061053881,0.06802612229874007,0.0,False,False,0.5235987755982988
0.8180000000000001,0.521558123242451,0.00888412360458309,0.5217965387288741,0.03820744040824327,-0.013408664840247116,-0.013315534061053881,0.0,False,False,0.5235987755982988
0.8190000000000001,0.5215638033036876,0.0056800612366317855,0.5205694639205997,-0.08832078446002523,0.16051255155061503,-0.013408664840247116,0.0,False,False,0.5235987755982988
0.8200000000000001,0.5215671305757803,0.003327272092698055,0.5211471684704079,-0.021718251033201602,0.07019082954187889,0.16051255155061503,0.0,False,False,0.5235987755982988
0.8210000000000001,0.5215774810927558,0.010350516975499444,0.5228321781682954,0.14895454385887258,-0.16494669889058586,0.07019082954187889,0.0,False,False,0.5235987755982988
0.8220000000000001,0.5215884450199411,0.010963927185273606,0.5205743393365818,-0.0917247936983745,0.1645096051489554,-0.16494669889058586,0.0,False,False,0.5235987755982988
0.8230000000000001,0.5215881227532765,-0.0003222666645425528,0.5197409932902004,-0.16588691896667818,0.2685043843057852,0.1645096051489554,0.0,False,False,0.5235987755982988
0.8240000000000001,0.5215961239275689,0.008001174292479245,0.51997135752325,-0.1262618037650541,0.21680768986894422,0.2685043843057852,0.0,False,False,0.5235987755982988
0.8250000000000001,0.5216152383211816,0.0191143936127345,0.5216406415418238,0.0532927784688315,-0.028704921146046947,0.21680768986894422,0.0,False,False,0.5235987755982988
0.8260000000000001,0.5216406624725183,0.025424151336617247,0.5216676428873895,0.05066363517852527,-0.026035973417863317,-0.028704921146046947,0.0,False,False,0.5235987755982988
0.8270000000000001,0.5216594249335789,0.018762461060637062,0.5215567901004161,0.03451199296333019,-0.004658652594107568,-0.026035973417863317,0.0,False,False,0.5235987755982988
0.8280000000000001,0.5216724043939107,0.012979460331855232,0.5227319849068621,0.14858027431159831,-0.1626940967280575,-0.004658652594107568,0.0,False,False,0.5235987755982988
0.8290000000000001,0.5216816731345614,0.009268740650660693,0.5193491850736452,-0.20455773644124908,0.3219619131732631,-0.1626940967280575,0.0,False,False,0.5235987755982988
0.8300000000000001,0.5216801728073616,-0.0015003271997986456,0.5220256902938113,0.08354855921948054,-0.07194273558260128,0.3219619131732631,0.0,False,False,0.5235987755982988
0.8310000000000001,0.5216952258328831,0.015053025521523059,0.5230578377172777,0.17840844564416808,-0.20435325291462073,-0.07194273558260128,0.0,False,False,0.5235987755982988
0.8320000000000001,0.5217028011415035,0.007575308620403449,0.5207186267621025,-0.0733534944377684,0.13986687237685658,-0.20435325291462073,0.0,False,False,0.5235987755982988
0.833,0.5216979586772357,-0.004842464267776893,0.5213665149696732,-0.0012293242369136453,0.04165588039955685,0.13986687237685658,0.0,False,False,0.5235987755982988
0.834,0.5217015539276917,0.003595250455991809,0.5210445317843271,-0.03330471034783757,0.08594204106889632,0.04165588039955685,0.0,False,False,0.5235987755982988
0.835,0.5217061504856922,0.0045965580005719415,0.5209256863278799,-0.04185878495776745,0.09834614881686063,0.08594204106889632,0.0,False,False,0.5235987755982988
0.836,0.5217136705692842,0.007520083591975474,0.5214289532586937,0.012653786619379888,0.02387225816963711,0.09834614881686063,0.0,False,False,0.5235987755982988
0.837,0.5217239224861464,0.010251916862172951,0.5229696383973494,0.16545692182302138,-0.18722383657053698,0.02387225816963711,0.0,False,False,0.5235987755982988
0.838,0.5217324952165386,0.00857273039223293,0.5233359175725151,0.18553914715728215,-0.21791553212463124,-0.18722383657053698,0.0,False,False,0.5235987755982988
0.839,0.521729247376988,-0.003247839550659805,0.5214360850988106,-0.022998014928897026,0.06652604690546496,-0.21791553212463124,0.0,False,False,0.5235987755982988
0.84,0.5217160826285193,-0.01316474846866117,0.523378561287728,0.1735494054557334,-0.2042954289566049,0.06652604690546496,0.0,False,False,0.5235987755982988
0.841,0.5217097599767702,-0.006322651749210306,0.5217408063097523,-0.007581032887409078,0.042540686658728524,-0.2042954289566049,0.0,False,False,0.5235987755982988
0.842,0.5216950838790541,-0.014676097716149014,0.5232254680029848,0.14164323972457876,-0.16325235095384133,0.042540686658728524,0.0,False,False,0.5235987755982988
0.843,0.5216863458457962,-0.008738033257806699,0.5216049274145903,-0.03457514308732387,0.07737943901154187,-0.16325235095384133,0.0,False,False,0.5235987755982988
0.844,0.5216719465848146,-0.014399260981606574,0.5217863161135652,-0.012978758881103239,0.04819878138252924,0.07737943901154187,0.0,False,False,0.5235987755982988
0.845,0.5216651752113122,-0.006771373502448736,0.5219841118552926,0.008098691179747314,0.019345517958415333,0.04819878138252924,0.0,False,False,0.5235987755982988
0.846,0.5216627980561863,-0.002377155125799139,0.5244368712133913,0.2525647578716469,-0.31816343051764157,0.019345517958415333,0.0,False,False,0.5235987755982988
0.847,0.5216621074927392,-0.0006905634470896625,0.5224049943005279,0.024120590798138303,-0.007456645597889333,-0.31816343051764157,0.0,False,False,0.5235987755982988
0.848,0.5216457186067648,-0.016388885974421934,0.5210285138702536,-0.11593951130910289,0.185392124675737,-0.007456645597889333,0.0,False,False,0.5235987755982988
0.849,0.5216330710478778,-0.012647558887000553,0.5224786812119342,0.04067117398986486,-0.02864370983327462,0.185392124675737,0.0,False,False,0.5235987755982988
0.85,0.5216331018101122,3.076223441811528e-05,0.5213173433544639,-0.07952972915615175,0.13650145537641073,-0.02864370983327462,0.0,False,False,0.5235987755982988
0.851,0.5216316910351431,-0.0014107749692310381,0.5212043033749495,-0.08288075419197613,0.14255740505065911,0.13650145537641073,0.0,False,False,0.5235987755982988
0.852,0.5216375335079662,0.005842472823109185,0.5224304377738769,0.04802076111995955,-0.03659483250435656,0.14255740505065911,0.0,False,False,0.5235987755982988
0.853,0.5216487759517192,0.0112424437531105,0.5216759032445454,-0.032234767925186036,0.07329342387778508,-0.03659483250435656,0.0,False,False,0.5235987755982988
0.854,0.521655086382206,0.006310430486793971,0.5218981897284553,-0.0067826427416801775,0.03874971694720034,0.07329342387778508,0.0,False,False,0.5235987755982988
0.855,0.5216632035309726,0.008117148766563824,0.5216754079393812,-0.028382557374921062,0.06867968671042302,0.03874971694720034,0.0,False,False,0.5235987755982988
0.856,0.5216709159992273,0.007712468254652638,0.5219646401875234,0.00337892317679675,0.025359729581801004,0.06867968671042302,0.0,False,False,0.5235987755982988
0.857,0.5216798261153999,0.008910116172518018,0.5220506788213476,0.011644894241534105,0.013891868895281113,0.025359729581801004,0.0,False,False,0.5235987755982988
0.858,0.521687459390898,0.007633275498141112,0.5199971368669998,-0.19487379061740076,0.2986780459042636,0.013891868895281113,0.0,False,False,0.5235987755982988
0.859,0.521693571817805,0.006112426906970639,0.522275266206357,0.05242652238006193,-0.03908865780112168,0.2986780459042636,0.0,False,False,0.5235987755982988
0.86,0.5217128150066057,0.019243188800717747,0.5208558413968776,-0.09475861080588727,0.1630831485926471,-0.03908865780112168,0.0,False,False,0.5235987755982988
0.861,0.5217255553585052,0.012740351899441772,0.5204669119227961,-0.12417569713344084,0.205384382719177,0.1630831485926471,0.0,False,False,0.5235987755982988
0.862,0.5217430217137469,0.017466355241718245,0.521692048287471,0.010755509047383802,0.021414480738040927,0.205384382719177,0.0,False,False,0.5235987755982988
0.863,0.5217664690874171,0.023447373670161607,0.5218397563382654,0.024450763222090256,0.0023214308140931117,0.021414480738040927,0.0,False,False,0.5235987755982988
0.864,0.5217859432154441,0.0194741280270768,0.5211807449177109,-0.04389545515556548,0.0961990984372604,0.0023214308140931117,0.0,False,False,0.5235987755982988
0.865,0.521800953547378,0.015010331933842843,0.5225261656526415,0.09503616385305128,-0.09473641760183055,0.0961990984372604,0.0,False,False,0.5235987755982988
0.866,0.5218169010506328,0.015947503254821836,0.5206456322610491,-0.10252079169149807,0.17618153010029264,-0.09473641760183055,0.0,False,False,0.5235987755982988
0.867,0.5218240725422987,0.007171491665881286,0.5214689471279742,-0.00993722582983761,0.05026158346164816,0.17618153010029264,0.0,False,False,0.5235987755982988
0.868,0.5218379606772772,0.013888134978504666,0.5213275617090605,-0.023082045138226936,0.06858030417216252,0.05026158346164816,0.0,False,False,0.5235987755982988
0.869,0.5218507015058015,0.01274082852426867,0.5218100464429546,0.027474632765007483,-0.0007724345218129008,0.06858030417216252,0.0,False,False,0.5235987755982988
0.87,0.5218634430958553,0.012741590053811286,0.5221067980925209,0.054402334445139644,-0.03842720623016542,-0.0007724345218129008,0.0,False,False,0.5235987755982988
0.871,0.5218727176513863,0.009274555530974764,0.5209931651274579,-0.062401195505680344,0.12178242308195365,-0.03842720623016542,0.0,False,False,0.5235987755982988
0.872,0.5218774350429352,0.004717391548820413,0.5225094909147737,0.09547150277647408,-0.0949586790283172,0.12178242308195365,0.0,False,False,0.5235987755982988
0.873,0.5218868331423718,0.009398099436671794,0.5219418130805715,0.029156569078607086,-0.0051625575752372935,-0.0949586790283172,0.0,False,False,0.5235987755982988
0.874,0.5218888169802754,0.001983837903618684,0.5202377824107223,-0.14416215481417907,0.23349246315339267,-0.0051625575752372935,0.0,False,False,0.5235987755982988
0.875,0.5218899415478306,0.0011245675551634724,0.5201807480810153,-0.13544937230345513,0.22406374207524887,0.23349246315339267,0.0,False,False,0.5235987755982988
0.876,0.5219023992251043,0.012457677273699438,0.5218916486139475,0.04918561822011171,-0.028294456145811178,0.22406374207524887,0.0,False,False,0.5235987755982988
0.877,0.5219226914622751,0.02029223717086917,0.5217298611005414,0.028088305057488567,-6.550510935325604e-05,-0.028294456145811178,0.0,False,False,0.5235987755982988
0.878,0.5219368818309137,0.014190368638588127,0.5218466307561805,0.03695644011565122,-0.01280912098065251,-6.550510935325604e-05,0.0,False,False,0.5235987755982988
0.879,0.5219473499142305,0.01046808331685838,0.5219229306142681,0.04089078191284083,-0.018903728582855897,-0.01280912098065251,0.0,False,False,0.5235987755982988
0.88,0.5219542537306799,0.006903816449376404,0.522151091823666,0.05961782466135154,-0.04548308165023181,-0.018903728582855897,0.0,False,False,0.5235987755982988
0.881,0.5219581921235921,0.003938392912152788,0.5227851724159467,0.11706410142328141,-0.12583206442559935,-0.04548308165023181,0.0,False,False,0.5235987755982988
0.882,0.521958674129796,0.0004820062039263763,0.5209890521869932,-0.07425433161439464,0.13608021934077452,-0.12583206442559935,0.0,False,False,0.5235987755982988
0.883,0.5219527180308823,-0.005956098913727016,0.5209299798790842,-0.07273612924385767,0.1353216780384926,0.13608021934077452,0.0,False,False,0.5235987755982988
0.884,0.5219553255826613,0.0026075517790810562,0.5210012205271243,-0.058338451515462506,0.11676213309969673,0.1353216780384926,0.0,False,False,0.5235987755982988
0.885,0.521963910925069,0.008585342407608477,0.5222160382803681,0.06897716896046725,-0.05788333102980801,0.11676213309969673,0.0,False,False,0.5235987755982988
0.886,0.5219758717808705,0.011960855801468634,0.5230622933194431,0.14670495597191885,-0.16638926614689964,-0.05788333102980801,0.0,False,False,0.5235987755982988
0.887,0.5219816766943196,0.005804913449099547,0.5216052620247705,-0.013668669092529173,0.0522856472345441,-0.16638926614689964,0.0,False,False,0.5235987755982988
0.888,0.5219774447593242,-0.004231934995490101,0.5197942998004634,-0.19339802461398622,0.30055819389782035,0.0522856472345441,0.0,False,False,0.5235987755982988
0.889,0.5219770950005083,-0.0003497588159510562,0.5204900807063565,-0.10448013156328141,0.18133266593089947,0.30055819389782035,0.0,False,False,0.5235987755982988
0.89,0.5219918794673719,0.014784466863690969,0.5212649177872313,-0.016548410319475335,0.06186753298258614,0.18133266593089947,0.0,False,False,0.5235987755982988
0.891,0.5220118993754982,0.020019908126257924,0.5215251891044843,0.011133562437775768,0.023964281963330177,0.06186753298258614,0.0,False,False,0.5235987755982988
0.892,0.5220303605093356,0.018461133837377998,0.5216739742006709,0.024898715812652523,0.0047679661821202896,0.023964281963330177,0.0,False,False,0.5235987755982988
0.893,0.5220455819712528,0.015221461917275695,0.5220792503525096,0.06293645941525909,-0.048172296874104514,0.0047679661821202896,0.0,False,False,0.5235987755982988
0.894,0.5220571306940214,0.011548722768550831,0.5217850806988282,0.027225848105598985,-2.4509536248232267e-05,-0.048172296874104514,0.0,False,False,0.5235987755982988
0.895,0.5220630998102636,0.0059691162422100584,0.5229788213690424,0.1438773303164551,-0.16149362025313047,-2.4509536248232267e-05,0.0,False,False,0.5235987755982988
0.896,0.5220673044315589,0.004204621295315047,0.5214773680423289,-0.02065573538653792,0.06297221847130371,-0.16149362025313047,0.0,False,False,0.5235987755982988
0.897,0.5220621744274191,-0.005130004139874128,0.5213096600478228,-0.03536096129850023,0.08363723346676938,0.06297221847130371,0.0,False,False,0.5235987755982988
0.898,0.522061719669152,-0.0004547582669988462,0.5224796174118742,0.08517087123649525,-0.08206019812815137,0.08363723346676938,0.0,False,False,0.5235987755982988
0.899,0.5220655849955649,0.003865326412788463,0.5207254844829473,-0.09875950877984417,0.1702306506121401,-0.08206019812815137,0.0,False,False,0.5235987755982988
0.9,0.5220641864780613,-0.0013985175035552506,0.5224042566443385,0.07899365823726309,-0.07329104871343071,0.1702306506121401,0.0,False,False,0.5235987755982988
0.901,0.5220717239599212,0.007537481859909796,0.5221612184956425,0.04679047754392838,-0.030272545204899547,-0.07329104871343071,0.0,False,False,0.5235987755982988
0.902,0.5220734068010854,0.0016828411641663203,0.5219447389557649,0.02046347580177767,0.005216488603477721,-0.030272545204899547,0.0,False,False,0.5235987755982988
0.903,0.5220730656193433,-0.00034118174207292424,0.523459097994369,0.1698530320820084,-0.20130944162767267,0.005216488603477721,0.0,False,False,0.5235987755982988
0.904,0.5220730889713533,2.335201003319647e-05,0.5215301105438125,-0.040031016181839796,0.08527319039896168,-0.20130944162767267,0.0,False,False,0.5235987755982988
0.905,0.5220630397522741,-0.010049219079216973,0.5238609890846971,0.19705993952480924,-0.24119177018494087,0.08527319039896168,0.0,False,False,0.5235987755982988
0.906,0.52206007869179,-0.002961060484069543,0.5218633526404615,-0.022409698851238946,0.05812925186255906,-0.24119177018494087,0.0,False,False,0.5235987755982988
0.907,0.5220459517710366,-0.014126920753366643,0.5209315446926944,-0.11334952374281887,0.18402958479226164,0.05812925186255906,0.0,False,False,0.5235987755982988
0.908,0.522038438103048,-0.0075136679886256014,0.5220994544480467,0.014776404166693305,0.009256095704505592,0.18402958479226164,0.0,False,False,0.5235987755982988
0.909,0.5220423096863089,0.0038715832610266426,0.5211031085710915,-0.08633582394549447,0.14852499522432422,0.009256095704505592,0.0,False,False,0.5235987755982988
0.91,0.5220454814067733,0.003171720464396213,0.521389450671,-0.04906803156010404,0.09864948656350435,0.14852499522432422,0.0,False,False,0.5235987755982988
0.911,0.5220551230712689,0.00964166449555562,0.5224015999875353,0.057053703249443456,-0.04691528290558933,0.09864948656350435,0.0,False,False,0.5235987755982988
0.912,0.5220669711807734,0.011848109504537508,0.522551808016376,0.06636913580856837,-0.06079754649567169,-0.04691528290558933,0.0,False,False,0.5235987755982988
0.913,0.5220732363930235,0.006265212250069372,0.5215302926495736,-0.0424193144525279,0.08813587042008694,-0.06079754649567169,0.0,False,False,0.5235987755982988
0.914,0.5220746162641878,0.001379871164384862,0.5229362898057974,0.10242233261510525,-0.11098205487310131,0.08813587042008694,0.0,False,False,0.5235987755982988
0.915,0.522079984103625,0.005367839437181345,0.5230901001783673,0.10756113661058431,-0.1199172063739343,-0.11098205487310131,0.0,False,False,0.5235987755982988
0.916,0.5220782086013874,-0.0017755022375322846,0.5233316183365978,0.1209568387725739,-0.14033937581647046,-0.1199172063739343,0.0,False,False,0.5235987755982988
0.917,0.5220709755966315,-0.00723300475590454,0.5225329759495587,0.02899691619140818,-0.015611905752368094,-0.14033937581647046,0.0,False,False,0.5235987755982988
0.918,0.5220588345557818,-0.012141040849731539,0.5232486505628879,0.09766468590518937,-0.11089537244883148,-0.015611905752368094,0.0,False,False,0.5235987755982988
0.919,0.5220492137755748,-0.009620780207044358,0.5204079075188508,-0.1961760870890437,0.29284692993691674,-0.11089537244883148,0.0,False,False,0.5235987755982988
0.92,0.5220367691618645,-0.012444613710358952,0.5217593433625036,-0.041414894014856735,0.08280765306214152,0.29284692993691674,0.0,False,False,0.5235987755982988
0.921,0.5220423327486137,0.005563586749176501,0.5212857279308666,-0.08463494777707528,0.14319679534627053,0.08280765306214152,0.0,False,False,0.5235987755982988
0.922,0.5220503871485888,0.008054399975095442,0.5221544313400986,0.010698887923838565,0.013159531138996778,0.14319679534627053,0.0,False,False,0.5235987755982988
0.923,0.5220632755273898,0.012888378801112859,0.5215645920082431,-0.049354934054097674,0.0958412254859197,0.013159531138996778,0.0,False,False,0.5235987755982988
0.924,0.5220733629241522,0.01008739676233469,0.5219283628531506,-0.008042356157941632,0.039718256802198114,0.0958412254859197,0.0,False,False,0.5235987755982988
0.925,0.5220854087514487,0.012045827296489231,0.5237279161893432,0.17271721307711635,-0.20958518633133896,0.039718256802198114,0.0,False,False,0.5235987755982988
0.926,0.5220961602400095,0.01075148856079103,0.5219480517773419,-0.022540949430723878,0.05676216809409247,-0.20958518633133896,0.0,False,False,0.5235987755982988
0.927,0.5220934425650741,-0.002717674935382554,0.5224545444827954,0.030362416057692788,-0.015838739190169503,0.05676216809409247,0.0,False,False,0.5235987755982988
0.928,0.522094384190489,0.0009416254149295059,0.52189169096256,-0.028959177571609384,0.06547853652922903,-0.015838739190169503,0.0,False,False,0.5235987755982988
0.929,0.5220942478333584,-0.00013635713059330606,0.5221603201414763,0.0007996580771750875,0.024932608530195424,0.06547853652922903,0.0,False,False,0.5235987755982988
0.93,0.5220974268549882,0.0031790216297491597,0.5221026773991706,-0.005044581961110998,0.032983265937641074,0.024932608530195424,0.0,False,False,0.5235987755982988
0.931,0.5221008940360585,0.0034671810703187636,0.5224921305894166,0.034405195259597066,-0.02136662415163606,0.032983265937641074,0.0,False,False,0.5235987755982988
0.932,0.5221049666536675,0.004072617608886313,0.5231218893183475,0.09394054862672693,-0.10414470531294802,-0.02136662415163606,0.0,False,False,0.5235987755982988
0.933,0.5221067494761692,0.0017828225017384384,0.5235443719429577,0.1267947562250741,-0.1511744416739482,-0.10414470531294802,0.0,False,False,0.5235987755982988
0.934,0.5221027844975321,-0.003964978637027945,0.5223729789905126,-0.0030240146419393266,0.025693156510478998,-0.1511744416739482,0.0,False,False,0.5235987755982988
0.935,0.5220924508080561,-0.010333689475988115,0.5226069275208661,0.020673239857606874,-0.0069546224353398516,0.025693156510478998,0.0,False,False,0.5235987755982988
0.936,0.5220862939333446,-0.0061568747115289865,0.5210819751868627,-0.13388931752849423,0.20596958844004273,-0.0069546224353398516,0.0,False,False,0.5235987755982988
0.937,0.5220816048001733,-0.004689133171272023,0.5220049178756193,-0.02820611689998588,0.06253677928821412,0.20596958844004273,0.0,False,False,0.5235987755982988
0.9380000000000001,0.5220886144212075,0.007009621034223053,0.5229091717754092,0.06503988476900022,-0.06563499291078695,0.06253677928821412,0.0,False,False,0.5235987755982988
0.9390000000000001,0.5220967020301417,0.008087608934239272,0.5228524022281112,0.05285894156230607,-0.049996009211391024,-0.06563499291078695,0.0,False,False,0.5235987755982988
0.9400000000000001,0.5220991733942503,0.0024713641085751196,0.5222838377225772,-0.009283403147324239,0.03480896553977729,-0.049996009211391024,0.0,False,False,0.5235987755982988
0.9410000000000001,0.5220983974138542,-0.0007759803960129758,0.5228719220670668,0.05045337161636185,-0.04746068237745767,0.03480896553977729,0.0,False,False,0.5235987755982988
0.9420000000000001,0.5220995976630326,0.0012002491783691715,0.5225278724095885,0.011003068706900529,0.006072574948504434,-0.04746068237745767,0.0,False,False,0.5235987755982988
0.9430000000000001,0.5220980604339892,-0.0015372290433791009,0.5231455252459352,0.07166804547087317,-0.07784314822250203,0.006072574948504434,0.0,False,False,0.5235987755982988
0.9440000000000001,0.5220972932453172,-0.0007671886720326055,0.522349806745802,-0.015070609089529924,0.04056617025237853,-0.07784314822250203,0.0,False,False,0.5235987755982988
0.9450000000000001,0.522092867011769,-0.004426233548137576,0.5217824616742435,-0.0702980553364303,0.11705131703671258,0.04056617025237853,0.0,False,False,0.5235987755982988
0.9460000000000001,0.5220917933990179,-0.0010736127511312616,0.5223848701838938,-0.003027398837755213,0.025483176064596713,0.11705131703671258,0.0,False,False,0.5235987755982988
0.9470000000000001,0.5220968984213777,0.005105022359815277,0.5195394723764248,-0.2872644397008749,0.41778478563478144,0.025483176064596713,0.0,False,False,0.5235987755982988
0.9480000000000001,0.5221017580920162,0.0048596706385095,0.5224358889299583,0.031103659622557955,-0.01639243151694012,0.41778478563478144,0.0,False,False,0.5235987755982988
0.9490000000000001,0.5221260576922556,0.02429960023940192,0.5189422168786563,-0.3213739114698999,0.4694667507174457,-0.01639243151694012,0.0,False,False,0.5235987755982988
0.9500000000000001,0.5221444114698,0.01835377754432585,0.5206404059199568,-0.11941761619286198,0.19655179364159156,0.4694667507174457,0.0,False,False,0.5235987755982988
0.9510000000000001,0.5221818163562708,0.03740488647091316,0.5225760588334483,0.08608943677557562,-0.08489842236338083,0.19655179364159156,0.0,False,False,0.5235987755982988
0.9520000000000001,0.5222231775152669,0.041361158996149505,0.5226399004757756,0.0838646573307492,-0.08337783659148072,-0.08489842236338083,0.0,False,False,0.5235987755982988
0.9530000000000001,0.5222543171083899,0.031139593122973812,0.5212399066317207,-0.06452119280781267,0.11988507276778117,-0.08337783659148072,0.0,False,False,0.5235987755982988
0.9540000000000001,0.5222756736725757,0.0213565641857558,0.5216542474105276,-0.016634995646344873,0.05496350215549624,0.11988507276778117,0.0,False,False,0.5235987755982988
0.9550000000000001,0.522298207214587,0.022533542011358324,0.5234942298538298,0.16902674824850863,-0.2009502744977674,0.05496350215549624,0.0,False,False,0.5235987755982988
0.9560000000000001,0.5223185395239082,0.020332309321155605,0.5218961435501679,-0.007684556942529397,0.039868845197391936,-0.2009502744977674,0.0,False,False,0.5235987755982988
0.9570000000000001,0.5223241320838642,0.005592559956024031,0.5242814492994288,0.23161447367781146,-0.2902254950337129,0.039868845197391936,0.0,False,False,0.5235987755982988
0.9580000000000001,0.5223300603513457,0.00592826748147506,0.5223283849633915,0.013146592706304583,0.007091120180765964,-0.2902254950337129,0.0,False,False,0.5235987755982988
0.9590000000000001,0.5223197254693678,-0.010334881977854054,0.5226758042070592,0.046573857802439826,-0.03927514432061415,0.007091120180765964,0.0,False,False,0.5235987755982988
0.96,0.5223126375820866,-0.0070878872812087474,0.5237236266743367,0.14669871874994841,-0.17828578186861993,-0.03927514432061415,0.0,False,False,0.5235987755982988
0.961,0.5223056558906318,-0.006981691454749744,0.5224199986199802,0.0016660414393071254,0.019218735882565986,-0.17828578186861993,0.0,False,False,0.5235987755982988
0.962,0.5222918012175283,-0.013854673103593413,0.5214170910824982,-0.09879131645282363,0.15781990102779891,0.019218735882565986,0.0,False,False,0.5235987755982988
0.963,0.5222825613115798,-0.00923990594850968,0.5221868060459853,-0.011940688458831256,0.03974427809224025,0.15781990102779891,0.0,False,False,0.5235987755982988
0.964,0.5222838396145304,0.001278302950608148,0.5222527633847516,-0.0041508857363238665,0.029209282727439015,0.03974427809224025,0.0,False,False,0.5235987755982988
0.965,0.5222867170486422,0.002877434111758994,0.521095755285141,-0.1194366071237527,0.18837829418534463,0.029209282727439015,0.0,False,False,0.5235987755982988
0.966,0.5222901861140368,0.0034690653945906214,0.522066930515182,-0.010375423407268658,0.0400237195848242,0.18837829418534463,0.0,False,False,0.5235987755982988
0.967,0.522302029811211,0.011843697174243488,0.5216543450250847,-0.05059643007627903,0.09571546640938935,0.0400237195848242,0.0,False,False,0.5235987755982988
0.968,0.5223126385286067,0.010608717395623034,0.5231192928450702,0.10095799492990065,-0.11251890435776558,0.09571546640938935,0.0,False,False,0.5235987755982988
0.969,0.5223250762992457,0.012437770639092297,0.5223552808574867,0.014460996678563764,0.005029709320341105,-0.11251890435776558,0.0,False,False,0.5235987755982988
0.97,0.5223285237241938,0.0034474249480286254,0.5220817378775303,-0.014339400984933534,0.04451396015575323,0.005029709320341105,0.0,False,False,0.5235987755982988
0.971,0.5223311847400719,0.002661015878050383,0.5222385235252975,0.002773103890281953,0.02115681264568466,0.04451396015575323,0.0,False,False,0.5235987755982988
0.972,0.5223352671826789,0.0040824426069761945,0.522529977875423,0.031641228513799045,-0.018731115204794,0.02115681264568466,0.0,False,False,0.5235987755982988
0.973,0.5223391831344172,0.0039159517383281365,0.5228774550672992,0.06322482485004134,-0.06288602026205675,-0.018731115204794,0.0,False,False,0.5235987755982988
0.974,0.5223409868668378,0.001803732420679151,0.5214685733687012,-0.08398582749476133,0.13912663312647017,-0.06288602026205675,0.0,False,False,0.5235987755982988
0.975,0.5223390994259207,-0.0018874409171461635,0.521430142744056,-0.07943030720981101,0.13435176002814445,0.13912663312647017,0.0,False,False,0.5235987755982988
0.976,0.5223447404236949,0.00564099777427171,0.5233087548980511,0.11637393891067965,-0.13442835408835607,0.13435176002814445,0.0,False,False,0.5235987755982988
0.977,0.522355427638064,0.010687214369018854,0.5219955958356965,-0.026579361215840147,0.06075246918584902,-0.13442835408835607,0.0,False,False,0.5235987755982988
0.978,0.5223564184415617,0.0009908034977331812,0.5211199904667285,-0.11148196199105856,0.17839648675753556,0.06075246918584902,0.0,False,False,0.5235987755982988
0.979,0.5223601459071827,0.003727465621098357,0.5227474455592294,0.06241174345813129,-0.05957015144650739,0.17839648675753556,0.0,False,False,0.5235987755982988
0.98,0.5223716728175483,0.01152691036549849,0.5227760392560281,0.05902993879219326,-0.056026672389759266,-0.05957015144650739,0.0,False,False,0.5235987755982988
0.981,0.5223770550874706,0.005382269922339567,0.5210412540299885,-0.12035157769099084,0.1904572814587753,-0.056026672389759266,0.0,False,False,0.5235987755982988
0.982,0.5223780376961981,0.0009826087275204027,0.5225782982715963,0.045388004238891444,-0.03609701320602441,0.1904572814587753,0.0,False,False,0.5235987755982988
0.983,0.5223882446928987,0.010206996700585357,0.5230301620371425,0.08603558036962017,-0.09300765234273009,-0.03609701320602441,0.0,False,False,0.5235987755982988
0.984,0.5223937847045805,0.005540011681831103,0.5227204985174372,0.04646567036212872,-0.03994981697904506,-0.09300765234273009,0.0,False,False,0.5235987755982988
0.985,0.5223930314128774,-0.0007532917031043357,0.5229445392980412,0.06422318138631652,-0.06529156425894254,-0.03994981697904506,0.0,False,False,0.5235987755982988
0.986,0.5223905095242002,-0.0025218886772491508,0.5211650535569154,-0.12014771086488923,0.1879842497827677,-0.06529156425894254,0.0,False,False,0.5235987755982988
0.987,0.5223854857270523,-0.005023797147791654,0.5226743727601021,0.04279898054026397,-0.03471952556077571,0.1879842497827677,0.0,False,False,0.5235987755982988
0.988,0.5223913574585001,0.0058717314477703345,0.5221272718992824,-0.016191003595728448,0.04591627089716907,-0.03471952556077571,0.0,False,False,0.5235987755982988
0.989,0.5223937571314884,0.00239967298831192,0.5219724432381898,-0.030054769345417683,0.06533970569646333,0.04591627089716907,0.0,False,False,0.5235987755982988
0.99,0.5223977265522428,0.003969420754467557,0.5231574296375469,0.0914493475248287,-0.10179498973625915,0.06533970569646333,0.0,False,False,0.5235987755982988
0.991,0.5224037716477231,0.006045095480260644,0.5236946821853278,0.1360296675504378,-0.16496191962704662,-0.10179498973625915,0.0,False,False,0.5235987755982988
0.992,0.5224029425652454,-0.0008290824777075325,0.5239688258378438,0.14984106604699304,-0.18647018356820075,-0.16496191962704662,0.0,False,False,0.5235987755982988
0.993,0.5223941172854842,-0.008825279761184954,0.52354150360493,0.0921247361509186,-0.10951878750046388,-0.18647018356820075,0.0,False,False,0.5235987755982988
0.994,0.5223784919473335,-0.015625338150661278,0.5222827308087621,-0.042965017080966075,0.07524682670882044,-0.10951878750046388,0.0,False,False,0.5235987755982988
0.995,0.5223613737708206,-0.017118176512961495,0.5226691801799697,-2.357825211191794e-05,0.01676101143245908,0.07524682670882044,0.0,False,False,0.5235987755982988
0.996,0.5223522512710694,-0.009122499751205649,0.5230214304656811,0.035203808144239006,-0.03185235738596718,0.01676101143245908,0.0,False,False,0.5235987755982988
0.997,0.522346564836167,-0.0056864349023924635,0.5224523125459716,-0.02522836464113319,0.05091037251125015,-0.03185235738596718,0.0,False,False,0.5235987755982988
0.998,0.5223409699304395,-0.005594905727450186,0.5224550832115772,-0.022428461616458728,0.047500616900739784,0.05091037251125015,0.0,False,False,0.5235987755982988
0.999,0.522339578938886,-0.0013909915535424162,0.5230584391576287,0.04014997915034138,-0.038453919048348106,0.047500616900739784,0.0,False,False,0.5235987755982988
1.0,0.5223409851680665,0.00140622918047148,0.5222892512999442,-0.040783804533146645,0.07251200281015922,-0.038453919048348106,0.0,False,False,0.5235987755982988
1.0010000000000001,0.5223400419014493,-0.000943266617105224,0.5217036189898742,-0.09526865508683474,0.14843520505584545,0.07251200281015922,0.0,False,False,0.5235987755982988
1.002,0.5223430107783925,0.00296887694320227,0.521981314795409,-0.05797220902466851,0.09868094528161905,0.14843520505584545,0.0,False,False,0.5235987755982988
1.0030000000000001,0.5223525053619353,0.009494583542800368,0.522905696524636,0.040263184800502505,-0.035840398434672904,0.09868094528161905,0.0,False,False,0.5235987755982988
1.004,0.5223642439395803,0.011738577644931723,0.5223668560789257,-0.01764717825057642,0.043351165249406964,-0.035840398434672904,0.0,False,False,0.5235987755982988
1.0050000000000001,0.5223709774435916,0.006733504011334371,0.5226678666558159,0.014218597263494937,-0.0003059557515011288,0.043351165249406964,0.0,False,False,0.5235987755982988
1.006,0.5223779045362856,0.0069270926939997085,0.5229626589875704,0.04227597071260108,-0.039281065862010515,-0.0003059557515011288,0.0,False,False,0.5235987755982988
1.0070000000000001,0.5223827897906695,0.00488525438395889,0.5220556789056418,-0.05264963455152779,0.0909553019296605,-0.039281065862010515,0.0,False,False,0.5235987755982988
1.008,0.5223842543427207,0.0014645520512038689,0.5230442053635957,0.05146797469902473,-0.05177930541417447,0.0909553019296605,0.0,False,False,0.5235987755982988
1.0090000000000001,0.5223898222196981,0.005567876977373529,0.522720424758557,0.013943116725243003,-0.0009214249549381361,-0.05177930541417447,0.0,False,False,0.5235987755982988
1.01,0.5223911503524942,0.0013281327960464953,0.5213135726518282,-0.12813640562015635,0.1948973397806586,-0.0009214249549381361,0.0,False,False,0.5235987755982988
1.0110000000000001,0.5223920292463268,0.0008788938325832495,0.5236506776175013,0.1183877315091668,-0.14299951415664452,0.1948973397806586,0.0,False,False,0.5235987755982988
1.012,0.5224023859930186,0.01035674669185262,0.5219654037684879,-0.061978426543090076,0.10377480478830495,-0.14299951415664452,0.0,False,False,0.5235987755982988
1.0130000000000001,0.5224026951621903,0.00030916917173098857,0.5209583520035399,-0.15648576038357853,0.23531053716595465,0.10377480478830495,0.0,False,False,0.5235987755982988
1.014,0.5224080990915605,0.005403929370262293,0.5214961264135837,-0.08705974334084395,0.14231937733388533,0.23531053716595465,0.0,False,False,0.5235987755982988
1.0150000000000001,0.5224236640862295,0.015564994669066188,0.52153263409296,-0.07470300106912436,0.1268341483790475,0.14231937733388533,0.0,False,False,0.5235987755982988
1.016,0.5224423725840831,0.018708497853547463,0.5224879023936964,0.02829412911142143,-0.013957237250861461,0.1268341483790475,0.0,False,False,0.5235987755982988
1.0170000000000001,0.5224629492764751,0.020576692391942843,0.5222239696274734,-0.0009285604220147757,0.025860779981274912,-0.013957237250861461,0.0,False,False,0.5235987755982988
1.018,0.5224781051570919,0.015155880616870555,0.522184163814027,-0.004816285724455817,0.031242554986239818,0.025860779981274912,0.0,False,False,0.5235987755982988
1.0190000000000001,0.5224906547986106,0.012549641518671807,0.5230314467825481,0.0803936397000999,-0.08626044895660687,0.031242554986239818,0.0,False,False,0.5235987755982988
1.02,0.5225013784733534,0.01072367474282535,0.5227979756783143,0.04900716530671258,-0.04439419980833416,-0.08626044895660687,0.0,False,False,0.5235987755982988
1.0210000000000001,0.5225048056683511,0.003427194997665103,0.5227806094651841,0.04236982746302144,-0.03611680255956121,-0.04439419980833416,0.0,False,False,0.5235987755982988
1.022,0.5225049812329345,0.00017556458339232752,0.5228626240303723,0.04633430123553861,-0.042350433259969296,-0.03611680255956121,0.0,False,False,0.5235987755982988
1.0230000000000001,0.5225032975871094,-0.0016836458251252922,0.5230409765167255,0.05953611974730756,-0.06140296022845014,-0.042350433259969296,0.0,False,False,0.5235987755982988
1.024,0.5225000070581824,-0.003290528927045524,0.5206604707435608,-0.1844680695438963,0.2742511708379597,-0.06140296022845014,0.0,False,False,0.5235987755982988
1.025,0.5224946378903184,-0.005369167864136293,0.522176605519207,-0.014407785024890624,0.04288840345352195,0.2742511708379597,0.0,False,False,0.5235987755982988
1.026,0.5225045758963792,0.009938006060868447,0.5206019836958563,-0.1704291888574679,0.25845728087292663,0.04288840345352195,0.0,False,False,0.5235987755982988
1.027,0.5225138605150772,0.009284618698016918,0.5225453287376097,0.04094823420362076,-0.03017583755194131,0.25845728087292663,0.0,False,False,0.5235987755982988
1.028,0.5225334297018074,0.019569186730186934,0.5225293866708339,0.03525920410567887,-0.023062044232446677,-0.03017583755194131,0.0,False,False,0.5235987755982988
1.029,0.5225468974307719,0.013467728964484428,0.5234592964623191,0.1247242628436327,-0.14715849096472516,-0.023062044232446677,0.0,False,False,0.5235987755982988
1.03,0.5225556349681834,0.008737537411461015,0.5235920414913287,0.1255263394602201,-0.15051039342680117,-0.14715849096472516,0.0,False,False,0.5235987755982988
1.031,0.5225545133168247,-0.001121651358697304,0.5227314679284694,0.026916349228269076,-0.016688081016992727,-0.15051039342680117,0.0,False,False,0.5235987755982988
1.032,0.522546206775463,-0.008306541361604698,0.522109559362993,-0.03796614224219705,0.07236526292614168,-0.016688081016992727,0.0,False,False,0.5235987755982988
1.033,0.5225394569749245,-0.006749800538521965,0.5229628399157527,0.05115852725799096,-0.04994339042375822,0.07236526292614168,0.0,False,False,0.5235987755982988
1.034,0.5225383038452718,-0.0011531296527199286,0.5220776087977389,-0.0424804372691833,0.0783575271330984,-0.04994339042375822,0.0,False,False,0.5235987755982988
1.035,0.5225350037146899,-0.003300130581876944,0.5225337883970389,0.007385566387734979,0.010307089957396492,0.0783575271330984,0.0,False,False,0.5235987755982988
1.036,0.5225366158116361,0.0016120969462654323,0.5233971820918589,0.09298637923096396,-0.10795497196123874,0.010307089957396492,0.0,False,False,0.5235987755982988
1.037,0.5225382542302959,0.0016384186597448748,0.5220515069072561,-0.05087977715241476,0.08890656902166655,-0.10795497196123874,0.0,False,False,0.5235987755982988
1.038,0.5225339979176905,-0.00425631260533537,0.5232370851660789,0.07276602644510838,-0.0808088039541719,0.08890656902166655,0.0,False,False,0.5235987755982988
1.039,0.5225354619184591,0.0014640007685859501,0.523126606130519,0.054441520244603483,-0.0568307738734871,-0.0808088039541719,0.0,False,False,0.5235987755982988
1.04,0.5225324412055663,-0.003020712892867863,0.5216992281615647,-0.09374042867528815,0.14668036827156047,-0.0568307738734871,0.0,False,False,0.5235987755982988
1.041,0.5225274904222207,-0.00495078334556325,0.5233773733773823,0.08344813577400677,-0.09615252295231132,0.14668036827156047,0.0,False,False,0.5235987755982988
1.042,0.5225313490847386,0.0038586625179136812,0.5231409632232564,0.051462306784016205,-0.05351414539005646,-0.09615252295231132,0.0,False,False,0.5235987755982988
1.043,0.5225292412401936,-0.002107844544979619,0.5226181883565771,-0.005961410562314154,0.024804263025767142,-0.05351414539005646,0.0,False,False,0.5235987755982988
1.044,0.5225250961421838,-0.004145098009856534,0.5218598434267953,-0.08119976248427117,0.1287404940681895,0.024804263025767142,0.0,False,False,0.5235987755982988
1.045,0.5225234338627165,-0.0016622794672716571,0.5217736351638618,-0.08170061252919254,0.13089326285489786,0.1287404940681895,0.0,False,False,0.5235987755982988
1.046,0.5225287127957833,0.005278933066822443,0.5220595136841976,-0.04494269924269414,0.08163795354505551,0.13089326285489786,0.0,False,False,0.5235987755982988
1.047,0.5225389673767569,0.010254580973568735,0.5230124703711336,0.054847239375182086,-0.05526319316124517,0.08163795354505551,0.0,False,False,0.5235987755982988
1.048,0.5225504304242087,0.011463047451817988,0.5217164901449048,-0.08023550718521488,0.13016374678334935,-0.05526319316124517,0.0,False,False,0.5235987755982988
1.049,0.5225559784360151,0.005548011806418497,0.5229377798988262,0.04991701892543943,-0.04800250012001972,0.13016374678334935,0.0,False,False,0.5235987755982988
1.05,0.5225663894577226,0.010411021707493638,0.521482753333534,-0.10057733949632172,0.15878120816135277,-0.04800250012001972,0.0,False,False,0.5235987755982988
1.051,0.5225714899589611,0.005100501238474144,0.522393406524044,0.0005457135043084455,0.02104178713141692,0.15878120816135277,0.0,False,False,0.5235987755982988
1.052,0.5225830112999075,0.011521340946449781,0.5226786970166443,0.029020191413906344,-0.018262815226905732,0.02104178713141692,0.0,False,False,0.5235987755982988
1.053,0.522592419838821,0.009408538913514517,0.5247261984223732,0.2308683128454114,-0.297335586247833,-0.018262815226905732,0.0,False,False,0.5235987755982988
1.054,0.5225982463375309,0.005826498709914776,0.5213963116861262,-0.12520719206383088,0.18989298089570392,-0.297335586247833,0.0,False,False,0.5235987755982988
1.055,0.5225874826279726,-0.0107637095583374,0.523872057669101,0.13488812544003634,-0.1667848278024839,0.18989298089570392,0.0,False,False,0.5235987755982988
1.056,0.5225892063015728,0.0017236736001660508,0.5227199684757335,0.006190393559281582,0.00839005593503701,-0.1667848278024839,0.0,False,False,0.5235987755982988
1.057,0.5225820680134964,-0.007138288076379727,0.5229408832015523,0.027662826785228915,-0.021353329000837376,0.00839005593503701,0.0,False,False,0.5235987755982988
1.058,0.5225774327409732,-0.004635272523094731,0.5226807107785477,-0.0011206981937518477,0.017870004588021956,-0.021353329000837376,0.0,False,False,0.5235987755982988
1.059,0.5225731145503398,-0.004318190633381871,0.5229612119128111,0.027041485051960006,-0.020973635723572873,0.017870004588021956,0.0,False,False,0.5235987755982988
1.06,0.5225709828282208,-0.0021317221190485388,0.5224368672741013,-0.028097127324212146,0.05463090262460942,-0.020973635723572873,0.0,False,False,0.5235987755982988
1.061,0.5225684480570306,-0.0025347711901359976,0.5238373462148133,0.1147604794794026,-0.1420068464725431,0.05463090262460942,0.0,False,False,0.5235987755982988
1.062,0.5225694113558869,0.0009632988562749863,0.5221710651355335,-0.06334367639651729,0.1017112000055971,-0.1420068464725431,0.0,False,False,0.5235987755982988
1.063,0.522562981692832,-0.0064296630548210994,0.5235510427523039,0.08098845292017888,-0.09632695227630632,0.1017112000055971,0.0,False,False,0.5235987755982988
1.064,0.5225635283927079,0.0005466998759533302,0.5220012120007423,-0.08209346752799548,0.12726830578961107,-0.09632695227630632,0.0,False,False,0.5235987755982988
1.065,0.5225590925890451,-0.004435803662839407,0.5225065129340397,-0.023354027445458933,0.04768556089121456,0.12726830578961107,0.0,False,False,0.5235987755982988
1.066,0.5225623472858332,0.003254696788087941,0.5216268834860559,-0.10898156949929398,0.1662719414195252,0.04768556089121456,0.0,False,False,0.5235987755982988
1.067,0.5225670053617983,0.00465807596519615,0.5229640884665353,0.035637085498575444,-0.03134013422654732,0.1662719414195252,0.0,False,False,0.5235987755982988
1.068,0.5225785857106274,0.01158034882913227,0.5238396960133476,0.11963413162994416,-0.1478975254268105,-0.03134013422654732,0.0,False,False,0.5235987755982988
1.069,0.5225854210258363,0.006835315208819032,0.5225179150241044,-0.02450738045736843,0.048864346884341874,-0.1478975254268105,0.0,False,False,0.5235987755982988
1.07,0.5225828598062335,-0.002561219602718787,0.5224110446216099,-0.03274368266107792,0.0606715767736936,0.048864346884341874,0.0,False,False,0.5235987755982988
1.071,0.5225835162418044,0.0006564355709173528,0.5216108294465986,-0.10949083189609773,0.16717202900592035,0.0606715767736936,0.0,False,False,0.5235987755982988
1.072,0.5225870067704858,0.003490528681363217,0.5223869111827296,-0.020933575093390624,0.046933849592314295,0.16717202900592035,0.0,False,False,0.5235987755982988
1.073,0.5225978052839058,0.010798513419962172,0.5212078300769555,-0.13674832816146532,0.2071350131779384,0.046933849592314295,0.0,False,False,0.5235987755982988
1.074,0.5226079497055497,0.0101444216439814,0.5218113133786887,-0.06272516517199783,0.10744451815937965,0.2071350131779384,0.0,False,False,0.5235987755982988
1.075,0.5226256036371147,0.017653931565065575,0.522823511797224,0.04476719319873009,-0.03976588341912892,0.10744451815937965,0.0,False,False,0.5235987755982988
1.076,0.5226443125729126,0.018708935797754213,0.5237953687318049,0.13747616733694765,-0.1685100772074463,-0.03976588341912892,0.0,False,False,0.5235987755982988
1.077,0.5226565596391373,0.012247066224753859,0.5251080585846993,0.25499753589269836,-0.33316413682644735,-0.1685100772074463,0.0,False,False,0.5235987755982988
1.078,0.5226570575240355,0.0004978848981458291,0.5221451654701565,-0.06679152915085004,0.10631481728758088,-0.33316413682644735,0.0,False,False,0.5235987755982988
1.079,0.5226407458759307,-0.01631164810476594,0.5238932815503233,0.11469923178091332,-0.14294018527353725,0.10631481728758088,0.0,False,False,0.5235987755982988
1.08,0.5226338511650066,-0.006894710924077615,0.5228465653321522,-0.001442313214287519,0.015270560647783465,-0.14294018527353725,0.0,False,False,0.5235987755982988
1.081,0.5226218272147621,-0.012023950244481614,0.5224898387436813,-0.036970740739955564,0.06432575227106255,0.015270560647783465,0.0,False,False,0.5235987755982988
1.082,0.522613842295203,-0.00798491955916113,0.5229913521706271,0.016877676028622078,-0.009319589536255404,0.06432575227106255,0.0,False,False,0.5235987755982988
1.083,0.5226113814245775,-0.0024608706254606308,0.5226654137496511,-0.01740393367183476,0.03768523368185984,-0.009319589536255404,0.0,False,False,0.5235987755982988
1.084,0.5226091989758834,-0.002182448694129587,0.5227055374204865,-0.011651173221112261,0.030059695065955815,0.03768523368185984,0.0,False,False,0.5235987755982988
1.085,0.5226095616667996,0.0003626909161946173,0.5222532237599793,-0.055717421949725225,0.09108083942942172,0.030059695065955815,0.0,False,False,0.5235987755982988
1.086,0.5226113170963566,0.0017554295569174548,0.5213912362529851,-0.13634443045417044,0.20334902476065117,0.09108083942942172,0.0,False,False,0.5235987755982988
1.087,0.5226170942654987,0.005777169142214158,0.52127002715546,-0.1348308971612644,0.2037145485646159,0.20334902476065117,0.0,False,False,0.5235987755982988
1.088,0.5226313292744107,0.014235008912007175,0.5232013929761639,0.07178877462524763,-0.07899364235186794,0.2037145485646159,0.0,False,False,0.5235987755982988
1.089,0.5226520224308062,0.020693156395472326,0.5224105560501782,-0.01447379543584651,0.03875650638918751,-0.07899364235186794,0.0,False,False,0.5235987755982988
1.09,0.5226640285142029,0.012006083396722817,0.5221438428175234,-0.03969773915774324,0.07382607704325024,0.03875650638918751,0.0,False,False,0.5235987755982988
1.091,0.5226747008027527,0.010672288549802676,0.5226821233623159,0.01810008923728572,-0.005220366837050343,0.07382607704325024,0.0,False,False,0.5235987755982988
1.092,0.5226860928712377,0.011392068485030722,0.5233798021284214,0.08605795692410631,-0.0993280258511339,-0.005220366837050343,0.0,False,False,0.5235987755982988
1.093,0.5226940879452788,0.00799507404115785,0.5228514851781634,0.02462046620589449,-0.016093331884635503,-0.0993280258511339,0.0,False,False,0.5235987755982988
1.094,0.5226948062085285,0.0007182632496521481,0.5221222902726111,-0.050761070969918234,0.08749002102627995,-0.016093331884635503,0.0,False,False,0.5235987755982988
1.095,0.5226945015457466,-0.00030466278186231906,0.5237646440292509,0.11855041179105272,-0.14524612590640143,0.08749002102627995,0.0,False,False,0.5235987755982988
1.096,0.5226986639944328,0.004162448686138997,0.5240767633207724,0.13790729976408922,-0.17409253872143074,-0.14524612590640143,0.0,False,False,0.5235987755982988
1.097,0.522694316475049,-0.004347519383703546,0.5231258985737007,0.029030095080518084,-0.026324327653856186,-0.17409253872143074,0.0,False,False,0.5235987755982988
1.098,0.5226825658125833,-0.011750662465746872,0.5235322475165575,0.06676197985814006,-0.07891687035842383,-0.026324327653856186,0.0,False,False,0.5235987755982988
1.099,0.522672714650894,-0.00985116168922643,0.523756529207017,0.08251395091827762,-0.1018563060588602,-0.07891687035842383,0.0,False,False,0.5235987755982988
1.1,0.5226616945166821,-0.011020134211915757,0.5236478922139719,0.06339885652194127,-0.07696272690844504,-0.1018563060588602,0.0,False,False,0.5235987755982988
1.101,0.5226486332937436,-0.013061222938502308,0.5231845359224637,0.010723341718929469,-0.005411695897683687,-0.07696272690844504,0.0,False,False,0.5235987755982988
1.102,0.5226352185419741,-0.013414751769381911,0.5231573748440262,0.006934899703288871,-0.00037666606704039353,-0.005411695897683687,0.0,False,False,0.5235987755982988
1.103,0.5226250996535658,-0.010118888408264807,0.5230785890534507,-0.001637169324591974,0.011327960996775972,-0.00037666606704039353,0.0,False,False,0.5235987755982988
1.104,0.5226178030830362,-0.007296570529645515,0.521660195311685,-0.14331282656871053,0.20686983704150222,0.011327960996775972,0.0,False,False,0.5235987755982988
1.105,0.522613198856967,-0.004604226069229736,0.5232246951685754,0.02746844177720495,-0.026228682397624332,0.20686983704150222,0.0,False,False,0.5235987755982988
1.106,0.5226203139127596,0.007115055792627729,0.5214371430207247,-0.15403361718558015,0.2237497270190294,-0.026228682397624332,0.0,False,False,0.5235987755982988
1.107,0.5226240402691804,0.003726356420790124,0.5219306214328562,-0.08928241425387896,0.1371656720826222,0.2237497270190294,0.0,False,False,0.5235987755982988
1.108,0.5226378340582629,0.013793789082501333,0.5237754091806246,0.10412460194835062,-0.12812892681988478,0.1371656720826222,0.0,False,False,0.5235987755982988
1.109,0.5226548442610132,0.017010202750273734,0.523388074675046,0.05497869119565597,-0.06218181281623647,-0.12812892681988478,0.0,False,False,0.5235987755982988
1.11,0.5226612319613108,0.006387700297564228,0.5239592318334882,0.10659653792031518,-0.134404057737788,-0.06218181281623647,0.0,False,False,0.5235987755982988
1.111,0.5226626313157112,0.0013993544005018732,0.5224255506912777,-0.05743123009276932,0.09003552443770294,-0.134404057737788,0.0,False,False,0.5235987755982988
1.112,0.5226568857471997,-0.005745568511543624,0.5216513589430712,-0.12910728190414,0.18998223807906434,0.09003552443770294,0.0,False,False,0.5235987755982988
1.113,0.5226573427049261,0.00045695772645884276,0.5224475216682689,-0.03658028119395913,0.06461890817328925,0.18998223807906434,0.0,False,False,0.5235987755982988
1.114,0.5226671598832571,0.009817178330965855,0.5227561989871036,-0.0020545211910971972,0.017631804430831045,0.06461890817328925,0.0,False,False,0.5235987755982988
1.115,0.5226774393510158,0.010279467758729607,0.5227463700096187,-0.002831966820479062,0.018741660780817765,0.017631804430831045,0.0,False,False,0.5235987755982988
1.116,0.522685721079422,0.00828172840616824,0.5236750439304165,0.09031862194135616,-0.10975517630774621,0.018741660780817765,0.0,False,False,0.5235987755982988
1.117,0.5226925551425773,0.006834063155235384,0.5223772872222578,-0.04848891106864758,0.08017348405111455,-0.10975517630774621,0.0,False,False,0.5235987755982988
1.118,0.522691900128338,-0.0006550142392905221,0.522999108159012,0.018542073713628544,-0.01145647454919086,0.08017348405111455,0.0,False,False,0.5235987755982988
1.119,0.5226954528424027,0.0035527140647143383,0.5218327129007907,-0.09995165947986073,0.15173111993097904,-0.01145647454919086,0.0,False,False,0.5235987755982988
1.12,0.522697363778345,0.0019109359422508558,0.5230903397373692,0.03580619012597379,-0.03381558265443512,0.15173111993097904,0.0,False,False,0.5235987755982988
1.121,0.5227062820839401,0.00891830559516387,0.5227089948057252,-0.005908922051022565,0.02310676072755232,-0.03381558265443512,0.0,False,False,0.5235987755982988
1.122,0.5227109627236847,0.004680639744599894,0.522056627147263,-0.07055479569214192,0.11242442694921544,0.02310676072755232,0.0,False,False,0.5235987755982988
1.123,0.5227154008738323,0.004438150147579789,0.5225096009316909,-0.018201937680139814,0.04144746921511108,0.11242442694921544,0.0,False,False,0.5235987755982988
1.124,0.5227241324803746,0.008731606542382652,0.5225634088214242,-0.011000954938795448,0.03183774791029838,0.04144746921511108,0.0,False,False,0.5235987755982988
1.125,0.5227324366986892,0.00830421831456857,0.5224966818737851,-0.016573554208825426,0.03972595209183806,0.03183774791029838,0.0,False,False,0.5235987755982988
1.1260000000000001,0.5227399422581283,0.007505559439081245,0.5242857291008252,0.16398852391606678,-0.2091513917447543,0.03972595209183806,0.0,False,False,0.5235987755982988
1.127,0.5227472524950402,0.007310236911905161,0.5226613421512553,-0.014849023432529918,0.034692630165819915,-0.2091513917447543,0.0,False,False,0.5235987755982988
1.1280000000000001,0.5227419755629249,-0.00527693211525618,0.5225291360551548,-0.02658473069931982,0.05115518861577552,0.034692630165819915,0.0,False,False,0.5235987755982988
1.129,0.5227400017092024,-0.001973853722489657,0.5209096304537322,-0.18587681777165332,0.2714567939281835,0.05115518861577552,0.0,False,False,0.5235987755982988
1.1300000000000001,0.5227411837513214,0.0011820421189494513,0.5219608406269423,-0.06216811867347982,0.10408457189259383,0.2714567939281835,0.0,False,False,0.5235987755982988
1.131,0.5227555797046508,0.014395953329384505,0.5225260048330879,0.0005651138084288923,0.018631737203682445,0.10408457189259383,0.0,False,False,0.5235987755982988
1.1320000000000001,0.5227714215990182,0.01584189436744796,0.5221729022298734,-0.03480165789385568,0.06742771010428343,0.018631737203682445,0.0,False,False,0.5235987755982988
1.133,0.5227841741483523,0.012752549334102,0.5239899414885648,0.1503824337646665,-0.18749990654238777,0.06742771010428343,0.0,False,False,0.5235987755982988
1.1340000000000001,0.5227968673812506,0.012693232898268321,0.5226529320191717,0.0016432434488918846,0.015053292285617203,-0.18749990654238777,0.0,False,False,0.5235987755982988
1.135,0.5227967673232788,-0.00010005797183117691,0.5239211470422284,0.12830042140966558,-0.15976319168233055,0.015053292285617203,0.0,False,False,0.5235987755982988
1.1360000000000001,0.5227974503472943,0.0006830240154538274,0.5228512977986901,0.008485454914873375,0.0032720544951087126,-0.15976319168233055,0.0,False,False,0.5235987755982988
1.137,0.5227899376520492,-0.007512695245107654,0.5228224250679967,0.00474963635404526,0.00827474592058379,0.0032720544951087126,0.0,False,False,0.5235987755982988
1.1380000000000001,0.522784772073421,-0.005165578628203847,0.5227072825545881,-0.007239578622219857,0.024734369133456835,0.00827474592058379,0.0,False,False,0.5235987755982988
1.139,0.522781557004738,-0.003215068682971086,0.5227848698592394,0.0012431097051371041,0.013158571656904188,0.024734369133456835,0.0,False,False,0.5235987755982988
1.1400000000000001,0.5227805478121089,-0.0010091926290910387,0.5242804794106112,0.15067975387179686,-0.19308637326777875,0.013158571656904188,0.0,False,False,0.5235987755982988
1.141,0.5227805030859253,-4.4726183611932657e-05,0.5207562608586059,-0.21681007671590705,0.3113373573735603,-0.19308637326777875,0.0,False,False,0.5235987755982988
1.1420000000000001,0.5227708176378157,-0.009685448109550715,0.5210241394693289,-0.1683412079720192,0.24835289988788142,0.3113373573735603,0.0,False,False,0.5235987755982988
1.143,0.5227794357516002,0.008618113784544933,0.5223054297814641,-0.023378055961297606,0.05133389185658195,0.24835289988788142,0.0,False,False,0.5235987755982988
1.1440000000000001,0.5227980005703532,0.018564818752952815,0.5228106785390108,0.02948462538949716,-0.021195803400211474,0.05133389185658195,0.0,False,False,0.5235987755982988
1.145,0.5228146791881673,0.016678617814102688,0.5234169089079029,0.08715919973976542,-0.10131743926059263,-0.021195803400211474,0.0,False,False,0.5235987755982988
1.1460000000000001,0.5228261358149459,0.01145662677855468,0.5232389822776765,0.06065061674314673,-0.0663044603205746,-0.10131743926059263,0.0,False,False,0.5235987755982988
1.147,0.5228293761297039,0.0032403147580181008,0.5224940583138491,-0.01990684131390945,0.04377312069678628,-0.0663044603205746,0.0,False,False,0.5235987755982988
1.1480000000000001,0.5228283245829277,-0.0010515467762542367,0.5237176079663654,0.10443880806910684,-0.12746555230812584,0.04377312069678628,0.0,False,False,0.5235987755982988
1.149,0.5228297810720403,0.0014564891125089406,0.5237287961582365,0.09511374644931425,-0.11647686581805598,-0.12746555230812584,0.0,False,False,0.5235987755982988
1.1500000000000001,0.5228244222816467,-0.005358790393571802,0.5229850430401352,0.011227059994245281,-0.002425285946148459,-0.11647686581805598,0.0,False,False,0.5235987755982988
1.151,0.5228148313222152,-0.009590959431590294,0.5236549085326727,0.07709090324857654,-0.093519476717022,-0.002425285946148459,0.0,False,False,0.5235987755982988
1.1520000000000001,0.5228078327514605,-0.0069985707546557745,0.5230457606283033,0.008467022486779968,-0.00020615752421712132,-0.093519476717022,0.0,False,False,0.5235987755982988
1.153,0.5227982040741513,-0.009628677309120837,0.52230821769858,-0.06613397273422585,0.10259080947600886,-0.00020615752421712132,0.0,False,False,0.5235987755982988
1.154,0.5227912879509363,-0.006916123215032347,0.5234002480217568,0.04968245685686963,-0.05604545185048683,0.10259080947600886,0.0,False,False,0.5235987755982988
1.155,0.522791524938684,0.00023698774766087172,0.5228880530979295,-0.006505281211543146,0.02059934246049915,-0.05604545185048683,0.0,False,False,0.5235987755982988
1.156,0.5227888876128911,-0.0026373257928421216,0.522790056849758,-0.015654377907541626,0.03334219096278483,0.02059934246049915,0.0,False,False,0.5235987755982988
1.157,0.5227880774469655,-0.0008101659255996614,0.5240734719251515,0.11425256742256598,-0.14564761479042793,0.03334219096278483,0.0,False,False,0.5235987755982988
1.158,0.5227891805481747,0.0011031012092083225,0.5206503911387553,-0.2394807679593099,0.34044784182295457,-0.14564761479042793,0.0,False,False,0.5235987755982988
1.159,0.5227826662610412,-0.0065142871334561755,0.5215455034349068,-0.12602146154823213,0.18818465279893484,0.34044784182295457,0.0,False,False,0.5235987755982988
1.16,0.5227950884113198,0.012422150278623199,0.5217591740416555,-0.09205225471853833,0.14357553368182557,0.18818465279893484,0.0,False,False,0.5235987755982988
1.161,0.5228135587135984,0.018470302278524503,0.5224965539964482,-0.009109033767411776,0.030770829354204637,0.14357553368182557,0.0,False,False,0.5235987755982988
1.162,0.5228347685748657,0.0212098612672898,0.522612581031621,0.0034045731266066134,0.013666014448272673,0.030770829354204637,0.0,False,False,0.5235987755982988
1.163,0.5228527170231723,0.01794844830665618,0.5215373272505025,-0.10446126229790416,0.16245958501781863,0.013666014448272673,0.0,False,False,0.5235987755982988
1.164,0.5228669867355238,0.014269712351534776,0.5220072741697092,-0.047020444147448354,0.08507155869155189,0.16245958501781863,0.0,False,False,0.5235987755982988
1.165,0.5228856452007519,0.018658465228038303,0.5221344191193203,-0.029603904771584432,0.06188310234751374,0.08507155869155189,0.0,False,False,0.5235987755982988
1.166,0.5229040908866099,0.018445685858101236,0.5250485979628378,0.2647743700573152,-0.3438260466304792,0.06188310234751374,0.0,False,False,0.5235987755982988
1.167,0.5229211950872745,0.017104200664618197,0.5244935115502487,0.18278829179267803,-0.23545119728631161,-0.3438260466304792,0.0,False,False,0.5235987755982988
1.168,0.5229168768796748,-0.0043182075997186195,0.5225575577280864,-0.029085919602817006,0.05364502518720334,-0.23545119728631161,0.0,False,False,0.5235987755982988
1.169,0.5229020790854234,-0.014797794251428143,0.522584792809369,-0.023453819514280248,0.046396273617873324,0.05364502518720334,0.0,False,False,0.5235987755982988
1.17,0.5228937972047507,-0.008281880672665934,0.52189092752835,-0.09049496566475237,0.1393352240567819,0.046396273617873324,0.0,False,False,0.5235987755982988
1.171,0.5228902199253207,-0.0035772794300025588,0.5212250620119097,-0.1480320207423094,0.22036526944577614,0.1393352240567819,0.0,False,False,0.5235987755982988
1.172,0.5228946856000761,0.004465674755454235,0.5227926883959174,0.023533819732697386,-0.013731014036371655,0.22036526944577614,0.0,False,False,0.5235987755982988
1.173,0.5229088338018698,0.014148201793694117,0.5220380436741117,-0.05428403442114762,0.0932340159407459,-0.013731014036371655,0.0,False,False,0.5235987755982988
1.174,0.5229185845589613,0.009750757091575829,0.5228445385014828,0.03179385175808338,-0.02457635436701222,0.0932340159407459,0.0,False,False,0.5235987755982988
1.175,0.5229302444533723,0.011659894411017616,0.5215338014145984,-0.10245924210616997,0.16012062583401188,-0.02457635436701222,0.0,False,False,0.5235987755982988
1.176,0.5229374798586058,0.0072354052334943665,0.5222725317029251,-0.01834028906288132,0.04588073699218462,0.16012062583401188,0.0,False,False,0.5235987755982988
1.177,0.5229506117192605,0.013131860654651129,0.523080313327796,0.06427190233050081,-0.06779396192755086,0.04588073699218462,0.0,False,False,0.5235987755982988
1.178,0.5229625285395837,0.011916820323209988,0.5232821067012704,0.07802404944488756,-0.08792881918735358,-0.06779396192755086,0.0,False,False,0.5235987755982988
1.179,0.5229678034934165,0.005274953832878342,0.5233321165041565,0.0752226247890041,-0.08546728605224238,-0.08792881918735358,0.0,False,False,0.5235987755982988
1.18,0.5229671141213466,-0.0006893720699855319,0.5218147700958538,-0.08403427852016628,0.13295323326821068,-0.08546728605224238,0.0,False,False,0.5235987755982988
1.181,0.5229623608722189,-0.004753249127653444,0.5237082148752528,0.11371362727175147,-0.13842625971127284,0.13295323326821068,0.0,False,False,0.5235987755982988
1.182,0.5229656740175308,0.0033131453119010466,0.5222673575765971,-0.04174346532098544,0.07405768277581257,-0.13842625971127284,0.0,False,False,0.5235987755982988
1.183,0.5229610676470186,-0.004606370512253844,0.5235133403623787,0.0870291597892716,-0.10289715750056441,0.07405768277581257,0.0,False,False,0.5235987755982988
1.184,0.5229615405696253,0.00047292260673797645,0.5229522565728731,0.022217864859785483,-0.015024095374080452,-0.10289715750056441,0.0,False,False,0.5235987755982988
1.185,0.5229567248923216,-0.004815677303681339,0.5217556002102116,-0.09966955789234605,0.1527806264563849,-0.015024095374080452,0.0,False,False,0.5235987755982988
1.186,0.5229525946889952,-0.0041302033263783565,0.5226766601373858,0.002403390614305806,0.013714009559267593,0.1527806264563849,0.0,False,False,0.5235987755982988
1.187,0.5229573417803213,0.004747091326008263,0.5232761817936423,0.062115217178529296,-0.06873157213041833,0.013714009559267593,0.0,False,False,0.5235987755982988
1.188,0.522961357610909,0.004015830587780374,0.5234962708154101,0.07791259763744968,-0.09165003107294198,-0.06873157213041833,0.0,False,False,0.5235987755982988
1.189,0.5229607319841979,-0.0006256267111386911,0.5228376968334044,0.004263939673140815,0.008582690160330152,-0.09165003107294198,0.0,False,False,0.5235987755982988
1.19,0.5229557139852583,-0.005017998939594682,0.524292443237935,0.14931218615888495,-0.19166064090411328,0.008582690160330152,0.0,False,False,0.5235987755982988
1.191,0.5229526197794582,-0.0030942058001484298,0.5238318387896093,0.08832052271042234,-0.11017976469609482,-0.19166064090411328,0.0,False,False,0.5235987755982988
1.192,0.5229408758443359,-0.011743935122280835,0.5227169028758373,-0.032005120937818474,0.0542798541296899,-0.11017976469609482,0.0,False,False,0.5235987755982988
1.193,0.5229268371556637,-0.014038688672259212,0.5235814419263045,0.05764929620268726,-0.06886714934732728,0.0542798541296899,0.0,False,False,0.5235987755982988
1.194,0.5229192021796728,-0.007634975990929586,0.5246067553481804,0.1544157087700025,-0.20344248602187068,-0.06886714934732728,0.0,False,False,0.5235987755982988
1.195,0.5229103397375378,-0.00886244213507555,0.5246211852984533,0.1404171329202921,-0.18690393410713035,-0.20344248602187068,0.0,False,False,0.5235987755982988
1.196,0.5228938379948994,-0.016501742638346965,0.5218222059381769,-0.15352251639937697,0.2162052735614477,-0.18690393410713035,0.0,False,False,0.5235987755982988
1.197,0.5228721240377417,-0.02171395715770044,0.5220635713668198,-0.11403372189514449,0.16447414244079564,0.2162052735614477,0.0,False,False,0.5235987755982988
1.198,0.5228660790152947,-0.006045022447074139,0.524161915112956,0.10720402490798543,-0.13878134115341104,0.16447414244079564,0.0,False,False,0.5235987755982988
1.199,0.5228700421081245,0.003963092829772221,0.5219465176706953,-0.12505612180887554,0.17980798886751337,-0.13878134115341104,0.0,False,False,0.5235987755982988
1.2,0.522865876674282,-0.00416543384246699,0.5217117418108321,-0.1360280956143081,0.19720032291157005,0.17980798886751337,0.0,False,False,0.5235987755982988
1.201,0.5228719501714213,0.006073497139366647,0.5224476657521928,-0.048832891916808965,0.0793194475300788,0.19720032291157005,0.0,False,False,0.5235987755982988
1.202,0.5228860913587271,0.014141187305750232,0.5232528083429847,0.036564656354061545,-0.037650177029219946,0.0793194475300788,0.0,False,False,0.5235987755982988
1.203,0.5229004889765054,0.01439761777830071,0.5228111309928273,-0.01125954429708783,0.02768905605499308,-0.037650177029219946,0.0,False,False,0.5235987755982988
1.204,0.5229092454818572,0.008756505351803548,0.5223415216233687,-0.057094526813240266,0.09114400372463102,0.02768905605499308,0.0,False,False,0.5235987755982988
1.205,0.5229168803728501,0.007634890992884302,0.5223285190070966,-0.052685335759118,0.08608702155258062,0.09114400372463102,0.0,False,False,0.5235987755982988
1.206,0.5229268565951627,0.009976222312582663,0.5223052252372631,-0.04974617916656276,0.08297932149851851,0.08608702155258062,0.0,False,False,0.5235987755982988
1.207,0.5229383301737738,0.011473578611099483,0.5221708132326193,-0.05821276171428784,0.09555863663937725,0.08297932149851851,0.0,False,False,0.5235987755982988
1.208,0.5229507984882816,0.012468314507843036,0.5249418987897926,0.2247170701744723,-0.29383670165625453,0.09555863663937725,0.0,False,False,0.5235987755982988
1.209,0.5229646738507044,0.013875362422800795,0.5232243012383706,0.03048560801482722,-0.029842191139084852,-0.29383670165625453,0.0,False,False,0.5235987755982988
1.21,0.5229601994930713,-0.004474357633208482,0.5237340427516329,0.07841119853957744,-0.09652824700750705,-0.029842191139084852,0.0,False,False,0.5235987755982988
1.211,0.5229555712760039,-0.0046282170673661175,0.5225287706702042,-0.04995712945725349,0.07920864405440725,-0.09652824700750705,0.0,False,False,0.5235987755982988
1.212,0.5229474993596492,-0.008071916354622797,0.522785221545501,-0.019316328981848284,0.03782356772857862,0.07920864405440725,0.0,False,False,0.5235987755982988
1.213,0.5229457182919971,-0.0017810676521781508,0.5223230249737157,-0.06360435326218905,0.09928873515712215,0.03782356772857862,0.0,False,False,0.5235987755982988
1.214,0.5229463684392873,0.0006501472902533429,0.5206323163769415,-0.22631477761339275,0.3249739991205027,0.09928873515712215,0.0,False,False,0.5235987755982988
1.215,0.5229517854472331,0.005417007945777879,0.521749245497032,-0.09199038784299976,0.14368000723440139,0.3249739991205027,0.0,False,False,0.5235987755982988
1.216,0.5229718429913776,0.020057544144482964,0.521391780118189,-0.11853788694300671,0.18197138297358498,0.14368000723440139,0.0,False,False,0.5235987755982988
1.217,0.5229944275065243,0.022584515146741927,0.5210311207873636,-0.14275003133124683,0.2175178241943305,0.18197138297358498,0.0,False,False,0.5235987755982988
1.218,0.523021155728082,0.02672822155776865,0.5219780082358438,-0.03378628335009615,0.06971735254430497,0.2175178241943305,0.0,False,False,0.5235987755982988
1.219,0.523053428082774,0.03227235469194875,0.5242096700351844,0.19275852491896683,-0.2423063297667002,0.06971735254430497,0.0,False,False,0.5235987755982988
1.22,0.5230835150585149,0.03008697574093303,0.5230447371868444,0.056989387593074065,-0.05841457370550958,-0.2423063297667002,0.0,False,False,0.5235987755982988
1.221,0.5230959307837314,0.012415725216485731,0.5242221601267029,0.16903274281961186,-0.2140602128948071,-0.05841457370550958,0.0,False,False,0.5235987755982988
1.222,0.5231020660659721,0.0061352822406661855,0.5234607160227347,0.07598505814083396,-0.0886969974088466,-0.2140602128948071,0.0,False,False,0.5235987755982988
1.223,0.5230956888538354,-0.006377212136737363,0.5237786002587989,0.10017497593316643,-0.1234468150088004,-0.0886969974088466,0.0,False,False,0.5235987755982988
1.224,0.5230867531585529,-0.008935695282500272,0.5223005722190834,-0.05764532563169196,0.09254205158390717,-0.1234468150088004,0.0,False,False,0.5235987755982988
1.225,0.5230741963802803,-0.012556778272655136,0.5235314298437617,0.07120496939929997,-0.08423373969749125,0.09254205158390717,0.0,False,False,0.5235987755982988
1.226,0.523069656305771,-0.004540074509390649,0.5237055794403083,0.0814994321140302,-0.09972178769300635,-0.08423373969749125,0.0,False,False,0.5235987755982988
1.227,0.523062261803988,-0.007394501782956096,0.5225590421103785,-0.04130424409034811,0.06828029569098318,-0.09972178769300635,0.0,False,False,0.5235987755982988
1.228,0.5230520332981915,-0.01022850579641579,0.5235403243864456,0.060954407925395256,-0.0720931676971164,0.06828029569098318,0.0,False,False,0.5235987755982988
1.229,0.5230480860510321,-0.003947247159303543,0.523542178079613,0.055044336449596575,-0.06503444840317134,-0.0720931676971164,0.0,False,False,0.5235987755982988
1.23,0.5230417189691868,-0.0063670818452609915,0.5225621438366026,-0.048463521496403865,0.07681559750621653,-0.06503444840317134,0.0,False,False,0.5235987755982988
1.231,0.5230339737408004,-0.007745228386470654,0.5220541734467712,-0.09441420832990483,0.14109988872338314,0.07681559750621653,0.0,False,False,0.5235987755982988
1.232,0.5230323142547405,-0.0016594860598649133,0.5219989673468518,-0.09049339748885239,0.13738862551266906,0.14109988872338314,0.0,False,False,0.5235987755982988
1.233,0.5230382131075044,0.005898852763948336,0.523113703433892,0.030029550964048607,-0.027304162197534988,0.13738862551266906,0.0,False,False,0.5235987755982988
1.234,0.5230492377302649,0.011024622760454815,0.5233346076751093,0.049117019989378306,-0.054185401369842845,-0.027304162197534988,0.0,False,False,0.5235987755982988
1.235,0.5230558443922931,0.006606662028200843,0.5223642351348635,-0.052831936034138466,0.08562005158280149,-0.054185401369842845,0.0,False,False,0.5235987755982988
1.236,0.5230578024372953,0.001958045002094489,0.5230810025242406,0.024127996506984682,-0.01963368047533396,0.08562005158280149,0.0,False,False,0.5235987755982988
1.237,0.5230634481087851,0.00564567148990772,0.5235613355980444,0.06974850423666579,-0.08302428507941961,-0.01963368047533396,0.0,False,False,0.5235987755982988
1.238,0.52306643941,0.0029913012148855924,0.5236059125788083,0.06723135188938695,-0.0808060879164348,-0.08302428507941961,0.0,False,False,0.5235987755982988
1.239,0.5230643767735078,-0.002062636492204203,0.524418647658127,0.1417817246323154,-0.18489576663568502,-0.0808060879164348,0.0,False,False,0.5235987755982988
1.24,0.5230588986895512,-0.0054780839566212144,0.524173274689887,0.1030662553450829,-0.13402049006268585,-0.18489576663568502,0.0,False,False,0.5235987755982988
1.241,0.5230458012532715,-0.013097436279729393,0.5221720096395909,-0.10736687521903282,0.15452203751958235,-0.13402049006268585,0.0,False,False,0.5235987755982988
1.242,0.5230295048252626,-0.01629642800896557,0.524498710955143,0.13603994385808305,-0.17944676905289494,0.15452203751958235,0.0,False,False,0.5235987755982988
1.243,0.5230250331332441,-0.004471692018493453,0.5225616687204827,-0.07126827399375431,0.1041898525931951,-0.17944676905289494,0.0,False,False,0.5235987755982988
1.244,0.523012926581252,-0.012106551992118186,0.5239247501233472,0.07216669369206631,-0.09246757388134978,0.1041898525931951,0.0,False,False,0.5235987755982988
1.245,0.5230093229263991,-0.00360365485289367,0.5230686524499948,-0.020659743012377704,0.03433390828432577,-0.09246757388134978,0.0,False,False,0.5235987755982988
1.246,0.52300217985433,-0.007143072069219368,0.5226425116711239,-0.06120784659823308,0.09066216660702898,0.03433390828432577,0.0,False,False,0.5235987755982988
1.247,0.5229988382763104,-0.003341578019506994,0.5214213251722587,-0.1772057118249254,0.2518409618586326,0.09066216660702898,0.0,False,False,0.5235987755982988
1.248,0.5230010364211998,0.002198144889276814,0.5228513181420574,-0.016485843662559646,0.033237246607416504,0.2518409618586326,0.0,False,False,0.5235987755982988
1.249,0.5230151610206398,0.014124599440067184,0.5216543424328156,-0.13453483022048573,0.1964415932432806,0.033237246607416504,0.0,False,False,0.5235987755982988
1.25,0.5230272411401948,0.01208011955501185,0.5238713689660689,0.10062130612689135,-0.12565224797213104,0.1964415932432806,0.0,False,False,0.5235987755982988
1.2510000000000001,0.5230458556549522,0.018614514757339554,0.5243695069518098,0.1403729740882965,-0.18232073326915418,-0.12565224797213104,0.0,False,False,0.5235987755982988
1.252,0.5230537275067758,0.007871851823615416,0.5223582914763482,-0.07478587086670116,0.11207175923515324,-0.18232073326915418,0.0,False,False,0.5235987755982988
1.2530000000000001,0.5230502051151447,-0.0035223916311295147,0.5233137243002274,0.028235998607891014,-0.028752274964183346,0.11207175923515324,0.0,False,False,0.5235987755982988
1.254,0.5230533463266173,0.003141211472583766,0.5224203228053627,-0.06392775073937014,0.097925451160095,-0.028752274964183346,0.0,False,False,0.5235987755982988
1.2550000000000001,0.5230541026690992,0.0007563424819807818,0.5225056462771295,-0.049002628488751296,0.07847948196754967,0.097925451160095,0.0,False,False,0.5235987755982988
1.256,0.52305952546413,0.005422795030797813,0.5237353995952155,0.07887296616872956,-0.0971067913469764,0.07847948196754967,0.0,False,False,0.5235987755982988
1.2570000000000001,0.5230672624317342,0.007736967604186785,0.523033631453876,0.0008088554179078999,0.00920196809812036,-0.0971067913469764,0.0,False,False,0.5235987755982988
1.258,0.5230679012714905,0.0006388397562799193,0.5245860305793689,0.15596788242540469,-0.20493204856974753,0.00920196809812036,0.0,False,False,0.5235987755982988
1.2590000000000001,0.5230688060675194,0.0009047960289056156,0.5226479788418484,-0.05343407956918425,0.0812352370991279,-0.20493204856974753,0.0,False,False,0.5235987755982988
1.26,0.5230591893881547,-0.00961667936470016,0.5239312748549789,0.08023892970078275,-0.10227170226118124,0.0812352370991279,0.0,False,False,0.5235987755982988
1.2610000000000001,0.5230563544049162,-0.002834983238494823,0.523141363644502,-0.006776084316984524,0.01636471634872351,-0.10227170226118124,0.0,False,False,0.5235987755982988
1.262,0.5230492620205993,-0.0070923843168008436,0.5237437093398495,0.054136093649458955,-0.06757211972726276,0.01636471634872351,0.0,False,False,0.5235987755982988
1.2630000000000001,0.5230450590359478,-0.004202984651494578,0.5226548403661522,-0.060164413085217916,0.08918812988090105,-0.06757211972726276,0.0,False,False,0.5235987755982988
1.264,0.5230387369132615,-0.006322122686285119,0.5229954886688247,-0.02008314150944087,0.03495893454186265,0.08918812988090105,0.0,False,False,0.5235987755982988
1.2650000000000001,0.5230387353765763,-1.536685276845584e-06,0.5229379435902698,-0.023829335213990034,0.04049017840131043,0.03495893454186265,0.0,False,False,0.5235987755982988
1.266,0.5230404822537704,0.0017468771941395406,0.5223108847843313,-0.08415228228644064,0.1241647733951441,0.04049017840131043,0.0,False,False,0.5235987755982988
1.2670000000000001,0.5230437239178471,0.0032416640767616014,0.5236214990526026,0.05532437276933157,-0.06679826950066563,0.1241647733951441,0.0,False,False,0.5235987755982988
1.268,0.5230521967823291,0.008472864481959615,0.5236196460875872,0.04960663899085588,-0.05990363559621714,-0.06679826950066563,0.0,False,False,0.5235987755982988
1.2690000000000001,0.5230548958706368,0.0026990883077860654,0.5235728700564755,0.0399683719806008,-0.047495746623900534,-0.05990363559621714,0.0,False,False,0.5235987755982988
1.27,0.5230537841345365,-0.0011117361002674522,0.524395039692083,0.11818849834329573,-0.15615895170007035,-0.047495746623900534,0.0,False,False,0.5235987755982988
1.2710000000000001,0.523050635235789,-0.0031488987474895974,0.5243154271747008,0.09840839677074623,-0.13098980450013137,-0.15615895170007035,0.0,False,False,0.5235987755982988
1.272,0.5230406279255293,-0.010007310259683414,0.5227134269579925,-0.0716324645771594,0.10189523301810496,-0.13098980450013137,0.0,False,False,0.5235987755982988
1.2730000000000001,0.523026885581679,-0.01374234385029787,0.5233524351436227,-0.0005683995564204902,0.005116207651874138,0.10189523301810496,0.0,False,False,0.5235987755982988
1.274,0.5230218697299042,-0.005015851774780436,0.5224776754676411,-0.0879875271989391,0.1257648349905654,0.005116207651874138,0.0,False,False,0.5235987755982988
1.2750000000000001,0.5230186037332961,-0.0032659966080985925,0.5230389850914983,-0.023057812093330965,0.037745603634407064,0.1257648349905654,0.0,False,False,0.5235987755982988
1.276,0.5230226102239359,0.0040064906397589695,0.5224992300952286,-0.07472753051096598,0.10946485566842334,0.037745603634407064,0.0,False,False,0.5235987755982988
1.2770000000000001,0.5230273018456583,0.004691621722357911,0.5244410798960696,0.12693020262423058,-0.16747772050895052,0.10946485566842334,0.0,False,False,0.5235987755982988
1.278,0.5230360657184615,0.008763872803267257,0.5233534522288064,0.0054744156354850915,-0.002153478111717899,-0.16747772050895052,0.0,False,False,0.5235987755982988
1.2790000000000001,0.5230339477735341,-0.0021179449274014387,0.5228436814660004,-0.04605010220866396,0.06885181703176906,-0.002153478111717899,0.0,False,False,0.5235987755982988
1.28,0.5230323636454534,-0.0015841280806567944,0.5240739923500457,0.08158599641673733,-0.10645709723152877,0.06885181703176906,0.0,False,False,0.5235987755982988
1.281,0.5230347026918213,0.0023390463678891185,0.5211404834070484,-0.21992349752466284,0.3081574564721022,-0.10645709723152877,0.0,False,False,0.5235987755982988
1.282,0.5230310109951356,-0.0036916966857122,0.5212733749074676,-0.18464199773027912,0.2634276097112966,0.3081574564721022,0.0,False,False,0.5235987755982988
1.283,0.5230438370379705,0.012826042834952773,0.523738337280382,0.08031843933418684,-0.0988942374785214,0.2634276097112966,0.0,False,False,0.5235987755982988
1.284,0.5230663884440357,0.022551406065262396,0.5231191571196967,0.010368579332238628,-0.00380916258384824,-0.0988942374785214,0.0,False,False,0.5235987755982988
1.285,0.523079043816221,0.012655372185242476,0.5232975994431703,0.027175953746378524,-0.027189973703341593,-0.00380916258384824,0.0,False,False,0.5235987755982988
1.286,0.5230880983747535,0.009054558532505549,0.5219305994153268,-0.11224164441261053,0.1647171445886285,-0.027189973703341593,0.0,False,False,0.5235987755982988
1.287,0.5230932123836809,0.005114008927480916,0.5230729371460912,0.013216293105083612,-0.006394459586362439,0.1647171445886285,0.0,False,False,0.5235987755982988
1.288,0.5231050401759745,0.01182779229357063,0.5248534319662842,0.1899441458138798,-0.2505167896003927,-0.006394459586362439,0.0,False,False,0.5235987755982988
1.289,0.5231133155683365,0.008275392362068514,0.5238325654212926,0.06886307673333575,-0.08684390889389172,-0.2505167896003927,0.0,False,False,0.5235987755982988
1.29,0.5231066820072932,-0.006633561043317852,0.5232547789060394,0.00419811753468239,0.001154199419049865,-0.08684390889389172,0.0,False,False,0.5235987755982988
1.291,0.5230976529516967,-0.009029055596387076,0.5227145061354425,-0.05024897127848418,0.07621561586559544,0.001154199419049865,0.0,False,False,0.5235987755982988
1.292,0.523091256277052,-0.00639667464479984,0.5227469265068467,-0.04198203701020839,0.06571172805838757,0.07621561586559544,0.0,False,False,0.5235987755982988
1.293,0.5230905521093386,-0.0007041677133833154,0.521232476429686,-0.18922884102526535,0.26966799426534993,0.06571172805838757,0.0,False,False,0.5235987755982988
1.294,0.5230933475077655,0.0027953984268942727,0.5233181811893304,0.03826451904170358,-0.04086672348861242,0.26966799426534993,0.0,False,False,0.5235987755982988
1.295,0.5231087819234324,0.015434415666827277,0.5238466051240825,0.08728046061274967,-0.1091974841994067,-0.04086672348861242,0.0,False,False,0.5235987755982988
1.296,0.5231182236916111,0.009441768178765395,0.5217432364407518,-0.1317844537815972,0.1915410493737625,-0.1091974841994067,0.0,False,False,0.5235987755982988
1.297,0.5231195285075166,0.001304815905545412,0.5225423333825635,-0.03869631422226916,0.06545153694995856,0.1915410493737625,0.0,False,False,0.5235987755982988
1.298,0.5231300142662885,0.010485758771821521,0.5221199358258956,-0.07706643846683751,0.11909884206346373,0.06545153694995856,0.0,False,False,0.5235987755982988
1.299,0.5231408446428556,0.010830376567174407,0.5222984168034819,-0.051511696861521156,0.08522049454053024,0.11909884206346373,0.0,False,False,0.5235987755982988
1.3,0.5231546218192061,0.013777176350575803,0.5232012933430744,0.043927126783884364,-0.045557871546622004,0.08522049454053024,0.0,False,False,0.5235987755982988
1.301,0.5231690214212709,0.014399602064768199,0.5213500373942601,-0.14559118077593414,0.2151867046038176,-0.045557871546622004,0.0,False,False,0.5235987755982988
1.302,0.5231773841494808,0.008362728209883324,0.5237134362318308,0.10530782105872327,-0.1284332766740428,0.2151867046038176,0.0,False,False,0.5235987755982988
1.303,0.523194100606222,0.016716456741189427,0.5238519632588817,0.10862974165794814,-0.13491306788003013,-0.1284332766740428,0.0,False,False,0.5235987755982988
1.304,0.5232002269919954,0.006126385773505371,0.5229810986459192,0.01068030619590482,-0.001698182292253424,-0.13491306788003013,0.0,False,False,0.5235987755982988
1.305,0.5231978007092873,-0.0024262827080276626,0.5210329741452137,-0.18520017449424397,0.2684246355486256,-0.001698182292253424,0.0,False,False,0.5235987755982988
1.306,0.5231960235575149,-0.001777151772426539,0.5223264842699179,-0.03732914457439515,0.06769621740013064,0.2684246355486256,0.0,False,False,0.5235987755982988
1.307,0.5232082064928957,0.012182935380744535,0.5242841163981106,0.16216698270231086,-0.20693651363938456,0.06769621740013064,0.0,False,False,0.5235987755982988
1.308,0.523220464350152,0.01225785725628686,0.5207962070101377,-0.20284065436520335,0.29385501982514345,-0.20693651363938456,0.0,False,False,0.5235987755982988
1.309,0.5232190493887775,-0.0014149613745458572,0.5229157780002504,0.02940051008257874,-0.02298665533422216,0.29385501982514345,0.0,False,False,0.5235987755982988
1.31,0.523232756619838,0.013707231060570244,0.5222030116818206,-0.044816172768654954,0.07890315781899393,-0.02298665533422216,0.0,False,False,0.5235987755982988
1.311,0.5232416897257224,0.008933105884311713,0.5239438097670434,0.13374525303048662,-0.16670491867398565,0.07890315781899393,0.0,False,False,0.5235987755982988
1.312,0.5232520173824056,0.010327656683159436,0.5226628693178528,-0.007723317191620185,0.026114293677972973,-0.16670491867398565,0.0,False,False,0.5235987755982988
1.313,0.5232511190618057,-0.0008983205999412176,0.5236036354462309,0.08712562736535413,-0.10463823010120242,0.026114293677972973,0.0,False,False,0.5235987755982988
1.314,0.5232517993642665,0.0006803024608035054,0.5237452566694769,0.09257518695342007,-0.11372688362530979,-0.10463823010120242,0.0,False,False,0.5235987755982988
1.315,0.5232470410219506,-0.004758342315813008,0.524849450357625,0.193737037072885,-0.25499659015533294,-0.11372688362530979,0.0,False,False,0.5235987755982988
1.316,0.5232380165333176,-0.009024488633035406,0.5230609162779409,-0.0044900746028080085,0.015069557289811464,-0.25499659015533294,0.0,False,False,0.5235987755982988
1.317,0.5232188157429477,-0.01920079036985299,0.5235469763621228,0.04456494127565663,-0.052545543279619196,0.015069557289811464,0.0,False,False,0.5235987755982988
1.318,0.5232049110005687,-0.013904742379019754,0.5219089556162909,-0.12369362743509485,0.17884911259825603,-0.052545543279619196,0.0,False,False,0.5235987755982988
1.319,0.5231920426152961,-0.012868385272623878,0.5242308744222898,0.1208676159083003,-0.15641891792179757,0.17884911259825603,0.0,False,False,0.5235987755982988
1.32,0.5231915714983516,-0.00047111694449378586,0.5225279023288819,-0.061516355023315886,0.09309534487748336,-0.15641891792179757,0.0,False,False,0.5235987755982988
1.321,0.5231834226289267,-0.008148869424896671,0.5226940723060467,-0.03874772180450557,0.06278192542594481,0.09309534487748336,0.0,False,False,0.5235987755982988
1.322,0.523182278921063,-0.0011437078637584431,0.5231628640574916,0.012006225520432443,-0.006561062889988549,0.06278192542594481,0.0,False,False,0.5235987755982988
1.323,0.5231846216231378,0.002342702074885122,0.521820747740435,-0.12340602873727152,0.18009173592627514,-0.006561062889988549,0.0,False,False,0.5235987755982988
1.324,0.5231859272874292,0.0013056642913936401,0.5233855667991638,0.04541648000934062,-0.05066201762677873,0.18009173592627514,0.0,False,False,0.5235987755982988
1.325,0.5231958411720862,0.009913884656942498,0.5240401147653132,0.10632962862334536,-0.1355396593542734,-0.05066201762677873,0.0,False,False,0.5235987755982988
1.326,0.5232004299553262,0.004588783240111355,0.5234560629408505,0.03729148331473582,-0.042180952143612456,-0.1355396593542734,0.0,False,False,0.5235987755982988
1.327,0.5231968704238692,-0.0035595314570706325,0.5218102957252774,-0.13101438657404568,0.18940990160324078,-0.042180952143612456,0.0,False,False,0.5235987755982988
1.328,0.5231922728083664,-0.0045976155028018195,0.5230842288168353,0.009480361239146584,-0.002114591420631728,0.18940990160324078,0.0,False,False,0.5235987755982988
1.329,0.5231985195696984,0.006246761331935815,0.5238460619447961,0.08471563791131728,-0.10610991973053192,-0.002114591420631728,0.0,False,False,0.5235987755982988
1.33,0.5232028202386508,0.00430066895242368,0.5215639658745723,-0.15196553290219264,0.21898521450970806,-0.10610991973053192,0.0,False,False,0.5235987755982988
1.331,0.5232005275332335,-0.002292705417330328,0.5222626172517508,-0.06690384189412286,0.10433546051081123,0.21898521450970806,0.0,False,False,0.5235987755982988
1.332,0.5232098780738417,0.009350540608100307,0.5239748066702676,0.11100548414697013,-0.13997514027180288,0.10433546051081123,0.0,False,False,0.5235987755982988
1.333,0.5232217907910851,0.011912717243416016,0.5234574935221524,0.04817362092075253,-0.05526526773426806,-0.13997514027180288,0.0,False,False,0.5235987755982988
1.334,0.5232234534792385,0.0016626881533763176,0.5235829665058765,0.05590355720108903,-0.06679970497770597,-0.05526526773426806,0.0,False,False,0.5235987755982988
1.335,0.5232218485927772,-0.0016048864613236193,0.5248445639336154,0.1764729442548704,-0.23419172314154388,-0.06679970497770597,0.0,False,False,0.5235987755982988
1.336,0.5232173905757953,-0.004458016981858544,0.5236262800110103,0.03699725756886882,-0.04489178851144936,-0.23419172314154388,0.0,False,False,0.5235987755982988
1.337,0.5232025564917764,-0.0148340840189056,0.523776672086349,0.048336739345855376,-0.06120622399993045,-0.04489178851144936,0.0,False,False,0.5235987755982988
1.338,0.5231893181968413,-0.013238294934992439,0.5255548899285248,0.2213248496288498,-0.30079987749868814,-0.06120622399993045,0.0,False,False,0.5235987755982988
1.339,0.5231765503614326,-0.012767835408664966,0.52298997068671,-0.05729955951551405,0.07971795982721466,-0.30079987749868814,0.0,False,False,0.5235987755982988
1.34,0.523152176424689,-0.024373936743601676,0.5224558923611863,-0.10497743611633943,0.14654482160763294,0.07971795982721466,0.0,False,False,0.5235987755982988
1.341,0.5231369214977639,-0.015254926925103933,0.5235102442816432,0.010955499540983113,-0.011553035749378054,0.14654482160763294,0.0,False,False,0.5235987755982988
1.342,0.5231329109822339,-0.004010515529965085,0.5235160029247117,0.010435813893735773,-0.01103306854791442,-0.011553035749378054,0.0,False,False,0.5235987755982988
1.343,0.5231295261403479,-0.0033848418859479495,0.5226698802498282,-0.07522003498398651,0.10698415825325508,-0.01103306854791442,0.0,False,False,0.5235987755982988
1.344,0.5231266090516097,-0.002917088738234432,0.5222256726926593,-0.11211878720247748,0.15925839694448438,0.10698415825325508,0.0,False,False,0.5235987755982988
1.345,0.5231299218124427,0.003312760833018017,0.5251456413311575,0.1910899553675896,-0.2571515296325636,0.15925839694448438,0.0,False,False,0.5235987755982988
1.346,0.523140199404058,0.010277591615307696,0.5234254241389038,-4.075939453745958e-05,0.0031692375425551368,-0.2571515296325636,0.0,False,False,0.5235987755982988
1.347,0.5231347405340414,-0.005458870016531579,0.522495700985557,-0.09300899878976657,0.13146614157707298,0.0031692375425551368,0.0,False,False,0.5235987755982988
1.348,0.5231310601312047,-0.0036804028366622873,0.523930360105883,0.05975781312181323,-0.07767789688269135,0.13146614157707298,0.0,False,False,0.5235987755982988
1.349,0.5231350595813439,0.003999450139205137,0.5230398124684772,-0.035272731930949486,0.052388614653928564,-0.07767789688269135,0.0,False,False,0.5235987755982988
1.35,0.5231339750454499,-0.0010845358940178903,0.5229132943526773,-0.04439727031784349,0.06561538680259937,0.052388614653928564,0.0,False,False,0.5235987755982988
1.351,0.5231358393206623,0.0018642752124362928,0.52362651496614,0.03136451806020924,-0.0381367302933922,0.06561538680259937,0.0,False,False,0.5235987755982988
1.352,0.5231404192397727,0.004579919110362447,0.522013039283334,-0.1331195020264126,0.18828665610106216,-0.0381367302933922,0.0,False,False,0.5235987755982988
1.353,0.5231417235503683,0.001304310595495955,0.5234494488373911,0.023833403581939167,-0.025912202601987844,0.18828665610106216,0.0,False,False,0.5235987755982988
1.354,0.5231520462371375,0.010322686769232356,0.5248214142289762,0.15864660238225803,-0.21238341821090279,-0.025912202601987844,0.0,False,False,0.5235987755982988
1.355,0.5231581837571531,0.006137520015514428,0.5235650005123827,0.017140570484685952,-0.01996073303513396,-0.21238341821090279,0.0,False,False,0.5235987755982988
1.356,0.5231518920016754,-0.00629175547758064,0.5228235850068317,-0.05871503711888948,0.08441147518907578,-0.01996073303513396,0.0,False,False,0.5235987755982988
1.357,0.5231464550065279,-0.005436995147564386,0.5227039221666419,-0.06480981742598323,0.09387914268100517,0.08441147518907578,0.0,False,False,0.5235987755982988
1.358,0.5231468524043049,0.00039739777705750153,0.5227887632249341,-0.04984472985416425,0.07439389854556268,0.09387914268100517,0.0,False,False,0.5235987755982988
1.359,0.5231518229659791,0.00497056167416518,0.5229301987205233,-0.03071670730982744,0.04889443257175284,0.07439389854556268,0.0,False,False,0.5235987755982988
1.36,0.5231590321330862,0.007209167107201642,0.5228293337364774,-0.037731534983427004,0.05912779549289713,0.04889443257175284,0.0,False,False,0.5235987755982988
1.361,0.5231665834789407,0.00755134585454818,0.523966216059963,0.07972985086346786,-0.1022897493461161,0.05912779549289713,0.0,False,False,0.5235987755982988
1.362,0.5231748974515605,0.008313972619840059,0.5216623871777338,-0.15862602244579194,0.22520621850512001,-0.1022897493461161,0.0,False,False,0.5235987755982988
1.363,0.5231757038773133,0.0008064257527824635,0.5239279408289157,0.0837919449169734,-0.10647530805147189,0.22520621850512001,0.0,False,False,0.5235987755982988
1.364,0.5231875255915864,0.011821714273187251,0.5228561865921267,-0.031762673253619686,0.05148181001544103,-0.10647530805147189,0.0,False,False,0.5235987755982988
1.365,0.5231907921975096,0.003266605923147859,0.5235197411959339,0.03776905445246043,-0.043900246100384364,0.05148181001544103,0.0,False,False,0.5235987755982988
1.366,0.5231956484679935,0.004856270483876919,0.5222121659848348,-0.09676537210269992,0.1410774195655926,-0.043900246100384364,0.0,False,False,0.5235987755982988
1.367,0.5231968613922464,0.0012129242529766659,0.5243563107252868,0.12732563915276923,-0.1664263992691062,0.1410774195655926,0.0,False,False,0.5235987755982988
1.368,0.5232047599039585,0.00789851171208351,0.524291781470606,0.10814014976941112,-0.14224228542482187,-0.1664263992691062,0.0,False,False,0.5235987755982988
1.369,0.5232020519091811,-0.0027079947773641123,0.5240394526164452,0.07209324937639897,-0.09444408557831448,-0.14224228542482187,0.0,False,False,0.5235987755982988
1.37,0.5231930501020922,-0.009001807088937948,0.5218711771921969,-0.15194361798607647,0.21342911289312644,-0.09444408557831448,0.0,False,False,0.5235987755982988
1.371,0.523181893937596,-0.011156164496187436,0.5239054385669841,0.06667688129125496,-0.08553219098584156,0.21342911289312644,0.0,False,False,0.5235987755982988
1.372,0.5231844919498969,0.002598012300926303,0.5235377946635316,0.023244802816873113,-0.0267961065544372,-0.08553219098584156,0.0,False,False,0.5235987755982988
1.373,0.5231820279114497,-0.002464038447123157,0.5217811644789468,-0.15474269592328593,0.21840823525627856,-0.0267961065544372,0.0,False,False,0.5235987755982988
1.374,0.5231789694178387,-0.0030584936110627076,0.5231577659505177,-0.0016082791738758484,0.009868108668711795,0.21840823525627856,0.0,False,False,0.5235987755982988
1.375,0.5231877540317486,0.008784613909813272,0.5235058703852838,0.033362992220130054,-0.03836329682988659,0.009868108668711795,0.0,False,False,0.5235987755982988
1.3760000000000001,0.5231945188732513,0.006764841502725957,0.5236797860941085,0.0474182638805805,-0.05836010558127054,-0.03836329682988659,0.0,False,False,0.5235987755982988
1.377,0.5231973830480067,0.002864174755403858,0.5233520727724988,0.009905105331558951,-0.007445475533471255,-0.05836010558127054,0.0,False,False,0.5235987755982988
1.3780000000000001,0.5231964643346285,-0.0009187133781624361,0.5234506116900902,0.01876848655754037,-0.01985523352129367,-0.007445475533471255,0.0,False,False,0.5235987755982988
1.379,0.5231954524426478,-0.0010118919807869527,0.5244814209771335,0.11997256660611069,-0.15985469674635644,-0.01985523352129367,0.0,False,False,0.5235987755982988
1.3800000000000001,0.5231937551453926,-0.0016972972552145998,0.5242636715688446,0.08620036911661043,-0.11540857040975608,-0.15985469674635644,0.0,False,False,0.5235987755982988
1.381,0.5231845798727758,-0.00917527261677724,0.5206826024338197,-0.2805265812975378,0.3891230145176695,-0.11540857040975608,0.0,False,False,0.5235987755982988
1.3820000000000001,0.5231722453287341,-0.012334544041682612,0.5228952279309995,-0.031211373449802016,0.05011750615114978,0.3891230145176695,0.0,False,False,0.5235987755982988
1.383,0.5231827093448407,0.010464016106587586,0.523039024217469,-0.013710607457878509,0.026528253804391777,0.05011750615114978,0.0,False,False,0.5235987755982988
1.3840000000000001,0.5231927563804558,0.010047035615156923,0.5216637619347768,-0.1498657749813042,0.21466917592096105,0.026528253804391777,0.0,False,False,0.5235987755982988
1.385,0.5232013058524272,0.00854947197134821,0.5232834960757148,0.027094216610622918,-0.026838028526234903,0.21466917592096105,0.0,False,False,0.5235987755982988
1.3860000000000001,0.523218135338517,0.016829486089789875,0.5243078820729387,0.12682339467194814,-0.16495199014985493,-0.026838028526234903,0.0,False,False,0.5235987755982988
1.387,0.5232294360702655,0.0113007317484945,0.5222812267354553,-0.0885244785435829,0.12994525378348287,-0.16495199014985493,0.0,False,False,0.5235987755982988
1.3880000000000001,0.5232293737707435,-6.229952200715629e-05,0.5235229389700904,0.044499192774284865,-0.05203397202139018,0.12994525378348287,0.0,False,False,0.5235987755982988
1.389,0.5232358276729049,0.006453902161407697,0.5224366209206106,-0.068582531451122,0.10321782193973418,-0.05203397202139018,0.0,False,False,0.5235987755982988
1.3900000000000001,0.5232377824099624,0.0019547370575718074,0.522651428555115,-0.040243514855566556,0.06534446460398785,0.10321782193973418,0.0,False,False,0.5235987755982988
1.391,0.5232443056582052,0.006523248242828667,0.5245335748214188,0.1519954632603686,-0.19922094192860249,0.06534446460398785,0.0,False,False,0.5235987755982988
1.3920000000000001,0.5232521796267039,0.007873968498690364,0.5227787086095341,-0.03869070425413801,0.06119005090273002,-0.19922094192860249,0.0,False,False,0.5235987755982988
1.393,0.5232478137869043,-0.004365839799592456,0.523651170275758,0.052424532793665816,-0.06385254354666478,0.06119005090273002,0.0,False,False,0.5235987755982988
1.3940000000000001,0.5232478142501437,4.6323931662470286e-07,0.5216148683927322,-0.15644810878828444,0.22344806024614058,-0.06385254354666478,0.0,False,False,0.5235987755982988
1.395,0.5232446219453809,-0.003192304762768844,0.5248698006035836,0.18468992317568195,-0.2445063579059439,0.22344806024614058,0.0,False,False,0.5235987755982988
1.3960000000000001,0.5232535644532721,0.008942507891165836,0.5237794779249344,0.05718866299319686,-0.07187903747127675,-0.2445063579059439,0.0,False,False,0.5235987755982988
1.397,0.5232477286739563,-0.005835779315754916,0.5230884675170254,-0.017631244097020438,0.030343038379345575,-0.07187903747127675,0.0,False,False,0.5235987755982988
1.3980000000000001,0.5232400249691499,-0.007703704806365447,0.5237422840490429,0.04951353351442753,-0.06199939233070625,0.030343038379345575,0.0,False,False,0.5235987755982988
1.399,0.5232360724434499,-0.003952525699912782,0.5220057728987637,-0.12908893486493261,0.18358077042955104,-0.06199939233070625,0.0,False,False,0.5235987755982988
1.4000000000000001,0.5232302063163148,-0.005866127135210746,0.5242621590637965,0.10945857512483702,-0.14329119252876227,0.18358077042955104,0.0,False,False,0.5235987755982988
1.401,0.5232352537430259,0.005047426711103009,0.5229525236900886,-0.032450819758434016,0.0505735180579047,-0.14329119252876227,0.0,False,False,0.5235987755982988
1.4020000000000001,0.5232316335416738,-0.003620201352144862,0.5230535492946466,-0.01910317732678591,0.032737886257882126,0.0505735180579047,0.0,False,False,0.5235987755982988
1.403,0.5232316308493945,-2.6922792413989864e-06,0.5228025803860412,-0.04228975045465043,0.0650792143662173,0.032737886257882126,0.0,False,False,0.5235987755982988
1.4040000000000001,0.5232332658698811,0.0016350204865372138,0.5227265519306693,-0.045663620946376646,0.0704963711529832,0.0650792143662173,0.0,False,False,0.5235987755982988
1.405,0.5232376588946666,0.004393024785450203,0.5238438733641545,0.07063488449678065,-0.0891736211815391,0.0704963711529832,0.0,False,False,0.5235987755982988
1.4060000000000001,0.5232442620521569,0.006603157490336937,0.5234675829077933,0.0259423504109798,-0.02876935206407597,-0.0891736211815391,0.0,False,False,0.5235987755982988
1.407,0.5232444681401959,0.00020608803900108285,0.5238132256882577,0.057912393416326834,-0.07335497371885251,-0.02876935206407597,0.0,False,False,0.5235987755982988
1.408,0.5232431731120559,-0.0012950281398947663,0.5232354982976453,-0.005651584986551751,0.013320893395626051,-0.07335497371885251,0.0,False,False,0.5235987755982988
1.409,0.5232386034817215,-0.004569630334472546,0.523686454802917,0.04000922403927499,-0.04958929453025692,0.013320893395626051,0.0,False,False,0.5235987755982988
1.41,0.5232360656962955,-0.0025377854259208076,0.5228705512138289,-0.04558205727346433,0.0678065076486164,-0.04958929453025692,0.0,False,False,0.5235987755982988
1.411,0.5232318158729982,-0.0042498232973480505,0.5251776239764558,0.1896834247165803,-0.25603938046672287,0.0678065076486164,0.0,False,False,0.5235987755982988
1.412,0.5232322294727056,0.0004135997074587979,0.5218639520622618,-0.16065210917448483,0.22400935465804858,-0.25603938046672287,0.0,False,False,0.5235987755982988
1.413,0.5232197153867637,-0.012514085941890771,0.5243200907846367,0.10102697398045701,-0.13421604213063043,0.22400935465804858,0.0,False,False,0.5235987755982988
1.414,0.5232217823481023,0.002066961338693763,0.5244155067919845,0.10046587731718615,-0.13526021426696486,-0.13421604213063043,0.0,False,False,0.5235987755982988
1.415,0.523216512349381,-0.005269998721348399,0.5224728635036829,-0.10384503924468395,0.14488046479670652,-0.13526021426696486,0.0,False,False,0.5235987755982988
1.416,0.5232060458172417,-0.010466532139356171,0.5251514540388429,0.17439851819577964,-0.23722643376472893,0.14488046479670652,0.0,False,False,0.5235987755982988
1.417,0.5232057467549511,-0.00029906229059792865,0.5240744759104015,0.04926085353205867,-0.067675629856318,-0.23722643376472893,0.0,False,False,0.5235987755982988
1.418,0.5231936772792223,-0.012069475728796845,0.5240411559374026,0.04100277087897038,-0.05716617115863322,-0.067675629856318,0.0,False,False,0.5235987755982988
1.419,0.5231815094008437,-0.01216787837857378,0.5232059633722043,-0.046616762728763916,0.06301073534421864,-0.05716617115863322,0.0,False,False,0.5235987755982988
1.42,0.523169789858716,-0.011719542127739655,0.5229802242745972,-0.06452899621659114,0.08856871928653795,0.06301073534421864,0.0,False,False,0.5235987755982988
1.421,0.5231644297083304,-0.005360150385547117,0.5229816860326014,-0.05792992079451249,0.08062351713596806,0.08856871928653795,0.0,False,False,0.5235987755982988
1.422,0.523165090053649,0.0006603453185831448,0.5235058922904265,0.0002836970674509054,0.0013314630607597967,0.08062351713596806,0.0,False,False,0.5235987755982988
1.423,0.523169580901803,0.0044908481540304294,0.5243923465984578,0.08890075816383061,-0.12096518779945832,0.0013314630607597967,0.0,False,False,0.5235987755982988
1.424,0.5231727953002944,0.0032143984913507164,0.5233310218044124,-0.02612179705709393,0.036165724758468604,-0.12096518779945832,0.0,False,False,0.5235987755982988
1.425,0.5231689924804304,-0.003802819863974497,0.5223736078719278,-0.11925101059984528,0.16515423179449315,0.036165724758468604,0.0,False,False,0.5235987755982988
1.426,0.5231681404514377,-0.000852028992711122,0.5238875887854958,0.04407218181694171,-0.058085255549875675,0.16515423179449315,0.0,False,False,0.5235987755982988
1.427,0.5231758049963273,0.007664544889634931,0.5239796606679169,0.04887215187735829,-0.06550251350595551,-0.058085255549875675,0.0,False,False,0.5235987755982988
1.428,0.5231783415791007,0.002536582773375846,0.5237496397916491,0.02098284906284467,-0.027894974355719155,-0.06550251350595551,0.0,False,False,0.5235987755982988
1.429,0.5231768359692054,-0.0015056098952809082,0.5238274064936493,0.026661234356581687,-0.036108837344207445,-0.027894974355719155,0.0,False,False,0.5235987755982988
1.43,0.5231743924646781,-0.0024435045272711386,0.5229379630693018,-0.0649492315138256,0.08983370333853614,-0.036108837344207445,0.0,False,False,0.5235987755982988
1.431,0.5231708827179397,-0.003509746738489969,0.5223601867338502,-0.1162319419076071,0.16177292984920347,0.08983370333853614,0.0,False,False,0.5235987755982988
1.432,0.5231729209423328,0.0020382243931780343,0.5224152792468895,-0.09909949641292075,0.14022233002087323,0.16177292984920347,0.0,False,False,0.5235987755982988
1.433,0.5231824303011242,0.009509358791451185,0.5217552193770766,-0.15519553375291656,0.21941865248550002,0.14022233002087323,0.0,False,False,0.5235987755982988
1.434,0.5231962570987584,0.013826797634227485,0.5234030337702337,0.02510545893808383,-0.026603197820528012,0.21941865248550002,0.0,False,False,0.5235987755982988
1.435,0.5232174064693802,0.021149370621763346,0.5231445836681758,-0.0032500971615073253,0.012075571336022274,-0.026603197820528012,0.0,False,False,0.5235987755982988
1.436,0.5232324329242962,0.015026454916062288,0.5228484712186795,-0.03253633239499099,0.05254907770713687,0.012075571336022274,0.0,False,False,0.5235987755982988
1.437,0.5232441874274342,0.01175450313793631,0.520664923431497,-0.24763747787374676,0.3499743124509297,0.05254907770713687,0.0,False,False,0.5235987755982988
1.438,0.5232553528211784,0.011165393744293694,0.522166862987988,-0.07267977443726936,0.1129901563103183,0.3499743124509297,0.0,False,False,0.5235987755982988
1.439,0.5232809321140678,0.025579292889405993,0.524259050101927,0.14380691440035676,-0.1844532383457349,0.1129901563103183,0.0,False,False,0.5235987755982988
1.44,0.5233069213446977,0.02598923062988668,0.5227269257449246,-0.02378621273991291,0.04423675264863082,-0.1844532383457349,0.0,False,False,0.5235987755982988
1.441,0.5233184144496359,0.011493104938237797,0.523633090051156,0.06920883915721443,-0.08366826714008647,0.04423675264863082,0.0,False,False,0.5235987755982988
1.442,0.5233289608003473,0.010546350711366136,0.5221153588197183,-0.08948516790227942,0.13408370349718518,-0.08366826714008647,0.0,False,False,0.5235987755982988
1.443,0.5233323815847036,0.0034207843563355033,0.5245878889663868,0.1667163635547968,-0.21786367689133898,0.13408370349718518,0.0,False,False,0.5235987755982988
1.444,0.523341476527362,0.00909494265830912,0.5232157886832671,0.012834698887354556,-0.008507874194255027,-0.21786367689133898,0.0,False,False,0.5235987755982988
1.445,0.523337087146452,-0.0043893809099105705,0.5235901951405734,0.048991874729243316,-0.0586358014360339,-0.008507874194255027,0.0,False,False,0.5235987755982988
1.446,0.5233335860009962,-0.003501145455764019,0.5253632117532304,0.2213943485220242,-0.2974330690151979,-0.0586358014360339,0.0,False,False,0.5235987755982988
1.447,0.5233282068143182,-0.005379186677995491,0.5246515504475462,0.12808878310139876,-0.17265648700813122,-0.2974330690151979,0.0,False,False,0.5235987755982988
1.448,0.5233095534283058,-0.01865338601249912,0.5230420244550616,-0.04567269445719503,0.06482875392690303,-0.17265648700813122,0.0,False,False,0.5235987755982988
1.449,0.5232867328474012,-0.022820580904564552,0.5227690505766374,-0.06840281285390426,0.09701842581459127,0.06482875392690303,0.0,False,False,0.5235987755982988
1.45,0.523272133548398,-0.014599299003230244,0.522988041932675,-0.039663395964749285,0.05858928113892769,0.09701842581459127,0.0,False,False,0.5235987755982988
1.451,0.5232661818313173,-0.005951717080617033,0.5237111519956207,0.036613949926293174,-0.04595951506334542,0.05858928113892769,0.0,False,False,0.5235987755982988
1.452,0.5232649179958884,-0.0012638354289702218,0.5231730926161264,-0.020853383015761028,0.0326863532980161,-0.04595951506334542,0.0,False,False,0.5235987755982988
1.453,0.5232617398868067,-0.0031781090816852663,0.5229168243028297,-0.0443948760438575,0.06554897457107293,0.0326863532980161,0.0,False,False,0.5235987755982988
1.454,0.5232611542957613,-0.000585591045452707,0.5245415114731813,0.1225133285956862,-0.16398524006270793,0.06554897457107293,0.0,False,False,0.5235987755982988
1.455,0.5232640241229372,0.0028698271758653237,0.5231643571904436,-0.027453432537648204,0.04076365038657119,-0.16398524006270793,0.0,False,False,0.5235987755982988
1.456,0.5232578281212936,-0.006196001643576464,0.5252645981771162,0.18531600938337736,-0.25236401767876643,0.04076365038657119,0.0,False,False,0.5235987755982988
1.457,0.5232554966174569,-0.0023315038368135355,0.5233346844429156,-0.02620696497501976,0.03620199876692082,-0.25236401767876643,0.0,False,False,0.5235987755982988
1.458,0.5232412525385705,-0.014244078886448004,0.5247992367473524,0.12286896196615833,-0.1690510550423546,0.03620199876692082,0.0,False,False,0.5235987755982988
1.459,0.5232325478779905,-0.008704660579992326,0.5235443678983718,-0.014904819128520277,0.01886512155291104,-0.1690510550423546,0.0,False,False,0.5235987755982988
1.46,0.5232178835952893,-0.014664282701167035,0.5240582252237941,0.0379713953265624,-0.05383576765078969,0.01886512155291104,0.0,False,False,0.5235987755982988
1.461,0.5232079713925193,-0.009912202770049481,0.5225756289602531,-0.11408537056019076,0.15531908415705153,-0.05383576765078969,0.0,False,False,0.5235987755982988
1.462,0.5231981589967679,-0.009812395751322074,0.5224531135240971,-0.11492837711977623,0.15853596987936291,0.15531908415705153,0.0,False,False,0.5235987755982988
1.463,0.5231988800540781,0.0007210573101958193,0.52360004917938,0.011258026120491274,-0.013532555804050255,0.15853596987936291,0.0,False,False,0.5235987755982988
1.464,0.523207308802135,0.008428748056847069,0.5240699842477492,0.05712573034536529,-0.07703263210454524,-0.013532555804050255,0.0,False,False,0.5235987755982988
1.465,0.5232126383633577,0.005329561222754047,0.5232477687886199,-0.030808388602101736,0.04328818889674268,-0.07703263210454524,0.0,False,False,0.5235987755982988
1.466,0.5232125329069354,-0.0001054564223488385,0.5220899429482893,-0.1435101337749555,0.1993711482301187,0.04328818889674268,0.0,False,False,0.5235987755982988
1.467,0.5232146239184171,0.0020910114816888817,0.5220275745599398,-0.1353959592324098,0.19075676976935482,0.1993711482301187,0.0,False,False,0.5235987755982988
1.468,0.5232260500955178,0.011426177100722669,0.521980638640857,-0.12654995521744683,0.1809864114948893,0.19075676976935482,0.0,False,False,0.5235987755982988
1.469,0.5232438704872449,0.01782039172704092,0.5217013291971523,-0.1418259040661711,0.20434512010004285,0.1809864114948893,0.0,False,False,0.5235987755982988
1.47,0.5232663975362217,0.022527048976865645,0.5233619415364757,0.038417920272792366,-0.04183849121453565,0.20434512010004285,0.0,False,False,0.5235987755982988
1.471,0.5232941931298224,0.027795593600647813,0.5242759791629901,0.12597989089694503,-0.1633655332407766,-0.04183849121453565,0.0,False,False,0.5235987755982988
1.472,0.5233144868820455,0.020293752223117884,0.5233027793993663,0.016061925444875003,-0.013946378953064963,-0.1633655332407766,0.0,False,False,0.5235987755982988
1.473,0.5233219250191654,0.007438137119950523,0.5213493410203547,-0.18088810500077537,0.2575555484039248,-0.013946378953064963,0.0,False,False,0.5235987755982988
1.474,0.5233265021338314,0.004577114665930726,0.5231600322280585,0.018269826269685097,-0.014026410859296679,0.2575555484039248,0.0,False,False,0.5235987755982988
1.475,0.5233425890638725,0.016086930041194485,0.5232005201383635,0.020491634673214187,-0.017421363329021156,-0.014026410859296679,0.0,False,False,0.5235987755982988
1.476,0.5233539115674728,0.011322503600213085,0.5251830155329288,0.2166920106624225,-0.28854673161824645,-0.017421363329021156,0.0,False,False,0.5235987755982988
1.477,0.5233612426654211,0.00733109794820567,0.5220896499536168,-0.11431374833501431,0.1643407596062927,-0.28854673161824645,0.0,False,False,0.5235987755982988
1.478,0.5233520112545046,-0.009231410916473273,0.5230110807305469,-0.010739295808505231,0.023465662589740435,0.1643407596062927,0.0,False,False,0.5235987755982988
1.479,0.5233536219875189,0.0016107330142616453,0.5248422592789925,0.17345248861690638,-0.23052569259277447,0.023465662589740435,0.0,False,False,0.5235987755982988
1.48,0.5233559173828688,0.0022953953498917987,0.5237485975638269,0.046741068238648514,-0.058786077265882954,-0.23052569259277447,0.0,False,False,0.5235987755982988
1.481,0.5233459917010743,-0.009925681794459658,0.5238375750936939,0.05096471440148659,-0.06545604819889517,-0.058786077265882954,0.0,False,False,0.5235987755982988
1.482,0.5233359215567918,-0.010070144282613673,0.5234359153416723,0.005702267759182457,-0.003911236691742223,-0.06545604819889517,0.0,False,False,0.5235987755982988
1.483,0.5233254081162169,-0.010513440574897927,0.5236133381709794,0.02287432391397477,-0.027711315005020897,-0.003911236691742223,0.0,False,False,0.5235987755982988
1.484,0.5233176335625086,-0.007774553708271282,0.5239962258924209,0.05887566366672334,-0.07780490169426547,-0.027711315005020897,0.0,False,False,0.5235987755982988
1.485,0.5233107261184146,-0.006907444093996077,0.5226043160426882,-0.08620288767321874,0.12134373720885357,-0.07780490169426547,0.0,False,False,0.5235987755982988
1.486,0.5233019496490586,-0.008776469355952329,0.5240682003104251,0.06880582786779457,-0.09101663825962686,0.12134373720885357,0.0,False,False,0.5235987755982988
1.487,0.5233017514848942,-0.00019816416438308768,0.5221035803206708,-0.13453675389441277,0.18835761967059897,-0.09101663825962686,0.0,False,False,0.5235987755982988
1.488,0.5232970627287775,-0.004688756116744508,0.523583617842978,0.026920673725747177,-0.03203196887512232,0.18835761967059897,0.0,False,False,0.5235987755982988
1.489,0.5233031920197998,0.006129291022266285,0.5234591729356765,0.011784115623015609,-0.011628090820416208,-0.03203196887512232,0.0,False,False,0.5235987755982988
1.49,0.5233059118910541,0.0027198712543519384,0.5227680947137423,-0.05850211813270087,0.08515479768125825,-0.011628090820416208,0.0,False,False,0.5235987755982988
1.491,0.5233072285101684,0.001316619114254215,0.5232874318728608,-0.0007181904075858753,0.006466015546988174,0.08515479768125825,0.0,False,False,0.5235987755982988
1.492,0.5233124031865538,0.005174676385379407,0.5227691344170597,-0.05247611694692817,0.07790488159861708,0.006466015546988174,0.0,False,False,0.5235987755982988
1.493,0.5233163617999098,0.003958613355995562,0.5223811259623233,-0.08602935072587639,0.12515291431861034,0.07790488159861708,0.0,False,False,0.5235987755982988
1.494,0.5233230275081326,0.006665708222812744,0.5230144404318953,-0.014094968696095486,0.027431995430578466,0.12515291431861034,0.0,False,False,0.5235987755982988
1.495,0.523333995380628,0.010967872495361505,0.5223705835510363,-0.07707115991238543,0.11459284874558831,0.027431995430578466,0.0,False,False,0.5235987755982988
1.496,0.5233432950896162,0.009299708988227203,0.523624989017892,0.05607650276442655,-0.06776364486998929,0.11459284874558831,0.0,False,False,0.5235987755982988
1.497,0.5233556824096283,0.012387320012061222,0.522352043482009,-0.07682570110031352,0.11463201941359233,-0.06776364486998929,0.0,False,False,0.5235987755982988
1.498,0.5233613278794335,0.005645469805217711,0.5239826450419205,0.09391702500086378,-0.1196100799862267,0.11463201941359233,0.0,False,False,0.5235987755982988
1.499,0.5233710323206942,0.00970444126064694,0.5223399973317566,-0.07973944851560949,0.11834534701649087,-0.1196100799862267,0.0,False,False,0.5235987755982988
1.5,0.5233720149440383,0.0009826233440863273,0.5228778294033287,-0.017982296506838816,0.0345557873176683,0.11834534701649087,0.0,False,False,0.5235987755982988
1.5010000000000001,0.5233786163542005,0.006601410162168606,0.5228335470545739,-0.020612301731641428,0.038508875865019,0.0345557873176683,0.0,False,False,0.5235987755982988
1.502,0.523385007643307,0.006391289106479765,0.5245414163178519,0.15223585476932658,-0.1996505586751473,0.038508875865019,0.0,False,False,0.5235987755982988
1.5030000000000001,0.5233914441327727,0.006436489465714951,0.5236796764846349,0.05083828597069161,-0.06246215911887892,-0.1996505586751473,0.0,False,False,0.5235987755982988
1.504,0.5233860054142244,-0.005438718548285884,0.5232012328146161,-0.0020899096282588625,0.009663661660200284,-0.06246215911887892,0.0,False,False,0.5235987755982988
1.5050000000000001,0.5233790578943858,-0.006947519838630121,0.5238142727089043,0.05942307076339621,-0.07518663290697505,0.009663661660200284,0.0,False,False,0.5235987755982988
1.506,0.5233746256260398,-0.004432268346022025,0.5215357534043532,-0.17437116676805745,0.24637979961268985,-0.07518663290697505,0.0,False,False,0.5235987755982988
1.5070000000000001,0.5233677600869417,-0.006865539097995373,0.5233301189290699,0.02250250238041618,-0.022167182810378706,0.24637979961268985,0.0,False,False,0.5235987755982988
1.508,0.5233752233986475,0.007463311705706525,0.5251183833615455,0.199078695389934,-0.2662473742063608,-0.022167182810378706,0.0,False,False,0.5235987755982988
1.5090000000000001,0.5233794079529102,0.004184554262652857,0.5234949020674221,0.01682269643860318,-0.01831751217054307,-0.2662473742063608,0.0,False,False,0.5235987755982988
1.51,0.5233690260371904,-0.010381915719799621,0.5234282914575639,0.008479365808918667,-0.0071065244374733,-0.01831751217054307,0.0,False,False,0.5235987755982988
1.5110000000000001,0.5233606317845407,-0.008394252649606072,0.5238389640319596,0.048698686667602194,-0.0627618158070171,-0.0071065244374733,0.0,False,False,0.5235987755982988
1.512,0.5233542959125561,-0.006335871984620018,0.5241358589272541,0.07351830753029169,-0.09788946895754545,-0.0627618158070171,0.0,False,False,0.5235987755982988
1.5130000000000001,0.5233466869221051,-0.0076089904510981445,0.5216035683976126,-0.18706257618689198,0.26038882103662275,-0.09788946895754545,0.0,False,False,0.5235987755982988
1.514,0.5233363924809005,-0.010294441204613335,0.5218682856708632,-0.14188459124314137,0.20141032818561097,0.26038882103662275,0.0,False,False,0.5235987755982988
1.5150000000000001,0.5233420003558661,0.005607874965615281,0.5235255141267522,0.03802671347007311,-0.044313349676248455,0.20141032818561097,0.0,False,False,0.5235987755982988
1.516,0.5233560166989547,0.014016343088590719,0.5227321692114323,-0.04511044940892465,0.06973145425430713,-0.044313349676248455,0.0,False,False,0.5235987755982988
1.5170000000000001,0.5233641319919797,0.008115293024987202,0.5245090900267337,0.13709267706211306,-0.18089687218636427,0.06973145425430713,0.0,False,False,0.5235987755982988
1.518,0.5233733921730219,0.009260181042211971,0.5230983506319489,-0.017690530122584786,0.03023628554140073,-0.18089687218636427,0.0,False,False,0.5235987755982988
1.5190000000000001,0.5233709752687624,-0.002416904259553255,0.5216827787278013,-0.15747866752508016,0.22346234469905088,0.03023628554140073,0.0,False,False,0.5235987755982988
1.52,0.5233708014086292,-0.00017386013313893832,0.5222642505181274,-0.08358362173996393,0.12432179753104193,0.22346234469905088,0.0,False,False,0.5235987755982988
1.5210000000000001,0.5233818535178978,0.011052109268494958,0.5209823085226135,-0.20341945911735773,0.2911997583031647,0.12432179753104193,0.0,False,False,0.5235987755982988
1.522,0.5233960626861756,0.014209168277811539,0.5231917496117462,0.03786659570764597,-0.03811344709122796,0.2911997583031647,0.0,False,False,0.5235987755982988
1.5230000000000001,0.5234211092204253,0.02504653424971788,0.5232567130564623,0.04057628060848845,-0.042534410977128206,-0.03811344709122796,0.0,False,False,0.5235987755982988
1.524,0.5234390562873933,0.017947066968035885,0.5230686426955117,0.01771161645258087,-0.011711547492928538,-0.042534410977128206,0.0,False,False,0.5235987755982988
1.5250000000000001,0.5234505148051954,0.011458517802146847,0.5243920143782865,0.14827762308480819,-0.1922114457415487,-0.011711547492928538,0.0,False,False,0.5235987755982988
1.526,0.5234582368826052,0.007722077409710871,0.5245041427474892,0.14466269769659867,-0.18989184592134611,-0.1922114457415487,0.0,False,False,0.5235987755982988
1.5270000000000001,0.5234541095200722,-0.004127362532951651,0.5233054175703299,0.010323910211003401,-0.0071082477497634074,-0.18989184592134611,0.0,False,False,0.5235987755982988
1.528,0.523441725000284,-0.012384519788243162,0.5215788533493367,-0.16336490290941233,0.23239648397261223,-0.0071082477497634074,0.0,False,False,0.5235987755982988
1.5290000000000001,0.5234323381395134,-0.009386860770521255,0.5239710179390886,0.09218804635671768,-0.11732601776227776,0.23239648397261223,0.0,False,False,0.5235987755982988
1.53,0.5234372346604812,0.004896520967767267,0.5239218778865863,0.07805523647081203,-0.09948212495414888,-0.11732601776227776,0.0,False,False,0.5235987755982988
1.5310000000000001,0.5234348050008153,-0.0024296596659431745,0.523704800079673,0.048541932132403987,-0.06015875922362039,-0.09948212495414888,0.0,False,False,0.5235987755982988
1.532,0.5234281362867621,-0.006668714053242226,0.5242846389451159,0.1016716254634519,-0.13435149079884978,-0.06015875922362039,0.0,False,False,0.5235987755982988
1.5330000000000001,0.5234204159367352,-0.0077203500269507315,0.522403911661586,-0.09656826543588805,0.1373894693838972,-0.13435149079884978,0.0,False,False,0.5235987755982988
1.534,0.5234082164248627,-0.012199511872494821,0.5251611861926677,0.1888160142158773,-0.25470260775769293,0.1373894693838972,0.0,False,False,0.5235987755982988
1.5350000000000001,0.5234061998440169,-0.00201658084570629,0.5225689411826501,-0.08929008820747503,0.12568512533064743,-0.25470260775769293,0.0,False,False,0.5235987755982988
1.536,0.5233920591315073,-0.014140712509565199,0.5240458794770616,0.06733275005442584,-0.0888471698830412,0.12568512533064743,0.0,False,False,0.5235987755982988
1.537,0.5233879121256272,-0.004147005880121587,0.5219154234809548,-0.15244612456170062,0.21323568758623365,-0.0888471698830412,0.0,False,False,0.5235987755982988
1.538,0.5233805659227279,-0.007346202899366876,0.522568756837333,-0.07186817646771228,0.10478214945864034,0.21323568758623365,0.0,False,False,0.5235987755982988
1.539,0.5233860207091402,0.005454786412295482,0.5247093019871086,0.14937315615662744,-0.19923726238652964,0.10478214945864034,0.0,False,False,0.5235987755982988
1.54,0.5233950957522826,0.009075043142356036,0.5231674177058209,-0.019752587587811704,0.03146754716997707,-0.19923726238652964,0.0,False,False,0.5235987755982988
1.541,0.5233916227617703,-0.0034729905123025186,0.5241245935078451,0.07794025137339515,-0.10299302401990777,0.03146754716997707,0.0,False,False,0.5235987755982988
1.542,0.5233907685900147,-0.0008541717556539799,0.5235975511756894,0.01744199302048316,-0.020908352017610342,-0.10299302401990777,0.0,False,False,0.5235987755982988
1.543,0.5233850242795823,-0.005744310432272146,0.5232934310096311,-0.014714222887394855,0.02315327006089262,-0.020908352017610342,0.0,False,False,0.5235987755982988
1.544,0.5233799349486146,-0.005089330967810498,0.5245701188823381,0.11442598667204068,-0.15479536311915532,0.02315327006089262,0.0,False,False,0.5235987755982988
1.545,0.5233775183144836,-0.002416634130925062,0.5231709945297799,-0.03692904725098123,0.05201491593451819,-0.15479536311915532,0.0,False,False,0.5235987755982988
1.546,0.5233680930610989,-0.009425253384746028,0.5218141059064632,-0.1689250048575563,0.23483406028210943,0.05201491593451819,0.0,False,False,0.5235987755982988
1.547,0.5233639415683043,-0.004151492794520632,0.5226629823538754,-0.06714485963057344,0.09741810995630912,0.23483406028210943,0.0,False,False,0.5235987755982988
1.548,0.5233727762477076,0.008834679403262907,0.5238537817714878,0.05864956809371925,-0.07496959282986447,0.09741810995630912,0.0,False,False,0.5235987755982988
1.549,0.5233839560097182,0.011179762010602896,0.5237291028161005,0.040316715745621484,-0.0507259488151765,-0.07496959282986447,0.0,False,False,0.5235987755982988
1.55,0.5233882992154841,0.004343205765934232,0.5220207829136266,-0.13454694607632933,0.18986020361569445,-0.0507259488151765,0.0,False,False,0.5235987755982988
1.551,0.5233888058920795,0.0005066765953416034,0.5227566977982863,-0.04750076300273366,0.07215831600350633,0.18986020361569445,0.0,False,False,0.5235987755982988
1.552,0.523398651581681,0.0098456896014488,0.5228910039380448,-0.029320072726609196,0.04792397715650379,0.07215831600350633,0.0,False,False,0.5235987755982988
1.553,0.5234093296380451,0.010678056364127357,0.5230903972513841,-0.006448734120019169,0.016889291188488517,0.04792397715650379,0.0,False,False,0.5235987755982988
1.554,0.5234194310284263,0.010101390381126313,0.5222187199112248,-0.09297159472394216,0.1364069160360626,0.016889291188488517,0.0,False,False,0.5235987755982988
1.555,0.5234275399095052,0.008108881078948936,0.5228791826714507,-0.0176281592289569,0.03410646375801389,0.1364069160360626,0.0,False,False,0.5235987755982988
1.556,0.5234401291161926,0.012589206687454986,0.522804296519576,-0.02335395849352878,0.04232537360924431,0.03410646375801389,0.0,False,False,0.5235987755982988
1.557,0.5234510272062297,0.01089809003708514,0.5241243169898042,0.11098348437864078,-0.14263992630146616,0.04232537360924431,0.0,False,False,0.5235987755982988
1.558,0.5234610178235385,0.009990617308753178,0.5241671093697802,0.10416437393837204,-0.13522725661271084,-0.14263992630146616,0.0,False,False,0.5235987755982988
1.559,0.5234610659932981,4.8169759623585204e-05,0.5233338223644236,0.01041923600887841,-0.007733925000900326,-0.13522725661271084,0.0,False,False,0.5235987755982988
1.56,0.5234543381566481,-0.006727836649995208,0.5231122188948085,-0.012783034553517798,0.02409766212704663,-0.007733925000900326,0.0,False,False,0.5235987755982988
1.561,0.523449196049349,-0.005142107299022818,0.5235713030467826,0.034403684099238274,-0.04078991499179343,0.02409766212704663,0.0,False,False,0.5235987755982988
1.562,0.5234467889101606,-0.0024071391883806587,0.5227341926994143,-0.052747719047507496,0.07885975503692945,-0.04078991499179343,0.0,False,False,0.5235987755982988
1.563,0.5234430705786894,-0.0037183314711998015,0.5224422707886233,-0.07666513822186494,0.11281525244039785,0.07885975503692945,0.0,False,False,0.5235987755982988
1.564,0.5234444129305803,0.0013423518908794287,0.5226239151409385,-0.050834189168151564,0.07854851523426695,0.11281525244039785,0.0,False,False,0.5235987755982988
1.565,0.5234509885737296,0.006575643149296792,0.5228970095814144,-0.01844132620375124,0.03476137974842124,0.07854851523426695,0.0,False,False,0.5235987755982988
1.566,0.5234595607836656,0.0085722099360086,0.5224442383553124,-0.061874316193575,0.09503084980604555,0.03476137974842124,0.0,False,False,0.5235987755982988
1.567,0.5234674118171878,0.007851033522230069,0.5236088354616867,0.06077282606321124,-0.07310846881683511,0.09503084980604555,0.0,False,False,0.5235987755982988
1.568,0.5234777416415517,0.010329824363916381,0.5241145386970985,0.10526586699806706,-0.13560277617607394,-0.07310846881683511,0.0,False,False,0.5235987755982988
1.569,0.5234815247988416,0.0037831572898991642,0.5220965202537547,-0.10706256403611013,0.15551567304512537,-0.13560277617607394,0.0,False,False,0.5235987755982988
1.57,0.5234773910829362,-0.004133715905321777,0.5234993200203114,0.04392366902316702,-0.050918202424027115,0.15551567304512537,0.0,False,False,0.5235987755982988
1.571,0.5234822724381084,0.004881355172137678,0.5232903422495889,0.018633525048601832,-0.01680842978154416,-0.050918202424027115,0.0,False,False,0.5235987755982988
1.572,0.5234831523524236,0.0008799143151365339,0.5237811749017623,0.06585343776108393,-0.08230731277564429,-0.01680842978154416,0.0,False,False,0.5235987755982988
1.573,0.5234829245214844,-0.00022783093926863037,0.5234716333162563,0.028313935434375416,-0.031688161444486045,-0.08230731277564429,0.0,False,False,0.5235987755982988
1.574,0.5234786505825555,-0.004273938928861272,0.5222101459105842,-0.10066619867627336,0.1457947727903905,-0.031688161444486045,0.0,False,False,0.5235987755982988
1.575,0.5234740723455027,-0.004578237052800684,0.5223724298601526,-0.0743711838518051,0.11131964390879724,0.1457947727903905,0.0,False,False,0.5235987755982988
1.576,0.5234781521332984,0.004079787795720525,0.5235038290468818,0.046205853206286326,-0.05373798592203645,0.11131964390879724,0.0,False,False,0.5235987755982988
1.577,0.5234865743465876,0.008422213289254878,0.5243843550631504,0.12963786951252226,-0.1697058737823552,-0.05373798592203645,0.0,False,False,0.5235987755982988
1.578,0.5234898887775612,0.0033144309736212532,0.5215576457835223,-0.16599684540154358,0.23593655114783027,-0.1697058737823552,0.0,False,False,0.5235987755982988
1.579,0.5234837193315637,-0.0061694459974967805,0.5237854226880235,0.07338052958873734,-0.09141628312152962,0.23593655114783027,0.0,False,False,0.5235987755982988
1.58,0.5234911656708309,0.007446339267145361,0.5245293067131532,0.140430879142834,-0.18526661503878028,-0.09141628312152962,0.0,False,False,0.5235987755982988
1.581,0.5234918753105505,0.0007096397197079657,0.5233583350415232,0.009290624065545622,-0.006820818856693334,-0.18526661503878028,0.0,False,False,0.5235987755982988
1.582,0.5234831059783401,-0.008769332210384624,0.5239632482337577,0.06885288088244568,-0.08918396449719523,-0.006820818856693334,0.0,False,False,0.5235987755982988
1.583,0.5234765049181913,-0.006601060148812734,0.5228629614016594,-0.04806109041562737,0.07091796403826155,-0.08918396449719523,0.0,False,False,0.5235987755982988
1.584,0.5234673824744921,-0.009122443699215733,0.5233632158148435,0.006770459944337386,-0.003884475831008519,0.07091796403826155,0.0,False,False,0.5235987755982988
1.585,0.5234644039292969,-0.0029785451951013257,0.5220498900400689,-0.1252391635275573,0.17816693628120805,-0.003884475831008519,0.0,False,False,0.5235987755982988
1.586,0.5234621300899234,-0.0022738393735455375,0.5214163046134731,-0.17607378983437663,0.2505730255281148,0.17816693628120805,0.0,False,False,0.5235987755982988
1.587,0.5234694529205169,0.007322830593527171,0.5242921712858462,0.12912025638636607,-0.16742543003949137,0.2505730255281148,0.0,False,False,0.5235987755982988
1.588,0.5234871714381746,0.01771851765764606,0.5226276012079628,-0.05024877704060479,0.07777967147477383,-0.16742543003949137,0.0,False,False,0.5235987755982988
1.589,0.5234921915565985,0.005020118423977633,0.5230946685201073,0.0014828318779076949,0.007294529153957491,0.07777967147477383,0.0,False,False,0.5235987755982988
1.59,0.5234996053940623,0.007413837463754649,0.5222897062836456,-0.07916167495605898,0.11855725761102917,0.007294529153957491,0.0,False,False,0.5235987755982988
1.591,0.5235052267222019,0.005621328139601605,0.5222747960385928,-0.07273653196572659,0.11111547043357953,0.11855725761102917,0.0,False,False,0.5235987755982988
1.592,0.5235151100772474,0.009883355045443493,0.5233634080657101,0.043398323942575756,-0.04784137314449464,0.11111547043357953,0.0,False,False,0.5235987755982988
1.593,0.5235277645640584,0.012654486811007917,0.5228910883548019,-0.008173479542503803,0.022546545833948793,-0.04784137314449464,0.0,False,False,0.5235987755982988
1.594,0.5235346168125641,0.006852248505703944,0.5238644587321669,0.0899809061482467,-0.11275938378752184,0.022546545833948793,0.0,False,False,0.5235987755982988
1.595,0.5235405901334017,0.005973320837582644,0.5239355044035499,0.08808738267171615,-0.11176597770057811,-0.11275938378752184,0.0,False,False,0.5235987755982988
1.596,0.5235391610434612,-0.001429089940500808,0.5238191551800724,0.0676437220567971,-0.08513929894008071,-0.11176597770057811,0.0,False,False,0.5235987755982988
1.597,0.5235325773698077,-0.006583673653416413,0.5237407958397859,0.05304341582247359,-0.06620846333373662,-0.08513929894008071,0.0,False,False,0.5235987755982988
1.598,0.523523669788435,-0.008907581372777718,0.5249005322889021,0.16371271915184177,-0.21988688341306922,-0.06620846333373662,0.0,False,False,0.5235987755982988
1.599,0.5235139959734295,-0.009673815005503371,0.5225823446562491,-0.08447731602864361,0.11966853619126745,-0.21988688341306922,0.0,False,False,0.5235987755982988
1.6,0.5234960616767266,-0.01793429670297473,0.5234481219622574,0.01054814617505491,-0.009946009961320928,0.11966853619126745,0.0,False,False,0.5235987755982988
1.601,0.5234884707110151,-0.007590965711497465,0.5244769290496096,0.11237404029276954,-0.1506556104749181,-0.009946009961320928,0.0,False,False,0.5235987755982988
1.602,0.5234825866993581,-0.005884011656964894,0.5245861058591326,0.11205431721578632,-0.15223712535395112,-0.1506556104749181,0.0,False,False,0.5235987755982988
1.603,0.5234709094218021,-0.011677277556067286,0.5222301865784904,-0.1347430425700083,0.1863262534405613,-0.15223712535395112,0.0,False,False,0.5235987755982988
1.604,0.5234548198057044,-0.016089616097693403,0.5231822382610336,-0.0260635700586877,0.03877395614119903,0.1863262534405613,0.0,False,False,0.5235987755982988
1.605,0.5234521100667793,-0.002709738925089848,0.5246372943049631,0.12204839134012917,-0.16515140632811187,0.03877395614119903,0.0,False,False,0.5235987755982988
1.606,0.5234521578483592,4.778157986615964e-05,0.5238955405106747,0.03566817277727381,-0.04814357575549381,-0.16515140632811187,0.0,False,False,0.5235987755982988
1.607,0.5234439335340496,-0.008224314309546524,0.523614332674387,0.003980571870775308,-0.005056713614516803,-0.04814357575549381,0.0,False,False,0.5235987755982988
1.608,0.5234356719648678,-0.0082615691818104,0.5232457062332864,-0.033280129426360563,0.04629140388185674,-0.005056713614516803,0.0,False,False,0.5235987755982988
1.609,0.5234295371068948,-0.0061348579730921265,0.5230946076156047,-0.04506197825189448,0.06314939759076804,0.04629140388185674,0.0,False,False,0.5235987755982988
1.61,0.5234275261851348,-0.002010921760035596,0.5236790447660318,0.017887934616005796,-0.02291036655840024,0.06314939759076804,0.0,False,False,0.5235987755982988
1.611,0.5234292820287121,0.0017558435773525481,0.5232090440573212,-0.030900929716656384,0.044096283397585465,-0.02291036655840024,0.0,False,False,0.5235987755982988
1.612,0.5234293599266653,7.789795323950486e-05,0.523392203070256,-0.009494935451504379,0.015112228046575513,0.044096283397585465,0.0,False,False,0.5235987755982988
1.613,0.5234316189579288,0.002259031263506221,0.5235002092684046,0.0022551779085007526,-0.0009320195521044898,0.015112228046575513,0.0,False,False,0.5235987755982988
1.614,0.5234339497225428,0.002330764614022825,0.5228422206857306,-0.06376919814974559,0.09014102620592244,-0.0009320195521044898,0.0,False,False,0.5235987755982988
1.615,0.5234355284820829,0.0015787595401143928,0.5238998989631232,0.04837554940448491,-0.06347087985222022,0.09014102620592244,0.0,False,False,0.5235987755982988
1.616,0.5234411353313445,0.005606849261697288,0.5259842935475182,0.25197745290353857,-0.345312266570195,-0.06347087985222022,0.0,False,False,0.5235987755982988
1.617,0.5234419068771665,0.0007715458220611459,0.5218911934961571,-0.182530297522925,0.24977283486606103,-0.345312266570195,0.0,False,False,0.5235987755982988
1.618,0.5234251783744839,-0.01672850268264631,0.5237079326427245,0.017396646886111117,-0.02284080306299615,0.24977283486606103,0.0,False,False,0.5235987755982988
1.619,0.5234251088931476,-6.948133624766484e-05,0.5227617178937762,-0.07896449269732927,0.10982442991820159,-0.02284080306299615,0.0,False,False,0.5235987755982988
1.62,0.5234239184939006,-0.0011903992470357764,0.5239277972982612,0.04553989702090239,-0.060570267024406176,0.10982442991820159,0.0,False,False,0.5235987755982988
1.621,0.5234285807764033,0.004662282502784806,0.5234692098364523,-0.0048728388620813134,0.008179590347735088,-0.060570267024406176,0.0,False,False,0.5235987755982988
1.622,0.5234288220086706,0.00024123226722090087,0.5240936657201245,0.05806003339134828,-0.07858006226248028,0.008179590347735088,0.0,False,False,0.5235987755982988
1.623,0.5234293988893552,0.0005768806846760232,0.5244552218963014,0.08840964766990814,-0.12150761056793716,-0.07858006226248028,0.0,False,False,0.5235987755982988
1.624,0.5234258714431779,-0.0035274461773347563,0.523593790545949,-0.006574452132326394,0.007979073501088146,-0.12150761056793716,0.0,False,False,0.5235987755982988
1.625,0.5234173301220524,-0.008541321125473504,0.5244052321089305,0.07522714937905808,-0.10478879644624056,0.007979073501088146,0.0,False,False,0.5235987755982988
1.6260000000000001,0.5234116391186269,-0.005691003425521123,0.5213658532739178,-0.2362334490601184,0.32367274071099994,-0.10478879644624056,0.0,False,False,0.5235987755982988
1.627,0.5234023941060886,-0.009245012538334218,0.5247903255658158,0.12983712503569514,-0.17725244945814062,0.32367274071099994,0.0,False,False,0.5235987755982988
1.6280000000000001,0.5234119612111807,0.00956710509217457,0.5237392646836876,0.011747324319300465,-0.01662559272015847,-0.17725244945814062,0.0,False,False,0.5235987755982988
1.629,0.5234099578728463,-0.002003338334470757,0.5243505536417712,0.07170148769573041,-0.0995737900173792,-0.01662559272015847,0.0,False,False,0.5235987755982988
1.6300000000000001,0.5234077302677321,-0.0022276051141675826,0.522343187857097,-0.13620523954126235,0.18604686679114765,-0.0995737900173792,0.0,False,False,0.5235987755982988
1.631,0.523401198415247,-0.006531852485080697,0.5226762149272262,-0.08928200857421953,0.12374450236837128,0.18604686679114765,0.0,False,False,0.5235987755982988
1.6320000000000001,0.5234058877682123,0.004689352965296625,0.5235332429550908,0.005348995069671653,-0.005239206505862592,0.12374450236837128,0.0,False,False,0.5235987755982988
1.633,0.5234153640081911,0.009476239978807326,0.5234004956448647,-0.008460635459912179,0.013721801713709006,-0.005239206505862592,0.0,False,False,0.5235987755982988
1.6340000000000001,0.5234218927377584,0.006528729567315058,0.5236689166812457,0.01922753172418183,-0.02433557756206231,0.013721801713709006,0.0,False,False,0.5235987755982988
1.635,0.5234271895514785,0.005296813720065061,0.5243736075687797,0.08777386730516348,-0.11927561623485226,-0.02433557756206231,0.0,False,False,0.5235987755982988
1.6360000000000001,0.5234296954935378,0.0025059420593092426,0.5218892501672814,-0.16943925957518552,0.23409856924853642,-0.11927561623485226,0.0,False,False,0.5235987755982988
1.637,0.5234254797580195,-0.0042157355183905995,0.5242752972140285,0.08610937105704936,-0.11550863435159438,0.23409856924853642,0.0,False,False,0.5235987755982988
1.6380000000000001,0.523434232130613,0.008752372593522413,0.523441459460469,-0.005885341404605213,0.009894100166462045,-0.11550863435159438,0.0,False,False,0.5235987755982988
1.639,0.5234347040504834,0.00047191987035608354,0.5232568708288602,-0.023755670425030875,0.03466109035993235,0.009894100166462045,0.0,False,False,0.5235987755982988
1.6400000000000001,0.5234355272379908,0.0008231875073661355,0.5221517370121775,-0.1318934850507924,0.1843188766111338,0.03466109035993235,0.0,False,False,0.5235987755982988
1.641,0.5234378333703752,0.002306132384404342,0.5238768261484227,0.05380477707880073,-0.06957064239679044,0.1843188766111338,0.0,False,False,0.5235987755982988
1.6420000000000001,0.5234486574322712,0.01082406189603368,0.5213419509073344,-0.20506322473791008,0.2866987141228521,-0.06957064239679044,0.0,False,False,0.5235987755982988
1.643,0.5234529962770528,0.004338844781616364,0.5240188267943692,0.08313068643936106,-0.10731774525649973,0.2866987141228521,0.0,False,False,0.5235987755982988
1.6440000000000001,0.5234703710917998,0.017374814747100446,0.5221682631109386,-0.11023875054763674,0.15803572542964872,-0.10731774525649973,0.0,False,False,0.5235987755982988
1.645,0.5234781061174251,0.0077350256252354446,0.5235247569467459,0.036434508087865095,-0.04238907397748634,0.15803572542964872,0.0,False,False,0.5235987755982988
1.6460000000000001,0.523491500652249,0.013394534823919696,0.5233875062233917,0.019065984943654284,-0.019076333184056993,-0.04238907397748634,0.0,False,False,0.5235987755982988
1.647,0.5234992133546054,0.007712702356312916,0.524519827924503,0.13039155656042156,-0.1730488097441816,-0.019076333184056993,0.0,False,False,0.5235987755982988
1.6480000000000001,0.5235037358422074,0.0045224876020649426,0.5233478297959575,0.0001525880498279425,0.004333918782349994,-0.1730488097441816,0.0,False,False,0.5235987755982988
1.649,0.5234982537142084,-0.00548212799899453,0.5228925035463561,-0.04539529571529772,0.0671872517933265,0.004333918782349994,0.0,False,False,0.5235987755982988
1.6500000000000001,0.5234946148608319,-0.003638853376529287,0.5230525206086231,-0.02485405991706979,0.03965746171464732,0.0671872517933265,0.0,False,False,0.5235987755982988
1.651,0.5234954296931181,0.0008148322861682641,0.5246062294584517,0.13300223105750106,-0.1777368467517532,0.03965746171464732,0.0,False,False,0.5235987755982988
1.6520000000000001,0.5234979798246376,0.002550131519475927,0.5239659872186713,0.05567778397370789,-0.07342314993515363,-0.1777368467517532,0.0,False,False,0.5235987755982988
1.653,0.523490871993037,-0.007107831600630041,0.5231543463494378,-0.03105408134700942,0.045264624095909506,-0.07342314993515363,0.0,False,False,0.5235987755982988
1.6540000000000001,0.5234821683255034,-0.008703667533529035,0.5232758298988567,-0.015800318270420773,0.024773404514463342,0.045264624095909506,0.0,False,False,0.5235987755982988
1.655,0.5234782205679169,-0.003947757586465814,0.5221106005582898,-0.1307432205000629,0.18367901532023706,0.024773404514463342,0.0,False,False,0.5235987755982988
1.6560000000000001,0.5234766964536112,-0.0015241143058134757,0.5238157041468068,0.05284146040163766,-0.06731446635510858,0.18367901532023706,0.0,False,False,0.5235987755982988
1.657,0.523484818737771,0.00812228415978205,0.521949089821391,-0.13910411818010548,0.19661928580046747,-0.06731446635510858,0.0,False,False,0.5235987755982988
1.6580000000000001,0.5234872317995223,0.0024130617512932093,0.5241432979812065,0.09422710961945749,-0.12287393443568753,0.19661928580046747,0.0,False,False,0.5235987755982988
1.659,0.5234987457471912,0.011513947668970695,0.5236109892610978,0.03157352664664413,-0.038108077906355335,-0.12287393443568753,0.0,False,False,0.5235987755982988
1.6600000000000001,0.5235009527553326,0.0022070081413226427,0.525583961154781,0.22571336335029696,-0.30658937603703584,-0.038108077906355335,0.0,False,False,0.5235987755982988
1.661,0.523500586103598,-0.00036665173467888106,0.5225405367220609,-0.10120041625674256,0.14048879928037333,-0.30658937603703584,0.0,False,False,0.5235987755982988
1.6620000000000001,0.5234850014328678,-0.015584670730100445,0.5233954118575858,-0.005592861078583686,0.010371980627135475,0.14048879928037333,0.0,False,False,0.5235987755982988
1.663,0.5234804171401193,-0.004584292748557419,0.5250497192040806,0.1603971596787601,-0.21859357651858444,0.010371980627135475,0.0,False,False,0.5235987755982988
1.6640000000000001,0.5234777214814578,-0.0026956586614680566,0.5245174050763196,0.09112603093478387,-0.12588656772611495,-0.21859357651858444,0.0,False,False,0.5235987755982988
1.665,0.5234649107624766,-0.012810718981135779,0.5228573511328699,-0.08399196650366468,0.11413600018211796,-0.12588656772611495,0.0,False,False,0.5235987755982988
1.666,0.5234492485441685,-0.015662218308064,0.5236446969962856,0.003141816488268487,-0.004596764949683845,0.11413600018211796,0.0,False,False,0.5235987755982988
1.667,0.5234432827067408,-0.005965837427707697,0.523445027474359,-0.017139317353221006,0.02333464705478282,-0.004596764949683845,0.0,False,False,0.5235987755982988
1.668,0.5234388493864001,-0.004433320340748556,0.5236849022979673,0.008562096742933234,-0.011824796685552053,0.02333464705478282,0.0,False,False,0.5235987755982988
1.669,0.5234369091641022,-0.0019402222977950414,0.522827195462742,-0.07806479645388367,0.10756619818468248,-0.011824796685552053,0.0,False,False,0.5235987755982988
1.67,0.5234349657104229,-0.0019434536793705287,0.5233570189546062,-0.017275967622080793,0.02508278073296441,0.10756619818468248,0.0,False,False,0.5235987755982988
1.671,0.5234389895483641,0.004023837941176689,0.5220444257699693,-0.14680768932355612,0.2041475240981978,0.02508278073296441,0.0,False,False,0.5235987755982988
1.672,0.5234430603069027,0.004070758538584822,0.5235609777634906,0.019528278960929263,-0.022753573726568,0.2041475240981978,0.0,False,False,0.5235987755982988
1.673,0.5234561175204123,0.013057213509678315,0.523848834643075,0.046361139023268834,-0.06013442963389334,-0.022753573726568,0.0,False,False,0.5235987755982988
1.674,0.5234645432707539,0.008425750341543248,0.5232660823940745,-0.016550199779108696,0.025848717410968818,-0.06013442963389334,0.0,False,False,0.5235987755982988
1.675,0.5234675405093647,0.0029972386108182035,0.5220581427279661,-0.13568914641203045,0.19055836736042478,0.025848717410968818,0.0,False,False,0.5235987755982988
1.676,0.52347092569476,0.0033851853952752663,0.5243335824831415,0.10542374374671377,-0.1397350164232257,0.19055836736042478,0.0,False,False,0.5235987755982988
1.677,0.5234828192904178,0.011893595657907102,0.5238009273963644,0.041615860694329015,-0.05357776519837557,-0.1397350164232257,0.0,False,False,0.5235987755982988
1.678,0.5234844790428298,0.00165975241195729,0.5228509113491263,-0.057547330098913885,0.0825183526038017,-0.05357776519837557,0.0,False,False,0.5235987755982988
1.679,0.5234829564821708,-0.0015225606589402778,0.5232380863981763,-0.013075092184027692,0.022182516223039215,0.0825183526038017,0.0,False,False,0.5235987755982988
1.68,0.5234860218172266,0.0030653350557552713,0.5221764407141026,-0.117932151372988,0.16712060956311695,0.022182516223039215,0.0,False,False,0.5235987755982988
1.681,0.5234892715499,0.0032497326734118553,0.522594432404249,-0.06433976722105567,0.0952858981581641,0.16712060956311695,0.0,False,False,0.5235987755982988
1.682,0.5234998978845802,0.010626334680173514,0.5230305689471544,-0.014292136208408239,0.027378283170689657,0.0952858981581641,0.0,False,False,0.5235987755982988
1.683,0.5235123276870367,0.012429802456537001,0.5245843270757523,0.1425128902722252,-0.18875539492083312,0.027378283170689657,0.0,False,False,0.5235987755982988
1.684,0.5235227636963248,0.010436009288034561,0.522964691708892,-0.03370193544102454,0.05185583253855145,-0.18875539492083312,0.0,False,False,0.5235987755982988
1.685,0.5235208456613107,-0.0019180350140047785,0.5240795374748871,0.0811528347025855,-0.10603711542169196,0.05185583253855145,0.0,False,False,0.5235987755982988
1.686,0.5235221017429887,0.0012560816780169937,0.5230523322351504,-0.029682972741349165,0.04545554782629133,-0.10603711542169196,0.0,False,False,0.5235987755982988
1.687,0.5235176746147281,-0.004427128260671738,0.5237340496801858,0.04145706903632809,-0.052183416317558996,0.04545554782629133,0.0,False,False,0.5235987755982988
1.688,0.5235168448354043,-0.0008297793237971615,0.5233934539824083,0.0032517923549506902,-0.00020636173991208338,-0.052183416317558996,0.0,False,False,0.5235987755982988
1.689,0.5235136579954446,-0.0031868399597265074,0.5242755436068389,0.09113557556251492,-0.12154451482873983,-0.00020636173991208338,0.0,False,False,0.5235987755982988
1.69,0.523511421626739,-0.0022363687055408227,0.5230447106902935,-0.0410612736482831,0.059246696722036175,-0.12154451482873983,0.0,False,False,0.5235987755982988
1.691,0.5235037851060801,-0.007636520658940766,0.5221314953289218,-0.12827668242062254,0.18034306375353368,0.059246696722036175,0.0,False,False,0.5235987755982988
1.692,0.5235013272196736,-0.002457886406558087,0.5222953491850715,-0.09906362856359047,0.14233802971440063,0.18034306375353368,0.0,False,False,0.5235987755982988
1.693,0.5235086299940626,0.007302774389037838,0.5230444793197347,-0.014244252240904712,0.02707043570323892,0.14233802971440063,0.0,False,False,0.5235987755982988
1.694,0.5235209220650195,0.012292070956955854,0.5224309116128597,-0.07417659770431823,0.11003346898308586,0.02707043570323892,0.0,False,False,0.5235987755982988
1.695,0.5235312343322698,0.01031226725018522,0.5238892118475124,0.07907108553137898,-0.10011315512349857,0.11003346898308586,0.0,False,False,0.5235987755982988
1.696,0.5235441611800649,0.012926847795102666,0.5231377017786776,-0.003987029905237097,0.013083764639466804,-0.10011315512349857,0.0,False,False,0.5235987755982988
1.697,0.5235486154474812,0.004454267416316925,0.5256208505843505,0.24472655365257734,-0.33006921413202284,0.013083764639466804,0.0,False,False,0.5235987755982988
1.698,0.5235523914698329,0.003776022351698429,0.5220359494125777,-0.13823621888995952,0.19401433401093163,-0.33006921413202284,0.0,False,False,0.5235987755982988
1.699,0.5235385293914531,-0.013862078379799797,0.5237162328631925,0.043615748060513646,-0.054453128440702075,0.19401433401093163,0.0,False,False,0.5235987755982988
1.7,0.5235380233119586,-0.0005060794944747385,0.5225536986085587,-0.07699925220891282,0.11121048846601721,-0.054453128440702075,0.0,False,False,0.5235987755982988
1.701,0.5235349483918129,-0.003074920145714004,0.5231043744956414,-0.014231738279753006,0.025977305783537092,0.11121048846601721,0.0,False,False,0.5235987755982988
1.702,0.5235383615714422,0.0034131796292864764,0.5236617733432536,0.04293132030944122,-0.052651543780515384,0.025977305783537092,0.0,False,False,0.5235987755982988
1.703,0.5235420458360063,0.00368426456408188,0.5215127764948471,-0.17626149656215542,0.24906177973671803,-0.052651543780515384,0.0,False,False,0.5235987755982988
1.704,0.5235419898419209,-5.59940853139154e-05,0.5237486596165541,0.06495296526476835,-0.08064147064631796,0.24906177973671803,0.0,False,False,0.5235987755982988
1.705,0.5235544039589805,0.012414117059567463,0.5252150039878531,0.2050921058681915,-0.27520263805380774,-0.08064147064631796,0.0,False,False,0.5235987755982988
1.706,0.5235594266302811,0.00502267130067228,0.5231637270672225,-0.020544796781694963,0.03248462969740813,-0.27520263805380774,0.0,False,False,0.5235987755982988
1.707,0.523549193175389,-0.01023345489217122,0.5237759183015792,0.04272880633214855,-0.054463136257625416,0.03248462969740813,0.0,False,False,0.5235987755982988
1.708,0.523543452370774,-0.005740804614894681,0.5244378652767817,0.10465062321918356,-0.1406843620757124,-0.054463136257625416,0.0,False,False,0.5235987755982988
1.709,0.5235366878227994,-0.006764547974680694,0.5233936114030174,-0.010239826479162578,0.015980747290059973,-0.1406843620757124,0.0,False,False,0.5235987755982988
1.71,0.523524871478747,-0.011816344052378382,0.523017888073103,-0.046788176822688675,0.06660178764075092,0.015980747290059973,0.0,False,False,0.5235987755982988
1.711,0.5235170843359983,-0.007787142748751328,0.5215311296783763,-0.19078519861308704,0.26615986489430904,0.06660178764075092,0.0,False,False,0.5235987755982988
1.712,0.5235148832665378,-0.002201069460454565,0.5240742531929463,0.08260567270521943,-0.10768540394991831,0.26615986489430904,0.0,False,False,0.5235987755982988
1.713,0.5235266566624065,0.011773395868629428,0.5234278985944557,0.009709645585636903,-0.008575788633588372,-0.10768540394991831,0.0,False,False,0.5235987755982988
1.714,0.5235298250650869,0.003168402680396082,0.5226460916906619,-0.06944200935230813,0.10047872156023431,-0.008575788633588372,0.0,False,False,0.5235987755982988
1.715,0.5235316093566188,0.001784291531898713,0.5236420858274458,0.037101605261308866,-0.0453015104382156,0.10047872156023431,0.0,False,False,0.5235987755982988
1.716,0.5235378765752567,0.006267218637946503,0.5230285193749826,-0.02796520051113524,0.04382285263305371,-0.0453015104382156,0.0,False,False,0.5235987755982988
1.717,0.5235400327000941,0.0021561248373730144,0.523078893908017,-0.02013122715658586,0.033515343012976,0.04382285263305371,0.0,False,False,0.5235987755982988
1.718,0.5235437269999059,0.0036942998117932713,0.524072815844897,0.08127408924706982,-0.10606163153525029,0.033515343012976,0.0,False,False,0.5235987755982988
1.719,0.5235479864348538,0.004259434947848188,0.5223800274484347,-0.09613215932386239,0.1372960578861889,-0.10606163153525029,0.0,False,False,0.5235987755982988
1.72,0.5235456668953141,-0.0023195395396407937,0.5244596218977368,0.12144050153872958,-0.1612238352363585,0.1372960578861889,0.0,False,False,0.5235987755982988
1.721,0.5235509141954504,0.005247300136309063,0.5223312029226512,-0.10354544612369664,0.14707084351009253,-0.1612238352363585,0.0,False,False,0.5235987755982988
1.722,0.5235465402770061,-0.004373918444332952,0.522968224200336,-0.029488773742854593,0.046736453654757065,0.14707084351009253,0.0,False,False,0.5235987755982988
1.723,0.5235508290450228,0.0042887680166797185,0.5252289161662806,0.19952930022590026,-0.26877769049475325,0.046736453654757065,0.0,False,False,0.5235987755982988
1.724,0.5235561702155241,0.005341170501298468,0.524539972836959,0.11068203727114241,-0.14975999502125362,-0.26877769049475325,0.0,False,False,0.5235987755982988
1.725,0.5235464858227918,-0.00968439273232665,0.5236316613743986,0.008782687287996346,-0.011131168715392619,-0.14975999502125362,0.0,False,False,0.5235987755982988
1.726,0.5235320498675101,-0.014435955281690577,0.5227112824187607,-0.08413347700459343,0.11693504963719735,-0.011131168715392619,0.0,False,False,0.5235987755982988
1.727,0.5235208232274795,-0.011226640030577698,0.5230589460079026,-0.04095377038994965,0.0588614570950716,0.11693504963719735,0.0,False,False,0.5235987755982988
1.728,0.5235185420368178,-0.0022811906616634764,0.5235824868118155,0.015495687040337824,-0.01830162629170602,0.0588614570950716,0.0,False,False,0.5235987755982988
1.729,0.5235198944486021,0.0013524117843417183,0.523552639646118,0.01096140176655019,-0.012323234980605164,-0.01830162629170602,0.0,False,False,0.5235987755982988
1.73,0.5235199212631567,2.6814554599009516e-05,0.5234406214173407,-0.0013365612878314687,0.0044506488026436215,-0.012323234980605164,0.0,False,False,0.5235987755982988
1.731,0.5235193237643425,-0.0005974988142092985,0.5234924173199706,0.003976685103945316,-0.0028575731148273746,0.0044506488026436215,0.0,False,False,0.5235987755982988
1.732,0.5235191303842995,-0.0001933800430172872,0.5233320528093656,-0.01245743446695743,0.019749931561147398,-0.0028575731148273746,0.0,False,False,0.5235987755982988
1.733,0.523518852911326,-0.00027747297351613225,0.5222604890772929,-0.1183680642275239,0.16613083445113436,0.019749931561147398,0.0,False,False,0.5235987755982988
1.734,0.5235196472813742,0.000794370048153461,0.523068906627743,-0.025689502759769056,0.04036504478172811,0.16613083445113436,0.0,False,False,0.5235987755982988
1.735,0.5235285068298878,0.008859548513640554,0.5243266668878883,0.10265547353074246,-0.13628861144950194,0.04036504478172811,0.0,False,False,0.5235987755982988
1.736,0.5235368525361539,0.008345706266029363,0.5223427555981424,-0.10600120279692717,0.14980980335912877,-0.13628861144950194,0.0,False,False,0.5235987755982988
1.737,0.5235359825830639,-0.0008699530900042711,0.5233705641934807,0.007379777016600836,-0.004747927133195173,0.14980980335912877,0.0,False,False,0.5235987755982988
1.738,0.5235428674214065,0.0068848383426679755,0.5228274971657461,-0.047664903458524845,0.07108089593617944,-0.004747927133195173,0.0,False,False,0.5235987755982988
1.739,0.5235474997692795,0.004632347872943143,0.5236446713501048,0.038819005323205834,-0.04740892992035544,0.07108089593617944,0.0,False,False,0.5235987755982988
1.74,0.5235543022572398,0.006802487960300479,0.523215155827634,-0.008014447456198323,0.016522492819404593,-0.04740892992035544,0.0,False,False,0.5235987755982988
1.741,0.5235567415580661,0.002439300826383343,0.5248460107481618,0.15587248934220505,-0.2094972199081805,0.016522492819404593,0.0,False,False,0.5235987755982988
1.742,0.5235592690431957,0.002527485129591744,0.5240013462419836,0.05581878979015846,-0.07422881933451589,-0.2094972199081805,0.0,False,False,0.5235987755982988
1.743,0.5235505573227384,-0.0087117204573724,0.5224057931036935,-0.10931840301786469,0.1526557685243332,-0.07422881933451589,0.0,False,False,0.5235987755982988
1.744,0.5235406288824097,-0.009928440328683183,0.5241263858241234,0.07367270932691207,-0.09790423525713715,0.1526557685243332,0.0,False,False,0.5235987755982988
1.745,0.5235411287359399,0.0004998535302881829,0.522865117463517,-0.05982139766641513,0.08499152362576996,-0.09790423525713715,0.0,False,False,0.5235987755982988
1.746,0.523536581453449,-0.004547282491030401,0.523033057130819,-0.03704529116957389,0.05463728181812453,0.08499152362576996,0.0,False,False,0.5235987755982988
1.747,0.5235376430902011,0.0010616367521356978,0.5238115018480137,0.04450370966685166,-0.0572335240950904,0.05463728181812453,0.0,False,False,0.5235987755982988
1.748,0.5235411141522702,0.0034710620690513033,0.5231119835741463,-0.02989848868657182,0.04464044285863067,-0.0572335240950904,0.0,False,False,0.5235987755982988
1.749,0.523540678665892,-0.0004354863781769929,0.524319842352913,0.09387723805874662,-0.12563188725355048,0.04464044285863067,0.0,False,False,0.5235987755982988
1.75,0.5235426075688724,0.0019289029803131858,0.5228667200357108,-0.06082271746734624,0.08616426108740023,-0.12563188725355048,0.0,False,False,0.5235987755982988
1.7510000000000001,0.5235376702785347,-0.004937290337690222,0.5229975375167053,-0.0416586976211589,0.06081272261407392,0.08616426108740023,0.0,False,False,0.5235987755982988
1.752,0.5235385127644501,0.0008424859154057282,0.5229657211041164,-0.04067446911792999,0.06020434383679889,0.06081272261407392,0.0,False,False,0.5235987755982988
1.7530000000000001,0.5235421399201673,0.003627155717236519,0.5230485269933846,-0.02832643327932472,0.04389619482364636,0.06020434383679889,0.0,False,False,0.5235987755982988
1.754,0.5235476864127965,0.00554649262920113,0.5245069120005178,0.12034471076193222,-0.16076010815426037,0.04389619482364636,0.0,False,False,0.5235987755982988
1.7550000000000001,0.5235537829662203,0.006096553423870919,0.5241025112486122,0.06787016449517697,-0.0905114390998529,-0.16076010815426037,0.0,False,False,0.5235987755982988
1.756,0.5235500427818987,-0.0037401843216751367,0.5250422503830027,0.1550570614847086,-0.21205101990631975,-0.0905114390998529,0.0,False,False,0.5235987755982988
1.7570000000000001,0.5235429011417426,-0.00714164015603192,0.525521794022833,0.18750571931927595,-0.25962119482474744,-0.21205101990631975,0.0,False,False,0.5235987755982988
1.758,0.5235272413643677,-0.015659777374890955,0.5226277710711875,-0.1206471477772052,0.16225465882064957,-0.25962119482474744,0.0,False,False,0.5235987755982988
1.7590000000000001,0.5235025896797217,-0.024651684645918194,0.5235640419611338,-0.014955344004854682,0.018571618274795552,0.16225465882064957,0.0,False,False,0.5235987755982988
1.76,0.5234912092984235,-0.011380381298221647,0.5224647808890022,-0.12338591681753439,0.16847500494838094,0.018571618274795552,0.0,False,False,0.5235987755982988
1.7610000000000001,0.5234838908506267,-0.0073184477968050755,0.5228053016645151,-0.0769952475844867,0.10667682790949075,0.16847500494838094,0.0,False,False,0.5235987755982988
1.762,0.5234871279464626,0.003237095835790264,0.522937277228303,-0.05609816644725242,0.0792247703966282,0.10667682790949075,0.0,False,False,0.5235987755982988
1.7630000000000001,0.5234947231988412,0.007595252378615351,0.5225721815359802,-0.08699791903480639,0.12287619596350322,0.0792247703966282,0.0,False,False,0.5235987755982988
1.764,0.5235040743009431,0.009351102101932615,0.5225861294873481,-0.076903331994537,0.11051162839055798,0.12287619596350322,0.0,False,False,0.5235987755982988
1.7650000000000001,0.5235169144778111,0.012840176867990447,0.5233910026045925,0.011274312929358696,-0.009789261628516415,0.11051162839055798,0.0,False,False,0.5235987755982988
1.766,0.5235318312805974,0.014916802786292982,0.5224700441570724,-0.08194896311558199,0.11865592168077327,-0.009789261628516415,0.0,False,False,0.5235987755982988
1.7670000000000001,0.5235424029890199,0.010571708422452905,0.5242772973968579,0.10697125717452398,-0.1405789009834925,0.11865592168077327,0.0,False,False,0.5235987755982988
1.768,0.5235559594124711,0.013556423451202762,0.5227550683649831,-0.0559487717304106,0.0823252562761758,-0.1405789009834925,0.0,False,False,0.5235987755982988
1.7690000000000001,0.523558892058558,0.002932646086817996,0.5260107035130605,0.27520962025036666,-0.3736662467661494,0.0823252562761758,0.0,False,False,0.5235987755982988
1.77,0.5235650556947782,0.006163636220207786,0.5231711484516964,-0.03626684791107179,0.05121750613212904,-0.3736662467661494,0.0,False,False,0.5235987755982988
1.7710000000000001,0.5235507186713944,-0.014337023383819012,0.5236135659199431,0.011601583704704571,-0.014188126235243048,0.05121750613212904,0.0,False,False,0.5235987755982988
1.772,0.5235426896017418,-0.0080290696526183,0.522412291171461,-0.10968604951397426,0.15297997909984906,-0.014188126235243048,0.0,False,False,0.5235987755982988
1.7730000000000001,0.5235362703936424,-0.006419208099378328,0.5250251163196656,0.16256507025788317,-0.22075221729406266,0.15297997909984906,0.0,False,False,0.5235987755982988
1.774,0.5235393881117283,0.0031177180858720337,0.5245163367546447,0.09543060673000149,-0.13103282889022783,-0.22075221729406266,0.0,False,False,0.5235987755982988
1.7750000000000001,0.5235305279359113,-0.008860175817054785,0.5237896359131998,0.013217461912513079,-0.019296439963233856,-0.13103282889022783,0.0,False,False,0.5235987755982988
1.776,0.5235176483712499,-0.012879564661376193,0.5223423414287272,-0.1328337327260054,0.18201629432349642,-0.019296439963233856,0.0,False,False,0.5235987755982988
1.7770000000000001,0.5235072611160374,-0.010387255212555613,0.5236911026480969,0.01532576248357273,-0.020052801876653314,0.18201629432349642,0.0,False,False,0.5235987755982988
1.778,0.5235088794727983,0.0016183567609116632,0.5225302462684441,-0.10229245173006422,0.14198447001346137,-0.020052801876653314,0.0,False,False,0.5235987755982988
1.7790000000000001,0.523509004265893,0.0001247930946808699,0.524785149974967,0.13342716409522365,-0.18146733569429474,0.14198447001346137,0.0,False,False,0.5235987755982988
1.78,0.5235161903458734,0.007186079980423978,0.5242223459639049,0.06380404657950005,-0.0877891224763102,-0.18146733569429474,0.0,False,False,0.5235987755982988
1.7810000000000001,0.5235122067097676,-0.003983636105760149,0.523595492982595,-0.005261656209443272,0.006373074534000589,-0.0877891224763102,0.0,False,False,0.5235987755982988
1.782,0.5235050290853211,-0.0071776244464970725,0.5213788902283648,-0.22639576601151792,0.31163285587263356,0.006373074534000589,0.0,False,False,0.5235987755982988
1.7830000000000001,0.5235002641943226,-0.004764890998517163,0.5226420718571065,-0.07743802653619342,0.11014629918489309,0.31163285587263356,0.0,False,False,0.5235987755982988
1.784,0.5235125030274994,0.012238833176784054,0.5241126878381824,0.07736737422501545,-0.10209126938792366,0.11014629918489309,0.0,False,False,0.5235987755982988
1.7850000000000001,0.5235269272656735,0.014424238174107658,0.5245853679588892,0.116898648873192,-0.15803704113845757,-0.10209126938792366,0.0,False,False,0.5235987755982988
1.786,0.5235324832868713,0.005556021197760625,0.5245004165455844,0.0967136426553949,-0.13228590823761505,-0.15803704113845757,0.0,False,False,0.5235987755982988
1.7870000000000001,0.523528490019772,-0.00399326709930202,0.5221391965885883,-0.14907971730975644,0.20516808294649672,-0.13228590823761505,0.0,False,False,0.5235987755982988
1.788,0.5235190807409396,-0.009409278832445273,0.523782234771983,0.030132072760692102,-0.03946075243914667,0.20516808294649672,0.0,False,False,0.5235987755982988
1.7890000000000001,0.5235225989479385,0.003518206998989323,0.524408803154525,0.08977570373881653,-0.12231134049865085,-0.03946075243914667,0.0,False,False,0.5235987755982988
1.79,0.5235230853361976,0.00048638825911556964,0.522075914550081,-0.15249072707946784,0.2104003713632829,-0.12231134049865085,0.0,False,False,0.5235987755982988
1.7910000000000001,0.5235173083241609,-0.005777012036744005,0.523510410333209,0.006207923941283167,-0.0058589339579230735,0.2104003713632829,0.0,False,False,0.5235987755982988
1.792,0.5235237608981241,0.006452573963282407,0.5237627334722261,0.030819445448867833,-0.03993457626933301,-0.0058589339579230735,0.0,False,False,0.5235987755982988
1.793,0.5235280234238933,0.004262525769130885,0.5232655568099448,-0.02198016532415183,0.03237413657935451,-0.03993457626933301,0.0,False,False,0.5235987755982988
1.794,0.5235290124291746,0.000989005281307275,0.5219126962963447,-0.15506820015174289,0.2164312676172649,0.03237413657935451,0.0,False,False,0.5235987755982988
1.795,0.5235313197252873,0.002307296112727576,0.5232470945058718,-0.006121559183860953,0.013676130684319198,0.2164312676172649,0.0,False,False,0.5235987755982988
1.796,0.5235437502212917,0.012430496004465079,0.5232581223504114,-0.004406618811520238,0.01141970103579851,0.013676130684319198,0.0,False,False,0.5235987755982988
1.797,0.5235535016691034,0.00975144781172621,0.5234242841195682,0.012650219985316515,-0.012039417365228846,0.01141970103579851,0.0,False,False,0.5235987755982988
1.798,0.5235610713708968,0.007569701793368477,0.5230693497901682,-0.024108234953218753,0.03845954649021413,-0.012039417365228846,0.0,False,False,0.5235987755982988
1.799,0.5235658404762252,0.004769105328442014,0.5231792394412046,-0.01070844635425477,0.020401786452801766,0.03845954649021413,0.0,False,False,0.5235987755982988
1.8,0.5235711092655306,0.0052687893054153175,0.5235364589974966,0.02608435391036837,-0.03017952587800158,0.020401786452801766,0.0,False,False,0.5235987755982988
1.801,0.5235758320104611,0.00472274493050938,0.5239619464928277,0.06602466805244268,-0.08576667776445077,-0.03017952587800158,0.0,False,False,0.5235987755982988
1.802,0.523577635824635,0.0018038141739019674,0.5233119733574831,-0.005575112287255497,0.011852575079388757,-0.08576667776445077,0.0,False,False,0.5235987755982988
1.803,0.5235746044079415,-0.0030314166936055093,0.523217118279077,-0.014503108899141918,0.024273562424962616,0.011852575079388757,0.0,False,False,0.5235987755982988
1.804,0.5235730802697941,-0.0015241381473421387,0.5236536743720468,0.030602811287749804,-0.0377115514727634,0.024273562424962616,0.0,False,False,0.5235987755982988
1.805,0.523573232264674,0.00015199487993746395,0.5218969168866306,-0.1481332183826401,0.20839331886919515,-0.0377115514727634,0.0,False,False,0.5235987755982988
1.806,0.5235714524764147,-0.0017797882593586928,0.5239877441573033,0.07576283052289068,-0.09791683068954979,0.20839331886919515,0.0,False,False,0.5235987755982988
1.807,0.523580632004745,0.009179528330371889,0.5235801406098048,0.02742619272075466,-0.032576001472014116,-0.09791683068954979,0.0,False,False,0.5235987755982988
1.808,0.5235823034758545,0.0016714711094873297,0.5236169426123973,0.028363773707927618,-0.03436353470328638,-0.032576001472014116,0.0,False,False,0.5235987755982988
1.809,0.5235818391838662,-0.00046429198828598986,0.5244202380290858,0.10585693800597916,-0.1418146493613402,-0.03436353470328638,0.0,False,False,0.5235987755982988
1.81,0.5235797978348912,-0.0020413489751323387,0.5218756448007201,-0.15918807863118306,0.22204204871383604,-0.1418146493613402,0.0,False,False,0.5235987755982988
1.811,0.5235712842057318,-0.008513629159287512,0.5218487892099108,-0.14595482984899302,0.20664555080977506,0.22204204871383604,0.0,False,False,0.5235987755982988
1.812,0.5235763169691291,0.005032763397251215,0.5238152558994049,0.06528732208531351,-0.08224143192228607,0.20664555080977506,0.0,False,False,0.5235987755982988
1.813,0.5235901831313287,0.01386616219955291,0.5235839725036097,0.03563025029725653,-0.04248984465230308,-0.08224143192228607,0.0,False,False,0.5235987755982988
1.814,0.523596281139374,0.00609800804534563,0.5237447885378579,0.04814882869235322,-0.06040682734288713,-0.04248984465230308,0.0,False,False,0.5235987755982988
1.815,0.5235984555188158,0.0021743794417918693,0.5231951735675973,-0.011627551202944654,0.02121789799616158,-0.06040682734288713,0.0,False,False,0.5235987755982988
1.816,0.5235969511035231,-0.0015044152926802388,0.5241767090541836,0.08768875257598024,-0.11562930529710178,0.02121789799616158,0.0,False,False,0.5235987755982988
1.817,0.5235969640760786,1.2972555483958944e-05,0.5244108450031879,0.1023334722188166,-0.1374174159505836,-0.11562930529710178,0.0,False,False,0.5235987755982988
1.818,0.5235911916397129,-0.005772436365692475,0.5240135458672533,0.05237021140347905,-0.07031011852535647,-0.1374174159505836,0.0,False,False,0.5235987755982988
1.819,0.5235802566173452,-0.010935022367698347,0.5233526408482422,-0.018957311637985932,0.02717919946660258,-0.07031011852535647,0.0,False,False,0.5235987755982988
1.82,0.5235688383168419,-0.011418300503326264,0.5217295323456812,-0.17937243073028503,0.2488932954234591,0.02717919946660258,0.0,False,False,0.5235987755982988
1.821,0.5235619208352736,-0.006917481568194664,0.5242332060630639,0.0889321840810127,-0.11813836926298665,0.2488932954234591,0.0,False,False,0.5235987755982988
1.822,0.5235694719568035,0.0075511215297857275,0.5246356313463783,0.12028149400434701,-0.16300119627064624,-0.11813836926298665,0.0,False,False,0.5235987755982988
1.823,0.5235689224563053,-0.0005495004982527208,0.5241314057818326,0.0578307881493466,-0.07898428908282391,-0.16300119627064624,0.0,False,False,0.5235987755982988
1.824,0.523560389902677,-0.008532553628323381,0.522792757072787,-0.08181716157014227,0.11268892734338248,-0.07898428908282391,0.0,False,False,0.5235987755982988
1.825,0.5235503572598043,-0.010032642872683704,0.5241383537923533,0.06092422654349637,-0.08282147934517628,0.11268892734338248,0.0,False,False,0.5235987755982988
1.826,0.5235487795925765,-0.0015776672277956361,0.5242997334283341,0.07096976748723079,-0.0977809619253127,-0.08282147934517628,0.0,False,False,0.5235987755982988
1.827,0.5235435394829393,-0.005240109637213147,0.5249038632808232,0.12428577598741096,-0.1726345094703315,-0.0977809619253127,0.0,False,False,0.5235987755982988
1.828,0.5235349683078578,-0.00857117508148196,0.522770418168499,-0.10148731284374624,0.13669520914889205,-0.1726345094703315,0.0,False,False,0.5235987755982988
1.829,0.5235202243888143,-0.014743919043561933,0.5233226054834877,-0.03611985006049773,0.048314882139196526,0.13669520914889205,0.0,False,False,0.5235987755982988
1.83,0.523516138894099,-0.004085494715279676,0.5241682567791283,0.05205726450960352,-0.07271937866645423,0.048314882139196526,0.0,False,False,0.5235987755982988
1.831,0.5235156943656901,-0.00044452840883247744,0.5235657941042102,-0.013394729433160439,0.01666734221338716,-0.07271937866645423,0.0,False,False,0.5235987755982988
1.832,0.5235117489830283,-0.003945382661846823,0.522536696709068,-0.11496499600406748,0.15707541521103577,0.01666734221338716,0.0,False,False,0.5235987755982988
1.833,0.5235098212455932,-0.001927737435105297,0.5238716422108983,0.03002605377937237,-0.04094286356203801,0.15707541521103577,0.0,False,False,0.5235987755982988
1.834,0.5235163315267787,0.006510281185479341,0.5240213090650309,0.04199013381468865,-0.05799376297880318,-0.04094286356203801,0.0,False,False,0.5235987755982988
1.835,0.5235188817183483,0.002550191569540827,0.5235956438263766,-0.004775403432208461,0.005786856013250435,-0.05799376297880318,0.0,False,False,0.5235987755982988
1.836,0.5235177610830208,-0.0011206353273892386,0.523709385081373,0.007076262410653724,-0.010482485588119627,0.005786856013250435,0.0,False,False,0.5235987755982988
1.837,0.5235172701122448,-0.0004909707759798151,0.5232915066233069,-0.03541920963701841,0.04803389311427615,-0.010482485588119627,0.0,False,False,0.5235987755982988
1.838,0.523516404242725,-0.0008658695197666063,0.5248064459772812,0.11961664672411212,-0.16527804289061765,0.04803389311427615,0.0,False,False,0.5235987755982988
1.839,0.5235182031300245,0.0017988872994450344,0.5227322009223863,-0.09976952343779423,0.1353217722917791,-0.16527804289061765,0.0,False,False,0.5235987755982988
1.84,0.5235111927040442,-0.007010425980275149,0.5229986586502666,-0.06314679830597833,0.08657826303175345,0.1353217722917791,0.0,False,False,0.5235987755982988
1.841,0.5235129974350508,0.0018047310065318145,0.5235225841041047,-0.004439573091574625,0.006698934605383949,0.08657826303175345,0.0,False,False,0.5235987755982988
1.842,0.5235185839057389,0.005586470688118003,0.5242856159935912,0.07230757316623933,-0.09913221491475097,0.006698934605383949,0.0,False,False,0.5235987755982988
1.843,0.5235228493039903,0.004265398251356266,0.5222161447065315,-0.14187031285635443,0.1951317314794361,-0.09913221491475097,0.0,False,False,0.5235987755982988
1.844,0.5235208804645991,-0.0019688393911370724,0.5223774308415198,-0.11155466807189643,0.15584980730829845,0.1951317314794361,0.0,False,False,0.5235987755982988
1.845,0.5235292648383568,0.008384373757666276,0.5217510112522707,-0.16304116018960954,0.2289091504560367,0.15584980730829845,0.0,False,False,0.5235987755982988
1.846,0.5235430305328979,0.013765694541065738,0.5235715624994154,0.03531808054381555,-0.04189186087267697,0.2289091504560367,0.0,False,False,0.5235987755982988
1.847,0.5235646053484909,0.02157481559306358,0.5225886994207679,-0.06650003537531377,0.09798141364593281,-0.04189186087267697,0.0,False,False,0.5235987755982988
1.848,0.5235792428817746,0.01463753328364003,0.5232436596038387,0.005645986469293894,-0.00038309586287011126,0.09798141364593281,0.0,False,False,0.5235987755982988
1.849,0.5235949756628221,0.015732781047487262,0.5241721370135466,0.09792912879315623,-0.1278354600262474,-0.00038309586287011126,0.0,False,False,0.5235987755982988
1.85,0.5236066873528403,0.011711690018185502,0.5230468357143472,-0.024393914006100414,0.03920761471844993,-0.1278354600262474,0.0,False,False,0.5235987755982988
1.851,0.5236088001480576,0.0021127952172440793,0.5238106317879347,0.05442508475326599,-0.06912351311736589,0.03920761471844993,0.0,False,False,0.5235987755982988
1.852,0.5236122333816154,0.0034332335578932498,0.5233510117783006,0.0030205753145217742,0.0008350583825423338,-0.06912351311736589,0.0,False,False,0.5235987755982988
1.853,0.5236111767356324,-0.0010566459830505638,0.5241977071230434,0.08738805225734941,-0.1156464301542212,0.0008350583825423338,0.0,False,False,0.5235987755982988
1.854,0.5236104827683398,-0.0006939672926546503,0.5240251102255328,0.06138955728055541,-0.08134149202687777,-0.1156464301542212,0.0,False,False,0.5235987755982988
1.855,0.5236042173620845,-0.006265406255212203,0.5230003913018975,-0.047221290811031595,0.06743646630846231,-0.08134149202687777,0.0,False,False,0.5235987755982988
1.856,0.5235957303986087,-0.008486963475807224,0.5234485539793038,0.002317106010704298,-7.653807093465628e-05,0.06743646630846231,0.0,False,False,0.5235987755982988
1.857,0.523593052729504,-0.0026776691047579234,0.5245038906713128,0.10761906461053064,-0.14543494884688768,-7.653807093465628e-05,0.0,False,False,0.5235987755982988
1.858,0.5235911804794059,-0.001872250098025803,0.5239344665587621,0.03991474689440999,-0.05394013356163074,-0.14543494884688768,0.0,False,False,0.5235987755982988
1.859,0.523582604010917,-0.008576468488816224,0.5223635246392574,-0.12117091974549968,0.16763962095734522,-0.05394013356163074,0.0,False,False,0.5235987755982988
1.86,0.5235737908669756,-0.008813143941428474,0.5241459255571248,0.06918626401579131,-0.09287221607781734,0.16763962095734522,0.0,False,False,0.5235987755982988
1.861,0.5235758800909194,0.0020892239436856846,0.5226293787677385,-0.0893870413244164,0.12471359253938505,-0.09287221607781734,0.0,False,False,0.5235987755982988
1.862,0.5235726928498639,-0.0031872410555123026,0.5248053430397774,0.13714809001191736,-0.18629592196091604,0.12471359253938505,0.0,False,False,0.5235987755982988
1.863,0.523576702196705,0.004009346841232714,0.524470397027759,0.08993867980888118,-0.12361560150094063,-0.18629592196091604,0.0,False,False,0.5235987755982988
1.864,0.5235701937635734,-0.006508433131633552,0.5238231665639977,0.016221765451868056,-0.023505155924822378,-0.12361560150094063,0.0,False,False,0.5235987755982988
1.865,0.5235594169898136,-0.01077677375979242,0.5236966285303253,0.0019457855394349466,-0.004096295423798312,-0.023505155924822378,0.0,False,False,0.5235987755982988
1.866,0.5235504607157132,-0.008956274100369043,0.5233680456601857,-0.031107080028467862,0.041481634920197734,-0.004096295423798312,0.0,False,False,0.5235987755982988
1.867,0.5235438560532085,-0.006604662504633037,0.5241359799034871,0.04879705230452493,-0.0682261402588199,0.041481634920197734,0.0,False,False,0.5235987755982988
1.868,0.5235412642725084,-0.002591780700141994,0.5232176992799268,-0.0479107152819639,0.06435223206905324,-0.0682261402588199,0.0,False,False,0.5235987755982988
1.869,0.5235360447627079,-0.005219509800478992,0.523741618255766,0.009272253830157957,-0.013697872430599575,0.06435223206905324,0.0,False,False,0.5235987755982988
1.87,0.5235355949888391,-0.00044977386883175447,0.5242965012666918,0.06383332953971878,-0.08915905747873636,-0.013697872430599575,0.0,False,False,0.5235987755982988
1.871,0.5235345970298625,-0.000997958976559782,0.523044328332674,-0.06776729681603341,0.09130080696048673,-0.08915905747873636,0.0,False,False,0.5235987755982988
1.872,0.5235294442493157,-0.005152780546767072,0.5229917146423295,-0.06625193616887837,0.09042942061010137,0.09130080696048673,0.0,False,False,0.5235987755982988
1.873,0.5235303896357149,0.0009453863991686446,0.5224881091301745,-0.10998729376749083,0.15197674894722638,0.09042942061010137,0.0,False,False,0.5235987755982988
1.874,0.5235355693067266,0.005179671011763828,0.5226066415958442,-0.08713531782376881,0.12242079343270483,0.15197674894722638,0.0,False,False,0.5235987755982988
1.875,0.5235468070290956,0.011237722369014823,0.5219512311184615,-0.1439628337796631,0.20241120117266678,0.12242079343270483,0.0,False,False,0.5235987755982988
1.8760000000000001,0.5235610645871619,0.014257558066251787,0.52419796035437,0.09510637318915494,-0.12491297343626817,0.20241120117266678,0.0,False,False,0.5235987755982988
1.877,0.523581710805137,0.020646217975202732,0.5251602865374645,0.1818283541796836,-0.24630122192060253,-0.12491297343626817,0.0,False,False,0.5235987755982988
1.8780000000000001,0.5235913797885309,0.009668983393882839,0.5248352139379073,0.1311382588059989,-0.1796218006801519,-0.24630122192060253,0.0,False,False,0.5235987755982988
1.879,0.5235860010248204,-0.005378763710440066,0.5221669746127134,-0.1487994995939898,0.2043318172533245,-0.1796218006801519,0.0,False,False,0.5235987755982988
1.8800000000000001,0.5235732385053634,-0.0127625194570414,0.5242057935362193,0.06996234271599719,-0.09488113414176574,0.2043318172533245,0.0,False,False,0.5235987755982988
1.881,0.5235741253600382,0.0008868546748263817,0.5248151472660224,0.12390148142470606,-0.17057646772867194,-0.09488113414176574,0.0,False,False,0.5235987755982988
1.8820000000000001,0.523569998728428,-0.0041266316101653145,0.523171356817435,-0.052867711576506854,0.07113479194735718,-0.17057646772867194,0.0,False,False,0.5235987755982988
1.883,0.5235585804953498,-0.011418233078272853,0.5236471100794764,-5.614214715003729e-06,-0.0008632836035384533,0.07113479194735718,0.0,False,False,0.5235987755982988
1.8840000000000001,0.5235538608457198,-0.004719649630001771,0.521801643607497,-0.1845516999911797,0.25381041582384767,-0.0008632836035384533,0.0,False,False,0.5235987755982988
1.885,0.5235505070952826,-0.003353750437141103,0.5237832783135499,0.032066940613221934,-0.041801377610385326,0.25381041582384767,0.0,False,False,0.5235987755982988
1.8860000000000001,0.5235608540802001,0.010346984917517014,0.5226327231266874,-0.08619527213434698,0.12082327105022178,-0.041801377610385326,0.0,False,False,0.5235987755982988
1.887,0.523566215698914,0.00536161871391782,0.5237404301171558,0.0331949541259237,-0.04238372629053351,0.12082327105022178,0.0,False,False,0.5235987755982988
1.8880000000000001,0.5235760260052612,0.009810306347168039,0.5222136194410636,-0.12280560889588582,0.172299541505297,-0.04238372629053351,0.0,False,False,0.5235987755982988
1.889,0.5235809501320414,0.004924126780174133,0.5240546833014746,0.07358133803480792,-0.09650394429893441,0.172299541505297,0.0,False,False,0.5235987755982988
1.8900000000000001,0.5235930214437974,0.0120713117559169,0.5244870774145279,0.10946261553665629,-0.1473445713361117,-0.09650394429893441,0.0,False,False,0.5235987755982988
1.891,0.5235969817816908,0.003960337893379101,0.5229135284205786,-0.058838545411944054,0.08294070369329695,-0.1473445713361117,0.0,False,False,0.5235987755982988
1.8920000000000001,0.5235923862373039,-0.004595544386941109,0.5226002341180096,-0.08428412112764858,0.11911469199838419,0.08294070369329695,0.0,False,False,0.5235987755982988
1.893,0.5235933110119346,0.0009247746307727246,0.5217118259698664,-0.16469652382920086,0.23160092190682402,0.11911469199838419,0.0,False,False,0.5235987755982988
1.8940000000000001,0.5235999105872273,0.006599575292685421,0.523367420920153,0.017332623582374612,-0.01663476409222452,0.23160092190682402,0.0,False,False,0.5235987755982988
1.895,0.5236161528001391,0.016242212911741973,0.523108616346997,-0.010281096091459692,0.021160181833184077,-0.01663476409222452,0.0,False,False,0.5235987755982988
1.8960000000000001,0.5236274737882947,0.01132098815558823,0.5222739540129036,-0.09271921989165982,0.13510985240710655,0.021160181833184077,0.0,False,False,0.5235987755982988
1.897,0.5236367327893485,0.009259001053887063,0.5240320662328953,0.09236392409668422,-0.11863594033875836,0.13510985240710655,0.0,False,False,0.5235987755982988
1.8980000000000001,0.5236501153338265,0.013382544478075601,0.5232574420988269,0.005665118280167802,-0.0006541389457060285,-0.11863594033875836,0.0,False,False,0.5235987755982988
1.899,0.5236540061182362,0.0038907844096931904,0.5227152494002134,-0.04912066340919314,0.07484826765656905,-0.0006541389457060285,0.0,False,False,0.5235987755982988
1.9000000000000001,0.5236566959025644,0.0026897843281584693,0.5231727401816078,0.0015404810711604627,0.005820060215046557,0.07484826765656905,0.0,False,False,0.5235987755982988
1.901,0.5236623152360035,0.005619333439165817,0.5245972048107975,0.1438328958830214,-0.19057120088460242,0.005820060215046557,0.0,False,False,0.5235987755982988
1.9020000000000001,0.523666560297992,0.0042450619885033404,0.524192722040514,0.08900132926637053,-0.1174926310795186,-0.19057120088460242,0.0,False,False,0.5235987755982988
1.903,0.5236600050872172,-0.006555210774768683,0.5235465359428898,0.015482586577309984,-0.017638790095409723,-0.1174926310795186,0.0,False,False,0.5235987755982988
1.9040000000000001,0.523649500508261,-0.010504578956190645,0.5241897715576526,0.07825788939585501,-0.10454739454339344,-0.017638790095409723,0.0,False,False,0.5235987755982988
1.905,0.523641046361932,-0.008454146328959595,0.5226279595636961,-0.08574909893937457,0.120373607350098,-0.10454739454339344,0.0,False,False,0.5235987755982988
1.9060000000000001,0.5236297939149411,-0.011252446990820295,0.5236580421567856,0.02583407026350827,-0.03206768236897159,0.120373607350098,0.0,False,False,0.5235987755982988
1.907,0.5236276646812001,-0.002129233740986676,0.5237562276676352,0.03306921432211877,-0.04251719443459722,-0.03206768236897159,0.0,False,False,0.5235987755982988
1.9080000000000001,0.5236245769479961,-0.0030877332040041314,0.5232145672470273,-0.024403749170881214,0.03620024932794462,-0.04251719443459722,0.0,False,False,0.5235987755982988
1.909,0.5236202947357754,-0.004282212220692414,0.5240003038216611,0.05661028320958353,-0.07515984787202086,0.03620024932794462,0.0,False,False,0.5235987755982988
1.9100000000000001,0.5236191050508635,-0.001189684911919607,0.5229380483820505,-0.055276289072433,0.07822463677938944,-0.07515984787202086,0.0,False,False,0.5235987755982988
1.911,0.5236145186174109,-0.0045864334525415875,0.524059421114688,0.06238861309855628,-0.08315795501327197,0.07822463677938944,0.0,False,False,0.5235987755982988
1.9120000000000001,0.5236152140690187,0.0006954516076966245,0.5240968016974803,0.05988781006793522,-0.08082984186678892,-0.08315795501327197,0.0,False,False,0.5235987755982988
1.913,0.5236115402896356,-0.003673779383053454,0.5210658380533731,-0.24919733534957367,0.3446296782281505,-0.08082984186678892,0.0,False,False,0.5235987755982988
1.9140000000000001,0.5236049296162081,-0.006610673427590854,0.524643667297784,0.13350532262646936,-0.17901443774249653,0.3446296782281505,0.0,False,False,0.5235987755982988
1.915,0.5236174908707227,0.012561254514622014,0.5209579297379024,-0.24841896562433274,0.3456379842363339,-0.17901443774249653,0.0,False,False,0.5235987755982988
1.9160000000000001,0.5236177108574744,0.00021998675175240005,0.5230801066649916,-0.011359376352983647,0.02296729242311014,0.3456379842363339,0.0,False,False,0.5235987755982988
1.917,0.5236351458701268,0.01743501265242669,0.5245299308289593,0.13475897767908082,-0.17847156736678513,0.02296729242311014,0.0,False,False,0.5235987755982988
1.9180000000000001,0.5236494459324053,0.014300062278454304,0.523372561030979,0.00554610011314155,-0.002583457924012378,-0.17847156736678513,0.0,False,False,0.5235987755982988
1.919,0.5236510823886327,0.0016364562273766675,0.5223715937465986,-0.09510523833620976,0.13621555933405588,-0.002583457924012378,0.0,False,False,0.5235987755982988
1.92,0.5236520932819476,0.0010108933149077016,0.5226976276380454,-0.05299132535790794,0.07981025371405115,0.13621555933405588,0.0,False,False,0.5235987755982988
1.921,0.5236596078996572,0.0075146177095422005,0.5245557522187044,0.13812026524378657,-0.18296989745984493,0.07981025371405115,0.0,False,False,0.5235987755982988
1.922,0.5236689290060421,0.009321106384935506,0.521992099973539,-0.13205698579713357,0.1873885442022367,-0.18296989745984493,0.0,False,False,0.5235987755982988
1.923,0.5236664542936241,-0.0024747124179327305,0.5246516848904993,0.14710720447860753,-0.1954810126339376,0.1873885442022367,0.0,False,False,0.5235987755982988
1.924,0.523674097555143,0.007643261518956857,0.5236260119024907,0.029829185229887117,-0.03628527575131838,-0.1954810126339376,0.0,False,False,0.5235987755982988
1.925,0.5236697486859795,-0.00434886916359983,0.5226291874608981,-0.07283617745235632,0.1048559994160396,-0.03628527575131838,0.0,False,False,0.5235987755982988
1.926,0.5236648874286628,-0.004861257316695328,0.5231560235321785,-0.012868952579086157,0.023412280285069184,0.1048559994160396,0.0,False,False,0.5235987755982988
1.927,0.523666718736306,0.0018313076431922632,0.5227790230371233,-0.04928210682669551,0.07389407429319364,0.023412280285069184,0.0,False,False,0.5235987755982988
1.928,0.5236691654707165,0.0024467344105224384,0.524425089561653,0.12025275630894391,-0.15917695891110825,0.07389407429319364,0.0,False,False,0.5235987755982988
1.929,0.5236745667416408,0.005401270924244066,0.5243137305823174,0.09709158274449323,-0.12937908900572728,-0.15917695891110825,0.0,False,False,0.5235987755982988
1.93,0.5236704054557497,-0.004161285891142518,0.5221701543478269,-0.12697519897901344,0.17808542128331104,-0.12937908900572728,0.0,False,False,0.5235987755982988
1.931,0.5236610225383732,-0.009382917376500252,0.5233088219732102,-0.00041091654278384293,0.0057122651029364365,0.17808542128331104,0.0,False,False,0.5235987755982988
1.932,0.5236632064773376,0.0021839389643904944,0.5229099348841417,-0.04025853379534883,0.060709373409246224,0.0057122651029364365,0.0,False,False,0.5235987755982988
1.933,0.523665014703874,0.0018082265364569262,0.5247938150967233,0.15215534084234278,-0.20409711998245192,0.060709373409246224,0.0,False,False,0.5235987755982988
1.934,0.523669310171479,0.004295467604898977,0.5224911264295001,-0.0933290599642077,0.13193255699542558,-0.20409711998245192,0.0,False,False,0.5235987755982988
1.935,0.5236621144160084,-0.007195755470602064,0.5250620684076621,0.17309804384841193,-0.23405692318663376,0.13193255699542558,0.0,False,False,0.5235987755982988
1.936,0.5236636142339229,0.0014998179145290762,0.5236345590925147,0.013037307948825044,-0.01628887243447529,-0.23405692318663376,0.0,False,False,0.5235987755982988
1.937,0.5236529561025819,-0.010658131341028061,0.522638977048405,-0.08782462725702296,0.12266592660651611,-0.01628887243447529,0.0,False,False,0.5235987755982988
1.938,0.52364445175864,-0.00850434394189174,0.5230534185361541,-0.037598015756415575,0.05493404602630433,0.12266592660651611,0.0,False,False,0.5235987755982988
1.939,0.5236445226275078,7.086886774569992e-05,0.5229449782216363,-0.04468224563254728,0.06538704753898156,0.05493404602630433,0.0,False,False,0.5235987755982988
1.94,0.5236473186546301,0.002796027122248663,0.5225350042635462,-0.08121141687830961,0.11660158427951943,0.06538704753898156,0.0,False,False,0.5235987755982988
1.941,0.5236525394641706,0.005220809540409841,0.5237352915102517,0.04693844948007246,-0.058783425791238256,0.11660158427951943,0.0,False,False,0.5235987755982988
1.942,0.5236620378588779,0.009498394707298142,0.5225904793940773,-0.07223660708536905,0.10483326017842973,-0.058783425791238256,0.0,False,False,0.5235987755982988
1.943,0.5236659060939991,0.0038682351211794166,0.5217631776319137,-0.1477431225931934,0.21033251050676396,0.10483326017842973,0.0,False,False,0.5235987755982988
1.944,0.5236738543056942,0.007948211695099194,0.5233425240802616,0.024965834500915496,-0.025346474076428826,0.21033251050676396,0.0,False,False,0.5235987755982988
1.945,0.523690020962981,0.01616665728681207,0.5221167321346073,-0.10010994351460689,0.1468087145639756,-0.025346474076428826,0.0,False,False,0.5235987755982988
1.946,0.5237008436125798,0.01082264959882632,0.523044459429958,0.002673780371927101,0.006769154583821607,0.1468087145639756,0.0,False,False,0.5235987755982988
1.947,0.5237160003389091,0.015156726329203226,0.5229226584066331,-0.009773699997758609,0.0238985494472932,0.006769154583821607,0.0,False,False,0.5235987755982988
1.948,0.523727596091626,0.01159575271695928,0.5229673166439689,-0.004330506264403461,0.01656286869522275,0.0238985494472932,0.0,False,False,0.5235987755982988
1.949,0.5237372053224333,0.00960923080729115,0.5254833750391166,0.24770838387680483,-0.33117285058688545,0.01656286869522275,0.0,False,False,0.5235987755982988
1.95,0.5237449245807537,0.007719258320482553,0.5237941529599197,0.054015337569438215,-0.06833519759250199,-0.33117285058688545,0.0,False,False,0.5235987755982988
1.951,0.5237338470714008,-0.011077509352955726,0.5239479736711963,0.06399587494015083,-0.08308061524033529,-0.06833519759250199,0.0,False,False,0.5235987755982988
1.952,0.5237224176271481,-0.011429444252734601,0.5221722176722485,-0.11997931244863902,0.16965321760727198,-0.08308061524033529,0.0,False,False,0.5235987755982988
1.953,0.5237099785078558,-0.012439119292311687,0.5231392880144247,-0.011274346986161643,0.021799992893128707,0.16965321760727198,0.0,False,False,0.5235987755982988
1.954,0.5237093867364179,-0.0005917714379900466,0.523897273725452,0.06565165881519097,-0.084154956866987,0.021799992893128707,0.0,False,False,0.5235987755982988
1.955,0.5237100648113512,0.0006780749333338493,0.5228159946707407,-0.04904141253746181,0.07293975174100041,-0.084154956866987,0.0,False,False,0.5235987755982988
1.956,0.5237063290815679,-0.0037357297832939654,0.5244987634032884,0.12413960197105336,-0.16516730285507622,0.07293975174100041,0.0,False,False,0.5235987755982988
1.957,0.5237073631469269,0.0010340653589966144,0.5226578123806035,-0.07236946049454085,0.10378069051196483,-0.16516730285507622,0.0,False,False,0.5235987755982988
1.958,0.523699824767408,-0.007538379518917494,0.5234499231705549,0.014078564550058237,-0.01421493376068017,0.10378069051196483,0.0,False,False,0.5235987755982988
1.959,0.5236996657486602,-0.00015901874768576522,0.5231882392134459,-0.01349768761584915,0.023586880066370976,-0.01421493376068017,0.0,False,False,0.5235987755982988
1.96,0.5236988443239186,-0.0008214247416731435,0.5238422411506817,0.05325227486931061,-0.06828510978606421,0.023586880066370976,0.0,False,False,0.5235987755982988
1.961,0.5236994518178334,0.0006074939147968795,0.5231405187888227,-0.022245188803515177,0.03494284913478779,-0.06828510978606421,0.0,False,False,0.5235987755982988
1.962,0.5236964604341369,-0.002991383696547933,0.523460061148384,0.011933566032958344,-0.0118234191410824,0.03494284913478779,0.0,False,False,0.5235987755982988
1.963,0.5236961189408792,-0.00034149325765499543,0.5234900565626511,0.013739750856380607,-0.014530758385998373,-0.0118234191410824,0.0,False,False,0.5235987755982988
1.964,0.52369529008066,-0.0008288602192559591,0.5230544158630192,-0.031198294192455282,0.047236428265980304,-0.014530758385998373,0.0,False,False,0.5235987755982988
1.965,0.5236939865137671,-0.0013035668928303937,0.5241173107730926,0.07821102623413996,-0.10318686462725694,0.047236428265980304,0.0,False,False,0.5235987755982988
1.966,0.5236954404997789,0.0014539860118578745,0.5239034736017485,0.049006206476310404,-0.06429201183366667,-0.10318686462725694,0.0,False,False,0.5235987755982988
1.967,0.5236912938976497,-0.004146602129235205,0.5236139636422572,0.015154589879550838,-0.018458892646712056,-0.06429201183366667,0.0,False,False,0.5235987755982988
1.968,0.5236851757387249,-0.006118158924792569,0.523309529978147,-0.0168042355194302,0.02537150378604986,-0.018458892646712056,0.0,False,False,0.5235987755982988
1.969,0.5236799393668475,-0.005236371877349734,0.5243750551653316,0.09142870675097406,-0.12368748030775828,0.02537150378604986,0.0,False,False,0.5235987755982988
1.97,0.5236775284900675,-0.0024108767800061054,0.5234717242878921,-0.008047251668066774,0.011943625589000539,-0.12368748030775828,0.0,False,False,0.5235987755982988
1.971,0.523669662662855,-0.007865827212539325,0.52340201878888,-0.014213076402468584,0.020597314252500238,0.011943625589000539,0.0,False,False,0.5235987755982988
1.972,0.5236646706454788,-0.004992017376169918,0.5237560299312568,0.022609345475454713,-0.029961792563789478,0.020597314252500238,0.0,False,False,0.5235987755982988
1.973,0.5236621957225038,-0.0024749229750587595,0.5251427469056703,0.15902010836925964,-0.21861561357579848,-0.029961792563789478,0.0,False,False,0.5235987755982988
1.974,0.5236589713196793,-0.003224402824519068,0.5224892898707035,-0.12222760596434401,0.1666438702539279,-0.21861561357579848,0.0,False,False,0.5235987755982988
1.975,0.5236457880600147,-0.013183259664551701,0.5243176149376642,0.07282766132815269,-0.10033230170235935,0.1666438702539279,0.0,False,False,0.5235987755982988
1.976,0.5236444565635752,-0.0013314964395754539,0.5219923530602048,-0.16698129255060312,0.22929315674641693,-0.10033230170235935,0.0,False,False,0.5235987755982988
1.977,0.5236385126378658,-0.005943925709448598,0.5238281192372306,0.03329345440704265,-0.04408033078922339,0.22929315674641693,0.0,False,False,0.5235987755982988
1.978,0.5236457896141308,0.007276976265045539,0.5250203086808005,0.14918305332332968,-0.20460725947302624,-0.04408033078922339,0.0,False,False,0.5235987755982988
1.979,0.5236487418679989,0.002952253868135004,0.5240751856031398,0.03975244022492641,-0.056278308357049674,-0.20460725947302624,0.0,False,False,0.5235987755982988
1.98,0.5236405726509562,-0.008169217042715601,0.5237894711213059,0.007205748019043917,-0.012079417036980511,-0.056278308357049674,0.0,False,False,0.5235987755982988
1.981,0.5236319451855191,-0.008627465437027292,0.5231428607594358,-0.0581758629698686,0.07801750266337597,-0.012079417036980511,0.0,False,False,0.5235987755982988
1.982,0.5236251870690894,-0.006758116429713959,0.523652280862692,-0.0014162663472653478,0.0007364248576411186,0.07801750266337597,0.0,False,False,0.5235987755982988
1.983,0.523624310499371,-0.0008765697185189568,0.5234043441968392,-0.026068306297815404,0.03478173278365097,0.0007364248576411186,0.0,False,False,0.5235987755982988
1.984,0.5236237370598356,-0.0005734395353746468,0.5229378430772327,-0.07011158762868935,0.0960306905336177,0.03478173278365097,0.0,False,False,0.5235987755982988
1.985,0.5236250769854321,0.001339925596611844,0.5233721127898681,-0.019673457602282195,0.02768807967449223,0.0960306905336177,0.0,False,False,0.5235987755982988
1.986,0.523630811708522,0.005734723089887183,0.523803931929865,0.02547580215763631,-0.03426377655735423,0.02768807967449223,0.0,False,False,0.5235987755982988
1.987,0.5236362331286354,0.005421420113343148,0.5229667099324674,-0.060793977797882565,0.08432995534242436,-0.03426377655735423,0.0,False,False,0.5235987755982988
1.988,0.5236383319474804,0.00209881884510804,0.5229347183239843,-0.05791374086640493,0.08144951997734712,0.08432995534242436,0.0,False,False,0.5235987755982988
1.989,0.5236440115243729,0.005679576892455293,0.5224569751936414,-0.09989667981405223,0.1404284230606957,0.08144951997734712,0.0,False,False,0.5235987755982988
1.99,0.5236520813574865,0.008069833113654726,0.5239930532662461,0.06370079542782259,-0.08353795253643863,0.1404284230606957,0.0,False,False,0.5235987755982988
1.991,0.5236648427368932,0.012761379406654515,0.5241407270573453,0.07209809499495487,-0.09627284025678198,-0.08353795253643863,0.0,False,False,0.5235987755982988
1.992,0.5236699946733386,0.005151936445510213,0.5238721565482667,0.03803123458760133,-0.05055833860454329,-0.09627284025678198,0.0,False,False,0.5235987755982988
1.993,0.5236688000816906,-0.0011945916480439077,0.5245110702287511,0.09811947917728217,-0.13416467836087967,-0.05055833860454329,0.0,False,False,0.5235987755982988
1.994,0.5236654403033953,-0.0033597782952209396,0.5237421192820456,0.011412436589005745,-0.01627511021424928,-0.13416467836087967,0.0,False,False,0.5235987755982988
1.995,0.5236563842882151,-0.00905601518017498,0.5239984783662582,0.03590710135136723,-0.050283171444910235,-0.01627511021424928,0.0,False,False,0.5235987755982988
1.996,0.5236490959326414,-0.007288355573733522,0.5239142441060494,0.023892965195343424,-0.034349991373921994,-0.050283171444910235,0.0,False,False,0.5235987755982988
1.997,0.5236414171682178,-0.007678764423664113,0.5235615334314084,-0.013767398788284164,0.017191237549967896,-0.034349991373921994,0.0,False,False,0.5235987755982988
1.998,0.5236342483554429,-0.007168812774804235,0.5231710189233271,-0.05144210971759206,0.06943015181060191,0.017191237549967896,0.0,False,False,0.5235987755982988
1.999,0.523630030818402,-0.0042175370409611775,0.5255622434827627,0.1928245571977305,-0.2667318905576266,0.06943015181060191,0.0,False,False,0.5235987755982988
2.0,0.5236305484929349,0.00051767453295091,0.523236146860132,-0.059067560785114936,0.07740839022914099,-0.2667318905576266,0.0,False,False,0.5235987755982988
2.001,0.5236175722345552,-0.012976258379738252,0.5230364843108204,-0.07312705963776199,0.097873714739926,0.07740839022914099,0.0,False,False,0.5235987755982988
2.0020000000000002,0.5236119435224521,-0.005628712103028517,0.5239906885427122,0.029606069515199493,-0.04258171641768114,0.097873714739926,0.0,False,False,0.5235987755982988
2.003,0.5236128764104022,0.0009328879501071287,0.5238326608495314,0.010842693245594441,-0.01722116641689976,-0.04258171641768114,0.0,False,False,0.5235987755982988
2.004,0.5236113968173866,-0.0014795930156790275,0.5223854849268872,-0.1349591683433856,0.18379023409747197,-0.01722116641689976,0.0,False,False,0.5235987755982988
2.005,0.523609505154316,-0.0018916630705002023,0.5245892267534501,0.09891093114724396,-0.13652123816941586,0.18379023409747197,0.0,False,False,0.5235987755982988
2.0060000000000002,0.523617376382281,0.007871227964919517,0.5235351761084115,-0.01638522647134108,0.020807062583581105,-0.13652123816941586,0.0,False,False,0.5235987755982988
2.007,0.5236161435049588,-0.0012328773222610914,0.5226466732362437,-0.10359699104098652,0.14145423176617594,0.020807062583581105,0.0,False,False,0.5235987755982988
2.008,0.5236163253076934,0.00018180273467008606,0.5246537351522375,0.10746889966248782,-0.1479519515658809,0.14145423176617594,0.0,False,False,0.5235987755982988
2.009,0.5236235245554872,0.007199247793836174,0.5241695294941697,0.048301443889466375,-0.06823530279303608,-0.1479519515658809,0.0,False,False,0.5235987755982988
2.0100000000000002,0.5236212263232785,-0.002298232208754989,0.5225177052588175,-0.1217111240347064,0.16551261495231195,-0.06823530279303608,0.0,False,False,0.5235987755982988
2.011,0.5236162119697237,-0.00501435355472362,0.5251670965683458,0.15539911932159903,-0.2147087206467648,0.16551261495231195,0.0,False,False,0.5235987755982988
2.012,0.5236209668633596,0.00475489363584876,0.5241958760224328,0.042737152798135974,-0.06203239099217458,-0.2147087206467648,0.0,False,False,0.5235987755982988
2.013,0.523613567115115,-0.007399748244626412,0.5236046693256864,-0.020657232156316964,0.02468259149460403,-0.06203239099217458,0.0,False,False,0.5235987755982988
2.0140000000000002,0.5236052192305259,-0.008347884589051039,0.5249929469297875,0.12023625146942428,-0.16937858573010517,0.02468259149460403,0.0,False,False,0.5235987755982988
2.015,0.5236005072647051,-0.004711965820876579,0.523739520805653,-0.01712998609096636,0.018022569576784265,-0.16937858573010517,0.0,False,False,0.5235987755982988
2.016,0.5235887332206473,-0.01177404405778346,0.5235642261144148,-0.0329464566056923,0.04015763863674346,0.018022569576784265,0.0,False,False,0.5235987755982988
2.017,0.5235810811707019,-0.007652049945368588,0.5230048606169077,-0.08558836069583556,0.11339650250004361,0.04015763863674346,0.0,False,False,0.5235987755982988
2.0180000000000002,0.5235776574036023,-0.0034237670995652288,0.5240854176996065,0.03102618364363094,-0.045990978195895114,0.11339650250004361,0.0,False,False,0.5235987755982988
2.019,0.5235809343695573,0.003276965954982538,0.5239968489197863,0.0190666872972459,-0.03004534454346912,-0.045990978195895114,0.0,False,False,0.5235987755982988
2.02,0.523580924292926,-1.0076631330074512e-05,0.5235937351317125,-0.023151360239857022,0.027872360686382488,-0.03004534454346912,0.0,False,False,0.5235987755982988
2.021,0.5235794150123632,-0.0015092805628349791,0.5228900218663224,-0.09120755075488066,0.12220662808143253,0.027872360686382488,0.0,False,False,0.5235987755982988
2.0220000000000002,0.5235797573135711,0.0003423012079360429,0.5236931425011628,-0.001774732195347753,0.0004310743828649763,0.12220662808143253,0.0,False,False,0.5235987755982988
2.023,0.5235861058966416,0.006348583070488544,0.5235251949653694,-0.0183920125551541,0.023394866458913994,0.0004310743828649763,0.0,False,False,0.5235987755982988
2.024,0.5235906075560882,0.004501659446649443,0.5224269316884532,-0.1263791389912587,0.17274815716673111,0.023394866458913994,0.0,False,False,0.5235987755982988
2.025,0.5235949328079633,0.0043252518751402125,0.522310534232857,-0.12538097065175458,0.1736455093600581,0.17274815716673111,0.0,False,False,0.5235987755982988
2.0260000000000002,0.5236066004487084,0.011667640745105168,0.5240997898106585,0.0660826841935727,-0.08831747685476198,0.1736455093600581,0.0,False,False,0.5235987755982988
2.027,0.5236237529790504,0.01715253034200538,0.5213531770857094,-0.21518685672069832,0.2986450012914477,-0.08831747685476198,0.0,False,False,0.5235987755982988
2.028,0.5236322508287936,0.008497849743241786,0.5238115053294802,0.05216465332845055,-0.06642671915540514,0.2986450012914477,0.0,False,False,0.5235987755982988
2.029,0.5236532406727946,0.020989844001008395,0.5232360345000043,-0.010598894951978861,0.019248013711675335,-0.06642671915540514,0.0,False,False,0.5235987755982988
2.0300000000000002,0.5236661355683178,0.012894895523115403,0.5248077961042227,0.1476371549650537,-0.19892695506469396,0.019248013711675335,0.0,False,False,0.5235987755982988
2.031,0.5236765325556074,0.010396987289658797,0.5232459003054246,-0.023316140411257957,0.034331123765245136,-0.19892695506469396,0.0,False,False,0.5235987755982988
2.032,0.5236740761047373,-0.002456450870160139,0.5242495846499184,0.07938390807925051,-0.1069752526242539,0.034331123765245136,0.0,False,False,0.5235987755982988
2.033,0.5236740792876958,3.1829585782818665e-06,0.523327706618879,-0.020742285832623664,0.029769984628705948,-0.1069752526242539,0.0,False,False,0.5235987755982988
2.0340000000000003,0.5236687327404038,-0.00534654729203415,0.5237679967302237,0.025360953885110803,-0.03347912503678039,0.029769984628705948,0.0,False,False,0.5235987755982988
2.035,0.5236664628957056,-0.0022698446982532855,0.5243094740713821,0.07697259261243888,-0.10515968365042513,-0.03347912503678039,0.0,False,False,0.5235987755982988
2.036,0.5236632062188584,-0.0032566768472279814,0.5232595502076692,-0.03571705302008814,0.04896652065543825,-0.10515968365042513,0.0,False,False,0.5235987755982988
2.037,0.5236556730431673,-0.007533175691086989,0.5245253312387338,0.09443275538837677,-0.12999730799388173,0.04896652065543825,0.0,False,False,0.5235987755982988
2.0380000000000003,0.5236527771400209,-0.002895903146424227,0.5227856121537416,-0.08898242864967616,0.12141585638164053,-0.12999730799388173,0.0,False,False,0.5235987755982988
2.039,0.523644255705074,-0.008521434946942482,0.5239013364578466,0.03148824462579178,-0.04323198902281106,0.12141585638164053,0.0,False,False,0.5235987755982988
2.04,0.523644251347838,-4.357236014718158e-06,0.5244494063964548,0.08314641402402459,-0.11508705119563659,-0.04323198902281106,0.0,False,False,0.5235987755982988
2.041,0.5236420867157505,-0.0021646320874274777,0.5242180780866679,0.05169894164293279,-0.07318617476216235,-0.11508705119563659,0.0,False,False,0.5235987755982988
2.0420000000000003,0.5236348232554157,-0.007263460334878758,0.5253072369070162,0.15544492951347186,-0.21728621897307906,-0.07318617476216235,0.0,False,False,0.5235987755982988
2.043,0.5236260175752623,-0.00880568015338361,0.5229597910889499,-0.09484414524450932,0.1253146954616925,-0.21728621897307906,0.0,False,False,0.5235987755982988
2.044,0.5236088660858488,-0.017151489413452202,0.5224053313202264,-0.14080570759240646,0.1904488461161917,0.1253146954616925,0.0,False,False,0.5235987755982988
2.045,0.5236022189723689,-0.006647113479881634,0.5227344978967982,-0.09380847917598761,0.128127173638197,0.1904488461161917,0.0,False,False,0.5235987755982988
2.0460000000000003,0.5236070447048323,0.004825732463371039,0.524183389570162,0.0604615360779928,-0.0830768947871282,0.128127173638197,0.0,False,False,0.5235987755982988
2.047,0.5236168372291474,0.009792524315055881,0.524051356960357,0.04121212148969468,-0.05760101030468065,-0.0830768947871282,0.0,False,False,0.5235987755982988
2.048,0.5236197132203391,0.002875991191678179,0.523708948989986,0.0028501123036257375,-0.005403255814720015,-0.05760101030468065,0.0,False,False,0.5235987755982988
2.049,0.5236188407579762,-0.0008724623629416928,0.5226388758647063,-0.10444221145471039,0.14260884895031858,-0.005403255814720015,0.0,False,False,0.5235987755982988
2.05,0.5236179631954796,-0.0008775624965939688,0.524287181155202,0.07083253874033614,-0.09739034651266085,0.14260884895031858,0.0,False,False,0.5235987755982988
2.051,0.5236244826856032,0.0065194901236853425,0.5225557261488579,-0.10939621576810592,0.15005034901166314,-0.09739034651266085,0.0,False,False,0.5235987755982988
2.052,0.5236242171860369,-0.0002654995663030884,0.5246355914898915,0.1095299399120595,-0.15009861394313923,0.15005034901166314,0.0,False,False,0.5235987755982988
2.053,0.5236315349111109,0.007317725073998575,0.5261251203439502,0.24752983132672657,-0.34251000301379686,-0.15009861394313923,0.0,False,False,0.5235987755982988
2.054,0.5236292161051889,-0.0023188059220284277,0.5239490050579579,0.005165319594827578,-0.012502513787657321,-0.34251000301379686,0.0,False,False,0.5235987755982988
2.055,0.523610473615811,-0.018742489377803782,0.5241193314589307,0.02168142773262571,-0.03538771877052564,-0.012502513787657321,0.0,False,False,0.5235987755982988
2.056,0.5235955843605002,-0.014889255310758014,0.523165483074608,-0.07587155347291435,0.0988451295939324,-0.03538771877052564,0.0,False,False,0.5235987755982988
2.057,0.523582776279623,-0.012808080877200487,0.5220030671488017,-0.18452599070624662,0.25015394093844334,0.0988451295939324,0.0,False,False,0.5235987755982988
2.058,0.5235783527351422,-0.004423544480778401,0.5230523808676222,-0.06114201975357761,0.08320552885647257,0.25015394093844334,0.0,False,False,0.5235987755982988
2.059,0.5235877604207507,0.009407685608532779,0.5226340294039232,-0.096862964148115,0.13360098847649857,0.08320552885647257,0.0,False,False,0.5235987755982988
2.06,0.5235986596935359,0.010899272785137543,0.5223359099860425,-0.11698860952137505,0.1631179124462635,0.13360098847649857,0.0,False,False,0.5235987755982988
2.061,0.5236132150023246,0.014555308788665696,0.5251162575969387,0.17274501252038071,-0.2346086909999747,0.1631179124462635,0.0,False,False,0.5235987755982988
2.062,0.5236321378073104,0.0189228049858469,0.523870255274552,0.030870279029673015,-0.04193096900816492,-0.2346086909999747,0.0,False,False,0.5235987755982988
2.063,0.5236348263025309,0.0026884952204438914,0.5239661662230631,0.037374345977819246,-0.05146224641914083,-0.04193096900816492,0.0,False,False,0.5235987755982988
2.064,0.5236346057700096,-0.00022053252123995426,0.5233649328832609,-0.026486422600184738,0.035992875990903915,-0.05146224641914083,0.0,False,False,0.5235987755982988
2.065,0.5236318791643727,-0.0027266056369869974,0.5234810206858664,-0.012229000079613814,0.01679438851931937,0.035992875990903915,0.0,False,False,0.5235987755982988
2.066,0.523631776060388,-0.00010310398468724473,0.5244735053207598,0.08824236341767956,-0.12163597110551244,0.01679438851931937,0.0,False,False,0.5235987755982988
2.067,0.5236325440191666,0.0007679587786165933,0.5236043245595746,-0.007499949042602372,0.008900057548158391,-0.12163597110551244,0.0,False,False,0.5235987755982988
2.068,0.5236269968330824,-0.005547186084122095,0.5240901146600278,0.04182905590697103,-0.05903897019948606,0.008900057548158391,0.0,False,False,0.5235987755982988
2.069,0.5236235395944169,-0.003457238665598131,0.5234524935771441,-0.026115957972093762,0.033972225947297874,-0.05903897019948606,0.0,False,False,0.5235987755982988
2.07,0.5236181711991367,-0.005368395280170475,0.5233195864747121,-0.03679507241808111,0.0491794911262581,0.033972225947297874,0.0,False,False,0.5235987755982988
2.071,0.5236160958116023,-0.002075387534376502,0.5223883315874672,-0.1262410539007611,0.17327725687588194,0.0491794911262581,0.0,False,False,0.5235987755982988
2.072,0.5236171080912241,0.0010122796217614406,0.5218911964453973,-0.16333046271767987,0.22673298001344355,0.17327725687588194,0.0,False,False,0.5235987755982988
2.073,0.5236264767597424,0.009368668518355218,0.5233982209411732,0.003705033131676916,-0.0008360559297505782,0.22673298001344355,0.0,False,False,0.5235987755982988
2.074,0.5236445230064851,0.01804624674272838,0.5236938256710735,0.03289500280854039,-0.041184904680192355,-0.0008360559297505782,0.0,False,False,0.5235987755982988
2.075,0.5236581507339034,0.01362772741828326,0.5225357905464352,-0.08619800993614377,0.12257134285691805,-0.041184904680192355,0.0,False,False,0.5235987755982988
2.076,0.5236661101855216,0.007959451618161438,0.5236360251903198,0.03244525544593513,-0.039604799191500235,0.12257134285691805,0.0,False,False,0.5235987755982988
2.077,0.5236778970891427,0.011786903621143723,0.5237248050494212,0.038078715811480056,-0.04796298909397907,-0.039604799191500235,0.0,False,False,0.5235987755982988
2.078,0.5236844800582415,0.006582969098864108,0.5218030081379869,-0.1579088469131027,0.22181443058133848,-0.04796298909397907,0.0,False,False,0.5235987755982988
2.079,0.5236867320134991,0.0022519552576330286,0.5228881350947937,-0.03360526654110768,0.05311784891242122,0.22181443058133848,0.0,False,False,0.5235987755982988
2.08,0.523699392936569,0.012660923069865736,0.5240547977300778,0.08642152364141187,-0.11191422674171582,0.05311784891242122,0.0,False,False,0.5235987755982988
2.081,0.5237112982314142,0.011905294845227246,0.5240490706927412,0.07720666754361176,-0.10075331275229708,-0.11191422674171582,0.0,False,False,0.5235987755982988
2.082,0.5237143581647581,0.0030599333438888904,0.5227075868753158,-0.06466238095328757,0.09363625415763897,-0.10075331275229708,0.0,False,False,0.5235987755982988
2.083,0.5237114573089776,-0.0029008557805147344,0.5238497293177069,0.05601810138114925,-0.07173888860672466,0.09363625415763897,0.0,False,False,0.5235987755982988
2.084,0.5237141140743328,0.0026567653552051736,0.5246063326932687,0.12607662879921694,-0.16942798226851877,-0.07173888860672466,0.0,False,False,0.5235987755982988
2.085,0.5237123808938632,-0.001733180469571759,0.5243905049769935,0.09188619429176893,-0.12451456196662641,-0.16942798226851877,0.0,False,False,0.5235987755982988
2.086,0.5237027019034595,-0.00967899040376016,0.5236195493677721,0.005602013940456285,-0.007096344579066804,-0.12451456196662641,0.0,False,False,0.5235987755982988
2.087,0.5236895323073266,-0.01316959613283805,0.523281145932884,-0.0287985309424006,0.04027557110834749,-0.007096344579066804,0.0,False,False,0.5235987755982988
2.088,0.5236795246773972,-0.010007629929406008,0.5231303180083521,-0.041001470301352094,0.057634000980663756,0.04027557110834749,0.0,False,False,0.5235987755982988
2.089,0.5236743453593313,-0.00517931806589861,0.5240825951352183,0.05832638941540164,-0.07870041896303206,0.057634000980663756,0.0,False,False,0.5235987755982988
2.09,0.5236735884269046,-0.0007569324267540202,0.5238438487626579,0.02861911321782315,-0.038754252819850975,-0.07870041896303206,0.0,False,False,0.5235987755982988
2.091,0.523669126472629,-0.004461954275572993,0.5242183850842153,0.0632108340517781,-0.08700597160862962,-0.038754252819850975,0.0,False,False,0.5235987755982988
2.092,0.5236640614649246,-0.005065007704322711,0.5237791430767308,0.012965549898153919,-0.018805274489560257,-0.08700597160862962,0.0,False,False,0.5235987755982988
2.093,0.5236561542484603,-0.00790721646426517,0.5243706605849703,0.07082074573228771,-0.09887882463883166,-0.018805274489560257,0.0,False,False,0.5235987755982988
2.094,0.5236495942322702,-0.006560016190201749,0.5237321417896659,-0.00011320837138206752,-0.002264741398948544,-0.09887882463883166,0.0,False,False,0.5235987755982988
2.095,0.523640016854551,-0.009577377719215692,0.5243247869395382,0.05916262745299008,-0.08406335708589723,-0.002264741398948544,0.0,False,False,0.5235987755982988
2.096,0.5236330365729627,-0.006980281588306049,0.5243929728001745,0.060064950771319355,-0.08637349055934546,-0.08406335708589723,0.0,False,False,0.5235987755982988
2.097,0.5236238940499829,-0.009142522979806552,0.522921812119113,-0.09305761241195819,0.1238544775196938,-0.08637349055934546,0.0,False,False,0.5235987755982988
2.098,0.5236130358568757,-0.01085819310723143,0.5220351325084642,-0.1724198122356434,0.23504935029979465,0.1238544775196938,0.0,False,False,0.5235987755982988
2.099,0.5236113849442573,-0.0016509126183898246,0.5249583365601805,0.13714257415955192,-0.18904318630533332,0.23504935029979465,0.0,False,False,0.5235987755982988
2.1,0.5236219872547516,0.010602310494341833,0.5238459642499975,0.012191085725294898,-0.019078698600930553,-0.18904318630533332,0.0,False,False,0.5235987755982988
2.101,0.5236201821803287,-0.0018050744229880823,0.5221240109875581,-0.16122334909117475,0.22001378190274226,-0.019078698600930553,0.0,False,False,0.5235987755982988
2.102,0.5236179704480097,-0.0022117323189498475,0.5229950454234399,-0.05799757059388051,0.08046422786011735,0.22001378190274226,0.0,False,False,0.5235987755982988
2.103,0.5236274290797611,0.009458631751446026,0.5243010164704288,0.07839929116440048,-0.10671948509562057,0.08046422786011735,0.0,False,False,0.5235987755982988
2.104,0.5236382296987551,0.010800618993971002,0.5233941656215144,-0.02012572284347934,0.027833846994294368,-0.10671948509562057,0.0,False,False,0.5235987755982988
2.105,0.5236406930726537,0.002463373898672039,0.523193835185676,-0.038146194142976125,0.05306436039878256,0.027833846994294368,0.0,False,False,0.5235987755982988
2.106,0.5236438029877661,0.003109915112396342,0.5248663030324624,0.13291520994996442,-0.1823137457549018,0.05306436039878256,0.0,False,False,0.5235987755982988
2.107,0.5236486281541263,0.004825166360158962,0.5227346977082156,-0.0935368434697152,0.12779761418515673,-0.1823137457549018,0.0,False,False,0.5235987755982988
2.108,0.5236428982289489,-0.005729925177317548,0.5229463780275154,-0.06301512719275806,0.08736130890541073,0.12779761418515673,0.0,False,False,0.5235987755982988
2.109,0.523645254544932,0.0023563159830661488,0.5238297240441209,0.03162098718706236,-0.042102256649271814,0.08736130890541073,0.0,False,False,0.5235987755982988
2.11,0.5236512658589425,0.006011314010417556,0.523992002066192,0.04468669067546996,-0.06070210523264142,-0.042102256649271814,0.0,False,False,0.5235987755982988
2.111,0.5236533970335411,0.002131174598595683,0.5240865380419704,0.04967161918575833,-0.06838566700899784,-0.06070210523264142,0.0,False,False,0.5235987755982988
2.112,0.5236518476347576,-0.0015493987834432764,0.5244470528421157,0.08075593728171424,-0.11217611512676064,-0.06838566700899784,0.0,False,False,0.5235987755982988
2.113,0.5236473490421949,-0.004498592562671096,0.523820641579943,0.010039217336276246,-0.016040648473127063,-0.11217611512676064,0.0,False,False,0.5235987755982988
2.114,0.5236385869074903,-0.008762134704622723,0.5240656549595331,0.03353663356165284,-0.048647788776199734,-0.016040648473127063,0.0,False,False,0.5235987755982988
2.115,0.5236315302322421,-0.00705667524824778,0.5234053274809068,-0.035849777657133465,0.04650179930161562,-0.048647788776199734,0.0,False,False,0.5235987755982988
2.116,0.5236241027118808,-0.0074275203612826635,0.5236788173032255,-0.004915817659552804,0.004458230502782706,0.04650179930161562,0.0,False,False,0.5235987755982988
2.117,0.5236211611598548,-0.0029415520259882116,0.5237150024348732,-0.0008057227288260603,-0.00112521578374825,0.004458230502782706,0.0,False,False,0.5235987755982988
2.118,0.5236193304426376,-0.0018307172171817504,0.5238070389768849,0.008478503745218526,-0.01392294530881091,-0.00112521578374825,0.0,False,False,0.5235987755982988
2.119,0.523617998473865,-0.0013319687726097288,0.5242921666361172,0.05614341929393316,-0.07985314183345105,-0.01392294530881091,0.0,False,False,0.5235987755982988
2.12,0.523616374686605,-0.0016237872599767639,0.5241008306855134,0.03139548230415659,-0.04671157033485017,-0.07985314183345105,0.0,False,False,0.5235987755982988
2.121,0.5236112508060412,-0.005123880563844515,0.5236498374203398,-0.016843392443620653,0.019292958135607607,-0.04671157033485017,0.0,False,False,0.5235987755982988
2.122,0.5236053162359656,-0.0059345700755511046,0.5228992206109324,-0.0902207341399942,0.12085687074058826,0.019292958135607607,0.0,False,False,0.5235987755982988
2.123,0.5236020999474776,-0.0032162884880018805,0.5236611542605857,-0.00500529576066798,0.004883538991637987,0.12085687074058826,0.0,False,False,0.5235987755982988
2.124,0.5236058960216452,0.0037960741675195286,0.5235814458918678,-0.01247560305638575,0.015282658383420532,0.004883538991637987,0.0,False,False,0.5235987755982988
2.125,0.523608795747508,0.0028997258627522582,0.5237773784786052,0.008365215922986337,-0.013253110953098004,0.015282658383420532,0.0,False,False,0.5235987755982988
2.126,0.5236115841343274,0.0027883868194575135,0.5255371407162364,0.18350491809380673,-0.25509647383544387,-0.013253110953098004,0.0,False,False,0.5235987755982988
2.1270000000000002,0.5236128675741913,0.0012834398639461988,0.5231557895982981,-0.07298068550939851,0.09555057061129081,-0.25509647383544387,0.0,False,False,0.5235987755982988
2.128,0.523601006552302,-0.011861021889340502,0.5239695232412398,0.01569074733570963,-0.02550235437578925,0.09555057061129081,0.0,False,False,0.5235987755982988
2.129,0.5235971630216606,-0.0038435306414290986,0.5245295720719645,0.07012655567460775,-0.10090620333551142,-0.02550235437578925,0.0,False,False,0.5235987755982988
2.13,0.5235931988183657,-0.003964203294882929,0.5236787216220803,-0.02197114488127297,0.02492634542946103,-0.10090620333551142,0.0,False,False,0.5235987755982988
2.1310000000000002,0.5235853790893507,-0.007819729015038746,0.5256255338259124,0.1749071899900625,-0.246370276085119,0.02492634542946103,0.0,False,False,0.5235987755982988
2.132,0.5235810702184855,-0.004308870865063907,0.5232511687013545,-0.0800200414647346,0.10228097390267986,-0.246370276085119,0.0,False,False,0.5235987755982988
2.133,0.5235657330950187,-0.015337123466759165,0.5238485542950044,-0.012279477953264326,0.010239357003216104,0.10228097390267986,0.0,False,False,0.5235987755982988
2.134,0.5235594419546493,-0.006291140369437892,0.5228623524380379,-0.10967171585458962,0.14486167591020377,0.010239357003216104,0.0,False,False,0.5235987755982988
2.1350000000000002,0.5235555154092391,-0.003926545410252396,0.5232487522077165,-0.06006456730127264,0.07837790179200894,0.14486167591020377,0.0,False,False,0.5235987755982988
2.136,0.5235600107125541,0.00449530331506446,0.5237772465303684,-0.001208678305955821,-0.0017620628101053526,0.07837790179200894,0.0,False,False,0.5235987755982988
2.137,0.5235670805990225,0.00706988646833554,0.5243056202170361,0.051749558191409105,-0.07482267296696174,-0.0017620628101053526,0.0,False,False,0.5235987755982988
2.138,0.5235719972777677,0.004916678745240089,0.5238504600517585,0.0010585858445102611,-0.005800623175686706,-0.07482267296696174,0.0,False,False,0.5235987755982988
2.1390000000000002,0.5235717071650036,-0.0002901127641836837,0.5246704921540858,0.08295593749278761,-0.11883802299551063,-0.005800623175686706,0.0,False,False,0.5235987755982988
2.14,0.5235712152092571,-0.0004919557465078134,0.523488342342006,-0.043554637464466917,0.05425336357063044,-0.11883802299551063,0.0,False,False,0.5235987755982988
2.141,0.5235649308771491,-0.006284332107981382,0.523275059151289,-0.060527492789720846,0.07845988739384127,0.05425336357063044,0.0,False,False,0.5235987755982988
2.142,0.5235632099599001,-0.0017209172489645371,0.525922882112246,0.21030755258495143,-0.29420298035299147,0.07845988739384127,0.0,False,False,0.5235987755982988
2.1430000000000002,0.5235659339254785,0.0027239655783223857,0.5239099711763828,-0.012014296259863555,0.00881563510632406,-0.29420298035299147,0.0,False,False,0.5235987755982988
2.144,0.5235531246722382,-0.012809253240250229,0.522925258578005,-0.10928412647166177,0.14326425813128316,0.00881563510632406,0.0,False,False,0.5235987755982988
2.145,0.5235441987247168,-0.008925947521451604,0.5229383392982913,-0.09704764179586822,0.12834502355517796,0.14326425813128316,0.0,False,False,0.5235987755982988
2.146,0.5235449847980673,0.0007860733505638106,0.5227223413830178,-0.10894266914363054,0.1465070188474156,0.12834502355517796,0.0,False,False,0.5235987755982988
2.1470000000000002,0.523551949277653,0.006964479585668604,0.5243692602243022,0.06664348189917531,-0.09384090154707113,0.1465070188474156,0.0,False,False,0.5235987755982988
2.148,0.5235642024530356,0.012253175382614463,0.523246223279011,-0.052324560819856675,0.06913541473100784,-0.09384090154707113,0.0,False,False,0.5235987755982988
2.149,0.5235684385948394,0.004236141803737537,0.5236795833220242,-0.003756100436551231,0.0030527814968037553,0.06913541473100784,0.0,False,False,0.5235987755982988
2.15,0.5235748623896059,0.006423794766575654,0.5235194406159797,-0.019394760997354696,0.024701742878570458,0.0030527814968037553,0.0,False,False,0.5235987755982988
2.1510000000000002,0.5235795496345126,0.00468724490663863,0.5242178971831081,0.05239037181522213,-0.07401263470483317,0.024701742878570458,0.0,False,False,0.5235987755982988
2.152,0.5235840722357911,0.004522601278449434,0.5228451486186592,-0.09012352181119118,0.12171351180694319,-0.07401263470483317,0.0,False,False,0.5235987755982988
2.153,0.5235835419973488,-0.0005302384422281852,0.5226449281105289,-0.10113322044310094,0.1385291193115801,0.12171351180694319,0.0,False,False,0.5235987755982988
2.154,0.5235892585897243,0.00571659237552537,0.5237849949154081,0.02298678208913052,-0.030936086214923497,0.1385291193115801,0.0,False,False,0.5235987755982988
2.1550000000000002,0.5236002090203278,0.010950430603555834,0.52412464492975,0.05465310531440603,-0.07504937434340805,-0.030936086214923497,0.0,False,False,0.5235987755982988
2.156,0.5236065768828256,0.0063678624978650055,0.523896766069467,0.026399908754668366,-0.03704371898662938,-0.07504937434340805,0.0,False,False,0.5235987755982988
2.157,0.5236073184856309,0.0007416028052373387,0.5229009368498662,-0.07582300408088255,0.10354870236884685,-0.03704371898662938,0.0,False,False,0.5235987755982988
2.158,0.5236059825571436,-0.0013359284872347197,0.5241971996134861,0.06138557268919943,-0.0844343195004104,0.10354870236884685,0.0,False,False,0.5235987755982988
2.1590000000000003,0.5236102295910373,0.004247033893662694,0.5229610884732995,-0.06836409859838291,0.09351528656804765,-0.0844343195004104,0.0,False,False,0.5235987755982988
2.16,0.5236089826226601,-0.0012469683772699126,0.5231538542962645,-0.042251106442043315,0.058709911167069896,0.09351528656804765,0.0,False,False,0.5235987755982988
2.161,0.5236127900130133,0.0038073903531944155,0.522789035163403,-0.074507909083985,0.1039848187289062,0.058709911167069896,0.0,False,False,0.5235987755982988
2.162,0.5236183890533207,0.005599040307410295,0.5247538639170102,0.1294257571851285,-0.1761024983589587,0.1039848187289062,0.0,False,False,0.5235987755982988
2.1630000000000003,0.5236275277743887,0.009138721067953161,0.5241802923465879,0.059126024424389675,-0.08141853077847143,-0.1761024983589587,0.0,False,False,0.5235987755982988
2.164,0.523625259313315,-0.0022684610736971172,0.5241532156312326,0.050505750446421735,-0.07058682112851469,-0.08141853077847143,0.0,False,False,0.5235987755982988
2.165,0.5236196066344811,-0.005652678833874649,0.5247080039228518,0.10093400456369414,-0.14108691531838619,-0.07058682112851469,0.0,False,False,0.5235987755982988
2.166,0.5236120992718883,-0.00750736259285595,0.5260665987761638,0.22670008943852699,-0.316460924527802,-0.14108691531838619,0.0,False,False,0.5235987755982988
2.1670000000000003,0.5235997196622426,-0.012379609645769767,0.5221081385035292,-0.19181594676878344,0.2570106038283929,-0.316460924527802,0.0,False,False,0.5235987755982988
2.168,0.5235748690315037,-0.02485063073887174,0.5229305139087076,-0.09039681157406741,0.12050488430152287,0.2570106038283929,0.0,False,False,0.5235987755982988
2.169,0.5235680453898318,-0.0068236416719543724,0.5230303311904518,-0.07137540224223657,0.09588248203192952,0.12050488430152287,0.0,False,False,0.5235987755982988
2.17,0.5235692454807488,0.0012000909170261746,0.5228267652931912,-0.08459445174408005,0.11540952758483378,0.09588248203192952,0.0,False,False,0.5235987755982988
2.1710000000000003,0.5235748752996054,0.005629818856634447,0.5226345065178546,-0.0953608841033294,0.1317899043719913,0.11540952758483378,0.0,False,False,0.5235987755982988
2.172,0.5235846073690464,0.00973206944094765,0.5233231107399736,-0.01696437348109378,0.025319215627166092,0.1317899043719913,0.0,False,False,0.5235987755982988
2.173,0.5235981809064513,0.01357353740479622,0.5225364938802615,-0.09392962210419964,0.13183661744971187,0.025319215627166092,0.0,False,False,0.5235987755982988
2.174,0.5236094221591928,0.011241252741501052,0.5239018017815531,0.05199413023538377,-0.06784742758103765,0.13183661744971187,0.0,False,False,0.5235987755982988
2.1750000000000003,0.5236241532404704,0.01473108127762494,0.5236692685368046,0.02354139273699755,-0.02951854417750157,-0.06784742758103765,0.0,False,False,0.5235987755982988
2.176,0.5236316706738855,0.007517433415100102,0.5240514473737153,0.05940513715436961,-0.07943425654274097,-0.02951854417750157,0.0,False,False,0.5235987755982988
2.177,0.5236355274090079,0.0038567351224207446,0.5240786040683649,0.056180292903891475,-0.07605326394585979,-0.07943425654274097,0.0,False,False,0.5235987755982988
2.178,0.5236342541153263,-0.0012732936816200174,0.5241604768655456,0.058749543331566095,-0.08061007480832082,-0.07605326394585979,0.0,False,False,0.5235987755982988
2.179,0.5236295647244715,-0.004689390854721919,0.5233037039542742,-0.03280270212873023,0.044674532146919924,-0.08061007480832082,0.0,False,False,0.5235987755982988
2.18,0.523622245178897,-0.007319545574532977,0.5254732919930427,0.18743637196099713,-0.2586649414585867,0.044674532146919924,0.0,False,False,0.5235987755982988
2.181,0.5236192914465937,-0.002953732303336176,0.5238238711891806,0.003750654378687407,-0.008552505890297223,-0.2586649414585867,0.0,False,False,0.5235987755982988
2.182,0.5236042960150686,-0.014995431525106712,0.521978971454994,-0.181114384477848,0.24649373595290527,-0.008552505890297223,0.0,False,False,0.5235987755982988
2.183,0.5235927430159246,-0.011552999144013103,0.5227180051606369,-0.08909957546576437,0.12277335843683111,0.24649373595290527,0.0,False,False,0.5235987755982988
2.184,0.5235966866472078,0.003943631283225814,0.522077811257241,-0.14420900825878596,0.20042816804958466,0.12277335843683111,0.0,False,False,0.5235987755982988
2.185,0.523605585180797,0.008898533589175233,0.5236207124984622,0.02450201668921767,-0.029797284230002195,0.20042816804958466,0.0,False,False,0.5235987755982988
2.186,0.5236219632097335,0.016378028936488116,0.5235156680994405,0.01154737511812559,-0.012360915162301042,-0.029797284230002195,0.0,False,False,0.5235987755982988
2.187,0.5236327390332823,0.01077582354876223,0.5232239604968174,-0.01877812265599621,0.02928041901386078,-0.012360915162301042,0.0,False,False,0.5235987755982988
2.188,0.5236399012734525,0.007162240170213854,0.5253947653572384,0.20018017565170165,-0.27254402644295433,0.02928041901386078,0.0,False,False,0.5235987755982988
2.189,0.5236464375858699,0.006536312417377229,0.5241255155203551,0.0532371743982058,-0.0733659278748607,-0.27254402644295433,0.0,False,False,0.5235987755982988
2.19,0.5236374266122652,-0.009010973604734938,0.524271066967294,0.06246860165226929,-0.08706356662463602,-0.0733659278748607,0.0,False,False,0.5235987755982988
2.191,0.523627317485661,-0.010109126604138177,0.5228148025885302,-0.0894046963893359,0.1213971498430383,-0.08706356662463602,0.0,False,False,0.5235987755982988
2.192,0.5236156940018765,-0.011623483784603867,0.5227437755989661,-0.08756692570680945,0.12047031083615985,0.1213971498430383,0.0,False,False,0.5235987755982988
2.193,0.5236133279795055,-0.002366022370869157,0.5236454468366096,0.011356890628222358,-0.014468351043461475,0.12047031083615985,0.0,False,False,0.5235987755982988
2.194,0.5236177014506247,0.004373471119149277,0.5237686786614442,0.02254438404885366,-0.030111515995240676,-0.014468351043461475,0.0,False,False,0.5235987755982988
2.195,0.5236200424896745,0.0023410390497925542,0.5220001050502244,-0.15656741547800537,0.2166569684389454,-0.030111515995240676,0.0,False,False,0.5235987755982988
2.196,0.5236201694670668,0.00012697739224155338,0.5234628219064071,0.005361011688066214,-0.0039860475716292695,0.2166569684389454,0.0,False,False,0.5235987755982988
2.197,0.5236310906922655,0.01092122519876146,0.5236433709012034,0.022879809998884386,-0.028258487450943538,-0.0039860475716292695,0.0,False,False,0.5235987755982988
2.198,0.5236387835558427,0.007692863577118663,0.5234510304895614,0.0013577878348003704,0.0010300665555124835,-0.028258487450943538,0.0,False,False,0.5235987755982988
2.199,0.5236428323256126,0.0040487697698950356,0.5229330152856324,-0.050579511341581965,0.0726790992378937,0.0010300665555124835,0.0,False,False,0.5235987755982988
2.2,0.5236457180975483,0.0028857719357885375,0.5231748848298048,-0.021334605790185826,0.0332315607811155,0.0726790992378937,0.0,False,False,0.5235987755982988
2.201,0.5236513665081094,0.005648410561105877,0.5234970277460961,0.013013146417961783,-0.013784314361904852,0.0332315607811155,0.0,False,False,0.5235987755982988
2.202,0.5236570030399598,0.005636531850353635,0.5237362410086039,0.035633158026952064,-0.04523416701783475,-0.013784314361904852,0.0,False,False,0.5235987755982988
2.203,0.523660280241228,0.0032772012682196665,0.5241880604614207,0.07725178750593725,-0.10330927254331945,-0.04523416701783475,0.0,False,False,0.5235987755982988
2.204,0.5236603081707955,2.7929567491551035e-05,0.5246035331466457,0.111073877277834,-0.15137428860364383,-0.10330927254331945,0.0,False,False,0.5235987755982988
2.205,0.5236551621461527,-0.005146024642745167,0.5233982953000876,-0.02055729510575098,0.02827739949470243,-0.15137428860364383,0.0,False,False,0.5235987755982988
2.206,0.5236439786085172,-0.0111835376355465,0.5232459072322379,-0.03374037238015434,0.04684007744528259,0.02827739949470243,0.0,False,False,0.5235987755982988
2.207,0.5236372978737529,-0.006680734764322848,0.5240192244984132,0.04696539147539659,-0.06392654997253491,0.04684007744528259,0.0,False,False,0.5235987755982988
2.208,0.5236349187255305,-0.002379148222382059,0.5241679814760524,0.05714455009177333,-0.07881916590969196,-0.06392654997253491,0.0,False,False,0.5235987755982988
2.209,0.5236300631631166,-0.004855562413930318,0.5232511518044188,-0.04025287208075744,0.05456067478674858,-0.07881916590969196,0.0,False,False,0.5235987755982988
2.21,0.5236227147731257,-0.0073483899907920164,0.524312463201093,0.06990355479473855,-0.09673064260398224,0.05456067478674858,0.0,False,False,0.5235987755982988
2.211,0.5236202342055312,-0.002480567594502603,0.5244750836809033,0.07917524729629517,-0.11078384224243569,-0.09673064260398224,0.0,False,False,0.5235987755982988
2.212,0.5236136674058229,-0.0065667997082118875,0.5247408764922825,0.09783700370458295,-0.13796222053720614,-0.11078384224243569,0.0,False,False,0.5235987755982988
2.213,0.5236034898515545,-0.01017755426846366,0.5251553676005201,0.12950241415787933,-0.18342155302943763,-0.13796222053720614,0.0,False,False,0.5235987755982988
2.214,0.5235892693183157,-0.014220533238712425,0.5228331786027146,-0.11566672703845376,0.1525808183666602,-0.18342155302943763,0.0,False,False,0.5235987755982988
2.215,0.5235696025108906,-0.01966680742511148,0.5235817309865397,-0.029244815952098782,0.03540058215418251,0.1525808183666602,0.0,False,False,0.5235987755982988
2.216,0.5235621704613552,-0.007432049535333848,0.5235720121082571,-0.027292222185149425,0.03323240944293017,0.03540058215418251,0.0,False,False,0.5235987755982988
2.217,0.5235586705246466,-0.0034999367086606514,0.523473085190643,-0.034455691728049534,0.04360925741146501,0.03323240944293017,0.0,False,False,0.5235987755982988
2.218,0.5235578856006863,-0.0007849239602635396,0.5229912968177709,-0.07918895984244953,0.1059613698604419,0.04360925741146501,0.0,False,False,0.5235987755982988
2.219,0.523559519635656,0.001634034969653518,0.5222631222257107,-0.144087523064225,0.19694678838365615,0.1059613698604419,0.0,False,False,0.5235987755982988
2.22,0.5235659560803304,0.00643644467443031,0.5236468341544369,0.008692422114819132,-0.011295960548268712,0.19694678838365615,0.0,False,False,0.5235987755982988
2.221,0.5235803471966594,0.014391116328949717,0.5229098303923871,-0.06587719630163981,0.09145364926837789,-0.011295960548268712,0.0,False,False,0.5235987755982988
2.222,0.5235904161459555,0.010068949296151493,0.5236654596146703,0.016273445556835783,-0.02072844696288892,0.09145364926837789,0.0,False,False,0.5235987755982988
2.223,0.5236022285574083,0.011812411452843872,0.5229092948470663,-0.06097037575924618,0.08557510443328115,-0.02072844696288892,0.0,False,False,0.5235987755982988
2.224,0.523609775246168,0.0075466887596835185,0.5226501423070671,-0.08078859218324122,0.11402170986206074,0.08557510443328115,0.0,False,False,0.5235987755982988
2.225,0.5236194081613341,0.009632915166082615,0.5238238720523641,0.04466324156478872,-0.057647626050922246,0.11402170986206074,0.0,False,False,0.5235987755982988
2.226,0.5236320182662844,0.012610104950205476,0.5237637221440299,0.0341819265748848,-0.04398734971302103,-0.057647626050922246,0.0,False,False,0.5235987755982988
2.227,0.5236383451493943,0.00632688310998168,0.5241438640342441,0.06877792293881438,-0.09234509937359177,-0.04398734971302103,0.0,False,False,0.5235987755982988
2.228,0.5236406101721455,0.002265022751088852,0.5255481361583471,0.2023273430552319,-0.2778813017471466,-0.09234509937359177,0.0,False,False,0.5235987755982988
2.229,0.523637572263262,-0.0030379088835036875,0.523879553028309,0.015236295745905015,-0.023337548635269687,-0.2778813017471466,0.0,False,False,0.5235987755982988
2.23,0.5236215568685477,-0.016015394714281782,0.5240448705673808,0.030244420078493046,-0.04432301353766746,-0.023337548635269687,0.0,False,False,0.5235987755982988
2.231,0.5236084254592309,-0.013131409316762295,0.5226680758051859,-0.11045949814884395,0.14930399405464473,-0.04432301353766746,0.0,False,False,0.5235987755982988
2.232,0.5235965868841477,-0.011838575083273047,0.5224735482838591,-0.1188663004666466,0.16289365221989158,0.14930399405464473,0.0,False,False,0.5235987755982988
2.233,0.5235954485512877,-0.0011383328600095485,0.5249767278184735,0.143338283041461,-0.19680907961289731,0.16289365221989158,0.0,False,False,0.5235987755982988
2.234,0.5236028005859419,0.007352034654232609,0.5227969124491705,-0.08897708219298567,0.12120603531589282,-0.19680907961289731,0.0,False,False,0.5235987755982988
2.235,0.523598171405313,-0.004629180628934592,0.5226871583426228,-0.0910547846284548,0.12567485215631397,0.12120603531589282,0.0,False,False,0.5235987755982988
2.236,0.5236009855174891,0.0028141121761199542,0.5235668652720288,0.006021386774988341,-0.006651278257125381,0.12567485215631397,0.0,False,False,0.5235987755982988
2.237,0.5236092334097996,0.008247892310495483,0.5235305256811118,0.0017852890057916716,-0.0009138482975837676,-0.006651278257125381,0.0,False,False,0.5235987755982988
2.238,0.523614772722458,0.005539312658404282,0.5228271872195527,-0.06872708605069969,0.09636109407827005,-0.0009138482975837676,0.0,False,False,0.5235987755982988
2.239,0.5236186236191367,0.003850896678679992,0.5233524842792893,-0.009324671471971267,0.01562284950853743,0.09636109407827005,0.0,False,False,0.5235987755982988
2.24,0.5236261359659719,0.007512346835171924,0.524698968666825,0.12625623442879652,-0.17131095654802664,0.01562284950853743,0.0,False,False,0.5235987755982988
2.241,0.5236322460338432,0.006110067871328462,0.5229288839226359,-0.06337786343298799,0.08811148628151765,-0.17131095654802664,0.0,False,False,0.5235987755982988
2.242,0.5236279880684602,-0.004257965382941094,0.5224117793911283,-0.10875053024045533,0.15186656801761636,0.08811148628151765,0.0,False,False,0.5235987755982988
2.243,0.5236294111429549,0.0014230744946620785,0.5244519792526048,0.10614450893124229,-0.14273107649499817,0.15186656801761636,0.0,False,False,0.5235987755982988
2.244,0.5236379956502296,0.008584507274705083,0.5240676057507656,0.0570927078542006,-0.07695019216944299,-0.14273107649499817,0.0,False,False,0.5235987755982988
2.245,0.5236369812232667,-0.0010144269629240085,0.5230954765732541,-0.04582948068237436,0.06405475926965484,-0.07695019216944299,0.0,False,False,0.5235987755982988
2.246,0.5236324274117833,-0.004553811483460851,0.5222517262243899,-0.12562156750055609,0.17499276973102837,0.06405475926965484,0.0,False,False,0.5235987755982988
2.247,0.5236324375681393,1.0156355935229955e-05,0.5229826311052841,-0.03996892266107818,0.059053308067558874,0.17499276973102837,0.0,False,False,0.5235987755982988
2.248,0.5236411942754499,0.00875670731054425,0.5235934556485264,0.025110423929264603,-0.030036749619214764,0.059053308067558874,0.0,False,False,0.5235987755982988
2.249,0.5236503975298833,0.00920325443341386,0.524667638328237,0.13001764950739814,-0.1752607085477658,-0.030036749619214764,0.0,False,False,0.5235987755982988
2.25,0.5236554808328694,0.005083302986111328,0.5227508924114543,-0.07465870712161189,0.10485234590913488,-0.1752607085477658,0.0,False,False,0.5235987755982988
2.251,0.5236502877875042,-0.005193045365128423,0.5235765302767157,0.015370950116684559,-0.018044724351525213,0.10485234590913488,0.0,False,False,0.5235987755982988
2.2520000000000002,0.5236518819531678,0.0015941656635673077,0.524241056815289,0.08028650896234565,-0.10790487266063785,-0.018044724351525213,0.0,False,False,0.5235987755982988
2.253,0.5236520902665236,0.0002083133557482799,0.5215740424937568,-0.19444357408710458,0.2697774847862813,-0.10790487266063785,0.0,False,False,0.5235987755982988
2.254,0.523646840011246,-0.00525025527761806,0.5245489886308514,0.12249539703106499,-0.16409831102322486,0.2697774847862813,0.0,False,False,0.5235987755982988
2.255,0.5236566394970276,0.009799485781613236,0.5226247567106729,-0.08217733468989574,0.11614514160514178,-0.16409831102322486,0.0,False,False,0.5235987755982988
2.2560000000000002,0.5236554696931588,-0.00116980386873684,0.5239451904162892,0.05808376934072354,-0.07593598993269471,0.11614514160514178,0.0,False,False,0.5235987755982988
2.257,0.5236604623670914,0.004992673932591011,0.5238757340255863,0.045329753336362966,-0.059380955694810146,-0.07593598993269471,0.0,False,False,0.5235987755982988
2.258,0.5236601708250261,-0.00029154206527903705,0.5246066510026945,0.11388847571355201,-0.15480792813538555,-0.059380955694810146,0.0,False,False,0.5235987755982988
2.259,0.5236569988577695,-0.003171967256682096,0.5241377710765747,0.05561163553020877,-0.07643588124521582,-0.15480792813538555,0.0,False,False,0.5235987755982988
2.2600000000000002,0.5236470428730295,-0.009955984739912549,0.5215724655551773,-0.20648008016254524,0.2842496769712409,-0.07643588124521582,0.0,False,False,0.5235987755982988
2.261,0.5236360672258441,-0.01097564718541728,0.5229512181376343,-0.04795681390058973,0.06920421097266816,0.2842496769712409,0.0,False,False,0.5235987755982988
2.262,0.5236423456074459,0.00627838160186675,0.523762952334964,0.03801228722242978,-0.04856992592688814,0.06920421097266816,0.0,False,False,0.5235987755982988
2.263,0.5236502350967486,0.007889489302638476,0.5234800830473508,0.00592412973887492,-0.004972489769586169,-0.04856992592688814,0.0,False,False,0.5235987755982988
2.2640000000000002,0.5236534132645858,0.0031781678372597823,0.5240702072534412,0.06434413737402664,-0.08569873464139528,-0.004972489769586169,0.0,False,False,0.5235987755982988
2.265,0.5236553845901393,0.0019713255534653173,0.5243442368602175,0.0853126843142489,-0.1157935238916345,-0.08569873464139528,0.0,False,False,0.5235987755982988
2.266,0.523652473603783,-0.0029109863563244543,0.5241834479107917,0.06070252094025126,-0.08336712675317423,-0.1157935238916345,0.0,False,False,0.5235987755982988
2.267,0.5236446517660874,-0.00782183769558673,0.5234576616034826,-0.017946361884686714,0.024075686168315655,-0.08336712675317423,0.0,False,False,0.5235987755982988
2.2680000000000002,0.5236349266663088,-0.009725099778559254,0.5220236936690347,-0.1595485191410124,0.21980969769596945,0.024075686168315655,0.0,False,False,0.5235987755982988
2.269,0.5236291516853198,-0.0057749809891009685,0.5232316693116391,-0.022796102966467002,0.03396323671963504,0.21980969769596945,0.0,False,False,0.5235987755982988
2.27,0.5236360761873311,0.00692450201134716,0.5239994259416039,0.056259170326655214,-0.07472271057147721,0.03396323671963504,0.0,False,False,0.5235987755982988
2.271,0.5236426730119981,0.006596824666936325,0.5226910782681815,-0.08020151404824637,0.11258036880000717,-0.07472271057147721,0.0,False,False,0.5235987755982988
2.2720000000000002,0.523643597045173,0.0009240331749910593,0.5241944881714361,0.07815962768203757,-0.10451437953491623,0.11258036880000717,0.0,False,False,0.5235987755982988
2.273,0.523649869387778,0.006272342605025432,0.5244425920847962,0.09515405624983919,-0.12937356425675914,-0.10451437953491623,0.0,False,False,0.5235987755982988
2.274,0.5236490685771363,-0.0008008106416663519,0.5237597808995569,0.017357532100927914,-0.023727133943758683,-0.12937356425675914,0.0,False,False,0.5235987755982988
2.275,0.5236420424064097,-0.007026170726657659,0.5209683900952365,-0.26351730154119857,0.36356770090455914,-0.023727133943758683,0.0,False,False,0.5235987755982988
2.2760000000000002,0.5236358831967317,-0.006159209677910804,0.5225205406936945,-0.08195051154128632,0.11774884213242183,0.36356770090455914,0.0,False,False,0.5235987755982988
2.277,0.5236497184921641,0.013835295432448078,0.5252957290487754,0.20376337512093712,-0.2750612122537034,0.11774884213242183,0.0,False,False,0.5235987755982988
2.278,0.5236657912013751,0.01607270921099698,0.5231888470026287,-0.02730116700582949,0.04014011512905769,-0.2750612122537034,0.0,False,False,0.5235987755982988
2.279,0.5236640501733981,-0.0017410279770313924,0.5219325585696615,-0.1501998936019677,0.21023177883783337,0.04014011512905769,0.0,False,False,0.5235987755982988
2.2800000000000002,0.5236648441083279,0.0007939349297631537,0.5247428008084617,0.14584431963825104,-0.19560563734883307,0.21023177883783337,0.0,False,False,0.5235987755982988
2.281,0.5236759084010129,0.011064292684977235,0.5236875633533122,0.02573614215947992,-0.032481550181617455,-0.19560563734883307,0.0,False,False,0.5235987755982988
2.282,0.5236741306008489,-0.0017778001639891187,0.5246383730793943,0.11824350055173993,-0.1606049553218069,-0.032481550181617455,0.0,False,False,0.5235987755982988
2.283,0.5236712677741342,-0.002862826714647347,0.5239129598128611,0.03387782384324671,-0.04630870447401759,-0.1606049553218069,0.0,False,False,0.5235987755982988
2.2840000000000003,0.5236612391808817,-0.01002859325253233,0.5240614075179819,0.04533481197100114,-0.06272914891949714,-0.04630870447401759,0.0,False,False,0.5235987755982988
2.285,0.523651714711393,-0.009524469488697288,0.5239685000407833,0.03151058305404209,-0.04446773962957167,-0.06272914891949714,0.0,False,False,0.5235987755982988
2.286,0.5236417511664906,-0.009963544902507893,0.5242504245433505,0.05655197500535223,-0.07959205101735242,-0.04446773962957167,0.0,False,False,0.5235987755982988
2.287,0.5236323681834797,-0.00938298301087168,0.5256198011741035,0.18783444058011528,-0.26177978906062177,-0.07959205101735242,0.0,False,False,0.5235987755982988
2.2880000000000003,0.5236216681993785,-0.010699984101190657,0.5244690310803892,0.05397398715068116,-0.08043338325844476,-0.26177978906062177,0.0,False,False,0.5235987755982988
2.289,0.5236008571851224,-0.02081101425610538,0.522221750965366,-0.17615142306670448,0.23616815107283515,-0.08043338325844476,0.0,False,False,0.5235987755982988
2.29,0.5235807763784274,-0.020080806695017817,0.5239705620826055,0.01634483096391165,-0.026305953874214416,0.23616815107283515,0.0,False,False,0.5235987755982988
2.291,0.5235771640171831,-0.0036123612442301063,0.5245732939047629,0.07498353008326254,-0.10752156561626906,-0.026305953874214416,0.0,False,False,0.5235987755982988
2.2920000000000003,0.5235733228832736,-0.0038411339095063145,0.524622877332796,0.0724435198782436,-0.10536605507484165,-0.10752156561626906,0.0,False,False,0.5235987755982988
2.293,0.5235652594134407,-0.008063469832937481,0.5231929763354509,-0.07779093184408867,0.1006535049441685,-0.10536605507484165,0.0,False,False,0.5235987755982988
2.294,0.5235542558610067,-0.011003552434009675,0.5245708616695742,0.06777669475265094,-0.09882958298613856,0.1006535049441685,0.0,False,False,0.5235987755982988
2.295,0.5235513329179687,-0.0029229430379777398,0.5243609408920948,0.04000694752944697,-0.0617273123236648,-0.09882958298613856,0.0,False,False,0.5235987755982988
2.2960000000000003,0.5235443508802353,-0.006982037733406242,0.5257892958472397,0.17884174829098395,-0.2540394624301159,-0.0617273123236648,0.0,False,False,0.5235987755982988
2.297,0.5235363238779009,-0.00802700233441283,0.5228818238932404,-0.12978962193803517,0.1686526770166928,-0.2540394624301159,0.0,False,False,0.5235987755982988
2.298,0.5235179136319433,-0.018410245957615354,0.5230751230977081,-0.09748073929746714,0.12640263216759356,0.1686526770166928,0.0,False,False,0.5235987755982988
2.299,0.5235123664988944,-0.005547133048938613,0.5232452272339595,-0.07072225174258011,0.09123057264920385,0.12640263216759356,0.0,False,False,0.5235987755982988
2.3000000000000003,0.5235147844270361,0.002417928141679737,0.523086984897817,-0.07947426018256988,0.10458134482775618,0.09123057264920385,0.0,False,False,0.5235987755982988
2.301,0.523521032347145,0.00624792010887931,0.5227443427224228,-0.10579105170373876,0.14232905381025548,0.10458134482775618,0.0,False,False,0.5235987755982988
2.302,0.5235306686512479,0.009636304102904978,0.5211197794643375,-0.25766827234188916,0.35382385722157034,0.14232905381025548,0.0,False,False,0.5235987755982988
2.303,0.5235446966858092,0.014028034561252295,0.5231653498321513,-0.027344408326317154,0.040614953782234973,0.35382385722157034,0.0,False,False,0.5235987755982988
2.3040000000000003,0.5235727282605589,0.028031574749740662,0.5238950539735859,0.048360446649772945,-0.06336554673489565,0.040614953782234973,0.0,False,False,0.5235987755982988
2.305,0.5235973643021812,0.02463604162225315,0.5231669470448391,-0.029286290889885117,0.042916463030136555,-0.06336554673489565,0.0,False,False,0.5235987755982988
2.306,0.5236136749148338,0.016310612652582646,0.5253026136115202,0.1872089948672105,-0.25531987807863743,0.042916463030136555,0.0,False,False,0.5235987755982988
2.307,0.5236280303285519,0.014355413718109692,0.523639702927153,0.0021970269437703305,-0.0033731242518998173,-0.25531987807863743,0.0,False,False,0.5235987755982988
2.308,0.5236258691676199,-0.002161160931972524,0.5247525045552136,0.11325748705545328,-0.15667610569101015,-0.0033731242518998173,0.0,False,False,0.5235987755982988
2.309,0.5236241938316409,-0.0016753359789595562,0.523852326178344,0.01191390066294594,-0.018860591236348184,-0.15667610569101015,0.0,False,False,0.5235987755982988
2.31,0.5236151928202426,-0.009001011398323697,0.5243363692462519,0.05912681738744599,-0.08422886652809128,-0.018860591236348184,0.0,False,False,0.5235987755982988
2.311,0.5236078164267655,-0.0073763934771695116,0.5238515006529918,0.0047272763226879205,-0.010221782571699173,-0.08422886652809128,0.0,False,False,0.5235987755982988
2.312,0.5235983758487083,-0.0094405780571317,0.5247928657775791,0.09839106114915033,-0.13956289660602567,-0.010221782571699173,0.0,False,False,0.5235987755982988
2.313,0.5235911009668675,-0.007274881840791884,0.5236399172589292,-0.026742896830753454,0.03135092630555684,-0.13956289660602567,0.0,False,False,0.5235987755982988
2.314,0.523578968085684,-0.012132881183353181,0.5240119150778578,0.013131174745182324,-0.023193920326280978,0.03135092630555684,0.0,False,False,0.5235987755982988
2.315,0.5235717018450593,-0.007266240624715294,0.5238913876375935,-0.00023468675577209552,-0.0049853926003771585,-0.023193920326280978,0.0,False,False,0.5235987755982988
2.316,0.5235653937414959,-0.006308103563443346,0.5233138172199988,-0.05796825983966015,0.07469116261699225,-0.0049853926003771585,0.0,False,False,0.5235987755982988
2.317,0.5235606936789405,-0.004700062555360661,0.5239141074228204,0.007857586426465467,-0.015105076553147214,0.07469116261699225,0.0,False,False,0.5235987755982988
2.318,0.5235611315976102,0.0004379186696096653,0.5255110014354815,0.16676122904992433,-0.23453353992919682,-0.015105076553147214,0.0,False,False,0.5235987755982988
2.319,0.5235606811561678,-0.00045044144241645123,0.5233247153098234,-0.06854350642087573,0.08718529289760862,-0.23453353992919682,0.0,False,False,0.5235987755982988
2.32,0.5235486409490837,-0.012040207084106625,0.5239146931229244,-0.0026913744686886953,-0.0024568660808337198,0.08718529289760862,0.0,False,False,0.5235987755982988
2.321,0.5235442390387465,-0.004401910337232479,0.524641858236494,0.07029427433514293,-0.10312861668968497,-0.0024568660808337198,0.0,False,False,0.5235987755982988
2.322,0.5235410315473383,-0.0032074914081189837,0.5245360902502956,0.05268804828178514,-0.08009732167408379,-0.10312861668968497,0.0,False,False,0.5235987755982988
2.323,0.5235336345368131,-0.007397010525193689,0.5235438590401003,-0.051803877565924916,0.06315315112668396,-0.08009732167408379,0.0,False,False,0.5235987755982988
2.324,0.5235243854140207,-0.009249122792435506,0.5214444864029485,-0.2565607535245088,0.34665010974571636,0.06315315112668396,0.0,False,False,0.5235987755982988
2.325,0.5235209234487748,-0.0034619652458786725,0.5239718317207623,0.021829853609326516,-0.03291083453553521,0.34665010974571636,0.0,False,False,0.5235987755982988
2.326,0.5235358361761955,0.014912727420668088,0.5215989795023839,-0.21763835358945235,0.29716235403381175,-0.03291083453553521,0.0,False,False,0.5235987755982988
2.327,0.5235452484802514,0.009412304055972685,0.5248280107041301,0.12702860194411525,-0.1745605542379014,0.29716235403381175,0.0,False,False,0.5235987755982988
2.328,0.5235668490752736,0.021600595022245837,0.5237147429276948,0.002998964106175922,-0.005686168856539197,-0.1745605542379014,0.0,False,False,0.5235987755982988
2.329,0.5235748759794264,0.008026904152766202,0.5244472561340972,0.0759503883357913,-0.10641311564731959,-0.005686168856539197,0.0,False,False,0.5235987755982988
2.33,0.5235802998712074,0.005423891780934715,0.5227930593921987,-0.09706432468763618,0.13098008133496608,-0.10641311564731959,0.0,False,False,0.5235987755982988
2.331,0.5235787929953243,-0.0015068758831246016,0.522223974641779,-0.14426636726083383,0.1978660579303563,0.13098008133496608,0.0,False,False,0.5235987755982988
2.332,0.5235842923603079,0.005499364983669029,0.5238118434874216,0.028947154029504346,-0.03857180683961537,0.1978660579303563,0.0,False,False,0.5235987755982988
2.333,0.5235980535804319,0.013761220123999246,0.5235687290470703,0.0017409945914239507,-0.0015483555875955052,-0.03857180683961537,0.0,False,False,0.5235987755982988
2.334,0.5236062507558585,0.008197175426630805,0.5231773004646377,-0.0375759631109758,0.05267770813907052,-0.0015483555875955052,0.0,False,False,0.5235987755982988
2.335,0.5236120076082564,0.005756852397953,0.5236858885131436,0.017040438050706014,-0.02201655812805282,0.05267770813907052,0.0,False,False,0.5235987755982988
2.336,0.5236186944309285,0.00668682267207174,0.52603373783862,0.2501213267932735,-0.3439749124777086,-0.02201655812805282,0.0,False,False,0.5235987755982988
2.337,0.5236223191819952,0.0036247510667373277,0.5243505801066751,0.056793420919463294,-0.0816845862541295,-0.3439749124777086,0.0,False,False,0.5235987755982988
2.338,0.5236076550149705,-0.014664167024634118,0.5245235153233407,0.06840760049407847,-0.09873443564364878,-0.0816845862541295,0.0,False,False,0.5235987755982988
2.339,0.5235927154208779,-0.014939594092561945,0.5243291892927106,0.04213423738165188,-0.06370853135739349,-0.09873443564364878,0.0,False,False,0.5235987755982988
2.34,0.5235766989251553,-0.01601649572256083,0.5248677732035971,0.09177920473214365,-0.13297700257394188,-0.06370853135739349,0.0,False,False,0.5235987755982988
2.341,0.52356154805456,-0.015150870595285082,0.5233956792292154,-0.06460811317924564,0.08118547045859677,-0.13297700257394188,0.0,False,False,0.5235987755982988
2.342,0.5235436467039446,-0.017901350615440754,0.5217505291958687,-0.22266230519598534,0.30046320147892397,0.08118547045859677,0.0,False,False,0.5235987755982988
2.343,0.5235341595582705,-0.009487145674114048,0.5233695871110426,-0.03849028315899525,0.050313732561405373,0.30046320147892397,0.0,False,False,0.5235987755982988
2.344,0.5235423838003773,0.008224242106737053,0.52425075684015,0.05347571806763877,-0.07590652403448765,0.050313732561405373,0.0,False,False,0.5235987755982988
2.345,0.5235507538238601,0.00837002348272957,0.5227044433247651,-0.10650320527761736,0.1439018272567483,-0.07590652403448765,0.0,False,False,0.5235987755982988
2.346,0.5235529210390406,0.0021672151804901325,0.5233990127128182,-0.02639594594454331,0.03527086707210323,0.1439018272567483,0.0,False,False,0.5235987755982988
2.347,0.5235616270450292,0.008706005988520215,0.522957944060976,-0.06786321653431254,0.09297082751298655,0.03527086707210323,0.0,False,False,0.5235987755982988
2.348,0.5235696033224903,0.007976277461092838,0.5248803711177867,0.1311658108001969,-0.18046769231101886,0.09297082751298655,0.0,False,False,0.5235987755982988
2.349,0.5235799226345637,0.010319312073349149,0.5242339472606143,0.05340684400293766,-0.07552130272520464,-0.18046769231101886,0.0,False,False,0.5235987755982988
2.35,0.5235783298032214,-0.0015928313422902095,0.5241469062552576,0.0393620590669714,-0.05710082270562409,-0.07552130272520464,0.0,False,False,0.5235987755982988
2.351,0.5235734441197298,-0.004885683491572437,0.5241158935971639,0.0323245873509055,-0.04809762880065863,-0.05710082270562409,0.0,False,False,0.5235987755982988
2.352,0.5235671601672055,-0.006283952524334436,0.5235346540621584,-0.029031824884740137,0.035992377512216046,-0.04809762880065863,0.0,False,False,0.5235987755982988
2.353,0.5235603219750701,-0.006838192135447676,0.5237327223544753,-0.006321813164571716,0.005175134186308948,0.035992377512216046,0.0,False,False,0.5235987755982988
2.354,0.5235572858414492,-0.003036133620834623,0.5225230171827414,-0.12666014902150555,0.17135583030583992,0.005175134186308948,0.0,False,False,0.5235987755982988
2.355,0.5235554245162087,-0.0018613252405381504,0.5216473939445578,-0.2015564579377126,0.2769926192925928,0.17135583030583992,0.0,False,False,0.5235987755982988
2.356,0.5235626952187674,0.007270702558674912,0.5236936657122492,0.023226364625192925,-0.029579659601338047,0.2769926192925928,0.0,False,False,0.5235987755982988
2.357,0.5235816965251033,0.019001306335876482,0.5238644313609198,0.037980293029731514,-0.050358155362854776,-0.029579659601338047,0.0,False,False,0.5235987755982988
2.358,0.5235947039675131,0.013007442409675128,0.5246499863798496,0.11273776561974345,-0.15420711281160643,-0.050358155362854776,0.0,False,False,0.5235987755982988
2.359,0.5236017099498538,0.007005982340695879,0.5249729591321113,0.13376126428393653,-0.18524882074934826,-0.15420711281160643,0.0,False,False,0.5235987755982988
2.36,0.5235989577078843,-0.0027522419694241806,0.5249690398486121,0.11999320950562413,-0.16865660791238798,-0.18524882074934826,0.0,False,False,0.5235987755982988
2.361,0.5235877745336702,-0.011183174214154061,0.5227168346478921,-0.11722663151693856,0.15654689492764728,-0.16865660791238798,0.0,False,False,0.5235987755982988
2.362,0.5235712473795417,-0.01652715412847543,0.5232638381445655,-0.05080361869790877,0.06699321660469107,0.15654689492764728,0.0,False,False,0.5235987755982988
2.363,0.5235666847712792,-0.004562608262499043,0.5239858555199481,0.026478480710150958,-0.03874161544186899,0.06699321660469107,0.0,False,False,0.5235987755982988
2.364,0.5235668355954747,0.000150824195477647,0.525776339244137,0.20287900505802434,-0.282650951694717,-0.03874161544186899,0.0,False,False,0.5235987755982988
2.365,0.5235650034892003,-0.0018321062743256586,0.524856633707248,0.09062055086331931,-0.13138610699706849,-0.282650951694717,0.0,False,False,0.5235987755982988
2.366,0.5235495942633736,-0.015409225826734776,0.5245264525690911,0.048540381961301414,-0.07494664382782353,-0.13138610699706849,0.0,False,False,0.5235987755982988
2.367,0.5235315605547192,-0.01803370865443589,0.5231931517235235,-0.08964374079158846,0.11487371869586108,-0.07494664382782353,0.0,False,False,0.5235987755982988
2.368,0.5235141543539857,-0.017406200733383743,0.522743417278183,-0.12565281124648733,0.16617982325787012,0.11487371869586108,0.0,False,False,0.5235987755982988
2.369,0.5235067706537002,-0.007383700285498047,0.524195222656699,0.03209300772976938,-0.049247656326927375,0.16617982325787012,0.0,False,False,0.5235987755982988
2.37,0.5235098451512618,0.0030744975615032474,0.5225493370007591,-0.13570485863720025,0.18173572512035485,-0.049247656326927375,0.0,False,False,0.5235987755982988
2.371,0.5235095298161712,-0.0003153350906375998,0.5233014548471188,-0.04692258813751568,0.06165887928625976,0.18173572512035485,0.0,False,False,0.5235987755982988
2.372,0.5235183971213659,0.008867305194781053,0.5234182344654275,-0.030552367492894784,0.0399125813831582,0.06165887928625976,0.0,False,False,0.5235987755982988
2.373,0.5235278133212317,0.009416199865750896,0.5249178913537323,0.12246855808688366,-0.17070635330206393,0.0399125813831582,0.0,False,False,0.5235987755982988
2.374,0.5235365543641154,0.008741042883699339,0.5232270225748858,-0.058865175606454614,0.07732976514917897,-0.17070635330206393,0.0,False,False,0.5235987755982988
2.375,0.5235342579372011,-0.0022964269143010488,0.5214056110636424,-0.23511980917015782,0.32162073262800556,0.07732976514917897,0.0,False,False,0.5235987755982988
2.376,0.5235365231006119,0.0022651634108207244,0.5239767341004006,0.04550447542267952,-0.061408623545047114,0.32162073262800556,0.0,False,False,0.5235987755982988
2.3770000000000002,0.5235541835817643,0.01766048115241119,0.5229441719377615,-0.062302188383491205,0.08654549194986026,-0.061408623545047114,0.0,False,False,0.5235987755982988
2.378,0.5235644554034923,0.01027182172796573,0.5236016579904891,0.00967663572761085,-0.011663845932557737,0.08654549194986026,0.0,False,False,0.5235987755982988
2.379,0.5235761769816908,0.011721578198464477,0.5235005128563582,-0.0014055412582344579,0.003455378864811792,-0.011663845932557737,0.0,False,False,0.5235987755982988
2.38,0.5235841060633161,0.007929081625301503,0.5233452542681718,-0.016790845951054553,0.024712399083551745,0.003455378864811792,0.0,False,False,0.5235987755982988
2.3810000000000002,0.5235899147324207,0.005808669104582152,0.5242796170006342,0.07832451189028994,-0.10624455951038467,0.024712399083551745,0.0,False,False,0.5235987755982988
2.382,0.5235952405845068,0.005325852086150946,0.522257563628735,-0.13171327648865916,0.18219774723853988,-0.10624455951038467,0.0,False,False,0.5235987755982988
2.383,0.5235936718747843,-0.0015687097224769946,0.5231424918495293,-0.030049126760359826,0.04427205959028266,0.18219774723853988,0.0,False,False,0.5235987755982988
2.384,0.5236016889774585,0.008017102674219458,0.524198624667077,0.0785690676704445,-0.10508016444254083,0.04427205959028266,0.0,False,False,0.5235987755982988
2.3850000000000002,0.5236096035322416,0.007914554783068422,0.5230737134714352,-0.041778958660784155,0.05958586867648671,-0.10508016444254083,0.0,False,False,0.5235987755982988
2.386,0.523609974695409,0.0003711631674594932,0.5222060259901622,-0.12436981092200292,0.1743132660528627,0.05958586867648671,0.0,False,False,0.5235987755982988
2.387,0.5236132123311887,0.0032376357796694267,0.5241966369297703,0.0871282641310035,-0.11531542092369008,0.1743132660528627,0.0,False,False,0.5235987755982988
2.388,0.5236241897854466,0.010977454257850827,0.5246042747410803,0.11917921884890667,-0.16111404718875452,-0.11531542092369008,0.0,False,False,0.5235987755982988
2.3890000000000002,0.5236263595097054,0.0021697242587824968,0.523587093783656,0.005543201221584748,-0.0064415688023305995,-0.16111404718875452,0.0,False,False,0.5235987755982988
2.39,0.52361981647707,-0.0065430326353963335,0.5219086558862434,-0.16285490864183583,0.22584804518720128,-0.0064415688023305995,0.0,False,False,0.5235987755982988
2.391,0.5236148732925693,-0.004943184500733407,0.5242309481175376,0.08565980535176865,-0.11417087176841986,0.22584804518720128,0.0,False,False,0.5235987755982988
2.392,0.5236226957617043,0.007822469134960878,0.5221741703244679,-0.12858395449037568,0.17994364031740748,-0.11417087176841986,0.0,False,False,0.5235987755982988
2.3930000000000002,0.5236225444272973,-0.00015133440700557284,0.5238920226327362,0.05605967178548825,-0.07255005276245799,0.17994364031740748,0.0,False,False,0.5235987755982988
2.394,0.5236314362796994,0.008891852402145304,0.5228569779929948,-0.053050759367196144,0.07701326813610769,-0.07255005276245799,0.0,False,False,0.5235987755982988
2.395,0.5236341603979802,0.002724118280781224,0.5226220096814496,-0.07124251458500014,0.10307280400528673,0.07701326813610769,0.0,False,False,0.5235987755982988
2.396,0.5236399120642847,0.005751666304550804,0.5232542728245054,-0.0008919488209134657,0.007271388513377125,0.10307280400528673,0.0,False,False,0.5235987755982988
2.3970000000000002,0.5236491149102274,0.009202845942643176,0.5234891576167016,0.02268572528079115,-0.025249746668198805,0.007271388513377125,0.0,False,False,0.5235987755982988
2.398,0.5236560633131295,0.006948402902201929,0.5230938855612417,-0.019110052793274056,0.03202008401895694,-0.025249746668198805,0.0,False,False,0.5235987755982988
2.399,0.5236597169214023,0.0036536082728611937,0.5241734574475093,0.09075814111281494,-0.11925404262116694,0.03202008401895694,0.0,False,False,0.5235987755982988
2.4,0.5236638728692399,0.00415594783753602,0.5232746039019183,-0.00820302755757149,0.015678723603935664,-0.11925404262116694,0.0,False,False,0.5235987755982988
2.4010000000000002,0.52366082034746,-0.003052521779910296,0.5245161982478933,0.11677670979568952,-0.15664565944752826,0.015678723603935664,0.0,False,False,0.5235987755982988
2.402,0.5236594726833549,-0.0013476641051310971,0.5239048425587916,0.043963469905945005,-0.05826536917600323,-0.15664565944752826,0.0,False,False,0.5235987755982988
2.403,0.5236507018153682,-0.008770867986637978,0.5230419683165622,-0.046720301307580044,0.06608689264035433,-0.05826536917600323,0.0,False,False,0.5235987755982988
2.404,0.5236415273804429,-0.00917443492532474,0.5228858522755824,-0.05765987527480905,0.0820244701386668,0.06608689264035433,0.0,False,False,0.5235987755982988
2.4050000000000002,0.5236382682388505,-0.003259141592350338,0.5222005564972105,-0.1204234655845123,0.16967610252100385,0.0820244701386668,0.0,False,False,0.5235987755982988
2.406,0.5236400925361077,0.0018242972571478628,0.5238938050960358,0.060943740856463674,-0.07844301998702177,0.16967610252100385,0.0,False,False,0.5235987755982988
2.407,0.523649847564933,0.009755028825409138,0.5233404115556277,-0.0004899872699891533,0.00523853749206678,-0.07844301998702177,0.0,False,False,0.5235987755982988
2.408,0.523652926842894,0.0030792779609284627,0.5215827957196043,-0.17620257214533094,0.24773072439089824,0.00523853749206678,0.0,False,False,0.5235987755982988
2.4090000000000003,0.5236553391780667,0.0024123351727235462,0.5231878397589803,0.0019220890068023522,0.0050903382995702625,0.24773072439089824,0.0,False,False,0.5235987755982988
2.41,0.5236694081888249,0.014069010758208877,0.5228831076646744,-0.028743329324470494,0.04737401799460435,0.0050903382995702625,0.0,False,False,0.5235987755982988
2.411,0.5236800361200337,0.010627931208738409,0.5250550742166974,0.1913276588102773,-0.2558065657035071,0.04737401799460435,0.0,False,False,0.5235987755982988
2.412,0.5236900715529884,0.010035432954758228,0.5222041168924846,-0.11290083949203142,0.1605848640950939,-0.2558065657035071,0.0,False,False,0.5235987755982988
2.4130000000000003,0.52368449545998,-0.005576093008462573,0.5224266796033994,-0.0793544844513474,0.11632310924980653,0.1605848640950939,0.0,False,False,0.5235987755982988
2.414,0.5236886017049289,0.004106244948906997,0.524657232948398,0.15163629849364263,-0.20101579049415547,0.11632310924980653,0.0,False,False,0.5235987755982988
2.415,0.5236972928290219,0.00869112409299231,0.5248812920423969,0.15887857804417022,-0.21373958964676912,-0.20101579049415547,0.0,False,False,0.5235987755982988
2.416,0.5236934436673905,-0.003849161631427015,0.5230433234097932,-0.040806143020612695,0.058965511017836245,-0.21373958964676912,0.0,False,False,0.5235987755982988
2.4170000000000003,0.5236800636221917,-0.013380045198812276,0.523128464684032,-0.028211401294676065,0.042319278010414726,0.058965511017836245,0.0,False,False,0.5235987755982988
2.418,0.5236731913118517,-0.0068723103399506245,0.5242109581437112,0.0828590848027172,-0.11045018758068381,0.042319278010414726,0.0,False,False,0.5235987755982988
2.419,0.5236704466627377,-0.002744649114063932,0.5216396689887783,-0.1825557391708421,0.25433080597637914,-0.11045018758068381,0.0,False,False,0.5235987755982988
2.42,0.5236630087472905,-0.007437915447153089,0.5220388108566932,-0.12438597846226807,0.1773425395036221,0.25433080597637914,0.0,False,False,0.5235987755982988
2.4210000000000003,0.5236704510166719,0.007442269381287741,0.5234254649084136,0.026718024555992453,-0.028942037049256582,0.1773425395036221,0.0,False,False,0.5235987755982988
2.422,0.5236845956102048,0.014144593532833377,0.5250371302814324,0.1852127594022754,-0.24814569557913493,-0.028942037049256582,0.0,False,False,0.5235987755982988
2.423,0.5236935829033341,0.008987293129388873,0.5233133366689083,-0.005687877790358148,0.01196335407745842,-0.24814569557913493,0.0,False,False,0.5235987755982988
2.424,0.5236875987028392,-0.0059842004948607065,0.5237756826704482,0.04111551014266028,-0.05252293946988056,0.01196335407745842,0.0,False,False,0.5235987755982988
2.4250000000000003,0.523683980143914,-0.0036185589251792024,0.5246733979354157,0.1267754856251456,-0.17147378481827819,-0.05252293946988056,0.0,False,False,0.5235987755982988
2.426,0.5236788237876784,-0.005156356235612891,0.5255174275654637,0.1985009000674348,-0.27273681548988987,-0.17147378481827819,0.0,False,False,0.5235987755982988
2.427,0.5236666278875963,-0.012195900082107976,0.5231632326305193,-0.05676868343374622,0.07596219354052608,-0.27273681548988987,0.0,False,False,0.5235987755982988
2.428,0.5236441078270253,-0.02252006057099916,0.5236294150138054,-0.004473576761760932,0.004816782634993813,0.07596219354052608,0.0,False,False,0.5235987755982988
2.4290000000000003,0.5236303338375703,-0.013773989455034762,0.5252203769758497,0.15506997711883752,-0.21527279733852037,0.004816782634993813,0.0,False,False,0.5235987755982988
2.43,0.5236204386584201,-0.009895179150150304,0.522292069197242,-0.15326779845381033,0.2074420733635946,-0.21527279733852037,0.0,False,False,0.5235987755982988
2.431,0.523602567332412,-0.017871326008202036,0.5244993009830285,0.08278215997022295,-0.11554804888940275,0.2074420733635946,0.0,False,False,0.5235987755982988
2.432,0.523599418499757,-0.0031488326549568013,0.5227107705565619,-0.10434909867346433,0.1412030091594217,-0.11554804888940275,0.0,False,False,0.5235987755982988
2.433,0.5235914417811217,-0.007976718635258664,0.5236808657910348,0.003095334641171052,-0.005192025038652775,0.1412030091594217,0.0,False,False,0.5235987755982988
2.434,0.5235928308348192,0.0013890536975548519,0.5233811057745599,-0.027190200470437527,0.03654629739182599,-0.005192025038652775,0.0,False,False,0.5235987755982988
2.435,0.523593538683685,0.0007078488656934401,0.5227575158484581,-0.08683017303357239,0.11933888313741997,0.03654629739182599,0.0,False,False,0.5235987755982988
2.436,0.5235958587499876,0.0023200663026313726,0.5227379404739706,-0.0801046931789642,0.11162066405266496,0.11933888313741997,0.0,False,False,0.5235987755982988
2.437,0.5236034435656367,0.0075848156490637055,0.5238446606034385,0.038577789085720834,-0.050719276995379016,0.11162066405266496,0.0,False,False,0.5235987755982988
2.438,0.5236144067875336,0.010963221896876273,0.5244831787430101,0.09857182413430962,-0.13420544556597452,-0.050719276995379016,0.0,False,False,0.5235987755982988
2.439,0.5236197953483653,0.00538856083172255,0.5235065791531316,-0.008945317266971495,0.012393916733375848,-0.13420544556597452,0.0,False,False,0.5235987755982988
2.44,0.5236168735273943,-0.002921820971022623,0.5236780588008377,0.009097179230339739,-0.012343712722108168,0.012393916733375848,0.0,False,False,0.5235987755982988
2.441,0.5236154534526914,-0.001420074702800586,0.5241138968556306,0.05177126678659162,-0.07139770277588188,-0.012343712722108168,0.0,False,False,0.5235987755982988
2.442,0.523613847180568,-0.001606272123410584,0.5227659498474049,-0.0882005607146389,0.1208315363736576,-0.07139770277588188,0.0,False,False,0.5235987755982988
2.443,0.5236091582966078,-0.00468888396016941,0.5242546617828149,0.06949068889782527,-0.09519477799867947,0.1208315363736576,0.0,False,False,0.5235987755982988
2.444,0.5236119111924531,0.0027528958453154687,0.5243269229298121,0.06976773470776375,-0.09682793361655542,-0.09519477799867947,0.0,False,False,0.5235987755982988
2.445,0.5236090726454967,-0.002838546956413778,0.5258811652157321,0.21821518982899224,-0.3029412409085905,-0.09682793361655542,0.0,False,False,0.5235987755982988
2.446,0.5236022499480412,-0.006822697455584126,0.5232740371252506,-0.064319138202065,0.08302825835734665,-0.3029412409085905,0.0,False,False,0.5235987755982988
2.447,0.5235822784204421,-0.01997152759903937,0.5231825266363133,-0.06703827327558814,0.08793840924644576,0.08302825835734665,0.0,False,False,0.5235987755982988
2.448,0.5235711041656125,-0.011174254829617019,0.524242153480334,0.04562823845404288,-0.06633468802148448,0.08793840924644576,0.0,False,False,0.5235987755982988
2.449,0.5235674136585577,-0.0036905070547761905,0.5242822168917741,0.04507175575265247,-0.06638805018573848,-0.06633468802148448,0.0,False,False,0.5235987755982988
2.45,0.5235615159340362,-0.005897724521527347,0.5230945643034588,-0.07820067865414518,0.10291661769209454,-0.06638805018573848,0.0,False,False,0.5235987755982988
2.451,0.5235540421531109,-0.0074737809253400895,0.5232022163464317,-0.059615406491438996,0.07867655432333462,0.10291661769209454,0.0,False,False,0.5235987755982988
2.452,0.5235538873837595,-0.00015476935133835763,0.5240261131243086,0.028735811945391355,-0.042175049802645366,0.07867655432333462,0.0,False,False,0.5235987755982988
2.453,0.5235577134910804,0.003826107320838503,0.5228355099991585,-0.09319808176415467,0.1255764789015111,-0.042175049802645366,0.0,False,False,0.5235987755982988
2.454,0.5235582815099803,0.0005680188998822512,0.5232000230208701,-0.04742697141658044,0.06408991209361345,0.1255764789015111,0.0,False,False,0.5235987755982988
2.455,0.5235649557208821,0.0066742109017970406,0.5236431401597098,0.0016274396090486323,-0.0027514896362562185,0.06408991209361345,0.0,False,False,0.5235987755982988
2.456,0.5235728766250507,0.007920904168592428,0.5244419970849572,0.08135038817288306,-0.11279845256731061,-0.0027514896362562185,0.0,False,False,0.5235987755982988
2.457,0.5235783689110334,0.005492285982698228,0.5230507570857666,-0.06590865056346043,0.08895471390173151,-0.11279845256731061,0.0,False,False,0.5235987755982988
2.458,0.523576591826027,-0.0017770850064195726,0.521968808078526,-0.16751268623118226,0.23035463883332993,0.08895471390173151,0.0,False,False,0.5235987755982988
2.459,0.5235798013119518,0.003209485924854776,0.5219072544997729,-0.1569167754833678,0.21874751035350726,0.23035463883332993,0.0,False,False,0.5235987755982988
2.46,0.5235935610269067,0.013759714954880457,0.5224945157940737,-0.08249896850495543,0.1188754386819988,0.21874751035350726,0.0,False,False,0.5235987755982988
2.461,0.5236146229598144,0.021061932907782483,0.5224686679441399,-0.07683385664783567,0.11254256575226272,0.1188754386819988,0.0,False,False,0.5235987755982988
2.462,0.5236368463727867,0.022223412972346545,0.5235019230329405,0.03417503789700674,-0.03926669929995875,0.11254256575226272,0.0,False,False,0.5235987755982988
2.463,0.5236597811655513,0.02293479276457855,0.5226222875109566,-0.057206018091082944,0.08622400728145889,-0.03926669929995875,0.0,False,False,0.5235987755982988
2.464,0.5236757608575353,0.015979691984007872,0.5230624914633553,-0.007465021042111428,0.01861113967951769,0.08622400728145889,0.0,False,False,0.5235987755982988
2.465,0.5236920070187812,0.016246161245835982,0.5230164896494736,-0.011318700326070484,0.024063587470139196,0.01861113967951769,0.0,False,False,0.5235987755982988
2.466,0.5237050935831701,0.013086564388911934,0.5233206779555344,0.020232000312619194,-0.019272642805383294,0.024063587470139196,0.0,False,False,0.5235987755982988
2.467,0.5237158835217632,0.010789938593198893,0.5248699862696115,0.17313963168906416,-0.2306493501105045,-0.019272642805383294,0.0,False,False,0.5235987755982988
2.468,0.5237227110260617,0.006827504298503379,0.5243003692716218,0.09886396872119473,-0.13126544858524783,-0.2306493501105045,0.0,False,False,0.5235987755982988
2.469,0.52371600652538,-0.006704500681789881,0.5237300820955294,0.031948854239833166,-0.040702142037950376,-0.13126544858524783,0.0,False,False,0.5235987755982988
2.47,0.5237047048174277,-0.011301707952270399,0.5233023834907098,-0.014015891666111661,0.022154127935936487,-0.040702142037950376,0.0,False,False,0.5235987755982988
2.471,0.5236944836542138,-0.010221163213899159,0.5233164168399521,-0.011210967575267882,0.01853561874056208,0.022154127935936487,0.0,False,False,0.5235987755982988
2.472,0.5236882356975876,-0.006247956626185563,0.5239742484482101,0.05569329000805305,-0.07359045930806599,0.01853561874056208,0.0,False,False,0.5235987755982988
2.473,0.5236847552152438,-0.003480482343772328,0.5241945389011599,0.0721530063022278,-0.0973073470141721,-0.07359045930806599,0.0,False,False,0.5235987755982988
2.474,0.5236786428622755,-0.00611235296827538,0.5228865971707657,-0.06585646736741183,0.09184697253649049,-0.0973073470141721,0.0,False,False,0.5235987755982988
2.475,0.5236694682618299,-0.00917460044554635,0.5237013037267841,0.02219983497117453,-0.02848530827814527,0.09184697253649049,0.0,False,False,0.5235987755982988
2.476,0.5236674969998896,-0.0019712619402958795,0.5218945744688337,-0.16069307432098745,0.2235073095155571,-0.02848530827814527,0.0,False,False,0.5235987755982988
2.477,0.5236646988285589,-0.002798171330680308,0.5238494539588406,0.050864182111805684,-0.06554922902391963,0.2235073095155571,0.0,False,False,0.5235987755982988
2.478,0.5236739212320826,0.009222403523674545,0.5243390219152705,0.09473455954360993,-0.127005905157822,-0.06554922902391963,0.0,False,False,0.5235987755982988
2.479,0.5236772433040657,0.003322071983207552,0.5234328373205351,-0.005357355884285903,0.009415716060889277,-0.127005905157822,0.0,False,False,0.5235987755982988
2.48,0.5236732142366022,-0.0040290674635571995,0.5252584330883026,0.1777379564808845,-0.24315938259712874,0.009415716060889277,0.0,False,False,0.5235987755982988
2.481,0.5236708647012482,-0.0023495353539889447,0.5229018390811021,-0.0756952398872491,0.10337914517423973,-0.24315938259712874,0.0,False,False,0.5235987755982988
2.482,0.5236570682307679,-0.013796470480418557,0.5238468207894651,0.026372454937774847,-0.03611175936632285,0.10337914517423973,0.0,False,False,0.5235987755982988
2.483,0.5236520831151317,-0.004985115636148197,0.523620820125981,0.00113514309558687,-0.0017589732129833862,-0.03611175936632285,0.0,False,False,0.5235987755982988
2.484,0.5236467776657429,-0.005305449388855218,0.5235592514392949,-0.005135239882577135,0.006873722721162378,-0.0017589732129833862,0.0,False,False,0.5235987755982988
2.485,0.523642960811907,-0.0038168538358663495,0.5235431958999219,-0.006227269831619973,0.008473158368727883,0.006873722721162378,0.0,False,False,0.5235987755982988
2.486,0.5236406342660133,-0.0023265458937019533,0.5237341010369689,0.013485970856242405,-0.01861902292355304,0.008473158368727883,0.0,False,False,0.5235987755982988
2.487,0.5236394355166469,-0.0011987493663805243,0.5243794191163728,0.07666918171100041,-0.10605460137853145,-0.01861902292355304,0.0,False,False,0.5235987755982988
2.488,0.523637669805909,-0.0017657107379548263,0.5248399714832604,0.11505750022866934,-0.16041052620371257,-0.10605460137853145,0.0,False,False,0.5235987755982988
2.489,0.5236311367691895,-0.006533036719523511,0.5236291730604109,-0.017528092079152166,0.020486556176965046,-0.16041052620371257,0.0,False,False,0.5235987755982988
2.49,0.5236185023929181,-0.012634376271380645,0.5243299998881092,0.054307399898597244,-0.0783309170949044,0.020486556176965046,0.0,False,False,0.5235987755982988
2.491,0.5236102982896625,-0.008204103255525706,0.5229978910999614,-0.08433421890604478,0.11201698365732685,-0.0783309170949044,0.0,False,False,0.5235987755982988
2.492,0.523600542338172,-0.009755951490553085,0.5242689645668558,0.05120654967399646,-0.07351126104282127,0.11201698365732685,0.0,False,False,0.5235987755982988
2.493,0.5235991410595562,-0.001401278615840374,0.5229341780114027,-0.08739276083870806,0.11683406957057904,-0.07351126104282127,0.0,False,False,0.5235987755982988
2.494,0.5235944895200542,-0.0046515395020157125,0.5245462698652706,0.08255570063195301,-0.1161217375638365,0.11683406957057904,0.0,False,False,0.5235987755982988
2.495,0.5235970691236519,0.002579603597745234,0.5255262172181363,0.1722948658553239,-0.24144778818346346,-0.1161217375638365,0.0,False,False,0.5235987755982988
2.496,0.5235930627039116,-0.004006419740309924,0.5234865244134748,-0.04890390119636259,0.060705202762468054,-0.24144778818346346,0.0,False,False,0.5235987755982988
2.497,0.523578186023139,-0.014876680772578595,0.5216648308777511,-0.22618286464909637,0.3062304425487752,0.060705202762468054,0.0,False,False,0.5235987755982988
2.498,0.5235701928452964,-0.007993177842601625,0.5230919089839872,-0.06085676756057662,0.08215172013030167,0.3062304425487752,0.0,False,False,0.5235987755982988
2.499,0.5235798211046484,0.009628259352074377,0.5246548349579881,0.10152150659557939,-0.14083487638910325,0.08215172013030167,0.0,False,False,0.5235987755982988
2.5,0.5235908341899992,0.011013085350823727,0.5240734847374963,0.03323433388683317,-0.04842596516975388,-0.14083487638910325,0.0,False,False,0.5235987755982988
2.501,0.5235917554167249,0.0009212267256802891,0.5238089735092182,0.003459777670341266,-0.007935295600958053,-0.04842596516975388,0.0,False,False,0.5235987755982988
2.5020000000000002,0.5235899754875535,-0.0017799291713794536,0.524470204681158,0.06923691709729068,-0.0987700240082144,-0.007935295600958053,0.0,False,False,0.5235987755982988
2.503,0.5235883384867526,-0.0016370008009385373,0.5240111038661274,0.016403143884497207,-0.02710568148231063,-0.0987700240082144,0.0,False,False,0.5235987755982988
2.504,0.5235822595392285,-0.006078947523987001,0.5246449252345029,0.07814496633360059,-0.11260465305199424,-0.02710568148231063,0.0,False,False,0.5235987755982988
2.505,0.523576619148427,-0.005640390801578165,0.524378967667341,0.043734712984054895,-0.066525112823626,-0.11260465305199424,0.0,False,False,0.5235987755982988
2.5060000000000002,0.5235670197256092,-0.009599422817826676,0.5248949538820765,0.09095986315919694,-0.132483044899035,-0.066525112823626,0.0,False,False,0.5235987755982988
2.507,0.5235568097678274,-0.010209957781814242,0.5238699184181986,-0.020639669544511532,0.019887032695217136,-0.132483044899035,0.0,False,False,0.5235987755982988
2.508,0.5235428384958669,-0.0139712719604943,0.524332826352902,0.02771509088027788,-0.04647102263919104,0.019887032695217136,0.0,False,False,0.5235987755982988
2.509,0.5235335381920951,-0.009300303771728594,0.5232655192597271,-0.08178712752524284,0.10414316712458255,-0.04647102263919104,0.0,False,False,0.5235987755982988
2.5100000000000002,0.5235245565157864,-0.00898167630873552,0.5229996829416154,-0.10019204658389083,0.13101412372097115,0.10414316712458255,0.0,False,False,0.5235987755982988
2.511,0.5235233447981956,-0.0012117175908242274,0.5250127805427859,0.11113691819155035,-0.15881639083062765,0.13101412372097115,0.0,False,False,0.5235987755982988
2.512,0.5235290517048116,0.005706906615944989,0.5237177258778135,-0.02948224012484192,0.03323758311854578,-0.15881639083062765,0.0,False,False,0.5235987755982988
2.513,0.5235251278939423,-0.003923810869198869,0.5242275186919231,0.0244452652985989,-0.0406516940435554,0.03323758311854578,0.0,False,False,0.5235987755982988
2.5140000000000002,0.5235240439266627,-0.0010839672796235768,0.52363202746006,-0.03754838441756976,0.04445952778938257,-0.0406516940435554,0.0,False,False,0.5235987755982988
2.515,0.5235212565826963,-0.0027873439664521747,0.5230094251215448,-0.09605377982733157,0.12587284437437013,0.04445952778938257,0.0,False,False,0.5235987755982988
2.516,0.523521534195501,0.0002776128046150998,0.5235311185773488,-0.03427905626419889,0.04235269389413899,0.12587284437437013,0.0,False,False,0.5235987755982988
2.517,0.5235280210615801,0.006486866079144659,0.5247811622440296,0.09415321603030098,-0.13426681885951525,0.04235269389413899,0.0,False,False,0.5235987755982988
2.5180000000000002,0.5235347190417085,0.006697980128357532,0.5240192574134681,0.008547411371122055,-0.01782556631839375,-0.13426681885951525,0.0,False,False,0.5235987755982988
2.519,0.5235327393938203,-0.001979647888200547,0.52203919730898,-0.1903133402148047,0.25644841746550495,-0.01782556631839375,0.0,False,False,0.5235987755982988
2.52,0.5235304683485824,-0.0022710452378433958,0.5233426321253865,-0.04093852455267524,0.05373681197563281,0.25644841746550495,0.0,False,False,0.5235987755982988
2.521,0.5235417072086829,0.011238860100405446,0.5250970519547106,0.1385973108350039,-0.19328574741741625,0.05373681197563281,0.0,False,False,0.5235987755982988
2.5220000000000002,0.5235525314481045,0.01082423942167163,0.5233659584896189,-0.048371766757666884,0.06223682806543936,-0.19328574741741625,0.0,False,False,0.5235987755982988
2.523,0.5235506846741845,-0.0018467739199604042,0.5219794706100465,-0.18218337803914084,0.2477675434355114,0.06223682806543936,0.0,False,False,0.5235987755982988
2.524,0.5235525095916517,0.0018249174671963338,0.5252045063892433,0.15853853768445927,-0.21914939945835218,0.2477675434355114,0.0,False,False,0.5235987755982988
2.525,0.523566169625729,0.013660034077374742,0.524161669430088,0.038400988000483166,-0.05621327457278543,-0.21914939945835218,0.0,False,False,0.5235987755982988
2.5260000000000002,0.5235652567455794,-0.0009128801496229993,0.5235041590003285,-0.031190153775512937,0.03913128329408049,-0.05621327457278543,0.0,False,False,0.5235987755982988
2.527,0.5235618105272378,-0.0034462183416242944,0.5232376874074911,-0.054718297681705254,0.07216154465258512,0.03913128329408049,0.0,False,False,0.5235987755982988
2.528,0.5235613584113306,-0.0004521159072437713,0.5245058886533396,0.07757365667131294,-0.10941642299630928,0.07216154465258512,0.0,False,False,0.5235987755982988
2.529,0.5235646517927923,0.0032933814617925094,0.5230916820515372,-0.07160436917605424,0.09505292685297378,-0.10941642299630928,0.0,False,False,0.5235987755982988
2.5300000000000002,0.5235614819996316,-0.003169793160705949,0.5245635247628807,0.08274033887589967,-0.11665389161355363,0.09505292685297378,0.0,False,False,0.5235987755982988
2.531,0.5235640205869356,0.0025385873039922534,0.5240371752331696,0.02183135201720074,-0.0340888158483153,-0.11665389161355363,0.0,False,False,0.5235987755982988
2.532,0.5235599588128662,-0.004061774069421553,0.5237734840738599,-0.006720899115488017,0.00492032637848557,-0.0340888158483153,0.0,False,False,0.5235987755982988
2.533,0.5235554108963751,-0.004547916491116508,0.5236823965195504,-0.015157564634892456,0.01668390097934248,0.00492032637848557,0.0,False,False,0.5235987755982988
2.5340000000000003,0.5235524685224965,-0.0029423738786694452,0.5233997801061758,-0.04190344950886021,0.05386605826884605,0.01668390097934248,0.0,False,False,0.5235987755982988
2.535,0.5235512485115348,-0.0012200109617364144,0.5244637416559649,0.06868305042093076,-0.09798904954310601,0.05386605826884605,0.0,False,False,0.5235987755982988
2.536,0.5235530922335193,0.0018437219845282764,0.5227979381545839,-0.10476560475926364,0.1401337996979855,-0.09798904954310601,0.0,False,False,0.5235987755982988
2.537,0.5235494775730815,-0.0036146604378686203,0.5221340808888808,-0.16067477085364332,0.2191742297938962,0.1401337996979855,0.0,False,False,0.5235987755982988
2.5380000000000003,0.5235539568045766,0.004479231495203181,0.5240901569646182,0.051000313805465464,-0.07004524116030833,0.2191742297938962,0.0,False,False,0.5235987755982988
2.539,0.5235680550866656,0.014098282088990947,0.5241189144461433,0.048776030577427715,-0.06789373595411462,-0.07004524116030833,0.0,False,False,0.5235987755982988
2.54,0.5235749498474132,0.006894760747573423,0.5239940393131582,0.031410914221175784,-0.044807843932880655,-0.06789373595411462,0.0,False,False,0.5235987755982988
2.541,0.5235764321379179,0.0014822905047957805,0.5239322422630991,0.02209011779314285,-0.032510541318176364,-0.044807843932880655,0.0,False,False,0.5235987755982988
2.5420000000000003,0.5235752242323443,-0.0012079055736544417,0.5232954999829653,-0.04379312199954872,0.05801070747546143,-0.032510541318176364,0.0,False,False,0.5235987755982988
2.543,0.5235727575630466,-0.002466669297668335,0.5242599658627484,0.05703277817871109,-0.08034075857454523,0.05801070747546143,0.0,False,False,0.5235987755982988
2.544,0.5235739375671927,0.001180004146226597,0.5235341806015473,-0.02124902575926397,0.026661540852643547,-0.08034075857454523,0.0,False,False,0.5235987755982988
2.545,0.523570742222341,-0.0031953448517683843,0.5231456554489741,-0.05797663844066359,0.07772812881664178,0.026661540852643547,0.0,False,False,0.5235987755982988
2.5460000000000003,0.5235698432654925,-0.0008989568485489475,0.5232976667501313,-0.03697784448086991,0.04979337264405844,0.07772812881664178,0.0,False,False,0.5235987755982988
2.547,0.5235731038164964,0.0032605510038713446,0.5253364446035036,0.17059772530444237,-0.23599531245901684,0.04979337264405844,0.0,False,False,0.5235987755982988
2.548,0.5235778714033658,0.00476758686935188,0.5220638191496135,-0.1737245926150084,0.23609872721434524,-0.23599531245901684,0.0,False,False,0.5235987755982988
2.549,0.5235694163679327,-0.008455035433054873,0.5240055637670459,0.03782232838972743,-0.052708981105120054,0.23609872721434524,0.0,False,False,0.5235987755982988
2.5500000000000003,0.5235751955657011,0.0057791977683149965,0.522109895292371,-0.155526751916738,0.21343194780678718,-0.052708981105120054,0.0,False,False,0.5235987755982988
2.551,0.5235766291343429,0.0014335686418359087,0.5234821777286348,-0.002745833098678152,0.005393761372365846,0.21343194780678718,0.0,False,False,0.5235987755982988
2.552,0.523588299230536,0.011670096193080641,0.5232098878633817,-0.029700236314117584,0.04264026280544847,0.005393761372365846,0.0,False,False,0.5235987755982988
2.553,0.5235970410856319,0.008741855095883497,0.5217775106469162,-0.1699679343292555,0.23674429031999292,0.04264026280544847,0.0,False,False,0.5235987755982988
2.5540000000000003,0.5236054125960256,0.008371510393710039,0.5239449119393803,0.0637689883500766,-0.0827532401595588,0.23674429031999292,0.0,False,False,0.5235987755982988
2.555,0.5236232134566587,0.017800860633158385,0.5232915676832511,-0.007942336097848397,0.015060545788276323,-0.0827532401595588,0.0,False,False,0.5235987755982988
2.556,0.5236325369619295,0.009323505270727919,0.5218006338441074,-0.15624148640244173,0.2198563352583764,0.015060545788276323,0.0,False,False,0.5235987755982988
2.557,0.5236399655775118,0.007428615582301777,0.5243726269514465,0.1165819729717156,-0.15382769192271678,0.2198563352583764,0.0,False,False,0.5235987755982988
2.5580000000000003,0.5236562258399982,0.016260262486406496,0.5249085049696165,0.1585115774915451,-0.21378902167357236,-0.15382769192271678,0.0,False,False,0.5235987755982988
2.559,0.5236607021822717,0.004476342273497325,0.5249610809841312,0.14791802119385997,-0.2020231223776147,-0.21378902167357236,0.0,False,False,0.5235987755982988
2.56,0.5236531502488528,-0.007551933418873892,0.5239663988368832,0.033658004349677945,-0.047006823514132975,-0.2020231223776147,0.0,False,False,0.5235987755982988
2.561,0.5236376910780226,-0.01545917083028616,0.5236778843862981,0.001440758856201485,-0.0031528688114296653,-0.047006823514132975,0.0,False,False,0.5235987755982988
2.562,0.5236238352816912,-0.013855796331426052,0.5247828705825309,0.11179530259385953,-0.1554680728288094,-0.0031528688114296653,0.0,False,False,0.5235987755982988
2.563,0.5236134758925326,-0.010359389158634463,0.5250816325348172,0.1304919675631022,-0.18328178593305375,-0.1554680728288094,0.0,False,False,0.5235987755982988
2.564,0.5235982413251783,-0.015234567354302325,0.5245874666333153,0.06802618065660558,-0.09942785541822426,-0.18328178593305375,0.0,False,False,0.5235987755982988
2.565,0.5235777561700595,-0.02048515511873073,0.5227561096105474,-0.12191213968584816,0.161462555402543,-0.09942785541822426,0.0,False,False,0.5235987755982988
2.566,0.5235570111331923,-0.02074503686724146,0.5237327176642196,-0.012060120350046596,0.012061187233482111,0.161462555402543,0.0,False,False,0.5235987755982988
2.567,0.5235490830073891,-0.007928125803187431,0.5239326331990669,0.009137445169690865,-0.016974371017454748,0.012061187233482111,0.0,False,False,0.5235987755982988
2.568,0.5235440508725729,-0.0050321348161661925,0.5219648621571946,-0.18855340353450722,0.25567452618128417,-0.016974371017454748,0.0,False,False,0.5235987755982988
2.569,0.5235396687183084,-0.004382154264582496,0.5239492631627941,0.028742037378892416,-0.040799221015586196,0.25567452618128417,0.0,False,False,0.5235987755982988
2.57,0.5235493818236164,0.009713105308010424,0.5255329413853294,0.18423565589452767,-0.2558977712399829,-0.040799221015586196,0.0,False,False,0.5235987755982988
2.571,0.5235543115478049,0.004929724188438102,0.5241127612025954,0.023794072031681712,-0.037804627315356984,-0.2558977712399829,0.0,False,False,0.5235987755982988
2.572,0.5235449769876404,-0.009334560164526742,0.524830772463296,0.0932157908985726,-0.13403489264823668,-0.037804627315356984,0.0,False,False,0.5235987755982988
2.573,0.5235364028452706,-0.008574142369764072,0.5236960260598277,-0.029580428538118042,0.0337460059382221,-0.13403489264823668,0.0,False,False,0.5235987755982988
2.574,0.5235235866964146,-0.012816148855982427,0.5234596916550992,-0.050255826157154,0.06281050236617786,0.0337460059382221,0.0,False,False,0.5235987755982988
2.575,0.5235159018069345,-0.007684889480128889,0.523848623861963,-0.006337022855062928,0.0031071586801209384,0.06281050236617786,0.0,False,False,0.5235987755982988
2.576,0.5235135865093175,-0.002315297617021094,0.5228016434526755,-0.11040136149829785,0.14683001241917626,0.0031071586801209384,0.0,False,False,0.5235987755982988
2.577,0.5235121273338056,-0.0014591755119126174,0.5226710748204924,-0.1124180885667873,0.15160032028066106,0.14683001241917626,0.0,False,False,0.5235987755982988
2.578,0.5235184524732038,0.006325139398256808,0.5246235116659845,0.09406740483910919,-0.1313261350252739,0.15160032028066106,0.0,False,False,0.5235987755982988
2.579,0.5235304956167984,0.012043143594542654,0.5247280902341761,0.09511852117435539,-0.13446988885501765,-0.1313261350252739,0.0,False,False,0.5235987755982988
2.58,0.5235326927843305,0.0021971675319835925,0.522667789362115,-0.12042341814919058,0.1612658540303374,-0.13446988885501765,0.0,False,False,0.5235987755982988
2.581,0.5235275011574823,-0.0051916268482396395,0.524372239472224,0.0620639346766286,-0.08839907134260763,0.1612658540303374,0.0,False,False,0.5235987755982988
2.582,0.5235319170132812,0.004415855798892962,0.5234560301186922,-0.0357633941442103,0.045485491605970735,-0.08839907134260763,0.0,False,False,0.5235987755982988
2.583,0.5235305916107564,-0.001325402524717763,0.5238271305333247,0.004922986733461532,-0.01001797291062061,0.045485491605970735,0.0,False,False,0.5235987755982988
2.584,0.5235319428241193,0.0013512133628632824,0.5239335593509789,0.01507356982552566,-0.024114391338871412,-0.01001797291062061,0.0,False,False,0.5235987755982988
2.585,0.5235323829856041,0.00044016148479967393,0.5244001174649799,0.0602220242430823,-0.08669058269195905,-0.024114391338871412,0.0,False,False,0.5235987755982988
2.586,0.5235314836397459,-0.0008993458581964651,0.523603668888438,-0.02544503583541896,0.03044596377999722,-0.08669058269195905,0.0,False,False,0.5235987755982988
2.587,0.523526522984188,-0.0049606555578337935,0.5247571214744136,0.09244472634567742,-0.13178389738487825,0.03044596377999722,0.0,False,False,0.5235987755982988
2.588,0.5235245628807738,-0.0019601034142106856,0.5237945765208616,-0.013054241644087208,0.01214067336677475,-0.13178389738487825,0.0,False,False,0.5235987755982988
2.589,0.5235166075784515,-0.007955302322245086,0.5240613111131395,0.014924641748109915,-0.02623520936486371,0.01214067336677475,0.0,False,False,0.5235987755982988
2.59,0.5235115593415286,-0.0050482369228972675,0.5227844005537273,-0.11425887836791582,0.15176940484378582,-0.02623520936486371,0.0,False,False,0.5235987755982988
2.591,0.5235067026440298,-0.00485669749888423,0.525390488002262,0.157775754322339,-0.22158172845814336,0.15176940484378582,0.0,False,False,0.5235987755982988
2.592,0.5235108828732453,0.004180229215542969,0.5239208824641381,-0.004962374922275692,0.00015692632162282987,-0.22158172845814336,0.0,False,False,0.5235987755982988
2.593,0.5235027311744527,-0.008151698792609161,0.5241249388059784,0.015939496753980504,-0.02859833384300976,0.00015692632162282987,0.0,False,False,0.5235987755982988
2.594,0.5234969384497159,-0.005792724736822181,0.5220935315802411,-0.18879517549515332,0.25364860291922325,-0.02859833384300976,0.0,False,False,0.5235987755982988
2.595,0.5234914297790102,-0.005508670705662465,0.5227734868257328,-0.10192013339646876,0.13715935798195134,0.25364860291922325,0.0,False,False,0.5235987755982988
2.596,0.5235002376139486,0.00880783493835462,0.5245804949194942,0.08897268931932228,-0.12443817496470386,0.13715935798195134,0.0,False,False,0.5235987755982988
2.597,0.5235133843707989,0.013146756850269156,0.5237637441012456,-0.0015996614374712004,-0.0010498393280766517,-0.12443817496470386,0.0,False,False,0.5235987755982988
2.598,0.5235167970976893,0.0034127268904133954,0.5218467092211538,-0.19314318330290017,0.2633090147520898,-0.0010498393280766517,0.0,False,False,0.5235987755982988
2.599,0.5235191296860119,0.0023325883225712063,0.5244252085785652,0.0840210707685288,-0.11570107856702996,0.2633090147520898,0.0,False,False,0.5235987755982988
2.6,0.5235339217739378,0.014792087925846204,0.5230593817563536,-0.0609637185294887,0.08286555139040067,-0.11570107856702996,0.0,False,False,0.5235987755982988
2.601,0.5235390962030585,0.0051744291207166115,0.5247707026127021,0.11626473895831096,-0.16061237300923206,0.08286555139040067,0.0,False,False,0.5235987755982988
2.602,0.5235468746163584,0.007778413299867345,0.5234702235267406,-0.025409643533673767,0.03280550952845726,-0.16061237300923206,0.0,False,False,0.5235987755982988
2.603,0.5235443687211375,-0.002505895220835239,0.5237230090047328,0.002409868618917052,-0.005128043658511943,0.03280550952845726,0.0,False,False,0.5235987755982988
2.604,0.5235442609841385,-0.00010773699904348876,0.5245730929405329,0.08717727533703588,-0.12215044256465644,-0.005128043658511943,0.0,False,False,0.5235987755982988
2.605,0.5235439295966916,-0.0003313874468891024,0.5227607192289456,-0.10277782335539441,0.13841840267483072,-0.12215044256465644,0.0,False,False,0.5235987755982988
2.606,0.5235375914198033,-0.006338176888315455,0.5226711691315724,-0.10145505075717641,0.13844297730968697,0.13841840267483072,0.0,False,False,0.5235987755982988
2.607,0.5235400397710384,0.002448351235100491,0.5233685625504926,-0.02157020378944209,0.030028079407842793,0.13844297730968697,0.0,False,False,0.5235987755982988
2.608,0.5235486696196155,0.008629848577209305,0.524270514061432,0.07078196768344348,-0.09702965355652934,0.030028079407842793,0.0,False,False,0.5235987755982988
2.609,0.5235563269459785,0.007657326362959385,0.5223949174460785,-0.12385589062025333,0.17029651548427027,-0.09702965355652934,0.0,False,False,0.5235987755982988
2.61,0.5235569109956962,0.0005840497176505836,0.5221012762054337,-0.1408344256227073,0.19595629981882132,0.17029651548427027,0.0,False,False,0.5235987755982988
2.611,0.5235658323698639,0.008921374167608808,0.5242846644845885,0.09158784485505081,-0.12225141377927613,0.19595629981882132,0.0,False,False,0.5235987755982988
2.612,0.5235820039007657,0.01617153090186967,0.523055806057145,-0.040456782374812233,0.05832159059054395,-0.12225141377927613,0.0,False,False,0.5235987755982988
2.613,0.5235879853492729,0.005981448507211199,0.5232457035824014,-0.01742135161168663,0.027260918220177233,0.05832159059054395,0.0,False,False,0.5235987755982988
2.614,0.523595116170363,0.007130821090175524,0.5219747434154063,-0.1427752331500307,0.20056285907210242,0.027260918220177233,0.0,False,False,0.5235987755982988
2.615,0.5236015285320573,0.006412361694323828,0.5230090073026386,-0.025071321111800937,0.04070141465604589,0.20056285907210242,0.0,False,False,0.5235987755982988
2.616,0.5236160829931196,0.014554461062190436,0.5236094792810352,0.03748300883904242,-0.04517227689610553,0.04070141465604589,0.0,False,False,0.5235987755982988
2.617,0.5236288842849068,0.01280129178731579,0.5244407921300653,0.11686599285815341,-0.15539548900158145,-0.04517227689610553,0.0,False,False,0.5235987755982988
2.618,0.5236359860965059,0.007101811598975104,0.5229629608119309,-0.04260373824110117,0.06256915204394309,-0.15539548900158145,0.0,False,False,0.5235987755982988
2.619,0.5236332444321489,-0.0027416643569569193,0.5250795779442482,0.17331834881473446,-0.23463646080477024,0.06256915204394309,0.0,False,False,0.5235987755982988
2.62,0.5236344595777099,0.0012151455610134023,0.523037071750895,-0.04826410540206111,0.06802759573574241,-0.23463646080477024,0.0,False,False,0.5235987755982988
2.621,0.5236235739438834,-0.010885633826602195,0.5230274638923313,-0.04439848071821816,0.06356178756927625,0.06802759573574241,0.0,False,False,0.5235987755982988
2.622,0.523619110565587,-0.004463378296400024,0.5249607081186378,0.15336578998425102,-0.20855373334720329,0.06356178756927625,0.0,False,False,0.5235987755982988
2.623,0.5236191603482002,4.9782613274314096e-05,0.5238036941429762,0.022327813419666775,-0.030481909907793557,-0.20855373334720329,0.0,False,False,0.5235987755982988
2.624,0.5236087673102625,-0.010393037937677149,0.5231270348565784,-0.047570896562081716,0.06557640922546536,-0.030481909907793557,0.0,False,False,0.5235987755982988
2.625,0.5235997563367846,-0.009010973477888592,0.5234643771408831,-0.009079578475402639,0.013314666403965702,0.06557640922546536,0.0,False,False,0.5235987755982988
2.626,0.5235965943271306,-0.0031620096540487825,0.524777373774623,0.1231280427461225,-0.16896841846918176,0.013314666403965702,0.0,False,False,0.5235987755982988
2.6270000000000002,0.5235950514762793,-0.0015428508513376166,0.5248745548115039,0.1205333421596047,-0.1676040364292174,-0.16896841846918176,0.0,False,False,0.5235987755982988
2.628,0.5235855283151973,-0.009523161081899054,0.5228727418008924,-0.09170129311750877,0.12311016009432632,-0.1676040364292174,0.0,False,False,0.5235987755982988
2.629,0.5235703220136678,-0.015206301529499297,0.5235332915286655,-0.01647619102845048,0.02095014248754104,0.12311016009432632,0.0,False,False,0.5235987755982988
2.63,0.52356517962041,-0.005142393257766784,0.5236438562947077,-0.0037720953213845002,0.0037150618503020974,0.02095014248754104,0.0,False,False,0.5235987755982988
2.6310000000000002,0.5235626149007822,-0.0025647196279067644,0.5227019580435948,-0.0975847109005365,0.13324436906531678,0.0037150618503020974,0.0,False,False,0.5235987755982988
2.632,0.5235610114190277,-0.001603481754539106,0.5235124170433832,-0.00678033983163405,0.009690861786441057,0.13324436906531678,0.0,False,False,0.5235987755982988
2.633,0.5235665565861235,0.005545167095790171,0.5235712016581489,-0.00022384437191007647,0.0007649441689913869,0.009690861786441057,0.0,False,False,0.5235987755982988
2.634,0.5235709419212496,0.004385335126146611,0.5245659623997444,0.09927461422483552,-0.13653889949582315,0.0007649441689913869,0.0,False,False,0.5235987755982988
2.6350000000000002,0.523574053047755,0.0031111265052623203,0.5246277301585057,0.09552392867848417,-0.13314989649790532,-0.13653889949582315,0.0,False,False,0.5235987755982988
2.636,0.5235693989029004,-0.004654144854491066,0.5232821095064067,-0.04859052939926199,0.06400862493317167,-0.13314989649790532,0.0,False,False,0.5235987755982988
2.637,0.523559477454048,-0.009921448852534355,0.5233727681137798,-0.03466561572203515,0.04566687358778533,0.06400862493317167,0.0,False,False,0.5235987755982988
2.638,0.5235555502586668,-0.003927195381060469,0.5241352546519931,0.04504959967149974,-0.06371614257229619,0.04566687358778533,0.0,False,False,0.5235987755982988
2.6390000000000002,0.5235550853621581,-0.00046489650874769915,0.5230444121032374,-0.06853961517121904,0.09222608111656873,-0.06371614257229619,0.0,False,False,0.5235987755982988
2.64,0.5235515759619455,-0.0035094002126523135,0.5240652613998082,0.040399276002989766,-0.05687587563075747,0.09222608111656873,0.0,False,False,0.5235987755982988
2.641,0.5235537340495461,0.002158087600623057,0.5234770211676233,-0.022464674815804754,0.02914918953112515,-0.05687587563075747,0.0,False,False,0.5235987755982988
2.642,0.5235523947858248,-0.0013392637212365664,0.5227064349385404,-0.0972768302425124,0.13279432816666617,0.02914918953112515,0.0,False,False,0.5235987755982988
2.6430000000000002,0.5235529195182916,0.0005247324667620428,0.5227179219661061,-0.08640044446169073,0.11953589873349751,0.13279432816666617,0.0,False,False,0.5235987755982988
2.644,0.5235599244846074,0.007004966315762182,0.5248227214203753,0.13271954541140069,-0.1812944792910582,0.11953589873349751,0.0,False,False,0.5235987755982988
2.645,0.5235708586515236,0.010934166916175155,0.5234343551599291,-0.01938903517436434,0.026226410099892312,-0.1812944792910582,0.0,False,False,0.5235987755982988
2.646,0.5235696960630786,-0.001162588445041966,0.5250011750549333,0.13923185784348996,-0.19232141963160806,0.026226410099892312,0.0,False,False,0.5235987755982988
2.6470000000000002,0.5235701978297139,0.0005017666353981213,0.5231219656343585,-0.06261226999833241,0.083717303348924,-0.19232141963160806,0.0,False,False,0.5235987755982988
2.648,0.5235609310198851,-0.009266809828876893,0.5238150554978189,0.012957943347540246,-0.019442570208410292,0.083717303348924,0.0,False,False,0.5235987755982988
2.649,0.5235584839597911,-0.002447060094027346,0.5256464882974159,0.1948054289724828,-0.27062534335108673,-0.019442570208410292,0.0,False,False,0.5235987755982988
2.65,0.5235558050359473,-0.002678923843728475,0.5226330610278814,-0.12601784087821175,0.16860427132136704,-0.27062534335108673,0.0,False,False,0.5235987755982988
2.6510000000000002,0.5235404044656164,-0.015400570330902964,0.5218842488848494,-0.1882972710935924,0.25681820615440015,0.16860427132136704,0.0,False,False,0.5235987755982988
2.652,0.523537377387325,-0.003027078291500628,0.5246601390830564,0.10812147583646772,-0.14885031372939814,0.25681820615440015,0.0,False,False,0.5235987755982988
2.653,0.5235481045796665,0.01072719234148987,0.5228265775209376,-0.08604682795905697,0.1171557589433695,-0.14885031372939814,0.0,False,False,0.5235987755982988
2.654,0.5235484049832129,0.0003004035464243462,0.5235303352717243,-0.007066370084483076,0.009711569979720558,0.1171557589433695,0.0,False,False,0.5235987755982988
2.6550000000000002,0.523554471858805,0.00606687559214432,0.5230431617628163,-0.05507708396683818,0.0760935497988913,0.009711569979720558,0.0,False,False,0.5235987755982988
2.656,0.5235592338275563,0.004761968751376678,0.523793250000505,0.025439448198719593,-0.03402787707817534,0.0760935497988913,0.0,False,False,0.5235987755982988
2.657,0.5235663792328711,0.007145405314788579,0.5227368799091305,-0.08274150575860156,0.1148039293153509,-0.03402787707817534,0.0,False,False,0.5235987755982988
2.658,0.5235697378186238,0.0033585857527486914,0.5234127104691292,-0.006884299182876724,0.011610331344505453,0.1148039293153509,0.0,False,False,0.5235987755982988
2.6590000000000003,0.5235778249564363,0.008087137812577172,0.5239703628801536,0.04956937183785656,-0.0661718172788147,0.011610331344505453,0.0,False,False,0.5235987755982988
2.66,0.5235841582380507,0.006333281614387585,0.5227042427409205,-0.08199957926923973,0.11450108655589676,-0.0661718172788147,0.0,False,False,0.5235987755982988
2.661,0.5235853186709243,0.0011604328735835227,0.5229743801030268,-0.04678588513169201,0.06738218107292723,0.11450108655589676,0.0,False,False,0.5235987755982988
2.662,0.5235918517766678,0.006533105743478022,0.5232887030661076,-0.010675000310435737,0.018391305951964025,0.06738218107292723,0.0,False,False,0.5235987755982988
2.6630000000000003,0.5235998347857846,0.007983009116851457,0.5223529580992566,-0.10318199696449258,0.1462431113401503,0.018391305951964025,0.0,False,False,0.5235987755982988
2.664,0.5236064300972139,0.006595311429238326,0.5232376760751988,-0.004391999673829361,0.011770191024395936,0.1462431113401503,0.0,False,False,0.5235987755982988
2.665,0.5236184013222642,0.011971225050331429,0.5237220708603284,0.04448667880651627,-0.05560332928435211,0.011770191024395936,0.0,False,False,0.5235987755982988
2.666,0.5236276970219936,0.00929569972939942,0.5232790247943148,-0.004266595675499495,0.010875429282312356,-0.05560332928435211,0.0,False,False,0.5235987755982988
2.6670000000000003,0.5236315715160497,0.003874494056081694,0.5233947508503409,0.00773266949466709,-0.005606757930358539,0.010875429282312356,0.0,False,False,0.5235987755982988
2.668,0.5236348262610521,0.0032547450023823433,0.5236174587768536,0.029230195196469234,-0.035412531449749506,-0.005606757930358539,0.0,False,False,0.5235987755982988
2.669,0.5236368197550098,0.001993493957661528,0.5230645756316161,-0.028981138846926945,0.044392966016600775,-0.035412531449749506,0.0,False,False,0.5235987755982988
2.67,0.5236364385729378,-0.00038118207185716636,0.5242395044285207,0.09140985472822746,-0.12122494461786762,0.044392966016600775,0.0,False,False,0.5235987755982988
2.6710000000000003,0.5236383929046723,0.0019543317344120127,0.5248915202178925,0.1474704481925843,-0.20023394098378816,-0.12122494461786762,0.0,False,False,0.5235987755982988
2.672,0.5236336937313284,-0.004699173343929455,0.5232284453900528,-0.03358407941065242,0.046966839041212,-0.20023394098378816,0.0,False,False,0.5235987755982988
2.673,0.523620386027913,-0.013307703415374836,0.52404380136112,0.05130992563714278,-0.06958237449535362,0.046966839041212,0.0,False,False,0.5235987755982988
2.674,0.5236129715136205,-0.007414514292521958,0.5234038660982906,-0.01781459320951756,0.024885882851569074,-0.06958237449535362,0.0,False,False,0.5235987755982988
2.6750000000000003,0.5236042352966078,-0.008736217012724382,0.5239231831738725,0.03589857366962905,-0.04891762476388193,0.024885882851569074,0.0,False,False,0.5235987755982988
2.676,0.5235992443034794,-0.004990993128405223,0.5249656447124709,0.13655487016249884,-0.18846948825009557,-0.04891762476388193,0.0,False,False,0.5235987755982988
2.677,0.5235932943648017,-0.005949938677588048,0.5240371835546696,0.030053267366117062,-0.04395526405401369,-0.18846948825009557,0.0,False,False,0.5235987755982988
2.678,0.5235796788732509,-0.013615491550887,0.5220320827380026,-0.1734621410371884,0.23635504072995775,-0.04395526405401369,0.0,False,False,0.5235987755982988
2.6790000000000003,0.5235674722167912,-0.012206656459573393,0.5239636581447122,0.03704161373749329,-0.0510178223204336,0.23635504072995775,0.0,False,False,0.5235987755982988
2.68,0.5235703983070285,0.002926090237199688,0.5246462748844887,0.1015991263413871,-0.14077393876108193,-0.0510178223204336,0.0,False,False,0.5235987755982988
2.681,0.5235698901848509,-0.0005081221775687572,0.5233765110460371,-0.03553717013790811,0.04664536610620048,-0.14077393876108193,0.0,False,False,0.5235987755982988
2.682,0.523562497802088,-0.007392382762957078,0.5244313530777985,0.07350075005202539,-0.1031872946934254,0.04664536610620048,0.0,False,False,0.5235987755982988
2.6830000000000003,0.5235595892083508,-0.002908593737174797,0.5229573497877366,-0.08124965395937471,0.10904524934137028,-0.1031872946934254,0.0,False,False,0.5235987755982988
2.684,0.5235523993623596,-0.007189845991095328,0.522256021887311,-0.14325747860599136,0.19607854112497,0.10904524934137028,0.0,False,False,0.5235987755982988
2.685,0.5235527591387759,0.0003597764162459058,0.5236759523477978,0.013061315303290633,-0.017062759854931307,0.19607854112497,0.0,False,False,0.5235987755982988
2.686,0.5235628134818586,0.010054343082730035,0.5220299983812758,-0.1528402128792391,0.21164624536150048,-0.017062759854931307,0.0,False,False,0.5235987755982988
2.6870000000000003,0.5235691889613449,0.006375479486218417,0.5233599492800531,-0.004561101713585314,0.009772195784724567,0.21164624536150048,0.0,False,False,0.5235987755982988
2.688,0.5235842708636503,0.015081902305462191,0.5247072525854992,0.1306253390023811,-0.17670299257246455,0.009772195784724567,0.0,False,False,0.5235987755982988
2.689,0.5235959555340051,0.01168467035477199,0.5219293730021187,-0.1602251532359063,0.2223194306143292,-0.17670299257246455,0.0,False,False,0.5235987755982988
2.69,0.5235956039022888,-0.00035163171626776714,0.522479032309418,-0.08923670718239353,0.12723942781872788,0.2223194306143292,0.0,False,False,0.5235987755982988
2.691,0.523606475127277,0.010871224988173942,0.522705857094036,-0.05763055800234347,0.0852292026795419,0.12723942781872788,0.0,False,False,0.5235987755982988
2.692,0.5236206907649698,0.014215637692787593,0.5235654337632769,0.03409016472197666,-0.040308044635977695,0.0852292026795419,0.0,False,False,0.5235987755982988
2.693,0.5236354439988572,0.014753233887407107,0.5233162958968903,0.005767361611120604,-0.001836199307991923,-0.040308044635977695,0.0,False,False,0.5235987755982988
2.694,0.5236443564355757,0.0089124367184935,0.5248653332628276,0.1600943620437341,-0.2149112724139987,-0.001836199307991923,0.0,False,False,0.5235987755982988
2.695,0.5236506316515089,0.00627521593318061,0.5244834576791868,0.10589736747528286,-0.1430011184263232,-0.2149112724139987,0.0,False,False,0.5235987755982988
2.696,0.5236443130756118,-0.00631857589713471,0.5240765202558593,0.05461388839500101,-0.07413606991008936,-0.1430011184263232,0.0,False,False,0.5235987755982988
2.697,0.5236327046446444,-0.011608430967397079,0.5237597910684452,0.017479580814090935,-0.023873775439543474,-0.07413606991008936,0.0,False,False,0.5235987755982988
2.698,0.5236205736744193,-0.01213097022511257,0.5239637313906826,0.03612565495642909,-0.04991999021062376,-0.023873775439543474,0.0,False,False,0.5235987755982988
2.699,0.5236105476969757,-0.010025977443611464,0.52285832618726,-0.07802743088147537,0.10696100645646868,-0.04991999021062376,0.0,False,False,0.5235987755982988
2.7,0.5236008446521653,-0.009703044810351747,0.5243489018047527,0.07883287395593834,-0.10810172046329569,0.10696100645646868,0.0,False,False,0.5235987755982988
2.701,0.5235992306320549,-0.001614020110384017,0.5226287889487322,-0.10106169904170273,0.1387337985422421,-0.10810172046329569,0.0,False,False,0.5235987755982988
2.702,0.5235927011396109,-0.006529492444045305,0.5243217050915612,0.07833608514536347,-0.10701603305315861,0.1387337985422421,0.0,False,False,0.5235987755982988
2.703,0.5235950265521845,0.0023254125736511845,0.5246301311551753,0.10134508299224135,-0.14017849961446663,-0.10701603305315861,0.0,False,False,0.5235987755982988
2.704,0.5235912973644684,-0.0037291877160452024,0.5237753114435857,0.005728603534054508,-0.010051969456029135,-0.14017849961446663,0.0,False,False,0.5235987755982988
2.705,0.5235816801373365,-0.009617227131922573,0.5234279052341416,-0.029584877763757712,0.03857751987133875,-0.010051969456029135,0.0,False,False,0.5235987755982988
2.706,0.5235742803797011,-0.007399757635459701,0.5239236166761191,0.022944754210364487,-0.033380844453202246,0.03857751987133875,0.0,False,False,0.5235987755982988
2.707,0.5235709629837662,-0.0033173959349037593,0.5210738171255382,-0.2643296762687564,0.36264486403219803,-0.033380844453202246,0.0,False,False,0.5235987755982988
2.708,0.5235669760062296,-0.003986977536589279,0.5238307460614188,0.03779618494617232,-0.04953089027156601,0.36264486403219803,0.0,False,False,0.5235987755982988
2.709,0.5235823177166999,0.015341710470342919,0.5234833976925698,-0.0007182704333425494,0.0029387268231334087,-0.04953089027156601,0.0,False,False,0.5235987755982988
2.71,0.5235912501265901,0.008932409890165995,0.5235470687632443,0.00572066367744262,-0.00593407338194996,0.0029387268231334087,0.0,False,False,0.5235987755982988
2.711,0.5235977790406318,0.006528914041611346,0.5242143449717546,0.07187621816072425,-0.09733171051507257,-0.00593407338194996,0.0,False,False,0.5235987755982988
2.712,0.5236020931944936,0.004314153861869968,0.5235368450015201,-0.003061400678795581,0.004788431556571753,-0.09733171051507257,0.0,False,False,0.5235987755982988
2.713,0.5236002489670276,-0.0018442274659871078,0.5226052307769087,-0.09591668307205702,0.13298382647149085,0.004788431556571753,0.0,False,False,0.5235987755982988
2.714,0.5235992032434693,-0.0010457235583529946,0.5234758061346185,0.0007325210061333021,0.0013344251388852425,0.13298382647149085,0.0,False,False,0.5235987755982988
2.715,0.523605124325624,0.005921082154691329,0.5236640776068735,0.019486416131017467,-0.024559135511565303,0.0013344251388852425,0.0,False,False,0.5235987755982988
2.716,0.5236093622600445,0.004237934420449636,0.5237096610190087,0.022096115731438774,-0.02851127645050502,-0.024559135511565303,0.0,False,False,0.5235987755982988
2.717,0.5236111025983924,0.0017403383478962033,0.5237524039024859,0.02416079250601138,-0.03175826048258111,-0.02851127645050502,0.0,False,False,0.5235987755982988
2.718,0.5236108896238554,-0.00021297453700407955,0.5245179102227122,0.0982953452780419,-0.13449883757309145,-0.03175826048258111,0.0,False,False,0.5235987755982988
2.719,0.5236091534781385,-0.001736145716807289,0.522661409541095,-0.09718425741148684,0.13349369792345345,-0.13449883757309145,0.0,False,False,0.5235987755982988
2.72,0.523601218874499,-0.007934603639594416,0.5237545464473656,0.021847858956728236,-0.02902130603127658,0.13349369792345345,0.0,False,False,0.5235987755982988
2.721,0.5236022535804238,0.0010347059247818226,0.5247279295984311,0.11700138816759861,-0.1607264378034988,-0.02902130603127658,0.0,False,False,0.5235987755982988
2.722,0.523601522947093,-0.0007306333308244755,0.5220877888538679,-0.15871282510548138,0.2176531515263348,-0.1607264378034988,0.0,False,False,0.5235987755982988
2.723,0.5235929780069489,-0.008544940144001046,0.5237497493104435,0.023354503062629595,-0.030742930493759667,0.2176531515263348,0.0,False,False,0.5235987755982988
2.724,0.52359776801231,0.004790005361027182,0.5230869289008189,-0.045262988206095395,0.06352882640195348,-0.030742930493759667,0.0,False,False,0.5235987755982988
2.725,0.5235995915690669,0.0018235567569048683,0.5232760857300474,-0.02182100646263713,0.0319936253836908,0.06352882640195348,0.0,False,False,0.5235987755982988
2.726,0.5236040387168608,0.004447147793911274,0.5228144452154687,-0.0658029572742377,0.09308149562002704,0.0319936253836908,0.0,False,False,0.5235987755982988
2.727,0.5236087551746157,0.0047164577548683756,0.5234607942627114,0.005412243177456082,-0.0040110277723740895,0.09308149562002704,0.0,False,False,0.5235987755982988
2.728,0.5236167175627365,0.007962388120860003,0.5252235162048655,0.1811432130751204,-0.24661718660834506,-0.0040110277723740895,0.0,False,False,0.5235987755982988
2.729,0.5236221775176896,0.005459954953081995,0.5225187538694535,-0.10744734177359744,0.1483772012475334,-0.24661718660834506,0.0,False,False,0.5235987755982988
2.73,0.5236136863012856,-0.008491216404025264,0.5225930090259099,-0.08927709195059505,0.12523630864371485,0.1483772012475334,0.0,False,False,0.5235987755982988
2.731,0.5236150525040582,0.00136620277255293,0.5224789002593136,-0.0917602594151588,0.13027006739992353,0.12523630864371485,0.0,False,False,0.5235987755982988
2.732,0.5236222658329401,0.007213328882000716,0.5251297226659811,0.1824980071931045,-0.24655465585000694,0.13027006739992353,0.0,False,False,0.5235987755982988
2.733,0.5236338890063497,0.011623173409487098,0.5232304215001473,-0.02568191010958701,0.03744866589823145,-0.24655465585000694,0.0,False,False,0.5235987755982988
2.734,0.5236299969118802,-0.0038920944694982307,0.5236076226108709,0.014606391973730749,-0.01768691659477449,0.03744866589823145,0.0,False,False,0.5235987755982988
2.735,0.5236291459275867,-0.000850984293501307,0.5232776515029282,-0.019851358017917348,0.02960186333817273,-0.01768691659477449,0.0,False,False,0.5235987755982988
2.736,0.523627669142735,-0.0014767848517591668,0.5228035047047701,-0.06528090203193043,0.09265195852183329,0.02960186333817273,0.0,False,False,0.5235987755982988
2.737,0.5236281205902196,0.0004514474846037532,0.5234229129391388,0.003188011608130502,-0.0006600860648760445,0.09265195852183329,0.0,False,False,0.5235987755982988
2.738,0.5236330674185921,0.0049468283724835825,0.5257782896554021,0.2384068820736465,-0.32531951151623445,-0.0006600860648760445,0.0,False,False,0.5235987755982988
2.739,0.5236365069477438,0.003439529151685842,0.5248513179973573,0.12186902806180346,-0.1687885968572167,-0.32531951151623445,0.0,False,False,0.5235987755982988
2.74,0.523622644938252,-0.013862009491825308,0.5228783162764894,-0.08761804683116635,0.11810992398996915,-0.1687885968572167,0.0,False,False,0.5235987755982988
2.741,0.5236039987675993,-0.018646170652664638,0.5241691137800532,0.0502235082083259,-0.07053429712156914,0.11810992398996915,0.0,False,False,0.5235987755982988
2.742,0.5235957226881989,-0.008276079400468268,0.5228700821787818,-0.08470200273963832,0.1147588848388716,-0.07053429712156914,0.0,False,False,0.5235987755982988
2.743,0.5235863031851066,-0.00941950309226641,0.5220361299839194,-0.15962702195192308,0.21968004740113806,0.1147588848388716,0.0,False,False,0.5235987755982988
2.744,0.5235852932255773,-0.0010099595291770784,0.5244749843392412,0.1002211157754565,-0.13603709626751115,0.21968004740113806,0.0,False,False,0.5235987755982988
2.745,0.5235955740388333,0.010280813255890637,0.5246079460289714,0.10349517317093129,-0.14235927555722455,-0.13603709626751115,0.0,False,False,0.5235987755982988
2.746,0.523596173349002,0.000599310168740522,0.5245090261454362,0.0832536675003106,-0.11628891084884478,-0.14235927555722455,0.0,False,False,0.5235987755982988
2.747,0.5235894725588962,-0.006700790105779687,0.5231794377769169,-0.058030536101646754,0.07718472410685077,-0.11628891084884478,0.0,False,False,0.5235987755982988
2.748,0.5235789223766176,-0.010550182278589879,0.5234333830930794,-0.026832950875230265,0.035176606144225665,0.07718472410685077,0.0,False,False,0.5235987755982988
2.749,0.5235751744797342,-0.0037478968833615295,0.5242294683562029,0.055458870524639686,-0.07790311427184073,0.035176606144225665,0.0,False,False,0.5235987755982988
2.75,0.5235743117946698,-0.0008626850644270416,0.5239159565376816,0.01856180162005179,-0.02798341885295294,-0.07790311427184073,0.0,False,False,0.5235987755982988
2.751,0.5235698160497627,-0.0044957449071292045,0.5232263025530948,-0.05225977700064025,0.06941624721444115,-0.02798341885295294,0.0,False,False,0.5235987755982988
2.7520000000000002,0.523565265573619,-0.004550476143642222,0.522152358869253,-0.1544281676847489,0.21134930234452262,0.06941624721444115,0.0,False,False,0.5235987755982988
2.753,0.5235655461758659,0.0002806022468279084,0.5236649210295722,0.012270865115640156,-0.015915655901688808,0.21134930234452262,0.0,False,False,0.5235987755982988
2.754,0.52357630894567,0.01076276980407182,0.5245179224889412,0.0963439245409824,-0.13215735348074262,-0.015915655901688808,0.0,False,False,0.5235987755982988
2.755,0.5235832834161185,0.006974470448559971,0.5225381904797699,-0.11126366883025,0.1526069347298204,-0.13215735348074262,0.0,False,False,0.5235987755982988
2.7560000000000002,0.5235816106629354,-0.0016727531830451848,0.5241390333798478,0.0599469880605642,-0.08166102574055868,0.1526069347298204,0.0,False,False,0.5235987755982988
2.757,0.5235880756065874,0.006464943651989693,0.5238774003159737,0.027788982867102185,-0.03836202435867126,-0.08166102574055868,0.0,False,False,0.5235987755982988
2.758,0.5235885569986782,0.0004813920908213901,0.5242431848522543,0.06158853820844752,-0.08550561242133567,-0.03836202435867126,0.0,False,False,0.5235987755982988
2.759,0.5235869739742383,-0.001583024439931751,0.5243479161475793,0.06590281392009834,-0.09256790659116584,-0.08550561242133567,0.0,False,False,0.5235987755982988
2.7600000000000002,0.5235815959193345,-0.005378054903754884,0.5229755606687216,-0.07792301535767267,0.10472548716159637,-0.09256790659116584,0.0,False,False,0.5235987755982988
2.761,0.5235731866025771,-0.00840931675737193,0.5221621233323795,-0.1514744474561147,0.2076290777338845,0.10472548716159637,0.0,False,False,0.5235987755982988
2.762,0.5235724311342616,-0.0007554683155677495,0.5231068475169193,-0.0418545842565308,0.059080206572668756,0.2076290777338845,0.0,False,False,0.5235987755982988
2.763,0.5235822866744695,0.009855540207987613,0.5243581966324831,0.0874657857255016,-0.11862852148591839,0.059080206572668756,0.0,False,False,0.5235987755982988
2.7640000000000002,0.5235923182964735,0.010031622003937214,0.523119330662714,-0.045167389823956156,0.06283087662927428,-0.11862852148591839,0.0,False,False,0.5235987755982988
2.765,0.523593598207709,0.0012799112354993213,0.5229879311500689,-0.053790602106067495,0.07554392259541913,0.06283087662927428,0.0,False,False,0.5235987755982988
2.766,0.523597631093082,0.00403288537303041,0.5220082030781366,-0.1463843490886969,0.20429152426935696,0.07554392259541913,0.0,False,False,0.5235987755982988
2.767,0.5236042313129294,0.006600219847437833,0.5251337048356265,0.18080426156916618,-0.24459384015489757,0.20429152426935696,0.0,False,False,0.5235987755982988
2.7680000000000002,0.5236191085241869,0.014877211257494001,0.5243396796102621,0.08332131287580706,-0.11332184766630697,-0.24459384015489757,0.0,False,False,0.5235987755982988
2.769,0.5236179077028361,-0.0012008213507755782,0.524289768691392,0.06999808970121861,-0.09643558331713944,-0.11332184766630697,0.0,False,False,0.5235987755982988
2.77,0.5236114054065283,-0.006502296307818908,0.5244559051192501,0.07961192351690888,-0.11096263959741394,-0.09643558331713944,0.0,False,False,0.5235987755982988
2.771,0.5236019920867307,-0.009413319797490107,0.5241052650733664,0.036586726576848104,-0.05302088244343444,-0.11096263959741394,0.0,False,False,0.5235987755982988
2.7720000000000002,0.5235897007118235,-0.01229137490718286,0.523376483562798,-0.03995009713767995,0.051941373204231006,-0.05302088244343444,0.0,False,False,0.5235987755982988
2.773,0.5235780914692456,-0.011609242577871715,0.5234351803285701,-0.03008541084670379,0.03904720787116215,0.051941373204231006,0.0,False,False,0.5235987755982988
2.774,0.5235722637396991,-0.005827729546547408,0.5231991434433826,-0.050680558280780795,0.06801004872542908,0.03904720787116215,0.0,False,False,0.5235987755982988
2.775,0.5235701121440235,-0.0021515956756519975,0.5258693571990746,0.22140887311649582,-0.30656111655375856,0.06801004872542908,0.0,False,False,0.5235987755982988
2.7760000000000002,0.5235720126572136,0.0019005131901211037,0.5240571374220949,0.018046008106881173,-0.0299057225565873,-0.30656111655375856,0.0,False,False,0.5235987755982988
2.777,0.5235580090685301,-0.014003588683564988,0.5231532668298409,-0.07414565192921217,0.09699394014729766,-0.0299057225565873,0.0,False,False,0.5235987755982988
2.778,0.523546193098026,-0.011815970504202895,0.5239524156663566,0.013183796915286317,-0.02218607752338444,0.09699394014729766,0.0,False,False,0.5235987755982988
2.779,0.5235424569064451,-0.0037361915808403756,0.5226603073603119,-0.1173454133807182,0.15770692434062664,-0.02218607752338444,0.0,False,False,0.5235987755982988
2.7800000000000002,0.523538734354206,-0.003722552239166361,0.5248516641470938,0.11352480663554862,-0.15878176184096865,0.15770692434062664,0.0,False,False,0.5235987755982988
2.781,0.523544016084082,0.0052817298760050035,0.5229671244688311,-0.0862816418542804,0.11490769055555554,-0.15878176184096865,0.0,False,False,0.5235987755982988
2.782,0.523539788916271,-0.004227167810983748,0.523977068447923,0.02334092024034079,-0.03481837558164466,0.11490769055555554,0.0,False,False,0.5235987755982988
2.783,0.5235425736396823,0.0027847234112535722,0.5244728146092634,0.07058144435034716,-0.10043043541777959,-0.03481837558164466,0.0,False,False,0.5235987755982988
2.7840000000000003,0.5235427762455213,0.00020260583902932412,0.5238785501432454,0.004096853313505608,-0.009952165785244499,-0.10043043541777959,0.0,False,False,0.5235987755982988
2.785,0.5235378957394935,-0.004880506027811761,0.5236203363595727,-0.02213421038510834,0.026172958759199647,-0.009952165785244499,0.0,False,False,0.5235987755982988
2.786,0.5235339729123618,-0.003922827131672114,0.5235433995097026,-0.027614474333606566,0.03413413879505915,0.026172958759199647,0.0,False,False,0.5235987755982988
2.787,0.523532536409617,-0.001436502744801906,0.5234832822609112,-0.030864751779386163,0.039116582208239915,0.03413413879505915,0.0,False,False,0.5235987755982988
2.7880000000000003,0.5235332425711022,0.0007061614851452619,0.5230299781999492,-0.07310868269764763,0.09796877240746969,0.039116582208239915,0.0,False,False,0.5235987755982988
2.789,0.5235356899765967,0.0024474054945309975,0.5231434416874648,-0.054451465676320934,0.0735377692065965,0.09796877240746969,0.0,False,False,0.5235987755982988
2.79,0.5235422954524852,0.006605475888515874,0.5248334816325363,0.11999767539845534,-0.16622191909442097,0.0735377692065965,0.0,False,False,0.5235987755982988
2.791,0.523550638794299,0.008343341813753402,0.5234559227143298,-0.0297579839620358,0.0382809326658846,-0.16622191909442097,0.0,False,False,0.5235987755982988
2.7920000000000003,0.5235482704197228,-0.0023683745761083064,0.5228625338121919,-0.08612107577962144,0.11659764308546944,0.0382809326658846,0.0,False,False,0.5235987755982988
2.793,0.5235485327750046,0.00026235528172322345,0.5230979781257362,-0.053964536847231785,0.0737717987228049,0.11659764308546944,0.0,False,False,0.5235987755982988
2.794,0.5235545452609491,0.006012485944539906,0.524514799829478,0.09311408721167133,-0.12822534081523124,0.0737717987228049,0.0,False,False,0.5235987755982988
2.795,0.5235624709839303,0.007925722981136887,0.524152048993782,0.04752759492090069,-0.06699203502377783,-0.12822534081523124,0.0,False,False,0.5235987755982988
2.7960000000000003,0.5235616931363487,-0.0007778475815514718,0.5240506725891061,0.0326371949612216,-0.047298779787996896,-0.06699203502377783,0.0,False,False,0.5235987755982988
2.797,0.5235578020350934,-0.003891101255362551,0.5233330723943604,-0.04238654400946544,0.05564651048224923,-0.047298779787996896,0.0,False,False,0.5235987755982988
2.798,0.5235527143807952,-0.00508765429821005,0.5240530675263895,0.03385162359438385,-0.04879920301889242,0.05564651048224923,0.0,False,False,0.5235987755982988
2.799,0.5235519236068523,-0.000790773942880448,0.5229903105784409,-0.07580923355990961,0.10192345062933365,-0.04879920301889242,0.0,False,False,0.5235987755982988
2.8000000000000003,0.523548933144492,-0.002990462360302664,0.5233223771629241,-0.03502165175560382,0.047001153943470035,0.10192345062933365,0.0,False,False,0.5235987755982988
2.801,0.5235519413286496,0.0030081841575354813,0.5243982553989297,0.07606833702051993,-0.10567264083597988,0.047001153943470035,0.0,False,False,0.5235987755982988
2.802,0.52355639182689,0.004450498240333464,0.5243193430305815,0.060570266483645205,-0.08565453356146212,-0.10567264083597988,0.0,False,False,0.5235987755982988
2.803,0.5235542273513829,-0.002164475507033043,0.5226973493629034,-0.10768612693253161,0.14544902455615627,-0.08565453356146212,0.0,False,False,0.5235987755982988
2.8040000000000003,0.5235484356264556,-0.0057917249272649365,0.5228018479543974,-0.08646765508987002,0.11810588369806885,0.14544902455615627,0.0,False,False,0.5235987755982988
2.805,0.5235516300433523,0.0031944168966880696,0.5236464905668823,0.006643371667601691,-0.008830915435624448,0.11810588369806885,0.0,False,False,0.5235987755982988
2.806,0.5235597667185868,0.008136675234564782,0.5250661013817494,0.14794011598754933,-0.20394000328716902,-0.008830915435624448,0.0,False,False,0.5235987755982988
2.807,0.5235651146155863,0.0053478969995100385,0.5218934686577618,-0.1841171680099656,0.2516361265416257,-0.20394000328716902,0.0,False,False,0.5235987755982988
2.8080000000000003,0.5235586769263665,-0.006437689219795819,0.5238015682369794,0.02510450671279793,-0.0337756755516086,0.2516361265416257,0.0,False,False,0.5235987755982988
2.809,0.5235667140534259,0.008037127059414114,0.5223658897141228,-0.1209737962441461,0.1673605014081438,-0.0337756755516086,0.0,False,False,0.5235987755982988
2.81,0.5235707410309484,0.004026977522483117,0.5230171828117249,-0.043747106859516924,0.06296519838975018,0.1673605014081438,0.0,False,False,0.5235987755982988
2.811,0.5235819278978171,0.011186866868776553,0.5232639041086643,-0.014700266479628514,0.023668006588975467,0.06296519838975018,0.0,False,False,0.5235987755982988
2.8120000000000003,0.5235931733367887,0.011245438971600968,0.5232262105805346,-0.016999592644631304,0.02710568149331263,0.023668006588975467,0.0,False,False,0.5235987755982988
2.813,0.5236024992272579,0.009325890469221547,0.5231366743932163,-0.024253252112001043,0.03742172422588623,0.02710568149331263,0.0,False,False,0.5235987755982988
2.814,0.5236105318952201,0.008032667962206426,0.523616821241868,0.026186757964370956,-0.031748931141491105,0.03742172422588623,0.0,False,False,0.5235987755982988
2.815,0.5236181154445639,0.007583549343848498,0.5231510168456973,-0.023012357449138276,0.03567448648579295,-0.031748931141491105,0.0,False,False,0.5235987755982988
2.816,0.5236219092555645,0.0037938110006063156,0.522345674428774,-0.10124536339655602,0.14405025712731392,0.03567448648579295,0.0,False,False,0.5235987755982988
2.817,0.5236263469297678,0.00443767420337973,0.5243069115535066,0.1050028854163613,-0.13874990969337395,0.14405025712731392,0.0,False,False,0.5235987755982988
2.818,0.5236366594897561,0.01031255998830378,0.5242936643979248,0.09317788131654325,-0.12432145597311957,-0.13874990969337395,0.0,False,False,0.5235987755982988
2.819,0.5236371473921205,0.00048790236444454065,0.5243729557860268,0.09178923199509212,-0.12408232177321478,-0.12432145597311957,0.0,False,False,0.5235987755982988
2.82,0.5236312709283968,-0.00587646372377993,0.5222867264354536,-0.12601262626174026,0.17483203644530224,-0.12408232177321478,0.0,False,False,0.5235987755982988
2.821,0.5236209277536256,-0.010343174771225445,0.5238817830514542,0.04609429796449048,-0.060407291714184845,0.17483203644530224,0.0,False,False,0.5235987755982988
2.822,0.5236222205782424,0.0012928246167972866,0.5242121234136271,0.0745189043853357,-0.10046294593831208,-0.060407291714184845,0.0,False,False,0.5235987755982988
2.823,0.5236201005588939,-0.0021200193484821614,0.5227202069915116,-0.08212462826475252,0.11436378883987362,-0.10046294593831208,0.0,False,False,0.5235987755982988
2.824,0.523613599506691,-0.006501052202857866,0.523621604675885,0.01622760299907,-0.01988404699543591,0.11436378883987362,0.0,False,False,0.5235987755982988
2.825,0.5236147270582201,0.0011275515291395474,0.5235132652696743,0.0037709020780940985,-0.0029858965784724254,-0.01988404699543591,0.0,False,False,0.5235987755982988
2.826,0.5236145179896641,-0.0002090685560576348,0.5252220977051539,0.1742770554182437,-0.23835226442528457,-0.0029858965784724254,0.0,False,False,0.5235987755982988
2.827,0.5236142231808356,-0.000294808828418816,0.5252936627952082,0.16400585888184308,-0.22731500020258008,-0.23835226442528457,0.0,False,False,0.5235987755982988
2.828,0.5236021003742647,-0.01212280657091135,0.5221496754247532,-0.1667934640518371,0.22623595998602536,-0.22731500020258008,0.0,False,False,0.5235987755982988
2.829,0.5235819087357451,-0.020191638519678052,0.5257582706134629,0.21074540122431723,-0.2917653917421345,0.22623595998602536,0.0,False,False,0.5235987755982988
2.83,0.5235777031960421,-0.0042055397028873225,0.5227790180843889,-0.10825439180551943,0.14466090541700236,-0.2917653917421345,0.0,False,False,0.5235987755982988
2.831,0.5235601695985408,-0.017533597501337175,0.5244159684921604,0.06626608815218894,-0.09422877787213585,0.14466090541700236,0.0,False,False,0.5235987755982988
2.832,0.5235541676934654,-0.006001905075415516,0.5244010869509669,0.058151325217614395,-0.08422319460916237,-0.09422877787213585,0.0,False,False,0.5235987755982988
2.833,0.5235452267557984,-0.008940937667047065,0.5226763231163825,-0.12014019076258897,0.1607723735896012,-0.08422319460916237,0.0,False,False,0.5235987755982988
2.834,0.5235346272332633,-0.01059952253514128,0.5239650845880903,0.020749975484456548,-0.031493532397595,0.1607723735896012,0.0,False,False,0.5235987755982988
2.835,0.5235350209045472,0.00039367128385701423,0.5234411800098252,-0.03371547989050129,0.04329529646112659,-0.031493532397595,0.0,False,False,0.5235987755982988
2.836,0.523533720238391,-0.0013006661561721995,0.5240174644245625,0.02728450957228263,-0.040277810359486195,0.04329529646112659,0.0,False,False,0.5235987755982988
2.837,0.5235349791904036,0.0012589520125976211,0.5237362787488885,-0.003562508952349011,0.0017999540322043818,-0.040277810359486195,0.0,False,False,0.5235987755982988
2.838,0.5235338420285442,-0.001137161859394283,0.5245778451781106,0.08095038486509214,-0.11476371427472212,0.0017999540322043818,0.0,False,False,0.5235987755982988
2.839,0.52353314019444,-0.0007018341043036269,0.5235989387085599,-0.025035300576484815,0.030039424707082416,-0.11476371427472212,0.0,False,False,0.5235987755982988
2.84,0.5235269134458064,-0.006226748633582727,0.5233804156837958,-0.044384072995246895,0.057191366055350815,0.030039424707082416,0.0,False,False,0.5235987755982988
2.841,0.52352402349532,-0.002889950486411415,0.5244805199793298,0.07006476385767545,-0.09994911548776757,0.057191366055350815,0.0,False,False,0.5235987755982988
2.842,0.5235248656739754,0.0008421786553255467,0.524031356701579,0.018141959696828212,-0.02955681149523655,-0.09994911548776757,0.0,False,False,0.5235987755982988
2.843,0.5235204545237712,-0.004411150204184432,0.524159082185826,0.02910031215184527,-0.045005893157702995,-0.02955681149523655,0.0,False,False,0.5235987755982988
2.844,0.5235158854738214,-0.004569049949765083,0.5229359241940322,-0.09612551824271252,0.12728194716805355,-0.045005893157702995,0.0,False,False,0.5235987755982988
2.845,0.5235104317617968,-0.005453712024648948,0.5225982679075989,-0.12027859506177538,0.1623434525067291,0.12728194716805355,0.0,False,False,0.5235987755982988
2.846,0.5235129606940906,0.0025289322938016586,0.5230175296622787,-0.06632456008762114,0.09005189895350821,0.1623434525067291,0.0,False,False,0.5235987755982988
2.847,0.5235228420213446,0.00988132725395188,0.5229810731589986,-0.06333775440686926,0.0871239491956478,0.09005189895350821,0.0,False,False,0.5235987755982988
2.848,0.5235344417909221,0.011599769577557376,0.5242205300816604,0.06694171329999843,-0.09152163666050596,0.0871239491956478,0.0,False,False,0.5235987755982988
2.849,0.5235472154165461,0.012773625623967744,0.5243989221727752,0.07808675108147954,-0.10810673963834987,-0.09152163666050596,0.0,False,False,0.5235987755982988
2.85,0.5235519778599335,0.004762443387307582,0.5234166011438378,-0.027954026920404454,0.03682397248478341,-0.10810673963834987,0.0,False,False,0.5235987755982988
2.851,0.5235499135889005,-0.0020642710330253814,0.524798625999295,0.11304386131736019,-0.1572499407987645,0.03682397248478341,0.0,False,False,0.5235987755982988
2.852,0.5235503158651406,0.00040227624013515137,0.5247445306968391,0.09632994494003164,-0.1362195257017636,-0.1572499407987645,0.0,False,False,0.5235987755982988
2.853,0.5235427333686359,-0.007582496504731256,0.5237551389929846,-0.012242219939419582,0.011876122822958517,-0.1362195257017636,0.0,False,False,0.5235987755982988
2.854,0.5235305419089528,-0.012191459683115075,0.522813306033529,-0.10520129389103779,0.14038000483510119,0.011876122822958517,0.0,False,False,0.5235987755982988
2.855,0.5235222559798991,-0.008285929053714728,0.5248970314544834,0.11369137759350226,-0.1597982585235254,0.14038000483510119,0.0,False,False,0.5235987755982988
2.856,0.523523374882702,0.001118902802906824,0.5234701271988874,-0.04036818572544748,0.05075749405994221,-0.1597982585235254,0.0,False,False,0.5235987755982988
2.857,0.5235161640758895,-0.007210806812462094,0.5236262639798468,-0.020717689056964573,0.02436643600049385,0.05075749405994221,0.0,False,False,0.5235987755982988
2.858,0.5235135941263598,-0.002569949529722039,0.523217232833702,-0.059549034765744815,0.07832661148163594,0.02436643600049385,0.0,False,False,0.5235987755982988
2.859,0.5235130195477289,-0.0005745786308442788,0.5227365310054148,-0.1016643141178892,0.13751757961337863,0.07832661148163594,0.0,False,False,0.5235987755982988
2.86,0.5235165359241686,0.0035163764397312686,0.5222349062449878,-0.14166035874880356,0.19454207885816244,0.13751757961337863,0.0,False,False,0.5235987755982988
2.861,0.5235258699383204,0.009334014151811908,0.524078151737203,0.056830226347591856,-0.07682504211738478,0.19454207885816244,0.0,False,False,0.5235987755982988
2.862,0.5235422805421696,0.016410603849166913,0.5228586341544651,-0.07080455456095343,0.09828801146215106,-0.07682504211738478,0.0,False,False,0.5235987755982988
2.863,0.5235507321014271,0.008451559257501929,0.5262206767771063,0.2724801631592589,-0.37417041700964476,0.09828801146215106,0.0,False,False,0.5235987755982988
2.864,0.5235616696550072,0.010937553580083826,0.5226138916582312,-0.11544636504416916,0.15626354897421926,-0.37417041700964476,0.0,False,False,0.5235987755982988
2.865,0.5235508658788802,-0.01080377612688896,0.5224535926716152,-0.11993162720135923,0.1645312453219366,0.15626354897421926,0.0,False,False,0.5235987755982988
2.866,0.5235508772805432,1.1401662909978072e-05,0.5239960572920106,0.04630799755831895,-0.06272066755679481,0.1645312453219366,0.0,False,False,0.5235987755982988
2.867,0.523559111778367,0.008234497823852724,0.5248936895535224,0.13144042395367198,-0.18103695993843172,-0.06272066755679481,0.0,False,False,0.5235987755982988
2.868,0.5235618376871168,0.002725908749873821,0.5236182027959365,-0.009252294200288266,0.010753063482867314,-0.18103695993843172,0.0,False,False,0.5235987755982988
2.869,0.5235546880980336,-0.00714958908319895,0.524054063815626,0.035259037188691514,-0.0505060325383196,0.010753063482867314,0.0,False,False,0.5235987755982988
2.87,0.5235501627121198,-0.004525385913788094,0.5219413640945552,-0.1795368386372641,0.24527761343210272,-0.0505060325383196,0.0,False,False,0.5235987755982988
2.871,0.5235444650377667,-0.005697674353114344,0.5229532246781369,-0.060397096415366336,0.08409643226135455,0.24527761343210272,0.0,False,False,0.5235987755982988
2.872,0.5235527185489066,0.008253511139851982,0.5226158120801742,-0.08809864657010133,0.12341171921036544,0.08409643226135455,0.0,False,False,0.5235987755982988
2.873,0.5235627994150033,0.010080866096621854,0.521909059937111,-0.14996399621940615,0.21037167736466791,0.12341171921036544,0.0,False,False,0.5235987755982988
2.874,0.5235762187972509,0.013419382247685713,0.5236783033094244,0.041956740633877804,-0.05177958756091464,0.21037167736466791,0.0,False,False,0.5235987755982988
2.875,0.5235965893838247,0.020370586573732134,0.5216393530562359,-0.16613395874836642,0.2346303562551726,-0.05177958756091464,0.0,False,False,0.5235987755982988
2.876,0.5236096739076052,0.013084523780476538,0.5224558402593645,-0.06787184256066404,0.10201904717361392,0.2346303562551726,0.0,False,False,0.5235987755982988
2.8770000000000002,0.5236309905622933,0.021316654688219597,0.5231622005409526,0.009551369854212663,-0.0036032927928239915,0.10201904717361392,0.0,False,False,0.5235987755982988
2.878,0.5236525955865627,0.021605024269433466,0.5229271618434358,-0.014907636882892877,0.029978211847005824,-0.0036032927928239915,0.0,False,False,0.5235987755982988
2.879,0.5236691742726716,0.01657868610880472,0.5240151059499922,0.09537753746104015,-0.12194699128372968,0.029978211847005824,0.0,False,False,0.5235987755982988
2.88,0.5236831061344455,0.013931861773895998,0.5239497751583242,0.07930670454813224,-0.10148603753821549,-0.12194699128372968,0.0,False,False,0.5235987755982988
2.8810000000000002,0.5236872717142749,0.004165579829434416,0.5244672582626134,0.12312434452224193,-0.16338190138435324,-0.10148603753821549,0.0,False,False,0.5235987755982988
2.882,0.5236851144181551,-0.002157296119778789,0.5243416930868692,0.09825539249559308,-0.13127898578897818,-0.16338190138435324,0.0,False,False,0.5235987755982988
2.883,0.5236754413466386,-0.009673071516520918,0.5246709883127993,0.12135937583905082,-0.16493107986787053,-0.13127898578897818,0.0,False,False,0.5235987755982988
2.884,0.5236619380072876,-0.01350333935100157,0.5236602638874611,0.008150995721323023,-0.010887984070509093,-0.16493107986787053,0.0,False,False,0.5235987755982988
2.8850000000000002,0.5236437723379063,-0.018165669381323996,0.52390859716741,0.032169224144079404,-0.04417985721689671,-0.010887984070509093,0.0,False,False,0.5235987755982988
2.886,0.5236294567761194,-0.014315561786920106,0.5240758366894971,0.04567625393837961,-0.06339860436762443,-0.04417985721689671,0.0,False,False,0.5235987755982988
2.887,0.5236166752077663,-0.01278156835299384,0.523740293996615,0.007554359256336504,-0.011612562277295773,-0.06339860436762443,0.0,False,False,0.5235987755982988
2.888,0.5236041604658566,-0.012514741909806181,0.5232575430419446,-0.04147617213634014,0.05591359257798394,-0.011612562277295773,0.0,False,False,0.5235987755982988
2.8890000000000002,0.5235944458141569,-0.009714651699625931,0.5233043349742618,-0.03264936169099029,0.04447916526185527,0.05591359257798394,0.0,False,False,0.5235987755982988
2.89,0.5235902706379838,-0.004175176173177634,0.5228768163440743,-0.07213628854063303,0.09955881282480007,0.04447916526185527,0.0,False,False,0.5235987755982988
2.891,0.5235895707898004,-0.0006998481834152807,0.5239575008829878,0.04314579420477148,-0.058232008170126755,0.09955881282480007,0.0,False,False,0.5235987755982988
2.892,0.5235940615504537,0.004490760653314628,0.5235120178337227,-0.0057170901422117365,0.008422147933024197,-0.058232008170126755,0.0,False,False,0.5235987755982988
2.8930000000000002,0.5235942977132028,0.00023616274906379,0.5230155694401322,-0.05479022048704372,0.07624597543145215,0.008422147933024197,0.0,False,False,0.5235987755982988
2.894,0.5235948831931655,0.0005854799626830087,0.5230169655655911,-0.049171585892448556,0.06947848365967761,0.07624597543145215,0.0,False,False,0.5235987755982988
2.895,0.5235991030361477,0.004219842982105836,0.5225428308830596,-0.09166789555634722,0.12900847954192185,0.06947848365967761,0.0,False,False,0.5235987755982988
2.896,0.5236055324282125,0.006429392064825233,0.5244597326411738,0.10918906981070833,-0.14652411054460057,0.12900847954192185,0.0,False,False,0.5235987755982988
2.8970000000000002,0.5236165215158498,0.010989087637283413,0.5236851283750286,0.020809736215109065,-0.02652603343926634,-0.14652411054460057,0.0,False,False,0.5235987755982988
2.898,0.5236171397745899,0.0006182587400622736,0.5228642047181986,-0.06336360308939709,0.08925859954908019,-0.02652603343926634,0.0,False,False,0.5235987755982988
2.899,0.5236162438400599,-0.0008959345300514334,0.5243218348595672,0.08873577135639969,-0.11949799233051021,0.08925859954908019,0.0,False,False,0.5235987755982988
2.9,0.5236200830199572,0.0038391798973727385,0.5231309991689674,-0.03922137483921477,0.055485625535022544,-0.11949799233051021,0.0,False,False,0.5235987755982988
2.9010000000000002,0.5236167941308091,-0.003288889148141823,0.5223893907871727,-0.10946007553476444,0.15312101724198696,0.055485625535022544,0.0,False,False,0.5235987755982988
2.902,0.5236172705465924,0.000476415783214531,0.5245084551136737,0.11339236466881161,-0.15244506887932224,0.15312101724198696,0.0,False,False,0.5235987755982988
2.903,0.5236252582098667,0.007987663274342886,0.5231565526663428,-0.03313711653116612,0.04772455261260842,-0.15244506887932224,0.0,False,False,0.5235987755982988
2.904,0.5236233151427467,-0.0019430671200143298,0.5232664833711191,-0.01883033440041109,0.02857766136972747,0.04772455261260842,0.0,False,False,0.5235987755982988
2.9050000000000002,0.5236243471685426,0.0010320257958428545,0.5236602835155991,0.022432713487628334,-0.028026398696559533,0.02857766136972747,0.0,False,False,0.5235987755982988
2.906,0.5236264946160694,0.0021474475268256914,0.5246235918128439,0.11652027186334352,-0.1582710180978238,-0.028026398696559533,0.0,False,False,0.5235987755982988
2.907,0.5236265903840044,9.576793499642281e-05,0.5236440762189443,0.006916685287045393,-0.009115433516072568,-0.1582710180978238,0.0,False,False,0.5235987755982988
2.908,0.5236187434878018,-0.007846896202551853,0.5225723163893875,-0.10095096619733533,0.13961742519720602,-0.009115433516072568,0.0,False,False,0.5235987755982988
2.9090000000000003,0.5236127124869476,-0.006031000854117063,0.5240873347093297,0.06064596241661446,-0.08156921889849267,0.13961742519720602,0.0,False,False,0.5235987755982988
2.91,0.5236154428641915,0.002730377243908768,0.5231922094878562,-0.03493115597239725,0.04923557715484444,-0.08156921889849267,0.0,False,False,0.5235987755982988
2.911,0.5236132697968694,-0.002173067322070622,0.5252607942633952,0.1754204371787486,-0.24042086058623371,0.04923557715484444,0.0,False,False,0.5235987755982988
2.912,0.5236142165675015,0.0009467706321257792,0.523613239425723,-0.0068770903063467,0.007992159473980354,-0.24042086058623371,0.0,False,False,0.5235987755982988
2.9130000000000003,0.5236028546888074,-0.011361878694065655,0.5216524182719433,-0.20227149665368324,0.27776022785881904,0.007992159473980354,0.0,False,False,0.5235987755982988
2.914,0.5235950216140804,-0.007833074727002476,0.5239068813838512,0.04340196420247619,-0.0576282611829147,0.27776022785881904,0.0,False,False,0.5235987755982988
2.915,0.5236033445931878,0.00832297910734601,0.5253003262982855,0.17840625922565573,-0.24471542367054702,-0.0576282611829147,0.0,False,False,0.5235987755982988
2.916,0.5236063907802202,0.0030461870323559934,0.524981640669425,0.1286970704170397,-0.17932805578071873,-0.24471542367054702,0.0,False,False,0.5235987755982988
2.9170000000000003,0.5235962821568354,-0.010108623384802553,0.5251940911964511,0.13707241607794773,-0.19320258006027852,-0.17932805578071873,0.0,False,False,0.5235987755982988
2.918,0.5235800458316714,-0.016236325164063398,0.5226901371908886,-0.12703022608609396,0.16879176263669596,-0.19320258006027852,0.0,False,False,0.5235987755982988
2.919,0.5235582378686748,-0.02180796299658033,0.5243542409981623,0.052083177249881873,-0.076098189897401,0.16879176263669596,0.0,False,False,0.5235987755982988
2.92,0.5235497388661635,-0.00849900251130147,0.5229196797711722,-0.09658126317412126,0.12812124069722544,-0.076098189897401,0.0,False,False,0.5235987755982988
2.9210000000000003,0.5235398755047769,-0.009863361386684307,0.5237356049296342,-0.005330621010501954,0.0039338172485649915,0.12812124069722544,0.0,False,False,0.5235987755982988
2.922,0.5235391980224788,-0.00067748229808153,0.5224283374673405,-0.13552430513882216,0.18369705252383592,0.0039338172485649915,0.0,False,False,0.5235987755982988
2.923,0.5235389231079594,-0.00027491451946243944,0.5229765293589262,-0.06715268546636742,0.09178365486834716,0.18369705252383592,0.0,False,False,0.5235987755982988
2.924,0.523547916614886,0.00899350692666658,0.5229577800436493,-0.06231234844742071,0.08631273812059531,0.09178365486834716,0.0,False,False,0.5235987755982988
2.9250000000000003,0.5235589335379104,0.01101692302444701,0.5243430709453938,0.08244797657176536,-0.11233488813382789,0.08631273812059531,0.0,False,False,0.5235987755982988
2.926,0.5235712151054552,0.01228156754489374,0.5242699743582958,0.06689352020479122,-0.09235380192569535,-0.11233488813382789,0.0,False,False,0.5235987755982988
2.927,0.5235745488527187,0.0033337472634967762,0.5238161196382838,0.014818696183109534,-0.021694628139460864,-0.09235380192569535,0.0,False,False,0.5235987755982988
2.928,0.5235722606116272,-0.0022882410914948715,0.5223937956099013,-0.12889557627345072,0.17636433131929632,-0.021694628139460864,0.0,False,False,0.5235987755982988
2.9290000000000003,0.5235695802846869,-0.002680326940242553,0.5232976235746132,-0.025623222174916693,0.036168603036241476,0.17636433131929632,0.0,False,False,0.5235987755982988
2.93,0.5235765282140677,0.006947929380869551,0.5229254187525302,-0.060281382165725005,0.08445808182270545,0.036168603036241476,0.0,False,False,0.5235987755982988
2.931,0.5235832523944006,0.006724180332865088,0.5243421876633553,0.08742364713335693,-0.11828979373104458,0.08445808182270545,0.0,False,False,0.5235987755982988
2.932,0.523592228049475,0.008975655074449241,0.5246203882934143,0.10650134542592235,-0.14619064302318527,-0.11828979373104458,0.0,False,False,0.5235987755982988
2.9330000000000003,0.5235927279247605,0.0004998752854454523,0.524514598257103,0.08527220725220194,-0.11881145656111772,-0.14619064302318527,0.0,False,False,0.5235987755982988
2.934,0.5235857663370268,-0.006961587733668164,0.5229267130648354,-0.0820435326997784,0.11054936484207552,-0.11881145656111772,0.0,False,False,0.5235987755982988
2.935,0.5235749000496952,-0.010866287331653075,0.5211842064021256,-0.24808984570078138,0.34117006037205566,0.11054936484207552,0.0,False,False,0.5235987755982988
2.936,0.5235725776520588,-0.002322397636377713,0.5220306125080759,-0.1386402505356707,0.19459523626681696,0.34117006037205566,0.0,False,False,0.5235987755982988
2.9370000000000003,0.5235880166516398,0.015438999580958403,0.5248286202267753,0.15502454638783877,-0.20816665897798403,0.19459523626681696,0.0,False,False,0.5235987755982988
2.938,0.5236092352856435,0.021218634003781718,0.5232590742940925,-0.017432501519233173,0.02703362529879415,-0.20816665897798403,0.0,False,False,0.5235987755982988
2.939,0.5236152445910233,0.006009305379794954,0.522960113772798,-0.04558530349675098,0.06619827705511491,0.02703362529879415,0.0,False,False,0.5235987755982988
2.94,0.523620831110409,0.005586519385807059,0.5250543226410209,0.16839411367521095,-0.22827278317925104,0.06619827705511491,0.0,False,False,0.5235987755982988
2.9410000000000003,0.5236280715107595,0.007240400350515843,0.5247321318414156,0.11933562234716277,-0.16360315919269833,-0.22827278317925104,0.0,False,False,0.5235987755982988
2.942,0.5236217873578796,-0.0062841528799036615,0.5236431228926498,-0.0014988347641380767,0.001000350418647905,-0.16360315919269833,0.0,False,False,0.5235987755982988
2.943,0.5236091737442129,-0.01261361366668683,0.5233531312454831,-0.03034811600439412,0.04083933755595573,0.001000350418647905,0.0,False,False,0.5235987755982988
2.944,0.5236000117269672,-0.009162017245709787,0.5234847316714939,-0.01415326180287554,0.019036704845939185,0.04083933755595573,0.0,False,False,0.5235987755982988
2.945,0.5235954995352585,-0.004512191708727005,0.5237937364737538,0.018162544603404683,-0.025304349282275766,0.019036704845939185,0.0,False,False,0.5235987755982988
2.946,0.5235932883763224,-0.002211158936186492,0.5249895930386529,0.1359319466329709,-0.18815304988593842,-0.025304349282275766,0.0,False,False,0.5235987755982988
2.947,0.5235904815026751,-0.002806873647332727,0.523959153879443,0.019294836048687675,-0.029640612319021053,-0.18815304988593842,0.0,False,False,0.5235987755982988
2.948,0.523579114780818,-0.011366721857049733,0.5242126946353982,0.04271942803933729,-0.0623138563149939,-0.029640612319021053,0.0,False,False,0.5235987755982988
2.949,0.5235693963127261,-0.009718468091834558,0.5245897769751475,0.07615571921033484,-0.10922488783567859,-0.0623138563149939,0.0,False,False,0.5235987755982988
2.95,0.5235593068751263,-0.010089437599803462,0.5225385720051545,-0.13658034970999894,0.182980084328596,-0.10922488783567859,0.0,False,False,0.5235987755982988
2.951,0.5235465903115711,-0.012716563555223005,0.5242053315826465,0.043753643010197005,-0.06342237933049441,0.182980084328596,0.0,False,False,0.5235987755982988
2.952,0.5235464459323683,-0.00014437920284395347,0.5232893862002511,-0.052216259530359355,0.06822852060128981,-0.06342237933049441,0.0,False,False,0.5235987755982988
2.953,0.5235431743247242,-0.0032716076440973347,0.5213474670517318,-0.24118654842925003,0.3299474119533054,0.06822852060128981,0.0,False,False,0.5235987755982988
2.954,0.5235443000501865,0.0011257254623217782,0.5216871217727709,-0.18310242148242215,0.25413267463840944,0.3299474119533054,0.0,False,False,0.5235987755982988
2.955,0.5235615812819007,0.017281231714155347,0.5226731060572236,-0.06619375088890653,0.09609455280604147,0.25413267463840944,0.0,False,False,0.5235987755982988
2.956,0.5235873099560698,0.025728674169121148,0.5240508896761706,0.0782039860946867,-0.10198283671531687,0.09609455280604147,0.0,False,False,0.5235987755982988
2.957,0.5236125913052572,0.025281349187301034,0.5237119001603835,0.03648463590650335,-0.0458178052053282,-0.10198283671531687,0.0,False,False,0.5235987755982988
2.958,0.5236275592976567,0.014967992399551138,0.5237884496012205,0.04049111639955451,-0.052003471732055856,-0.0458178052053282,0.0,False,False,0.5235987755982988
2.959,0.5236363713685201,0.008812070863431956,0.5253388907331805,0.19148611795560022,-0.2611054139745909,-0.052003471732055856,0.0,False,False,0.5235987755982988
2.96,0.5236400631499546,0.0036917814344354007,0.522532573535846,-0.10829421357340821,0.1491446934122399,-0.2611054139745909,0.0,False,False,0.5235987755982988
2.961,0.5236295897690766,-0.010473380877993672,0.523605649651308,0.009842819330124972,-0.011935116150314534,0.1491446934122399,0.0,False,False,0.5235987755982988
2.962,0.5236294986773302,-9.109174642003663e-05,0.5238951687889868,0.03781045116499533,-0.05070761883037788,-0.011935116150314534,0.0,False,False,0.5235987755982988
2.963,0.5236288385214782,-0.000660155851985643,0.5229863190176025,-0.0568555710899321,0.07925090376045206,-0.05070761883037788,0.0,False,False,0.5235987755982988
2.964,0.5236258436001702,-0.002994921308098289,0.5236505633485737,0.015254419116184192,-0.019237482444369645,0.07925090376045206,0.0,False,False,0.5235987755982988
2.965,0.5236277150240466,0.001871423876462794,0.5222314958368035,-0.12817777397245753,0.17842436447386462,-0.019237482444369645,0.0,False,False,0.5235987755982988
2.966,0.523628057293762,0.00034226971549159596,0.5248584325755514,0.1473336772995802,-0.19947423835004321,0.17842436447386462,0.0,False,False,0.5235987755982988
2.967,0.5236372167417307,0.009159447968602128,0.5230423958331725,-0.049003364668273486,0.06881887337420242,-0.19947423835004321,0.0,False,False,0.5235987755982988
2.968,0.523633795258669,-0.0034214830616164336,0.5254065263237161,0.19231002085291637,-0.26331153808101065,0.06881887337420242,0.0,False,False,0.5235987755982988
2.969,0.5236348449525398,0.001049693870756276,0.5236065057588039,-0.006923037723599368,0.00816850237922857,-0.26331153808101065,0.0,False,False,0.5235987755982988
2.97,0.5236224102514047,-0.012434701135061683,0.5245195562315588,0.08507431332425226,-0.11866322738778189,0.00816850237922857,0.0,False,False,0.5235987755982988
2.971,0.5236137477237144,-0.008662527690266967,0.5235672321954816,-0.018665521615887498,0.02296640718977444,-0.11866322738778189,0.0,False,False,0.5235987755982988
2.972,0.5236016342693184,-0.012113454396000953,0.523574805214437,-0.016041667558761172,0.019681467980026086,0.02296640718977444,0.0,False,False,0.5235987755982988
2.973,0.5235939640321695,-0.007670237148904752,0.523084302292522,-0.0634877929943843,0.0854458710972437,0.019681467980026086,0.0,False,False,0.5235987755982988
2.974,0.5235895030699136,-0.004460962255922653,0.5236934583091813,0.003776587970988135,-0.00623619436107134,0.0854458710972437,0.0,False,False,0.5235987755982988
2.975,0.5235906487731823,0.00114570326874509,0.5238681549849107,0.020868596746822874,-0.029891145055201067,-0.00623619436107134,0.0,False,False,0.5235987755982988
2.976,0.5235911347484192,0.0004859752369654382,0.5229067400900517,-0.07735975241376078,0.10528834204496157,-0.029891145055201067,0.0,False,False,0.5235987755982988
2.977,0.5235899784586181,-0.001156289801179545,0.5234808566202187,-0.012212124155681237,0.016777090592259493,0.10528834204496157,0.0,False,False,0.5235987755982988
2.978,0.5235944377120432,0.004459253425039986,0.5230620260132741,-0.05287397243457179,0.07311025945193073,0.016777090592259493,0.0,False,False,0.5235987755982988
2.979,0.5235984019428399,0.003964230796709713,0.5256052374280694,0.20673456628841522,-0.2841977924819691,0.07311025945193073,0.0,False,False,0.5235987755982988
2.98,0.5236048318941179,0.0064299512779702455,0.5235265270253525,-0.02180993061211614,0.02747239104757274,-0.2841977924819691,0.0,False,False,0.5235987755982988
2.981,0.5235951610735767,-0.009670820541147122,0.5249436305113158,0.12208141104541992,-0.17070508168880894,0.02747239104757274,0.0,False,False,0.5235987755982988
2.982,0.5235895970059589,-0.005564067617905319,0.5234188843178079,-0.04260134940990626,0.05435966234072363,-0.17070508168880894,0.0,False,False,0.5235987755982988
2.983,0.5235771473892551,-0.012449616703724166,0.5238034185419809,0.00011220794837935033,-0.003818222524332193,0.05435966234072363,0.0,False,False,0.5235987755982988
2.984,0.5235707826719411,-0.006364717313970602,0.5224176749885527,-0.1384733681892717,0.18742785280255542,-0.003818222524332193,0.0,False,False,0.5235987755982988
2.985,0.5235660999678395,-0.004682704101627752,0.5231759555316636,-0.04879797705925558,0.06616833367054006,0.18742785280255542,0.0,False,False,0.5235987755982988
2.986,0.5235721870788432,0.006087111003647266,0.523755913238587,0.014077591339001716,-0.019721587131988395,0.06616833367054006,0.0,False,False,0.5235987755982988
2.987,0.523579786497319,0.007599418475767408,0.5249638359372936,0.13346210207576356,-0.18472560859282178,-0.019721587131988395,0.0,False,False,0.5235987755982988
2.988,0.5235841933454666,0.004406848147640243,0.5237779098631252,0.001523284451353038,-0.005052358108498994,-0.18472560859282178,0.0,False,False,0.5235987755982988
2.989,0.5235780452194365,-0.006148126030110955,0.5247855690309217,0.10213687278586145,-0.14392652913024495,-0.005052358108498994,0.0,False,False,0.5235987755982988
2.99,0.5235734575220695,-0.004587697366972958,0.5241325991513902,0.026626197554130232,-0.04156026102060138,-0.14392652913024495,0.0,False,False,0.5235987755982988
2.991,0.5235630445164308,-0.010413005638733108,0.524983220097682,0.10902567242789077,-0.15575080790236526,-0.04156026102060138,0.0,False,False,0.5235987755982988
2.992,0.5235534643602371,-0.00958015619365099,0.5235019403057545,-0.05000487400764528,0.06174888407497244,-0.15575080790236526,0.0,False,False,0.5235987755982988
2.993,0.5235388076761516,-0.014656684085555717,0.5256246704839924,0.16726863121691335,-0.23718846540278085,0.06174888407497244,0.0,False,False,0.5235987755982988
2.994,0.5235310458403561,-0.007761835795397083,0.5231074577444796,-0.10117950585605545,0.13025912839601167,-0.23718846540278085,0.0,False,False,0.5235987755982988
2.995,0.5235136739127018,-0.017371927654337732,0.5228448097828206,-0.11732635143635894,0.15436300640223946,0.13025912839601167,0.0,False,False,0.5235987755982988
2.996,0.5235070883908983,-0.006585521803438257,0.5224511180733876,-0.1449628872360161,0.19461330013162081,0.15436300640223946,0.0,False,False,0.5235987755982988
2.997,0.523510154582473,0.003066191574640843,0.5255443573556684,0.17885732971566343,-0.24964926729144865,0.19461330013162081,0.0,False,False,0.5235987755982988
2.998,0.5235220264564233,0.011871873950403511,0.5242371293659062,0.03024879776787326,-0.04778892513838016,-0.24964926729144865,0.0,False,False,0.5235987755982988
2.999,0.5235181735276566,-0.0038529287666562266,0.5232265981828234,-0.07382920031719482,0.09529423385919208,-0.04778892513838016,0.0,False,False,0.5235987755982988
3.0,0.5235130883528699,-0.0050851747866715365,0.524603066277499,0.07120052918208665,-0.10351786724410685,0.09529423385919208,0.0,False,False,0.5235987755982988
3.001,0.5235142817369467,0.001193384076726341,0.5241144063804737,0.015214486561349022,-0.027538737952766477,-0.10351786724410685,0.0,False,False,0.5235987755982988
3.0020000000000002,0.5235099368631918,-0.004344873754928725,0.5252257067576626,0.12482307562410139,-0.17907245161746901,-0.027538737952766477,0.0,False,False,0.5235987755982988
3.003,0.5235055157684537,-0.004421094738048867,0.5221547768083646,-0.1947522268681005,0.25969465046053575,-0.17907245161746901,0.0,False,False,0.5235987755982988
3.004,0.5234934638742479,-0.012051894205830447,0.5232618934945713,-0.06456533556062388,0.08354228053984382,0.25969465046053575,0.0,False,False,0.5235987755982988
3.005,0.5234976782801324,0.004214405884459652,0.5230940522295983,-0.07489292850186603,0.09895653483884922,0.08354228053984382,0.0,False,False,0.5235987755982988
3.0060000000000002,0.5235048070073973,0.007128727264888661,0.5217824439527521,-0.19856446333629707,0.27097132562339765,0.09895653483884922,0.0,False,False,0.5235987755982988
3.007,0.5235148026190991,0.009995611701730764,0.5244401126626927,0.08705885399139895,-0.11961469194876952,0.27097132562339765,0.0,False,False,0.5235987755982988
3.008,0.5235355351471468,0.02073252804767506,0.5232995696379057,-0.03570133388644643,0.04822730795081193,-0.11961469194876952,0.0,False,False,0.5235987755982988
3.009,0.5235455446962894,0.01000954914263647,0.5241909946851648,0.057011304228112424,-0.07907350863732325,0.04822730795081193,0.0,False,False,0.5235987755982988
3.0100000000000002,0.5235551506172161,0.009605920926732422,0.5256144401097265,0.19365471626146427,-0.2686676207194548,-0.07907350863732325,0.0,False,False,0.5235987755982988
3.011,0.523558085554992,0.002934937775806371,0.5232498222807773,-0.062172538259596594,0.08088820562690281,-0.2686676207194548,0.0,False,False,0.5235987755982988
3.012,0.5235467011569619,-0.011384398030038989,0.5231791758468638,-0.0630199278249893,0.08317670891581748,0.08088820562690281,0.0,False,False,0.5235987755982988
3.013,0.523542495423643,-0.004205733318904925,0.5236460494469344,-0.010030575035432074,0.011185760767078317,0.08317670891581748,0.0,False,False,0.5235987755982988
3.0140000000000002,0.5235437087939232,0.0012133702802522807,0.5244052446359811,0.06689200137278797,-0.09478684432562758,0.011185760767078317,0.0,False,False,0.5235987755982988
3.015,0.5235451130336215,0.0014042396982590875,0.5230505626233415,-0.07526540002845711,0.10018631358338045,-0.09478684432562758,0.0,False,False,0.5235987755982988
3.016,0.5235413517331241,-0.003761300497368154,0.5229907338669442,-0.07372173566534317,0.09941083396279544,0.10018631358338045,0.0,False,False,0.5235987755982988
3.017,0.5235437300660672,0.002378332943137866,0.5244663017451906,0.08120722572583422,-0.11306414151505317,0.09941083396279544,0.0,False,False,0.5235987755982988
3.0180000000000002,0.5235503592718188,0.006629205751572592,0.5238807844157437,0.014534770208561407,-0.022517882964281703,-0.11306414151505317,0.0,False,False,0.5235987755982988
3.019,0.5235493897598756,-0.0009695119431855194,0.5217650277349747,-0.19849437488919677,0.27120071140687046,-0.022517882964281703,0.0,False,False,0.5235987755982988
3.02,0.523547588857805,-0.001800902070744505,0.5224782327814212,-0.10732443275562077,0.14895909001054114,0.27120071140687046,0.0,False,False,0.5235987755982988
3.021,0.5235598940100612,0.012305152256252335,0.5248699694437015,0.14258167674796207,-0.19397950131480202,0.14895909001054114,0.0,False,False,0.5235987755982988
3.0220000000000002,0.5235763109913519,0.016416981290770277,0.5239270595861826,0.03403252332127779,-0.04674813976744102,-0.19397950131480202,0.0,False,False,0.5235987755982988
3.023,0.5235789101392153,0.0025991478634194917,0.5229137687121201,-0.07069981641709332,0.0971699036517281,-0.04674813976744102,0.0,False,False,0.5235987755982988
3.024,0.5235783860993675,-0.0005240398478028648,0.5234296756195702,-0.012039144030377008,0.017490772453567283,0.0971699036517281,0.0,False,False,0.5235987755982988
3.025,0.5235828798268481,0.00449372748073041,0.5235944310029681,0.005640308712449232,-0.006690167738986143,0.017490772453567283,0.0,False,False,0.5235987755982988
3.0260000000000002,0.5235869042369756,0.004024410127431254,0.5242289527146582,0.06852844901021377,-0.09357732690672528,-0.006690167738986143,0.0,False,False,0.5235987755982988
3.027,0.5235893867530982,0.0024825161225828568,0.5224040783356181,-0.12081183379481847,0.16647875128203535,-0.09357732690672528,0.0,False,False,0.5235987755982988
3.028,0.5235864395194142,-0.0029472336839939123,0.5228525729538337,-0.0638811885937755,0.09008907391290279,0.16647875128203535,0.0,False,False,0.5235987755982988
3.029,0.5235927058373867,0.006266317972468545,0.5238309046691183,0.04034010179406284,-0.052586445427626166,0.09008907391290279,0.0,False,False,0.5235987755982988
3.0300000000000002,0.5236016308396945,0.00892500230779482,0.5235145087328448,0.004666497987303758,-0.004082994006591767,-0.052586445427626166,0.0,False,False,0.5235987755982988
3.031,0.5236053779493677,0.0037471096732181594,0.5241044192291063,0.06319089781472924,-0.0849306627322104,-0.004082994006591767,0.0,False,False,0.5235987755982988
3.032,0.5236077947590394,0.0024168096717767634,0.5225348471459619,-0.10008540028118915,0.13925319247949186,-0.0849306627322104,0.0,False,False,0.5235987755982988
3.033,0.5236052338340695,-0.0025609249698724124,0.5239168873967807,0.04812716482880808,-0.06347861016724292,0.13925319247949186,0.0,False,False,0.5235987755982988
3.0340000000000003,0.5236104099184183,0.005176084348830206,0.524562996329367,0.10792534160455927,-0.1468663830846981,-0.06347861016724292,0.0,False,False,0.5235987755982988
3.035,0.5236108723074986,0.0004623890802873034,0.524035701632875,0.04440333779491025,-0.06114867397626453,-0.1468663830846981,0.0,False,False,0.5235987755982988
3.036,0.523603850835854,-0.007021471644518373,0.5237252487302049,0.008917713748401487,-0.01297777287239082,-0.06114867397626453,0.0,False,False,0.5235987755982988
3.037,0.5235958239802468,-0.008026855607173703,0.5235121497520744,-0.013283955439487474,0.01750001175942472,-0.01297777287239082,0.0,False,False,0.5235987755982988
3.0380000000000003,0.5235894669272824,-0.006357052964479249,0.5228609218582857,-0.07707834927440733,0.1057753864495249,0.01750001175942472,0.0,False,False,0.5235987755982988
3.039,0.5235858556870318,-0.0036112402506180497,0.523523025062288,-0.0031601939467381657,0.005155742384280781,0.1057753864495249,0.0,False,False,0.5235987755982988
3.04,0.5235886194110835,0.0027637240517210454,0.5246879201480538,0.11364533402451388,-0.15597900272500576,0.005155742384280781,0.0,False,False,0.5235987755982988
3.041,0.5235908059875908,0.0021865765072974,0.5234869340203956,-0.017817812143755163,0.023394522974764274,-0.15597900272500576,0.0,False,False,0.5235987755982988
3.0420000000000003,0.5235845314958374,-0.006274491753357902,0.5228080310302619,-0.08392632994275304,0.11494499815596894,0.023394522974764274,0.0,False,False,0.5235987755982988
3.043,0.523581274758348,-0.0032567374893061364,0.5231517081367324,-0.04116598630142362,0.05744639786990389,0.11494499815596894,0.0,False,False,0.5235987755982988
3.044,0.5235847467740664,0.003472015718363147,0.5237600217236201,0.023781971017491937,-0.03144079547677395,0.05744639786990389,0.0,False,False,0.5235987755982988
3.045,0.5235900459559759,0.005299181909505633,0.5232640935033214,-0.028189048114133048,0.03985113544655367,-0.03144079547677395,0.0,False,False,0.5235987755982988
3.0460000000000003,0.5235921983330107,0.0021523770347889938,0.5240157053410203,0.049791040467169805,-0.06725398392958987,0.03985113544655367,0.0,False,False,0.5235987755982988
3.047,0.5235956914255483,0.0034930925375093137,0.5240519586804773,0.04843727036615324,-0.06628201991859606,-0.06725398392958987,0.0,False,False,0.5235987755982988
3.048,0.5235947704457423,-0.0009209798059458298,0.524370554620388,0.0754531373206061,-0.10443578718233178,-0.06628201991859606,0.0,False,False,0.5235987755982988
3.049,0.5235908151476724,-0.0039552980700039595,0.5248331051421212,0.11416287576187287,-0.15921338270305083,-0.10443578718233178,0.0,False,False,0.5235987755982988
3.0500000000000003,0.5235828252395474,-0.007989908125005718,0.5244518759207978,0.06462366605334133,-0.09290420506899101,-0.15921338270305083,0.0,False,False,0.5235987755982988
3.051,0.5235691837246969,-0.013641514850553305,0.5227539063411902,-0.11163565851274779,0.14917043684325182,-0.09290420506899101,0.0,False,False,0.5235987755982988
3.052,0.5235545087687851,-0.014674955911742926,0.522766026218888,-0.09926010489169497,0.13410161469942838,0.14917043684325182,0.0,False,False,0.5235987755982988
3.053,0.5235511031516962,-0.0034056170889344446,0.5234849800645301,-0.017438709838312083,0.022974771413810522,0.13410161469942838,0.0,False,False,0.5235987755982988
3.0540000000000003,0.523555428161358,0.004325009661818109,0.5231617033869735,-0.0480225066101414,0.0654943077360246,0.022974771413810522,0.0,False,False,0.5235987755982988
3.055,0.52355960696094,0.004178799581927807,0.522566229493494,-0.10276764529708536,0.1419070042429898,0.0654943077360246,0.0,False,False,0.5235987755982988
3.056,0.5235658080507342,0.006201089794216968,0.5231803592463662,-0.03107790548015406,0.04482498091097215,0.1419070042429898,0.0,False,False,0.5235987755982988
3.057,0.5235772767663753,0.011468715641156493,0.5231631861146279,-0.029687428105971043,0.043465524433242364,0.04482498091097215,0.0,False,False,0.5235987755982988
3.0580000000000003,0.5235878335878211,0.010556821445756294,0.5230015358312754,-0.04288371363062052,0.06221077216316612,0.043465524433242364,0.0,False,False,0.5235987755982988
3.059,0.5235976190838041,0.00978549598294375,0.5233220407699748,-0.006544848397618951,0.012835044986975122,0.06221077216316612,0.0,False,False,0.5235987755982988
3.06,0.5236077541324493,0.010135048645237735,0.5246361465029984,0.12552020974450254,-0.1692969279779954,0.012835044986975122,0.0,False,False,0.5235987755982988
3.061,0.523615685927192,0.007931794742704517,0.5237895539179431,0.02830893026452616,-0.037404726071029036,-0.1692969279779954,0.0,False,False,0.5235987755982988
3.0620000000000003,0.5236128589849489,-0.0028269422430414227,0.5257699193278412,0.22351457822788343,-0.30729808100522354,-0.037404726071029036,0.0,False,False,0.5235987755982988
3.063,0.5236090155936687,-0.003843391280248966,0.523757812056051,-4.7606773929065316e-05,-0.002805528110824196,-0.30729808100522354,0.0,False,False,0.5235987755982988
3.064,0.5235909617025445,-0.018053891124204018,0.523337831562417,-0.042040895459937055,0.055146067197797556,-0.002805528110824196,0.0,False,False,0.5235987755982988
3.065,0.5235771453947738,-0.013816307770656422,0.5235807520152701,-0.01354476062863099,0.01657813724887405,0.055146067197797556,0.0,False,False,0.5235987755982988
3.0660000000000003,0.5235697326889841,-0.007412705789778794,0.5237935641654238,0.009090930449599499,-0.014415310747768667,0.01657813724887405,0.0,False,False,0.5235987755982988
3.067,0.5235653058244923,-0.004426864491713724,0.5239451365562409,0.023339076486348507,-0.034241389026575086,-0.014415310747768667,0.0,False,False,0.5235987755982988
3.068,0.5235614826895769,-0.0038231349154500254,0.5253737552020618,0.16386703341980258,-0.22859007297149597,-0.034241389026575086,0.0,False,False,0.5235987755982988
3.069,0.5235570959493605,-0.004386740216383307,0.5228194146819432,-0.10795372193403793,0.14357296281524748,-0.22859007297149597,0.0,False,False,0.5235987755982988
3.0700000000000003,0.5235425925688324,-0.014503380528122084,0.5242922516759064,0.050125349655693624,-0.07263298898376938,0.14357296281524748,0.0,False,False,0.5235987755982988
3.071,0.5235390464554294,-0.003546113402983912,0.523720343052997,-0.012078047600821332,0.012305442936418769,-0.07263298898376938,0.0,False,False,0.5235987755982988
3.072,0.5235329357014525,-0.006110753976854679,0.5221618942775271,-0.16671512038772368,0.22592200823915878,0.012305442936418769,0.0,False,False,0.5235987755982988
3.073,0.5235292428955478,-0.0036928059046992838,0.524201804459981,0.053947409896434984,-0.07559141138600113,0.22592200823915878,0.0,False,False,0.5235987755982988
3.074,0.5235379563828663,0.008713487318434004,0.5246441666234604,0.09278888525472855,-0.13016370075858208,-0.07559141138600113,0.0,False,False,0.5235987755982988
3.075,0.5235403951305039,0.002438747637619425,0.5227923676046878,-0.10166990514799693,0.13651923006259395,-0.13016370075858208,0.0,False,False,0.5235987755982988
3.076,0.5235355879184913,-0.004807212012544402,0.5235277916480087,-0.017960510301114105,0.022830323466559603,0.13651923006259395,0.0,False,False,0.5235987755982988
3.077,0.5235390409147677,0.003452996276338229,0.5220333852830001,-0.16560509577185537,0.2269031406016026,0.022830323466559603,0.0,False,False,0.5235987755982988
3.078,0.5235425958877677,0.003554973000036029,0.5224440800194246,-0.10797511255222877,0.1503546554824113,0.2269031406016026,0.0,False,False,0.5235987755982988
3.079,0.5235564263976414,0.013830509873726908,0.5244710047370268,0.10551487046321814,-0.14231796905296532,0.1503546554824113,0.0,False,False,0.5235987755982988
3.08,0.523574125551587,0.017699153945595618,0.5231671003658132,-0.035427053704467415,0.05028261863010281,-0.14231796905296532,0.0,False,False,0.5235987755982988
3.081,0.5235803846446734,0.006259093086341578,0.5226127715112445,-0.08731723379088374,0.12252875411603777,0.05028261863010281,0.0,False,False,0.5235987755982988
3.082,0.5235873140963266,0.006929451653292898,0.5237875560394579,0.03889294240954477,-0.050069578832317684,0.12252875411603777,0.0,False,False,0.5235987755982988
3.083,0.5235983428066046,0.011028710277899988,0.5231424519575135,-0.029506760025850003,0.043621937565155304,-0.050069578832317684,0.0,False,False,0.5235987755982988
3.084,0.5236038143511423,0.0054715445377327586,0.5231929449452483,-0.02150678524979096,0.03311309405465912,0.043621937565155304,0.0,False,False,0.5235987755982988
3.085,0.5236098434045694,0.006029053427040189,0.524255027074255,0.0868521061758595,-0.11603505397824228,0.03311309405465912,0.0,False,False,0.5235987755982988
3.086,0.5236157481478309,0.005904743261495583,0.522601944540648,-0.08714135780242285,0.1225125884006219,-0.11603505397824228,0.0,False,False,0.5235987755982988
3.087,0.5236141058317716,-0.001642316059295738,0.5228240256370558,-0.05621911238140499,0.08140843416006087,0.1225125884006219,0.0,False,False,0.5235987755982988
3.088,0.5236190873047786,0.004981473006996239,0.5237535474635008,0.04235498150123672,-0.053611871375119406,0.08140843416006087,0.0,False,False,0.5235987755982988
3.089,0.5236266549875058,0.0075676827272614265,0.5244726246199871,0.11002719899974667,-0.14776192119008538,-0.053611871375119406,0.0,False,False,0.5235987755982988
3.09,0.5236293439857738,0.002688998267988188,0.5247098426821979,0.12274628532084955,-0.16729474989520282,-0.14776192119008538,0.0,False,False,0.5235987755982988
3.091,0.5236238322584595,-0.005511727314242079,0.5230434564209951,-0.056166969331509956,0.077396108389278,-0.16729474989520282,0.0,False,False,0.5235987755982988
3.092,0.5236115907321299,-0.012241526329662172,0.5244296064523852,0.08806473074064977,-0.12063263226233524,0.077396108389278,0.0,False,False,0.5235987755982988
3.093,0.5236065414994444,-0.005049232685477667,0.5229222482581845,-0.07147756175349325,0.09795056622625044,-0.12063263226233524,0.0,False,False,0.5235987755982988
3.094,0.5235969642194941,-0.009577279950345356,0.525190632516205,0.16250862022391216,-0.22366376879100616,0.09795056622625044,0.0,False,False,0.5235987755982988
3.095,0.5235949947771511,-0.001969442342951537,0.5226055929092868,-0.1122462024903039,0.15257273139058158,-0.22366376879100616,0.0,False,False,0.5235987755982988
3.096,0.5235824389544986,-0.0125558226525152,0.5247417554190633,0.11259466873638156,-0.15568723925741887,0.15257273139058158,0.0,False,False,0.5235987755982988
3.097,0.5235809011678902,-0.0015377866083621204,0.523008008965011,-0.07203944354248974,0.09708113165016866,-0.15568723925741887,0.0,False,False,0.5235987755982988
3.098,0.523572045599458,-0.008855568432208832,0.5253289345639715,0.16725706070780577,-0.23185133423147433,0.09708113165016866,0.0,False,False,0.5235987755982988
3.099,0.5235705751788103,-0.0014704206477369084,0.5240865998614987,0.026297884389754944,-0.0403382980053047,-0.23185133423147433,0.0,False,False,0.5235987755982988
3.1,0.52355795840623,-0.012616772580334806,0.5226713167215871,-0.11786021804038879,0.15812652142927805,-0.0403382980053047,0.0,False,False,0.5235987755982988
3.101,0.5235467269622791,-0.011231443950919606,0.5230909879148479,-0.06410707691026926,0.08606867059444011,0.15812652142927805,0.0,False,False,0.5235987755982988
3.102,0.5235465016282178,-0.00022533406124605748,0.5242282108325104,0.05602592254700712,-0.07856094127221645,0.08606867059444011,0.0,False,False,0.5235987755982988
3.103,0.5235506482263806,0.004146598162880999,0.5244692537733872,0.0745276243799854,-0.10510175640757262,-0.07856094127221645,0.0,False,False,0.5235987755982988
3.104,0.5235496237348398,-0.001024491540802243,0.5234879127394354,-0.031059241453188585,0.039266621203367755,-0.10510175640757262,0.0,False,False,0.5235987755982988
3.105,0.5235436553323667,-0.00596840247313015,0.5235826270344214,-0.018481887809272145,0.022468939520920463,0.039266621203367755,0.0,False,False,0.5235987755982988
3.106,0.5235414133314318,-0.002242000934876906,0.5242032011970379,0.045423717233306675,-0.06538812145727141,0.022468939520920463,0.0,False,False,0.5235987755982988
3.107,0.5235409735424547,-0.00043978897712628525,0.523655989367469,-0.013839837446908976,0.015577957091226668,-0.06538812145727141,0.0,False,False,0.5235987755982988
3.108,0.5235373980219925,-0.003575520462205413,0.5224086020876925,-0.137194581679876,0.18605662120676553,0.015577957091226668,0.0,False,False,0.5235987755982988
3.109,0.5235356770741617,-0.0017209478307967233,0.5228262234010037,-0.08171299218076392,0.11196153016822862,0.18605662120676553,0.0,False,False,0.5235987755982988
3.11,0.5235437808550781,0.008103780916418724,0.5237489617123331,0.018732138170250975,-0.025181915856918185,0.11196153016822862,0.0,False,False,0.5235987755982988
3.111,0.5235551440165694,0.011363161491330702,0.5246158525249686,0.10354800561677266,-0.14256499142018264,-0.025181915856918185,0.0,False,False,0.5235987755982988
3.112,0.5235621185979699,0.006974581400475602,0.5249723292957692,0.1288408821351594,-0.17933302511665825,-0.14256499142018264,0.0,False,False,0.5235987755982988
3.113,0.5235599255438533,-0.00219305411653387,0.5242401932942846,0.042743193773185015,-0.06283735105556645,-0.17933302511665825,0.0,False,False,0.5235987755982988
3.114,0.5235494299026869,-0.010495641166354205,0.5238001383872192,-0.005536616310678061,0.0030194093722472615,-0.06283735105556645,0.0,False,False,0.5235987755982988
3.115,0.5235387226707984,-0.010707231888531062,0.5241921860605507,0.0342218126535461,-0.05174756350478988,0.0030194093722472615,0.0,False,False,0.5235987755982988
3.116,0.5235311460513703,-0.007576619428114462,0.5229492961700413,-0.09348935766275535,0.12387785890394229,-0.05174756350478988,0.0,False,False,0.5235987755982988
3.117,0.5235231825110587,-0.007963540311595227,0.5233894632724337,-0.04012371165723235,0.051916075854250156,0.12387785890394229,0.0,False,False,0.5235987755982988
3.118,0.5235237150462535,0.0005325351948538629,0.522804525318543,-0.09460513588057873,0.12782266809229834,0.051916075854250156,0.0,False,False,0.5235987755982988
3.119,0.523526681532287,0.002966486033537595,0.522436948028947,-0.12190235125212301,0.16719571775087985,0.12782266809229834,0.0,False,False,0.5235987755982988
3.12,0.5235351438093446,0.008462277057656254,0.5238262202328359,0.029215104261973976,-0.03915212853603576,0.16719571775087985,0.0,False,False,0.5235987755982988
3.121,0.5235495347205483,0.014390911203678462,0.5237114256208566,0.014814132637849161,-0.01980465957145905,-0.03915212853603576,0.0,False,False,0.5235987755982988
3.122,0.5235582106952792,0.00867597473091324,0.5241583006934892,0.058020226637327775,-0.07969572367822082,-0.01980465957145905,0.0,False,False,0.5235987755982988
3.123,0.5235634107866967,0.0052000914174503005,0.524039983263355,0.040386460960170956,-0.05640549112321631,-0.07969572367822082,0.0,False,False,0.5235987755982988
3.124,0.5235630794927171,-0.00033129397960793457,0.5237748265650023,0.009832145028884104,-0.014967491435323532,-0.05640549112321631,0.0,False,False,0.5235987755982988
3.125,0.5235600286284617,-0.0030508642553210667,0.524045768302839,0.035943104309666206,-0.051177593853322746,-0.014967491435323532,0.0,False,False,0.5235987755982988
3.126,0.5235571498186415,-0.0028788098201474243,0.5235199017904358,-0.02023785736161654,0.025705157375473454,-0.051177593853322746,0.0,False,False,0.5235987755982988
3.1270000000000002,0.5235525813717674,-0.00456844687414474,0.5239128970867566,0.021085458006620386,-0.03095673640018441,0.025705157375473454,0.0,False,False,0.5235987755982988
3.128,0.5235506636411322,-0.0019177306351472927,0.522916983107542,-0.08061448571550295,0.10900964769222662,-0.03095673640018441,0.0,False,False,0.5235987755982988
3.129,0.5235477793070455,-0.002884334086664237,0.5238704085903724,0.02278951113908677,-0.03223680722422813,0.10900964769222662,0.0,False,False,0.5235987755982988
3.13,0.5235512163434268,0.0034370363813097217,0.5241345208127668,0.04692178226462001,-0.06594955257796756,-0.03223680722422813,0.0,False,False,0.5235987755982988
3.1310000000000002,0.523552006712508,0.0007903690811275014,0.5229675994195422,-0.07446253528430266,0.10071621355878256,-0.06594955257796756,0.0,False,False,0.5235987755982988
3.132,0.5235492594551151,-0.0027472573929028295,0.5235944914943973,-0.004327074270361206,0.005269602994660799,0.10071621355878256,0.0,False,False,0.5235987755982988
3.133,0.5235523780297959,0.00311857468083124,0.5230081821789593,-0.06252529838712668,0.08566103961266366,0.005269602994660799,0.0,False,False,0.5235987755982988
3.134,0.52355481954733,0.0024415175340283864,0.5230953557779298,-0.04755540865136599,0.06612804714828219,0.08566103961266366,0.0,False,False,0.5235987755982988
3.1350000000000002,0.5235608055124317,0.005985965101681225,0.5225791194574883,-0.09442349983038037,0.13166201033104663,0.06612804714828219,0.0,False,False,0.5235987755982988
3.136,0.5235683299142991,0.007524401867459203,0.5246729269159662,0.12439959600045569,-0.1686142389185603,0.13166201033104663,0.0,False,False,0.5235987755982988
3.137,0.5235802507970235,0.01192088272439418,0.5245102365514513,0.09569059994892176,-0.13123501709545168,-0.1686142389185603,0.0,False,False,0.5235987755982988
3.138,0.5235804879121667,0.00023711514318951535,0.5240494874255642,0.04004662736531794,-0.056168765729159,-0.13123501709545168,0.0,False,False,0.5235987755982988
3.1390000000000002,0.5235740911967843,-0.0063967153824338405,0.5252951568395805,0.16060890603041317,-0.22326554957956615,-0.056168765729159,0.0,False,False,0.5235987755982988
3.14,0.5235667677804682,-0.007323416316116942,0.5234016197554507,-0.04480569298560402,0.05731563675399015,-0.22326554957956615,0.0,False,False,0.5235987755982988
3.141,0.5235504142073428,-0.01635357312538994,0.5261961260214376,0.2391255029116437,-0.33370291111047085,0.05731563675399015,0.0,False,False,0.5235987755982988
3.142,0.523541034656937,-0.00937955040578567,0.5233424777847757,-0.0701518710457105,0.08879560589826836,-0.33370291111047085,0.0,False,False,0.5235987755982988
3.1430000000000002,0.5235176317159789,-0.02340294095816634,0.523740329926846,-0.02335146973410627,0.025473785767077324,0.08879560589826836,0.0,False,False,0.5235987755982988
3.144,0.5235037080829069,-0.0139236330720094,0.5231565813684084,-0.07939117860446362,0.1032289104633844,0.025473785767077324,0.0,False,False,0.5235987755982988
3.145,0.5234947254648197,-0.008982618087264221,0.5238196408104389,-0.00514611654096836,0.0021997660306412705,0.1032289104633844,0.0,False,False,0.5235987755982988
3.146,0.5234934673288022,-0.0012581360175253744,0.5242226789173237,0.03567230580160857,-0.05403702670437747,0.0021997660306412705,0.0,False,False,0.5235987755982988
3.1470000000000002,0.5234927011573445,-0.0007661714576697556,0.5233932903508058,-0.05083378143033418,0.06469927217127458,-0.05403702670437747,0.0,False,False,0.5235987755982988
3.148,0.5234894659383015,-0.003235219043036021,0.5250399464991882,0.11891521155093226,-0.1686393300771271,0.06469927217127458,0.0,False,False,0.5235987755982988
3.149,0.5234904408116624,0.000974873360979925,0.5236991379326945,-0.02705716625352657,0.03066207748510931,-0.1686393300771271,0.0,False,False,0.5235987755982988
3.15,0.5234826875884224,-0.007753223239967927,0.52371873061673,-0.02239218122462315,0.024711427137786072,0.03066207748510931,0.0,False,False,0.5235987755982988
3.1510000000000002,0.5234787145350671,-0.003973053355358208,0.522685464401952,-0.12347958457996694,0.1646151030302037,0.024711427137786072,0.0,False,False,0.5235987755982988
3.152,0.5234771694260765,-0.0015451089906967901,0.5238423787644492,0.004559810127750502,-0.009856629144006944,0.1646151030302037,0.0,False,False,0.5235987755982988
3.153,0.5234843238653832,0.007154439306722601,0.5233673630508622,-0.04339774224372357,0.056242716546327766,-0.009856629144006944,0.0,False,False,0.5235987755982988
3.154,0.5234888976200555,0.004573754672251674,0.5229581083241367,-0.07998344069189953,0.1075121397651976,0.056242716546327766,0.0,False,False,0.5235987755982988
3.1550000000000002,0.5234949165189806,0.006018898925152881,0.5228173147699975,-0.08606445203663027,0.11734363735338023,0.1075121397651976,0.0,False,False,0.5235987755982988
3.156,0.5235045338865215,0.009617367540940933,0.5258360872770698,0.2244192438742603,-0.3095747028669894,0.11734363735338023,0.0,False,False,0.5235987755982988
3.157,0.5235172983336907,0.012764447169089248,0.5232873710577044,-0.05289430244970225,0.06907844467034222,-0.3095747028669894,0.0,False,False,0.5235987755982988
3.158,0.5235111508601571,-0.006147473533611683,0.5222396912228476,-0.1523728556904083,0.2073109455866112,0.06907844467034222,0.0,False,False,0.5235987755982988
3.1590000000000003,0.5235102701744571,-0.0008806857000819525,0.5229009570054364,-0.07100899186249367,0.09777152490651636,0.2073109455866112,0.0,False,False,0.5235987755982988
3.16,0.5235200225938549,0.009752419397852437,0.5234750211645048,-0.006501676769397724,0.010029591931568847,0.09777152490651636,0.0,False,False,0.5235987755982988
3.161,0.5235319106226963,0.011888028841412965,0.5240089676042595,0.047543134883010485,-0.06443521796690532,0.010029591931568847,0.0,False,False,0.5235987755982988
3.162,0.5235410542563073,0.009143633610877944,0.5240252055554432,0.044412616513075626,-0.060970879044289404,-0.06443521796690532,0.0,False,False,0.5235987755982988
3.1630000000000003,0.5235443728479544,0.0033185916471611485,0.5241348304327247,0.05093384258991807,-0.07076959812756733,-0.060970879044289404,0.0,False,False,0.5235987755982988
3.164,0.5235436430812263,-0.0007297667281476088,0.5229808963029142,-0.06955295465012004,0.09458537289706673,-0.07076959812756733,0.0,False,False,0.5235987755982988
3.165,0.5235395965865678,-0.0040464946584997975,0.5238366869188704,0.022981402410511734,-0.03186008666290296,0.09458537289706673,0.0,False,False,0.5235987755982988
3.166,0.5235414931972916,0.0018966107238001673,0.5227769870926923,-0.0852867204483545,0.11713625763894324,-0.03186008666290296,0.0,False,False,0.5235987755982988
3.1670000000000003,0.5235412219334992,-0.0002712637924675329,0.5230004814214755,-0.0544086155251977,0.07605963381305723,0.11713625763894324,0.0,False,False,0.5235987755982988
3.168,0.5235468899417918,0.005668008292585142,0.5227460377827853,-0.0744121178416984,0.10464382208928176,0.07605963381305723,0.0,False,False,0.5235987755982988
3.169,0.5235546819638701,0.0077920220783411,0.522517617048533,-0.08981297948276182,0.12723642927509984,0.10464382208928176,0.0,False,False,0.5235987755982988
3.17,0.5235654489112127,0.010766947342544372,0.5244941468867896,0.1168213022911834,-0.15630224594225484,0.12723642927509984,0.0,False,False,0.5235987755982988
3.1710000000000003,0.5235795841964332,0.014135285220561162,0.5241805112689253,0.07377561027563012,-0.09900197440203262,-0.15630224594225484,0.0,False,False,0.5235987755982988
3.172,0.5235821959655631,0.0026117691298204963,0.5244344972853795,0.09179665089348818,-0.1251989714396381,-0.09900197440203262,0.0,False,False,0.5235987755982988
3.173,0.5235790680819238,-0.0031278836393090394,0.5236133752039827,0.0005047776644552665,-0.0008685260996554477,-0.1251989714396381,0.0,False,False,0.5235987755982988
3.174,0.5235706235499209,-0.008444532002928858,0.5242485161499227,0.06396839449201798,-0.08845740331965218,-0.0008685260996554477,0.0,False,False,0.5235987755982988
3.1750000000000003,0.5235645621971217,-0.006061352799233604,0.5220275472375465,-0.16452533619480575,0.22571251392730823,-0.08845740331965218,0.0,False,False,0.5235987755982988
3.176,0.5235558669240149,-0.008695273106712774,0.5243090528701527,0.08007776068529543,-0.10887830371572489,0.22571251392730823,0.0,False,False,0.5235987755982988
3.177,0.523560947825677,0.00508090166203491,0.523715514035885,0.012716101189994403,-0.017360613304544786,-0.10887830371572489,0.0,False,False,0.5235987755982988
3.178,0.5235590721846477,-0.0018756410292591723,0.5241063285493212,0.05052594241460936,-0.06976708401593332,-0.017360613304544786,0.0,False,False,0.5235987755982988
3.1790000000000003,0.523556897063969,-0.002175120678706823,0.5238885299541035,0.023693488651384004,-0.033647764786145305,-0.06976708401593332,0.0,False,False,0.5235987755982988
3.18,0.5235518922651842,-0.005004798784847176,0.5226905241479116,-0.09847644083294367,0.13452025510650198,-0.033647764786145305,0.0,False,False,0.5235987755982988
3.181,0.5235466959625288,-0.005196302655436553,0.5222394096422083,-0.13374024731998357,0.18495688399361002,0.13452025510650198,0.0,False,False,0.5235987755982988
3.182,0.5235497711935109,0.003075230982123243,0.522928386710889,-0.05146851571990896,0.07382921883726676,0.18495688399361002,0.0,False,False,0.5235987755982988
3.1830000000000003,0.5235611666010169,0.011395407506025378,0.5240541499289982,0.06625465766300183,-0.08770232714819176,0.07382921883726676,0.0,False,False,0.5235987755982988
3.184,0.5235731167441113,0.011950143094460864,0.5241753351108392,0.07174771008080268,-0.09647532332269097,-0.08770232714819176,0.0,False,False,0.5235987755982988
3.185,0.5235774223302394,0.004305586128080586,0.5223836674943623,-0.1145938225749753,0.1593845329608282,-0.09647532332269097,0.0,False,False,0.5235987755982988
3.186,0.5235756148432315,-0.001807487008008468,0.5227194441306537,-0.06955677668833041,0.09929609844360779,0.1593845329608282,0.0,False,False,0.5235987755982988
3.1870000000000003,0.5235823245874598,0.006709744228351984,0.5229511823880805,-0.039427273276824576,0.058969405716119694,0.09929609844360779,0.0,False,False,0.5235987755982988
3.188,0.5235920316418603,0.009707054400476242,0.5232802241550757,-0.0025803692496201777,0.008830369077560466,0.058969405716119694,0.0,False,False,0.5235987755982988
3.189,0.5236019452173135,0.009913575453207679,0.5224133316384184,-0.0890115839903862,0.12815189206631072,0.008830369077560466,0.0,False,False,0.5235987755982988
3.19,0.5236095083851641,0.0075631678505241814,0.5223685341125168,-0.08459017818150612,0.12365256056188317,0.12815189206631072,0.0,False,False,0.5235987755982988
3.1910000000000003,0.5236212822525342,0.011773867370127523,0.5229040956609635,-0.022575005518686048,0.039594245494458585,0.12365256056188317,0.0,False,False,0.5235987755982988
3.192,0.523636017921181,0.014735668646691479,0.523711288592911,0.06040178822793567,-0.07450737977654302,0.039594245494458585,0.0,False,False,0.5235987755982988
3.193,0.5236489111723085,0.01289325112748969,0.5226186482543531,-0.05490242445065162,0.08352520153180458,-0.07450737977654302,0.0,False,False,0.5235987755982988
3.194,0.5236546190862155,0.005707913906921288,0.5235535614594968,0.044079138508785226,-0.05208111171210653,0.08352520153180458,0.0,False,False,0.5235987755982988
3.1950000000000003,0.523662813079371,0.008193993155561033,0.5245865746767676,0.14297254638498508,-0.18934743907442045,-0.05208111171210653,0.0,False,False,0.5235987755982988
3.196,0.5236660409351692,0.003227855798155774,0.5225300238074886,-0.07697979518141618,0.11161328645228354,-0.18934743907442045,0.0,False,False,0.5235987755982988
3.197,0.5236588284719639,-0.00721246320537668,0.5234786705614118,0.025582859729050875,-0.0285375410108955,0.11161328645228354,0.0,False,False,0.5235987755982988
3.198,0.5236593000998093,0.00047162784546712737,0.524553569051606,0.13051442277556113,-0.17380358949020258,-0.0285375410108955,0.0,False,False,0.5235987755982988
3.1990000000000003,0.5236582015019597,-0.0010985978495534898,0.5232931934735164,-0.008574577310950598,0.01578997101922351,-0.17380358949020258,0.0,False,False,0.5235987755982988
3.2,0.5236487463673023,-0.009455134657389187,0.5231481251210834,-0.0222239548231553,0.03478045437766311,0.01578997101922351,0.0,False,False,0.5235987755982988
3.201,0.5236427610957978,-0.005985271504543119,0.5246581027354388,0.1309962020946942,-0.1762633309821524,0.03478045437766311,0.0,False,False,0.5235987755982988
3.202,0.5236402826193287,-0.002478476469030405,0.5233730708966035,-0.010606601998307846,0.016790607028485928,-0.1762633309821524,0.0,False,False,0.5235987755982988
3.203,0.5236297406501692,-0.010541969159512839,0.5245935943882559,0.1125064073667699,-0.15291442705935182,0.016790607028485928,0.0,False,False,0.5235987755982988
3.204,0.5236229793393277,-0.0067613108415939885,0.5239973222619414,0.0416285539986406,-0.057128104743935246,-0.15291442705935182,0.0,False,False,0.5235987755982988
3.205,0.5236105538481667,-0.012425491160969328,0.52331136544736,-0.031129982859362436,0.04252936214813341,-0.057128104743935246,0.0,False,False,0.5235987755982988
3.206,0.5235986337426906,-0.011920105476100255,0.5240172427001688,0.04257074070745333,-0.05861729668260382,0.04252936214813341,0.0,False,False,0.5235987755982988
3.207,0.5235920929912182,-0.006540751472291858,0.5238717379463697,0.023763191256792725,-0.03342915177342635,-0.05861729668260382,0.0,False,False,0.5235987755982988
3.208,0.5235845426763095,-0.007550314908777594,0.5244754310014865,0.08175617764280062,-0.1138872104287395,-0.03342915177342635,0.0,False,False,0.5235987755982988
3.209,0.5235775143936242,-0.007028282685293184,0.523098992639906,-0.06406327627953173,0.08587202478650872,-0.1138872104287395,0.0,False,False,0.5235987755982988
3.21,0.523566845637994,-0.010668755630155785,0.5236028047148509,-0.007275741157090974,0.008658365290572049,0.08587202478650872,0.0,False,False,0.5235987755982988
3.211,0.52356344118599,-0.003404452004056412,0.5235097586284548,-0.015852775680986125,0.020625636274374994,0.008658365290572049,0.0,False,False,0.5235987755982988
3.212,0.523561494854019,-0.0019463319709321814,0.5241759800286897,0.05235464191059924,-0.07321525003975506,0.020625636274374994,0.0,False,False,0.5235987755982988
3.213,0.5235611696524594,-0.00032520155964957864,0.5226665320341597,-0.10382562173346174,0.1413711302346583,-0.07321525003975506,0.0,False,False,0.5235987755982988
3.214,0.5235572825410748,-0.0038871113846031236,0.524444762436523,0.08437998067622006,-0.11648373989950027,0.1413711302346583,0.0,False,False,0.5235987755982988
3.215,0.5235616312033713,0.004348662296534736,0.5239685798269291,0.02832372164920581,-0.04064494209439256,-0.11648373989950027,0.0,False,False,0.5235987755982988
3.216,0.5235588538630819,-0.002777340289423058,0.5224096199362337,-0.13040463958525803,0.17789036941948183,-0.04064494209439256,0.0,False,False,0.5235987755982988
3.217,0.5235548832722924,-0.003970590789506745,0.5246092914989966,0.10260298064955832,-0.14131286299203008,0.17789036941948183,0.0,False,False,0.5235987755982988
3.218,0.5235609988527482,0.006115580455863246,0.5255106128555455,0.18247481823948813,-0.2533828525178253,-0.14131286299203008,0.0,False,False,0.5235987755982988
3.219,0.5235582447741562,-0.002754078591971478,0.5244325098405044,0.05641703491143171,-0.0827076582534182,-0.2533828525178253,0.0,False,False,0.5235987755982988
3.22,0.5235436536097539,-0.014591164402420136,0.5247889327379492,0.08641762116477489,-0.12512397391143754,-0.0827076582534182,0.0,False,False,0.5235987755982988
3.221,0.5235287221970895,-0.014931412664372087,0.5236032227818865,-0.0407951365579734,0.048874114564989135,-0.12512397391143754,0.0,False,False,0.5235987755982988
3.222,0.5235113929028772,-0.01732929421223666,0.5220614563335011,-0.19089226774072002,0.256742468055223,0.048874114564989135,0.0,False,False,0.5235987755982988
3.223,0.5235007740724731,-0.010618830404069784,0.5218914753886612,-0.18880113545063673,0.25729276631424103,0.256742468055223,0.0,False,False,0.5235987755982988
3.224,0.5235059514435808,0.005177371107776968,0.5237285525199913,0.013786691227434728,-0.01888001406338614,0.25729276631424103,0.0,False,False,0.5235987755982988
3.225,0.523522453321819,0.016501878238253907,0.5230058543569731,-0.059861794197126346,0.08250673538041431,-0.01888001406338614,0.0,False,False,0.5235987755982988
3.226,0.5235338781946364,0.01142487281732284,0.522735759828764,-0.08088506759832786,0.11259636496962068,0.08250673538041431,0.0,False,False,0.5235987755982988
3.227,0.5235462850725612,0.01240687792482502,0.523491528261063,0.002780282391412453,-0.0014058867994510504,0.11259636496962068,0.0,False,False,0.5235987755982988
3.228,0.5235609639366811,0.014678864119830454,0.5240981634416819,0.06316577221415871,-0.08478790783788631,-0.0014058867994510504,0.0,False,False,0.5235987755982988
3.229,0.5235717609599827,0.01079702330162146,0.522303990838773,-0.1225680652981499,0.17038780402924472,-0.08478790783788631,0.0,False,False,0.5235987755982988
3.23,0.5235753181480238,0.003557188041105837,0.5231835985274034,-0.022350489905296977,0.03429377516247438,0.17038780402924472,0.0,False,False,0.5235987755982988
3.231,0.5235863244533107,0.011006305286800768,0.5249039351882999,0.15191822517488757,-0.20579474282988494,0.03429377516247438,0.0,False,False,0.5235987755982988
3.232,0.523595996883386,0.00967243007536191,0.522657630751221,-0.0879040410504972,0.12242545650799808,-0.20579474282988494,0.0,False,False,0.5235987755982988
3.233,0.5235926460510422,-0.0033508323438231607,0.5243516558721463,0.09028887514708381,-0.12189849510575478,0.12242545650799808,0.0,False,False,0.5235987755982988
3.234,0.5235964258431283,0.0037797920860854362,0.5231734184543918,-0.03656375414307139,0.05153293356201189,-0.12189849510575478,0.0,False,False,0.5235987755982988
3.235,0.5235929749638469,-0.003450879281310765,0.524069269871158,0.05667776294785375,-0.07648221244888952,0.05153293356201189,0.0,False,False,0.5235987755982988
3.236,0.5235931396456768,0.00016468182982804598,0.5245507385443464,0.09915685397191179,-0.13612355779515098,-0.07648221244888952,0.0,False,False,0.5235987755982988
3.237,0.5235894301547244,-0.0037094909523673037,0.5242363205306688,0.05779936720696086,-0.0808350494310131,-0.13612355779515098,0.0,False,False,0.5235987755982988
3.238,0.5235800295833666,-0.009400571357754496,0.5243734210076043,0.06572947817981399,-0.09281899118327573,-0.0808350494310131,0.0,False,False,0.5235987755982988
3.239,0.5235692541962039,-0.01077538716268653,0.5225642992560717,-0.12175564479142569,0.16472734790979837,-0.09281899118327573,0.0,False,False,0.5235987755982988
3.24,0.5235568332961394,-0.012420900064515792,0.5245286847276109,0.08685846684163778,-0.12096852453758355,0.16472734790979837,0.0,False,False,0.5235987755982988
3.241,0.523556009578278,-0.0008237178614481644,0.5228118944603048,-0.09350640657313494,0.12637154837165332,-0.12096852453758355,0.0,False,False,0.5235987755982988
3.242,0.5235493877047889,-0.006621873489138098,0.523775880622572,0.01224285031089016,-0.017879310809984887,0.12637154837165332,0.0,False,False,0.5235987755982988
3.243,0.5235510279151091,0.0016402103202679645,0.5237763902273003,0.01106952575263163,-0.01648049422518414,-0.017879310809984887,0.0,False,False,0.5235987755982988
3.244,0.5235512766361521,0.00024872104295606376,0.5239746259325508,0.029786143702425584,-0.04250867845944716,-0.01648049422518414,0.0,False,False,0.5235987755982988
3.245,0.5235506257251331,-0.0006509110189946659,0.5238446758968244,0.013812525759536318,-0.02100123628490364,-0.04250867845944716,0.0,False,False,0.5235987755982988
3.246,0.5235480471882248,-0.002578536908327986,0.5228116840689029,-0.09086790960856651,0.12320913905940661,-0.02100123628490364,0.0,False,False,0.5235987755982988
3.247,0.5235451982069514,-0.0028489812733383225,0.5223672166664547,-0.12622785889252883,0.1736414914442288,0.12320913905940661,0.0,False,False,0.5235987755982988
3.248,0.5235493700384016,0.004171831450200697,0.5243106378729396,0.0807370476452181,-0.10969797811779643,0.1736414914442288,0.0,False,False,0.5235987755982988
3.249,0.5235609735490369,0.011603510635246096,0.5237231448111247,0.013914036699202645,-0.018935489869909033,-0.10969797811779643,0.0,False,False,0.5235987755982988
3.25,0.523563908988735,0.0029354396980637333,0.5245669294997792,0.096901101894736,-0.13370809250033072,-0.018935489869909033,0.0,False,False,0.5235987755982988
3.251,0.5235650115497824,0.0011025610474936804,0.5235259747004996,-0.01688448822270565,0.021571802027633518,-0.13370809250033072,0.0,False,False,0.5235987755982988
3.2520000000000002,0.5235590938623191,-0.005917687463230949,0.5223328566310445,-0.1345078463459452,0.18419595702571281,0.021571802027633518,0.0,False,False,0.5235987755982988
3.253,0.52355600368621,-0.0030901761090759055,0.5243991108829482,0.08556836347902579,-0.11708807129852015,0.18419595702571281,0.0,False,False,0.5235987755982988
3.254,0.5235630554140928,0.007051727882699823,0.5232398460845326,-0.03891495271044278,0.053158674500324,-0.11708807129852015,0.0,False,False,0.5235987755982988
3.255,0.5235621925277416,-0.0008628863511933914,0.5238606468470016,0.027056618807507968,-0.037181625045660055,0.053158674500324,0.0,False,False,0.5235987755982988
3.2560000000000002,0.5235642497320653,0.002057204323650651,0.5229992347920629,-0.06179024856711542,0.08494003279278509,-0.037181625045660055,0.0,False,False,0.5235987755982988
3.257,0.5235638246324184,-0.00042509964690402467,0.524998748569406,0.14434015402390477,-0.1984076983086147,0.08494003279278509,0.0,False,False,0.5235987755982988
3.258,0.5235677757455023,0.003951113083955475,0.5228028286310442,-0.08968585521466244,0.12195007166817774,-0.1984076983086147,0.0,False,False,0.5235987755982988
3.259,0.5235606205188007,-0.007155226701637912,0.5232661575086334,-0.03438438193428089,0.047248383935115136,0.12195007166817774,0.0,False,False,0.5235987755982988
3.2600000000000002,0.5235616508604007,0.0010303416000368125,0.523655417542354,0.007980059631211171,-0.010595626550446848,0.047248383935115136,0.0,False,False,0.5235987755982988
3.261,0.5235647306705148,0.003079810114036228,0.5226116217885267,-0.09719752171463916,0.1344057946334648,-0.010595626550446848,0.0,False,False,0.5235987755982988
3.262,0.5235663516715899,0.0016210010751705254,0.5238547843723896,0.036838488843116954,-0.04881434454537512,0.1344057946334648,0.0,False,False,0.5235987755982988
3.263,0.5235742012401329,0.007849568542989342,0.5249808584940929,0.14576205212913435,-0.19979195467925523,-0.04881434454537512,0.0,False,False,0.5235987755982988
3.2640000000000002,0.5235773377238346,0.0031364837017545154,0.5231493287458071,-0.051967127912361105,0.07045059683968408,-0.19979195467925523,0.0,False,False,0.5235987755982988
3.265,0.5235695387574333,-0.007798966401320676,0.523914365917819,0.029733302080067858,-0.041360588247445394,0.07045059683968408,0.0,False,False,0.5235987755982988
3.266,0.5235675214107847,-0.0020173466486182387,0.521168186407924,-0.24785797911744745,0.3411801803676845,-0.041360588247445394,0.0,False,False,0.5235987755982988
3.267,0.523564047263931,-0.00347414685367472,0.5235300751277495,0.013116690776853901,-0.0145034204623373,0.3411801803676845,0.0,False,False,0.5235987755982988
3.2680000000000002,0.5235786779087646,0.014630644833488039,0.5233054969793954,-0.010652793136239692,0.01806236690374849,-0.0145034204623373,0.0,False,False,0.5235987755982988
3.269,0.5235887808488102,0.01010294004561682,0.5228745069447231,-0.05268651728984422,0.07626065651217505,0.01806236690374849,0.0,False,False,0.5235987755982988
3.27,0.5235969495632513,0.008168714441065981,0.5245406931328641,0.11920075325323629,-0.15999541952605886,0.07626065651217505,0.0,False,False,0.5235987755982988
3.271,0.5236065757736851,0.009626210433775283,0.5233218744532769,-0.01460119003080479,0.022505648647359575,-0.15999541952605886,0.0,False,False,0.5235987755982988
3.2720000000000002,0.5236054799530049,-0.0010958206801715345,0.5234506016281074,-0.0002683535446764574,0.002989155717056965,0.022505648647359575,0.0,False,False,0.5235987755982988
3.273,0.5236058422156668,0.0003622626618668347,0.5232766793366601,-0.017633747334939182,0.026958229511423702,0.002989155717056965,0.0,False,False,0.5235987755982988
3.274,0.523606243820149,0.00040160448226854385,0.5219335064143097,-0.15018766483648743,0.21020004311558918,0.026958229511423702,0.0,False,False,0.5235987755982988
3.275,0.5236078712645349,0.0016274443859299746,0.5226200267411713,-0.06651686566668254,0.0974377182283152,0.21020004311558918,0.0,False,False,0.5235987755982988
3.2760000000000002,0.5236195150427391,0.011643778204126926,0.5244582273303525,0.12395487981811282,-0.1642159869587021,0.0974377182283152,0.0,False,False,0.5235987755982988
3.277,0.5236328386044139,0.013323561674796251,0.5217915593122819,-0.15510740997075678,0.21865878511321193,-0.1642159869587021,0.0,False,False,0.5235987755982988
3.278,0.5236344033112288,0.0015647068148572658,0.5229656670132605,-0.022185898875822313,0.038019033181675974,0.21865878511321193,0.0,False,False,0.5235987755982988
3.279,0.5236464262418095,0.012022930580625854,0.5232976046883838,0.013226458524089407,-0.010450673850437398,0.038019033181675974,0.0,False,False,0.5235987755982988
3.2800000000000002,0.5236570748428718,0.010648601062412538,0.5251786719675723,0.20001054059052684,-0.26845078335555467,-0.010450673850437398,0.0,False,False,0.5235987755982988
3.281,0.5236642348971747,0.007160054302871376,0.5243349682147316,0.09563911124740342,-0.12801840059267383,-0.26845078335555467,0.0,False,False,0.5235987755982988
3.282,0.5236558830507345,-0.008351846440178647,0.5231696600411271,-0.03045561723778646,0.04427082071443495,-0.12801840059267383,0.0,False,False,0.5235987755982988
3.283,0.5236435330925887,-0.012349958145764263,0.5247819360501902,0.13381754539230287,-0.18187794260480816,0.04427082071443495,0.0,False,False,0.5235987755982988
3.2840000000000003,0.5236367423764597,-0.00679071612897899,0.5229905204149171,-0.058705772674234866,0.08139552050995245,-0.18187794260480816,0.0,False,False,0.5235987755982988
3.285,0.5236228473035794,-0.01389507288029231,0.5245034530063988,0.09845806374135498,-0.1344338698354253,0.08139552050995245,0.0,False,False,0.5235987755982988
3.286,0.5236166837498902,-0.006163553689168359,0.5224308396463008,-0.11864907864258126,0.1634017415070623,-0.1344338698354253,0.0,False,False,0.5235987755982988
3.287,0.5236056158270959,-0.011067922794401615,0.5245422099714727,0.10435286173887143,-0.14220525280377594,0.1634017415070623,0.0,False,False,0.5235987755982988
3.2880000000000003,0.5236057806303837,0.0001648032878315657,0.5232513621645538,-0.03516720512690613,0.04845408795969741,-0.14220525280377594,0.0,False,False,0.5235987755982988
3.289,0.5235987850719508,-0.006995558432868998,0.5227012458031933,-0.08666212075026415,0.12015008121221579,0.04845408795969741,0.0,False,False,0.5235987755982988
3.29,0.5235962572716243,-0.0025278003265297366,0.5234067637217313,-0.0074441168214365305,0.012389153963938426,0.12015008121221579,0.0,False,False,0.5235987755982988
3.291,0.5236005014142754,0.0042441426511038325,0.5238425298691434,0.03687690960191023,-0.04863986839749424,0.012389153963938426,0.0,False,False,0.5235987755982988
3.2920000000000003,0.5236040935693254,0.0035921550500123845,0.5231723441152379,-0.03382935674882357,0.04827099479368401,-0.04863986839749424,0.0,False,False,0.5235987755982988
3.293,0.523604173156135,7.958680971722294e-05,0.5240875887852643,0.06107804592869372,-0.08209229247981102,0.04827099479368401,0.0,False,False,0.5235987755982988
3.294,0.5236066420984203,0.0024689422852735023,0.523097883958974,-0.04400024129319949,0.06181633905968512,-0.08209229247981102,0.0,False,False,0.5235987755982988
3.295,0.5236042596073007,-0.002382491119564022,0.5241456366504298,0.06517505198169432,-0.08805356131639075,0.06181633905968512,0.0,False,False,0.5235987755982988
3.2960000000000003,0.5236056888486037,0.0014292413030134329,0.5239916003989785,0.04325392163839761,-0.05897555237831179,-0.08805356131639075,0.0,False,False,0.5235987755982988
3.297,0.5236022816508856,-0.0034071977180402144,0.5235491162561343,-0.005319884809862306,0.007277729930795743,-0.05897555237831179,0.0,False,False,0.5235987755982988
3.298,0.5235969516885817,-0.005329962303961705,0.5232117729580391,-0.03852222613839658,0.053192718890750564,0.007277729930795743,0.0,False,False,0.5235987755982988
3.299,0.5235935691125867,-0.0033825759949491882,0.5237258134044465,0.016734041116177954,-0.022367529850071156,0.053192718890750564,0.0,False,False,0.5235987755982988
3.3000000000000003,0.5235938649093727,0.0002957967859376523,0.5240740518862407,0.04988448518398179,-0.06841635540373164,-0.022367529850071156,0.0,False,False,0.5235987755982988
3.301,0.5235929524139128,-0.0009124954598174568,0.5253922116004126,0.1767120080827765,-0.24433625773738005,-0.06841635540373164,0.0,False,False,0.5235987755982988
3.302,0.5235888963095138,-0.004056104399065539,0.5244086952805563,0.06068917528887188,-0.08740556462728162,-0.24433625773738005,0.0,False,False,0.5235987755982988
3.303,0.5235738400351949,-0.015056274318842508,0.524425551939728,0.05630592367714627,-0.08244908255829997,-0.08740556462728162,0.0,False,False,0.5235987755982988
3.3040000000000003,0.5235582946552004,-0.015545379994476671,0.5262535299946158,0.2334731367982196,-0.3279533432915698,-0.08244908255829997,0.0,False,False,0.5235987755982988
3.305,0.5235425958209241,-0.01569883427636342,0.5239928545320828,-0.01594172313490802,0.012036646953778363,-0.3279533432915698,0.0,False,False,0.5235987755982988
3.306,0.5235144953186921,-0.028100502232007926,0.5239374265672329,-0.019890347306409113,0.017772699326878215,0.012036646953778363,0.0,False,False,0.5235987755982988
3.307,0.5234924276489267,-0.022067669765449032,0.5241067967004559,-0.0009642992534636338,-0.007987220734671183,0.017772699326878215,0.0,False,False,0.5235987755982988
3.3080000000000003,0.523476147151333,-0.016280497593718486,0.522595658233857,-0.1519817159880066,0.20043417174556047,-0.007987220734671183,0.0,False,False,0.5235987755982988
3.309,0.523463563242295,-0.012583909037938894,0.5230761859867701,-0.0887307690978986,0.11588353592499555,0.20043417174556047,0.0,False,False,0.5235987755982988
3.31,0.5234643963653182,0.0008331230230901945,0.5230226803515088,-0.08520825571423847,0.11261962129930674,0.11588353592499555,0.0,False,False,0.5235987755982988
3.311,0.5234707705402046,0.006374174886465284,0.5240359203494255,0.024636569648854634,-0.037432489098905466,0.11261962129930674,0.0,False,False,0.5235987755982988
3.3120000000000003,0.5234809001660888,0.0101296258841862,0.5233289041868898,-0.048528703569596446,0.06309212968887765,-0.037432489098905466,0.0,False,False,0.5235987755982988
3.313,0.5234863144546286,0.0054142885397158195,0.5236069371485241,-0.015872537049205673,0.018900136554991114,0.06309212968887765,0.0,False,False,0.5235987755982988
3.314,0.5234932759555833,0.006961500954726581,0.524442259134964,0.0692469152997023,-0.09827900201961619,0.018900136554991114,0.0,False,False,0.5235987755982988
3.315,0.5234991466136006,0.00587065801734019,0.524252387730171,0.04333508329043356,-0.06376711832221997,-0.09827900201961619,0.0,False,False,0.5235987755982988
3.3160000000000003,0.5234983675394267,-0.000779074173950579,0.5233572393407918,-0.05051326397653056,0.06496356940696271,-0.06376711832221997,0.0,False,False,0.5235987755982988
3.317,0.5234946368297412,-0.0037307096855194477,0.522909955809104,-0.09019029074765449,0.12062710510269128,0.06496356940696271,0.0,False,False,0.5235987755982988
3.318,0.5234952756312499,0.0006388015086831694,0.524485989730352,0.07643213045190528,-0.10768841091924342,0.12062710510269128,0.0,False,False,0.5235987755982988
3.319,0.523501751657497,0.006476026247108383,0.5241770991154482,0.03789985591633469,-0.055889650408290296,-0.10768841091924342,0.0,False,False,0.5235987755982988
3.3200000000000003,0.5235009397188957,-0.0008119386013488456,0.5220992162133026,-0.17367841988985985,0.23540617279776416,-0.055889650408290296,0.0,False,False,0.5235987755982988
3.321,0.5234975799933804,-0.0033597255152665473,0.5232243016284035,-0.043802036390781535,0.05930297512705355,0.23540617279776416,0.0,False,False,0.5235987755982988
3.322,0.5235070025579316,0.009422564551164025,0.5236514420466892,0.0032922090768697995,-0.004898646963271227,0.05930297512705355,0.0,False,False,0.5235987755982988
3.323,0.5235167179182759,0.00971536034434175,0.5241963750620828,0.05745628970854286,-0.0797043379983637,-0.004898646963271227,0.0,False,False,0.5235987755982988
3.3240000000000003,0.523523444378157,0.006726459881096981,0.5243176577588581,0.06383893041521346,-0.08954659538832291,-0.0797043379983637,0.0,False,False,0.5235987755982988
3.325,0.5235242135706573,0.0007691925002753248,0.5237719682949914,0.0028860909870238177,-0.006580777724895043,-0.08954659538832291,0.0,False,False,0.5235987755982988
3.326,0.5235202717125753,-0.003941858081948273,0.5240309965306443,0.028500305453615038,-0.041980343326557354,-0.006580777724895043,0.0,False,False,0.5235987755982988
3.327,0.5235171840623194,-0.0030876502559309786,0.5235731539809794,-0.020133980058243087,0.024621965181641784,-0.041980343326557354,0.0,False,False,0.5235987755982988
3.3280000000000003,0.5235129287509698,-0.004255311349619887,0.5229248822195262,-0.08294775819773995,0.11166739065519583,0.024621965181641784,0.0,False,False,0.5235987755982988
3.329,0.523511179231621,-0.00174951934870415,0.5232831830395267,-0.03882290037791141,0.05226814651139177,0.11166739065519583,0.0,False,False,0.5235987755982988
3.33,0.523515543601032,0.004364369410991846,0.5235321165378186,-0.01004726051092883,0.01325657570175821,0.05226814651139177,0.0,False,False,0.5235987755982988
3.331,0.5235212150039099,0.005671402877906078,0.5234909516491626,-0.013159023325437953,0.01773165907497752,0.01325657570175821,0.0,False,False,0.5235987755982988
3.332,0.5235258693133616,0.004654309451747377,0.5218803965399151,-0.17289863191763993,0.23840918135207415,0.01773165907497752,0.0,False,False,0.5235987755982988
3.333,0.5235300199674832,0.004150654121524555,0.5231831503216668,-0.025333390550705104,0.037881323640221586,0.23840918135207415,0.0,False,False,0.5235987755982988
3.334,0.5235448468559104,0.014826888427245211,0.5235938955411423,0.018274470451913747,-0.021841523513479736,0.037881323640221586,0.0,False,False,0.5235987755982988
3.335,0.5235577287625135,0.012881906603105607,0.5233121871237603,-0.011723818331484118,0.01922717453947487,-0.021841523513479736,0.0,False,False,0.5235987755982988
3.336,0.523566060975928,0.008332213414410674,0.5233506665807306,-0.006703490801302646,0.012510151277791154,0.01922717453947487,0.0,False,False,0.5235987755982988
3.337,0.5235729567916031,0.0068958156751658655,0.5239988095986962,0.05878116007538394,-0.07773800409761289,0.012510151277791154,0.0,False,False,0.5235987755982988
3.338,0.5235784600455247,0.005503253921565203,0.5226368922754219,-0.08328868825958308,0.11726032572328468,-0.07773800409761289,0.0,False,False,0.5235987755982988
3.339,0.5235784438532515,-1.6192273192877117e-05,0.5221577090035061,-0.12287814662520094,0.17339297465650982,0.11726032572328468,0.0,False,False,0.5235987755982988
3.34,0.5235842955997144,0.00585174646296063,0.5232804601394104,0.0016847816277511946,0.0037079403066895,0.17339297465650982,0.0,False,False,0.5235987755982988
3.341,0.52359708650127,0.012790901555644659,0.5242639021131663,0.09986050084056436,-0.13180487827629217,0.0037079403066895,0.0,False,False,0.5235987755982988
3.342,0.5236066240979032,0.009537596633108714,0.5250792919399572,0.17141343343559368,-0.2323454142725628,-0.13180487827629217,0.0,False,False,0.5235987755982988
3.343,0.5236068708524628,0.0002467545596479756,0.5242894064997142,0.07528354606774,-0.10277161150676542,-0.2323454142725628,0.0,False,False,0.5235987755982988
3.344,0.5235954253266786,-0.011445525784255482,0.5223141234818074,-0.12977311032971764,0.1788514704925068,-0.10277161150676542,0.0,False,False,0.5235987755982988
3.345,0.5235819891766266,-0.01343615005198547,0.5233792105065819,-0.010287096819297875,0.016296687834062448,0.1788514704925068,0.0,False,False,0.5235987755982988
3.346,0.5235810663502893,-0.00092282633724447,0.5238050220964738,0.03332277185182858,-0.043699763189344695,0.016296687834062448,0.0,False,False,0.5235987755982988
3.347,0.5235812387012458,0.00017235095647747745,0.5237362161868764,0.02310990370689992,-0.03020581504267606,-0.043699763189344695,0.0,False,False,0.5235987755982988
3.348,0.523579173670632,-0.0020650306138820067,0.5240498056766245,0.05215786231102332,-0.07070797618309055,-0.03020581504267606,0.0,False,False,0.5235987755982988
3.349,0.5235762239264162,-0.002949744215810728,0.5227759477505319,-0.08044371652933707,0.11134336109500838,-0.07070797618309055,0.0,False,False,0.5235987755982988
3.35,0.5235706291445504,-0.005594781865789086,0.523627302679759,0.012736148046302118,-0.015796865121845645,0.11134336109500838,0.0,False,False,0.5235987755982988
3.351,0.5235722598913964,0.0016307468459843266,0.5239390607564411,0.042638340909887495,-0.0572911419384269,-0.015796865121845645,0.0,False,False,0.5235987755982988
3.352,0.5235726061292454,0.00034623784891735145,0.5242931399629068,0.07378242746546725,-0.10103747152150493,-0.0572911419384269,0.0,False,False,0.5235987755982988
3.353,0.5235699825640668,-0.0026235651785142707,0.5228668608215405,-0.07622372941770768,0.10464294128289806,-0.10103747152150493,0.0,False,False,0.5235987755982988
3.354,0.5235631002054242,-0.006882358642698079,0.5232618940169613,-0.02909803693385895,0.04098151278470554,0.10464294128289806,0.0,False,False,0.5235987755982988
3.355,0.5235634644157339,0.00036421030970690965,0.5212039383711882,-0.23198379781778874,0.3214876274693381,0.04098151278470554,0.0,False,False,0.5235987755982988
3.356,0.5235657669938251,0.002302578091236332,0.5230234391183174,-0.026835343323087762,0.04255846862737097,0.3214876274693381,0.0,False,False,0.5235987755982988
3.357,0.5235834470054452,0.017680011620120412,0.5231258086790033,-0.013914852922191223,0.025211228053949326,0.04255846862737097,0.0,False,False,0.5235987755982988
3.358,0.5235989337134115,0.015486707966286714,0.522709178379919,-0.05418639753839517,0.08103642697691021,0.025211228053949326,0.0,False,False,0.5235987755982988
3.359,0.5236117223759007,0.012788662489240543,0.5237562462410441,0.05593902832795159,-0.06996130556295721,0.08103642697691021,0.0,False,False,0.5235987755982988
3.36,0.5236251246243876,0.013402248486840306,0.5235763030248556,0.03235080387630371,-0.038416458329586255,-0.06996130556295721,0.0,False,False,0.5235987755982988
3.361,0.5236314648756188,0.0063402512312360874,0.521659928842095,-0.1625216947873849,0.22992527535653057,-0.038416458329586255,0.0,False,False,0.5235987755982988
3.362,0.523634018123902,0.0025532482831384967,0.5238220843053321,0.0699460210150594,-0.08795478194466964,0.22992527535653057,0.0,False,False,0.5235987755982988
3.363,0.5236472955827308,0.013277458828857768,0.5228371799523317,-0.03553901638648249,0.05635554129118709,-0.08795478194466964,0.0,False,False,0.5235987755982988
3.364,0.5236526365822318,0.005340999500993612,0.5240764801561547,0.091944905634467,-0.11893256880276652,0.05635554129118709,0.0,False,False,0.5235987755982988
3.365,0.5236592087285812,0.0065721463493121956,0.522540582488898,-0.07083935165464993,0.10405469795479443,-0.11893256880276652,0.0,False,False,0.5235987755982988
3.366,0.5236579043448943,-0.0013043836868289341,0.5236840899896189,0.05059533358290476,-0.06225005934324734,0.10405469795479443,0.0,False,False,0.5235987755982988
3.367,0.5236621986748633,0.004294329968992646,0.5234150920543644,0.018636006699166492,-0.019056904248180812,-0.06225005934324734,0.0,False,False,0.5235987755982988
3.368,0.5236620944653628,-0.00010420950047089223,0.523926600758432,0.06792327643600742,-0.08740878460560629,-0.019056904248180812,0.0,False,False,0.5235987755982988
3.369,0.5236610690900552,-0.0010253753076526029,0.5237698879932197,0.04545967227117255,-0.057631629833982304,-0.08740878460560629,0.0,False,False,0.5235987755982988
3.37,0.5236559847203753,-0.005084369679832664,0.5234333119710124,0.007256102823328413,-0.005728978096838502,-0.057631629833982304,0.0,False,False,0.5235987755982988
3.371,0.5236495323865848,-0.0064523337905061625,0.5223088818822196,-0.10591251633828601,0.1503131064953695,-0.005728978096838502,0.0,False,False,0.5235987755982988
3.372,0.5236446906393815,-0.00484174720335699,0.5223555835044277,-0.09065110248364734,0.13115878067005726,0.1503131064953695,0.0,False,False,0.5235987755982988
3.373,0.5236488087127525,0.004118073371121063,0.523139271235425,-0.003217219135547511,0.012131741494385163,0.13115878067005726,0.0,False,False,0.5235987755982988
3.374,0.5236582499988824,0.009441286129888125,0.5236510244370697,0.048279822942472135,-0.05887626662884209,0.012131741494385163,0.0,False,False,0.5235987755982988
3.375,0.5236656209125851,0.007370913702666279,0.523134824445229,-0.008168158535846626,0.0181529109982733,-0.05887626662884209,0.0,False,False,0.5235987755982988
3.376,0.5236679022153994,0.002281302814358157,0.5242135025509674,0.10051646789158532,-0.13168484661793756,0.0181529109982733,0.0,False,False,0.5235987755982988
3.3770000000000002,0.523670400600512,0.002498385112571364,0.5234267343814775,0.011788004153429718,-0.011048863081331356,-0.13168484661793756,0.0,False,False,0.5235987755982988
3.378,0.5236655591087219,-0.00484149179001399,0.5228234266401697,-0.04972157039269227,0.07362216571755525,-0.011048863081331356,0.0,False,False,0.5235987755982988
3.379,0.5236616092657025,-0.003949843019397529,0.523418924468191,0.014800369448714351,-0.014523122996517424,0.07362216571755525,0.0,False,False,0.5235987755982988
3.38,0.5236625261142269,0.0009168485244653362,0.5238596260038139,0.057390486066124076,-0.0735638905786197,-0.014523122996517424,0.0,False,False,0.5235987755982988
3.3810000000000002,0.5236624382771666,-8.783706033942606e-05,0.5239459536788119,0.06028420495931713,-0.07859025140041634,-0.0735638905786197,0.0,False,False,0.5235987755982988
3.382,0.5236586989478743,-0.0037393292923493158,0.525297893970576,0.18944981363979627,-0.25792390706874524,-0.07859025140041634,0.0,False,False,0.5235987755982988
3.383,0.5236521539709673,-0.006544976906948596,0.5230684204519472,-0.05244251958706214,0.072477416138803,-0.25792390706874524,0.0,False,False,0.5235987755982988
3.384,0.5236346352580951,-0.017518712872251242,0.5235705130293595,0.0030109901128734726,-0.0031044618945410244,0.072477416138803,0.0,False,False,0.5235987755982988
3.3850000000000002,0.523625036754928,-0.00959850316706484,0.5239969000496076,0.045348593126397024,-0.06158455187523525,-0.0031044618945410244,0.0,False,False,0.5235987755982988
3.386,0.5236179985246993,-0.007038230228710602,0.5235975581367686,0.0008795425298493698,-0.001033536728274631,-0.06158455187523525,0.0,False,False,0.5235987755982988
3.387,0.5236099376378761,-0.008060886823123973,0.5231730658907395,-0.041657636326038465,0.057651938327313294,-0.001033536728274631,0.0,False,False,0.5235987755982988
3.388,0.5236041526225702,-0.005785015305905831,0.5222521706882023,-0.12958139294715879,0.17973655991832801,0.057651938327313294,0.0,False,False,0.5235987755982988
3.3890000000000002,0.5236029620146704,-0.0011906078998280747,0.5231571747652479,-0.02612284594787946,0.039296230132371414,0.17973655991832801,0.0,False,False,0.5235987755982988
3.39,0.5236111197582296,0.00815774355917804,0.522674137643803,-0.07181427349758442,0.10282061137802609,0.039296230132371414,0.0,False,False,0.5235987755982988
3.391,0.5236188896189092,0.007769860679586045,0.5221121410452821,-0.12083250599991127,0.17175842915419368,0.10282061137802609,0.0,False,False,0.5235987755982988
3.392,0.5236295490685628,0.010659449653576483,0.5229351882897826,-0.026444530949876047,0.04367800869314346,0.17175842915419368,0.0,False,False,0.5235987755982988
3.3930000000000002,0.5236458279019259,0.016278833363133523,0.5227320679970385,-0.04411210712929367,0.06853526537783755,0.04367800869314346,0.0,False,False,0.5235987755982988
3.394,0.5236601949667418,0.014367064815815492,0.524169644833952,0.10405678727498356,-0.13514379097173773,0.06853526537783755,0.0,False,False,0.5235987755982988
3.395,0.5236742359972106,0.01404103046883042,0.5241987875806977,0.09656538322205549,-0.1266786755496467,-0.13514379097173773,0.0,False,False,0.5235987755982988
3.396,0.5236778296639336,0.0035936667229777685,0.5228890461817449,-0.04406529499542909,0.06565348349248501,-0.1266786755496467,0.0,False,False,0.5235987755982988
3.3970000000000002,0.5236740083768365,-0.003821287097079724,0.5234469160562724,0.01612822195685771,-0.01662039459175305,0.06565348349248501,0.0,False,False,0.5235987755982988
3.398,0.5236746176860912,0.000609309254685054,0.5220529950483468,-0.12487670103138496,0.1776760911367984,-0.01662039459175305,0.0,False,False,0.5235987755982988
3.399,0.5236742108021346,-0.0004068839566161433,0.523242817814393,0.006593245676371304,-0.0015046547013403185,0.1776760911367984,0.0,False,False,0.5235987755982988
3.4,0.52368281139862,0.00860059648544961,0.524030988789776,0.08475101864704261,-0.1094810598230414,-0.0015046547013403185,0.0,False,False,0.5235987755982988
3.4010000000000002,0.5236888702825867,0.006058883966625583,0.5244087643974977,0.11405347755450587,-0.15144397145098748,-0.1094810598230414,0.0,False,False,0.5235987755982988
3.402,0.5236876668501834,-0.0012034324033016776,0.5230654158853209,-0.03168672141863253,0.04762454053596241,-0.15144397145098748,0.0,False,False,0.5235987755982988
3.403,0.5236792566275706,-0.008410222612751851,0.5245971731560362,0.12465767779476129,-0.1675603693929857,0.04762454053596241,0.0,False,False,0.5235987755982988
3.404,0.5236756454385434,-0.0036111890272815866,0.5223529547147289,-0.11222993411544363,0.1571006968427914,-0.1675603693929857,0.0,False,False,0.5235987755982988
3.4050000000000002,0.5236647424109447,-0.010903027598655878,0.5225759817642213,-0.07870423575465958,0.11285537191898741,0.1571006968427914,0.0,False,False,0.5235987755982988
3.406,0.5236647192950463,-2.3115898404037563e-05,0.5242840161016077,0.0999696215594485,-0.13229787493089784,0.11285537191898741,0.0,False,False,0.5235987755982988
3.407,0.5236703459749739,0.005626679927572198,0.5251286743568939,0.1744384849321271,-0.2368643595732644,-0.13229787493089784,0.0,False,False,0.5235987755982988
3.408,0.5236676904187876,-0.0026555561863038394,0.5240982910602109,0.05395630677061092,-0.07373884643915037,-0.2368643595732644,0.0,False,False,0.5235987755982988
3.4090000000000003,0.5236539942847535,-0.013696134034173912,0.5236187889110969,0.0006104611821534447,-0.0010927930489500442,-0.07373884643915037,0.0,False,False,0.5235987755982988
3.41,0.5236402338051642,-0.013760479589266758,0.5217245746020104,-0.18887201584471577,0.2603820369468507,-0.0010927930489500442,0.0,False,False,0.5235987755982988
3.411,0.5236300539942619,-0.010179810902374336,0.5218651359905007,-0.1559286754112163,0.21831992343382634,0.2603820369468507,0.0,False,False,0.5235987755982988
3.412,0.5236357489542961,0.005694960034256395,0.5237486800794118,0.04801860102101682,-0.06032060188525348,0.21831992343382634,0.0,False,False,0.5235987755982988
3.4130000000000003,0.5236506733681926,0.014924413896551681,0.5233382047425678,0.002169207234513311,0.002087226721743055,-0.06032060188525348,0.0,False,False,0.5235987755982988
3.414,0.5236587247211905,0.008051352997878758,0.5226937014755432,-0.062498040191396764,0.09128898243927772,0.002087226721743055,0.0,False,False,0.5235987755982988
3.415,0.5236645553673301,0.005830646139721082,0.5237217433324708,0.04655594952050483,-0.058080558639701345,0.09128898243927772,0.0,False,False,0.5235987755982988
3.416,0.523673225872783,0.00867050545280031,0.5237736969445497,0.04709571577634246,-0.059663443164126355,-0.058080558639701345,0.0,False,False,0.5235987755982988
3.4170000000000003,0.5236765080889929,0.003282216209901924,0.5245006664096984,0.11508309071358011,-0.15433374346148848,-0.059663443164126355,0.0,False,False,0.5235987755982988
3.418,0.5236758180848955,-0.0006900040974291075,0.5237950260651111,0.03301074718349106,-0.043145405022810036,-0.15433374346148848,0.0,False,False,0.5235987755982988
3.419,0.523667621072781,-0.008197012114515066,0.5247395973848005,0.12416680443408105,-0.16953495747792707,-0.043145405022810036,0.0,False,False,0.5235987755982988
3.42,0.5236596296534067,-0.007991419374257288,0.5236666057602132,0.00445096153194359,-0.006562096752790819,-0.16953495747792707,0.0,False,False,0.5235987755982988
3.4210000000000003,0.5236454709426758,-0.014158710730948619,0.5235448221725678,-0.00817249338578709,0.010778153726102533,-0.006562096752790819,0.0,False,False,0.5235987755982988
3.422,0.5236346970457274,-0.010773896948336302,0.524563484641683,0.09451100286431105,-0.13077796621808874,0.010778153726102533,0.0,False,False,0.5235987755982988
3.423,0.5236274571483278,-0.007239897399536293,0.5227736064036861,-0.09392792122181227,0.12756655096920386,-0.13077796621808874,0.0,False,False,0.5235987755982988
3.424,0.5236157891319577,-0.011668016370121794,0.526071857866151,0.24529001714685628,-0.3388635013975661,0.12756655096920386,0.0,False,False,0.5235987755982988
3.4250000000000003,0.5236136969121228,-0.002092219834960031,0.5239411708389597,0.0076923127130493485,-0.015393889587555975,-0.3388635013975661,0.0,False,False,0.5235987755982988
3.426,0.5235952952724138,-0.01840163970901985,0.5239276314899102,0.005569146536787026,-0.01260238189314886,-0.015393889587555975,0.0,False,False,0.5235987755982988
3.427,0.52358055316197,-0.014742110443724532,0.5240387858437094,0.016127667263035307,-0.027273385133033654,-0.01260238189314886,0.0,False,False,0.5235987755982988
3.428,0.5235690042600784,-0.011548901891699204,0.5252071148602693,0.131347802192715,-0.18656746934672627,-0.027273385133033654,0.0,False,False,0.5235987755982988
3.4290000000000003,0.5235592627204907,-0.009741539587644295,0.5242508559044979,0.022587126396309665,-0.03884199718715577,-0.18656746934672627,0.0,False,False,0.5235987755982988
3.43,0.5235429431339359,-0.016319586554809088,0.5221422675583139,-0.1905304208617205,0.2548536497537923,-0.03884199718715577,0.0,False,False,0.5235987755982988
3.431,0.5235287839792075,-0.014159154728343674,0.5247535429376288,0.08965015915593405,-0.12836600309506002,0.2548536497537923,0.0,False,False,0.5235987755982988
3.432,0.5235310805110984,0.0022965318908423765,0.5232335921250933,-0.07130993801320132,0.09214522813353997,-0.12836600309506002,0.0,False,False,0.5235987755982988
3.4330000000000003,0.5235262636092656,-0.004816901832844241,0.5236197740508286,-0.025560751638356034,0.030294929820491097,0.09214522813353997,0.0,False,False,0.5235987755982988
3.434,0.5235274909993359,0.0012273900703327874,0.5224111313101523,-0.14386895054215396,0.19402033783722264,0.030294929820491097,0.0,False,False,0.5235987755982988
3.435,0.5235298604708822,0.002369471546252766,0.5239890583582273,0.028310649319563702,-0.04099786886218896,0.19402033783722264,0.0,False,False,0.5235987755982988
3.436,0.523541213947191,0.011353476308790873,0.522972782645965,-0.07614798683861865,0.10264545734835054,-0.04099786886218896,0.0,False,False,0.5235987755982988
3.4370000000000003,0.5235473902229346,0.006176275743575878,0.5236348047226105,-0.00233098049021159,0.002148652350643937,0.10264545734835054,0.0,False,False,0.5235987755982988
3.438,0.5235568779210191,0.009487698084519505,0.5233089547687598,-0.034682877826255856,0.046836228323208835,0.002148652350643937,0.0,False,False,0.5235987755982988
3.439,0.5235637846884175,0.006906767398338679,0.5252436752650841,0.1622574595887957,-0.22431714550868972,0.046836228323208835,0.0,False,False,0.5235987755982988
3.44,0.5235710122307146,0.007227542297084838,0.5253008606741701,0.15175025453852192,-0.21273783681191022,-0.22431714550868972,0.0,False,False,0.5235987755982988
3.4410000000000003,0.5235649164468232,-0.00609578389135172,0.5236055068451126,-0.032960153821080224,0.03943102214264734,-0.21273783681191022,0.0,False,False,0.5235987755982988
3.442,0.5235499822896782,-0.014934157145043413,0.523605813375242,-0.02963348542603317,0.03543350252626185,0.03943102214264734,0.0,False,False,0.5235987755982988
3.443,0.5235408785050595,-0.009103784618669213,0.5232149880384989,-0.06575267055774708,0.08581138074569565,0.03543350252626185,0.0,False,False,0.5235987755982988
3.444,0.5235361397419237,-0.004738763135726881,0.5245013123086485,0.06945502351299063,-0.09959168900188294,0.08581138074569565,0.0,False,False,0.5235987755982988
3.4450000000000003,0.5235371061126759,0.0009663707522417206,0.5232500693770484,-0.06261477199831447,0.08141443838048426,-0.09959168900188294,0.0,False,False,0.5235987755982988
3.446,0.5235327993476756,-0.004306765000281394,0.5231651132124783,-0.06484891125549905,0.08562461645136864,0.08141443838048426,0.0,False,False,0.5235987755982988
3.447,0.5235338529540401,0.0010536063645403349,0.5243878363294138,0.06390829156360062,-0.09089304303638991,0.08562461645136864,0.0,False,False,0.5235987755982988
3.448,0.5235388677869667,0.005014832926581621,0.5230691132082775,-0.07435484970638279,0.09875974266804237,-0.09089304303638991,0.0,False,False,0.5235987755982988
3.4490000000000003,0.5235378442142443,-0.0010235727223052386,0.5235048967312278,-0.023341012440718366,0.029699034536140357,0.09875974266804237,0.0,False,False,0.5235987755982988
3.45,0.523542069526944,0.004225312699697079,0.5221621155452114,-0.1552850297982849,0.2122019167135151,0.029699034536140357,0.0,False,False,0.5235987755982988
3.451,0.5235465138245007,0.004444297556597367,0.5241610358286584,0.06013550152623831,-0.0822832859779578,0.2122019167135151,0.0,False,False,0.5235987755982988
3.452,0.5235602386721606,0.013724847659916498,0.5252539645937521,0.1634148278829848,-0.22589119537774024,-0.0822832859779578,0.0,False,False,0.5235987755982988
3.4530000000000003,0.5235662210804318,0.005982408271155375,0.5241956089506459,0.04123778078406734,-0.060228337283127875,-0.22589119537774024,0.0,False,False,0.5235987755982988
3.454,0.5235591419545153,-0.007079125916544177,0.5248348023783459,0.10103334547566303,-0.14348849661164315,-0.060228337283127875,0.0,False,False,0.5235987755982988
3.455,0.5235511190052973,-0.008022949218023762,0.5228127556010747,-0.11127466679902791,0.1476779601088684,-0.14348849661164315,0.0,False,False,0.5235987755982988
3.456,0.5235382393051217,-0.012879700175633384,0.5237444711463118,-0.006975645595406296,0.0057482548502531036,0.1476779601088684,0.0,False,False,0.5235987755982988
3.457,0.523536200662497,-0.002038642624659642,0.5227131383598417,-0.1094113596828819,0.14723510191168676,0.0057482548502531036,0.0,False,False,0.5235987755982988
3.458,0.523535067070557,-0.001133591939996135,0.5233363041359071,-0.03615364610804665,0.04810886165270598,0.14723510191168676,0.0,False,False,0.5235987755982988
3.459,0.5235416394819545,0.0065724113976082885,0.5242155211220291,0.055383417114950234,-0.07756151996508488,0.04810886165270598,0.0,False,False,0.5235987755982988
3.46,0.5235486873622683,0.0070478803137492265,0.5236375426095209,-0.007952775847362932,0.008845524814838187,-0.07756151996508488,0.0,False,False,0.5235987755982988
3.461,0.5235497979932527,0.0011106309843642711,0.5223170361435961,-0.13920814485510083,0.19012108401076902,0.008845524814838187,0.0,False,False,0.5235987755982988
3.462,0.5235510136107279,0.001215617475081239,0.5224034342281684,-0.11664752191236819,0.1614931709571898,0.19012108401076902,0.0,False,False,0.5235987755982988
3.463,0.5235613661831158,0.010352572387898233,0.5223560732774006,-0.10971886479790523,0.15403127953365353,0.1614931709571898,0.0,False,False,0.5235987755982988
3.464,0.52357689679755,0.01553061443422634,0.524005770088145,0.06622270275631915,-0.08679314412481381,0.15403127953365353,0.0,False,False,0.5235987755982988
3.465,0.5235961625879875,0.019265790437470863,0.5253972503410439,0.19874845777057967,-0.2708706946941071,-0.08679314412481381,0.0,False,False,0.5235987755982988
3.466,0.5236065372146004,0.010374626612934064,0.5247955063285376,0.11869921074288727,-0.163980206035762,-0.2708706946941071,0.0,False,False,0.5235987755982988
3.467,0.5236004664864332,-0.00607072816716,0.5219459072717243,-0.17813061601272706,0.2435083690936138,-0.163980206035762,0.0,False,False,0.5235987755982988
3.468,0.5235879883042752,-0.012478182157972355,0.5248281110062845,0.12790281904456183,-0.17561142019721576,0.2435083690936138,0.0,False,False,0.5235987755982988
3.469,0.5235910585167654,0.0030702124901249364,0.524408222036463,0.07312364015795764,-0.1023184040765041,-0.17561142019721576,0.0,False,False,0.5235987755982988
3.47,0.5235844219812062,-0.006636535559147734,0.522235893382188,-0.15142158928533495,0.20623778703239642,-0.1023184040765041,0.0,False,False,0.5235987755982988
3.471,0.5235746170391566,-0.009804942049651504,0.5233100237137083,-0.028866397204775268,0.0398372105683601,0.20623778703239642,0.0,False,False,0.5235987755982988
3.472,0.5235778896814236,0.0032726422669866403,0.5245339133369231,0.09640920483718689,-0.1325235250998617,0.0398372105683601,0.0,False,False,0.5235987755982988
3.473,0.5235821679707794,0.004278289355780353,0.5240625118247356,0.03962813313471851,-0.055901011837524724,-0.1325235250998617,0.0,False,False,0.5235987755982988
3.474,0.523578538709291,-0.003629261488300793,0.5224361377650042,-0.12697208615189612,0.17329398438157853,-0.055901011837524724,0.0,False,False,0.5235987755982988
3.475,0.5235732058973028,-0.005332811988245985,0.5241061789722714,0.0527292431900149,-0.07240835255952455,0.17329398438157853,0.0,False,False,0.5235987755982988
3.476,0.5235781220926674,0.004916195364531216,0.5217128009344201,-0.19188148491412,0.2642053258467614,-0.07240835255952455,0.0,False,False,0.5235987755982988
3.477,0.523577952351069,-0.0001697415984569569,0.523383503320398,-0.005623097824919571,0.010622618392118921,0.2642053258467614,0.0,False,False,0.5235987755982988
3.478,0.5235910444759861,0.013092124917189595,0.5245840990945556,0.1149987893733377,-0.15573437018062755,0.010622618392118921,0.0,False,False,0.5235987755982988
3.479,0.5236011667871544,0.010122311168221524,0.5236172187684065,0.006810877821092853,-0.00850503044724975,-0.15573437018062755,0.0,False,False,0.5235987755982988
3.48,0.523600660411905,-0.0005063752494032427,0.5231652552614715,-0.03906656065451579,0.05468323884831051,-0.00850503044724975,0.0,False,False,0.5235987755982988
3.481,0.5235998826907567,-0.0007777211482913415,0.5243759837066869,0.0859129399324772,-0.11708527386995854,0.05468323884831051,0.0,False,False,0.5235987755982988
3.482,0.5236020754412498,0.0021927504930973384,0.5244527068694024,0.08499396221077478,-0.11736351753279378,-0.11708527386995854,0.0,False,False,0.5235987755982988
3.483,0.5235977499550586,-0.004325486191224316,0.5247409752536758,0.10532140441703997,-0.14694527909723368,-0.11736351753279378,0.0,False,False,0.5235987755982988
3.484,0.5235888513800232,-0.00889857503536881,0.5243518590883368,0.05587764744143724,-0.08060867975040865,-0.14694527909723368,0.0,False,False,0.5235987755982988
3.485,0.5235751474645182,-0.013703915505012187,0.5245188249946321,0.06698647332682152,-0.09694465712618482,-0.08060867975040865,0.0,False,False,0.5235987755982988
3.486,0.5235610372515725,-0.014110212945589472,0.5242006206237388,0.028467388904814463,-0.04499407714369787,-0.09694465712618482,0.0,False,False,0.5235987755982988
3.487,0.523545783370366,-0.015253881206627622,0.5237775008296387,-0.01669132939568161,0.01681254111070005,-0.04499407714369787,0.0,False,False,0.5235987755982988
3.488,0.5235321967672933,-0.013586603072605084,0.5236103081050956,-0.031741468910426486,0.03788217757017025,0.01681254111070005,0.0,False,False,0.5235987755982988
3.489,0.5235230516402039,-0.009145127089539802,0.5233160034761736,-0.05799778491158314,0.0746872400921541,0.03788217757017025,0.0,False,False,0.5235987755982988
3.49,0.5235184042750722,-0.004647365131599839,0.5224604133520384,-0.1377570188339412,0.18579894303341674,0.0746872400921541,0.0,False,False,0.5235987755982988
3.491,0.5235188795078713,0.00047523279914452564,0.5226852129473163,-0.10150135742275905,0.1382457566249963,0.18579894303341674,0.0,False,False,0.5235987755982988
3.492,0.5235285002438775,0.00962073600619886,0.5232823961814738,-0.031632898264735934,0.04365430742053406,0.1382457566249963,0.0,False,False,0.5235987755982988
3.493,0.5235423123433826,0.013812099504978064,0.5237530191019382,0.018592683608177948,-0.02508760339532185,0.04365430742053406,0.0,False,False,0.5235987755982988
3.494,0.5235546616868209,0.012349343438341388,0.5248120078737902,0.12263229243256665,-0.16899693187792547,-0.02508760339532185,0.0,False,False,0.5235987755982988
3.495,0.5235624110803219,0.0077493935010277916,0.5235259361180902,-0.018238112380695767,0.023196845500590473,-0.16899693187792547,0.0,False,False,0.5235987755982988
3.496,0.5235594645688009,-0.002946511521020853,0.5244351628308767,0.07450837013602196,-0.10446501434962747,0.023196845500590473,0.0,False,False,0.5235987755982988
3.497,0.523558567298746,-0.0008972700549428523,0.5245004478923991,0.07358603927466775,-0.10453334842340706,-0.10446501434962747,0.0,False,False,0.5235987755982988
3.498,0.5235527193676189,-0.005847931127026605,0.5233507439344756,-0.048742960445156566,0.06295612248300649,-0.10453334842340706,0.0,False,False,0.5235987755982988
3.499,0.5235433741954454,-0.00934517217358562,0.524062339306335,0.027290872785297668,-0.04109319408700754,0.06295612248300649,0.0,False,False,0.5235987755982988
3.5,0.5235398301000643,-0.003544095381012374,0.5233273117926127,-0.04894096586545515,0.06361550754089598,-0.04109319408700754,0.0,False,False,0.5235987755982988
3.501,0.5235352977590056,-0.004532341058654838,0.5246890789845291,0.09212984991272888,-0.13018128084741976,0.06361550754089598,0.0,False,False,0.5235987755982988
3.5020000000000002,0.5235353012174389,3.4584332352129155e-06,0.5240901792064194,0.023026887110488614,-0.036477529478757334,-0.13018128084741976,0.0,False,False,0.5235987755982988
3.503,0.523528794560466,-0.0065066569728289385,0.5224899014999251,-0.1393035722499893,0.1871240204707134,-0.036477529478757334,0.0,False,False,0.5235987755982988
3.504,0.5235223759791713,-0.006418581294659778,0.5236633328293324,-0.00803008208426223,0.008474068342509843,0.1871240204707134,0.0,False,False,0.5235987755982988
3.505,0.5235272013536947,0.00482537452338033,0.5249654505369941,0.12298469689032827,-0.17218178516490834,0.008474068342509843,0.0,False,False,0.5235987755982988
3.5060000000000002,0.5235310109676024,0.0038096139076466565,0.5233728570546206,-0.04857312103605507,0.062354279029474775,-0.17218178516490834,0.0,False,False,0.5235987755982988
3.507,0.5235250669943031,-0.005943973299278915,0.5239157720635943,0.010575691964924756,-0.018396766733228397,0.062354279029474775,0.0,False,False,0.5235987755982988
3.508,0.5235239969923695,-0.0010700019336520213,0.5240003661441449,0.017977530823493793,-0.02880166681342231,-0.018396766733228397,0.0,False,False,0.5235987755982988
3.509,0.5235223321267749,-0.0016648655946582664,0.5226177079921753,-0.12208603745581402,0.16416246185719957,-0.02880166681342231,0.0,False,False,0.5235987755982988
3.5100000000000002,0.5235197321465098,-0.0025999802650377374,0.523965408908004,0.02489265787263714,-0.03647058902185837,0.16416246185719957,0.0,False,False,0.5235987755982988
3.511,0.5235261263189388,0.006394172428968981,0.5223097756872868,-0.1431599299863533,0.19499391438184097,-0.03647058902185837,0.0,False,False,0.5235987755982988
3.512,0.5235288159246387,0.002689605699887948,0.5229828558978111,-0.06153591593528117,0.08492965373111579,0.19499391438184097,0.0,False,False,0.5235987755982988
3.513,0.5235404424151312,0.011626490492511443,0.524479187796236,0.09425086550073766,-0.12894845816375514,0.08492965373111579,0.0,False,False,0.5235987755982988
3.5140000000000002,0.5235531271176168,0.01268470248564853,0.5238644557122709,0.023352570554151977,-0.03280532671648017,-0.12894845816375514,0.0,False,False,0.5235987755982988
3.515,0.5235559478891776,0.0028207715607349373,0.5232902408769561,-0.036404170032746666,0.04923862902346522,-0.03280532671648017,0.0,False,False,0.5235987755982988
3.516,0.523556276446604,0.0003285574264204629,0.5239458871867312,0.032800877948038404,-0.04560906212942873,0.04923862902346522,0.0,False,False,0.5235987755982988
3.517,0.52355896706289,0.0026906162859469266,0.5235065266839773,-0.014415260122149259,0.01895879260436555,-0.04560906212942873,0.0,False,False,0.5235987755982988
3.5180000000000002,0.5235585641133443,-0.0004029495456593221,0.5235695409273948,-0.006672309768186261,0.008532995798095298,0.01895879260436555,0.0,False,False,0.5235987755982988
3.519,0.5235592315837369,0.0006674703925329008,0.524132413877705,0.050282216239653496,-0.0699441485168962,0.008532995798095298,0.0,False,False,0.5235987755982988
3.52,0.5235601228672292,0.0008912834923076616,0.5229253747698644,-0.07544991616837089,0.10266111431386368,-0.0699441485168962,0.0,False,False,0.5235987755982988
3.521,0.5235572461699793,-0.0028766972498559186,0.5235924463242468,-0.0011977691132945834,0.0015512498688890486,0.10266111431386368,0.0,False,False,0.5235987755982988
3.5220000000000002,0.5235603711418049,0.0031249718255162936,0.5232878657345477,-0.03153605117188283,0.043439638953780134,0.0015512498688890486,0.0,False,False,0.5235987755982988
3.523,0.5235626312401036,0.0022600982987325494,0.5221789312642282,-0.13927589308664012,0.1926882697172391,0.043439638953780134,0.0,False,False,0.5235987755982988
3.524,0.5235663791219709,0.0037478818672995098,0.5227631299436967,-0.06692843583112996,0.09535574478019458,0.1926882697172391,0.0,False,False,0.5235987755982988
3.525,0.5235786350402226,0.012255918251757944,0.5249471533328359,0.15816674666590855,-0.21407089522075823,0.09535574478019458,0.0,False,False,0.5235987755982988
3.5260000000000002,0.5235923331687272,0.013698128504601441,0.5239280675961622,0.040441498331942466,-0.05445705395987138,-0.21407089522075823,0.0,False,False,0.5235987755982988
3.527,0.523591704760976,-0.0006284077512031545,0.5224366560709593,-0.11274380402153412,0.15621071631795136,-0.05445705395987138,0.0,False,False,0.5235987755982988
3.528,0.5235885444744688,-0.0031602865073160277,0.522244331699166,-0.12070186079872025,0.16922222314285582,0.15621071631795136,0.0,False,False,0.5235987755982988
3.529,0.5235941476381256,0.00560316365677734,0.5234962661701852,0.016561772383075116,-0.018028957153644824,0.16922222314285582,0.0,False,False,0.5235987755982988
3.5300000000000002,0.5236065511914285,0.012403553302880174,0.5249689434535147,0.16217332347772356,-0.21927100956715503,-0.018028957153644824,0.0,False,False,0.5235987755982988
3.531,0.5236146961723573,0.008144980928875773,0.5234517189544964,-0.0057664587718853355,0.009566770114706224,-0.21927100956715503,0.0,False,False,0.5235987755982988
3.532,0.5236095282165867,-0.005167955770631382,0.5247501004930365,0.12464834095931482,-0.17030185725645605,0.009566770114706224,0.0,False,False,0.5235987755982988
3.533,0.5236063760490682,-0.003152167518423582,0.5239134935835615,0.028522815915887623,-0.03989230283379419,-0.17030185725645605,0.0,False,False,0.5235987755982988
3.5340000000000003,0.5235956592945291,-0.010716754539122601,0.5240069028990761,0.03501146587575918,-0.04936005046490292,-0.03989230283379419,0.0,False,False,0.5235987755982988
3.535,0.5235859297767893,-0.00972951773982082,0.5224202937381003,-0.12715059680940274,0.17379338965485688,-0.04936005046490292,0.0,False,False,0.5235987755982988
3.536,0.5235764796640912,-0.009450112698156472,0.5243946227539636,0.08299736445787378,-0.11392208615141548,0.17379338965485688,0.0,False,False,0.5235987755982988
3.537,0.5235783983509056,0.0019186868143958556,0.5232861150098638,-0.03615314639790093,0.049011666269311895,-0.11392208615141548,0.0,False,False,0.5235987755982988
3.5380000000000003,0.523574039411988,-0.004358938917542897,0.5243272296652193,0.0715736337774393,-0.09900053373749541,0.049011666269311895,0.0,False,False,0.5235987755982988
3.539,0.5235734358544628,-0.000603557525136059,0.5228629385116348,-0.08201284495875309,0.11166048151045618,-0.09900053373749541,0.0,False,False,0.5235987755982988
3.54,0.5235680656967923,-0.005370157670591888,0.52372257039942,0.012151628315648352,-0.016810260398960258,0.11166048151045618,0.0,False,False,0.5235987755982988
3.541,0.523569873459065,0.0018077622727886737,0.5238770539852129,0.026384824063367687,-0.03667079984049461,-0.016810260398960258,0.0,False,False,0.5235987755982988
3.5420000000000003,0.52357029262072,0.00041916165494391847,0.5234358731941192,-0.020371737452336676,0.027378328218036794,-0.03667079984049461,0.0,False,False,0.5235987755982988
3.543,0.5235687508356479,-0.0015417850721097994,0.5239217831152714,0.03025642840811309,-0.04212184939524183,0.027378328218036794,0.0,False,False,0.5235987755982988
3.544,0.5235690457555766,0.000294919928704054,0.523336570451587,-0.03129048080113689,0.04226826960217711,-0.04212184939524183,0.0,False,False,0.5235987755982988
3.545,0.5235671449337895,-0.0019008217870727828,0.5230007334471519,-0.061745133164530085,0.08485891851808018,0.04226826960217711,0.0,False,False,0.5235987755982988
3.5460000000000003,0.5235679336645109,0.0007887307214026491,0.5249689822203015,0.14125425746688344,-0.19416882815630895,0.08485891851808018,0.0,False,False,0.5235987755982988
3.547,0.5235727256896092,0.004792025098324316,0.5244881097504211,0.07904158473215732,-0.1108579164167908,-0.19416882815630895,0.0,False,False,0.5235987755982988
3.548,0.5235663793907025,-0.006346298906734781,0.5229023996425306,-0.08743358453011316,0.11745506863996363,-0.1108579164167908,0.0,False,False,0.5235987755982988
3.549,0.5235563580435704,-0.010021347132130945,0.5240524192809123,0.03631173776106643,-0.05173967160032216,0.11745506863996363,0.0,False,False,0.5235987755982988
3.5500000000000003,0.5235550272722385,-0.0013307713318620844,0.5229069177072647,-0.08186959337979689,0.11069695409437003,-0.05173967160032216,0.0,False,False,0.5235987755982988
3.551,0.5235515134836699,-0.0035137885685936083,0.5225176811021838,-0.11260629454991167,0.15458725438996476,0.11069695409437003,0.0,False,False,0.5235987755982988
3.552,0.5235545920208579,0.0030785371879693667,0.5244567609503886,0.09256231972556443,-0.12651852000829383,0.15458725438996476,0.0,False,False,0.5235987755982988
3.553,0.5235644712711129,0.009879250255032808,0.5220773638086355,-0.15463362642230896,0.21294576392071127,-0.12651852000829383,0.0,False,False,0.5235987755982988
3.5540000000000003,0.5235652409437913,0.0007696726783800109,0.5243740753129659,0.09050088665296363,-0.12255645884756335,0.21294576392071127,0.0,False,False,0.5235987755982988
3.555,0.5235764240380918,0.01118309430046273,0.5233558822157091,-0.020368511738014128,0.02881429497223262,-0.12255645884756335,0.0,False,False,0.5235987755982988
3.556,0.5235783904770913,0.0019664389994810006,0.523393781239833,-0.014541758151813865,0.021140008234560515,0.02881429497223262,0.0,False,False,0.5235987755982988
3.557,0.5235812017270584,0.0028112499670290936,0.5239387771218827,0.04141200586833787,-0.05581443446651623,0.021140008234560515,0.0,False,False,0.5235987755982988
3.5580000000000003,0.5235842208683141,0.003019141255738126,0.5240914125122131,0.052534344314543194,-0.07190867762790966,-0.05581443446651623,0.0,False,False,0.5235987755982988
3.559,0.5235835382867946,-0.000682581519517487,0.5228624178274419,-0.0756185585940334,0.10399671018826426,-0.07190867762790966,0.0,False,False,0.5235987755982988
3.56,0.5235794676967059,-0.00407059008862759,0.5242058014466344,0.06628165918462055,-0.09046445629158559,0.10399671018826426,0.0,False,False,0.5235987755982988
3.561,0.5235818178141888,0.0023501174827887878,0.5236807522723537,0.007148575838082892,-0.01005387113868679,-0.09046445629158559,0.0,False,False,0.5235987755982988
3.5620000000000003,0.5235789335002752,-0.002884313913637259,0.5224828189142251,-0.11335961755858204,0.15611876138362532,-0.01005387113868679,0.0,False,False,0.5235987755982988
3.563,0.5235764173748795,-0.0025161253956645976,0.5234281739221999,-0.0074881550052470075,0.012056616176077456,0.15611876138362532,0.0,False,False,0.5235987755982988
3.564,0.5235824681323981,0.006050757518580438,0.5247878614679086,0.12922941506614755,-0.1764788437323526,0.012056616176077456,0.0,False,False,0.5235987755982988
3.565,0.5235873357173209,0.004867584922835954,0.5250504406898807,0.14256439575674756,-0.19720724655657126,-0.1764788437323526,0.0,False,False,0.5235987755982988
3.5660000000000003,0.5235819277794868,-0.005407937834111045,0.5242079324029555,0.0440571274885503,-0.0638333754700805,-0.19720724655657126,0.0,False,False,0.5235987755982988
3.567,0.5235682650757081,-0.013662703778681142,0.5225294944207974,-0.12819238347611012,0.17307792136635697,-0.0638333754700805,0.0,False,False,0.5235987755982988
3.568,0.5235550266768746,-0.013238398833451128,0.5239831619659179,0.029993609383544922,-0.042911285877396996,0.17307792136635697,0.0,False,False,0.5235987755982988
3.569,0.5235539729659485,-0.0010537109260250355,0.5242964891783904,0.05832696969244737,-0.08255120807258619,-0.042911285877396996,0.0,False,False,0.5235987755982988
3.5700000000000003,0.523551093726689,-0.002879239259578398,0.524184393412535,0.041284696137655744,-0.06008275602143779,-0.08255120807258619,0.0,False,False,0.5235987755982988
3.571,0.5235449562975808,-0.006137429108147565,0.5242299581383435,0.0417126991047424,-0.061416524646495184,-0.06008275602143779,0.0,False,False,0.5235987755982988
3.572,0.5235376248100335,-0.007331487547281754,0.5238546316492236,8.780282281684038e-06,-0.0046159452553847565,-0.061416524646495184,0.0,False,False,0.5235987755982988
3.573,0.5235293577725775,-0.00826703745604018,0.5234661660859944,-0.03883865406887103,0.04899335610412491,-0.0046159452553847565,0.0,False,False,0.5235987755982988
3.5740000000000003,0.5235232408960493,-0.006116876528219186,0.5229923401027674,-0.08233738698468222,0.10972070330118404,0.04899335610412491,0.0,False,False,0.5235987755982988
3.575,0.5235213780630202,-0.0018628330290672698,0.5218651168736004,-0.18682597120291689,0.25539702248807217,0.10972070330118404,0.0,False,False,0.5235987755982988
3.576,0.5235255659559094,0.004187892889163815,0.5238219593112313,0.027540869680469315,-0.03706635044934829,0.25539702248807217,0.0,False,False,0.5235987755982988
3.577,0.5235412686263385,0.015702670429178577,0.52370363036156,0.012953887745288144,-0.017432051033046726,-0.03706635044934829,0.0,False,False,0.5235987755982988
3.5780000000000003,0.5235511213084754,0.00985268213683681,0.5240376980228192,0.045065265096680074,-0.061978921757382774,-0.017432051033046726,0.0,False,False,0.5235987755982988
3.579,0.5235573251498102,0.00620384133483798,0.5223900980829479,-0.12420125540011706,0.17079770175645703,-0.061978921757382774,0.0,False,False,0.5235987755982988
3.58,0.5235586015587875,0.0012764089772847416,0.5241214848067306,0.061357542518164804,-0.08303781677356983,0.17079770175645703,0.0,False,False,0.5235987755982988
3.581,0.5235680303435657,0.009428784778115058,0.5253609591701572,0.17916922460901233,-0.2467223738242664,-0.08303781677356983,0.0,False,False,0.5235987755982988
3.5820000000000003,0.5235706333536102,0.002603010044489645,0.523639094007645,-0.01093421410311593,0.012395325555508385,-0.2467223738242664,0.0,False,False,0.5235987755982988
3.583,0.5235601133095162,-0.010520044093985218,0.5235063001667939,-0.023120176777911873,0.029408769900582873,0.012395325555508385,0.0,False,False,0.5235987755982988
3.584,0.5235531490272565,-0.006964282259756193,0.5238228044527622,0.01084226949670929,-0.017043242776391916,0.029408769900582873,0.0,False,False,0.5235987755982988
3.585,0.5235496917852854,-0.0034572419710314204,0.5253232404148545,0.15980163875626446,-0.22280233320551882,-0.017043242776391916,0.0,False,False,0.5235987755982988
3.586,0.5235464231740468,-0.0032686112386480707,0.5226531219829301,-0.1231903683117948,0.1648502070507902,-0.22280233320551882,0.0,False,False,0.5235987755982988
3.587,0.5235329994659268,-0.013423708119930147,0.523710330968457,-0.0051504329279295075,0.004172522850668397,0.1648502070507902,0.0,False,False,0.5235987755982988
3.588,0.5235313865175949,-0.0016129483318753444,0.5228335537722397,-0.09231310925686254,0.1245497239772987,0.004172522850668397,0.0,False,False,0.5235987755982988
3.589,0.523530471485358,-0.0009150322369054376,0.5230531198152232,-0.06112519403283083,0.08317203693475848,0.1245497239772987,0.0,False,False,0.5235987755982988
3.59,0.5235360619177448,0.005590432386750948,0.523492786210264,-0.011046035125469443,0.015163051135190722,0.08317203693475848,0.0,False,False,0.5235987755982988
3.591,0.5235441538166253,0.008091898880530022,0.5247199151493653,0.11277146229721487,-0.15550626667585518,0.015163051135190722,0.0,False,False,0.5235987755982988
3.592,0.5235506682582972,0.006514441671823587,0.5251223290472716,0.1417357058581229,-0.19750680911125812,-0.15550626667585518,0.0,False,False,0.5235987755982988
3.593,0.5235474932989251,-0.003174959372030375,0.5239385710959593,0.009186340141079219,-0.01713992712718406,-0.19750680911125812,0.0,False,False,0.5235987755982988
3.594,0.5235354002653982,-0.01209303352689972,0.5232067593722785,-0.0649134662411151,0.08495245155770467,-0.01713992712718406,0.0,False,False,0.5235987755982988
3.595,0.5235257407155945,-0.009659549803693972,0.5257010657463582,0.19100851779097322,-0.26705144401423714,0.08495245155770467,0.0,False,False,0.5235987755982988
3.596,0.5235230591766378,-0.002681538956768626,0.5231499475050949,-0.08320415811445464,0.10792389541501579,-0.26705144401423714,0.0,False,False,0.5235987755982988
3.597,0.5235078354672325,-0.015223709405271839,0.5230094253581342,-0.08893595699907894,0.11733145272185751,0.10792389541501579,0.0,False,False,0.5235987755982988
3.598,0.5235019194956156,-0.005915971616815348,0.5219529894874521,-0.185685948367387,0.25244728803610605,0.11733145272185751,0.0,False,False,0.5235987755982988
3.599,0.5235036185388188,0.0016990432030803701,0.5247219382659515,0.10977752431929413,-0.15194995720090096,0.25244728803610605,0.0,False,False,0.5235987755982988
3.6,0.5235174246599379,0.013806121119103867,0.524362378337678,0.06284377906001243,-0.08915738418083949,-0.15194995720090096,0.0,False,False,0.5235987755982988
3.601,0.5235199889872311,0.00256432729322964,0.52562992235114,0.18331380250021856,-0.25653720455140416,-0.08915738418083949,0.0,False,False,0.5235987755982988
3.602,0.52351732007789,-0.002668909341130744,0.5223047322014123,-0.1675365927225796,0.22433669241105333,-0.25653720455140416,0.0,False,False,0.5235987755982988
3.603,0.5235026309376609,-0.014689140229065135,0.5247751250200097,0.0962563484094183,-0.13668190768209731,0.22433669241105333,0.0,False,False,0.5235987755982988
3.604,0.5235029720958142,0.00034115815333660496,0.5235641768817183,-0.03446410026066028,0.04197969721124159,-0.13668190768209731,0.0,False,False,0.5235987755982988
3.605,0.5234963754564305,-0.006596639383783497,0.5241998306006406,0.03254768165763262,-0.04987620803131073,0.04197969721124159,0.0,False,False,0.5235987755982988
3.606,0.5234938144071787,-0.002561049251728808,0.52205585758461,-0.18510438811118374,0.24989778997981846,-0.04987620803131073,0.0,False,False,0.5235987755982988
3.607,0.5234895339343971,-0.004280472781602274,0.5247706770091066,0.10488799314959296,-0.14695981717405207,0.24989778997981846,0.0,False,False,0.5235987755982988
3.608,0.5234990303603682,0.009496425971076517,0.5241853957070096,0.035871063624932975,-0.05360443830671397,-0.14695981717405207,0.0,False,False,0.5235987755982988
3.609,0.5234984882902278,-0.00054207014032083,0.5234645328792735,-0.03980232551116938,0.05017915955585848,-0.05360443830671397,0.0,False,False,0.5235987755982988
3.61,0.523495430747686,-0.0030575425417791497,0.5240583977699899,0.0235643961115809,-0.03655047442433586,0.05017915955585848,0.0,False,False,0.5235987755982988
3.611,0.5234958045763228,0.000373828636835698,0.5228277839057363,-0.10185342992493762,0.13610196637605126,-0.03655047442433586,0.0,False,False,0.5235987755982988
3.612,0.5234942372503915,-0.0015673259313670166,0.5229885803848195,-0.0755884390241147,0.1016896406715645,0.13610196637605126,0.0,False,False,0.5235987755982988
3.613,0.5234999505296825,0.005713279291012129,0.5230955188092626,-0.057335752677393964,0.07786152541552395,0.1016896406715645,0.0,False,False,0.5235987755982988
3.614,0.5235090566035135,0.009106073831079673,0.521892246537017,-0.17192940463421377,0.23703280866412837,0.07786152541552395,0.0,False,False,0.5235987755982988
3.615,0.5235194618360876,0.01040523257403301,0.5242714879901315,0.08318768114064867,-0.11193404042176595,0.23703280866412837,0.0,False,False,0.5235987755982988
3.616,0.5235388096766885,0.0193478406009337,0.5245786712723498,0.10558724124841865,-0.1443428116310202,-0.11193404042176595,0.0,False,False,0.5235987755982988
3.617,0.523547998087929,0.009188411240392047,0.52293595985778,-0.06924262433340737,0.09502183252942818,-0.1443428116310202,0.0,False,False,0.5235987755982988
3.618,0.523547354933928,-0.0006431540009548056,0.5238512193886086,0.02920759118279384,-0.03959309764492817,0.09502183252942818,0.0,False,False,0.5235987755982988
3.619,0.5235516583238876,0.004303389959615049,0.5233199305449082,-0.026842052305520576,0.03722967372765544,-0.03959309764492817,0.0,False,False,0.5235987755982988
3.62,0.5235526933900295,0.0010350661419558124,0.5238391664643736,0.027765744871565867,-0.037645929435224476,0.03722967372765544,0.0,False,False,0.5235987755982988
3.621,0.5235552755566866,0.0025821666571010397,0.5230076110982008,-0.05816636623286497,0.08044060048120188,-0.037645929435224476,0.0,False,False,0.5235987755982988
3.622,0.5235551947239055,-8.083278104338825e-05,0.5227842608404718,-0.07468475538248005,0.10428297209986227,0.08044060048120188,0.0,False,False,0.5235987755982988
3.623,0.5235591604941819,0.003965770276415653,0.5244772690311149,0.10208453922007875,-0.13831432885478423,0.10428297209986227,0.0,False,False,0.5235987755982988
3.624,0.5235671501702568,0.00798967607489086,0.5235114125699769,-0.0047095608157294855,0.007224007488669714,-0.13831432885478423,0.0,False,False,0.5235987755982988
3.625,0.523565915127996,-0.001235042260835777,0.5253305380793181,0.17767394619995916,-0.24438046009829748,0.007224007488669714,0.0,False,False,0.5235987755982988
3.626,0.5235654162687126,-0.0004988592834071567,0.5236058293368195,-0.012564322669889355,0.0149502199104942,-0.24438046009829748,0.0,False,False,0.5235987755982988
3.6270000000000002,0.5235528500086175,-0.012566260095047643,0.5227446944618909,-0.09742137789576748,0.132279113930264,0.0149502199104942,0.0,False,False,0.5235987755982988
3.628,0.5235444228615265,-0.008427147090993953,0.524615130762582,0.0993643899629262,-0.13753166091260943,0.132279113930264,0.0,False,False,0.5235987755982988
3.629,0.523545031818603,0.0006089570765198705,0.5240955088079264,0.03746575550107334,-0.053900104374585166,-0.13753166091260943,0.0,False,False,0.5235987755982988
3.63,0.5235385791261165,-0.0064526924866063476,0.5241728953618616,0.04145783534448482,-0.06008355815751233,-0.053900104374585166,0.0,False,False,0.5235987755982988
3.6310000000000002,0.5235313285624797,-0.007250563636688827,0.524570323658616,0.07705488148547396,-0.10995372286827806,-0.06008355815751233,0.0,False,False,0.5235987755982988
3.632,0.523523187457064,-0.008141105415726445,0.5229535152234428,-0.09233145018039345,0.12241242696388042,-0.10995372286827806,0.0,False,False,0.5235987755982988
3.633,0.5235118970468475,-0.011290410216578454,0.5234008475855549,-0.03836506895114005,0.049600786970757815,0.12241242696388042,0.0,False,False,0.5235987755982988
3.634,0.5235098403621755,-0.002056684672058452,0.5233602221591029,-0.03859110470122616,0.050603287546997174,0.049600786970757815,0.0,False,False,0.5235987755982988
3.6350000000000002,0.5235108867832337,0.0010464210581006767,0.522384497939339,-0.132304416207492,0.1806222973102661,0.050603287546997174,0.0,False,False,0.5235987755982988
3.636,0.5235141455428111,0.0032587595774534557,0.5232841197430067,-0.029111794219977866,0.040597958459231455,0.1806222973102661,0.0,False,False,0.5235987755982988
3.637,0.5235254533150541,0.011307772243029427,0.5246916643948525,0.11455385038659813,-0.15713661880188382,0.040597958459231455,0.0,False,False,0.5235987755982988
3.638,0.5235356739664763,0.010220651422248664,0.5237427905340584,0.008211079268526406,-0.012445563965903605,-0.15713661880188382,0.0,False,False,0.5235987755982988
3.6390000000000002,0.523535172408326,-0.0005015581502074914,0.522360512303093,-0.13083785175486345,0.17929416141954094,-0.012445563965903605,0.0,False,False,0.5235987755982988
3.64,0.5235342010141201,-0.0009713942059711688,0.5221764749958279,-0.1361577973058899,0.18899076761154496,0.17929416141954094,0.0,False,False,0.5235987755982988
3.641,0.5235424894028862,0.008288388766124546,0.5249952805795628,0.15933854079819193,-0.21634333862058194,0.18899076761154496,0.0,False,False,0.5235987755982988
3.642,0.5235578408641527,0.015351461266490209,0.5234790226588479,-0.008221105353113073,0.012020879333851509,-0.21634333862058194,0.0,False,False,0.5235987755982988
3.6430000000000002,0.523558440656563,0.0005997924102718027,0.5229934686715376,-0.0559543935488334,0.0780407969403016,0.012020879333851509,0.0,False,False,0.5235987755982988
3.644,0.5235594592099718,0.0010185534088125816,0.5233203562889317,-0.017670192454542245,0.026215778514058805,0.0780407969403016,0.0,False,False,0.5235987755982988
3.645,0.5235640704268925,0.004611216920592602,0.5222748762079884,-0.1204511813034175,0.16837160658968842,0.026215778514058805,0.0,False,False,0.5235987755982988
3.646,0.523568614625004,0.004544198111592006,0.524810499421411,0.14515625816918415,-0.19599853861904035,0.16837160658968842,0.0,False,False,0.5235987755982988
3.6470000000000002,0.5235802189518327,0.011604326828725905,0.5232372155570572,-0.026687754083118936,0.0385333856420926,-0.19599853861904035,0.0,False,False,0.5235987755982988
3.648,0.523578839998503,-0.001378953329771485,0.5247721229412947,0.12947175974894898,-0.17648636387266498,0.0385333856420926,0.0,False,False,0.5235987755982988
3.649,0.5235798062619874,0.0009662634845026439,0.5236248808860577,0.0018003782503566712,-0.0026303490800886785,-0.17648636387266498,0.0,False,False,0.5235987755982988
3.65,0.5235716546885102,-0.008151573477172585,0.5248191566744479,0.1210479192643363,-0.167224362487887,-0.0026303490800886785,0.0,False,False,0.5235987755982988
3.6510000000000002,0.5235657226928364,-0.005931995673790808,0.5237897309018393,0.0060005500770466125,-0.010637855556185271,-0.167224362487887,0.0,False,False,0.5235987755982988
3.652,0.5235531823942745,-0.012540298561867117,0.5242977683569057,0.05620424057597541,-0.08002695834609384,-0.010637855556185271,0.0,False,False,0.5235987755982988
3.653,0.5235434963241566,-0.009686070117900005,0.5241710233882785,0.03790931965565883,-0.055791643806424526,-0.08002695834609384,0.0,False,False,0.5235987755982988
3.654,0.5235325457515057,-0.010950572651042009,0.5240764698167238,0.02466303053462953,-0.038194132573205954,-0.055791643806424526,0.0,False,False,0.5235987755982988
3.6550000000000002,0.523521841393045,-0.010704358460645753,0.5238254715034472,-0.0029031038465018796,-0.000596801676867939,-0.038194132573205954,0.0,False,False,0.5235987755982988
3.656,0.5235122063029038,-0.00963509014113475,0.5233090057198116,-0.05425937182540281,0.07032710400325237,-0.000596801676867939,0.0,False,False,0.5235987755982988
3.657,0.5235052657988537,-0.0069405040501190046,0.5251767978975971,0.13794578313568068,-0.19393934115018557,0.07032710400325237,0.0,False,False,0.5235987755982988
3.658,0.5235038718202558,-0.0013939785979106686,0.5227124199953541,-0.12228658540218379,0.16269830333562513,-0.19393934115018557,0.0,False,False,0.5235987755982988
3.6590000000000003,0.523493203968221,-0.010667852034899086,0.5234969630953152,-0.03160361686585329,0.039756965292728354,0.16269830333562513,0.0,False,False,0.5235987755982988
3.66,0.523493641523599,0.00043755537808802536,0.5235066319003197,-0.027476374678826496,0.034630236178216735,0.039756965292728354,0.0,False,False,0.5235987755982988
3.661,0.5234959339313457,0.0022924077467862064,0.5238471297408482,0.00932104684191478,-0.015655630776187347,0.034630236178216735,0.0,False,False,0.5235987755982988
3.662,0.5234992639549302,0.00333002358442349,0.5231244783690246,-0.06387619502463573,0.0851887841564979,-0.015655630776187347,0.0,False,False,0.5235987755982988
3.6630000000000003,0.5235008080002765,0.0015440453463865808,0.5237754759673279,0.007611184308150505,-0.01231402781230367,0.0851887841564979,0.0,False,False,0.5235987755982988
3.664,0.5235061430131371,0.0053350128605473375,0.5233588000616686,-0.034817524688594816,0.04610058928565816,-0.01231402781230367,0.0,False,False,0.5235987755982988
3.665,0.5235092773922301,0.0031343790928970963,0.5221287633902548,-0.15433943936111008,0.21166754697812393,0.04610058928565816,0.0,False,False,0.5235987755982988
3.666,0.5235137715729523,0.004494180722222255,0.5235221075152661,0.0004289170761251071,0.0008653250032393589,0.21166754697812393,0.0,False,False,0.5235987755982988
3.6670000000000003,0.5235275051439026,0.013733570950224155,0.5225670807091684,-0.09511665524125879,0.1327104942938589,0.0008653250032393589,0.0,False,False,0.5235987755982988
3.668,0.5235376519828033,0.01014683890073147,0.522024114880081,-0.13990157262586342,0.19622578007895594,0.1327104942938589,0.0,False,False,0.5235987755982988
3.669,0.5235515865295469,0.013934546743551476,0.5236710310347553,0.038780200104150064,-0.04783683798119713,0.19622578007895594,0.0,False,False,0.5235987755982988
3.67,0.5235716629088328,0.020076379285867828,0.5239974214430266,0.06754122092086659,-0.08822509031014064,-0.04783683798119713,0.0,False,False,0.5235987755982988
3.6710000000000003,0.5235846879805192,0.013025071686274859,0.5240443187304458,0.06547682757069336,-0.08659196946347718,-0.08822509031014064,0.0,False,False,0.5235987755982988
3.672,0.5235898146178068,0.00512663728770643,0.5240847644307247,0.06297371484151862,-0.08431625679348852,-0.08659196946347718,0.0,False,False,0.5235987755982988
3.673,0.5235890859815909,-0.000728636215962212,0.5219025839064255,-0.1615417090725525,0.2243815013407823,-0.08431625679348852,0.0,False,False,0.5235987755982988
3.674,0.5235843629412861,-0.0047230403048644926,0.5223966516129179,-0.09598076751605657,0.13681515275612385,0.2243815013407823,0.0,False,False,0.5235987755982988
3.6750000000000003,0.5235922690155415,0.007906074255345513,0.5253144913620958,0.20540128415334097,-0.27736442473235573,0.13681515275612385,0.0,False,False,0.5235987755982988
3.676,0.5236047286822367,0.0124596666952411,0.5226908666412832,-0.0775013163432609,0.10934394083819472,-0.27736442473235573,0.0,False,False,0.5235987755982988
3.677,0.5235999510783299,-0.004777603906786184,0.5241330104383105,0.07446319499379914,-0.09897206111276945,0.10934394083819472,0.0,False,False,0.5235987755982988
3.678,0.523602066408493,0.002115330163102837,0.5230026002457986,-0.046024143756772884,0.06596012885313156,-0.09897206111276945,0.0,False,False,0.5235987755982988
3.6790000000000003,0.5235985924310158,-0.003473977477241724,0.523668120012231,0.02513024726214092,-0.03140449616534758,0.06596012885313156,0.0,False,False,0.5235987755982988
3.68,0.5235994621926624,0.0008697616466038002,0.5230468436510742,-0.039510413579745114,0.05734727134573661,-0.03140449616534758,0.0,False,False,0.5235987755982988
3.681,0.5235984974863264,-0.0009647063360907846,0.5240885345880045,0.06860972147125888,-0.09114732758021349,0.05734727134573661,0.0,False,False,0.5235987755982988
3.682,0.5236006931900394,0.002195703713066877,0.5237200511239737,0.024900402921048566,-0.03206344296740592,-0.09114732758021349,0.0,False,False,0.5235987755982988
3.6830000000000003,0.5235976666671828,-0.0030265228566269792,0.5232064600395272,-0.028948745815704804,0.04180017503673486,-0.03206344296740592,0.0,False,False,0.5235987755982988
3.684,0.5235939501674098,-0.003716499772983941,0.522677502107356,-0.07894966445125687,0.11132252017847939,0.04180017503673486,0.0,False,False,0.5235987755982988
3.685,0.5235934408337183,-0.0005093336915876988,0.5238271179036248,0.04390688162075093,-0.056798419440768744,0.11132252017847939,0.0,False,False,0.5235987755982988
3.686,0.5235986524304534,0.005211596735206485,0.5225403556332472,-0.08916003357908474,0.12604359966583095,-0.056798419440768744,0.0,False,False,0.5235987755982988
3.6870000000000003,0.5235994742330685,0.0008218026151112223,0.5239725218168118,0.0629725881352802,-0.08229453769556912,0.12604359966583095,0.0,False,False,0.5235987755982988
3.688,0.5236063485263314,0.0068742932628234115,0.5258983889971632,0.24926204735690027,-0.34050749800783986,-0.08229453769556912,0.0,False,False,0.5235987755982988
3.689,0.5236070958576506,0.000747331319243389,0.5247853415004677,0.11303109295166067,-0.15699549778103342,-0.34050749800783986,0.0,False,False,0.5235987755982988
3.69,0.5235905907296371,-0.016505128013542248,0.5242174675196895,0.04494058557866577,-0.06506515727943035,-0.15699549778103342,0.0,False,False,0.5235987755982988
3.6910000000000003,0.5235703693713859,-0.020221358251173518,0.52349566291092,-0.03173393385614797,0.03993674900019663,-0.06506515727943035,0.0,False,False,0.5235987755982988
3.692,0.5235515728608332,-0.018796510552648988,0.5218596920246882,-0.1921576290937128,0.26189265923744676,0.03993674900019663,0.0,False,False,0.5235987755982988
3.693,0.5235392592262624,-0.012313634570764734,0.5223853466631231,-0.1203764023408513,0.1662934036421847,0.26189265923744676,0.0,False,False,0.5235987755982988
3.694,0.5235433781646565,0.004118938393997167,0.5246628261126591,0.1194091828468384,-0.16244392867469173,0.1662934036421847,0.0,False,False,0.5235987755982988
3.6950000000000003,0.5235545767946915,0.01119863003508007,0.5228653846004004,-0.07227588666371448,0.09993210195862813,-0.16244392867469173,0.0,False,False,0.5235987755982988
3.696,0.5235545608741232,-1.5920568260975598e-05,0.5229443483034012,-0.057151927697267416,0.08036200454487805,0.09993210195862813,0.0,False,False,0.5235987755982988
3.697,0.5235595463985047,0.004985524381412943,0.5234149890880956,-0.004372656458101969,0.008555344933380539,0.08036200454487805,0.0,False,False,0.5235987755982988
3.698,0.5235670646519534,0.007518253448688654,0.5226402544506853,-0.0814088545533208,0.11494400612102836,0.008555344933380539,0.0,False,False,0.5235987755982988
3.6990000000000003,0.5235728256840045,0.00576103205117298,0.522502268005082,-0.08706661365831425,0.1242170730678791,0.11494400612102836,0.0,False,False,0.5235987755982988
3.7,0.5235826288290913,0.009803145086834482,0.523538581891245,0.02527143632381587,-0.029242236861610815,0.1242170730678791,0.0,False,False,0.5235987755982988
3.701,0.5235958775678439,0.01324873875251125,0.522817871349717,-0.04932676146136594,0.0732483902281114,-0.029242236861610815,0.0,False,False,0.5235987755982988
3.702,0.5236041313024047,0.008253734560775858,0.522957470600625,-0.03043416022442867,0.04806448222744255,0.0732483902281114,0.0,False,False,0.5235987755982988
3.7030000000000003,0.5236136699321344,0.009538629729701743,0.5229319521574695,-0.029942588517542796,0.047933928155979764,0.04806448222744255,0.0,False,False,0.5235987755982988
3.704,0.5236229109347872,0.009241002652748607,0.5240787562154289,0.08773207613015309,-0.1139181424645248,0.047933928155979764,0.0,False,False,0.5235987755982988
3.705,0.523631921147927,0.009010213139784944,0.5234293532690465,0.014018573878899543,-0.01377268672813765,-0.1139181424645248,0.0,False,False,0.5235987755982988
3.706,0.5236326655010382,0.0007443531111775148,0.5234768320614624,0.017364595732605174,-0.018642531216071612,-0.01377268672813765,0.0,False,False,0.5235987755982988
3.7070000000000003,0.5236324950395144,-0.00017046152376108594,0.52415342860773,0.08328779078609513,-0.10992910311307465,-0.018642531216071612,0.0,False,False,0.5235987755982988
3.708,0.5236314442704948,-0.0010507690195860268,0.5235074913288994,0.010365283824430124,-0.010795223740126652,-0.10992910311307465,0.0,False,False,0.5235987755982988
3.709,0.5236252161903788,-0.006228080116001365,0.5233823939695958,-0.003180980488367865,0.007712045902694831,-0.010795223740126652,0.0,False,False,0.5235987755982988
3.71,0.5236202835444036,-0.004932645975190498,0.5240308289279975,0.06198061340063005,-0.08215369601533166,0.007712045902694831,0.0,False,False,0.5235987755982988
3.7110000000000003,0.5236172067335392,-0.003076810864382007,0.5242003193547795,0.07273159473877189,-0.09810570130317875,-0.08215369601533166,0.0,False,False,0.5235987755982988
3.712,0.523610950374797,-0.006256358742222499,0.5234826045343542,-0.006313046777631656,0.00966673528416025,-0.09810570130317875,0.0,False,False,0.5235987755982988
3.713,0.5236016317474549,-0.009318627342098419,0.5236719753018192,0.013255334646626201,-0.017223996239318223,0.00966673528416025,0.0,False,False,0.5235987755982988
3.714,0.5235954431678786,-0.006188579576223841,0.5229132024894402,-0.063947480055938,0.08907729202658111,-0.017223996239318223,0.0,False,False,0.5235987755982988
3.715,0.5235902176479806,-0.00522551989797658,0.5228391300020153,-0.06495998079283008,0.09162559768449906,0.08907729202658111,0.0,False,False,0.5235987755982988
3.716,0.5235909998265195,0.0007821785388173238,0.5242622076436599,0.083843781450915,-0.11255431455759822,0.09162559768449906,0.0,False,False,0.5235987755982988
3.717,0.5235961256222285,0.005125795708940381,0.5239844108208294,0.04767972102276569,-0.06415709923286864,-0.11255431455759822,0.0,False,False,0.5235987755982988
3.718,0.523594098267133,-0.002027355095523469,0.5239914211086109,0.043612777698638604,-0.05940295242398304,-0.06415709923286864,0.0,False,False,0.5235987755982988
3.719,0.5235894772983588,-0.00462096877417332,0.5238345689535491,0.023566284422596565,-0.03252382170162052,-0.05940295242398304,0.0,False,False,0.5235987755982988
3.72,0.5235832668037871,-0.006210494571731128,0.523623586768196,0.00011143744502766992,-0.0005803259921821804,-0.03252382170162052,0.0,False,False,0.5235987755982988
3.721,0.5235772604464315,-0.00600635735557028,0.5241849944686763,0.056241063748554754,-0.07804121616506006,-0.0005803259921821804,0.0,False,False,0.5235987755982988
3.722,0.5235729987190741,-0.0042617273573907904,0.5243890350562788,0.07102101613394758,-0.09944988960437615,-0.07804121616506006,0.0,False,False,0.5235987755982988
3.723,0.5235661114904224,-0.006887228651720026,0.5243613079367703,0.06114620256970367,-0.0871010251761306,-0.09944988960437615,0.0,False,False,0.5235987755982988
3.724,0.5235562675093438,-0.009843981078653329,0.523468322187016,-0.034266992662693826,0.04346855259832328,-0.0871010251761306,0.0,False,False,0.5235987755982988
3.725,0.5235448436132291,-0.011423896114733826,0.5247552231051358,0.09784979841555375,-0.1382358132217299,0.04346855259832328,0.0,False,False,0.5235987755982988
3.726,0.523538736257581,-0.006107355648147653,0.52373810581296,-0.013646910643581131,0.013868348908396281,-0.1382358132217299,0.0,False,False,0.5235987755982988
3.727,0.5235275188436075,-0.011217413973509758,0.5240793711771824,0.021844316843017922,-0.034863900631525946,0.013868348908396281,0.0,False,False,0.5235987755982988
3.728,0.523520091455754,-0.0074273878534923555,0.5237662595795077,-0.01165127460875032,0.010966817868739901,-0.034863900631525946,0.0,False,False,0.5235987755982988
3.729,0.5235130817159719,-0.007009739782019531,0.5237286357319774,-0.014248531900911875,0.014760755874880353,0.010966817868739901,0.0,False,False,0.5235987755982988
3.73,0.5235086692002059,-0.004412515765991205,0.5228666044648074,-0.09902680542782004,0.13201124691623004,0.014760755874880353,0.0,False,False,0.5235987755982988
3.731,0.5235063150588881,-0.0023541413177234466,0.5241183591259251,0.036051341226732925,-0.0526141129693523,0.13201124691623004,0.0,False,False,0.5235987755982988
3.732,0.5235112738952001,0.0049588363120700585,0.5259942616641841,0.22003646092995735,-0.3071625023018832,-0.0526141129693523,0.0,False,False,0.5235987755982988
3.733,0.5235121242927256,0.0008503975254648081,0.5231850538889584,-0.0828879626856025,0.10691254599085016,-0.3071625023018832,0.0,False,False,0.5235987755982988
3.734,0.523497358197924,-0.014766094801715441,0.523559312774708,-0.037173277842082166,0.04531826423513294,0.10691254599085016,0.0,False,False,0.5235987755982988
3.735,0.5234917655137981,-0.0055926841259083294,0.5231023779636685,-0.07914943116182172,0.103914474817531,0.04531826423513294,0.0,False,False,0.5235987755982988
3.736,0.5234900965125986,-0.0016690011994970845,0.5230642188077229,-0.07505040364020228,0.09968250659860897,0.103914474817531,0.0,False,False,0.5235987755982988
3.737,0.5234941294524553,0.004032939856693601,0.5248419158786493,0.1102243438164522,-0.15464573762605058,0.09968250659860897,0.0,False,False,0.5235987755982988
3.738,0.5235019366400705,0.007807187615225092,0.5229146586385784,-0.09352381457227417,0.12454268276169568,-0.15464573762605058,0.0,False,False,0.5235987755982988
3.739,0.5234997502920201,-0.0021863480504324658,0.5230860370330374,-0.06703359366915577,0.08966960657769323,0.12454268276169568,0.0,False,False,0.5235987755982988
3.74,0.523504453127594,0.004702835573811423,0.5221191042962993,-0.15702350797604925,0.21506229300725102,0.08966960657769323,0.0,False,False,0.5235987755982988
3.741,0.5235122352217333,0.007782094139310112,0.5228510942694846,-0.06812215985990892,0.09520485575054627,0.21506229300725102,0.0,False,False,0.5235987755982988
3.742,0.5235285157732656,0.016280551532336478,0.5220376556196279,-0.1426538088595904,0.19928473024758506,0.09520485575054627,0.0,False,False,0.5235987755982988
3.743,0.5235454606088987,0.016944835633122976,0.5240968142204397,0.07752743210755358,-0.10199761372760101,0.19928473024758506,0.0,False,False,0.5235987755982988
3.744,0.523568164147112,0.022703538213268426,0.526011360876112,0.26122935446402373,-0.3569017603574658,-0.10199761372760101,0.0,False,False,0.5235987755982988
3.745,0.5235808002887385,0.012636141626488972,0.5232608126764164,-0.039948400951934304,0.05402141373620388,-0.3569017603574658,0.0,False,False,0.5235987755982988
3.746,0.5235721850261211,-0.008615262617452397,0.5221176643379004,-0.15026839470834397,0.20698207633718405,0.05402141373620388,0.0,False,False,0.5235987755982988
3.747,0.523568741048467,-0.0034439776541769548,0.524354138919024,0.08840590287485411,-0.11968362322287913,0.20698207633718405,0.0,False,False,0.5235987755982988
3.748,0.5235766830512879,0.007942002820897921,0.5229423213538751,-0.06161644392752777,0.0857559091126605,-0.11968362322287913,0.0,False,False,0.5235987755982988
3.749,0.5235763443149328,-0.0003387363551103188,0.5247102384181249,0.12133690689020851,-0.16561061902512006,0.0857559091126605,0.0,False,False,0.5235987755982988
3.75,0.5235803963401696,0.00405202523674238,0.5233342795666597,-0.028392668945336513,0.038832131303908314,-0.16561061902512006,0.0,False,False,0.5235987755982988
3.751,0.5235749523826172,-0.005443957552436941,0.5230235891806047,-0.056622440656305215,0.07830028430606117,0.038832131303908314,0.0,False,False,0.5235987755982988
3.7520000000000002,0.523573065820124,-0.0018865624932638062,0.5234177685562958,-0.011542259021555215,0.017108837581919674,0.07830028430606117,0.0,False,False,0.5235987755982988
3.753,0.5235756661141723,0.0026002940483239095,0.524236951087844,0.07153022003541157,-0.0973234228543065,0.017108837581919674,0.0,False,False,0.5235987755982988
3.754,0.5235783357266818,0.002669612509445766,0.5233798737869994,-0.021330532052590653,0.029536871066499163,-0.0973234228543065,0.0,False,False,0.5235987755982988
3.755,0.523575332328659,-0.0030033980227159116,0.523141858251672,-0.04299903238006342,0.05982335109535821,0.029536871066499163,0.0,False,False,0.5235987755982988
3.7560000000000002,0.5235747120947681,-0.0006202338909087127,0.5234011987883181,-0.012765075477445764,0.018874473152586987,0.05982335109535821,0.0,False,False,0.5235987755982988
3.757,0.5235772715199083,0.002559425140176882,0.5224673684910033,-0.10487159766118755,0.14621124512474468,0.018874473152586987,0.0,False,False,0.5235987755982988
3.758,0.5235800007676664,0.0027292477581362575,0.5239264762023913,0.05152633324373308,-0.06773021076614441,0.14621124512474468,0.0,False,False,0.5235987755982988
3.759,0.5235892159311885,0.009215163521983682,0.5220300028364115,-0.14327363667861578,0.20016627372830983,-0.06773021076614441,0.0,False,False,0.5235987755982988
3.7600000000000002,0.5235924235118524,0.00320758066391974,0.5232048544289812,-0.011461113753785002,0.02084391755225843,0.20016627372830983,0.0,False,False,0.5235987755982988
3.761,0.5236046724680287,0.012248956176239575,0.5242673610772807,0.09593566245153674,-0.12715733356351744,0.02084391755225843,0.0,False,False,0.5235987755982988
3.762,0.5236146395369837,0.00996706895509403,0.5238790990534683,0.04751589382514617,-0.06206489478322612,-0.12715733356351744,0.0,False,False,0.5235987755982988
3.763,0.5236154439435142,0.0008044065305518409,0.5241305958255579,0.06791398165158921,-0.09106954207257015,-0.06206489478322612,0.0,False,False,0.5235987755982988
3.7640000000000002,0.5236129006957629,-0.002543247751236701,0.523556137638107,0.0036767647413470522,-0.003644634406164576,-0.09106954207257015,0.0,False,False,0.5235987755982988
3.765,0.5236065730321506,-0.006327663612347467,0.524627369145692,0.11043223902570476,-0.15103337068392245,-0.003644634406164576,0.0,False,False,0.5235987755982988
3.766,0.5236019258450082,-0.00464718714248536,0.5244088781237172,0.07753991292565447,-0.10762974096831575,-0.15103337068392245,0.0,False,False,0.5235987755982988
3.767,0.5235911151739313,-0.01081067107687698,0.5239804466465451,0.02694277391588038,-0.039201407567489285,-0.10762974096831575,0.0,False,False,0.5235987755982988
3.7680000000000002,0.5235779266089355,-0.013188564995728489,0.5243873629977901,0.06494013164879359,-0.09212273116939536,-0.039201407567489285,0.0,False,False,0.5235987755982988
3.769,0.5235662986245607,-0.011627984374855502,0.5242211667150037,0.04182649020527851,-0.06139482834702283,-0.09212273116939536,0.0,False,False,0.5235987755982988
3.77,0.523553253105568,-0.013045518992754758,0.5231697488430538,-0.06749794601024486,0.08872001680670441,-0.06139482834702283,0.0,False,False,0.5235987755982988
3.771,0.5235406292279956,-0.012623877572427085,0.5223678561868464,-0.14093741702995405,0.1912814498420875,0.08872001680670441,0.0,False,False,0.5235987755982988
3.7720000000000002,0.5235358450892501,-0.004784138745489748,0.5239026802465819,0.02663873064658978,-0.03743676044500381,0.1912814498420875,0.0,False,False,0.5235987755982988
3.773,0.5235420526387252,0.006207549475073343,0.5240186053931098,0.03556737223472257,-0.05023778298826567,-0.03743676044500381,0.0,False,False,0.5235987755982988
3.774,0.5235445588372187,0.0025061984934851055,0.5244961751695261,0.0797676126528723,-0.11187432746553731,-0.05023778298826567,0.0,False,False,0.5235987755982988
3.775,0.5235437951730362,-0.0007636641825269123,0.5227267007177356,-0.10515659379145804,0.14188526039988686,-0.11187432746553731,0.0,False,False,0.5235987755982988
3.7760000000000002,0.5235376698351177,-0.006125337918412011,0.5227466595137814,-0.09264505480773509,0.12651215529059545,0.14188526039988686,0.0,False,False,0.5235987755982988
3.777,0.5235404454844994,0.002775649381639463,0.5239417841783929,0.036131917134185274,-0.04953245500271544,0.12651215529059545,0.0,False,False,0.5235987755982988
3.778,0.5235487082494249,0.00826276492543999,0.5234866033357141,-0.012999358847114756,0.017618331343063266,-0.04953245500271544,0.0,False,False,0.5235987755982988
3.779,0.5235521145360772,0.003406286652254121,0.5219064770854683,-0.16971204798697606,0.23411583081531992,0.017618331343063266,0.0,False,False,0.5235987755982988
3.7800000000000002,0.5235553759954482,0.0032614593710260284,0.5238827196208793,0.044883410352816955,-0.058971084829828865,0.23411583081531992,0.0,False,False,0.5235987755982988
3.781,0.5235693603445679,0.013984349119746687,0.5219528163942705,-0.15259525334334448,0.2127415696845232,-0.058971084829828865,0.0,False,False,0.5235987755982988
3.782,0.5235767169770665,0.007356632498627702,0.5227518250217545,-0.05743486526060458,0.08416694869052235,0.2127415696845232,0.0,False,False,0.5235987755982988
3.783,0.5235925686999027,0.01585172283614024,0.524772133219617,0.1503394410517033,-0.20152776644577164,0.08416694869052235,0.0,False,False,0.5235987755982988
3.7840000000000003,0.52360860613377,0.016037433867342177,0.5252011134993347,0.17820352491830463,-0.24268631212061215,-0.20152776644577164,0.0,False,False,0.5235987755982988
3.785,0.5236105125384797,0.0019064047096133251,0.522549652228346,-0.10476295467239552,0.14459976626602458,-0.24268631212061215,0.0,False,False,0.5235987755982988
3.786,0.5235997068064286,-0.010805732051088729,0.5233122584636257,-0.01802603567718762,0.026788551236740805,0.14459976626602458,0.0,False,False,0.5235987755982988
3.787,0.5235991335149202,-0.0005732915085141666,0.5236363286830817,0.016183589836132987,-0.02009626332945226,0.026788551236740805,0.0,False,False,0.5235987755982988
3.7880000000000003,0.5236000738845026,0.0009403695824388948,0.5251544876150767,0.1663811240520114,-0.22766016516441484,-0.02009626332945226,0.0,False,False,0.5235987755982988
3.789,0.5235997237762728,-0.00035010822974917456,0.523169614480254,-0.048744301835454806,0.0662180623273523,-0.22766016516441484,0.0,False,False,0.5235987755982988
3.79,0.5235880970819593,-0.011626694313507937,0.523171937264355,-0.04363759324181434,0.060048201901166644,0.0662180623273523,0.0,False,False,0.5235987755982988
3.791,0.5235829696066515,-0.005127475307817022,0.5249344876168998,0.1369812013368471,-0.1884202579390335,0.060048201901166644,0.0,False,False,0.5235987755982988
3.7920000000000003,0.5235823704554036,-0.0005991512479726182,0.5232553052196189,-0.044635158524919644,0.05974465704614137,-0.1884202579390335,0.0,False,False,0.5235987755982988
3.793,0.5235725323794862,-0.009838075917405709,0.5242027722637359,0.054575061739269036,-0.07636201406499046,0.05974465704614137,0.0,False,False,0.5235987755982988
3.794,0.52356845524559,-0.004077133896149671,0.5222794048323959,-0.14321918756866064,0.19561169886864566,-0.07636201406499046,0.0,False,False,0.5235987755982988
3.795,0.5235617827931188,-0.0066724524712477255,0.523412354034537,-0.015602348597681476,0.0220784064649303,0.19561169886864566,0.0,False,False,0.5235987755982988
3.7960000000000003,0.5235668482479984,0.0050654548794996385,0.5221185767937742,-0.14341983781419831,0.1987473838584818,0.0220784064649303,0.0,False,False,0.5235987755982988
3.797,0.5235715094056891,0.004661157690732523,0.5226504696799666,-0.07588856541352985,0.10813578502621489,0.1987473838584818,0.0,False,False,0.5235987755982988
3.798,0.5235847157199424,0.013206314253304867,0.5243170570566726,0.09835902879842279,-0.1309599008088362,0.10813578502621489,0.0,False,False,0.5235987755982988
3.799,0.5235998045573093,0.015088837366877276,0.5235562538878613,0.012442809037447489,-0.01416598005706191,-0.1309599008088362,0.0,False,False,0.5235987755982988
3.8000000000000003,0.523604458295673,0.004653738363822281,0.5233259860039399,-0.011828260258441482,0.019104125008590815,-0.01416598005706191,0.0,False,False,0.5235987755982988
3.801,0.5236070136614084,0.0025553657353448458,0.5229536063508315,-0.04788339954342967,0.06907312590652645,0.019104125008590815,0.0,False,False,0.5235987755982988
3.802,0.5236097515467164,0.002737885308020357,0.5234171927970873,0.003263585036490331,-0.0006478116219814064,0.06907312590652645,0.0,False,False,0.5235987755982988
3.803,0.523615115863823,0.0053643171066160514,0.5238778866731738,0.04900661414149061,-0.06383193631753861,-0.0006478116219814064,0.0,False,False,0.5235987755982988
3.8040000000000003,0.5236188545496445,0.0037386858214622258,0.5244766107533431,0.10397836074426703,-0.14057506568391692,-0.06383193631753861,0.0,False,False,0.5235987755982988
3.805,0.5236182779627171,-0.0005765869274179884,0.521327405313452,-0.22134001931926522,0.3064926883103608,-0.14057506568391692,0.0,False,False,0.5235987755982988
3.806,0.5236108478570254,-0.007430105691691548,0.5228849993029684,-0.04344661843570058,0.06498391543878837,0.3064926883103608,0.0,False,False,0.5235987755982988
3.807,0.5236209039521766,0.01005609515123003,0.523759741614864,0.04837227459743545,-0.060944117815096746,0.06498391543878837,0.0,False,False,0.5235987755982988
3.8080000000000003,0.5236313830981706,0.01047914599399869,0.5235451087540545,0.022071761056733644,-0.025520110071682093,-0.060944117815096746,0.0,False,False,0.5235987755982988
3.809,0.5236358886307618,0.004505532591287187,0.5239879008085826,0.06414379040387322,-0.08397680226975592,-0.025520110071682093,0.0,False,False,0.5235987755982988
3.81,0.5236377708865007,0.0018822557388254303,0.5238712438302324,0.046063713528468754,-0.06018088440896747,-0.08397680226975592,0.0,False,False,0.5235987755982988
3.811,0.5236348837576507,-0.0028871288500158915,0.523368836358013,-0.00878340504631938,0.01467899238072772,-0.06018088440896747,0.0,False,False,0.5235987755982988
3.8120000000000003,0.5236298593050561,-0.005024452594543847,0.5231700931578246,-0.027779384560529703,0.041051545401171716,0.01467899238072772,0.0,False,False,0.5235987755982988
3.813,0.5236270653055383,-0.002793999517827809,0.5234128248398164,-0.0007282779052919484,0.004221047139033147,0.041051545401171716,0.0,False,False,0.5235987755982988
3.814,0.5236271678485844,0.00010254304617728126,0.5246296346616596,0.12102553206955066,-0.1637861016239544,0.004221047139033147,0.0,False,False,0.5235987755982988
3.815,0.5236274502711711,0.00028242258665019983,0.522988652842175,-0.05517520308586209,0.07719245331326328,-0.1637861016239544,0.0,False,False,0.5235987755982988
3.8160000000000003,0.5236194575378414,-0.007992733329654217,0.5235646483322789,0.007941866233113881,-0.00891594869137804,0.07719245331326328,0.0,False,False,0.5235987755982988
3.817,0.5236176342263333,-0.001823311508092989,0.5237776304909417,0.028445895476085822,-0.03735446263887537,-0.00891594869137804,0.0,False,False,0.5235987755982988
3.818,0.5236159178937263,-0.0017163326070095378,0.5249775809543695,0.14559635227125733,-0.1995341191347816,-0.03735446263887537,0.0,False,False,0.5235987755982988
3.819,0.5236128543428201,-0.0030635509061498465,0.5233507859489624,-0.03164278349657615,0.042435153883945975,-0.1995341191347816,0.0,False,False,0.5235987755982988
3.8200000000000003,0.5236007382841411,-0.012116058679004142,0.5244374549360125,0.08018839355808245,-0.11132230034854453,0.042435153883945975,0.0,False,False,0.5235987755982988
3.821,0.5235940394429773,-0.006698841163772564,0.5246691442881638,0.09533848941740851,-0.13367282371845995,-0.11132230034854453,0.0,False,False,0.5235987755982988
3.822,0.523583739008686,-0.010300434291318456,0.5235281029168722,-0.02829949665348855,0.03523150424986462,-0.13367282371845995,0.0,False,False,0.5235987755982988
3.823,0.5235696392267306,-0.01409978195539791,0.523385752227664,-0.03970461590896007,0.05147995976217812,0.03523150424986462,0.0,False,False,0.5235987755982988
3.8240000000000003,0.5235610025691693,-0.00863665756137508,0.5232738490695183,-0.04692447013263282,0.06215804167720779,0.05147995976217812,0.0,False,False,0.5235987755982988
3.825,0.5235574155678236,-0.0035870013456376854,0.5233341677680584,-0.03620015326536326,0.04820312486276319,0.06215804167720779,0.0,False,False,0.5235987755982988
3.826,0.5235580155254101,0.0005999575865541151,0.5243034804338523,0.06435112864056503,-0.08990604140864131,0.04820312486276319,0.0,False,False,0.5235987755982988
3.827,0.5235608433061026,0.0028277806925029484,0.523762437541506,0.003811726541873034,-0.007519986827976532,-0.08990604140864131,0.0,False,False,0.5235987755982988
3.8280000000000003,0.5235583217475304,-0.002521558572226877,0.5237636507535841,0.003551875095499005,-0.007230002909734087,-0.007519986827976532,0.0,False,False,0.5235987755982988
3.829,0.523556186760565,-0.0021349869653090898,0.5225742440067161,-0.1157439871008469,0.15733435316950428,-0.007230002909734087,0.0,False,False,0.5235987755982988
3.83,0.5235543368876223,-0.0018498729426827145,0.5227100425210937,-0.09058973695301169,0.12470487973330693,0.15733435316950428,0.0,False,False,0.5235987755982988
3.831,0.5235609145165295,0.006577628907184128,0.5254314247382184,0.19060745845475957,-0.2617166346642632,0.12470487973330693,0.0,False,False,0.5235987755982988
3.8320000000000003,0.5235717959868199,0.010881470290412115,0.5234166137667682,-0.029934384535733938,0.03920017441043217,-0.2617166346642632,0.0,False,False,0.5235987755982988
3.833,0.5235665717078816,-0.005224278938299576,0.5228904555941271,-0.07955676334627278,0.10821787609061899,0.03920017441043217,0.0,False,False,0.5235987755982988
3.834,0.5235648609185429,-0.0017107893386874014,0.5248137305366468,0.12072640724033037,-0.16674087757866046,0.10821787609061899,0.0,False,False,0.5235987755982988
3.835,0.523569079854836,0.004218936293081272,0.5238150042065758,0.008781133509194225,-0.014429475160018518,-0.16674087757866046,0.0,False,False,0.5235987755982988
3.8360000000000003,0.5235636976360273,-0.0053822188087898695,0.5240682329803212,0.033225897532819876,-0.04832130991578741,-0.014429475160018518,0.0,False,False,0.5235987755982988
3.837,0.5235591922565563,-0.004505379470960904,0.5234387234572357,-0.03304764452901129,0.042538111973948835,-0.04832130991578741,0.0,False,False,0.5235987755982988
3.838,0.5235536180386444,-0.00557421791195225,0.5232755233052409,-0.04606289527559927,0.061094015605762456,0.042538111973948835,0.0,False,False,0.5235987755982988
3.839,0.5235518232925976,-0.0017947460467823573,0.523403831264268,-0.028625809845320833,0.037859969826939,0.061094015605762456,0.0,False,False,0.5235987755982988
3.84,0.5235536274094995,0.001804116901858999,0.5223469607212639,-0.1314502831612072,0.18027300758007794,0.037859969826939,0.0,False,False,0.5235987755982988
3.841,0.523556777536619,0.003150127119506754,0.5234800463967627,-0.00499668729520078,0.00813315038189083,0.18027300758007794,0.0,False,False,0.5235987755982988
3.842,0.5235679914136092,0.011213876990185816,0.5238263290080694,0.03013124256498404,-0.04025345245385061,0.00813315038189083,0.0,False,False,0.5235987755982988
3.843,0.5235765161402549,0.008524726645711427,0.5251913499461387,0.1636202121154195,-0.22501059279962124,-0.04025345245385061,0.0,False,False,0.5235987755982988
3.844,0.5235805810683763,0.004064928121392592,0.5236556294102752,-0.006313862682470722,0.006553266603389695,-0.22501059279962124,0.0,False,False,0.5235987755982988
3.845,0.5235721762476621,-0.008404820714275833,0.5215352225121105,-0.21772316623069643,0.29841175502822564,0.006553266603389695,0.0,False,False,0.5235987755982988
3.846,0.523566515510394,-0.005660737268023498,0.5234844977478439,-0.0010233260342863149,0.0032849925493322217,0.29841175502822564,0.0,False,False,0.5235987755982988
3.847,0.5235774522844113,0.010936774017307464,0.525968120634148,0.24744129519955269,-0.33957776488474845,0.0032849925493322217,0.0,False,False,0.5235987755982988
3.848,0.5235855206781486,0.00806839373726957,0.5243415678445783,0.06004188672262836,-0.08542052450018484,-0.33957776488474845,0.0,False,False,0.5235987755982988
3.849,0.5235742806830422,-0.011239995106335674,0.5228666465861683,-0.09345442779063225,0.12532363556710752,-0.08542052450018484,0.0,False,False,0.5235987755982988
3.85,0.5235618713796606,-0.012409303381683518,0.5240777091250006,0.03699726887166066,-0.05301752612662534,0.12532363556710752,0.0,False,False,0.5235987755982988
3.851,0.5235590866062098,-0.0027847734508881367,0.5229115577382935,-0.08331759668622242,0.11235103750356343,-0.05301752612662534,0.0,False,False,0.5235987755982988
3.852,0.5235544921701704,-0.004594436039344244,0.5223730722374529,-0.12883438710165704,0.1766639250172152,0.11235103750356343,0.0,False,False,0.5235987755982988
3.853,0.5235568882498531,0.0023960796827525504,0.5232528786297777,-0.027970309159014675,0.03979051642419857,0.1766639250172152,0.0,False,False,0.5235987755982988
3.854,0.5235673925370246,0.010504287171471383,0.5236472644228918,0.014265301068299489,-0.017991160124632713,0.03979051642419857,0.0,False,False,0.5235987755982988
3.855,0.5235769540462748,0.009561509250274311,0.5219431901649352,-0.15756865483419047,0.21888292360157405,-0.017991160124632713,0.0,False,False,0.5235987755982988
3.856,0.5235829095455451,0.005955499270279033,0.522580078883056,-0.07812291753868718,0.11208404192079492,0.21888292360157405,0.0,False,False,0.5235987755982988
3.857,0.5235980497185064,0.015140172961304607,0.5236070691988854,0.03238840579812387,-0.03901537176830795,0.11208404192079492,0.0,False,False,0.5235987755982988
3.858,0.5236148976631881,0.016847944681711892,0.5232586993712217,-0.005687417548061548,0.01294627314506169,-0.03901537176830795,0.0,False,False,0.5235987755982988
3.859,0.523625604987249,0.010707324060842615,0.5239701428175232,0.066025668836892,-0.08591541255030909,0.01294627314506169,0.0,False,False,0.5235987755982988
3.86,0.5236339799615797,0.00837497433074197,0.5225739818800184,-0.08019299179728029,0.1146778770857846,-0.08591541255030909,0.0,False,False,0.5235987755982988
3.861,0.5236356504107674,0.001670449187733021,0.5242588322180681,0.09631134118742475,-0.1274546285807573,0.1146778770857846,0.0,False,False,0.5235987755982988
3.862,0.5236425480993194,0.006897688551995301,0.5226095234096126,-0.07825067377686622,0.11170734792859059,-0.1274546285807573,0.0,False,False,0.5235987755982988
3.863,0.5236410544796226,-0.0014936196968619777,0.5250746105948357,0.1760831121231295,-0.2378647644854199,0.11170734792859059,0.0,False,False,0.5235987755982988
3.864,0.5236455994565353,0.004544976912661623,0.5221483178949968,-0.134154469073074,0.18709360154712457,-0.2378647644854199,0.0,False,False,0.5235987755982988
3.865,0.523636892518516,-0.008706938019313572,0.5226834590547702,-0.06722490618842882,0.09714558520962956,0.18709360154712457,0.0,False,False,0.5235987755982988
3.866,0.5236400337688449,0.0031412503289744535,0.5240042585045749,0.07157752941088175,-0.0931917276060273,0.09714558520962956,0.0,False,False,0.5235987755982988
3.867,0.5236470850316626,0.007051262817612251,0.5250994025196528,0.17393417797758667,-0.23573229815747596,-0.0931917276060273,0.0,False,False,0.5235987755982988
3.868,0.5236474166228094,0.00033159114683625063,0.5239223435360948,0.0388348618240259,-0.052426057069158656,-0.23573229815747596,0.0,False,False,0.5235987755982988
3.869,0.5236358608044536,-0.011555818355843324,0.5241270470008591,0.05542172211805439,-0.07601495178775045,-0.052426057069158656,0.0,False,False,0.5235987755982988
3.87,0.5236248562543335,-0.011004550120051389,0.5236401600880732,0.001190858627662307,-0.002173951169134344,-0.07601495178775045,0.0,False,False,0.5235987755982988
3.871,0.5236130991190417,-0.011757135291784501,0.5227173974959572,-0.09120448644670279,0.12531018957819157,-0.002173951169134344,0.0,False,False,0.5235987755982988
3.872,0.5236044504292502,-0.008648689791574609,0.523176724030897,-0.036151384308058386,0.05097858938290294,0.12531018957819157,0.0,False,False,0.5235987755982988
3.873,0.5236045459667226,9.553747239504466e-05,0.5225469552241928,-0.09551312654767039,0.13354851859111255,0.05097858938290294,0.0,False,False,0.5235987755982988
3.874,0.5236071613904905,0.002615423767932496,0.5224912764347016,-0.09152969284202316,0.12977061635517745,0.13354851859111255,0.0,False,False,0.5235987755982988
3.875,0.5236156635936411,0.00850220315067355,0.5239662556640641,0.06512119937842521,-0.0847600804378849,0.12977061635517745,0.0,False,False,0.5235987755982988
3.876,0.5236282129585184,0.012549364877290359,0.5226480552648514,-0.07321096048068829,0.10496611857888008,-0.0847600804378849,0.0,False,False,0.5235987755982988
3.8770000000000002,0.5236331362832629,0.004923324744545049,0.5239119997610261,0.06050458518485344,-0.0782435371509151,0.10496611857888008,0.0,False,False,0.5235987755982988
3.878,0.5236418403516424,0.00870406837954663,0.5225057856864608,-0.08616728079016339,0.12307455536128076,-0.0782435371509151,0.0,False,False,0.5235987755982988
3.879,0.5236441394627454,0.002299111102942019,0.5239027824401474,0.06214912265751815,-0.08005107034229683,0.12307455536128076,0.0,False,False,0.5235987755982988
3.88,0.5236518963940914,0.007756931346031297,0.5232254404028159,-0.011799993341383291,0.02088002552835183,-0.08005107034229683,0.0,False,False,0.5235987755982988
3.8810000000000002,0.5236534027304623,0.001506336370996346,0.5248809063490574,0.1549266006168991,-0.208990274253933,0.02088002552835183,0.0,False,False,0.5235987755982988
3.882,0.5236554959944064,0.0020932639440555253,0.5239379940233452,0.045142707983989505,-0.06027718123162191,-0.208990274253933,0.0,False,False,0.5235987755982988
3.883,0.5236465056754375,-0.008990318968942895,0.5247249296915659,0.11932200400766504,-0.16345717848800598,-0.06027718123162191,0.0,False,False,0.5235987755982988
3.884,0.5236370664648811,-0.009439210556436217,0.5229776403057059,-0.06733913497910102,0.09198739724159323,-0.16345717848800598,0.0,False,False,0.5235987755982988
3.8850000000000002,0.5236221308443807,-0.014935620500406815,0.5236711251513971,0.008743263087929644,-0.011794207661285269,0.09198739724159323,0.0,False,False,0.5235987755982988
3.886,0.5236156536840039,-0.00647716037685727,0.5227594936260958,-0.08329421575100149,0.11506013440085695,-0.011794207661285269,0.0,False,False,0.5235987755982988
3.887,0.5236104906689963,-0.0051630150075256155,0.5232495520045263,-0.025958956332848893,0.03743677228732441,0.11506013440085695,0.0,False,False,0.5235987755982988
3.888,0.5236126167031,0.0021260341036701998,0.5233838876195863,-0.009929499193559621,0.01578338264909649,0.03743677228732441,0.0,False,False,0.5235987755982988
3.8890000000000002,0.5236159706530706,0.00335394997063305,0.5229825398603877,-0.04907132519406813,0.0699778335152823,0.01578338264909649,0.0,False,False,0.5235987755982988
3.89,0.5236191034986043,0.0031328455336899564,0.5225583771508913,-0.0865804636243025,0.12262372840249895,0.0699778335152823,0.0,False,False,0.5235987755982988
3.891,0.523624790463069,0.005686964464675922,0.5223912638964832,-0.09463374270268247,0.13529570187590076,0.12262372840249895,0.0,False,False,0.5235987755982988
3.892,0.5236349243181048,0.010133855035756301,0.5215931089037834,-0.16498586770238932,0.2340850417441445,0.13529570187590076,0.0,False,False,0.5235987755982988
3.8930000000000002,0.5236489782367161,0.014053918611311889,0.5227271420452194,-0.03508396678854958,0.05779016410168867,0.2340850417441445,0.0,False,False,0.5235987755982988
3.894,0.5236710437345207,0.02206549780460991,0.5242186354611753,0.11757377148589447,-0.15224600331485022,0.05779016410168867,0.0,False,False,0.5235987755982988
3.895,0.523691100444819,0.020056710298402693,0.5222961473212226,-0.08643241965796097,0.12716621257692418,-0.15224600331485022,0.0,False,False,0.5235987755982988
3.896,0.5236988879335294,0.007787488710321356,0.5225049755215856,-0.05690635765587061,0.08797603056788278,0.12716621257692418,0.0,False,False,0.5235987755982988
3.8970000000000002,0.5237107776580612,0.011889724531769428,0.525273631489925,0.22564987494365812,-0.3009272559816612,0.08797603056788278,0.0,False,False,0.5235987755982988
3.898,0.523723819938368,0.013042280306901523,0.5231683723510785,-0.00744102643535921,0.016676490172396873,-0.3009272559816612,0.0,False,False,0.5235987755982988
3.899,0.52371832513843,-0.005494799938025525,0.5239984906339457,0.07631490449489318,-0.09877275603551497,0.016676490172396873,0.0,False,False,0.5235987755982988
3.9,0.5237152943214466,-0.003030816983428517,0.524275821773869,0.09641652803773812,-0.12788666480554906,-0.09877275603551497,0.0,False,False,0.5235987755982988
3.9010000000000002,0.5237082393382118,-0.007054983234815524,0.5242864024554706,0.08783294339412893,-0.11777681550204766,-0.12788666480554906,0.0,False,False,0.5235987755982988
3.902,0.5236968511099727,-0.011388228239053536,0.522368381331269,-0.11275246336545355,0.15745005284508184,-0.11777681550204766,0.0,False,False,0.5235987755982988
3.903,0.5236827091551814,-0.014141954791187981,0.523481071546039,0.009791804448092453,-0.009631492397033476,0.15745005284508184,0.0,False,False,0.5235987755982988
3.904,0.5236801493929027,-0.0025597622787217264,0.5222679796979701,-0.11249656080360045,0.15895019917023706,-0.009631492397033476,0.0,False,False,0.5235987755982988
3.9050000000000002,0.5236778820578953,-0.0022673350074411884,0.5258126971173115,0.25322483721089656,-0.34372039199530396,0.15895019917023706,0.0,False,False,0.5235987755982988
3.906,0.5236842486036078,0.006366545712532456,0.5222924573778236,-0.12412162045898262,0.17245967251933314,-0.34372039199530396,0.0,False,False,0.5235987755982988
3.907,0.5236715557015675,-0.012692902040314738,0.5227571426088627,-0.0652409353091691,0.09343851618085218,0.17245967251933314,0.0,False,False,0.5235987755982988
3.908,0.5236709040093813,-0.000651692186165554,0.5227628084535787,-0.05815025730665701,0.08482771737295053,0.09343851618085218,0.0,False,False,0.5235987755982988
3.9090000000000003,0.5236751222882643,0.004218278882986923,0.5223690396331002,-0.09171211362383924,0.13218978372218182,0.08482771737295053,0.0,False,False,0.5235987755982988
3.91,0.5236823180331247,0.0071957448604482,0.5248626788915084,0.16682302357936218,-0.22293788757300703,0.13218978372218182,0.0,False,False,0.5235987755982988
3.911,0.5236940243244824,0.011706291357763157,0.525808008916079,0.24467372367849047,-0.33337466813423255,-0.22293788757300703,0.0,False,False,0.5235987755982988
3.912,0.5236913777917023,-0.0026465327801002293,0.5232762083644289,-0.032973703854372816,0.04537465483490592,-0.33337466813423255,0.0,False,False,0.5235987755982988
3.9130000000000003,0.5236728624695418,-0.01851532216046156,0.5225205758979429,-0.10523958011753778,0.1456950907474523,0.04537465483490592,0.0,False,False,0.5235987755982988
3.914,0.52366106162424,-0.011800845301827557,0.5217089758705107,-0.1758756248490031,0.2450671449189901,0.1456950907474523,0.0,False,False,0.5235987755982988
3.915,0.5236597722928829,-0.0012893313571453683,0.5234467472493312,0.015489075517944595,-0.015850380340115655,0.2450671449189901,0.0,False,False,0.5235987755982988
3.916,0.5236711277405554,0.011355447672478544,0.5233950468268738,0.00877012572041111,-0.006857032978842447,-0.015850380340115655,0.0,False,False,0.5235987755982988
3.9170000000000003,0.5236785629188507,0.007435178295366073,0.5231101998283273,-0.020591586706277296,0.03350426790702015,-0.006857032978842447,0.0,False,False,0.5235987755982988
3.918,0.5236834923292331,0.004929410382377498,0.5238766786824492,0.05811545737654589,-0.07474080436656284,0.03350426790702015,0.0,False,False,0.5235987755982988
3.919,0.5236886276471215,0.005135317888447644,0.5240334812700007,0.06798417039403763,-0.08940570656347928,-0.07474080436656284,0.0,False,False,0.5235987755982988
3.92,0.5236884977750093,-0.00012987211233922435,0.5239704411054635,0.054881736900916286,-0.0725480634100645,-0.08940570656347928,0.0,False,False,0.5235987755982988
3.9210000000000003,0.5236839370981433,-0.004560676865983445,0.5234080661049786,-0.0068439368376702545,0.011645495084968429,-0.0725480634100645,0.0,False,False,0.5235987755982988
3.922,0.5236771122317169,-0.00682486642642617,0.5227157658298212,-0.07538957066964636,0.10636166063617351,0.011645495084968429,0.0,False,False,0.5235987755982988
3.923,0.5236728684610797,-0.004243770637109522,0.5242539174523537,0.08596454865057511,-0.11495001175367847,0.10636166063617351,0.0,False,False,0.5235987755982988
3.924,0.5236752141105597,0.0023456494799462832,0.5236861344257452,0.0205897911246639,-0.026280208243631357,-0.11495001175367847,0.0,False,False,0.5235987755982988
3.9250000000000003,0.5236711023908388,-0.004111719720912579,0.5244463405780004,0.09455142723772245,-0.12871788231989612,-0.026280208243631357,0.0,False,False,0.5235987755982988
3.926,0.523666909533934,-0.004192856904814856,0.5243563805178237,0.07610027849628051,-0.10495722274698523,-0.12871788231989612,0.0,False,False,0.5235987755982988
3.927,0.5236575373020518,-0.009372231882283708,0.5224168158378099,-0.12546621735473582,0.17183473651448425,-0.10495722274698523,0.0,False,False,0.5235987755982988
3.928,0.523645577158919,-0.011960143132759917,0.5223939821726512,-0.11520296213512726,0.15992983622380968,0.17183473651448425,0.0,False,False,0.5235987755982988
3.9290000000000003,0.5236454703731037,-0.00010678581524941645,0.5229861367143583,-0.044467211750901056,0.06438815401200981,0.15992983622380968,0.0,False,False,0.5235987755982988
3.93,0.5236533925416831,0.007922168579355083,0.5227316270842034,-0.06547145359130516,0.0941744175632837,0.06438815401200981,0.0,False,False,0.5235987755982988
3.931,0.5236622427436729,0.008850201989816916,0.5243213242522888,0.10004540857636887,-0.13306036606346297,0.0941744175632837,0.0,False,False,0.5235987755982988
3.932,0.5236732719283513,0.011029184678471502,0.5239798474553565,0.05589318802550148,-0.0739311190576406,-0.13306036606346297,0.0,False,False,0.5235987755982988
3.9330000000000003,0.523674594299519,0.001322371167692727,0.5246338132883578,0.11570045252307709,-0.15747122144875397,-0.0739311190576406,0.0,False,False,0.5235987755982988
3.934,0.5236718186909859,-0.0027756085330677078,0.5240178187112146,0.04253094955644633,-0.05857991550021892,-0.15747122144875397,0.0,False,False,0.5235987755982988
3.935,0.5236620080014162,-0.00981068956971325,0.5238440891107461,0.020904894553955295,-0.029501516688797323,-0.05857991550021892,0.0,False,False,0.5235987755982988
3.936,0.523652035402061,-0.009972599355211026,0.5246989971421226,0.10430520823621531,-0.14497023767228734,-0.029501516688797323,0.0,False,False,0.5235987755982988
3.9370000000000003,0.5236433938513683,-0.008641550692640266,0.5240533082846188,0.02930580166221146,-0.0433485503484139,-0.14497023767228734,0.0,False,False,0.5235987755982988
3.938,0.5236299806914239,-0.01341315994446117,0.5236894099932122,-0.01001460764466915,0.010386110065161535,-0.0433485503484139,0.0,False,False,0.5235987755982988
3.939,0.5236179662318771,-0.012014459546762966,0.5249099052250386,0.11303637630243014,-0.15924398484423144,0.010386110065161535,0.0,False,False,0.5235987755982988
3.94,0.5236097445186028,-0.008221713274319887,0.5237102588009213,-0.018231903739542393,0.019871586840246914,-0.15924398484423144,0.0,False,False,0.5235987755982988
3.9410000000000003,0.5235959298576374,-0.013814660965445778,0.5233303425774709,-0.054400335710623096,0.07011219722765004,0.019871586840246914,0.0,False,False,0.5235987755982988
3.942,0.5235867547509606,-0.009175106676764907,0.5228556160301877,-0.09643295686788074,0.1290964204674568,0.07011219722765004,0.0,False,False,0.5235987755982988
3.943,0.52358369636996,-0.0030583810005320672,0.5241972018192445,0.047368917724581586,-0.06761437324651934,0.1290964204674568,0.0,False,False,0.5235987755982988
3.944,0.5235880154722852,0.004319102325168708,0.5246675457207217,0.08966641609985,-0.12683756152343223,-0.06761437324651934,0.0,False,False,0.5235987755982988
3.9450000000000003,0.5235876606228753,-0.00035484940980851174,0.5235435147871232,-0.031703318869982414,0.0390386772451392,-0.12683756152343223,0.0,False,False,0.5235987755982988
3.946,0.5235810717584408,-0.006588864434483138,0.5247224434571025,0.08935988001494202,-0.12745787747639684,0.0390386772451392,0.0,False,False,0.5235987755982988
3.947,0.5235783693057152,-0.0027024527255946665,0.5218592068746309,-0.20589976623370834,0.2783919565064717,-0.12745787747639684,0.0,False,False,0.5235987755982988
3.948,0.5235701106063431,-0.008258699372151524,0.5235217184077561,-0.019058636297824255,0.02425739298715842,0.2783919565064717,0.0,False,False,0.5235987755982988
3.9490000000000003,0.5235781503109006,0.00803970455754927,0.5235431608994245,-0.015008523501195196,0.019011292781171155,0.02425739298715842,0.0,False,False,0.5235987755982988
3.95,0.5235850808483831,0.006930537482438941,0.5229506585762842,-0.07275790346510992,0.09897559055439499,0.019011292781171155,0.0,False,False,0.5235987755982988
3.951,0.5235909344775114,0.005853629128290246,0.5256712456786511,0.20657659711808996,-0.28519637798804887,0.09897559055439499,0.0,False,False,0.5235987755982988
3.952,0.5236000058659306,0.009071388419173848,0.5235422418968815,-0.026981440770680154,0.033395335550328274,-0.28519637798804887,0.0,False,False,0.5235987755982988
3.9530000000000003,0.5235922321780004,-0.00777368793012629,0.5232364199566907,-0.054865490712691936,0.07236099040417678,0.033395335550328274,0.0,False,False,0.5235987755982988
3.954,0.5235883807046202,-0.0038514733801835194,0.5236110369226298,-0.011917245047512674,0.014079990219057849,0.07236099040417678,0.0,False,False,0.5235987755982988
3.955,0.5235893040543652,0.0009233497449458467,0.5218415193522926,-0.18767727757647784,0.25684334551988497,0.014079990219057849,0.0,False,False,0.5235987755982988
3.956,0.5235906509019371,0.001346847571957698,0.5229275410430587,-0.060307380742219724,0.0844510788849854,0.25684334551988497,0.0,False,False,0.5235987755982988
3.9570000000000003,0.523604431084812,0.01378018287495516,0.5244624698250135,0.09921623552748474,-0.13460597871384677,0.0844510788849854,0.0,False,False,0.5235987755982988
3.958,0.5236187946304204,0.01436354560830686,0.5230699362674853,-0.04995874377808565,0.0694696004883456,-0.13460597871384677,0.0,False,False,0.5235987755982988
3.959,0.5236226757489173,0.0038811184968861115,0.5228993457149739,-0.06202192465142223,0.08701604748155563,0.0694696004883456,0.0,False,False,0.5235987755982988
3.96,0.5236288648859682,0.006189137050881654,0.5247716415857907,0.1314098548954031,-0.17880341364933772,0.08701604748155563,0.0,False,False,0.5235987755982988
3.9610000000000003,0.5236375804114755,0.008715525507263948,0.5248071730170232,0.12182201252910997,-0.16793756857197045,-0.17880341364933772,0.0,False,False,0.5235987755982988
3.962,0.5236348600804128,-0.002720331062664394,0.5240860193774455,0.03752444731842913,-0.05379972480675488,-0.16793756857197045,0.0,False,False,0.5235987755982988
3.963,0.5236245648557819,-0.010295224630894877,0.5232274000576882,-0.05208992938914188,0.06919267499796139,-0.05379972480675488,0.0,False,False,0.5235987755982988
3.964,0.5236144627054676,-0.010102150314279974,0.5234054847779908,-0.029072464419971435,0.03836619206951074,0.06919267499796139,0.0,False,False,0.5235987755982988
3.9650000000000003,0.523610657344254,-0.0038053612136021873,0.5229089041187907,-0.07582328389798504,0.103405627308729,0.03836619206951074,0.0,False,False,0.5235987755982988
3.966,0.5236099135429173,-0.0007438013367496148,0.5227418102310482,-0.08495034428243631,0.11736578974943547,0.103405627308729,0.0,False,False,0.5235987755982988
3.967,0.523614566035734,0.004652492816699042,0.522703140711579,-0.08032226180111078,0.1125081421222901,0.11736578974943547,0.0,False,False,0.5235987755982988
3.968,0.523623697103541,0.00913106780701113,0.5230843428857979,-0.03416981819911106,0.05026357066395048,0.1125081421222901,0.0,False,False,0.5235987755982988
3.969,0.5236358534283599,0.012156324818943656,0.5227328890220126,-0.06589822275772111,0.09466382568241635,0.05026357066395048,0.0,False,False,0.5235987755982988
3.97,0.5236472187780021,0.01136534964223638,0.5222826286355589,-0.10433443912732834,0.14889197228211332,0.09466382568241635,0.0,False,False,0.5235987755982988
3.971,0.5236601873428935,0.0129685648914107,0.5238516522916371,0.06300137039322946,-0.08015342495196455,0.14889197228211332,0.0,False,False,0.5235987755982988
3.972,0.52367712496662,0.01693762372644611,0.523881848231481,0.05972082733829452,-0.07676030020323246,-0.08015342495196455,0.0,False,False,0.5235987755982988
3.973,0.5236858505489088,0.00872558228884643,0.5251700722253414,0.1825711439905066,-0.24736871207537445,-0.07676030020323246,0.0,False,False,0.5235987755982988
3.974,0.5236882398810593,0.0023893321504972103,0.5231050046287995,-0.042192730062734274,0.05951915352626886,-0.24736871207537445,0.0,False,False,0.5235987755982988
3.975,0.5236775378113955,-0.01070206966383137,0.5239359343216966,0.045119512233250024,-0.06021227170106025,0.05951915352626886,0.0,False,False,0.5235987755982988
3.976,0.5236727901429641,-0.00474766843144498,0.5239456833490015,0.04158246374041341,-0.056143296001144226,-0.06021227170106025,0.0,False,False,0.5235987755982988
3.977,0.5236664489882039,-0.006341154760132857,0.5234449339278603,-0.012650724747747914,0.017950019765190964,-0.056143296001144226,0.0,False,False,0.5235987755982988
3.978,0.5236591670978304,-0.007281890373451369,0.5243087206906738,0.07499302400837807,-0.10277064047280343,0.017950019765190964,0.0,False,False,0.5235987755982988
3.979,0.5236549047289294,-0.004262368901005779,0.5243314198173346,0.0697636342736155,-0.09690395707098189,-0.10277064047280343,0.0,False,False,0.5235987755982988
3.98,0.5236467805740657,-0.008124154863759045,0.5239325006550035,0.022895354613150447,-0.033481476556465196,-0.09690395707098189,0.0,False,False,0.5235987755982988
3.981,0.5236361552058576,-0.010625368208069624,0.523413067478262,-0.03133749852231697,0.040947744387443134,-0.033481476556465196,0.0,False,False,0.5235987755982988
3.982,0.5236268163657327,-0.009338840124917485,0.5233148124872683,-0.038029247769454856,0.05074643332189512,0.040947744387443134,0.0,False,False,0.5235987755982988
3.983,0.5236221766194192,-0.004639746313500289,0.5224285861748693,-0.12284895423240791,0.16848215470062053,0.05074643332189512,0.0,False,False,0.5235987755982988
3.984,0.5236214602334921,-0.0007163859271130625,0.5229181642966302,-0.06160624663308016,0.08617849938973157,0.16848215470062053,0.0,False,False,0.5235987755982988
3.985,0.5236293856447551,0.007925411263016983,0.5230865816815421,-0.03860388347858096,0.055544150675918114,0.08617849938973157,0.0,False,False,0.5235987755982988
3.986,0.5236393277589537,0.009942114198540998,0.5226584773612619,-0.07755392715874046,0.10999008085715269,0.055544150675918114,0.0,False,False,0.5235987755982988
3.987,0.5236492482847858,0.009920525831991356,0.5240331543686424,0.06766916629518115,-0.08902181742040181,0.10999008085715269,0.0,False,False,0.5235987755982988
3.988,0.523661874714694,0.012626429908261287,0.5247061295264414,0.12819976544555908,-0.17377208924123663,-0.08902181742040181,0.0,False,False,0.5235987755982988
3.989,0.523666645779031,0.004771064336967732,0.5228742118161404,-0.06781198212909689,0.09441652663376855,-0.17377208924123663,0.0,False,False,0.5235987755982988
3.99,0.5236613043822227,-0.005341396808301214,0.5239086536967389,0.042413404143666324,-0.05647389074432094,0.09441652663376855,0.0,False,False,0.5235987755982988
3.991,0.5236622705546313,0.000966172408589816,0.5227598383438141,-0.07670947156317731,0.10715223645653728,-0.05647389074432094,0.0,False,False,0.5235987755982988
3.992,0.523660119541358,-0.0021510132732614107,0.5233940247490971,-0.005619883878558551,0.010429375939900586,0.10715223645653728,0.0,False,False,0.5235987755982988
3.993,0.5236639775712929,0.0038580299348157615,0.523061551367265,-0.038305233673920365,0.055636316567313944,0.010429375939900586,0.0,False,False,0.5235987755982988
3.994,0.5236671983745235,0.0032208032305386393,0.5241924514156039,0.07861529452736507,-0.10502451814432939,0.055636316567313944,0.0,False,False,0.5235987755982988
3.995,0.5236722301364616,0.005031761938151144,0.5230798757086043,-0.04050380562533441,0.057944764764903324,-0.10502451814432939,0.0,False,False,0.5235987755982988
3.996,0.5236705120799523,-0.0017180565092480412,0.5245533523365158,0.11089423772835197,-0.15025546656192787,0.057944764764903324,0.0,False,False,0.5235987755982988
3.997,0.5236722122867865,0.0017002068342130434,0.5234577804597389,-0.009752373722172275,0.01424076096068526,-0.15025546656192787,0.0,False,False,0.5235987755982988
3.998,0.523665884082572,-0.0063282042145597125,0.523098997904292,-0.04465539189464075,0.06258246876569086,0.01424076096068526,0.0,False,False,0.5235987755982988
3.999,0.5236621307737284,-0.0037533088435752317,0.5225684156057037,-0.09324808256401446,0.1304441789435301,0.06258246876569086,0.0,False,False,0.5235987755982988
4.0,0.5236626345592855,0.0005037855571661445,0.5236626345592855,-0.09324808256401446,0.1304441789435301,0.06258246876569086,0.0,False,False,0.5235987755982988
