time,actual_dt,position,velocity,position_measured,velocity_estimated,torque_command,torque_applied,load_torque,saturated,safety_fault,target,target_velocity
0.0,0.001,0.0,0.0,0.00026591581643884907,0.0,-0.004786484695899283,0.0,0.0,False,False,0.0,0.0
0.001,0.001,0.0,0.0,-0.0009075573411153578,-0.11734731575542065,0.1630800759954324,-0.004786484695899283,0.0,False,False,2.4523239528998453e-06,0.004902602598082509
0.002,0.001,-2.3932423479496415e-07,-0.00023932423479496414,0.0006546528878827721,0.05060843871993437,-0.06058593836352367,0.1630800759954324,0.0,False,False,9.801114580730656e-06,0.009792933349861933
0.003,0.001,7.748106470866565e-06,0.007987430705661528,0.0008285456629265346,0.06293687235231718,-0.0724362642483829,-0.06058593836352367,0.0,False,False,2.203410003718935e-05,0.014670992255338269
0.004,0.001,1.039782396490402e-05,0.0026497174940374553,-0.001692201569249004,-0.19543153810046834,0.2891261112970254,-0.0724362642483829,0.0,False,False,3.913900847597284e-05,0.01953677931451152
0.005,0.001,8.624832623063753e-06,-0.001772991341840266,-0.0011277411597141135,-0.11944234333693246,0.19399837053694502,0.2891261112970254,0.0,False,False,6.110356805077802e-05,0.02439029452738169
0.006,0.001,2.1845747231279194e-05,0.01322091460821544,0.00013340754484858505,0.018616761453030595,0.011918875046302718,0.19399837053694502,0.0,False,False,8.791550691530186e-05,0.029231537893948775
0.007,0.001,4.123934318013222e-05,0.019393595948853027,-0.00023473438039175377,-0.020059107216306337,0.07132088476169283,0.011918875046302718,0.0,False,False,0.0001195625532232412,0.03406050941421277
0.008,0.001,5.665992724061297e-05,0.015420584060480746,4.199815141081333e-05,0.009620056685581004,0.037161199990025845,0.07132088476169283,0.0,False,False,0.00015603243512829306,0.03887720908817368
0.009000000000000001,0.001,7.169970811081661e-05,0.015039780870203636,-0.0006727215519043341,-0.06281391931449182,0.14345528726478077,0.037161199990025845,0.0,False,False,0.00019731288078415427,0.04368163691583151
0.01,0.001,8.471938532468617e-05,0.013019677213869554,0.0008521388901610205,0.0959535168234928,-0.06793311960426483,0.14345528726478077,0.0,False,False,0.00024339161834452166,0.04847379289718626
0.011,0.001,0.00010142575666014116,0.016706371335454988,0.0007801772650948553,0.07916200263452701,-0.03983656672711865,-0.06793311960426483,0.0,False,False,0.0002942563759630923,0.05325367703223791
0.012,0.001,0.00011056871754072187,0.009142960880580718,0.00016819137153231236,0.010047213014820026,0.06083955475210225,-0.03983656672711865,0.0,False,False,0.0003498948817935632,0.05802128932098648
0.013000000000000001,0.001,0.0001151167365991633,0.004548019058441423,0.0010988202628865143,0.10210538084875821,-0.05958795848253538,0.06083955475210225,0.0,False,False,0.00041029486398963105,0.06277662976343197
0.014,0.001,0.00012134717745906158,0.006230440859898278,0.0005293260427656235,0.03494542075179333,0.03811925727224589,-0.05958795848253538,0.0,False,False,0.0004754440507049927,0.06751969835957436
0.015,0.001,0.0001227623718942315,0.0014151944351699156,-0.0006271117638499521,-0.08419290198494353,0.20883603132420803,0.03811925727224589,0.0,False,False,0.0005453301700933455,0.07225049510941368
0.016,0.001,0.0001256540172475786,0.002891645353347113,0.00044744978232509375,0.03168254283105537,0.05744861364197271,0.20883603132420803,0.0,False,False,0.0006199409503083858,0.07696902001294992
0.017,0.001,0.00013811439856503758,0.012460381317458975,-0.0006986685276625895,-0.08609754245081847,0.22649016627419705,0.05744861364197271,0.0,False,False,0.000699264119503811,0.08167527307018307
0.018000000000000002,0.001,0.00015007800956619787,0.011963611001160295,0.0009166705132136056,0.08404611588188285,0.0003868701462311644,0.22649016627419705,0.0,False,False,0.0007832874058333176,0.08636925428111314
0.019,0.001,0.0001701037527050859,0.02002574313888804,0.00012653517626669977,-0.003372029400995985,0.12672593215739356,0.0003868701462311644,0.0,False,False,0.0008719985374506026,0.0910509636457401
0.02,0.001,0.0001854959311838407,0.015392178478754796,2.4173085839663964e-05,-0.013271035503599964,0.14773154282125134,0.12672593215739356,0.0,False,False,0.0009653852425093633,0.095720401164064
0.021,0.001,0.00020328262562193086,0.017786694438090164,-0.00039094050057575445,-0.05345529059478181,0.21077819241234283,0.14773154282125134,0.0,False,False,0.0010634352491632963,0.10037756683608481
0.022,0.001,0.00022411836052644145,0.020835734904510586,0.0012909869406064873,0.1200829825829205,-0.020319938096068576,0.21077819241234283,0.0,False,False,0.0011661362855660985,0.10502246066180251
0.023,0.001,0.000250738106184173,0.026619745657731567,0.0001158856935090662,-0.009435440385113639,0.16374525458612016,-0.020319938096068576,0.0,False,False,0.0012734760798714666,0.10965508264121716
0.024,0.001,0.0002710184334126842,0.020280327228511197,-0.00010276810531946386,-0.030357276229455277,0.20034703918448693,0.16374525458612016,0.0,False,False,0.0013854423602330987,0.11427543277432871
0.025,0.001,0.0002948003933581813,0.0237819599454971,-1.2494099779683315e-05,-0.018294148052531697,0.19187449611892132,0.20034703918448693,0.0,False,False,0.0015020228548046901,0.11888351106113718
0.026000000000000002,0.001,0.0003235227839458134,0.028722390587632093,0.0007880501802715818,0.06358969475784798,0.08690033929898393,0.19187449611892132,0.0,False,False,0.0016232052917399388,0.12347931750164257
0.027,0.001,0.0003563665266350448,0.03284374268923144,0.000675276634386207,0.0459533706935257,0.11785799144929693,0.08690033929898393,0.0,False,False,0.0017489773991925407,0.1280628520958448
0.028,0.001,0.00038785724513362794,0.031490718498583134,0.0007480343952688742,0.04863380971243985,0.12116363133841676,0.11785799144929693,0.0,False,False,0.0018793269053161937,0.13263411484374404
0.029,0.001,0.0004196084347164682,0.031751189582840275,0.0007955706841780655,0.048524057632115,0.12833893310942768,0.12116363133841676,0.0,False,False,0.0020142415382645943,0.13719310574534016
0.03,0.001,0.00045177215532422074,0.03216372060775252,0.002320712257955567,0.1961858092466536,-0.06834123950697875,0.12833893310942768,0.0,False,False,0.0021537090261914403,0.1417398248006332
0.031,0.001,0.0004846868185893794,0.032914663265158677,0.00013002281031646723,-0.042501716441921716,0.2655496833066651,-0.06834123950697875,0.0,False,False,0.0022977170972504272,0.14627427200962317
0.032,0.001,0.0005084831425166927,0.023796323927313248,6.146703293171253e-05,-0.04510712253620502,0.2780104399301618,0.2655496833066651,0.0,False,False,0.0024462534795952526,0.15079644737231004
0.033,0.001,0.0005404786341823868,0.031995491665694153,-0.00016967203936073987,-0.06371031751182975,0.3126616050139546,0.2780104399301618,0.0,False,False,0.0025993059013796125,0.15530635088869385
0.034,0.001,0.0005807168581817041,0.04023822399931726,0.0011182603106054986,0.07145394923597705,0.13551487203008772,0.3126616050139546,0.0,False,False,0.0027568620907572057,0.15980398255877454
0.035,0.001,0.0006306380523926071,0.04992119421090297,0.0016158522359810456,0.11406774684993404,0.08372095035735402,0.13551487203008772,0.0,False,False,0.0029189097758817277,0.16428934238255216
0.036000000000000004,0.001,0.0006812162507759912,0.05057819838338415,0.0005817783352582719,-0.0007464179073367189,0.24847646821451091,0.08372095035735402,0.0,False,False,0.0030854366849068756,0.1687624303600267
0.037,0.001,0.0007298540145528734,0.048637763776882156,-3.3208231947267014e-06,-0.0591816919619029,0.3375614507889805,0.24847646821451091,0.0,False,False,0.0032564305459863454,0.1732232464911981
0.038,0.001,0.0007848129959947695,0.054958981441896135,6.531740426188619e-05,-0.046399700020051324,0.32948389924955646,0.3375614507889805,0.0,False,False,0.0034318790872738367,0.17767179077606648
0.039,0.001,0.0008504792556353659,0.06566625964059641,0.0014182285674988614,0.0935313863056513,0.14577575874041182,0.32948389924955646,0.0,False,False,0.0036117700369230443,0.18210806321463174
0.04,0.001,0.0009263738999145107,0.07589464427914486,0.0015749855232485954,0.09985394325005957,0.1439936454653045,0.14577575874041182,0.0,False,False,0.0037960911230876656,0.18653206380689394
0.041,0.001,0.001003259819507868,0.07688591959335744,0.0014772513359171849,0.08009513019191256,0.1781548121172044,0.1439936454653045,0.0,False,False,0.0039848300739213985,0.19094379255285304
0.042,0.001,0.001081043371451442,0.07778355194357384,0.0005002765916428709,-0.02561185725471006,0.33134469251549414,0.1781548121172044,0.0,False,False,0.004177974617577937,0.19534324945250908
0.043000000000000003,0.001,0.0011614285520937326,0.08038518064229079,0.0013640275262587587,0.0633244219323497,0.21789394429535477,0.33134469251549414,0.0,False,False,0.004375512482210982,0.199730434505862
0.044,0.001,0.00125206329883268,0.09063474673894732,0.0013538908768256502,0.05597831479580389,0.23577616884520392,0.21789394429535477,0.0,False,False,0.004577431395974227,0.20410534771291183
0.045,0.001,0.0013472315934765723,0.09516829464389227,0.0015380733959509411,0.06879873522875259,0.22602472705315496,0.23577616884520392,0.0,False,False,0.0047837190870213715,0.2084679890736586
0.046,0.001,0.0014478089065510014,0.10057731307442917,0.0022082739751423247,0.12893891962501566,0.15080493430625205,0.22602472705315496,0.0,False,False,0.004994363283506109,0.21281835858810227
0.047,0.001,0.0015532856609416041,0.10547675439060276,0.001748409586887693,0.07005858883705093,0.23881439918353042,0.15080493430625205,0.0,False,False,0.005209351713582142,0.21715645625624289
0.048,0.001,0.0016598810700749662,0.10659540913336205,0.0022523449206775037,0.11344626333232691,0.18681711181996602,0.23881439918353042,0.0,False,False,0.005428672105403163,0.22148228207808038
0.049,0.001,0.001771991099233829,0.1121100291588627,0.0018309649626345888,0.05996364119480274,0.2677828838713635,0.18681711181996602,0.0,False,False,0.005652312187122868,0.2257958360536148
0.05,0.001,0.0018869937061596364,0.11500260692580745,0.0021392979780859565,0.08480057862045923,0.2416931582334263,0.2677828838713635,0.0,False,False,0.005880259686894957,0.23009711818284614
0.051000000000000004,0.001,0.0020089255683795153,0.12193186221987885,0.0025598284718773186,0.11837357013754951,0.2031631994917944,0.2416931582334263,0.0,False,False,0.006112502332873126,0.2343861284657744
0.052000000000000005,0.001,0.0021364544218400667,0.1275288534605515,0.0008648460832861294,-0.06296202573532432,0.46066514302391764,0.2031631994917944,0.0,False,False,0.006349027853211073,0.2386628669023996
0.053,0.001,0.0022676313545887646,0.13117693274869788,0.0019886655921242617,0.05571612772202131,0.30747429783572844,0.46066514302391764,0.0,False,False,0.00658982397606249,0.2429273334927216
0.054,0.001,0.0024153168608699598,0.14768550628119512,0.002004839284432244,0.05176188418061739,0.32144187748002684,0.30747429783572844,0.0,False,False,0.006834878429581079,0.24717952823674058
0.055,0.001,0.0025717853446446197,0.15646848377466005,0.0020142592461494706,0.04752769193427833,0.33592866556409307,0.32144187748002684,0.0,False,False,0.007084178941920536,0.2514194511344566
0.056,0.001,0.0027377000502805714,0.16591470563595173,0.0024975931405178194,0.09110831217768536,0.2845687098227221,0.33592866556409307,0.0,False,False,0.007337713241234559,0.25564710218586933
0.057,0.001,0.00291374753111966,0.17604748083908833,0.004218329931375735,0.25407116004570834,0.06773808985174486,0.2845687098227221,0.0,False,False,0.007595469055676842,0.2598624813909791
0.058,0.001,0.0030973192577978823,0.18357172667822214,0.0023417390710447302,0.04100495800803708,0.36695526765251274,0.06773808985174486,0.0,False,False,0.007857434113401082,0.26406558874978575
0.059000000000000004,0.001,0.003277543602189847,0.18022434439196466,0.004122525870360572,0.2149831421388175,0.13594720344777356,0.36695526765251274,0.0,False,False,0.008123596142560979,0.26825642426228935
0.06,0.001,0.0034693948127655747,0.19185121057572774,0.0020008138929165343,-0.018686369819467946,0.4644219509086358,0.13594720344777356,0.0,False,False,0.008393942871310229,0.2724349879284898
0.061,0.001,0.0036612759787272597,0.19188116596168484,0.003369033659282674,0.12000424379909279,0.28330615377251067,0.4644219509086358,0.0,False,False,0.008668462027802522,0.2766012797483873
0.062,0.001,0.003869610717626234,0.2083347388989741,0.0040116395603159855,0.17226440952251465,0.21902810027712077,0.28330615377251067,0.0,False,False,0.008947141340191568,0.28075529972198154
0.063,0.001,0.004085277425268986,0.21566670764275153,0.004596852916815816,0.21355930422024627,0.16900137351150613,0.21902810027712077,0.0,False,False,0.009229968536631054,0.28489704784927283
0.064,0.001,0.004305032871100185,0.2197554458311995,0.00492569514835436,0.225087596952076,0.15936896415838764,0.16900137351150613,0.0,False,False,0.00951693134527468,0.2890265241302609
0.065,0.001,0.0045263593638270655,0.22132649272688024,0.005218685432118693,0.2318778656333017,0.15612701263680726,0.15936896415838764,0.0,False,False,0.009808017494276141,0.293143728564946
0.066,0.001,0.004748768998793889,0.22240963496682362,0.004444448964044372,0.13126643226253948,0.30103645812835195,0.15612701263680726,0.0,False,False,0.010103214711789139,0.29724866115332793
0.067,0.001,0.004972095345855317,0.2233263470614273,0.0045686172916305735,0.13055662179490565,0.3099517219386637,0.30103645812835195,0.0,False,False,0.010402510725967365,0.3013413218954069
0.068,0.001,0.005203580210437316,0.23148486458199935,0.005952305411969178,0.2558697716492755,0.14502690832420476,0.3099517219386637,0.0,False,False,0.010705893264964518,0.3054217107911827
0.069,0.001,0.0054436367216589825,0.24005651122166605,0.005276692204534528,0.16272147374088292,0.27938186626292283,0.14502690832420476,0.0,False,False,0.011013350056934294,0.30948982784065543
0.07,0.001,0.005683984352252423,0.24034763059344008,0.004570738024007037,0.0758539083140456,0.4068044721841557,0.27938186626292283,0.0,False,False,0.011324868830030395,0.313545673043825
0.07100000000000001,0.001,0.005931339685637073,0.24735533338465,0.004942360022881356,0.10543071737007295,0.37515562604819525,0.4068044721841557,0.0,False,False,0.011640437312406512,0.31758924640069164
0.07200000000000001,0.001,0.006192045821297609,0.2607061356605363,0.005389672336011775,0.13961887694610747,0.3366686812898593,0.37515562604819525,0.0,False,False,0.011960043232216342,0.32162054791125505
0.073,0.001,0.0064644669137179705,0.27242109242036106,0.00689832150848812,0.2765219064991312,0.1558775558559193,0.3366686812898593,0.0,False,False,0.012283674317613583,0.32563957757551537
0.074,0.001,0.006746631755833161,0.2821648421151903,0.006870921657533552,0.2461297307537613,0.20354706507358453,0.1558775558559193,0.0,False,False,0.012611318296751935,0.32964633539347266
0.075,0.001,0.007029461816372693,0.28283006053953214,0.007632023959636762,0.2976269878887061,0.13881350105837484,0.20354706507358453,0.0,False,False,0.012942962897785093,0.33364082136512685
0.076,0.001,0.0073153379099237525,0.2858760935510595,0.006942489639102182,0.1989108570463775,0.2805045259086829,0.13881350105837484,0.0,False,False,0.013278595848866754,0.337623035490478
0.077,0.001,0.007601011174153531,0.28567326422977857,0.007739363154372699,0.2587071228687914,0.20528217690888406,0.2805045259086829,0.0,False,False,0.013618204878150615,0.341592977769526
0.078,0.001,0.00789356697162183,0.2925557974682983,0.008439497578800755,0.30284985302471784,0.15064199664287692,0.20528217690888406,0.0,False,False,0.01396177771379037,0.34555064820227105
0.079,0.001,0.008189216654745701,0.2956496831238717,0.007919260872357222,0.22054119707789285,0.26976656146146905,0.15064199664287692,0.0,False,False,0.014309302083939724,0.3494960467887129
0.08,0.001,0.008485215838969223,0.2959991842235218,0.008883827430817028,0.29494373321608414,0.17416741752215717,0.26976656146146905,0.0,False,False,0.014660765716752365,0.3534291735288517
0.081,0.001,0.008787519354528926,0.3023035155597028,0.008209880000730176,0.19805461688579046,0.31366746795800904,0.17416741752215717,0.0,False,False,0.015016156340381993,0.35735002842268737
0.082,0.001,0.009091322026902498,0.3038026723735727,0.008774497777672958,0.23471093289148964,0.27067456459004474,0.31366746795800904,0.0,False,False,0.015375461682982306,0.36125861147022004
0.083,0.001,0.009403592861984477,0.31227083508197967,0.00907046370548948,0.24083643238399288,0.26920989215486324,0.27067456459004474,0.0,False,False,0.015738669472707002,0.36515492267144944
0.084,0.001,0.009722148341955632,0.3185554799711543,0.00867858138488509,0.17756455708515462,0.3634586348803098,0.26920989215486324,0.0,False,False,0.01610576743770977,0.3690389620263759
0.085,0.001,0.010046890094614645,0.324741752659013,0.010471853752430307,0.3391353381311608,0.14861848165145833,0.3634586348803098,0.0,False,False,0.016476743306144317,0.37291072953499926
0.08600000000000001,0.001,0.010382505812007038,0.33561571739239254,0.009972874994351835,0.25532392851019753,0.2695523326371715,0.14861848165145833,0.0,False,False,0.016851584806164336,0.37677022519731956
0.08700000000000001,0.001,0.010718209990612433,0.3357041786053959,0.010729113166059095,0.30541535282990384,0.2072635124176792,0.2695523326371715,0.0,False,False,0.017230279665923526,0.3806174490133367
0.088,0.001,0.011060048969135266,0.34183897852283296,0.011479579572428778,0.34992045818388173,0.15183658009964524,0.2072635124176792,0.0,False,False,0.017612815613575573,0.38445240098305083
0.089,0.001,0.011404883767364891,0.3448347982296256,0.011794555729091136,0.3464260280317294,0.16190210735697388,0.15183658009964524,0.0,False,False,0.017999180377274188,0.38827508110646186
0.09,0.001,0.01174993105540658,0.3450472880416894,0.0123305891026724,0.36538676258668273,0.14109637864127644,0.16190210735697388,0.0,False,False,0.018389361685173064,0.3920854893835698
0.091,0.001,0.012095693259663951,0.3457622042573713,0.012009748461158385,0.296764022176613,0.24086830284212907,0.14109637864127644,0.0,False,False,0.018783347265425892,0.39588362581437464
0.092,0.001,0.012441127234036356,0.34543397437240564,0.012071729770871113,0.2732857509302246,0.2796295987180568,0.24086830284212907,0.0,False,False,0.019181124846186375,0.3996694903988764
0.093,0.001,0.01279122288765338,0.3500956536170225,0.012721655624947583,0.3109497612448492,0.23449046382256244,0.2796295987180568,0.0,False,False,0.01958268215560821,0.40344308313707516
0.094,0.001,0.013147899638591837,0.35667675093845724,0.011675422565849716,0.17523147921057752,0.4279940281899886,0.23449046382256244,0.0,False,False,0.019988006921845096,0.4072044040289707
0.095,0.001,0.01350887420571767,0.36097456712583154,0.012246030341194744,0.21476910882402261,0.3821402306740563,0.4279940281899886,0.0,False,False,0.020397086873050724,0.41095345307456316
0.096,0.001,0.013883804575984498,0.37493037026682763,0.012729531413462648,0.2416423051684108,0.3531043199570207,0.3821402306740563,0.0,False,False,0.020809909737378788,0.4146902302738526
0.097,0.001,0.014270342236303961,0.38653766031946313,0.013400080206468254,0.28453295395213024,0.3015330326669158,0.3531043199570207,0.0,False,False,0.021226463242982992,0.418414735626839
0.098,0.001,0.014666988961979998,0.3966467256760363,0.015015857788026912,0.41765741671278295,0.12471925484470926,0.3015330326669158,0.0,False,False,0.02164673511801703,0.4221269691335222
0.099,0.001,0.015071125752386677,0.40413679040667794,0.014280946211192623,0.3024005173580759,0.28832749995294726,0.12471925484470926,0.0,False,False,0.0220707130906346,0.4258269307939023
0.1,0.001,0.015473881958373964,0.4027562059872867,0.015143872874587048,0.35845313196171075,0.21765500263476484,0.28832749995294726,0.0,False,False,0.022498384888989403,0.42951462060797946
0.101,0.001,0.01588344351453495,0.4095615561609849,0.01701723409110736,0.509943940417571,0.01432039249211893,0.21765500263476484,0.0,False,False,0.022929738241235127,0.43319003857575356
0.10200000000000001,0.001,0.01629624957460303,0.4128060600680792,0.015985350609540448,0.35576119821912267,0.2301397685614526,0.01432039249211893,0.0,False,False,0.023364760875525473,0.43685318469722445
0.10300000000000001,0.001,0.016702120430055444,0.4058708554524128,0.01734572417777886,0.45622243522105166,0.09737684266184364,0.2301397685614526,0.0,False,False,0.023803440520014138,0.4405040589723922
0.10400000000000001,0.001,0.01711187479051412,0.4097543604586758,0.01629713966696396,0.3057417406174563,0.30915635918659645,0.09737684266184364,0.0,False,False,0.02424576490285483,0.44414266140125697
0.105,0.001,0.01751885897566405,0.4069841851499333,0.017339580886061724,0.37941168846548723,0.2143672998125084,0.30915635918659645,0.0,False,False,0.02469172175220121,0.4477689919838186
0.106,0.001,0.017933673042032715,0.41481406636866336,0.017104622400795116,0.31797467109227767,0.3047502306707737,0.2143672998125084,0.0,False,False,0.025141298796207023,0.4513830507200772
0.107,0.001,0.01835154621712653,0.4178731750938141,0.018055684044745095,0.3812833683780479,0.22414015800743672,0.3047502306707737,0.0,False,False,0.025594483763025932,0.4549848376100326
0.108,0.001,0.018776985411053507,0.42543919392697754,0.01951029259755014,0.4886158868207475,0.08168765109823217,0.22414015800743672,0.0,False,False,0.02605126438081165,0.458574352653685
0.109,0.001,0.01920592985610515,0.4289444450516415,0.017698558425022732,0.258580880885932,0.40292011710663533,0.08168765109823217,0.0,False,False,0.026511628377717873,0.4621515958510343
0.11,0.001,0.019631242905931497,0.42531304982634655,0.020010349052350766,0.4639018555301422,0.12755151373818147,0.40292011710663533,0.0,False,False,0.026975563481898286,0.4657165672020806
0.111,0.001,0.020069000709413868,0.4377578034823729,0.020276464159909375,0.44412318073298884,0.15917398187735185,0.12755151373818147,0.0,False,False,0.027443057421506597,0.46926926670682373
0.112,0.001,0.02050538505736922,0.4363843479553525,0.019986891408494845,0.370753587518237,0.26515704550806196,0.15917398187735185,0.0,False,False,0.027914097924696502,0.47280969436526377
0.113,0.001,0.02094198256702662,0.4365975096573987,0.019680059030356457,0.30299499095257443,0.36476647747656576,0.26515704550806196,0.0,False,False,0.028388672719621692,0.4763378501774007
0.114,0.001,0.021384091538920794,0.4421089718941722,0.021447036408793276,0.44939322970099893,0.17010780159224953,0.36476647747656576,0.0,False,False,0.02886676953443587,0.4798537341432346
0.115,0.001,0.021836670398801217,0.4525788598804238,0.02137460084187783,0.3972103500393543,0.24690435006556166,0.17010780159224953,0.0,False,False,0.02934837609729273,0.4833573462627655
0.116,0.001,0.02228994433332173,0.45327393452051457,0.02249299263228202,0.46932849407583815,0.153153006025337,0.24690435006556166,0.0,False,False,0.029833480136345968,0.4868486865359931
0.117,0.001,0.02274775038960744,0.4578060562857106,0.022766819984007893,0.4497783798408415,0.18465373926983647,0.153153006025337,0.0,False,False,0.030322069379749277,0.4903277549629178
0.11800000000000001,0.001,0.023205382871969275,0.45763248236183457,0.024603198649093994,0.5884384083653673,-0.0017758358680707853,0.18465373926983647,0.0,False,False,0.030814131555656366,0.4937945515435394
0.11900000000000001,0.001,0.023664417511365155,0.4590346393958791,0.023455540322236092,0.4148287348430405,0.24027846298150768,-0.0017758358680707853,0.0,False,False,0.03130965439222092,0.4972490762778578
0.12,0.001,0.024115527220410046,0.451109709044892,0.02322235716380215,0.3500275455153424,0.33534937254893793,0.24027846298150768,0.0,False,False,0.031808625617596654,0.5006913291658731
0.121,0.001,0.024570846413767833,0.4553191933577878,0.02472729391869739,0.46551846645333195,0.1828307152474216,0.33534937254893793,0.0,False,False,0.03231103295993724,0.5041213102075855
0.122,0.001,0.025035111798979635,0.46426538521180355,0.025227095122918472,0.46894674023010696,0.1829265774480678,0.1828307152474216,0.0,False,False,0.03281686414739639,0.5075390194029947
0.123,0.001,0.025500661658412964,0.46554985943332744,0.02668677657542015,0.5680202114572641,0.05101704034254173,0.1829265774480678,0.0,False,False,0.033326106908127796,0.5109444567521009
0.124,0.001,0.02596749564728096,0.46683398886799754,0.026696267690363033,0.5121673018058259,0.13116904757749168,0.05101704034254173,0.0,False,False,0.03383874897028515,0.5143376222549039
0.125,0.001,0.026429013152210613,0.46151750492965266,0.026740441901572532,0.4653679927461932,0.19987867868634618,0.13116904757749168,0.0,False,False,0.03435477806202217,0.5177185159114038
0.126,0.001,0.02688924303949942,0.46022988728880865,0.02816621570978611,0.5614085742929317,0.07235766774511862,0.19987867868634618,0.0,False,False,0.03487418191149254,0.5210871377216008
0.127,0.001,0.027351625941173394,0.4623829016739707,0.026314234474973497,0.3200695933823772,0.40873752105751665,0.07235766774511862,0.0,False,False,0.035396948246849934,0.5244434876854945
0.128,0.001,0.027809777194627926,0.4581512534545308,0.027251488662569753,0.38178805280376515,0.331287786005394,0.40873752105751665,0.0,False,False,0.035923064796248086,0.5277875658030852
0.129,0.001,0.028280532719121513,0.4707555244935885,0.02747194267175689,0.3656546484421022,0.36020804744823276,0.331287786005394,0.0,False,False,0.03645251928784067,0.5311193720743728
0.13,0.001,0.028759969610817396,0.4794368916958838,0.02841979638473644,0.42387455489584724,0.2868562770950213,0.36020804744823276,0.0,False,False,0.0369852994497814,0.5344389064993573
0.131,0.001,0.02924949915731891,0.4895295465015119,0.028048113855246207,0.3443188464572391,0.4026318119345591,0.2868562770950213,0.0,False,False,0.03752139301022396,0.5377461690780387
0.132,0.001,0.029745413399489166,0.4959142421702569,0.030299687162942703,0.5350442925811648,0.14689605029393094,0.4026318119345591,0.0,False,False,0.038060787697322046,0.5410411598104171
0.133,0.001,0.03025347557528747,0.5080621757983038,0.030059549688435685,0.4575261158723465,0.2579479033032612,0.14689605029393094,0.0,False,False,0.03860347123922935,0.5443238786964925
0.134,0.001,0.030760850304897277,0.5073747296098071,0.029477329679990838,0.35355150344062714,0.40694921706872267,0.2579479033032612,0.0,False,False,0.039149431364099596,0.5475943257362647
0.135,0.001,0.03127309293075381,0.5122426258565309,0.030386832991681285,0.4091466842656091,0.33765979054824286,0.40694921706872267,0.0,False,False,0.03969865580008646,0.5508525009297338
0.136,0.001,0.03179763404696035,0.5245411162065409,0.03207122649139041,0.5366713658099606,0.16815075027148502,0.33765979054824286,0.0,False,False,0.04025113227534363,0.5540984042768997
0.137,0.001,0.03233095998822948,0.5333259412691268,0.03306236339613931,0.582117919703855,0.10965767148262834,0.16815075027148502,0.0,False,False,0.04080684851802482,0.5573320357777627
0.138,0.001,0.032864560163247104,0.5336001750176246,0.034607036580062304,0.6783734461257686,-0.019726458660149715,0.10965767148262834,0.0,False,False,0.04136579225628372,0.5605533954323225
0.139,0.001,0.03339550882113879,0.5309486578916855,0.03593833352024425,0.7436657955313866,-0.10807085618443275,-0.019726458660149715,0.0,False,False,0.041927951218274036,0.5637624832405792
0.14,0.001,0.033917347361465906,0.5218385403271113,0.0342789878145654,0.5033646454103624,0.2241714402671173,-0.10807085618443275,0.0,False,False,0.04249331313214944,0.5669592992025329
0.14100000000000001,0.001,0.03442569500482249,0.5083476433565812,0.03356216009139495,0.38134540855228116,0.3975528231431198,0.2241714402671173,0.0,False,False,0.043061865726063665,0.5701438433181836
0.14200000000000002,0.001,0.034937217829619,0.5115228247965108,0.033076656459435964,0.2946605045011547,0.5244116581408711,0.3975528231431198,0.0,False,False,0.043633596728170375,0.5733161155875311
0.14300000000000002,0.001,0.035460572204273476,0.5233543746544808,0.035694194527434914,0.5269482608509342,0.21269081429696057,0.5244116581408711,0.0,False,False,0.044208493866623295,0.5764761160105756
0.14400000000000002,0.001,0.03600205374433638,0.5414815400629064,0.03529262880743967,0.4340968627663164,0.34552286730365595,0.21269081429696057,0.0,False,False,0.04478654486957609,0.5796238445873167
0.145,0.001,0.036546003898953884,0.5439501546175027,0.03618353631084397,0.4797779268301149,0.28889327016326105,0.34552286730365595,0.0,False,False,0.04536773746518247,0.582759301317755
0.146,0.001,0.0370990543963181,0.5530504973642155,0.03656489917209251,0.4699364202719575,0.3081041628869846,0.28889327016326105,0.0,False,False,0.04595205938159615,0.5858824862018901
0.147,0.001,0.03765833735520102,0.5592829588829217,0.03753547412896266,0.5200002739317764,0.24486418629368167,0.3081041628869846,0.0,False,False,0.04653949834697081,0.5889933992397222
0.148,0.001,0.03822478839039276,0.5664510351917392,0.03915503162981343,0.6299559966236759,0.09811344084273152,0.24486418629368167,0.0,False,False,0.04713004208946016,0.5920920404312512
0.149,0.001,0.03879521683075842,0.5704284403656563,0.0389322675601315,0.5446839899931156,0.2188386977275886,0.09811344084273152,0.0,False,False,0.04772367833721789,0.595178409776477
0.15,0.001,0.03936226922940475,0.5670523986463303,0.03922383421867026,0.5193722568476798,0.25839439130835745,0.2188386977275886,0.0,False,False,0.04832039481839767,0.5982525072753999
0.151,0.001,0.039931995353342874,0.5697261239381244,0.03902821695847058,0.44787330514294355,0.3621845547903796,0.25839439130835745,0.0,False,False,0.04892017926115326,0.6013143329280196
0.152,0.001,0.04050636229235066,0.5743669390077898,0.0390449257267464,0.4047568514562314,0.42813412833778,0.3621845547903796,0.0,False,False,0.04952301939363829,0.6043638867343364
0.153,0.001,0.04109054099134194,0.5841786989912776,0.040666157281751,0.5264043218110681,0.26752563818053693,0.42813412833778,0.0,False,False,0.05012890294400649,0.6074011686943499
0.154,0.001,0.04168778968195414,0.5972486906122015,0.0416408555523591,0.5712337166907714,0.21077627212569097,0.26752563818053693,0.0,False,False,0.050737817640411555,0.6104261788080604
0.155,0.001,0.04229002565971292,0.6022359777587796,0.043832835556536304,0.7333083454394146,-0.008538832256260537,0.21077627212569097,0.0,False,False,0.05134975121100717,0.6134389170754678
0.156,0.001,0.042894391507166944,0.604365847454029,0.04300807747372504,0.5775017026143465,0.20794426744266703,-0.008538832256260537,0.0,False,False,0.051964691383947055,0.6164393834965721
0.157,0.001,0.04348991294961834,0.5955214424513998,0.044347514957457916,0.6536952807261998,0.10711075355289373,0.20794426744266703,0.0,False,False,0.05258262588738489,0.6194275780713733
0.158,0.001,0.04408744951967207,0.5975365700537276,0.04365173191291087,0.5187474481988753,0.29631985277933837,0.10711075355289373,0.0,False,False,0.05320354244947437,0.6224035007998715
0.159,0.001,0.04468195148112323,0.5945019614511574,0.04364789297237524,0.466488809325425,0.37388565569586085,0.29631985277933837,0.0,False,False,0.05382742879836919,0.6253671516820666
0.16,0.001,0.04528289142736755,0.6009399462443197,0.04444066816901044,0.4991174480564022,0.33528618007169486,0.37388565569586085,0.0,False,False,0.054454272662223066,0.6283185307179585
0.161,0.001,0.045894121896611684,0.6112304692441355,0.04526124276424019,0.5312631627737372,0.2968041122496631,0.33528618007169486,0.0,False,False,0.055084061769189674,0.6312576379075475
0.162,0.001,0.046513671752982426,0.6195498563707437,0.04837111199598424,0.7891237696707682,-0.05370506237802933,0.2968041122496631,0.0,False,False,0.05571678384742273,0.6341844732508332
0.163,0.001,0.04713958361554017,0.6259118625577439,0.046422788516315774,0.5153790447368449,0.32479747637084755,-0.05370506237802933,0.0,False,False,0.05635242662507591,0.6370990367478159
0.164,0.001,0.047754306577528785,0.6147229619886114,0.04848602644491002,0.670164933122585,0.11689279926816507,0.32479747637084755,0.0,False,False,0.05699097783030293,0.6400013283984956
0.165,0.001,0.048376810521487984,0.6225039439591994,0.047588857913319994,0.5134315866513239,0.3361359248647322,0.11689279926816507,0.0,False,False,0.05763242519125746,0.6428913482028721
0.166,0.001,0.04899666908963476,0.6198585681467709,0.049809619904503714,0.6841646271045635,0.10633382043627004,0.3361359248647322,0.0,False,False,0.058276756436093244,0.6457690961609456
0.167,0.001,0.04962485501975218,0.6281859301174204,0.0499607881106162,0.630864985005356,0.18266058600309107,0.10633382043627004,0.0,False,False,0.058923959292963936,0.6486345722727159
0.168,0.001,0.050249844897170944,0.6249898774187642,0.05011315254479416,0.5830149299226164,0.2524630569528036,0.18266058600309107,0.0,False,False,0.05957402149002323,0.6514877765381833
0.169,0.001,0.050875467844380184,0.6256229472092437,0.0508398958297555,0.5973877654264889,0.2372957608990788,0.2524630569528036,0.0,False,False,0.06022693075542486,0.6543287089573475
0.17,0.001,0.051505211452648234,0.6297436082680469,0.050933801393308796,0.5470395452391692,0.3112211107814936,0.2372957608990788,0.0,False,False,0.060882674817322485,0.6571573695302085
0.171,0.001,0.052138300874528164,0.6330894218799287,0.052527572305402254,0.651712681924598,0.17215933537101902,0.3112211107814936,0.0,False,False,0.061541241403869844,0.6599737582567666
0.17200000000000001,0.001,0.05277841899425965,0.6401181197314836,0.05238137100555317,0.5719212837472301,0.2858103599457635,0.17215933537101902,0.0,False,False,0.0622026182432206,0.6627778751370216
0.17300000000000001,0.001,0.05341858460828076,0.6401656140211086,0.05234904181282284,0.5114962360994741,0.3742077033984999,0.2858103599457635,0.0,False,False,0.06286679306352845,0.6655697201709733
0.17400000000000002,0.001,0.05406448007784307,0.6458954695623124,0.052949269162501714,0.5203693474574138,0.3680966548294674,0.3742077033984999,0.0,False,False,0.06353375359294712,0.6683492933586223
0.17500000000000002,0.001,0.05472050235069706,0.6560222728539881,0.05487111372136766,0.660516868598267,0.18070240041076807,0.3680966548294674,0.0,False,False,0.06420348755963026,0.671116594699968
0.176,0.001,0.05538630536720111,0.6658030165040455,0.05676432244789191,0.7837860543908653,0.014112568154088567,0.18070240041076807,0.0,False,False,0.0648759826917316,0.6738716241950105
0.177,0.001,0.05605248029165968,0.6661749244585677,0.056192099313281424,0.6481851354907303,0.20257938889784527,0.014112568154088567,0.0,False,False,0.06555122671740485,0.67661438184375
0.178,0.001,0.05671069614482811,0.6582158531684379,0.056607164674344505,0.6248731580479655,0.23856281994613004,0.20257938889784527,0.0,False,False,0.06622920736480367,0.6793448676461864
0.179,0.001,0.05737040810402877,0.6597119592006564,0.05761983846524524,0.6636532213332422,0.18931316246595087,0.23856281994613004,0.0,False,False,0.06690991236208178,0.6820630816023198
0.18,0.001,0.05803340935638993,0.6630012523611603,0.05917311087786817,0.752615140462211,0.07014859397137171,0.18931316246595087,0.0,False,False,0.06759332943739288,0.6847690237121501
0.181,0.001,0.058697224261864946,0.6638149054750132,0.05888867161036796,0.6489096996659692,0.21529753792505793,0.07014859397137171,0.0,False,False,0.06827944631889064,0.6874626939756773
0.182,0.001,0.05935589133741663,0.6586670755516817,0.05899728967920906,0.5948805365834821,0.2937935659706582,0.21529753792505793,0.0,False,False,0.06896825073472879,0.6901440923929013
0.183,0.001,0.060016688621562356,0.6607972841457279,0.06098210764497165,0.7338742795013933,0.10692393718052332,0.2937935659706582,0.0,False,False,0.069659730413061,0.6928132189638224
0.184,0.001,0.06068353239487003,0.666843773307678,0.061057692971884014,0.66804538424249,0.20024086931796609,0.10692393718052332,0.0,False,False,0.070353873082041,0.6954700736884404
0.185,0.001,0.06134705498994351,0.6635225950734734,0.0626872549183216,0.7641970404619993,0.07124254725272254,0.20024086931796609,0.0,False,False,0.07105066646982246,0.6981146565667552
0.186,0.001,0.06201193553810259,0.6648805481590778,0.062171837749730646,0.6362356195567044,0.249822307637387,0.07124254725272254,0.0,False,False,0.07175009830455908,0.700746967598767
0.187,0.001,0.06267171869143166,0.6597831533290777,0.06160316788182018,0.5157450708099873,0.4204281149559048,0.249822307637387,0.0,False,False,0.07245215631440456,0.7033670067844756
0.188,0.001,0.06333535382752929,0.6636351360976307,0.062141409691614996,0.5179947447084703,0.4238535689446502,0.4204281149559048,0.0,False,False,0.07315682822751261,0.7059747741238812
0.189,0.001,0.06401135582883033,0.6760020013010354,0.06545206223535918,0.7972605246120418,0.04498840566612934,0.4238535689446502,0.0,False,False,0.07386410177203691,0.7085702696169837
0.19,0.001,0.0646998465005734,0.6884906717430638,0.06620402860214489,0.7927311088294082,0.05276571065300244,0.04498840566612934,0.0,False,False,0.07457396467613114,0.7111534932637831
0.191,0.001,0.06538183262991279,0.681986129339398,0.06522517256279423,0.6155723940114013,0.29888463915624053,0.05276571065300244,0.0,False,False,0.07528640466794904,0.7137244450642795
0.192,0.001,0.06605772910026748,0.6758964703546905,0.06572333507998149,0.6038314063289874,0.3199474015493123,0.29888463915624053,0.0,False,False,0.07600140947564427,0.7162831250184726
0.193,0.001,0.06673986621669857,0.6821371164310838,0.0680152169534038,0.7726364530383202,0.09209919383705262,0.3199474015493123,0.0,False,False,0.07671896682737055,0.7188295331263629
0.194,0.001,0.0674292721547414,0.689405938042825,0.06646319254865914,0.5401703672600214,0.4149976568007179,0.09209919383705262,0.0,False,False,0.07743906445128156,0.72136366938795
0.195,0.001,0.0681145254287239,0.6852532739825064,0.06733372880935726,0.5732069566038314,0.3757175954304105,0.4149976568007179,0.0,False,False,0.078161690075531,0.723885533803234
0.196,0.001,0.06881178757245052,0.6972621437266122,0.06937319610913179,0.7198329909209009,0.17911999828611128,0.3757175954304105,0.0,False,False,0.07888683142827259,0.7263951263722149
0.197,0.001,0.06951904654737374,0.7072589749232263,0.06917468861541691,0.6279989424573234,0.30898838276545904,0.17911999828611128,0.0,False,False,0.07961447623766,0.7288924470948928
0.198,0.001,0.07022643248631158,0.707385938937839,0.0702219628144059,0.6699264681104903,0.2559489229468711,0.30898838276545904,0.0,False,False,0.08034461223184694,0.7313774959712673
0.199,0.001,0.07094043830063194,0.7140058143203606,0.07079780746471916,0.6605182863307666,0.2730279381415103,0.2559489229468711,0.0,False,False,0.08107722713898712,0.7338502730013391
0.2,0.001,0.07165838553784237,0.7179472372104228,0.07195297490521615,0.7099832017473897,0.20906109980158616,0.2730279381415103,0.0,False,False,0.08181230868723419,0.7363107781851077
0.201,0.001,0.07238111238301102,0.7227268451686566,0.07360937201511215,0.8046245925622506,0.081889809365722,0.20906109980158616,0.0,False,False,0.08254984460474188,0.7387590115225731
0.202,0.001,0.07310540137578908,0.7242889927780612,0.07318445161969148,0.6816700937639578,0.25332653309923703,0.081889809365722,0.0,False,False,0.0832898226196639,0.7411949730137356
0.203,0.001,0.07382488770306432,0.7194863272752351,0.07438683030926434,0.7337409533448481,0.18547045389250824,0.25332653309923703,0.0,False,False,0.0840322304601539,0.7436186626585949
0.20400000000000001,0.001,0.07454816241168542,0.723274708621096,0.07275904974190936,0.4975888012748656,0.5144536450429559,0.18547045389250824,0.0,False,False,0.08477705585436565,0.7460300804571511
0.20500000000000002,0.001,0.07527181754416666,0.723655132481237,0.07522930271816713,0.6948552187731565,0.24959851778463898,0.5144536450429559,0.0,False,False,0.08552428653045278,0.7484292264094042
0.20600000000000002,0.001,0.07601230073837012,0.7404831942034599,0.0752764435099155,0.6300837760706771,0.3428331900533759,0.24959851778463898,0.0,False,False,0.08627391021656902,0.7508161005153542
0.20700000000000002,0.001,0.076756301925686,0.7440011873158779,0.07569268688215096,0.6086997356871555,0.3773872601623225,0.3428331900533759,0.0,False,False,0.08702591464086805,0.7531907027750012
0.20800000000000002,0.001,0.07750846876775529,0.7521668420692832,0.07674213626090089,0.6527746999934328,0.3220207227047436,0.3773872601623225,0.0,False,False,0.0877802875315036,0.7555530331883451
0.209,0.001,0.07827049630546441,0.7620275377091222,0.07797891859804836,0.7111754637088364,0.24611891799031665,0.3220207227047436,0.0,False,False,0.08853701661662931,0.757903091755386
0.21,0.001,0.07903957676915793,0.7690804636935229,0.07983885251873289,0.8260513094064065,0.09125775078564867,0.24611891799031665,0.0,False,False,0.0892960896243989,0.7602408784761235
0.211,0.001,0.07981188685689619,0.7723100877382646,0.07865439085194463,0.6250000117869398,0.3703355196347293,0.09125775078564867,0.0,False,False,0.09005749428296612,0.7625663933505584
0.212,0.001,0.08057967059182279,0.767783734926594,0.08060640161185144,0.7577010865989267,0.19248096049111282,0.3703355196347293,0.0,False,False,0.0908212183204846,0.7648796363786898
0.213,0.001,0.08135689996779141,0.7772293759686241,0.0809343824303321,0.7147290597871003,0.2546934639540689,0.19248096049111282,0.0,False,False,0.09158724946510807,0.7671806075605182
0.214,0.001,0.08213464447428072,0.7777445064893053,0.08184869575594,0.7346874863691805,0.2308620190351391,0.2546934639540689,0.0,False,False,0.09235557544499018,0.7694693068960438
0.215,0.001,0.08291601267594177,0.7813682016610515,0.08379108395852694,0.855457557990956,0.06757761220881205,0.2308620190351391,0.0,False,False,0.09312618398828473,0.7717457343852658
0.216,0.001,0.08369979850574794,0.7837858298061642,0.08416939281232427,0.8077426875715936,0.1346547031426884,0.06757761220881205,0.0,False,False,0.09389906282314531,0.7740098900281851
0.217,0.001,0.08447782807284532,0.7780295670973801,0.08564492809208615,0.8745219467906223,0.0446146809825263,0.1346547031426884,0.0,False,False,0.09467419967772568,0.7762617738248013
0.218,0.001,0.08525347825683144,0.7756501839861251,0.08511864661603438,0.7344416045063831,0.23886457947708906,0.0446146809825263,0.0,False,False,0.09545158228017947,0.7785013857751143
0.219,0.001,0.08602225657413075,0.7687783172993069,0.08541493207520165,0.6906259899724715,0.30281607619024237,0.23886457947708906,0.0,False,False,0.09623119835866048,0.7807287258791243
0.22,0.001,0.08679390300713472,0.7716464330039641,0.08659854933642552,0.7399251170976118,0.23908316593520507,0.30281607619024237,0.0,False,False,0.09701303564132228,0.7829437941368312
0.221,0.001,0.08757160365821617,0.7777006510814604,0.08778322202987639,0.7843998747329369,0.181145535854319,0.23908316593520507,0.0,False,False,0.09779708185631869,0.7851465905482349
0.222,0.001,0.08835214766499007,0.7805440067738948,0.08850623698880614,0.7782613831526181,0.1922784577268102,0.181145535854319,0.0,False,False,0.09858332473180331,0.7873371151133356
0.223,0.001,0.08913262677252959,0.7804791075395152,0.08818631966103826,0.6684435120605692,0.34662400895392675,0.1922784577268102,0.0,False,False,0.09937175199592993,0.7895153678321332
0.224,0.001,0.08991359788652528,0.7809711139956976,0.08999256511796613,0.7822237065472991,0.1944053232487426,0.34662400895392675,0.0,False,False,0.10016235137685216,0.7916813487046276
0.225,0.001,0.09070277631651269,0.7891784299874112,0.09090194310687531,0.7949391347834871,0.1796321224620703,0.1944053232487426,0.0,False,False,0.10095511060272375,0.7938350577308192
0.226,0.001,0.09149251829894259,0.7897419824298987,0.0936894288383647,0.9941937944540773,-0.09277016531203786,0.1796321224620703,0.0,False,False,0.10175001740169837,0.7959764949107074
0.227,0.001,0.09228208291956587,0.7895646206232826,0.09391993882032479,0.9178254132046783,0.011624468716426861,-0.09277016531203786,0.0,False,False,0.10254705950192974,0.798105660244293
0.228,0.001,0.09305785077344106,0.7757678538751875,0.09231325548404108,0.6653745382558398,0.36041106322643013,0.011624468716426861,0.0,False,False,0.10334622463157152,0.800222553731575
0.229,0.001,0.09382509677933656,0.7672460058955082,0.09357430748561245,0.7249422845873925,0.2831793435391642,0.36041106322643013,0.0,False,False,0.10414750051877747,0.802327175372554
0.23,0.001,0.09460129435436981,0.7761975750332476,0.09332420028716819,0.6274373362842273,0.42165876954119713,0.2831793435391642,0.0,False,False,0.10495087489170117,0.8044195251672301
0.231,0.001,0.09538254610627989,0.7812517519100728,0.09486705699086553,0.7189792730255391,0.30103140888543345,0.42165876954119713,0.0,False,False,0.10575633547849646,0.8064996031156031
0.232,0.001,0.09617575578965938,0.7932096833794924,0.09645117311208037,0.8054929578444693,0.1857178857621027,0.30103140888543345,0.0,False,False,0.10656387000731696,0.8085674092176728
0.233,0.001,0.09697484420474962,0.7990884150902461,0.09802715000382939,0.8825413512349238,0.08193160233098537,0.1857178857621027,0.0,False,False,0.10737346620631641,0.8106229434734397
0.234,0.001,0.09777402216046761,0.7991779557179902,0.09713777648588251,0.7053498643167436,0.32763164559917757,0.08193160233098537,0.0,False,False,0.1081851118036484,0.8126662058829033
0.23500000000000001,0.001,0.09856809998447928,0.7940778240116675,0.09799724952601015,0.7207621818978329,0.3107498274840968,0.32763164559917757,0.0,False,False,0.10899879452746679,0.814697196446064
0.23600000000000002,0.001,0.09936938307947486,0.8012830949955797,0.09749551990143017,0.5985130012500519,0.483585176376352,0.3107498274840968,0.0,False,False,0.10981450210592508,0.8167159151629215
0.23700000000000002,0.001,0.10017699853346466,0.8076154539898023,0.10003504573874986,0.7926142848570153,0.22207887012344424,0.483585176376352,0.0,False,False,0.11063222226717716,0.818722362033476
0.23800000000000002,0.001,0.10099956278445732,0.8225642509926606,0.10007243130907789,0.7170914134041174,0.32918135412970884,0.22207887012344424,0.0,False,False,0.11145194273937661,0.8207165370577273
0.23900000000000002,0.001,0.10182394072195218,0.8243779374948622,0.10136191766208161,0.7743309073640773,0.2544522440406383,0.32918135412970884,0.0,False,False,0.1122736512506772,0.8226984402356753
0.24,0.001,0.10265548021540355,0.8315394934513682,0.10189027483237235,0.7497335336567442,0.2916485380361751,0.2544522440406383,0.0,False,False,0.11309733552923255,0.8246680715673205
0.241,0.001,0.10349041616308315,0.8349359476795947,0.1034081565664308,0.8265483536969149,0.18935937408867737,0.2916485380361751,0.0,False,False,0.11392298330319638,0.8266254310526625
0.242,0.001,0.10433059479387383,0.840178630790685,0.102796687404626,0.6827466021467427,0.3901588079836865,0.18935937408867737,0.0,False,False,0.11475058230072242,0.8285705186917017
0.243,0.001,0.10517088067884578,0.8402858849719561,0.10389064218845573,0.7238674203150416,0.3383737021104304,0.3901588079836865,0.0,False,False,0.11558012024996435,0.8305033344844376
0.244,0.001,0.10602131336067704,0.8504326818312526,0.10787943199535076,1.0503596589730404,-0.10794418474355214,0.3383737021104304,0.0,False,False,0.11641158487907585,0.8324238784308705
0.245,0.001,0.10687926299688648,0.8579496362094492,0.10575577485149867,0.732957978690528,0.3284544093733823,-0.10794418474355214,0.0,False,False,0.11724496391621066,0.8343321505310002
0.246,0.001,0.10772238362531392,0.8431206284274337,0.10676525764869271,0.7606104605408791,0.294411002227672,0.3284544093733823,0.0,False,False,0.11808024508952243,0.8362281507848267
0.247,0.001,0.10857255449169631,0.8501708663823931,0.11017556394887797,1.0255800445053165,-0.06760845916639532,0.294411002227672,0.0,False,False,0.11891741612716486,0.8381118791923503
0.248,0.001,0.10942804522472456,0.8554907330282472,0.11196319457946638,1.101785103113626,-0.17388325763121049,-0.06760845916639532,0.0,False,False,0.11975646475729171,0.8399833357535708
0.249,0.001,0.11027073357186237,0.8426883471378144,0.10924834881788775,0.7201220166444009,0.35034714261194344,-0.17388325763121049,0.0,False,False,0.12059737870805658,0.8418425204684881
0.25,0.001,0.11109535700273007,0.8246234308677026,0.1107739991645808,0.800674849649266,0.24360813819998772,0.35034714261194344,0.0,False,False,0.12144014570761325,0.8436894333371026
0.251,0.001,0.1119281992970049,0.832842294274829,0.11222626274412366,0.8658337226386248,0.15668125538479682,0.24360813819998772,0.0,False,False,0.12228475348411533,0.8455240743594138
0.252,0.001,0.11276389062901263,0.835691332007729,0.11427246391233001,0.9838704671953972,-0.0043717630310105005,0.15668125538479682,0.0,False,False,0.12313118976571666,0.847346443535422
0.253,0.001,0.11359807325846157,0.834182629448938,0.11273687799520234,0.7319248287630904,0.3430442116590755,-0.0043717630310105005,0.0,False,False,0.12397944228057076,0.849156540865127
0.254,0.001,0.11442270056924116,0.8246273107795917,0.1142086552695467,0.8059100733212174,0.24522833440389957,0.3430442116590755,0.0,False,False,0.12482949875683147,0.8509543663485288
0.255,0.001,0.11525518158136058,0.8324810121194272,0.11593353658644805,0.8978071976792307,0.12137985281935526,0.24522833440389957,0.0,False,False,0.12568134692265243,0.8527399199856277
0.256,0.001,0.11609059408615173,0.8354125047911444,0.11646999905992239,0.8616727252587421,0.1725781298539858,0.12137985281935526,0.0,False,False,0.12653497450618728,0.8545132017764235
0.257,0.001,0.11692273393356467,0.8321398474129476,0.11659447583634809,0.7879531303754378,0.27631137880092455,0.1725781298539858,0.0,False,False,0.12739036923558977,0.8562742117209163
0.258,0.001,0.11775417412808066,0.831440194515995,0.11763739156080144,0.813449389783229,0.24447056305087297,0.27631137880092455,0.0,False,False,0.1282475188390137,0.858022949819106
0.259,0.001,0.11859010413075864,0.8359300026779773,0.11739028119436239,0.7073934141610008,0.3937295395964933,0.24447056305087297,0.0,False,False,0.12910641104461257,0.8597594160709925
0.26,0.001,0.11942891394157845,0.8388098108198091,0.11922106814037045,0.8197327673457071,0.2435283896800989,0.3937295395964933,0.0,False,False,0.12996703358054024,0.8614836104765761
0.261,0.001,0.1202780549901348,0.8491410485563545,0.12004558805079582,0.8202114816536734,0.24568901189339987,0.2435283896800989,0.0,False,False,0.13082937417495027,0.8631955330358565
0.262,0.001,0.12112997589398093,0.8519209038461341,0.12133258234387943,0.8668897627966673,0.18410159296070744,0.24568901189339987,0.0,False,False,0.13169342055599653,0.8648951837488337
0.263,0.001,0.12198477356480635,0.8547976708254195,0.1215001591450896,0.7969584666380175,0.28261093869436094,0.18410159296070744,0.0,False,False,0.13255916045183253,0.8665825626155078
0.264,0.001,0.1228393571245965,0.8545835597901532,0.1232508521130166,0.8923319167669158,0.15427403403947534,0.28261093869436094,0.0,False,False,0.13342658159061213,0.868257669635879
0.265,0.001,0.1236986528970822,0.8592957724857107,0.12458241416748136,0.9362549305367003,0.09523732472203109,0.15427403403947534,0.0,False,False,0.13429567170048887,0.869920504809947
0.266,0.001,0.12455622518817995,0.8575722910977416,0.12469186286427875,0.8535743071627685,0.21013811478601288,0.09523732472203109,0.0,False,False,0.13516641850961655,0.8715710681377121
0.267,0.001,0.1254091290563494,0.8529038681694522,0.1257160944309272,0.8706400331113381,0.1888920674833918,0.21013811478601288,0.0,False,False,0.13603880974614882,0.8732093596191738
0.268,0.001,0.12626312821478547,0.853999158436075,0.12630951500629925,0.8429180873374081,0.22916047667523365,0.1888920674833918,0.0,False,False,0.1369128331382395,0.8748353792543326
0.269,0.001,0.12711715597996198,0.8540277651765003,0.12711722962682753,0.8393977406564956,0.23654410583389307,0.22916047667523365,0.0,False,False,0.13778847641404207,0.8764491270431884
0.27,0.001,0.12797322565791153,0.8560696779495559,0.12734354748643462,0.7780897525515544,0.3237522571959884,0.23654410583389307,0.0,False,False,0.13866572730171042,0.878050602985741
0.271,0.001,0.12883169826244098,0.8584726045294523,0.12910789160893438,0.8767151895463752,0.1913698156110854,0.3237522571959884,0.0,False,False,0.1395445735293981,0.8796398070819903
0.272,0.001,0.12969692458941212,0.8652263269711339,0.12961202601639307,0.8394571113376071,0.24474513615278176,0.1913698156110854,0.0,False,False,0.14042500282525897,0.8812167393319369
0.273,0.001,0.13056225850185593,0.8653339124438036,0.13238889244131796,1.0331980426963354,-0.01997398298259176,0.24474513615278176,0.0,False,False,0.14130700291744655,0.8827813997355801
0.274,0.001,0.1314303683354576,0.8681098336016675,0.13280337950298696,0.9713269445936014,0.06457748899948271,-0.01997398298259176,0.0,False,False,0.14219056153411472,0.8843337882929205
0.275,0.001,0.13228800703057572,0.8576386951181312,0.13262472166805472,0.8563284666410179,0.22357153127204843,0.06457748899948271,0.0,False,False,0.14307566640341698,0.8858739050039577
0.276,0.001,0.13313944404536335,0.8514370147876328,0.13247355101085062,0.7555785542565059,0.36498541110244065,0.22357153127204843,0.0,False,False,0.14396230525350714,0.8874017498686919
0.277,0.001,0.13399265388865544,0.8532098432920847,0.1330218917475021,0.7348547724960024,0.39778939364000765,0.36498541110244065,0.0,False,False,0.14485046581253894,0.8889173228871228
0.278,0.001,0.13485470016312948,0.8620462744740384,0.13589416848279592,0.9485969687757854,0.1074157982058198,0.39778939364000765,0.0,False,False,0.14574013580866602,0.8904206240592505
0.279,0.001,0.13572718772218761,0.8724875590581426,0.1359564796764817,0.8599683912667839,0.23047873382603531,0.1074157982058198,0.0,False,False,0.14663130297004198,0.8919116533850757
0.28,0.001,0.1365955561209198,0.868368398732201,0.13701456028446554,0.8797796129384903,0.2055020628377216,0.23047873382603531,0.0,False,False,0.1475239550248207,0.8933904108645974
0.281,0.001,0.13746597498274837,0.8704188618285739,0.13594353650490565,0.6846992736886519,0.4767309249034992,0.2055020628377216,0.0,False,False,0.14841807970115578,0.894856896497816
0.28200000000000003,0.001,0.1383371872722715,0.8712122895231457,0.13914653002791585,0.9365286986208072,0.13474731858384054,0.4767309249034992,0.0,False,False,0.14931366472720092,0.8963111102847316
0.28300000000000003,0.001,0.13922275125888173,0.8855639866102281,0.13961930781337506,0.8901536073046471,0.1997643542240615,0.13474731858384054,0.0,False,False,0.1502106978311098,0.897753052225344
0.28400000000000003,0.001,0.1401055103554747,0.8827590965929791,0.13913647677756436,0.752855142993112,0.39110151453434266,0.1997643542240615,0.0,False,False,0.15110916674103617,0.8991827223196537
0.28500000000000003,0.001,0.1409887266333925,0.8832162779178103,0.14057724361365082,0.8216463123024468,0.30051725020494696,0.39110151453434266,0.0,False,False,0.15200905918513366,0.9006001205676599
0.28600000000000003,0.001,0.14188196512192536,0.8932384885328563,0.14211210179743416,0.8929674994505371,0.2052139967167862,0.30051725020494696,0.0,False,False,0.1529103628915561,0.9020052469693632
0.28700000000000003,0.001,0.14278065651901434,0.8986913970889722,0.14282644243797915,0.875104813559982,0.2317111622663381,0.2052139967167862,0.0,False,False,0.15381306558845698,0.9033981015247631
0.28800000000000003,0.001,0.14368001385035079,0.8993573313364556,0.14342504639176437,0.847454727582506,0.27204670300168854,0.2317111622663381,0.0,False,False,0.1547171550039901,0.9047786842338603
0.289,0.001,0.14458135931047522,0.9013454601244266,0.14449104875972835,0.8693094916206529,0.24457326608965713,0.27204670300168854,0.0,False,False,0.1556226188663092,0.9061469950966542
0.29,0.001,0.14548670172390923,0.9053424134340133,0.1452668099793966,0.8599546644254118,0.25978547226036486,0.24457326608965713,0.0,False,False,0.15652944490356796,0.9075030341131453
0.291,0.001,0.146394651430994,0.9079497070847602,0.1465277873385591,0.9000569338991208,0.20692484395755179,0.25978547226036486,0.0,False,False,0.15743762084392005,0.908846801283333
0.292,0.001,0.14730595861286344,0.9113071818694394,0.14859007760513335,1.0162802671666344,0.0483046579156452,0.20692484395755179,0.0,False,False,0.1583471344155192,0.9101782966072176
0.293,0.001,0.1482179668082033,0.9120081953398392,0.14597813477978552,0.6534579579151887,0.5486845688047366,0.0483046579156452,0.0,False,False,0.15925797334651906,0.9114975200847995
0.294,0.001,0.14912274220365754,0.9047753954542621,0.14891605135616187,0.8819038197613045,0.23965411450613486,0.5486845688047366,0.0,False,False,0.16017012536507336,0.9128044717160779
0.295,0.001,0.15004533272597023,0.9225905223126819,0.15019936887215107,0.9220451893840943,0.18638052242967615,0.23965411450613486,0.0,False,False,0.1610835781993358,0.9140991515010535
0.296,0.001,0.15097021559191898,0.9248828659487379,0.15122851907622667,0.9327556908532445,0.17300745132597806,0.18638052242967615,0.0,False,False,0.16199831957746003,0.9153815594397259
0.297,0.001,0.1518947179525254,0.9245023606064268,0.15157016125351377,0.8736443394966306,0.25580399477610594,0.17300745132597806,0.0,False,False,0.1629143372275998,0.9166516955320952
0.298,0.001,0.1528181726762557,0.9234547237302999,0.15128514371896795,0.7577781520923852,0.41799424208386604,0.25580399477610594,0.0,False,False,0.16383161887790879,0.917909559778161
0.299,0.001,0.15374472378082987,0.926551104574184,0.154030953836954,0.9565813486817518,0.14803413574796745,0.41799424208386604,0.0,False,False,0.1647501522565407,0.9191551521779244
0.3,0.001,0.15468246839308997,0.9377446122600805,0.1561898658216997,1.0768144122881453,-0.017070060609022053,0.14803413574796745,0.0,False,False,0.16566992509164918,0.9203884727313846
0.301,0.001,0.1556178637336884,0.9353953405984385,0.1542793171444358,0.7780781033329414,0.39384664513186063,-0.017070060609022053,0.0,False,False,0.16659092511138804,0.9216095214385416
0.302,0.001,0.156542663989894,0.9248002562055937,0.15729649614039382,1.0019881925954492,0.08889571710804245,0.39384664513186063,0.0,False,False,0.16751314004391088,0.9228182982993953
0.303,0.001,0.15747745737733138,0.9347933874373644,0.1571907650363642,0.8912162629329428,0.24178251491533365,0.08889571710804245,0.0,False,False,0.1684365576173714,0.9240148033139463
0.304,0.001,0.1584069563770744,0.9294989997430171,0.15835344078975713,0.9183622119789419,0.2063432352668937,0.24178251491533365,0.0,False,False,0.1693611655599233,0.9251990364821939
0.305,0.001,0.1593388265065642,0.9318701294898117,0.15841999922150776,0.8331818339561107,0.32543213942545923,0.2063432352668937,0.0,False,False,0.17028695159972032,0.9263709978041383
0.306,0.001,0.1602712863172994,0.9324598107351971,0.159979418246738,0.9058055530835237,0.22829089496271457,0.32543213942545923,0.0,False,False,0.17121390346491616,0.9275306872797802
0.307,0.001,0.16121028789576292,0.9390015784635293,0.16234479082577552,1.051762255678923,0.028648944118236014,0.22829089496271457,0.0,False,False,0.1721420088836645,0.9286781049091185
0.308,0.001,0.16215094801266072,0.9406601168978109,0.16265941063149522,0.9780480106830008,0.12953149715821127,0.028648944118236014,0.0,False,False,0.17307125558411898,0.9298132506921538
0.309,0.001,0.16308327793629684,0.9323299236361315,0.16459500499554247,1.0738026460194257,-0.0021205522886109107,0.12953149715821127,0.0,False,False,0.17400163129443338,0.9309361246288862
0.31,0.001,0.16401235511509635,0.9290771787994976,0.16503984082083567,1.010905963946803,0.08344800792167564,-0.0021205522886109107,0.0,False,False,0.17493312374276127,0.9320467267193154
0.311,0.001,0.16493160995756623,0.919254842469869,0.16531478537001465,0.9373098224700206,0.18491911656245924,0.08344800792167564,0.0,False,False,0.17586572065725653,0.9331450569634417
0.312,0.001,0.1658453601810623,0.9137502234960733,0.16736723015210406,1.0488233184319593,0.03226858936660232,0.18491911656245924,0.0,False,False,0.17679940976607272,0.9342311153612646
0.313,0.001,0.1667587013594925,0.9133411784302119,0.16714179516017816,0.9213974873961734,0.20735180288927169,0.03226858936660232,0.0,False,False,0.1777341787973636,0.9353049019127847
0.314,0.001,0.16766400260267733,0.9053012431848212,0.168386558595312,0.9537340821699417,0.164261025249147,0.20735180288927169,0.0,False,False,0.17867001547928288,0.9363664166180012
0.315,0.001,0.16857005023103389,0.9060476283565455,0.1683112432507859,0.8508291395003353,0.30722578117746546,0.164261025249147,0.0,False,False,0.1796069075399842,0.9374156594769152
0.316,0.001,0.16947468672013946,0.9046364891055767,0.16953275889964792,0.8878977904365044,0.25888331660714614,0.30722578117746546,0.0,False,False,0.18054484270762128,0.9384526304895258
0.317,0.001,0.17038506595234748,0.9103792322080276,0.16977644885242563,0.823477006670625,0.34993286502485,0.25888331660714614,0.0,False,False,0.18148380871034783,0.9394773296558335
0.318,0.001,0.17129874783345703,0.9136818811095528,0.17216232272763304,0.9797166935243041,0.13763414601816085,0.34993286502485,0.0,False,False,0.1824237932763175,0.940489756975838
0.319,0.001,0.17222027163029338,0.9215237968363571,0.17119200773971674,0.7847135253802433,0.4072416395745678,0.13763414601816085,0.0,False,False,0.1833647841336841,0.9414899124495395
0.32,0.001,0.1731389910392433,0.9187194089499198,0.17382172050820796,0.9692134496913412,0.15664808870579372,0.4072416395745678,0.0,False,False,0.18430676901060117,0.9424777960769378
0.321,0.001,0.17406839765253615,0.9294066132928485,0.17390202321874246,0.8803223757756568,0.28001606199549284,0.15664808870579372,0.0,False,False,0.18524973563522254,0.9434534078580329
0.322,0.001,0.17499591904381112,0.9275213912749668,0.17601802495058205,1.0038903113820505,0.11179336582508442,0.28001606199549284,0.0,False,False,0.18619367173570175,0.9444167477928254
0.323,0.001,0.17592773115262075,0.9318121088096416,0.1765829879578448,0.9599975809701202,0.17244466937569597,0.11179336582508442,0.0,False,False,0.18713856504019274,0.9453678158813144
0.324,0.001,0.1768554056812864,0.9276745286656572,0.17844421917952244,1.0501209450408722,0.04894611425103135,0.17244466937569597,0.0,False,False,0.18808440327684897,0.9463066121235003
0.325,0.001,0.17778199174530618,0.9265860640197794,0.17841971296783687,0.9426582293682284,0.19649619028915982,0.04894611425103135,0.0,False,False,0.1890311741738243,0.9472331365193833
0.326,0.001,0.17870131877078244,0.9193270254762519,0.17732945484903032,0.7393665945507497,0.4782263444062125,0.19649619028915982,0.0,False,False,0.18997886545927234,0.9481473890689631
0.327,0.001,0.17962079329767125,0.9194745268888048,0.17956236563208472,0.888721013401115,0.2769658137720674,0.4782263444062125,0.0,False,False,0.1909274648613468,0.9490493697722401
0.328,0.001,0.1805545012436728,0.9337079460015603,0.17953173202528105,0.796785551380637,0.4059983381908577,0.2769658137720674,0.0,False,False,0.19187696010820138,0.9499390786292136
0.329,0.001,0.18149232264857898,0.9378214049061574,0.18104003816377853,0.8679376100923212,0.3116261004128783,0.4059983381908577,0.0,False,False,0.19282733892798978,0.9508165156398843
0.33,0.001,0.18244069268477506,0.9483700361960756,0.18375948828029676,1.0530888607349114,0.058655197917449,0.3116261004128783,0.0,False,False,0.1937785890488657,0.9516816808042515
0.331,0.001,0.183394850545847,0.9541578610719352,0.1839512037504946,0.9669515216812037,0.1767305630021241,0.058655197917449,0.0,False,False,0.1947306981989829,0.9525345741223159
0.332,0.001,0.18434212453537052,0.9472739895235199,0.1837321926743168,0.8483552618953056,0.3411502262177316,0.1767305630021241,0.0,False,False,0.1956836541064949,0.9533751955940772
0.333,0.001,0.18528844595708605,0.946321421715532,0.1844038106706345,0.8306815353375432,0.3684318207789701,0.3411502262177316,0.0,False,False,0.19663744449955556,0.9542035452195357
0.334,0.001,0.1862420396044256,0.9535936473395564,0.18627064737724486,0.9342970524648253,0.22865245976396512,0.3684318207789701,0.0,False,False,0.19759205710631855,0.9550196229986908
0.335,0.001,0.18720424046821474,0.9622008637891467,0.186142591460452,0.8280617555390576,0.37660199557172214,0.22865245976396512,0.0,False,False,0.19854747965493755,0.9558234289315429
0.336,0.001,0.18816802515153694,0.9637846833221884,0.187582344772371,0.8892309111770524,0.29544525403076033,0.37660199557172214,0.0,False,False,0.19950369987356617,0.956614963018092
0.337,0.001,0.18914078479590443,0.9727596443674857,0.18941306442470326,0.9833797852925724,0.16767486714070884,0.29544525403076033,0.0,False,False,0.2004607054903583,0.9573942252583376
0.338,0.001,0.190118425664396,0.9776408684915538,0.19112662561029506,1.0563979253224947,0.06736940361284545,0.16767486714070884,0.0,False,False,0.2014184842334674,0.9581612156522809
0.339,0.001,0.1910945397127706,0.9761140483746231,0.19162578431525082,1.0006740032858212,0.14341262838125707,0.06736940361284545,0.0,False,False,0.2023770238310474,0.9589159341999203
0.34,0.001,0.19206411777513235,0.9695780623617669,0.19006459047306037,0.7444872187381947,0.49709638228312036,0.14341262838125707,0.0,False,False,0.2033363120112518,0.959658380901257
0.341,0.001,0.19303098815666372,0.9668703815313827,0.1932965982344189,0.9932392730002264,0.158574428127958,0.49709638228312036,0.0,False,False,0.2042963365022345,0.9603885557562906
0.342,0.001,0.19401284587578313,0.9818577191194132,0.19407570702702737,0.9718262249610518,0.18840108465695232,0.158574428127958,0.0,False,False,0.20525708503214898,0.9611064587650211
0.343,0.001,0.19499270488543247,0.9798590096493335,0.1953538922965211,1.0024621294143186,0.14678370720306066,0.18840108465695232,0.0,False,False,0.20621854532914913,0.9618120899274485
0.34400000000000003,0.001,0.19597206451327606,0.9793596278435838,0.1973824735306472,1.1050740398854975,0.00528585986303301,0.14678370720306066,0.0,False,False,0.20718070512138845,0.9625054492435728
0.34500000000000003,0.001,0.19694884588796843,0.9767813746923625,0.1951483308287976,0.7711523657119878,0.4643549887497057,0.00528585986303301,0.0,False,False,0.20814355213702082,0.9631865367133942
0.34600000000000003,0.001,0.19791598443015518,0.9671385421867447,0.19740014938068515,0.9192189843295442,0.26428828663210546,0.4643549887497057,0.0,False,False,0.20910707410419982,0.963855352336912
0.34700000000000003,0.001,0.19889647216761067,0.980487737455483,0.1994121352127905,1.0284956691071248,0.11508369609759966,0.26428828663210546,0.0,False,False,0.2100712587510792,0.9645118961141271
0.34800000000000003,0.001,0.19988025236844792,0.9837802008372664,0.19850005088336922,0.8344376692542848,0.38251097115288674,0.11508369609759966,0.0,False,False,0.21103609380581265,0.965156168045039
0.34900000000000003,0.001,0.2008598516332867,0.9795992648387972,0.2021478601572972,1.1157748297216528,-0.002617270803786348,0.38251097115288674,0.0,False,False,0.21200156699655381,0.9657881681296481
0.35000000000000003,0.001,0.2018486580496238,0.9888064163370863,0.2021701098352798,1.006422314547749,0.14633871007542634,-0.002617270803786348,0.0,False,False,0.2129676660514565,0.9664078963679539
0.35100000000000003,0.001,0.20282737837675535,0.9787203271315487,0.20356616227413657,1.0453853269786506,0.09258392657924679,0.14633871007542634,0.0,False,False,0.21393437869867432,0.9670153527599566
0.352,0.001,0.20380350075808215,0.9761223813267937,0.20330525842123479,0.9147564089906072,0.2721607703903296,0.09258392657924679,0.0,False,False,0.21490169266636094,0.9676105373056562
0.353,0.001,0.2047743478462126,0.970847088130449,0.20548449063236704,1.0412039892047718,0.09931924386579401,0.2721607703903296,0.0,False,False,0.2158695956826702,0.9681934500050527
0.354,0.001,0.20574891958451003,0.9745717382974436,0.2066813369153058,1.0567682185781702,0.07721634082406807,0.09931924386579401,0.0,False,False,0.21683807547575562,0.9687640908581462
0.355,0.001,0.20671855899804756,0.9696394135375436,0.2069217834083935,0.9751360460291246,0.18895975117976962,0.07721634082406807,0.0,False,False,0.21780711977377104,0.9693224598649364
0.356,0.001,0.20768218067097216,0.9636216729245968,0.20788673403833247,0.9741175044201076,0.19092094392405679,0.18895975117976962,0.0,False,False,0.21877671630487008,0.969868557025424
0.357,0.001,0.20864539584476405,0.9632151737918868,0.2088813148265627,0.9761638328011194,0.1886659429177741,0.19092094392405679,0.0,False,False,0.21974685279720646,0.970402382339608
0.358,0.001,0.20960830420505697,0.9629083602929221,0.20885489333249674,0.8759053001144121,0.32754958846756,0.1886659429177741,0.0,False,False,0.22071751697893383,0.9709239358074891
0.359,0.001,0.21057079422905461,0.9624900239976392,0.21044205116848883,0.9470305537021796,0.2317228138471743,0.32754958846756,0.0,False,False,0.221688696578206,0.9714332174290672
0.36,0.001,0.21153981177237965,0.9690175433250267,0.21140671075364098,0.9487934568471772,0.2303301586802388,0.2317228138471743,0.0,False,False,0.2226603793231766,0.9719302272043421
0.361,0.001,0.21251053938622375,0.9707276138440852,0.2128451136494694,0.9977544007453012,0.16376658453115311,0.2303301586802388,0.0,False,False,0.22363255294199927,0.972414965133314
0.362,0.001,0.21348290059754646,0.9723612113227208,0.21435541185003934,1.0490087807277653,0.09315066021605244,0.16376658453115311,0.0,False,False,0.22460520516282775,0.9728874312159828
0.363,0.001,0.21445356069325044,0.9706600957039876,0.21352981369916627,0.8615480875676813,0.3510326257252921,0.09315066021605244,0.0,False,False,0.22557832371381578,0.9733476254523487
0.364,0.001,0.21541899568158243,0.9654349883319743,0.21530990472289233,0.9534023811835193,0.2268276487947133,0.3510326257252921,0.0,False,False,0.22655189632311695,0.973795547842411
0.365,0.001,0.21639212056124735,0.973124879664911,0.21768493441267658,1.0955651120435932,0.03153687712284728,0.2268276487947133,0.0,False,False,0.22752591071888517,0.9742311983861704
0.366,0.001,0.21736669432383335,0.974573762585987,0.21671779118024073,0.8892942775956487,0.31451850146817045,0.03153687712284728,0.0,False,False,0.22850035462927387,0.974654577083627
0.367,0.001,0.21833294663522512,0.9662523113917855,0.21761539813141031,0.8901255449530422,0.31540488449656634,0.31451850146817045,0.0,False,False,0.22947521578243701,0.9750656839347803
0.368,0.001,0.21930505986244475,0.9721132272196269,0.21948160531967603,0.9877337092843097,0.18271675014972022,0.31540488449656634,0.0,False,False,0.23045048190652798,0.9754645189396307
0.369,0.001,0.22028305488098032,0.9779950185355767,0.22101991996743273,1.0427918031315482,0.10698310848078059,0.18271675014972022,0.0,False,False,0.23142614072970077,0.975851082098178
0.37,0.001,0.22126027375694923,0.9772188759689204,0.2212702448714517,0.9635451132202901,0.21559114418398895,0.10698310848078059,0.0,False,False,0.23240217998010895,0.976225373410422
0.371,0.001,0.22223293291283833,0.9726591558890838,0.223392669809457,1.0794330956987908,0.05633167298917273,0.21559114418398895,0.0,False,False,0.23337858738590622,0.9765873928763629
0.372,0.001,0.22320648098931306,0.973548076474727,0.2239541747896661,1.0276402841498216,0.12637739355585753,0.05633167298917273,0.0,False,False,0.2343553506752462,0.976937140496001
0.373,0.001,0.22417295145713134,0.9664704678182867,0.22490757805096087,1.0202165818643176,0.13611747274181674,0.12637739355585753,0.0,False,False,0.23533245757628282,0.9772746162693356
0.374,0.001,0.22513587491275616,0.9629234556248064,0.225619432782143,0.9893803967960986,0.17829164271079945,0.13611747274181674,0.0,False,False,0.2363098958171695,0.9775998201963674
0.375,0.001,0.22609575254819556,0.959877635439398,0.2281270130704602,1.14120038594821,-0.03105363940453873,0.17829164271079945,0.0,False,False,0.2372876531260601,0.9779127522770962
0.376,0.001,0.22705470525522872,0.9589527070331804,0.2268756679067455,0.9019458309819168,0.29654198567405576,-0.03105363940453873,0.0,False,False,0.23826571723110826,0.9782134125115217
0.377,0.001,0.22800226946946353,0.9475642142348207,0.22625386643778034,0.7495711009872102,0.5085406095032934,0.29654198567405576,0.0,False,False,0.2392440758604677,0.9785018008996443
0.378,0.001,0.22895487052612512,0.9526010566615842,0.23035484655852279,1.084712002962734,0.050500760682324064,0.5085406095032934,0.0,False,False,0.24022271674229215,0.9787779174414636
0.379,0.001,0.22992308820903523,0.9682176829101026,0.22952367010630018,0.8931231574441997,0.3133055606031671,0.050500760682324064,0.0,False,False,0.2412016276047352,0.9790417621369801
0.38,0.001,0.2308839580592478,0.9608698502125783,0.23097810150686282,0.9492539817560441,0.23769572791975996,0.3133055606031671,0.0,False,False,0.24218079617595067,0.979293334986193
0.381,0.001,0.2318506497080897,0.9666916488418864,0.23299344826671783,1.055863259565941,0.09140496622053197,0.23769572791975996,0.0,False,False,0.24316021018409212,0.9795326359891033
0.382,0.001,0.2328193593767322,0.9687096686425068,0.23142112415358362,0.7930445222959258,0.4529953690868782,0.09140496622053197,0.0,False,False,0.24413985735731344,0.9797596651457103
0.383,0.001,0.23378276445501117,0.9634050782789634,0.23269049620703283,0.840677275411254,0.39088270235494804,0.4529953690868782,0.0,False,False,0.24511972542376814,0.9799744224560144
0.384,0.001,0.23475896568143137,0.9762012264201915,0.23336158706931803,0.8237186340986488,0.4170377993468962,0.39088270235494804,0.0,False,False,0.24609980211161006,0.9801769079200152
0.385,0.001,0.23574480623806363,0.9858405566322581,0.23505179158953782,0.9103672227107623,0.3005089826625298,0.4170377993468962,0.0,False,False,0.24708007514899274,0.9803671215377132
0.386,0.001,0.2367415553224367,0.9967490843730739,0.2371252106368012,1.026672405166024,0.14148297906253937,0.3005089826625298,0.0,False,False,0.24806053226407002,0.980545063309108
0.387,0.001,0.2377433428596054,1.001787537168708,0.23820078304740588,1.0315624057098902,0.1341047995057847,0.14148297906253937,0.0,False,False,0.24904116118499553,0.9807107332341994
0.388,0.001,0.23874219739557856,0.9988545359731601,0.238983292098955,1.0066570702938125,0.16774430896043455,0.1341047995057847,0.0,False,False,0.25002194963992297,0.9808641313129883
0.389,0.001,0.23973776175338313,0.9955643578045567,0.23850489094169464,0.8581512475383951,0.37238871148410047,0.16774430896043455,0.0,False,False,0.2510028853570061,0.9810052575454735
0.39,0.001,0.24073173106920448,0.9939693158213602,0.23871578551766068,0.7934255803811598,0.4640773077018761,0.37238871148410047,0.0,False,False,0.2519839560643985,0.981134111931656
0.391,0.001,0.24173434394333676,1.0026128741322797,0.24178177639460308,1.0206821100372836,0.15398301704281767,0.4640773077018761,0.0,False,False,0.25296514949025395,0.9812506944715352
0.392,0.001,0.2427501502313576,1.0158062880208445,0.24233844797540818,0.974281057114066,0.21743283463297694,0.15398301704281767,0.0,False,False,0.2539464533627261,0.9813550051651115
0.393,0.001,0.2437635924450785,1.013442213720902,0.244164482157742,1.0594563696360413,0.10012952779169292,0.21743283463297694,0.0,False,False,0.2549278554099687,0.9814470440123848
0.394,0.001,0.24477785253167617,1.0142600865976672,0.2453904226303699,1.0761047799352261,0.07584701042953416,0.10012952779169292,0.0,False,False,0.25590934336013543,0.9815268110133548
0.395,0.001,0.24578706205431702,1.0092095226408613,0.2459077004619218,1.0202220850968955,0.1513443459156,0.07584701042953416,0.0,False,False,0.25689090494138006,0.9815943061680218
0.396,0.001,0.2467900270893888,1.0029650350717745,0.24745336834404638,1.0727666647996628,0.07820430929264134,0.1513443459156,0.0,False,False,0.25787252788185605,0.9816495294763855
0.397,0.001,0.24779054748161605,1.0005203922272674,0.24799057213968248,1.0192103778833064,0.15052382352679583,0.07820430929264134,0.0,False,False,0.25885419990971736,0.9816924809384463
0.398,0.001,0.24878497600773905,0.9944285261229904,0.24924754472580704,1.0429865987074318,0.11707442670771512,0.15052382352679583,0.0,False,False,0.2598359087531175,0.9817231605542039
0.399,0.001,0.2497769530109339,0.9919770031948382,0.24916200958154133,0.9301344244101178,0.2717299587522906,0.11707442670771512,0.0,False,False,0.2608176421402103,0.9817415683236588
0.4,0.001,0.25076481582745136,0.9878628165174446,0.2506080753001753,0.9817275538325043,0.20146780547870077,0.2717299587522906,0.0,False,False,0.2617993877991494,0.9817477042468102
0.401,0.001,0.25175631369064033,0.9914978631889894,0.25192803322943463,1.0155505913751857,0.15478497645393555,0.20146780547870077,0.0,False,False,0.2627811334580884,0.9817415683236588
0.402,0.001,0.2527479189526505,0.9916052620101684,0.25346396512777064,1.0675887220712679,0.0823415570929144,0.15478497645393555,0.0,False,False,0.26376286684518124,0.9817231605542042
0.403,0.001,0.2537372970424353,0.9893780897848246,0.25339369304963627,0.9538026420507041,0.23778369416630465,0.0823415570929144,0.0,False,False,0.2647445756885815,0.9816924809384461
0.404,0.001,0.2547208346977156,0.983537655280331,0.255175638926021,1.0366169654841086,0.12395003501832305,0.23778369416630465,0.0,False,False,0.2657262477164427,0.9816495294763858
0.405,0.001,0.25570632738708315,0.9854926893675249,0.2554743392771608,0.9628253040496747,0.22472636737766064,0.12395003501832305,0.0,False,False,0.2667078706569188,0.9815943061680216
0.406,0.001,0.2566880756074441,0.981748220360971,0.2565855007159538,0.9776589175240101,0.20451223958698492,0.22472636737766064,0.0,False,False,0.2676894322381633,0.9815268110133549
0.40700000000000003,0.001,0.25767113315329254,0.9830575458484101,0.258395025077858,1.0608454619620271,0.08968801044892709,0.20451223958698492,0.0,False,False,0.2686709201883301,0.9814470440123847
0.40800000000000003,0.001,0.2586544840809369,0.9833509276443657,0.2569152107976411,0.8067794877441371,0.4387586267879372,0.08968801044892709,0.0,False,False,0.2696523222355727,0.9813550051651115
0.40900000000000003,0.001,0.2596323860053931,0.9779019244562346,0.2585010004660981,0.8846805058154195,0.33427148794238115,0.4387586267879372,0.0,False,False,0.27063362610804487,0.9812506944715353
0.41000000000000003,0.001,0.2606223142534909,0.9899282480978066,0.259328863487973,0.8789987574213706,0.343709634239033,0.33427148794238115,0.0,False,False,0.27161481953390026,0.981134111931656
0.41100000000000003,0.001,0.26161899636299346,0.9966821095025343,0.2595825321245451,0.8164657453364392,0.4316878607523008,0.343709634239033,0.0,False,False,0.2725958902412928,0.9810052575454736
0.41200000000000003,0.001,0.26262287722576994,1.003880862776476,0.26203097984177476,0.9796639425257638,0.20926545664348772,0.4316878607523008,0.0,False,False,0.2735768259583758,0.9808641313129881
0.41300000000000003,0.001,0.26363832695813294,1.015449732362985,0.26429233141194847,1.1078327052905583,0.03222872755675635,0.20926545664348772,0.0,False,False,0.2745576144133033,0.9807107332341997
0.41400000000000003,0.001,0.2646541781643986,1.0158512062657075,0.2644055699171563,1.008373285282286,0.16699425513948968,0.03222872755675635,0.0,False,False,0.2755382433342287,0.9805450633091078
0.41500000000000004,0.001,0.26566157740221713,1.0073992378184824,0.2658341818101009,1.0503971460485149,0.10828530609273286,0.16699425513948968,0.0,False,False,0.27651870044930615,0.9803671215377131
0.41600000000000004,0.001,0.26666729675584133,1.0057193536241829,0.267617818335238,1.1237210839573766,0.005607781481281243,0.10828530609273286,0.0,False,False,0.27749897348668884,0.9801769079200152
0.417,0.001,0.26766840749735565,1.0011107415143228,0.2688270322194127,1.1322703639791054,-0.00901880663558624,0.005607781481281243,0.0,False,False,0.2784790501745306,0.9799744224560144
0.418,0.001,0.268659794184978,0.9913866876223295,0.268599459955028,0.996286101142726,0.1756385259508138,-0.00901880663558624,0.0,False,False,0.27945891824098534,0.9797596651457104
0.419,0.001,0.26964076438551804,0.9809702005400609,0.27082199090959413,1.1189105864850681,0.005844800487867369,0.1756385259508138,0.0,False,False,0.28043856541420664,0.9795326359891033
0.42,0.001,0.27062059263155347,0.9798282460354414,0.27070098830748024,0.9949192676251719,0.1741547209008469,0.005844800487867369,0.0,False,False,0.2814179794223481,0.9792933349861933
0.421,0.001,0.27159079380462914,0.970201173075693,0.2708600259968221,0.9113311097968382,0.28892097874951805,0.1741547209008469,0.0,False,False,0.28239714799356364,0.9790417621369798
0.422,0.001,0.2725598219090576,0.9690281044284326,0.2720411097480135,0.9383063739362958,0.2525949361500792,0.28892097874951805,0.0,False,False,0.2833760588560067,0.9787779174414637
0.423,0.001,0.2735334199500058,0.9735980409481947,0.2722414081079931,0.8645055725406252,0.3548347233679063,0.2525949361500792,0.0,False,False,0.28435469973783106,0.978501800899644
0.424,0.001,0.2745097533455977,0.9763333955919059,0.2737347103482938,0.9273852393166325,0.2697640721740087,0.3548347233679063,0.0,False,False,0.28533305836719053,0.9782134125115218
0.425,0.001,0.27549392314377563,0.9841697981779336,0.2751814946445764,0.9793251450132336,0.1986384296145565,0.2697640721740087,0.0,False,False,0.2863111224722387,0.9779127522770962
0.426,0.001,0.2764816444663696,0.9877213225939223,0.27718290468676254,1.0815336347305227,0.05718697425761486,0.1986384296145565,0.0,False,False,0.28728887978112927,0.9775998201963675
0.427,0.001,0.27746934682515384,0.9877023587842745,0.2789710017862955,1.1521899812107685,-0.042582745686750384,0.05718697425761486,0.0,False,False,0.288266318022016,0.9772746162693358
0.428,0.001,0.27844995772321585,0.9806108980620182,0.27724377680803913,0.8642484852640526,0.35122005234857756,-0.042582745686750384,0.0,False,False,0.28924342492305244,0.976937140496001
0.429,0.001,0.27941851704040127,0.9685593171854325,0.2797613236760717,1.0295783235409046,0.12467044485632517,0.35122005234857756,0.0,False,False,0.29022018821239254,0.9765873928763631
0.43,0.001,0.2803947631229354,0.9762460825341197,0.27948671723543683,0.899159847123327,0.30325644243406774,0.12467044485632517,0.0,False,False,0.29119659561818984,0.9762253734104217
0.431,0.001,0.2813673377433822,0.9725746204467995,0.28178158910054785,1.0387310489220958,0.11158286363620061,0.30325644243406774,0.0,False,False,0.29217263486859796,0.975851082098178
0.432,0.001,0.2823451848874689,0.9778471440867157,0.2822307902044733,0.9797780544224296,0.1913388201919946,0.11158286363620061,0.0,False,False,0.2931482936917707,0.9754645189396305
0.433,0.001,0.2833186997861611,0.9735148986921789,0.28172093303841184,0.8308145323740421,0.3963486638669853,0.1913388201919946,0.0,False,False,0.2941235598158618,0.9750656839347804
0.434,0.001,0.2842918875662681,0.9731877801070099,0.2851019795132295,1.0858377266184063,0.04651616676258152,0.3963486638669853,0.0,False,False,0.2950984209690249,0.974654577083627
0.435,0.001,0.285275000028448,0.9831124621799311,0.28474703730767675,0.941759733401289,0.24283065427312112,0.04651616676258152,0.0,False,False,0.2960728648794136,0.9742311983861708
0.436,0.001,0.2862505058491174,0.9755058206693404,0.2857845899972773,0.9513390290212143,0.2296690295877163,0.24283065427312112,0.0,False,False,0.29704687927518175,0.973795547842411
0.437,0.001,0.2872282511792177,0.9777453301003192,0.28629471609131,0.9072177355223654,0.29041911219309324,0.2296690295877163,0.0,False,False,0.298020451884483,0.9733476254523483
0.438,0.001,0.28820756897947697,0.9793178002593037,0.28763659910853023,0.9506842636921502,0.23106928491353448,0.29041911219309324,0.0,False,False,0.2989935704354711,0.9728874312159828
0.439,0.001,0.2891914904641449,0.9839214846679212,0.2895648953155417,1.0484454580240812,0.09598730066472093,0.23106928491353448,0.0,False,False,0.2999662226562996,0.9724149651333137
0.44,0.001,0.2901770297271198,0.9855392629749262,0.2900118828851144,0.9882996691789463,0.17703391065061516,0.09598730066472093,0.0,False,False,0.3009383962751222,0.9719302272043423
0.441,0.001,0.29115742619807605,0.9803964709562626,0.29144423790137736,1.0327052038873448,0.11485875638694613,0.17703391065061516,0.0,False,False,0.30191007902009287,0.9714332174290672
0.442,0.001,0.292136752778681,0.9793265806049682,0.29245258917798,1.030269811158875,0.11650099952326565,0.11485875638694613,0.0,False,False,0.30288125861936493,0.9709239358074891
0.443,0.001,0.2931119049907829,0.9751522121018957,0.2942643997004732,1.108423882292306,0.0069496158679064335,0.11650099952326565,0.0,False,False,0.3038519228010923,0.9704023823396081
0.444,0.001,0.29408298164401253,0.9710766532296514,0.29378384429587145,0.949525953602902,0.2230989940630568,0.0069496158679064335,0.0,False,False,0.3048220592934287,0.969868557025424
0.445,0.001,0.2950445214714227,0.9615398274101281,0.29375571989703403,0.8517609183588692,0.35772069650216837,0.2230989940630568,0.0,False,False,0.3057916558245278,0.9693224598649367
0.446,0.001,0.29600737008922634,0.9628486178036404,0.2969386973402399,1.0848825708435714,0.037453874098947376,0.35772069650216837,0.0,False,False,0.30676070012254314,0.968764090858146
0.447,0.001,0.29697825334738387,0.9708832581575343,0.29668897534565813,0.9514221143010356,0.21884928510428892,0.037453874098947376,0.0,False,False,0.3077291799156286,0.9681934500050529
0.448,0.001,0.29794112576621373,0.9628724188298515,0.2989137911650001,1.0787614848051295,0.04271811480551052,0.21884928510428892,0.0,False,False,0.3086970829319378,0.9676105373056559
0.449,0.001,0.2989050891596235,0.9639633934097466,0.29923964880471476,1.0034711002960819,0.14389856866502646,0.04271811480551052,0.0,False,False,0.3096643968996246,0.9670153527599563
0.45,0.001,0.29986133260519987,0.9562434455763831,0.2997468935214508,0.9538484619400759,0.21098720977050103,0.14389856866502646,0.0,False,False,0.3106311095468423,0.9664078963679539
0.451,0.001,0.3008149460054272,0.9536134002273289,0.30111931039056195,0.9957053026571843,0.15270160636825145,0.21098720977050103,0.0,False,False,0.311597208601745,0.965788168129648
0.452,0.001,0.3017692943125421,0.9543483071149446,0.3034718739586405,1.1313911291993217,-0.035847412375917626,0.15270160636825145,0.0,False,False,0.31256268179248614,0.9651561680450391
0.453,0.001,0.302721460306747,0.9521659942048973,0.3045339677433371,1.1244613947490467,-0.030055514492016572,-0.035847412375917626,0.0,False,False,0.3135275168472197,0.964511896114127
0.454,0.001,0.3036620252663563,0.9405649596092819,0.30372257172869815,0.9308756538102501,0.23341997400920975,-0.030055514492016572,0.0,False,False,0.314491701494099,0.9638553523369122
0.455,0.001,0.3045913251904025,0.929299924046244,0.3047311178546078,0.9386427010201921,0.2224865037519039,0.23341997400920975,0.0,False,False,0.3154552234612779,0.963186536713394
0.456,0.001,0.305522578913453,0.9312537230505195,0.30646177562795157,1.0178442082525476,0.11280679647048811,0.2224865037519039,0.0,False,False,0.31641807047691034,0.9625054492435728
0.457,0.001,0.3064552319467989,0.9326530333459125,0.3057172534779186,0.8416075724239973,0.3541790032463007,0.11280679647048811,0.0,False,False,0.3173802302691497,0.9618120899274485
0.458,0.001,0.30738379470783495,0.9285627610360533,0.3076744534399866,0.9531668113883978,0.2015378451228871,0.3541790032463007,0.0,False,False,0.3183416905661499,0.9611064587650209
0.459,0.001,0.30832035216798914,0.9365574601542241,0.30829778257545226,0.9201830437961225,0.24633043172321784,0.2015378451228871,0.0,False,False,0.31930243909606426,0.9603885557562907
0.46,0.001,0.3092572402905589,0.9368881225697516,0.3095311768825079,0.951504170122076,0.202948213616719,0.24633043172321784,0.0,False,False,0.3202624635870469,0.959658380901257
0.461,0.001,0.31019669738222455,0.9394570916656335,0.309469445904863,0.8501806553453792,0.3420238401484407,0.202948213616719,0.0,False,False,0.32122175176725143,0.9589159341999205
0.462,0.001,0.31113654405620433,0.9398466739798069,0.30974938473415864,0.7931564727404025,0.4217620108463614,0.3420238401484407,0.0,False,False,0.3221802913648313,0.9581612156522806
0.463,0.001,0.31208373253549565,0.9471884792913098,0.310274713220628,0.7663736741132978,0.46076508534567406,0.4217620108463614,0.0,False,False,0.32313807010794054,0.957394225258338
0.464,0.001,0.3130422203614121,0.9584878259164626,0.3120671187723549,0.8689768618746564,0.3216689465149218,0.46076508534567406,0.0,False,False,0.3240950757247326,0.9566149630180918
0.465,0.001,0.3140139124902922,0.9716921288800805,0.3136136427943065,0.9367315778823508,0.2287879779420172,0.3216689465149218,0.0,False,False,0.3250512959433613,0.9558234289315429
0.466,0.001,0.3149918012979825,0.9778888076903063,0.31473594337167415,0.9552884778308832,0.2025513263668798,0.2287879779420172,0.0,False,False,0.3260067184919803,0.9550196229986906
0.467,0.001,0.31597121794933913,0.9794166513566459,0.31766177105717075,1.1523423985974544,-0.0703745433051973,0.2025513263668798,0.0,False,False,0.32696133109874326,0.9542035452195357
0.468,0.001,0.3169508445004087,0.9796265510695633,0.3179160057909142,1.0625316321120564,0.04899635879443873,-0.0703745433051973,0.0,False,False,0.32791512149180385,0.9533751955940776
0.46900000000000003,0.001,0.31791703381810876,0.9661893177000251,0.3170774509338913,0.8724229831985564,0.3083651854861555,0.04899635879443873,0.0,False,False,0.32886807739931595,0.9525345741223159
0.47000000000000003,0.001,0.3188758081964777,0.958774378368947,0.31917924106309187,0.9953596977987593,0.13912339836073456,0.3083651854861555,0.0,False,False,0.3298201865494332,0.9516816808042518
0.47100000000000003,0.001,0.3198401657366075,0.9643575401297789,0.31948492295973124,0.926391917682821,0.23246676433887628,0.13912339836073456,0.0,False,False,0.33077143667030906,0.950816515639884
0.47200000000000003,0.001,0.3208016220164948,0.9614562798872965,0.3205534677541244,0.9406072053538557,0.21222850717794237,0.23246676433887628,0.0,False,False,0.3317218154900973,0.9499390786292139
0.47300000000000003,0.001,0.3217648558094795,0.9632337929846911,0.32192658294801424,0.9838580042074531,0.15163473887862566,0.21222850717794237,0.0,False,False,0.3326713107369521,0.9490493697722397
0.47400000000000003,0.001,0.3227288480926511,0.9639922831716495,0.3232691768238747,1.019731591372752,0.10041215690818472,0.15163473887862566,0.0,False,False,0.3336199101390264,0.9481473890689632
0.47500000000000003,0.001,0.323690566143634,0.9617180509828942,0.323394507265679,0.9302914764159063,0.22144568698249198,0.10041215690818472,0.0,False,False,0.3345676014244745,0.9472331365193833
0.47600000000000003,0.001,0.3246474579302584,0.9568917866243719,0.32557584353018854,1.0553959552252714,0.047986306520577865,0.22144568698249198,0.0,False,False,0.3355143723214498,0.9463066121235004
0.47700000000000004,0.001,0.3256055944340854,0.958136503826999,0.3246090653390569,0.8531785405895831,0.3239477442929631,0.047986306520577865,0.0,False,False,0.3364602105581061,0.9453678158813147
0.47800000000000004,0.001,0.3265562977072231,0.9507032731377199,0.32656182958270863,0.9631371108957953,0.17271450131442803,0.3239477442929631,0.0,False,False,0.3374051038625971,0.9444167477928251
0.47900000000000004,0.001,0.32751339555448294,0.9570978472598172,0.32978029352556537,1.18866979409189,-0.14002222760543132,0.17271450131442803,0.0,False,False,0.3383490399630763,0.9434534078580332
0.48,0.001,0.32846930073541947,0.9559051809364993,0.3286639745355851,0.958170915684674,0.17247283340874295,-0.14002222760543132,0.0,False,False,0.3392920065876977,0.9424777960769375
0.481,0.001,0.329408381184252,0.9390804488324818,0.33065909678563316,1.061866049121012,0.027896740215900218,0.17247283340874295,0.0,False,False,0.34023399146461464,0.9414899124495398
0.482,0.001,0.33034632895295957,0.937947768707589,0.3304261953750163,0.9323893031472226,0.20319870963970685,0.027896740215900218,0.0,False,False,0.3411749823219812,0.940489756975838
0.483,0.001,0.3312759197676031,0.9295908146435536,0.3317827433942868,0.9748051747595546,0.14358660876148915,0.20319870963970685,0.0,False,False,0.34211496688795096,0.9394773296558335
0.484,0.001,0.3322059521544701,0.9300323868669648,0.3321563994693725,0.9146902647921652,0.22467044042032205,0.14358660876148915,0.0,False,False,0.3430539328906774,0.938452630489526
0.485,0.001,0.33313344374222764,0.9274915877575713,0.3329847350741439,0.90605479879009,0.23576142653926319,0.22467044042032205,0.0,False,False,0.3439918680583146,0.9374156594769152
0.486,0.001,0.3340624588856552,0.9290151434275572,0.33338223217144547,0.855199028641239,0.3052383686283818,0.23576142653926319,0.0,False,False,0.34492876011901585,0.9363664166180014
0.487,0.001,0.33499354603983605,0.9310871541808101,0.33536905481431684,0.9683613900642516,0.14925196997736684,0.3052383686283818,0.0,False,False,0.345864596800935,0.9353049019127847
0.488,0.001,0.3359301707638316,0.936624723995506,0.3351870643811081,0.8533262077369552,0.306107315269293,0.14925196997736684,0.0,False,False,0.346799365832226,0.9342311153612649
0.489,0.001,0.33686451158742997,0.9343408235983923,0.3374453442787467,0.9938215767271146,0.1123669682049115,0.306107315269293,0.0,False,False,0.3477330549410422,0.9331450569634416
0.49,0.001,0.33780442041349745,0.9399088260674634,0.3387515119913318,1.0250561903129158,0.0668431612433823,0.1123669682049115,0.0,False,False,0.3486656518555375,0.9320467267193157
0.491,0.001,0.3387401879526709,0.9357675391734391,0.3390600469460838,0.953404066756827,0.16270622188653944,0.0668431612433823,0.0,False,False,0.3495971443038654,0.9309361246288862
0.492,0.001,0.33966955457974984,0.9293666270789145,0.3394197554357393,0.894034509046694,0.24287425238648083,0.16270622188653944,0.0,False,False,0.3505275200141798,0.9298132506921541
0.493,0.001,0.34059733905141476,0.9277844716649258,0.3409934987538978,0.9620053899578707,0.14834608123475362,0.24287425238648083,0.0,False,False,0.3514567667146342,0.9286781049091188
0.494,0.001,0.3415275560978123,0.9302170463975902,0.34125818804123853,0.8922737796961583,0.24258860275893873,0.14834608123475362,0.0,False,False,0.35238487213338254,0.9275306872797804
0.495,0.001,0.34245546958008605,0.9279134822737375,0.34327188846243284,1.0044164438459733,0.08706430440041878,0.24258860275893873,0.0,False,False,0.3533118239985784,0.9263709978041387
0.496,0.001,0.3433858008385686,0.9303312584825895,0.3417875975330381,0.7555457065219032,0.42768422104842174,0.08706430440041878,0.0,False,False,0.3542376100383755,0.9251990364821938
0.497,0.001,0.3443107639872373,0.92496314866868,0.3440178913088562,0.9030205134515199,0.22579102793219447,0.42768422104842174,0.0,False,False,0.35516221798092745,0.9240148033139463
0.498,0.001,0.3452474114943637,0.9366475071264264,0.34351010028920814,0.7619393601415638,0.41941436056263404,0.22579102793219447,0.0,False,False,0.35608563555438794,0.9228182982993953
0.499,0.001,0.34618560196285825,0.9381904684945305,0.344880915262605,0.8228269214670936,0.33682395400324017,0.41941436056263404,0.0,False,False,0.3570078504869107,0.9216095214385417
0.5,0.001,0.34713501038750694,0.949408424648684,0.3483252047101992,1.0849731740798014,-0.024636017281993022,0.33682395400324017,0.0,False,False,0.3579288505066496,0.9203884727313846
0.501,0.001,0.3480914623761572,0.9564519886502513,0.3488726586436478,1.031221250016684,0.04508804715947301,-0.024636017281993022,0.0,False,False,0.35884862334175804,0.9191551521779245
0.502,0.001,0.3490368567559887,0.9453943798315506,0.3484089918072969,0.8817324413799249,0.24785951051355803,0.04508804715947301,0.0,False,False,0.3597671567203899,0.9179095597781617
0.503,0.001,0.34997472396065893,0.937867204670198,0.34866354234413355,0.8190142509255975,0.3335410620059738,0.24785951051355803,0.0,False,False,0.3606844383706989,0.9166516955320952
0.504,0.001,0.3509152326720361,0.9405087113771952,0.34832819322250325,0.7035779136700077,0.4930651052937016,0.3335410620059738,0.0,False,False,0.3616004560208388,0.9153815594397259
0.505,0.001,0.3518626564016681,0.9474237296319851,0.3513883670975069,0.939237509803375,0.17011691546342317,0.4930651052937016,0.0,False,False,0.362515197398963,0.9140991515010534
0.506,0.001,0.35282494369164624,0.9622872899781422,0.35493715425306704,1.2001924743790493,-0.1920186755527148,0.17011691546342317,0.0,False,False,0.3634286502332254,0.9128044717160783
0.507,0.001,0.35378588767823765,0.9609439865914008,0.35416539579834655,1.002997381469095,0.07335748250064154,-0.1920186755527148,0.0,False,False,0.36434080225177967,0.9114975200847993
0.508,0.001,0.35472738695510503,0.9414992768673994,0.3542390680153813,0.9100648650256602,0.1983624349110382,0.07335748250064154,0.0,False,False,0.3652516411827796,0.9101782966072177
0.509,0.001,0.35566278810899,0.9354011538849619,0.3560686471560723,1.0020162925921925,0.06986174719888534,0.1983624349110382,0.0,False,False,0.36616115475437877,0.908846801283333
0.51,0.001,0.356598365780005,0.935577671014974,0.3552361726426919,0.8185672119949366,0.319719831478551,0.06986174719888534,0.0,False,False,0.36706933069473086,0.907503034113145
0.511,0.001,0.3575276942276958,0.9293284476908584,0.3572682306465871,0.9399162911849595,0.15221951423127691,0.319719831478551,0.0,False,False,0.36797615673198947,0.9061469950966544
0.512,0.001,0.35846329135316984,0.9355971254740225,0.3585501018249543,0.9741117799031835,0.10276762304519203,0.15221951423127691,0.0,False,False,0.36888162059430873,0.9047786842338601
0.513,0.001,0.35939675706585356,0.9334657126836903,0.35932162007273405,0.953852426690842,0.1278084286686459,0.10276762304519203,0.0,False,False,0.36978571000984184,0.9033981015247634
0.514,0.001,0.36032562729683876,0.9288702309852152,0.3610157358252597,1.0278787592743226,0.023059969100742567,0.1278084286686459,0.0,False,False,0.3706884127067427,0.9020052469693632
0.515,0.001,0.36125117246833344,0.9255451714947066,0.3615519321657884,0.9787105173997609,0.08694764025425915,0.023059969100742567,0.0,False,False,0.37158971641316507,0.9006001205676601
0.516,0.001,0.3621681684575972,0.9169959892637649,0.3627513929322336,1.0007855423043017,0.05336450266894595,0.08694764025425915,0.0,False,False,0.3724896088572627,0.8991827223196535
0.517,0.001,0.3630798438449166,0.9116753873194228,0.36247912570469687,0.8734802653202012,0.22548848141103103,0.05336450266894595,0.0,False,False,0.3733880777671891,0.897753052225344
0.518,0.001,0.3639845407558202,0.9046969109035924,0.3647680325034153,1.0150229186600215,0.028853240567939337,0.22548848141103103,0.0,False,False,0.3742851108710979,0.8963111102847316
0.519,0.001,0.3648908933031507,0.9063525473305296,0.36631240895532197,1.0679582719846885,-0.048092485631466814,0.028853240567939337,0.0,False,False,0.3751806958971431,0.894856896497816
0.52,0.001,0.36578906310232034,0.8981697991696045,0.3649424479345924,0.8241663427132637,0.2834515892815435,-0.048092485631466814,0.0,False,False,0.37607482057347813,0.8933904108645975
0.521,0.001,0.3666752355980117,0.8861724956913527,0.36590057500061823,0.83756241504452,0.26442324330616074,0.2834515892815435,0.0,False,False,0.3769674726282568,0.8919116533850754
0.522,0.001,0.3675660359831843,0.8908003851726645,0.3687317277214521,1.0369214456234521,-0.011516568649789227,0.26442324330616074,0.0,False,False,0.37785863978963274,0.890420624059251
0.523,0.001,0.3684604943289816,0.8944583457972819,0.36829351520039555,0.8894080489554544,0.1875974312545593,-0.011516568649789227,0.0,False,False,0.37874830978575985,0.8889173228871227
0.524,0.001,0.3693447990129632,0.8843046839816033,0.3705698642830378,1.0281021523241327,-0.005641573834957919,0.1875974312545593,0.0,False,False,0.37963647034479175,0.8874017498686916
0.525,0.001,0.3702289463497716,0.8841473368084048,0.3698427610882628,0.8525816176142214,0.23219701078682656,-0.005641573834957919,0.0,False,False,0.38052310919488186,0.8858739050039577
0.526,0.001,0.371103275018541,0.8743286687694234,0.37237304182216613,1.0203515292431315,-0.0005881887839292721,0.23219701078682656,0.0,False,False,0.3814082140641841,0.8843337882929205
0.527,0.001,0.3719797162231747,0.876441204633687,0.37209445924432116,0.8904581185343219,0.17433957929906924,-0.0005881887839292721,0.0,False,False,0.38229177268085224,0.8827813997355801
0.528,0.001,0.3728466222535507,0.8669060303759558,0.3730719694130773,0.8991633235565032,0.1602965594098475,0.17433957929906924,0.0,False,False,0.38317377277303993,0.8812167393319366
0.529,0.001,0.3737127776387701,0.8661553852194055,0.37507825170594167,1.0098752204872898,0.005284610446903815,0.1602965594098475,0.0,False,False,0.38405420206890073,0.8796398070819904
0.53,0.001,0.3745774832304191,0.8647055916490203,0.3742617789320235,0.8272404210467444,0.2530550668889641,0.005284610446903815,0.0,False,False,0.3849330482965884,0.8780506029857408
0.531,0.001,0.37543299423022386,0.8555109998047694,0.3746117102683658,0.7795095125763013,0.31790213784629867,0.2530550668889641,0.0,False,False,0.3858102991842566,0.8764491270431888
0.532,0.001,0.3762917359393739,0.8587417091499986,0.3759002898225391,0.8304165167359987,0.247444382497365,0.31790213784629867,0.0,False,False,0.38668594246005933,0.8748353792543326
0.533,0.001,0.37715693778857956,0.8652018492057135,0.3775516736264434,0.9125132454528271,0.132984597062333,0.247444382497365,0.0,False,False,0.38755996585214986,0.873209359619174
0.534,0.001,0.37802505104951334,0.868113260933759,0.3766586684943873,0.7319614077019353,0.37945798722024027,0.132984597062333,0.0,False,False,0.3884323570886822,0.8715710681377121
0.535,0.001,0.3788903410872565,0.8652900377431406,0.3794466393941026,0.9375623569032747,0.09624613855473725,0.37945798722024027,0.0,False,False,0.38930310389780987,0.869920504809947
0.536,0.001,0.3797651428642097,0.8748017769531801,0.3792949761938228,0.8286398011849656,0.24333136279064757,0.09624613855473725,0.0,False,False,0.39017219400768677,0.868257669635879
0.537,0.001,0.38063525774098284,0.8701148767731042,0.3816369132472767,0.9799695264118615,0.03318427762978779,0.24333136279064757,0.0,False,False,0.3910396151464663,0.8665825626155078
0.538,0.001,0.3815080587263884,0.8728009854055442,0.37941867245287253,0.6601484943302562,0.47045631391202875,0.03318427762978779,0.0,False,False,0.3919053550423023,0.8648951837488339
0.539,0.001,0.3823730277217338,0.8649689953454114,0.38168661959378036,0.8209283589880139,0.2502106817896361,0.47045631391202875,0.0,False,False,0.39276940142334843,0.8631955330358563
0.54,0.001,0.38325205965679343,0.8790319350596312,0.3817803385583406,0.7482074195452355,0.34925669138713444,0.2502106817896361,0.0,False,False,0.3936317420177587,0.8614836104765761
0.541,0.001,0.3841340859982023,0.8820263414088745,0.38341306476994996,0.836659298751649,0.22714753689046344,0.34925669138713444,0.0,False,False,0.39449236455368614,0.8597594160709926
0.542,0.001,0.38502404706881493,0.8899610706125957,0.3852401763397784,0.9357045258593296,0.08878155630285188,0.22714753689046344,0.0,False,False,0.3953512567592851,0.8580229498191057
0.543,0.001,0.3859158056719896,0.8917586031746685,0.38575940093592276,0.8940565328878307,0.142743312281855,0.08878155630285188,0.0,False,False,0.396208406362709,0.8562742117209164
0.544,0.001,0.3868024363185667,0.8866306465771124,0.3865813226771246,0.8868430537192302,0.14988878913839795,0.142743312281855,0.0,False,False,0.3970638010921116,0.8545132017764234
0.545,0.001,0.3876866576081716,0.8842212896048968,0.3875477426019243,0.8948007408272806,0.13618136431701428,0.14988878913839795,0.0,False,False,0.3979174286756464,0.852739919985628
0.546,0.001,0.388568836452075,0.8821788439033971,0.3887463261750078,0.9251790240529025,0.09134352275102309,0.13618136431701428,0.0,False,False,0.39876927684146735,0.8509543663485288
0.547,0.001,0.38944829564881867,0.8794591967436342,0.3885681819209717,0.8148466962440006,0.24009253868696565,0.09134352275102309,0.0,False,False,0.39961933331772803,0.849156540865127
0.548,0.001,0.3903228041849129,0.8745085360942108,0.3909396468624243,0.9705085207648578,0.023708408787519147,0.24009253868696565,0.0,False,False,0.4004675858325822,0.8473464435354218
0.549,0.001,0.39119981931379705,0.8770151288841822,0.39177810446500455,0.9573034289463999,0.03751129218083707,0.023708408787519147,0.0,False,False,0.4013140221141835,0.8455240743594133
0.55,0.001,0.39206851180260505,0.8686924888080214,0.39240452079046445,0.9242147185977498,0.07894362149120342,0.03751129218083707,0.0,False,False,0.40215862989068557,0.8436894333371026
0.551,0.001,0.3929296050860669,0.8610932834618312,0.3934152721347403,0.932868381165561,0.0633192127625474,0.07894362149120342,0.0,False,False,0.4030013968902422,0.8418425204684885
0.552,0.001,0.39378520117746946,0.8555960914025441,0.394043874681284,0.9024417977033726,0.10142169653525378,0.0633192127625474,0.0,False,False,0.4038423108410071,0.8399833357535711
0.553,0.001,0.39463454084514454,0.8493396676750613,0.39641047732774914,1.0488578825795507,-0.10401932548371262,0.10142169653525378,0.0,False,False,0.40468135947113404,0.8381118791923501
0.554,0.001,0.3954795542389757,0.8450133938311237,0.3954035502367676,0.843279385223441,0.1736081635698222,-0.10401932548371262,0.0,False,False,0.40551853050877645,0.8362281507848267
0.555,0.001,0.3963099866129573,0.8304323739816136,0.39604200595107936,0.8227970181322728,0.1994546620366313,0.1736081635698222,0.0,False,False,0.4063538116820882,0.834332150531
0.556,0.001,0.3971397776656215,0.8297910526641783,0.39648220080153035,0.7845368013641447,0.25015431099853785,0.1994546620366313,0.0,False,False,0.407187190719223,0.83242387843087
0.557,0.001,0.3979702222871768,0.8304446215553531,0.3970694031698262,0.764803358057315,0.2759265109256952,0.25015431099853785,0.0,False,False,0.4080186553483344,0.8305033344844376
0.558,0.001,0.3988038528457959,0.8336305586190587,0.397717846338705,0.7531673391394634,0.2908300607223703,0.2759265109256952,0.0,False,False,0.4088481932975763,0.8285705186917021
0.559,0.001,0.3996419452077268,0.8380923619308672,0.3988663232327888,0.7926982946338987,0.23528300682416187,0.2908300607223703,0.0,False,False,0.4096757922951024,0.8266254310526627
0.56,0.001,0.40048522670324604,0.8432814955192622,0.4004235464344263,0.8691507853342569,0.12802282890319644,0.23528300682416187,0.0,False,False,0.4105014400690663,0.8246680715673205
0.561,0.001,0.4013308992231244,0.8456725198783933,0.4016226267564076,0.9021437389989606,0.079310598125911,0.12802282890319644,0.0,False,False,0.41132512434762164,0.8226984402356756
0.562,0.001,0.4021735901943685,0.8426909712440396,0.40221822005976765,0.871488695435071,0.11778844033196956,0.079310598125911,0.0,False,False,0.41214683285892223,0.820716537057727
0.5630000000000001,0.001,0.40301087593163387,0.8372857372653589,0.402342820375068,0.7967998574216011,0.21753419874321514,0.11778844033196956,0.0,False,False,0.41296655333112164,0.818722362033476
0.5640000000000001,0.001,0.4038447019479668,0.833826016332896,0.4046302611738557,0.9458639515582086,0.009794578058981762,0.21753419874321514,0.0,False,False,0.41378427349237384,0.8167159151629212
0.5650000000000001,0.001,0.40468006937017154,0.8353674222047252,0.4053253286533026,0.9207843043470798,0.039639214034312364,0.009794578058981762,0.0,False,False,0.4145999810708321,0.8146971964460642
0.5660000000000001,0.001,0.4055065850515904,0.8265156814188553,0.40536726562110287,0.8328995706923967,0.15655512935246324,0.039639214034312364,0.0,False,False,0.4154136637946504,0.8126662058829033
0.5670000000000001,0.001,0.4063257766309853,0.8191915793948955,0.405755999807794,0.7884830322922679,0.21501546593279808,0.15655512935246324,0.0,False,False,0.41622530939198243,0.8106229434734394
0.5680000000000001,0.001,0.4071435192005302,0.8177425695449391,0.40762211284694755,0.8962460329783983,0.06421592087974681,0.21501546593279808,0.0,False,False,0.41703490559098183,0.8085674092176731
0.5690000000000001,0.001,0.4079627415730936,0.8192223725633992,0.4081267794735145,0.8570880923372537,0.11417570456719911,0.06421592087974681,0.0,False,False,0.41784244011980226,0.8064996031156032
0.5700000000000001,0.001,0.40877589785221075,0.813156279117133,0.407512168418977,0.709918177649781,0.31384479819810907,0.11417570456719911,0.0,False,False,0.4186479007065976,0.8044195251672304
0.5710000000000001,0.001,0.40958551029143975,0.8096124392290244,0.4095261863267759,0.84032815066469,0.13305042719885662,0.31384479819810907,0.0,False,False,0.41945127507952146,0.8023271753725538
0.5720000000000001,0.001,0.41040157652082176,0.8160662293820137,0.4106302459047635,0.8667012933969803,0.09342700351686528,0.13305042719885662,0.0,False,False,0.4202525509667275,0.8002225537315749
0.5730000000000001,0.001,0.4112150310066462,0.8134544858244285,0.41042989919228423,0.7599964928093563,0.23692370519545133,0.09342700351686528,0.0,False,False,0.4210517160963691,0.7981056602442927
0.5740000000000001,0.001,0.41202390302470315,0.8088720180569741,0.4121895726381117,0.8599641881111655,0.09708010821224793,0.23692370519545133,0.0,False,False,0.42184875819660045,0.7959764949107072
0.5750000000000001,0.001,0.41283538573994766,0.8114827152445188,0.4115658136199579,0.7115918674846732,0.2980931530564834,0.09708010821224793,0.0,False,False,0.42264366499557504,0.7938350577308192
0.5760000000000001,0.001,0.4136424765297418,0.807090789794153,0.41480851887297154,0.964703206037568,-0.052323932526977895,0.2980931530564834,0.0,False,False,0.42343642422144656,0.7916813487046278
0.577,0.001,0.4144552436140296,0.8127670842878006,0.41554428542100463,0.9418095402371202,-0.02646371962142907,-0.052323932526977895,0.0,False,False,0.4242270236023688,0.7895153678321334
0.578,0.001,0.4152561434333539,0.8008998193243005,0.41503578048825657,0.7967780929386016,0.16830489341797966,-0.02646371962142907,0.0,False,False,0.4250154508664954,0.7873371151133356
0.579,0.001,0.4160465164674198,0.7903730340659318,0.41636369021121716,0.8498912559408011,0.09219046508265316,0.16830489341797966,0.0,False,False,0.42580169374198007,0.7851465905482351
0.58,0.001,0.41683614325402035,0.7896267866005671,0.4147330896030533,0.6018420695303319,0.43066977589841626,0.09219046508265316,0.0,False,False,0.4265857399569764,0.7829437941368318
0.581,0.001,0.41762122105672866,0.7850778027082974,0.41661211735826054,0.7295606380980251,0.25499998320211825,0.43066977589841626,0.0,False,False,0.42736757723963825,0.7807287258791246
0.582,0.001,0.41841869203702103,0.7974709802923851,0.4181623215655406,0.8116249950162308,0.13997936045707463,0.25499998320211825,0.0,False,False,0.4281471933181192,0.7785013857751145
0.583,0.001,0.41921972313255235,0.8010310955313215,0.41828411057038967,0.7426413959995126,0.23187282969364836,0.13997936045707463,0.0,False,False,0.4289245759205731,0.7762617738248015
0.584,0.001,0.4200185490717244,0.7988259391720499,0.420641977611053,0.9041639604658933,0.006854348428559559,0.23187282969364836,0.0,False,False,0.4296997127751535,0.7740098900281851
0.585,0.001,0.42081977334862447,0.8012242769000442,0.4225627433786351,1.005824141177514,-0.13851681998587545,0.006854348428559559,0.0,False,False,0.4304725916100141,0.7717457343852657
0.586,0.001,0.42161213544583837,0.792362097213872,0.42058534540176484,0.7075019293727383,0.26620223855575215,-0.13851681998587545,0.0,False,False,0.43124320015330847,0.769469306896044
0.587,0.001,0.4223884022536641,0.7762668078257227,0.42165757756535177,0.7439749527941573,0.21421785994073392,0.26620223855575215,0.0,False,False,0.43201152613319066,0.7671806075605189
0.588,0.001,0.4231688741061863,0.7804718525222074,0.42337434156845916,0.84125385782548,0.0776088170322419,0.21421785994073392,0.0,False,False,0.43277755727781414,0.7648796363786902
0.589,0.001,0.4239509349642955,0.7820608581091553,0.4253568990354639,0.9553842187434083,-0.08406250943378296,0.0776088170322419,0.0,False,False,0.43354128131533265,0.7625663933505582
0.59,0.001,0.4247277480198238,0.7768130555283307,0.4236610251975427,0.6902584130769428,0.275528852453446,-0.08406250943378296,0.0,False,False,0.4343026859738998,0.760240878476124
0.591,0.001,0.42549125069765836,0.7635026778345282,0.4257085757121911,0.8259876232340928,0.08665586107616145,0.275528852453446,0.0,False,False,0.43506175898166943,0.757903091755386
0.592,0.001,0.4262594758074042,0.7682251097458623,0.4278488588878781,0.9574171784793821,-0.09878364912873669,0.08665586107616145,0.0,False,False,0.4358184880667952,0.7555530331883453
0.593,0.001,0.4270229608097649,0.763485002360687,0.42558152903048163,0.6349424748917969,0.33974184814492936,-0.09878364912873669,0.0,False,False,0.43657286095743075,0.7531907027750012
0.594,0.001,0.4277724526896597,0.7494918798948074,0.4266545089093911,0.6787462152935647,0.2785502787682429,0.33974184814492936,0.0,False,False,0.4373248653817297,0.7508161005153547
0.595,0.001,0.42852993369444214,0.7574810047824746,0.4281602671936451,0.761447422189606,0.16283415879937307,0.2785502787682429,0.0,False,False,0.4380744890678459,0.7484292264094046
0.596,0.001,0.4292923122891439,0.7623785947017568,0.42883801319654097,0.7530772802602339,0.1712500780893603,0.16283415879937307,0.0,False,False,0.4388217197439332,0.7460300804571508
0.597,0.001,0.4300537830774068,0.7614707882629185,0.43076291147626916,0.8702593802070298,0.0064965448556409955,0.1712500780893603,0.0,False,False,0.43956654513814486,0.7436186626585951
0.598,0.001,0.43081477048642114,0.7609874090143348,0.43102565837543716,0.8095081321031267,0.0851235119502894,0.0064965448556409955,0.0,False,False,0.44030895297863487,0.7411949730137355
0.599,0.001,0.4315670387730422,0.7522682866210595,0.4300180921711054,0.6278006984596407,0.33170507447964415,0.0851235119502894,0.0,False,False,0.4410489309935568,0.7387590115225736
0.6,0.001,0.4323145541621143,0.7475153890720897,0.43276433458859676,0.8396448703628094,0.03839747119117816,0.33170507447964415,0.0,False,False,0.44178646691106455,0.7363107781851077
0.601,0.001,0.43306966474335407,0.7551105812397836,0.432565666986221,0.7358136230889539,0.17684984641049478,0.03839747119117816,0.0,False,False,0.4425215484593117,0.7338502730013394
0.602,0.001,0.43381767475582844,0.7480100124743834,0.4349298397597536,0.8986495381333155,-0.05088862567388955,0.17684984641049478,0.0,False,False,0.4432541633664518,0.7313774959712677
0.603,0.001,0.43456553522057345,0.7478604647450106,0.43401786177780827,0.7175867861254529,0.1929626696542773,-0.05088862567388955,0.0,False,False,0.4439842993606388,0.7288924470948923
0.604,0.001,0.4353018598121758,0.736324591602336,0.4347463081742433,0.7186727471564122,0.18864830298305676,0.1929626696542773,0.0,False,False,0.4447119441700263,0.7263951263722147
0.605,0.001,0.43603888723889445,0.7370274267186405,0.4365111136536524,0.8232860203816813,0.0413869097499404,0.18864830298305676,0.0,False,False,0.44543708552276784,0.7238855338032336
0.606,0.001,0.43677639897105536,0.7375117321609188,0.43744217792442724,0.834063845420996,0.021675386766965177,0.0413869097499404,0.0,False,False,0.44615971114701725,0.7213636693879503
0.607,0.001,0.43750703000177515,0.7306310307197722,0.43789807046561413,0.796246714997585,0.06877067125018853,0.021675386766965177,0.0,False,False,0.4468798087709283,0.7188295331263628
0.608,0.001,0.4382298222777104,0.7227922759352414,0.43675886112515294,0.6027011094517076,0.33139150863514727,0.06877067125018853,0.0,False,False,0.44759736612265455,0.7162831250184729
0.609,0.001,0.4389471619181044,0.7173396403940099,0.43941668554139796,0.8082134401310381,0.046735542921022166,0.33139150863514727,0.0,False,False,0.44831237093034976,0.7137244450642796
0.61,0.001,0.4396722017753686,0.7250398572641912,0.4387695977262883,0.6626833146069706,0.24275805191400132,0.046735542921022166,0.0,False,False,0.44902481092216756,0.7111534932637831
0.611,0.001,0.4403906782503498,0.7184764749811855,0.440595995390275,0.7790547495449415,0.07991483593421193,0.24275805191400132,0.0,False,False,0.4497346738262617,0.7085702696169842
0.612,0.001,0.4411124187220267,0.7217404716769609,0.4398699760434399,0.628547339906939,0.2832084049525651,0.07991483593421193,0.0,False,False,0.45044194737078624,0.7059747741238817
0.613,0.001,0.44182926797361366,0.7168492515869637,0.4422187575235736,0.8005707539296127,0.04405701511160949,0.2832084049525651,0.0,False,False,0.4511466192838944,0.7033670067844755
0.614,0.001,0.4425514102484419,0.7221422748282441,0.44184751991728477,0.6833899179077694,0.20084929240538543,0.04405701511160949,0.0,False,False,0.4518486772937397,0.700746967598767
0.615,0.001,0.44326686680492644,0.7154565564845116,0.44214755691756585,0.6450546261451008,0.2508819763023732,0.20084929240538543,0.0,False,False,0.45254810912847626,0.6981146565667556
0.616,0.001,0.4439835039998053,0.7166371948788428,0.44460642958223795,0.8264364299978002,-0.0016671147588742663,0.2508819763023732,0.0,False,False,0.4532449025162578,0.6954700736884403
0.617,0.001,0.44470381874471976,0.7203147449144461,0.44491469337085304,0.7746191658595295,0.06427119638407706,-0.0016671147588742663,0.0,False,False,0.4539390451852378,0.6928132189638222
0.618,0.001,0.4454151688749166,0.7113501301968447,0.44487937303915814,0.6936252161040867,0.17134338438599236,0.06427119638407706,0.0,False,False,0.4546305248635701,0.6901440923929012
0.619,0.001,0.4461208871644119,0.7057182894952612,0.44738727961194785,0.8750533517726489,-0.0823318953420816,0.17134338438599236,0.0,False,False,0.45531932927940805,0.6874626939756779
0.62,0.001,0.4468263497499685,0.7054625855565797,0.4464418079693046,0.6930008523310592,0.16226729310613153,-0.0823318953420816,0.0,False,False,0.4560054461609058,0.6847690237121505
0.621,0.001,0.4475188738904157,0.6925241404472493,0.4475468931217132,0.7342092823388124,0.10198002117727636,0.16226729310613153,0.0,False,False,0.45668886323621694,0.68206308160232
0.622,0.001,0.4482107412989565,0.6918674085407669,0.44844541255220055,0.7506402971536666,0.07508028685432369,0.10198002117727636,0.0,False,False,0.45736956823349495,0.6793448676461871
0.623,0.001,0.44889894023892196,0.6881989399654677,0.4483581796982724,0.6668529820454857,0.18612232504510373,0.07508028685432369,0.0,False,False,0.4580475488808939,0.67661438184375
0.624,0.001,0.4495821403974703,0.683200158548322,0.44999328437474384,0.7636781514880804,0.049363320821135245,0.18612232504510373,0.0,False,False,0.4587227929065671,0.673871624195011
0.625,0.001,0.45026591387163667,0.6837734741663839,0.44980038887861085,0.668020786725973,0.17642315444983223,0.049363320821135245,0.0,False,False,0.4593952880386685,0.671116594699968
0.626,0.001,0.45094342041794744,0.6775065463107751,0.45058419821544454,0.6795996417367454,0.15715441016457993,0.17642315444983223,0.0,False,False,0.4600650220053516,0.6683492933586228
0.627,0.001,0.45162103809579546,0.6776176778480236,0.45281016812542724,0.8342366685613403,-0.05980767870026443,0.15715441016457993,0.0,False,False,0.4607319825347703,0.6655697201709736
0.628,0.001,0.4522978030234403,0.6767649276448605,0.45138972038510666,0.6087682276731489,0.24492744241613412,-0.05980767870026443,0.0,False,False,0.46139615735507816,0.6627778751370215
0.629,0.001,0.45296287050743955,0.6650674839992678,0.4508573224623357,0.49465161262873514,0.39999038593131875,0.24492744241613412,0.0,False,False,0.4620575341944291,0.6599737582567664
0.63,0.001,0.4536315240936236,0.6686535861840774,0.4550373318238807,0.8631873875203616,-0.1090181803604624,0.39999038593131875,0.0,False,False,0.4627161007809763,0.6571573695302085
0.631,0.001,0.4543115025847595,0.679978491135907,0.45653621090906543,0.9267565572868012,-0.20387200718679316,-0.1090181803604624,0.0,False,False,0.4633718448428738,0.654328708957348
0.632,0.001,0.4549773102529128,0.6658076681533402,0.45462364610095135,0.6428244207467131,0.1796159710815997,-0.20387200718679316,0.0,False,False,0.46402475410827554,0.6514877765381833
0.633,0.001,0.45562426109003423,0.6469508371213872,0.45393405104569934,0.5095824731468406,0.36019629362448935,0.1796159710815997,0.0,False,False,0.4646748163053348,0.6486345722727164
0.634,0.001,0.45627160492236124,0.6473438323269817,0.4560006565393961,0.6652847752018314,0.1443657123615075,0.36019629362448935,0.0,False,False,0.46532201916220556,0.6457690961609456
0.635,0.001,0.4569283691940401,0.6567642716788982,0.4566785925505656,0.6665498987985983,0.1387893807016922,0.1443657123615075,0.0,False,False,0.4659663504070414,0.6428913482028716
0.636,0.001,0.45758372469425035,0.6553555002102579,0.4574179848765567,0.6738341415178513,0.12481725630267565,0.1387893807016922,0.0,False,False,0.4666077977679957,0.640001328398496
0.637,0.001,0.45823739824149484,0.6536735472445014,0.4572657838823014,0.5912306279405326,0.23469226220532946,0.12481725630267565,0.0,False,False,0.46724634897322304,0.6370990367478157
0.638,0.001,0.4588886979573655,0.6512997158706573,0.4593944604650072,0.7449752234170617,0.019826662946166557,0.23469226220532946,0.0,False,False,0.46788199175087614,0.6341844732508332
0.639,0.001,0.4595431270874829,0.6544291301174411,0.4600008461199697,0.7311162665716071,0.03341926436763783,0.019826662946166557,0.0,False,False,0.46851471382910914,0.6312576379075473
0.64,0.001,0.4601899298342272,0.6468027467442796,0.4588858149129195,0.5465015192094266,0.2828367982270496,0.03341926436763783,0.0,False,False,0.4691445029360757,0.6283185307179588
0.641,0.001,0.46082981633320286,0.6398864989756844,0.4614399805875658,0.7472679347531119,0.0036836521372955733,0.2828367982270496,0.0,False,False,0.4697713467999297,0.6253671516820662
0.642,0.001,0.461475285126094,0.6454687928911341,0.4632665906981538,0.8552021523365997,-0.151042817732001,0.0036836521372955733,0.0,False,False,0.47039523314882453,0.6224035007998711
0.643,0.001,0.46211235622642044,0.6370711003264343,0.46226241992561296,0.6692648598488562,0.09776239800243738,-0.151042817732001,0.0,False,False,0.4710161497109139,0.6194275780713735
0.644,0.001,0.46273332690145896,0.6209706750385285,0.462438955165063,0.6199918978089755,0.16124930571231155,0.09776239800243738,0.0,False,False,0.4716340842143516,0.6164393834965728
0.645,0.001,0.4633507018136975,0.6173749122384963,0.46322678063170614,0.6367752546923912,0.13439678246023057,0.16124930571231155,0.0,False,False,0.4722490243872916,0.6134389170754679
0.646,0.001,0.46396766969157266,0.6169678778751578,0.4645045825080115,0.7008779168536905,0.04187267244300667,0.13439678246023057,0.0,False,False,0.47286095795788724,0.6104261788080603
0.647,0.001,0.46458288953705934,0.6152198454866687,0.46307259364771547,0.48759123913871627,0.3309229375851437,0.04187267244300667,0.0,False,False,0.4734698726542923,0.6074011686943502
0.648,0.001,0.4651917421367862,0.6088525997268724,0.4653352000881173,0.6650927592650273,0.08445536306094703,0.3309229375851437,0.0,False,False,0.4740757562046604,0.6043638867343364
0.649,0.001,0.4658087054729934,0.6169633362072221,0.4654679613965701,0.6118596141838046,0.153137091423414,0.08445536306094703,0.0,False,False,0.47467859633714543,0.6013143329280196
0.65,0.001,0.46642142372400885,0.6127182510154405,0.46803395524784835,0.80727303789325,-0.12042497716446976,0.153137091423414,0.0,False,False,0.47527838077990114,0.5982525072754
0.651,0.001,0.4670333479565914,0.6119242325825495,0.4668813535729866,0.6112855666177497,0.1425587981761727,-0.12042497716446976,0.0,False,False,0.475875097261081,0.5951784097764774
0.652,0.001,0.4676308032433854,0.5974552867939957,0.4690863097617483,0.7706526288321456,-0.0813890786334465,0.1425587981761727,0.0,False,False,0.47646873350883867,0.5920920404312514
0.653,0.001,0.468226996648941,0.5961934055556284,0.46726380118571326,0.5113365083454257,0.2695068382542205,-0.0813890786334465,0.0,False,False,0.47705927725132796,0.5889933992397222
0.654,0.001,0.46881073582694277,0.5837391780017336,0.4693232161281041,0.6661443517499699,0.053508762937076806,0.2695068382542205,0.0,False,False,0.47764671621670257,0.5858824862018905
0.655,0.001,0.4693996153901452,0.5888795632024377,0.46967834470188996,0.6350427739535563,0.0912083145991115,0.053508762937076806,0.0,False,False,0.47823103813311624,0.5827593013177551
0.656,0.001,0.46998281487324167,0.5831994830964818,0.4692244280817099,0.5261468345401935,0.2367528597027806,0.0912083145991115,0.0,False,False,0.4788122307287228,0.5796238445873169
0.657,0.001,0.4705622419741357,0.5794271008940515,0.4707170492881687,0.6227942717320564,0.10053639711734724,0.2367528597027806,0.0,False,False,0.47939028173167564,0.5764761160105751
0.658,0.001,0.47114518900961133,0.5829470354756143,0.4722033113068695,0.7091410464289286,-0.023276300871016897,0.10053639711734724,0.0,False,False,0.47996517887012835,0.5733161155875316
0.659,0.001,0.4717248310768009,0.5796420671895792,0.4714422695102787,0.5621227621269547,0.17332882394469257,-0.023276300871016897,0.0,False,False,0.48053690987223524,0.5701438433181834
0.66,0.001,0.47229499076067816,0.57015968387727,0.47081847480823924,0.4435310157103155,0.33327971803304035,0.17332882394469257,0.0,False,False,0.4811054624661492,0.5669592992025329
0.661,0.001,0.47286553624701716,0.5705454863389956,0.4728502097896178,0.6023514122771381,0.11246434778345474,0.33327971803304035,0.0,False,False,0.48167082438002473,0.5637624832405794
0.662,0.001,0.47344446353731245,0.5789272902952917,0.47265695082480413,0.5227903745680595,0.21768421034691504,0.11246434778345474,0.0,False,False,0.48223298334201525,0.560553395432322
0.663,0.001,0.4740206983358357,0.5762347985232832,0.47372194950863306,0.5770112054941458,0.13964459262987866,0.21768421034691504,0.0,False,False,0.4827919270802741,0.5573320357777627
0.664,0.001,0.47459951240568227,0.5788140698465358,0.47452831364516407,0.5999464985978324,0.10373022101512192,0.13964459262987866,0.0,False,False,0.48334764332295527,0.5540984042768994
0.665,0.001,0.4751769934488809,0.5774810431986436,0.4736885310957105,0.4559735937926943,0.2976632852094823,0.10373022101512192,0.0,False,False,0.48390011979821246,0.5508525009297338
0.666,0.001,0.47575135107895755,0.5743576300766051,0.47434142319853506,0.4756654446958792,0.2682572358904174,0.2976632852094823,0.0,False,False,0.4844493442341992,0.5475943257362647
0.667,0.001,0.4763322944427743,0.5809433638167728,0.4767529771175038,0.6692542921231657,-0.0015546057638246846,0.2682572358904174,0.0,False,False,0.48499530435906957,0.544323878696492
0.668,0.001,0.47691832689493036,0.5860324521560266,0.4764621687794357,0.5732480291040386,0.1247165010353948,-0.0015546057638246846,0.0,False,False,0.48553798790097685,0.541041159810417
0.669,0.001,0.47749593748698954,0.5776105920592113,0.4752577758251563,0.3954839307656971,0.3654676077073426,0.1247165010353948,0.0,False,False,0.4860773825880748,0.5377461690780386
0.67,0.001,0.4780714734617323,0.5755359747427442,0.47875637908940505,0.7057958641139996,-0.06420060207354741,0.3654676077073426,0.0,False,False,0.48661347614851747,0.5344389064993572
0.671,0.001,0.4786569806729614,0.5855072112291404,0.4788946681235807,0.6490451811201673,0.007017616508837671,-0.06420060207354741,0.0,False,False,0.487146256310458,0.531119372074373
0.672,0.001,0.47923093582524195,0.5739551522805465,0.47860796251891535,0.5554701025416134,0.13000042501020176,0.007017616508837671,0.0,False,False,0.48767571080205063,0.5277875658030857
0.673,0.001,0.4797969460377388,0.5660102124968662,0.4786477948941039,0.5039063298063086,0.19661717368723192,0.13000042501020176,0.0,False,False,0.48820182735144885,0.5244434876854945
0.674,0.001,0.4803611922306362,0.5642461928973889,0.48109057221587886,0.6977934290031724,-0.07463516306119236,0.19661717368723192,0.0,False,False,0.4887245936868063,0.5210871377216003
0.675,0.001,0.4809270122974464,0.565820066810161,0.481231878227825,0.6421446872974671,-0.0050932581111464426,-0.07463516306119236,0.0,False,False,0.4892439975362766,0.5177185159114038
0.676,0.001,0.48148083732583624,0.5538250283898607,0.48356005005575475,0.8107474013606975,-0.24409215662629336,-0.0050932581111464426,0.0,False,False,0.48976002662801355,0.5143376222549044
0.677,0.001,0.482026192391207,0.545355065370744,0.48239287611756154,0.6129552674053066,0.019423293523127688,-0.24409215662629336,0.0,False,False,0.4902726686901713,0.5109444567521003
0.678,0.001,0.4825511614284849,0.5249690372779463,0.48288949624525224,0.6013217534338454,0.02952419286468161,0.019423293523127688,0.0,False,False,0.4907819114509024,0.5075390194029945
0.679,0.001,0.4830690017542899,0.517840325804991,0.4829233296545932,0.5445729190245597,0.10201750312746123,0.02952419286468161,0.0,False,False,0.49128774263836156,0.5041213102075858
0.68,0.001,0.48358024692843493,0.511245174145005,0.48429301833510924,0.627084495173705,-0.016723429588727495,0.10201750312746123,0.0,False,False,0.49179014998070203,0.5006913291658736
0.681,0.001,0.4840885479970397,0.5083010686047981,0.4846340377404033,0.5984779861857419,0.016316810492682618,-0.016723429588727495,0.0,False,False,0.492289121206078,0.4972490762778573
0.682,0.001,0.48458797968989065,0.4994316928509425,0.48568031582634147,0.6432579961609834,-0.051478225647515585,0.016316810492682618,0.0,False,False,0.49278464404264244,0.49379455154353924
0.683,0.001,0.4850802294964948,0.4922498066041729,0.4846252894266785,0.47342955657858676,0.1760033403148755,-0.051478225647515585,0.0,False,False,0.49327670621854947,0.4903277549629183
0.684,0.001,0.4855619363925902,0.4817068960953804,0.4851819716930572,0.48175482755860083,0.16061245861299256,0.1760033403148755,0.0,False,False,0.49376529546195286,0.4868486865359933
0.685,0.001,0.48604451662811693,0.4825802355267427,0.485626420238659,0.47802419936291796,0.16163140300206452,0.16061245861299256,0.0,False,False,0.4942503995010061,0.48335734626276533
0.686,0.001,0.4865271971656322,0.48268053751528534,0.4872173018538828,0.5893099409490066,0.0039172276127188155,0.16163140300206452,0.0,False,False,0.4947320060638631,0.4798537341432345
0.687,0.001,0.4870100285511475,0.4828313855153274,0.48831760692169274,0.6404094536351007,-0.07282099692352118,0.0039172276127188155,0.0,False,False,0.4952101028786771,0.4763378501774007
0.6880000000000001,0.001,0.4874851244725014,0.47509592135390205,0.4870847106051549,0.4530788766178072,0.1784763885290014,-0.07282099692352118,0.0,False,False,0.4956846776736023,0.47280969436526404
0.6890000000000001,0.001,0.48794867896032373,0.4635544878223104,0.48757799395402573,0.4570993238431097,0.1690029674462507,0.1784763885290014,0.0,False,False,0.49615571817679205,0.4692692667068239
0.6900000000000001,0.001,0.4884133030496212,0.46462408929747123,0.4886873871327238,0.5223287093286058,0.07491027915435025,0.1690029674462507,0.0,False,False,0.4966232121164005,0.4657165672020808
0.6910000000000001,0.001,0.4888785187909338,0.4652157413125939,0.48866405142344055,0.46776226746741956,0.14488291840886586,0.07491027915435025,0.0,False,False,0.497087147220581,0.46215159585103427
0.6920000000000001,0.001,0.48933961918323887,0.46110039230506106,0.49017044272838545,0.5716251712151674,-0.0028737494699477284,0.14488291840886586,0.0,False,False,0.4975475112174872,0.4585743526536848
0.6930000000000001,0.001,0.48980011931989514,0.4605001366562841,0.48783507293274814,0.28092567452991973,0.39191693594158283,-0.0028737494699477284,0.0,False,False,0.498004291835273,0.4549848376100324
0.6940000000000001,0.001,0.4902526337685313,0.4525144486361616,0.4895311975179536,0.4224455655974738,0.19539800926161038,0.39191693594158283,0.0,False,False,0.49845747680209174,0.45138305072007706
0.6950000000000001,0.001,0.49071693400617,0.4643002376386961,0.49003414694871944,0.4304959521143107,0.18043997199621614,0.19539800926161038,0.0,False,False,0.49890705384609757,0.44776899198381886
0.6960000000000001,0.001,0.4911831469433212,0.46621293715122186,0.489158254331592,0.2998570951901347,0.35664829400268483,0.18043997199621614,0.0,False,False,0.49935301069544413,0.4441426614012566
0.6970000000000001,0.001,0.49165051702732365,0.4673700840024278,0.49080958384467205,0.435004336979127,0.16834318859694472,0.35664829400268483,0.0,False,False,0.4997953350782846,0.44050405897239253
0.6980000000000001,0.001,0.4921278500456902,0.47733301836655234,0.4913292256761265,0.4434680864266619,0.15234832076431684,0.16834318859694472,0.0,False,False,0.5002340147227733,0.43685318469722445
0.6990000000000001,0.001,0.49260569089141315,0.4778408457229334,0.4924301939732912,0.5092181075004619,0.057065498198256265,0.15234832076431684,0.0,False,False,0.5006690373570638,0.43319003857575283
0.7000000000000001,0.001,0.4930832377897914,0.4775468983782575,0.49405448375338473,0.6207252747597704,-0.10262645977550411,0.057065498198256265,0.0,False,False,0.5011003907093095,0.42951462060797946
0.7010000000000001,0.001,0.49355572777548606,0.4724899856946573,0.4933418720139681,0.487391573342132,0.07347385782865223,-0.10262645977550411,0.0,False,False,0.5015280625076641,0.42582693079390205
0.7020000000000001,0.001,0.49401519647824915,0.4594687027631034,0.493115641808576,0.41602939546870465,0.16637226448848505,0.07347385782865223,0.0,False,False,0.5019520404802817,0.4221269691335223
0.7030000000000001,0.001,0.4944705009990926,0.4553045208434836,0.4944207987856857,0.5049421536328043,0.03929434264618133,0.16637226448848505,0.0,False,False,0.5023723123553157,0.41841473562683906
0.704,0.001,0.49492630291507717,0.4558019159845339,0.4958418796210384,0.5965560218047933,-0.09319319751925961,0.03929434264618133,0.0,False,False,0.50278886586092,0.4146902302738529
0.705,0.001,0.49537624634053007,0.44994342545290483,0.4945245616052765,0.4051686180481292,0.16313009019120925,-0.09319319751925961,0.0,False,False,0.5032016887252481,0.4109534530745638
0.706,0.001,0.4958137303324052,0.4374839918751302,0.4950191038418855,0.414105979904216,0.14636807597193507,0.16313009019120925,0.0,False,False,0.5036107686764538,0.4072044040289707
0.707,0.001,0.49625162089282243,0.43789056041719016,0.4967390468114686,0.5446896788720998,-0.038509075520035047,0.14636807597193507,0.0,False,False,0.5040160934426905,0.4034430831370752
0.708,0.001,0.4966890782947965,0.43745740197411814,0.49649575156321746,0.46589118615977804,0.06312815048702794,-0.038509075520035047,0.0,False,False,0.5044176507521124,0.39966949039887684
0.709,0.001,0.49711686041338676,0.4277821185902199,0.4976818973988436,0.5379166511064153,-0.04203607353792002,0.06312815048702794,0.0,False,False,0.504815428332873,0.395883625814375
0.71,0.001,0.497540087811027,0.42322739764021045,0.49752817873856886,0.4687531199682989,0.04626107644034963,-0.04203607353792002,0.0,False,False,0.5052094139131258,0.3920854893835696
0.711,0.001,0.49795352049539976,0.4134326843727536,0.49856583754043565,0.5256436881581482,-0.03823469021142381,0.04626107644034963,0.0,False,False,0.5055995952210245,0.38827508110646247
0.712,0.001,0.49836161250285704,0.4080920074572801,0.4974583364475899,0.3623292100577592,0.1800450527787513,-0.03823469021142381,0.0,False,False,0.5059859599847233,0.3844524009830513
0.713,0.001,0.49876016040777393,0.39854790491687975,0.4987496145605135,0.4552241003443399,0.047611883096307844,0.1800450527787513,0.0,False,False,0.5063684959323752,0.38061744901333716
0.714,0.001,0.4991601163737101,0.3999559659361498,0.49897625465112455,0.4323656993710134,0.0731622815297462,0.047611883096307844,0.0,False,False,0.5067471907921345,0.37677022519731956
0.715,0.001,0.4995548531099373,0.3947367362272206,0.4984937881114006,0.34088247546151734,0.1937423001417483,0.0731622815297462,0.0,False,False,0.5071220322921545,0.37291072953499965
0.716,0.001,0.4999456690132961,0.390815903358799,0.4985812771146645,0.3155431282417541,0.22460615936818693,0.1937423001417483,0.0,False,False,0.507493008160589,0.36903896202637626
0.717,0.001,0.5003386087680486,0.39293975475245124,0.5009370376934444,0.519564873295574,-0.060676708970297616,0.22460615936818693,0.0,False,False,0.5078601061255917,0.3651549226714499
0.718,0.001,0.5007352070717505,0.3965983037018508,0.5004289433423794,0.41679895085951413,0.07365026304571463,-0.060676708970297616,0.0,False,False,0.5082233139153165,0.3612586114702201
0.719,0.001,0.5011211851467889,0.3859780750385285,0.500229077307141,0.35513245224971557,0.15302484652153242,0.07365026304571463,0.0,False,False,0.5085826192579168,0.3573500284226879
0.72,0.001,0.5015033018226795,0.3821166758906601,0.5014193698666606,0.43864846297670745,0.03307237293052116,0.15302484652153242,0.0,False,False,0.5089380098815466,0.3534291735288517
0.721,0.001,0.5018855412741927,0.3822394515131741,0.5028699234284592,0.539838972858894,-0.11285960973801895,0.03307237293052116,0.0,False,False,0.509289473514359,0.34949604678871315
0.722,0.001,0.5022619053865464,0.3763641123536475,0.5002715861477173,0.2260213474988167,0.31201257210638844,-0.11285960973801895,0.0,False,False,0.5096369978845086,0.3455506482022711
0.723,0.001,0.5026251210619637,0.36321567541733196,0.5013190574193863,0.3081663399158393,0.19601920483813684,0.31201257210638844,0.0,False,False,0.5099805707201481,0.34159297776952613
0.724,0.001,0.5029964845032846,0.37136344132098204,0.5021911141516302,0.36455537914864405,0.11400436837063546,0.19601920483813684,0.0,False,False,0.5103201797494321,0.3376230354904783
0.725,0.001,0.5033701634510822,0.37367894779760497,0.5046452825603237,0.5735166821031299,-0.1796614903621861,0.11400436837063546,0.0,False,False,0.5106558127005135,0.3336408213651275
0.726,0.001,0.5037420479015071,0.37188445042494633,0.5039886515652681,0.45050191438725284,-0.01904819153951992,-0.1796614903621861,0.0,False,False,0.5109874573015467,0.3296463353934732
0.727,0.001,0.5040974617396122,0.35541383810513727,0.5047670723522805,0.4832938016497677,-0.0713205481778166,-0.01904819153951992,0.0,False,False,0.5113151012806852,0.3256395775755155
0.728,0.001,0.504444501512788,0.34703977317574075,0.5034495234107221,0.3032095273289577,0.16949898589524154,-0.0713205481778166,0.0,False,False,0.5116387323660824,0.3216205479112554
0.729,0.001,0.5047805870994622,0.33608558667414695,0.5038036077435788,0.30829700788172826,0.15793583598439967,0.16949898589524154,0.0,False,False,0.5119583382858923,0.31758924640069175
0.73,0.001,0.5051178032930844,0.33721619362221245,0.5055085944827047,0.4479659810061445,-0.03952874841463602,0.15793583598439967,0.0,False,False,0.5122739067682684,0.3135456730438247
0.731,0.001,0.5054555674137313,0.3377641206469436,0.5055064213609424,0.4029520707292984,0.015267383781226163,-0.03952874841463602,0.0,False,False,0.5125854255413644,0.3094898278406559
0.732,0.001,0.505784004040475,0.32843662674362406,0.5062628689966091,0.43830162722304206,-0.04011565965717942,0.015267383781226163,0.0,False,False,0.5128928823333342,0.30542171079118297
0.733,0.001,0.5061058902899007,0.3218862494257109,0.5059421164547916,0.36239621031898633,0.057308805407423294,-0.04011565965717942,0.0,False,False,0.5131962648723315,0.30134132189540713
0.734,0.001,0.5064184832113459,0.3125929214451492,0.5066612094023658,0.3980658840445095,0.0020376592451743503,0.057308805407423294,0.0,False,False,0.5134955608865098,0.2972486611533278
0.735,0.001,0.5067266912013756,0.3082079900297401,0.5068646761334673,0.37860596875020835,0.022114787247682705,0.0020376592451743503,0.0,False,False,0.5137907581040227,0.29314372856494564
0.736,0.001,0.5070277682424075,0.3010770410318803,0.507706498330116,0.42492759154006204,-0.048325054279418383,0.022114787247682705,0.0,False,False,0.514081844253024,0.28902652413026164
0.737,0.001,0.5073227467146376,0.29497847223013796,0.5080269942951773,0.4144844288921788,-0.041352227454656165,-0.048325054279418383,0.0,False,False,0.5143688070616679,0.28489704784927306
0.738,0.001,0.5076081290202649,0.28538230562724837,0.5061945240321157,0.18978895969680618,0.26138759209805595,-0.041352227454656165,0.0,False,False,0.5146516342581071,0.2807552997219821
0.739,0.001,0.5078843021852969,0.2761731650320114,0.5059231904119352,0.1436767017090753,0.3216377105012742,0.26138759209805595,0.0,False,False,0.5149303135704963,0.27660127974838705
0.74,0.001,0.5081664400372737,0.2821378519767983,0.5090406278100597,0.44105277135061,-0.09138565160182491,0.3216377105012742,0.0,False,False,0.5152048327269885,0.2724349879284903
0.741,0.001,0.5084575312233677,0.2910911860939615,0.5094940168976666,0.4422864029762438,-0.10117504841146285,-0.09138565160182491,0.0,False,False,0.5154751794557378,0.26825642426228946
0.742,0.001,0.5087368887621372,0.27935753876949715,0.5078462271565295,0.23327878856490877,0.17905621813247996,-0.10117504841146285,0.0,False,False,0.5157413414848977,0.2640655887497857
0.743,0.001,0.509004070118331,0.26718135619385486,0.5073810575488616,0.1634339489416331,0.27091472082689905,0.17905621813247996,0.0,False,False,0.5160033065426218,0.25986248139097956
0.744,0.001,0.5092731355600068,0.2690654416757333,0.5093595597450417,0.3449407736654707,0.01707464124088401,0.27091472082689905,0.0,False,False,0.5162610623570641,0.25564710218587
0.745,0.001,0.5095486704759572,0.2755349159504001,0.5103609800686193,0.4105887286566876,-0.08023803444701619,0.01707464124088401,0.0,False,False,0.5165145966563782,0.2514194511344569
0.746,0.001,0.5098179569843059,0.26928650834865564,0.5113866541359205,0.47209726252114403,-0.17311090655093309,-0.08023803444701619,0.0,False,False,0.5167638971687178,0.24717952823674036
0.747,0.001,0.5100761544448988,0.2581974605929344,0.51052670907256,0.33889302993297843,0.0015215301658663138,-0.17311090655093309,0.0,False,False,0.5170089516222364,0.24292733349272205
0.748,0.001,0.510318663570322,0.24250912542308944,0.5099942795583191,0.25176077551558773,0.11488093702600889,0.0015215301658663138,0.0,False,False,0.5172497477450877,0.23866286690239966
0.749,0.001,0.510554278735752,0.23561516543004288,0.5097748752359,0.20464426572212197,0.1744953998238441,0.11488093702600889,0.0,False,False,0.5174862732654256,0.23438612846577495
0.75,0.001,0.5107886954873723,0.2344167516203255,0.5107986886245353,0.2865611780134317,0.05680001936693163,0.1744953998238441,0.0,False,False,0.5177185159114038,0.23009711818284614
0.751,0.001,0.5110248993419781,0.23620385460582816,0.510763741621088,0.25441035986735805,0.09495156364509005,0.05680001936693163,0.0,False,False,0.5179464634111758,0.2257958360536156
0.752,0.001,0.5112569983821346,0.2320990401564136,0.51037118452782,0.18971361455383134,0.178502942400461,0.09495156364509005,0.0,False,False,0.5181701034928957,0.2214822820780804
0.753,0.001,0.5114869166043136,0.22991822217904073,0.5132747931881337,0.4611031191298176,-0.20067264290979725,0.178502942400461,0.0,False,False,0.5183894238847166,0.21715645625624289
0.754,0.001,0.5117188403007251,0.23192369641158916,0.5132766936166614,0.41518285006960154,-0.14693845321143528,-0.20067264290979725,0.0,False,False,0.5186044123147927,0.21281835858810244
0.755,0.001,0.5119338026702066,0.21496236948146888,0.5129251921697561,0.33851442037210916,-0.05003815941075576,-0.14693845321143528,0.0,False,False,0.5188150565112775,0.20846798907365852
0.756,0.001,0.5121345582675552,0.20075559734851092,0.5113309646995517,0.14524023131446592,0.20906497072805014,-0.05003815941075576,0.0,False,False,0.5190213442023248,0.20410534771291167
0.757,0.001,0.5123260089345667,0.19145066701151292,0.513072154053425,0.30483514357034336,-0.015405687749445202,0.20906497072805014,0.0,False,False,0.5192232631160879,0.19973043450586192
0.758,0.001,0.5125211470475047,0.19513811293802402,0.5130793263889272,0.27506886276352716,0.018475806679064816,-0.015405687749445202,0.0,False,False,0.5194208009807209,0.19534324945250925
0.759,0.001,0.5127087343236437,0.18758727613901954,0.5130949282352765,0.24912216112210447,0.04752826892071402,0.018475806679064816,0.0,False,False,0.5196139455243773,0.1909437925528531
0.76,0.001,0.5128904950410977,0.18176071745399613,0.5139810337139842,0.31282049288066505,-0.04675640118643823,0.04752826892071402,0.0,False,False,0.5198026844752113,0.18653206380689347
0.761,0.001,0.5130679051292812,0.17741008818347048,0.5136223710500357,0.24567217719775242,0.03828648442437467,-0.04675640118643823,0.0,False,False,0.5199870055613757,0.18210806321463205
0.762,0.001,0.5132362677572895,0.16836262800820231,0.5138820520040466,0.24707305487906264,0.029845684202014222,0.03828648442437467,0.0,False,False,0.5201668965110249,0.1776717907760666
0.763,0.001,0.5133998712595921,0.16360350230256246,0.5139556768431663,0.2297282333031332,0.04715404359030706,0.029845684202014222,0.0,False,False,0.5203423450523124,0.1732232464911988
0.764,0.001,0.5135583126330373,0.15844137344528045,0.5138557092396445,0.19675864962063766,0.08624187101472341,0.04715404359030706,0.0,False,False,0.5205133389133921,0.16876243036002633
0.765,0.001,0.5137124779447465,0.15416531170920644,0.5121559836053101,0.007110221225133578,0.3420448252968299,0.08624187101472341,0.0,False,False,0.5206798658224172,0.16428934238255213
0.766,0.001,0.5138643386911799,0.1518607464333921,0.5139373118474239,0.18453202331399463,0.09460918097585523,0.3420448252968299,0.0,False,False,0.5208419135075416,0.15980398255877443
0.767,0.001,0.51402669423894,0.1623555477600632,0.5135413251911883,0.12648015535904264,0.16883803573873565,0.09460918097585523,0.0,False,False,0.5209994696969191,0.15530635088869382
0.768,0.001,0.5141871308246249,0.16043658568482783,0.51307025889399,0.06672551010330979,0.24636586276764696,0.16883803573873565,0.0,False,False,0.5211525221187038,0.1507964473723097
0.769,0.001,0.5143493675670466,0.16223674242175823,0.5158170294381246,0.3347300135064312,-0.1274343666635408,0.24636586276764696,0.0,False,False,0.5213010585010484,0.14627427200962387
0.77,0.001,0.5145172736567168,0.16790608967021795,0.5160261067292217,0.3221647412654974,-0.11896862258589308,-0.1274343666635408,0.0,False,False,0.5214450665721074,0.14173982480063338
0.771,0.001,0.5146721364043078,0.15486274759086893,0.5158582801411123,0.27316560832801556,-0.0600944325586166,-0.11896862258589308,0.0,False,False,0.5215845340600342,0.13719310574533994
0.772,0.001,0.5148144312720362,0.14229486772844951,0.5150371469930062,0.16373573268459723,0.08295948919055379,-0.0600944325586166,0.0,False,False,0.5217194486929827,0.1326341148437442
0.773,0.001,0.514947152246598,0.1327209745617997,0.5161257950126366,0.25622696137917533,-0.05076487378354172,0.08295948919055379,0.0,False,False,0.5218497981991063,0.12806285209584498
0.774,0.001,0.5150774903323836,0.1303380857855299,0.5150880087167256,0.12682563565015753,0.11996052683878068,-0.05076487378354172,0.0,False,False,0.5219755703065588,0.12347931750164223
0.775,0.001,0.515198768848359,0.12127851597541238,0.5153757428581562,0.1429164862282102,0.09213860773559382,0.11996052683878068,0.0,False,False,0.5220967527434941,0.11888351106113718
0.776,0.001,0.5153195603414938,0.12079149313479887,0.514365326556951,0.02758320748486509,0.24529479060742024,0.09213860773559382,0.0,False,False,0.5222133332380656,0.11427543277432921
0.777,0.001,0.5154384756671623,0.11891532566845094,0.5157849159354269,0.16678382458396462,0.04917241416271341,0.24529479060742024,0.0,False,False,0.5223252995184274,0.10965508264121716
0.778,0.001,0.5155631801532357,0.12470448607334005,0.5156158768168796,0.13320153027084167,0.08888684139450767,0.04917241416271341,0.0,False,False,0.5224326393127326,0.10502246066180221
0.779,0.001,0.5156838444881338,0.12066433489809747,0.514547066065792,0.013000302135001862,0.24864165474148225,0.08888684139450767,0.0,False,False,0.5225353403491355,0.10037756683608491
0.78,0.001,0.5158024705767531,0.11862608861936205,0.5157577926683176,0.13277293217405411,0.07929772116250466,0.24864165474148225,0.0,False,False,0.5226333903557894,0.09572040116406413
0.781,0.001,0.5159270543283438,0.12458375159071021,0.5158574771583199,0.12946408795687922,0.07755164907214432,0.07929772116250466,0.0,False,False,0.5227267770608482,0.09105096364574045
0.782,0.001,0.5160491046776067,0.12205034926287027,0.5176177727208037,0.2925472354095717,-0.1538546988642362,0.07755164907214432,0.0,False,False,0.5228154881924656,0.08636925428111268
0.783,0.001,0.5161685444679881,0.11943979038142086,0.5169488928078769,0.19640452057594004,-0.030563960930383133,-0.1538546988642362,0.0,False,False,0.522899511478795,0.08167527307018317
0.784,0.001,0.5162738138422431,0.10526937425506824,0.5162838018720672,0.11025497493737739,0.08056744405730501,-0.030563960930383133,0.0,False,False,0.5229788346479904,0.07696902001295017
0.785,0.001,0.5163711342626012,0.0973204203579843,0.5165882421472616,0.12967350496307806,0.04746604723259111,0.08056744405730501,0.0,False,False,0.5230534454282054,0.07225049510941367
0.786,0.001,0.51646609448565,0.09496022304883063,0.5165046770640527,0.10834964614587551,0.07013984336017795,0.04746604723259111,0.0,False,False,0.5231233315475937,0.06751969835957485
0.787,0.001,0.5165570490719024,0.09095458625242644,0.5163799732152512,0.08504429665114023,0.09583193507779074,0.07013984336017795,0.0,False,False,0.523188480734309,0.06277662976343194
0.788,0.001,0.5166451481779157,0.08809910601338256,0.5157005522525377,0.008597770714681152,0.1951781346789831,0.09583193507779074,0.0,False,False,0.5232488807165053,0.058021289320986706
0.789,0.001,0.5167316882749509,0.08654009703513735,0.5165998706446728,0.09766983285672147,0.06738428740855296,0.1951781346789831,0.0,False,False,0.5233045192223358,0.05325367703223798
0.79,0.001,0.5168216432110794,0.0899549361284846,0.5161705496549805,0.04497075060182099,0.1335306686039678,0.06738428740855296,0.0,False,False,0.5233553839799544,0.04847379289718635
0.791,0.001,0.5169086090292557,0.0869658181763036,0.5158175028871029,0.005168998753877066,0.1827264427417545,0.1335306686039678,0.0,False,False,0.5234014627175145,0.0436816369158318
0.792,0.001,0.5169959055231288,0.0872964938730301,0.5174420307167226,0.16710488184045308,-0.04586038326667599,0.1827264427417545,0.0,False,False,0.5234427431631703,0.03887720908817376
0.793,0.001,0.5170859910934794,0.09008557035060433,0.517427433921606,0.14893471414474607,-0.028917021454186037,-0.04586038326667599,0.0,False,False,0.5234792130450756,0.03406050941421281
0.794,0.001,0.5171674247705051,0.08143367702568047,0.5156082283283308,-0.04787931659724823,0.23478039712438697,-0.028917021454186037,0.0,False,False,0.5235108600913836,0.029231537893948372
0.795,0.001,0.517241090348617,0.07366557811182115,0.5171340278053217,0.10948856276157068,0.013147674167649254,0.23478039712438697,0.0,False,False,0.5235376720302481,0.0243902945273816
0.796,0.001,0.5173202078639624,0.07911751534540735,0.5181891212414936,0.2040490501026075,-0.12474544867578943,0.013147674167649254,0.0,False,False,0.5235596365898229,0.019536779314511334
0.797,0.001,0.5173936706882911,0.07346282432871754,0.5183180177762424,0.19653379856722578,-0.12357834057791575,-0.12474544867578943,0.0,False,False,0.5235767414982618,0.014670992255338158
0.798,0.001,0.5174546101237281,0.06093943543699063,0.5183498216485586,0.18006080594211926,-0.11001669607783923,-0.12357834057791575,0.0,False,False,0.523588974483718,0.00979293334986207
0.799,0.001,0.517503153901344,0.048543777616010454,0.517537112080491,0.08078376854115137,0.018008402357704595,-0.11001669607783923,0.0,False,False,0.5235963232743459,0.004902602598081909
0.8,0.001,0.5175400954758727,0.03694157452859035,0.5168026543107898,-0.0007403852830906443,0.12321864551487186,0.018008402357704595,0.0,False,False,0.5235987755982988,0.0
0.801,0.001,0.5175720808838226,0.03198540794987274,0.5166263752519525,-0.018294252638503004,0.14745630940043655,0.12321864551487186,0.0,False,False,0.5235987755982988,0.0
0.802,0.001,0.5176045699304829,0.03248904666026163,0.5179052944408036,0.1114270915104508,-0.03122984897762665,0.14745630940043655,0.0,False,False,0.5235987755982988,0.0
0.803,0.001,0.5176387502316254,0.03418030114259877,0.5179697345009628,0.10672838837533226,-0.02675132629835117,-0.03122984897762665,0.0,False,False,0.5235987755982988,0.0
0.804,0.001,0.5176656131595884,0.02686292796298031,0.5187890214826317,0.17798424770468776,-0.12700552316361777,-0.02675132629835117,0.0,False,False,0.5235987755982988,0.0
0.805,0.001,0.5176857965141054,0.020183354517073662,0.5186457098442757,0.14585465909861758,-0.0858704073459253,-0.12700552316361777,0.0,False,False,0.5235987755982988,0.0
0.806,0.001,0.5176949563536676,0.009159839562157985,0.5175795650825697,0.024654717018159134,0.07876012886133225,-0.0858704073459253,0.0,False,False,0.5235987755982988,0.0
0.807,0.001,0.5176972153562694,0.0022590026018963144,0.5166114408983299,-0.07462317310764277,0.21531983232861202,0.07876012886133225,0.0,False,False,0.5235987755982988,0.0
0.808,0.001,0.517702728495867,0.005513139597507949,0.5174242554567332,0.014120600043453349,0.09419664249603694,0.21531983232861202,0.0,False,False,0.5235987755982988,0.0
0.809,0.001,0.5177173722898911,0.01464379402412105,0.5179069422692654,0.06097722129232426,0.029280334371812933,0.09419664249603694,0.0,False,False,0.5235987755982988,0.0
0.81,0.001,0.5177329209219125,0.015548632021316783,0.5175565700221545,0.019842274452004344,0.08494897102819257,0.029280334371812933,0.0,False,False,0.5235987755982988,0.0
0.811,0.001,0.5177459639958866,0.013043073974149015,0.517241656250195,-0.01363333018914294,0.13078814449283976,0.08494897102819257,0.0,False,False,0.5235987755982988,0.0
0.812,0.001,0.5177597636378952,0.013799642008638226,0.5179804472703713,0.061609104847397934,0.027198984085817918,0.13078814449283976,0.0,False,False,0.5235987755982988,0.0
0.8130000000000001,0.001,0.5177764596655522,0.016696027656968104,0.5173366735716257,-0.008929175511899402,0.12343284709439507,0.027198984085817918,0.0,False,False,0.5235987755982988,0.0
0.8140000000000001,0.001,0.517790350584075,0.013890918522737748,0.5172422595300192,-0.017477662121357776,0.1353904837746618,0.12343284709439507,0.0,False,False,0.5235987755982988,0.0
0.8150000000000001,0.001,0.5178067522146028,0.01640163052781925,0.518078546085766,0.06789875966545257,0.01788561962704799,0.1353904837746618,0.0,False,False,0.5235987755982988,0.0
0.8160000000000001,0.001,0.5178258070773234,0.019054862720632674,0.5174750023727314,0.0007545123954457791,0.10932250318567921,0.01788561962704799,0.0,False,False,0.5235987755982988,0.0
0.8170000000000001,0.001,0.5178412338671236,0.0154267898001319,0.5180542551324356,0.05860433712632859,0.0294761638339429,0.10932250318567921,0.0,False,False,0.5235987755982988,0.0
0.8180000000000001,0.001,0.5178581788289318,0.016944961808287924,0.5180965943153549,0.05697782170562505,0.03066587704623988,0.0294761638339429,0.0,False,False,0.5235987755982988,0.0
0.8190000000000001,0.001,0.5178723920446444,0.014213215712642863,0.5168780526615565,-0.0705741258447796,0.20566196387509705,0.03066587704623988,0.0,False,False,0.5235987755982988,0.0
0.8200000000000001,0.001,0.5178844151551847,0.012023110540227557,0.5174644530498123,-0.004876674434726877,0.11626981519443032,0.20566196387509705,0.0,False,False,0.5235987755982988,0.0
0.8210000000000001,0.001,0.5179034460436525,0.019030888467773587,0.5191581431191921,0.1649799999467263,-0.11804461531214996,0.11626981519443032,0.0,False,False,0.5235987755982988,0.0
0.8220000000000001,0.001,0.5179237714106517,0.020325366999216977,0.5169096657272925,-0.07636573923790577,0.21204286476360118,-0.11804461531214996,0.0,False,False,0.5235987755982988,0.0
0.8230000000000001,0.001,0.517933503191964,0.009731781312203432,0.5160863737288879,-0.15105836515457366,0.3164932718348852,0.21204286476360118,0.0,False,False,0.5235987755982988,0.0
0.8240000000000001,0.001,0.5179510891592292,0.017585967265222914,0.5163263227549102,-0.11195762603688506,0.26525330242525724,0.3164932718348852,0.0,False,False,0.5235987755982988,0.0
0.8250000000000001,0.001,0.5179801930403413,0.029103881112104015,0.5180055962609834,0.06716548717412542,0.020078643462726725,0.26525330242525724,0.0,False,False,0.5235987755982988,0.0
0.8260000000000001,0.001,0.5180170628801408,0.03686983979960236,0.5180440432950121,0.06429364185957945,0.02283281122766591,0.020078643462726725,0.0,False,False,0.5235987755982988,0.0
0.8270000000000001,0.001,0.5180490823974113,0.03201951727045641,0.5179464475642486,0.04810470459727039,0.044016259096179976,0.02283281122766591,0.0,False,False,0.5235987755982988,0.0
0.8280000000000001,0.001,0.5180765845852766,0.027502187865309224,0.519136165098228,0.1622659875354884,-0.11439219604131176,0.044016259096179976,0.0,False,False,0.5235987755982988,0.0
0.8290000000000001,0.001,0.5181008984688867,0.024313883610115584,0.5157684104079706,-0.19073608024380112,0.369829869718469,-0.11439219604131176,0.0,False,False,0.5235987755982988,0.0
0.8300000000000001,0.001,0.5181143652105173,0.013466741630637243,0.5184598826969671,0.09748475668022552,-0.02448163579229934,0.369829869718469,0.0,False,False,0.5235987755982988,0.0
0.8310000000000001,0.001,0.5181427465543156,0.028381343798256055,0.5195053584387102,0.1922838551865103,-0.15705911735121642,-0.02448163579229934,0.0,False,False,0.5235987755982988,0.0
0.8320000000000001,0.001,0.5181644538659539,0.021707311638282076,0.5171802794865529,-0.05945242554786845,0.1868758406688691,-0.15705911735121642,0.0,False,False,0.5235987755982988,0.0
0.833,0.001,0.5181734503101241,0.008996444170194485,0.5178420066025616,0.012665528607794282,0.08842320759391614,0.1868758406688691,0.0,False,False,0.5235987755982988,0.0
0.834,0.001,0.5181892240434542,0.01577373333016826,0.5175322019000896,-0.019581494500184548,0.13269611996798664,0.08842320759391614,0.0,False,False,0.5235987755982988,0.0
0.835,0.001,0.518205409855877,0.01618581242281482,0.5174249456980647,-0.028348965252655775,0.14514769650740025,0.13269611996798664,0.0,False,False,0.5235987755982988,0.0
0.836,0.001,0.5182241505385746,0.018740682697552188,0.5179394332279841,0.025934684264543643,0.07074654154821286,0.14514769650740025,0.0,False,False,0.5235987755982988,0.0
0.837,0.001,0.5182456705036614,0.021519965086835242,0.5194913864148645,0.17853653452612875,-0.14031083612953638,0.07074654154821286,0.0,False,False,0.5235987755982988,0.0
0.838,0.001,0.5182658914536165,0.020220949954970212,0.5198693138095929,0.19847562054635756,-0.17104043245892245,-0.14031083612953638,0.0,False,False,0.5235987755982988,0.0
0.839,0.001,0.5182744188084161,0.008527354799594987,0.5179812565302386,-0.010177669443704185,0.11332854655752833,-0.17104043245892245,0.0,False,False,0.5235987755982988,0.0
0.84,0.001,0.5182719463442919,-0.0024724641242464263,0.5199344250035005,0.1861569448268541,-0.15743002308585544,0.11332854655752833,0.0,False,False,0.5235987755982988,0.0
0.841,0.001,0.518275888180954,0.003941836662191727,0.5183069345139362,0.004792201387734452,0.08950249785324631,-0.15743002308585544,0.0,False,False,0.5235987755982988,0.0
0.842,0.001,0.518270775276018,-0.005112904936049952,0.5198011593999486,0.1537354698502084,-0.11612547224994693,0.08950249785324631,0.0,False,False,0.5235987755982988,0.0
0.843,0.001,0.5182716592549648,0.0008839789467855845,0.5181902408237589,-0.022729934753790343,0.12462954764626756,-0.11612547224994693,0.0,False,False,0.5235987755982988,0.0
0.844,0.001,0.5182664684032539,-0.0051908517109335575,0.5183808379320044,-0.0013972304538574926,0.09559955453792846,0.12462954764626756,0.0,False,False,0.5235987755982988,0.0
0.845,0.001,0.5182690529982182,0.0025845949643918354,0.5185879896421987,0.01945766361095358,0.06684495087665861,0.09559955453792846,0.0,False,False,0.5235987755982988,0.0
0.846,0.001,0.5182756361417584,0.006583143540190246,0.5210497092989634,0.26368386292633644,-0.2705374421235669,0.06684495087665861,0.0,False,False,0.5235987755982988,0.0
0.847,0.001,0.5182836286207098,0.00799247895138232,0.5190265154284984,0.034996089587201656,0.04030537555176505,-0.2705374421235669,0.0,False,False,0.5235987755982988,0.0
0.848,0.001,0.5182757844947317,-0.00784412597806758,0.5176585797582205,-0.1052970863993116,0.2332800288005837,0.04030537555176505,0.0,False,False,0.5235987755982988,0.0
0.849,0.001,0.5182722265782315,-0.0035579165002483266,0.5191178367422878,0.05115832064735429,0.019266914631372395,0.2332800288005837,0.0,False,False,0.5235987755982988,0.0
0.85,0.001,0.5182814031508073,0.009176572575777954,0.5179656446951589,-0.06917671613027193,0.1844084156128442,0.019266914631372395,0.0,False,False,0.5235987755982988,0.0
0.851,0.001,0.5182889315886395,0.007528437832261295,0.517861543928446,-0.07266912118854141,0.19047311548360096,0.1844084156128442,0.0,False,False,0.5235987755982988,0.0
0.852,0.001,0.5183034927571494,0.014561168509860218,0.5190963970230601,0.058083100391725706,0.011343093884226094,0.19047311548360096,0.0,False,False,0.5235987755982988,0.0
0.853,0.001,0.5183237880802953,0.02029532314597274,0.5183509153731215,-0.022273374641306375,0.1211895336227593,0.011343093884226094,0.0,False,False,0.5235987755982988,0.0
0.854,0.001,0.5183399630198944,0.016174939599045528,0.5185830663661436,0.00316906212503381,0.08647989162875337,0.1211895336227593,0.0,False,False,0.5235987755982988,0.0
0.855,0.001,0.5183581193457015,0.018156325807168694,0.5183703237541101,-0.018422105290821864,0.1162186595443836,0.08647989162875337,0.0,False,False,0.5235987755982988,0.0
0.856,0.001,0.5183762065458392,0.018087200137609127,0.5186699307341353,0.013380803240778307,0.07266224366601015,0.1162186595443836,0.0,False,False,0.5235987755982988,0.0
0.857,0.001,0.5183957218448912,0.019515299052066743,0.518766574550839,0.021707104587071677,0.060931093349791285,0.07266224366601015,0.0,False,False,0.5235987755982988,0.0
0.858,0.001,0.5184142848345312,0.01856298963994972,0.516723962310633,-0.184724829892232,0.34541643504866304,0.060931093349791285,0.0,False,False,0.5235987755982988,0.0
0.859,0.001,0.5184314417471362,0.017156912605002437,0.5190131361356882,0.06266503560251355,0.007343467603974391,0.34541643504866304,0.0,False,False,0.5235987755982988,0.0
0.86,0.001,0.5184616299777158,0.03018823057961551,0.5176046563679877,-0.084449444727791,0.2092334798189494,0.007343467603974391,0.0,False,False,0.5235987755982988,0.0
0.861,0.001,0.5184866236213679,0.024993643652095048,0.5172279801856589,-0.1136721184878958,0.2510808596129943,0.2092334798189494,0.0,False,False,0.5235987755982988,0.0
0.862,0.001,0.5185168897974651,0.030266176097205374,0.5184659163711892,0.021488711913930147,0.0666050117912566,0.2510808596129943,0.0,False,False,0.5235987755982988,0.0
0.863,0.001,0.5185541438049723,0.03725400750725896,0.5186274310558207,0.03549130918568077,0.04689463074179,0.0666050117912566,0.0,False,False,0.5235987755982988,0.0
0.864,0.001,0.5185888614806852,0.03471767571287145,0.517983663182952,-0.032434609019755645,0.13999355429995,0.04689463074179,0.0,False,False,0.5235987755982988,0.0
0.865,0.001,0.5186201465327415,0.03128505205634698,0.519345358638005,0.10697839738752458,-0.05181257157974112,0.13999355429995,0.0,False,False,0.5235987755982988,0.0
0.866,0.001,0.5186528094819536,0.032662949212161306,0.5174815406923698,-0.09010123691474496,0.21823171260441543,-0.05181257157974112,0.0,False,False,0.5235987755982988,0.0
0.867,0.001,0.5186771920997482,0.024382617794579016,0.5183220666854237,0.0029614860821137456,0.0914269771332158,0.21823171260441543,0.0,False,False,0.5235987755982988,0.0
0.868,0.001,0.5187073523869962,0.030160287248049086,0.5181969534187795,-0.0098459891905193,0.10904798625997136,0.0914269771332158,0.0,False,False,0.5235987755982988,0.0
0.869,0.001,0.5187365238657037,0.029171478707467616,0.5186958688028568,0.04103014813626403,0.03901614455443971,0.10904798625997136,0.0,False,False,0.5235987755982988,0.0
0.87,0.001,0.5187656468061692,0.02912294046558285,0.5190090018028348,0.06824043332044147,0.0007274083338220938,0.03901614455443971,0.0,False,False,0.5235987755982988,0.0
0.871,0.001,0.5187912226520188,0.025575845849564325,0.5179116701280904,-0.04831677748604882,0.16034803144701074,0.0007274083338220938,0.0,False,False,0.5235987755982988,0.0
0.872,0.001,0.5188115955880501,0.020372936031275417,0.5194436514598887,0.1097130334423887,-0.05686340563948414,0.16034803144701074,0.0,False,False,0.5235987755982988,0.0
0.873,0.001,0.5188352885451321,0.023692957081913157,0.5188902684833318,0.04340343244245609,0.03266900913845985,-0.05686340563948414,0.0,False,False,0.5235987755982988,0.0
0.874,0.001,0.5188510700907145,0.015781545582465605,0.5172000355211613,-0.12996020701883076,0.2711295698110715,0.03266900913845985,0.0,False,False,0.5235987755982988,0.0
0.875,0.001,0.5188644746445762,0.013404553861640764,0.5171552811777609,-0.12143962065699318,0.26171044435807456,0.2711295698110715,0.0,False,False,0.5235987755982988,0.0
0.876,0.001,0.5188878712808783,0.023396636302103414,0.5188771206697216,0.06288829060477583,0.00952383998865923,0.26171044435807456,0.0,False,False,0.5235987755982988,0.0
0.877,0.001,0.5189193145433716,0.03144326249322846,0.5187264841816379,0.04153581273593161,0.03785827021677828,0.00952383998865923,0.0,False,False,0.5235987755982988,0.0
0.878,0.001,0.5189456040098878,0.02628946651617308,0.5188553529351546,0.050269106814008216,0.025058679759785804,0.03785827021677828,0.0,False,False,0.5235987755982988,0.0
0.879,0.001,0.5189684888145113,0.02288480462358882,0.5189440695145489,0.054113854072031745,0.01884808462106119,0.025058679759785804,0.0,False,False,0.5235987755982988,0.0
0.88,0.001,0.5189876399920047,0.01915117749344819,0.5191844780849908,0.07274332570902269,-0.007834635611282878,0.01884808462106119,0.0,False,False,0.5235987755982988,0.0
0.881,0.001,0.5190031978529058,0.015557860901152902,0.5198301781452604,0.13003899916508535,-0.08821204484341177,-0.007834635611282878,0.0,False,False,0.5235987755982988,0.0
0.882,0.001,0.5190143927763522,0.011194923446422471,0.5180447708335494,-0.061505631922529405,0.17377884407252506,-0.08821204484341177,0.0,False,False,0.5235987755982988,0.0
0.883,0.001,0.5190180855833892,0.003692807037045885,0.5179953474315911,-0.0602974089261002,0.17321859771205828,0.17377884407252506,0.0,False,False,0.5235987755982988,0.0
0.884,0.001,0.5190293571394858,0.011271556096586408,0.5180752520839488,-0.04627720279772699,0.15495606661557307,0.17321859771205828,0.0,False,False,0.5235987755982988,0.0
0.885,0.001,0.5190461807761034,0.01682363661755871,0.5192983081314025,0.08065612222742201,-0.019378932268773477,0.15495606661557307,0.0,False,False,0.5235987755982988,0.0
0.886,0.001,0.519066566314322,0.02038553821862337,0.5201529878528947,0.15805848215389112,-0.12764599916739444,-0.019378932268773477,0.0,False,False,0.5235987755982988,0.0
0.887,0.001,0.5190812839326518,0.014717618329815926,0.5187048692631028,-0.0025592250406859807,0.09116138408235192,-0.12764599916739444,0.0,False,False,0.5235987755982988,0.0
0.888,0.001,0.5190858004802107,0.00451654755881385,0.51690265552135,-0.18252467671189965,0.3395597734393591,0.09116138408235192,0.0,False,False,0.5235987755982988,0.0
0.889,0.001,0.5190935246396449,0.007724159434138043,0.5176065103454931,-0.09388672662639506,0.220524846502177,0.3395597734393591,0.0,False,False,0.5235987755982988,0.0
0.89,0.001,0.5191159873717659,0.022462732121024186,0.5183890256916253,-0.006246519350539367,0.10127132154077123,0.220524846502177,0.0,False,False,0.5235987755982988,0.0
0.891,0.001,0.5191445345522648,0.028547180498919158,0.518657824281251,0.021257991547084177,0.06342753385036046,0.10127132154077123,0.0,False,False,0.5235987755982988,0.0
0.892,0.001,0.5191726843654828,0.028149813217991752,0.5188162980568181,0.03497956994908604,0.044109111807750366,0.06342753385036046,0.0,False,False,0.5235987755982988,0.0
0.893,0.001,0.5191985711956844,0.025886830201577147,0.5192322395769411,0.07307576496648052,-0.00909326957533757,0.044109111807750366,0.0,False,False,0.5235987755982988,0.0
0.894,0.001,0.5192213983780303,0.022827182345971996,0.5189493483828371,0.03747906905943623,0.03871480700698691,-0.00909326957533757,0.0,False,False,0.5235987755982988,0.0
0.895,0.001,0.5192387903607124,0.01739198268215139,0.5201545119194912,0.1542475158189045,-0.12310027276414917,0.03871480700698691,0.0,False,False,0.5235987755982988,0.0
0.896,0.001,0.5192538414933902,0.015051132677766841,0.5186639051041602,-0.010237917296094495,0.10111316964980918,-0.12310027276414917,0.0,False,False,0.5235987755982988,0.0
0.897,0.001,0.5192588573775321,0.005015884141955302,0.5185063429979357,-0.024970336188926856,0.12162819023324753,0.10111316964980918,0.0,False,False,0.5235987755982988,0.0
0.898,0.001,0.5192674348661188,0.008577488586753486,0.519685332608841,0.09542565852048925,-0.044068816414346,0.12162819023324753,0.0,False,False,0.5235987755982988,0.0
0.899,0.001,0.5192796331729197,0.012198306800848286,0.5179395326603021,-0.08869690218544474,0.2083026555064741,-0.044068816414346,0.0,False,False,0.5235987755982988,0.0
0.9,0.001,0.5192863148406619,0.006681667742197226,0.5196263850069391,0.08885802269680104,-0.035126596591687084,0.2083026555064741,0.0,False,False,0.5235987755982988,0.0
0.901,0.001,0.5193014518039345,0.015136963272637277,0.5193909463396558,0.05642835369878376,0.008026902217034351,-0.035126596591687084,0.0,False,False,0.5235987755982988,0.0
0.902,0.001,0.5193109365892471,0.009484785312641422,0.5191822687439266,0.029917758755987522,0.04359581287151505,0.008026902217034351,0.0,False,False,0.5235987755982988,0.0
0.903,0.001,0.5193181350713839,0.007198482136765958,0.5207041674464096,0.17911585312868697,-0.16283607702041797,0.04359581287151505,0.0,False,False,0.5235987755982988,0.0
0.904,0.001,0.519325413667134,0.007278595750088298,0.5187824352395932,-0.030968952865816773,0.12385686989568084,-0.16283607702041797,0.0,False,False,0.5235987755982988,0.0
0.905,0.001,0.519322429319905,-0.0029843472290033216,0.5211203786523281,0.20592228369425036,-0.20249559540562712,0.12385686989568084,0.0,False,False,0.5235987755982988,0.0
0.906,0.001,0.5193265384714874,0.004109151582302585,0.5191298124201588,-0.01372656789210569,0.09691321867704775,-0.20249559540562712,0.0,False,False,0.5235987755982988,0.0
0.907,0.001,0.5193192907191373,-0.007247752350032451,0.5182048836407951,-0.10484678903926273,0.22290620208218234,0.09691321867704775,0.0,False,False,0.5235987755982988,0.0
0.908,0.001,0.519319001510991,-0.0002892081463335061,0.5193800178559898,0.023151311384129708,0.04815606570060752,0.22290620208218234,0.0,False,False,0.5235987755982988,0.0
0.909,0.001,0.5193299455261783,0.010944015187326683,0.5183907444109609,-0.07809116425716922,0.1874539584806857,0.04815606570060752,0.0,False,False,0.5235987755982988,0.0
0.91,0.001,0.5193402630527921,0.010317526613897596,0.5186842323170188,-0.04093325722566465,0.13758168773383844,0.1874539584806857,0.0,False,False,0.5235987755982988,0.0
0.911,0.001,0.5193570649406875,0.016801887895305574,0.5197035418569539,0.06509102249041383,-0.007995019644287893,0.13758168773383844,0.0,False,False,0.5235987755982988,0.0
0.912,0.001,0.5193765635510778,0.019498610390314555,0.5198614003866804,0.074367773214022,-0.02196857404769463,-0.007995019644287893,0.0,False,False,0.5235987755982988,0.0
0.913,0.001,0.5193910792381794,0.014515687101621027,0.5188481354947295,-0.03439549330246619,0.1267861138272067,-0.02196857404769463,0.0,False,False,0.5235987755982988,0.0
0.914,0.001,0.519400715556919,0.009636318739576686,0.5202623890985286,0.11046941640769023,-0.07250834269336479,0.1267861138272067,0.0,False,False,0.5235987755982988,0.0
0.915,0.001,0.5194139664555484,0.013250898629321113,0.5204240825302907,0.11559181794313009,-0.0815657063076102,-0.07250834269336479,0.0,False,False,0.5235987755982988,0.0
0.916,0.001,0.5194200586060806,0.0060921505322948,0.520673468341291,0.1289712172488484,-0.10210993007247784,-0.0815657063076102,0.0,False,False,0.5235987755982988,0.0
0.917,0.001,0.5194202749620035,0.00021635592289459462,0.5198822753149307,0.036954792887930965,0.022551253635108973,-0.10210993007247784,0.0,False,False,0.5235987755982988,0.0
0.918,0.001,0.519415320051754,-0.004954910249508779,0.52060513605886,0.1055453879920733,-0.07276895388059021,0.022551253635108973,0.0,False,False,0.5235987755982988,0.0
0.919,0.001,0.5194129693132877,-0.002350738466215775,0.5177716630565637,-0.18835645103676446,0.3309157669953486,-0.07276895388059021,0.0,False,False,0.5235987755982988,0.0
0.92,0.001,0.5194076915219388,-0.0052777913489027595,0.5191302657225779,-0.03366053933167057,0.12082582496098077,0.3309157669953486,0.0,False,False,0.5235987755982988,0.0
0.921,0.001,0.5194205282098849,0.012836687946140722,0.5186639233921378,-0.07692871844251077,0.1811418018419103,0.12082582496098077,0.0,False,False,0.5235987755982988,0.0
0.922,0.001,0.5194359579586563,0.015429748771329185,0.5195400021501662,0.018372029204571205,0.05101148702090239,0.1811418018419103,0.0,False,False,0.5235987755982988,0.0
0.923,0.001,0.5194564963172996,0.020538358643342507,0.5189578127981529,-0.041684108917212165,0.13355826110328117,0.05101148702090239,0.0,False,False,0.5235987755982988,0.0
0.924,0.001,0.519474867081203,0.018370763903424802,0.5193298670102015,-0.00031027682063536344,0.07721268677051499,0.13355826110328117,0.0,False,False,0.5235987755982988,0.0
0.925,0.001,0.5194954910442634,0.020623963060316428,0.5211379984821579,0.1805338980570746,-0.17234668957795332,0.07721268677051499,0.0,False,False,0.5235987755982988,0.0
0.926,0.001,0.5195152468152135,0.019755770950098873,0.519367138352546,-0.01460550470982458,0.09369607607534021,-0.17234668957795332,0.0,False,False,0.5235987755982988,0.0
0.927,0.001,0.5195217677219491,0.006520906735559507,0.5198828696396705,0.038428174473603326,0.02077249788698654,0.09369607607534021,0.0,False,False,0.5235987755982988,0.0
0.928,0.001,0.5195310575716247,0.009289849675475529,0.5193283643436957,-0.02086517257123531,0.101905609668339,0.02077249788698654,0.0,False,False,0.5235987755982988,0.0
0.929,0.001,0.5195387464550512,0.007688883426551121,0.519604818763169,0.008866786633220863,0.061251079072471716,0.101905609668339,0.0,False,False,0.5235987755982988,0.0
0.93,0.001,0.5195493004989769,0.010554043925654616,0.5195545510431593,0.002953335968927652,0.06925203882979837,0.061251079072471716,0.0,False,False,0.5235987755982988,0.0
0.931,0.001,0.5195599731446039,0.010672645627038726,0.5199512096979619,0.042323867852299954,0.014867544783303897,0.06925203882979837,0.0,False,False,0.5235987755982988,0.0
0.932,0.001,0.51957113678523,0.011163640626114074,0.52058805944991,0.10177645626188092,-0.06793885684325923,0.014867544783303897,0.0,False,False,0.5235987755982988,0.0
0.933,0.001,0.5195799593845559,0.008822599325899239,0.5210175818513444,0.1345510507791274,-0.11499977348977325,-0.06793885684325923,0.0,False,False,0.5235987755982988,0.0
0.934,0.001,0.5195828622668545,0.00290288229849416,0.519853056759835,0.0046434365502708436,0.06185081523202452,-0.11499977348977325,0.0,False,False,0.5235987755982988,0.0
0.935,0.001,0.5195791387486104,-0.0037235182440614554,0.5200936154614204,0.028234963053789575,0.029210926799263792,0.06185081523202452,0.0,False,False,0.5235987755982988,0.0
0.936,0.001,0.5195796269908768,0.0004882422663486435,0.5185753082443949,-0.12641925495413986,0.2421255183152382,0.029210926799263792,0.0,False,False,0.5235987755982988,0.0
0.937,0.001,0.519581427382924,0.001800392047267587,0.51950474045837,-0.020834108061213566,0.09869356219217444,0.2421255183152382,0.0,False,False,0.5235987755982988,0.0
0.9380000000000001,0.001,0.519594788185944,0.013360803019936404,0.5204153455401457,0.07230981092247284,-0.029470032060210954,0.09869356219217444,0.0,False,False,0.5235987755982988,0.0
0.9390000000000001,0.001,0.5196095280885473,0.014739902603365645,0.5203652282865169,0.06006710446734548,-0.013876673748739701,-0.029470032060210954,0.0,False,False,0.5235987755982988,0.0
0.9400000000000001,0.001,0.5196189715723958,0.009443483848446056,0.5198036359007228,-0.002098844558800904,0.07083112802693008,-0.013876673748739701,0.0,False,False,0.5235987755982988,0.0
0.9410000000000001,0.001,0.5196250437225397,0.00607215014392982,0.5203985683757523,0.05760428740002999,-0.011521414874198138,0.07083112802693008,0.0,False,False,0.5235987755982988,0.0
0.9420000000000001,0.001,0.5196328654775112,0.007821754971491896,0.5200611402240671,0.018101043491513258,0.041956184546354414,-0.011521414874198138,0.0,False,False,0.5235987755982988,0.0
0.9430000000000001,0.001,0.5196378460891926,0.004980611681383507,0.5206853109011386,0.07870800684950531,-0.04200724367052186,0.041956184546354414,0.0,False,False,0.5235987755982988,0.0
0.9440000000000001,0.001,0.5196434405445691,0.005594455376525808,0.519895954045054,-0.008098479443906292,0.07636896329109506,-0.04200724367052186,0.0,False,False,0.5235987755982988,0.0
0.9450000000000001,0.001,0.5196452763690763,0.0018358245072206763,0.5193348710315507,-0.06339693284983729,0.15282660162127015,0.07636896329109506,0.0,False,False,0.5235987755982988,0.0
0.9460000000000001,0.001,0.5196503740927001,0.005097723623831712,0.519943450877576,0.0038007450376712076,0.061234950927805495,0.15282660162127015,0.0,False,False,0.5235987755982988,0.0
0.9470000000000001,0.001,0.5196615957181979,0.011221625497825714,0.517104169673245,-0.28050744989919263,0.4535118465299995,0.061234950927805495,0.0,False,False,0.5235987755982988,0.0
0.9480000000000001,0.001,0.5196727815292177,0.011185811019823386,0.5200069123671598,0.03781756448220386,0.019272460781857827,0.4535118465299995,0.0,False,False,0.5235987755982988,0.0
0.9490000000000001,0.001,0.5197035534841528,0.03077195493508996,0.5165197126705534,-0.31468416162665447,0.5050441266514026,0.019272460781857827,0.0,False,False,0.5235987755982988,0.0
0.9500000000000001,0.001,0.5197296946676794,0.026141183526631757,0.5182256891178362,-0.11261810073571263,0.23185727753118268,0.5050441266514026,0.0,False,False,0.5235987755982988,0.0
0.9510000000000001,0.001,0.5197758023163557,0.04610764867633121,0.5201700447935331,0.09307927690755373,-0.04997797780328206,0.23185727753118268,0.0,False,False,0.5235987755982988,0.0
0.9520000000000001,0.001,0.5198274365538631,0.051634237507395486,0.5202441595143718,0.09118282130066085,-0.04903629605010586,-0.04997797780328206,0.0,False,False,0.5235987755982988,0.0
0.9530000000000001,0.001,0.5198704336297618,0.04299707589873056,0.5188560231530926,-0.056749096957315406,0.15346846036248948,-0.04903629605010586,0.0,False,False,0.5235987755982988,0.0
0.9540000000000001,0.001,0.5199049675919198,0.03453396215796914,0.5192835413298718,-0.008322369583673175,0.08766106033209488,0.15346846036248948,0.0,False,False,0.5235987755982988,0.0
0.9550000000000001,0.001,0.5199414048541056,0.03643726218574746,0.5211374274933483,0.17789848372235337,-0.16917391457771563,0.08766106033209488,0.0,False,False,0.5235987755982988,0.0
0.9560000000000001,0.001,0.519976385277112,0.03498042300640171,0.5195539893033717,0.0017648163524542626,0.07068837368574278,-0.16917391457771563,0.0,False,False,0.5235987755982988,0.0
0.9570000000000001,0.001,0.5199971194985124,0.020734221400394992,0.5219544367140769,0.24163307578773077,-0.26036159102928297,0.07068837368574278,0.0,False,False,0.5235987755982988,0.0
0.9580000000000001,0.001,0.520016645685868,0.019526187355678105,0.5200149702979139,0.02352312659265282,0.036280743495745435,-0.26036159102928297,0.0,False,False,0.5235987755982988,0.0
0.9590000000000001,0.001,0.5200185669060312,0.0019212201632286229,0.5203746456437226,0.057138348514259404,-0.010531679034739394,0.036280743495745435,0.0,False,False,0.5235987755982988,0.0
0.96,0.001,0.5200217198787679,0.0031529727366612238,0.521432708971018,0.15723084639237453,-0.14968781637979495,-0.010531679034739394,0.0,False,False,0.5235987755982988,0.0
0.961,0.001,0.5200233955228284,0.0016756440605320798,0.5201377382521768,0.0120106898690156,0.04788584438737764,-0.14968781637979495,0.0,False,False,0.5235987755982988,0.0
0.962,0.001,0.5200170785531936,-0.006316969634814564,0.5191423684181635,-0.08872736251921304,0.1866881642654909,0.04788584438737764,0.0,False,False,0.5235987755982988,0.0
0.963,0.001,0.5200150156333831,-0.0020629198104181604,0.5199192603677887,-0.00216543130477595,0.06882979171491353,0.1866881642654909,0.0,False,False,0.5235987755982988,0.0
0.964,0.001,0.5200229120639484,0.00789643056522107,0.5199918358341695,0.005308658463785844,0.05855452559778423,0.06882979171491353,0.0,False,False,0.5235987755982988,0.0
0.965,0.001,0.520031965342184,0.00905327823560382,0.5188410035786828,-0.11030543293126606,0.2180064158706077,0.05855452559778423,0.0,False,False,0.5235987755982988,0.0
0.966,0.001,0.5200413656159032,0.009400273719239719,0.5198181100170485,-0.0015642458015712318,0.06992907542439164,0.2180064158706077,0.0,False,False,0.5235987755982988,0.0
0.967,0.001,0.5200589993470844,0.01763373118128133,0.5194113145609581,-0.04208736683044885,0.12587913886867103,0.06992907542439164,0.0,False,False,0.5235987755982988,0.0
0.968,0.001,0.5200758154177167,0.016816070632294112,0.5208824697341803,0.10923688717481206,-0.08219075905564094,0.12587913886867103,0.0,False,False,0.5235987755982988,0.0
0.969,0.001,0.5200947407744236,0.01892535670689859,0.5201249453326646,0.022560758305764525,0.035456034814498036,-0.08219075905564094,0.0,False,False,0.5235987755982988,0.0
0.97,0.001,0.5201050523592405,0.010311584816849795,0.519858266512577,-0.006363199533569279,0.07496500298327492,0.035456034814498036,0.0,False,False,0.5235987755982988,0.0
0.971,0.001,0.5201142498142985,0.009197455058059658,0.5200215885995242,0.010605329114501391,0.05166297104054164,0.07496500298327492,0.0,False,False,0.5235987755982988,0.0
0.972,0.001,0.5201245788467105,0.01032903241198663,0.5203192895394546,0.039314890196093556,0.01185288082388343,0.05166297104054164,0.0,False,False,0.5235987755982988,0.0
0.973,0.001,0.5201345999711958,0.010021124485285322,0.5206728719040778,0.07074163763880814,-0.03222369867059238,0.01185288082388343,0.0,False,False,0.5235987755982988,0.0
0.974,0.001,0.5201423959707231,0.007795999527257078,0.5192699824725865,-0.07662146927420874,0.16986403939187236,-0.03222369867059238,0.0,False,False,0.5235987755982988,0.0
0.975,0.001,0.5201463224746604,0.003926503937366313,0.5192373657927957,-0.07222099032586987,0.16517056489010049,0.16986403939187236,0.0,False,False,0.5235987755982988,0.0
0.976,0.001,0.5201575634277779,0.011240953117410381,0.521121577902134,0.1234223196405483,-0.10351722503769092,0.16517056489010049,0.0,False,False,0.5235987755982988,0.0
0.977,0.001,0.5201739609745553,0.016397546777367673,0.5198141291721878,-0.019664785318121297,0.09172137805174324,-0.10351722503769092,0.0,False,False,0.5235987755982988,0.0
0.978,0.001,0.5201810670512502,0.007106076695005129,0.5189446390764171,-0.10464731636338445,0.20935123702993258,0.09172137805174324,0.0,False,False,0.5235987755982988,0.0
0.979,0.001,0.5201906843475173,0.009617296267028442,0.5205779839995639,0.06915190758763574,-0.028608040327934375,0.20935123702993258,0.0,False,False,0.5235987755982988,0.0
0.98,0.001,0.5202080491207923,0.017364773275120166,0.5206124155592722,0.06567987279970028,-0.02506136665716087,-0.028608040327934375,0.0,False,False,0.5235987755982988,0.0
0.981,0.001,0.5202197111641463,0.011662043354049911,0.5188839101066642,-0.11373865974106395,0.22135397053869915,-0.02506136665716087,0.0,False,False,0.5235987755982988,0.0
0.982,0.001,0.5202269239920375,0.007212827891199816,0.5204271845674358,0.05196265231019395,-0.005266544216697595,0.22135397053869915,0.0,False,False,0.5235987755982988,0.0
0.983,0.001,0.5202431009939432,0.016177001905689613,0.520885018338187,0.09254976415430047,-0.062212086303148076,-0.005266544216697595,0.0,False,False,0.5235987755982988,0.0
0.984,0.001,0.5202549362280657,0.011835234122551485,0.5205816500409224,0.05295795801240764,-0.009241289582113385,-0.062212086303148076,0.0,False,False,0.5235987755982988,0.0
0.985,0.001,0.5202604265481627,0.005490320097000106,0.5208119344333265,0.07069060145158029,-0.03466558077239498,-0.009241289582113385,0.0,False,False,0.5235987755982988,0.0
0.986,0.001,0.5202638259107316,0.003399362568910406,0.5190383699434469,-0.11373490768154192,0.2185691910051852,-0.03466558077239498,0.0,False,False,0.5235987755982988,0.0
0.987,0.001,0.520264468296345,0.0006423856133464475,0.5205533553293947,0.0491371216813976,-0.004146981177403558,0.2185691910051852,0.0,False,False,0.5235987755982988,0.0
0.988,0.001,0.5202758439225263,0.011375626181407781,0.5200117583633087,-0.009936287095344352,0.07648985474423518,-0.004146981177403558,0.0,False,False,0.5235987755982988,0.0
0.989,0.001,0.5202838799149232,0.008035992396891335,0.5198625660216246,-0.023861892554218927,0.09588604344519829,0.07648985474423518,0.0,False,False,0.5235987755982988,0.0
0.99,0.001,0.5202934193296899,0.00953941476664923,0.5210531224149939,0.09757993603813203,-0.07127416594627009,0.09588604344519829,0.0,False,False,0.5235987755982988,0.0
0.991,0.001,0.5203050520031748,0.011632673484942168,0.5215959625407794,0.14210595501287257,-0.1344765109800984,-0.07127416594627009,0.0,False,False,0.5235987755982988,0.0
0.992,0.001,0.5203099313268437,0.004879323668912809,0.521875814599442,0.15588056537783973,-0.1560433804739848,-0.1344765109800984,0.0,False,False,0.5235987755982988,0.0
0.993,0.001,0.5203066318769088,-0.0032994499348265533,0.5214540181963546,0.09811286853131865,-0.07912980900258682,-0.1560433804739848,0.0,False,False,0.5235987755982988,0.0
0.994,0.001,0.5202965244076643,-0.010107469244602795,0.5202007632690928,-0.037023911047993616,0.10559291518330036,-0.07912980900258682,0.0,False,False,0.5235987755982988,0.0
0.995,0.001,0.5202852988734239,-0.011225534240379255,0.520593105282573,0.005912681404820881,0.04700684799728025,0.10559291518330036,0.0,False,False,0.5235987755982988,0.0
0.996,0.001,0.5202824514315976,-0.0028474418263289922,0.5209516306262092,0.041173947627961685,-0.0017601276559408366,0.04700684799728025,0.0,False,False,0.5235987755982988,0.0
0.997,0.001,0.520282814229191,0.00036279759336773666,0.5203885619389955,-0.019250315856201947,0.08088422489490166,-0.0017601276559408366,0.0,False,False,0.5235987755982988,0.0
0.998,0.001,0.5202829787418697,0.00016451267866051362,0.5203970920230073,-0.01647227586940134,0.07739703539852846,0.08088422489490166,0.0,False,False,0.5235987755982988,0.0
0.999,0.001,0.5202871374550518,0.004158713182172792,0.5210059976737945,0.04606551679625826,-0.008608617514432565,0.07739703539852846,0.0,False,False,0.5235987755982988,0.0
1.0,0.001,0.5202939194466909,0.006781991639014349,0.5202421855785686,-0.03492224440595886,0.10232531364229441,-0.008608617514432565,0.0,False,False,0.5235987755982988,0.0
1.0010000000000001,0.001,0.5202982838396756,0.004364392984685288,0.5196618609281004,-0.08946248501218299,0.17821944607819096,0.10232531364229441,0.0,False,False,0.5235987755982988,0.0
1.002,0.001,0.5203064581176436,0.008174277968102764,0.5199447621346601,-0.052226115854993115,0.12844358137148823,0.17821944607819096,0.0,False,False,0.5235987755982988,0.0
1.0030000000000001,0.001,0.5203211863900822,0.014728272438510307,0.5208743775527829,0.04595803754278152,-0.006110480232050887,0.12844358137148823,0.0,False,False,0.5235987755982988,0.0
1.004,0.001,0.5203385160877051,0.017329697622876006,0.5203411282270506,-0.011962698784725403,0.0729928912241386,-0.006110480232050887,0.0,False,False,0.5235987755982988,0.0
1.0050000000000001,0.001,0.5203512734398296,0.012757352124513953,0.5206481626520538,0.01993701359407099,0.02918661671952464,0.0729928912241386,0.0,False,False,0.5235987755982988,0.0
1.006,0.001,0.5203642487318173,0.012975291987706633,0.5209490031831021,0.04802736533949242,-0.009936934933850214,0.02918661671952464,0.0,False,False,0.5235987755982988,0.0
1.0070000000000001,0.001,0.5203752064271823,0.010957695364912142,0.5200480955421545,-0.04686613528922027,0.12015160335766244,-0.009936934933850214,0.0,False,False,0.5235987755982988,0.0
1.008,0.001,0.520382629845756,0.007423418573774779,0.521042580866631,0.05726901068735634,-0.02271130765480732,0.12015160335766244,0.0,False,False,0.5235987755982988,0.0
1.0090000000000001,0.001,0.5203939010579007,0.011271212144671954,0.5207245035967596,0.019734382631477643,0.028055636869932867,-0.02271130765480732,0.0,False,False,0.5235987755982988,0.0
1.01,0.001,0.5204009279329554,0.007026875054733052,0.5193233502322895,-0.122354392078681,0.22378292708258518,0.028055636869932867,0.0,False,False,0.5235987755982988,0.0
1.0110000000000001,0.001,0.5204073040820675,0.0063761491120614975,0.521665952453242,0.12414126922443759,-0.11417870645830219,0.22378292708258518,0.0,False,False,0.5235987755982988,0.0
1.012,0.001,0.5204229933036267,0.015689221559269433,0.519986011079096,-0.056266995112601595,0.13255015548077198,-0.11417870645830219,0.0,False,False,0.5235987755982988,0.0
1.0130000000000001,0.001,0.5204289792741915,0.005985970564741799,0.5189846361155411,-0.1507777919568316,0.2639878610378362,0.13255015548077198,0.0,False,False,0.5235987755982988,0.0
1.014,0.001,0.5204398247854164,0.010845511224844884,0.5195278521074396,-0.08137841357130467,0.17093071912103203,0.2639878610378362,0.0,False,False,0.5235987755982988,0.0
1.0150000000000001,0.001,0.520460858056355,0.021033270938609377,0.5195698280630855,-0.06904297664958188,0.1553726276133381,0.17093071912103203,0.0,False,False,0.5235987755982988,0.0
1.016,0.001,0.5204856590165533,0.024800960198283126,0.5205311888261666,0.03399739732348278,0.014419685110201308,0.1553726276133381,0.0,False,False,0.5235987755982988,0.0
1.0170000000000001,0.001,0.5205130565885645,0.027397572011173415,0.5202740769395628,0.004886468930763367,0.05398081314033141,0.014419685110201308,0.0,False,False,0.5235987755982988,0.0
1.018,0.001,0.5205357935674022,0.02273697883775296,0.5202418522243373,0.0011753505151299738,0.059014200113151755,0.05398081314033141,0.0,False,False,0.5235987755982988,0.0
1.0190000000000001,0.001,0.5205562585371064,0.020464969704186212,0.5210970505210439,0.08657764513428304,-0.05886212277055182,0.059014200113151755,0.0,False,False,0.5235987755982988,0.0
1.02,0.001,0.5205749652387985,0.018706701692181128,0.5208715624437594,0.055371072892403936,-0.017355450689175753,-0.05886212277055182,0.0,False,False,0.5235987755982988,0.0
1.0210000000000001,0.001,0.5205862555779144,0.011290339115850444,0.5208620593747474,0.04888365870195953,-0.009399498418425738,-0.017355450689175753,0.0,False,False,0.5235987755982988,0.0
1.022,0.001,0.5205935650563372,0.007309478422887648,0.520951207853775,0.052910140734527,-0.01583594948000412,-0.009399498418425738,0.0,False,False,0.5235987755982988,0.0
1.0230000000000001,0.001,0.5205982751630986,0.004710106761365546,0.5211359540927147,0.06609375055504578,-0.034981713565541514,-0.01583594948000412,0.0,False,False,0.5235987755982988,0.0
1.024,0.001,0.5206007871566554,0.0025119935567380286,0.5187612508420337,-0.17798594956855968,0.3006585850950432,-0.034981713565541514,0.0,False,False,0.5235987755982988,0.0
1.025,0.001,0.5206007903563858,3.1997304705206134e-06,0.5202827579852745,-0.008036640287630736,0.06933228537959532,0.3006585850950432,0.0,False,False,0.5235987755982988,0.0
1.026,0.001,0.5206158255126531,0.01503515626716783,0.5187132333121302,-0.1641854435732983,0.28496229343899393,0.06933228537959532,0.0,False,False,0.5235987755982988,0.0
1.027,0.001,0.5206304499637544,0.014624451101350602,0.5206619181862869,0.047101588199709554,-0.003658472423437552,0.28496229343899393,0.0,False,False,0.5235987755982988,0.0
1.028,0.001,0.5206555211553653,0.025071191610862714,0.5206514781243918,0.04134742319022854,0.0034344467020514732,-0.003658472423437552,0.0,False,False,0.5235987755982988,0.0
1.029,0.001,0.5206752134658476,0.019692310482249627,0.5215876124973948,0.13082611817150513,-0.12079040598953433,0.0034344467020514732,0.0,False,False,0.5235987755982988,0.0
1.03,0.001,0.5206904683874686,0.0152549216210316,0.5217268749106139,0.13166974767625897,-0.12430948483318172,-0.12079040598953433,0.0,False,False,0.5235987755982988,0.0
1.031,0.001,0.5206957666194305,0.0052982319619773975,0.5208727212310752,0.03308740495476592,0.009364092664306024,-0.12430948483318172,0.0,False,False,0.5235987755982988,0.0
1.032,0.001,0.5206932748817309,-0.0024917376996522614,0.5202566274692608,-0.03183071172214802,0.09835552038926147,0.009364092664306024,0.0,False,False,0.5235987755982988,0.0
1.033,0.001,0.5206920049931402,-0.001269888590703668,0.5211153879339683,0.05722840592081208,-0.0239731091470248,0.09835552038926147,0.0,False,False,0.5235987755982988,0.0
1.034,0.001,0.5206960384155638,0.004033422423592533,0.5202353433680309,-0.03649889126500679,0.10434044966283063,-0.0239731091470248,0.0,False,False,0.5235987755982988,0.0
1.035,0.001,0.5206976631639896,0.001624748425771347,0.5206964478463386,0.013261445692265554,0.036328164704564916,0.10434044966283063,0.0,False,False,0.5235987755982988,0.0
1.036,0.001,0.5207040120808097,0.00634891682021905,0.5215645783610325,0.0987483525924311,-0.08188247284012432,0.036328164704564916,0.0,False,False,0.5235987755982988,0.0
1.037,0.001,0.5207103088365105,0.006296755700785117,0.5202235615134707,-0.04522816742299465,0.11502765443449946,-0.08188247284012432,0.0,False,False,0.5235987755982988,0.0
1.038,0.001,0.5207106572908058,0.00034845429532580005,0.5214137445391942,0.0783129518916538,-0.054644983206101505,0.11502765443449946,0.0,False,False,0.5235987755982988,0.0
1.039,0.001,0.5207166512082931,0.005993917487352205,0.521307795420353,0.059886744818367546,-0.030626450579016237,-0.054644983206101505,0.0,False,False,0.5235987755982988,0.0
1.04,0.001,0.5207181426953231,0.001491487029939038,0.5198849296513215,-0.08838850656661923,0.1729154349255349,-0.030626450579016237,0.0,False,False,0.5235987755982988,0.0
1.041,0.001,0.5207176502753917,-0.0004924199314051566,0.5215675332305534,0.0887107020132316,-0.06989047979646011,0.1729154349255349,0.0,False,False,0.5235987755982988,0.0
1.042,0.001,0.5207259532930228,0.008303017631080175,0.5213355674315406,0.05664305191063389,-0.027233915291113436,-0.06989047979646011,0.0,False,False,0.5235987755982988,0.0
1.043,0.001,0.5207283715498064,0.0024182567835496814,0.52081731866619,-0.0008461298154965533,0.051081580556555164,-0.027233915291113436,0.0,False,False,0.5235987755982988,0.0
1.044,0.001,0.5207286964756803,0.0003249258738942493,0.5200634437602918,-0.07614900742376464,0.15501478199264407,0.051081580556555164,0.0,False,False,0.5235987755982988,0.0
1.045,0.001,0.5207314767116916,0.0027802360113132205,0.5199816780128369,-0.0767106814268769,0.15716057425056673,0.15501478199264407,0.0,False,False,0.5235987755982988,0.0
1.046,0.001,0.5207411678264549,0.00969111476321783,0.5202719687148691,-0.04001054308096557,0.10789517559889289,0.15716057425056673,0.0,False,False,0.5235987755982988,0.0
1.047,0.001,0.5207559788971425,0.01481107068764964,0.5212294818915193,0.05974182889214695,-0.029042907948545013,0.10789517559889289,0.0,False,False,0.5235987755982988,0.0
1.048,0.001,0.5207723486054633,0.016369708320774907,0.5199384083261595,-0.07533971053305231,0.15629426353817133,-0.029042907948545013,0.0,False,False,0.5235987755982988,0.0
1.049,0.001,0.5207831552215155,0.010806616052198292,0.5211649566843266,0.05484909633696855,-0.02201017515286252,0.15629426353817133,0.0,False,False,0.5235987755982988,0.0
1.05,0.001,0.5207987738942936,0.015618672778132555,0.519715137770105,-0.09561770471888617,0.18464672657015158,-0.02201017515286252,0.0,False,False,0.5235987755982988,0.0
1.051,0.001,0.5208093101300398,0.01053623574622779,0.5206312266951227,0.005552958254773491,0.046752330351441176,0.18464672657015158,0.0,False,False,0.5235987755982988,0.0
1.052,0.001,0.5208261389157597,0.016828785719899153,0.5209218246324965,0.03405745616666991,0.007316169984438202,0.046752330351441176,0.0,False,False,0.5235987755982988,0.0
1.053,0.001,0.52084111857895,0.014979663190312072,0.5229748971625022,0.23595896355057794,-0.27192094441635495,0.007316169984438202,0.0,False,False,0.5235987755982988,0.0
1.054,0.001,0.5208525968804191,0.011478301469070185,0.5196506622290143,-0.12006042615326776,0.2151385520310417,-0.27192094441635495,0.0,False,False,0.5235987755982988,0.0
1.055,0.001,0.5208473238491261,-0.005273031292922621,0.5221318988902546,0.14006928258608164,-0.14167935835850165,0.2151385520310417,0.0,False,False,0.5235987755982988,0.0
1.056,0.001,0.5208543750842441,0.007051235117986462,0.5209851372584049,0.011386191142505525,0.03338206074708393,-0.14167935835850165,0.0,False,False,0.5235987755982988,0.0
1.057,0.001,0.5208522822736215,-0.002092810622714719,0.5212110974616774,0.03284359235550292,0.0035658956325824304,0.03338206074708393,0.0,False,False,0.5235987755982988,0.0
1.058,0.001,0.5208524924989053,0.00021022528388020848,0.5209557705364798,0.004026540600194094,0.04274224239250955,0.0035658956325824304,0.0,False,False,0.5235987755982988,0.0
1.059,0.001,0.5208528171128072,0.00032461390181636065,0.5212409144752784,0.03213828042003844,0.003875563710320863,0.04274224239250955,0.0,False,False,0.5235987755982988,0.0
1.06,0.001,0.5208551801647531,0.0023630519458700118,0.5207210646106336,-0.023060534086447076,0.07947143868171018,0.003875563710320863,0.0,False,False,0.5235987755982988,0.0
1.061,0.001,0.5208570219076047,0.0018417428517145326,0.5221259200653874,0.1197310647975749,-0.11716587816468407,0.07947143868171018,0.0,False,False,0.5235987755982988,0.0
1.062,0.001,0.5208622788890898,0.005256981484971588,0.5204639326687364,-0.058440781347284684,0.12655611034886577,-0.11716587816468407,0.0,False,False,0.5235987755982988,0.0
1.063,0.001,0.5208601147981514,-0.0021640909383533738,0.5218481758576233,0.08582761567614064,-0.07148234347921004,0.12655611034886577,0.0,False,False,0.5235987755982988,0.0
1.064,0.001,0.52086493387442,0.004819076268599723,0.5203026174824544,-0.07731098340836323,0.15210402617523477,-0.07148234347921004,0.0,False,False,0.5235987755982988,0.0
1.065,0.001,0.5208647411784283,-0.0001926959917715118,0.5208121615234229,-0.018625480970678995,0.07250963051258107,0.15210402617523477,0.0,False,False,0.5235987755982988,0.0
1.066,0.001,0.520872212261538,0.007471083109770565,0.5199367484617607,-0.10430423903982777,0.1910815753054786,0.07250963051258107,0.0,False,False,0.5235987755982988,0.0
1.067,0.001,0.52088113636238,0.00892410084193352,0.5212782194671169,0.040273285399774816,-0.006557932118456074,0.1910815753054786,0.0,False,False,0.5235987755982988,0.0
1.068,0.001,0.5208970661982378,0.015929835857827878,0.522158176500958,0.1242416602439001,-0.1231592085405449,-0.006557932118456074,0.0,False,False,0.5235987755982988,0.0
1.069,0.001,0.5209086319926418,0.011565794404009934,0.5208411259909099,-0.01988755678529444,0.07350276107535335,-0.1231592085405449,0.0,False,False,0.5235987755982988,0.0
1.07,0.001,0.520910865035931,0.0022330432891195396,0.5207390498513074,-0.028106415067020822,0.08520276152627106,0.07350276107535335,0.0,False,False,0.5235987755982988,0.0
1.071,0.001,0.5209160971420602,0.005232106129252711,0.5199434103468544,-0.10485972400561258,0.19162824333273407,0.08520276152627106,0.0,False,False,0.5235987755982988,0.0
1.072,0.001,0.5209240336793453,0.007936537284999911,0.5207239380915891,-0.016320977131581968,0.07133224767867284,0.19162824333273407,0.0,False,False,0.5235987755982988,0.0
1.073,0.001,0.5209392564988313,0.015222819486119712,0.519549281291881,-0.13215455938923112,0.23147636878259714,0.07133224767867284,0.0,False,False,0.5235987755982988,0.0
1.074,0.001,0.520954134548263,0.014878049431682201,0.520157498221402,-0.058117410498212535,0.13168388538199766,0.23147636878259714,0.0,False,False,0.5235987755982988,0.0
1.075,0.001,0.5209767379210006,0.022603372737641104,0.5211746460811099,0.04940911652239434,-0.015656608517472005,0.13168388538199766,0.0,False,False,0.5235987755982988,0.0
1.076,0.001,0.5210009686126976,0.024230691696983653,0.52215202477159,0.14220607391816395,-0.14460577382103718,-0.015656608517472005,0.0,False,False,0.5235987755982988,0.0
1.077,0.001,0.5210192967158584,0.018328103160837945,0.5234707956614205,0.2598625555094043,-0.3095314277474758,-0.14460577382103718,0.0,False,False,0.5235987755982988,0.0
1.078,0.001,0.5210259760638133,0.006679347954826524,0.5205140840099344,-0.06179486519015043,0.12967828681874044,-0.3095314277474758,0.0,False,False,0.5235987755982988,0.0
1.079,0.001,0.5210152196361341,-0.010756427679195284,0.5222677553105267,0.11975175138809868,-0.11974373648582062,0.12967828681874044,0.0,False,False,0.5235987755982988,0.0
1.08,0.001,0.5210139381708949,-0.0012814652391756193,0.5212266523380406,0.003666279000672526,0.03829868388384171,-0.11974373648582062,0.0,False,False,0.5235987755982988,0.0
1.081,0.001,0.5210070585590361,-0.006879611858816937,0.5208750700879552,-0.031858573907930544,0.08725698787570184,0.03829868388384171,0.0,False,False,0.5235987755982988,0.0
1.082,0.001,0.5210041075585673,-0.002951000468753251,0.5213816174339914,0.0219820180864793,0.013530425253759002,0.08725698787570184,0.0,False,False,0.5235987755982988,0.0
1.083,0.001,0.5210064101424685,0.002302583901161322,0.5210604424675421,-0.012333680367091985,0.06049041279413075,0.013530425253759002,0.0,False,False,0.5235987755982988,0.0
1.084,0.001,0.5210086922980445,0.0022821555759492676,0.5211050307426476,-0.006641484819837738,0.052857189185527544,0.06049041279413075,0.0,False,False,0.5235987755982988,0.0
1.085,0.001,0.52101330815507,0.004615857025542166,0.5206569702482496,-0.0507833857776479,0.11389255923406263,0.052857189185527544,0.0,False,False,0.5235987755982988,0.0
1.086,0.001,0.5210191877247501,0.005879569680133338,0.5197991068813786,-0.13149138388698234,0.22618369756894183,0.11389255923406263,0.0,False,False,0.5235987755982988,0.0
1.087,0.001,0.5210290236492079,0.009835924457797046,0.5196819565391692,-0.13005727971923342,0.226571478727414,0.22618369756894183,0.0,False,False,0.5235987755982988,0.0
1.088,0.001,0.5210473955693954,0.01837192018746804,0.5216174592711486,0.0764987214506298,-0.05613477185205104,0.226571478727414,0.0,False,False,0.5235987755982988,0.0
1.089,0.001,0.5210726711805522,0.025275611156848933,0.5208312047999242,-0.009776597816871069,0.06154819175098882,-0.05613477185205104,0.0,False,False,0.5235987755982988,0.0
1.09,0.001,0.5210899263325305,0.017255151978267918,0.5205697406358509,-0.03494535444250836,0.09645705465507196,0.06154819175098882,0.0,False,False,0.5235987755982988,0.0
1.091,0.001,0.5211060038191023,0.016077486571787238,0.5211134263786655,0.02291775528320282,0.017234979613555686,0.09645705465507196,0.0,False,False,0.5235987755982988,0.0
1.092,0.001,0.5211228426654716,0.016838846369226296,0.5218165519226553,0.0909385341538594,-0.07704621482304805,0.017234979613555686,0.0,False,False,0.5235987755982988,0.0
1.093,0.001,0.5211363548866024,0.013512221130746242,0.5212937521194869,0.029564700421635143,0.0060127821126519584,-0.07704621482304805,0.0,False,False,0.5235987755982988,0.0
1.094,0.001,0.5211424287958245,0.006073909222138449,0.5205699128599072,-0.0457756955785034,0.10945036398525372,0.0060127821126519584,0.0,False,False,0.5235987755982988,0.0
1.095,0.001,0.5211470109036351,0.0045821078106391975,0.5222171533871395,0.12352592670257767,-0.12336191224222509,0.10945036398525372,0.0,False,False,0.5235987755982988,0.0
1.096,0.001,0.5211556961255585,0.008685221923340928,0.522533795451898,0.14283754050817646,-0.1522354059745978,-0.12336191224222509,0.0,False,False,0.5235987755982988,0.0
1.097,0.001,0.5211557252537347,2.9128176157274324e-05,0.5215873073523863,0.03390497650618887,-0.004479543381002128,-0.1522354059745978,0.0,False,False,0.5235987755982988,0.0
1.098,0.001,0.5211481337566527,-0.007591497081945977,0.5219978154606268,0.07156528967962035,-0.05706106513744896,-0.004479543381002128,0.0,False,False,0.5235987755982988,0.0
1.099,0.001,0.5211425226775633,-0.005611079089371335,0.5222263372336863,0.08726093801760144,-0.08000923505809604,-0.05706106513744896,0.0,False,False,0.5235987755982988,0.0
1.1,0.001,0.5211357214957365,-0.006801181826798721,0.5221219191930263,0.06809304014984426,-0.05512823288490795,-0.08000923505809604,0.0,False,False,0.5235987755982988,0.0
1.101,0.001,0.5211269122377726,-0.00880925796387362,0.5216628148664928,0.015373303481508796,0.016399328994697787,-0.05512823288490795,0.0,False,False,0.5235987755982988,0.0
1.102,0.001,0.5211178659735817,-0.009046264190943197,0.5216400222756338,0.011556714047455709,0.02138950295102389,0.016399328994697787,0.0,False,False,0.5235987755982988,0.0
1.103,0.001,0.5211122186525515,-0.005647321030129691,0.5215657080524364,0.002969620322973215,0.03303167143795553,0.02138950295102389,0.0,False,False,0.5235987755982988,0.0
1.104,0.001,0.5211093139569414,-0.002904695610114069,0.5201517061855901,-0.13872752839395003,0.22852028350149609,0.03303167143795553,0.0,False,False,0.5235987755982988,0.0
1.105,0.001,0.5211089377967099,-0.00037616023153624976,0.5217204341083183,0.03201801671825576,-0.004611473242256796,0.22852028350149609,0.0,False,False,0.5235987755982988,0.0
1.106,0.001,0.5211201019900593,0.011164193349467194,0.5199369310980244,-0.1495340859829539,0.24535410418448392,-0.004611473242256796,0.0,False,False,0.5235987755982988,0.0
1.107,0.001,0.5211279510657416,0.007849075682259074,0.5204345322294174,-0.0848205642453619,0.15874105773430014,0.24535410418448392,0.0,False,False,0.5235987755982988,0.0
1.108,0.001,0.5211457956082239,0.017844542482360393,0.5222833707305856,0.10854534229599799,-0.10657712313636,0.15874105773430014,0.0,False,False,0.5235987755982988,0.0
1.109,0.001,0.5211672308733706,0.021435265146591026,0.5219004612874034,0.059399863748178204,-0.04071017890169666,-0.10657712313636,0.0,False,False,0.5235987755982988,0.0
1.11,0.001,0.5211785107936653,0.011279920294696441,0.5224765106658428,0.1110648152172962,-0.1130770094765467,-0.04071017890169666,0.0,False,False,0.5235987755982988,0.0
1.111,0.001,0.5211846444675948,0.006133673929535765,0.5209475638431613,-0.052936348572578784,0.11124542987956944,-0.1130770094765467,0.0,False,False,0.5235987755982988,0.0
1.112,0.001,0.521183315253554,-0.001329214040780605,0.5201777884494255,-0.12462025308890032,0.21112207238639957,0.11124542987956944,0.0,False,False,0.5235987755982988,0.0
1.113,0.001,0.5211879518059939,0.004636552439914731,0.5209781307693366,-0.0321239957888996,0.08572040186799879,0.21112207238639957,0.0,False,False,0.5235987755982988,0.0
1.114,0.001,0.5212017593445322,0.01380753853834912,0.5212907984483787,0.002355171694193702,0.03871738266553023,0.08572040186799879,0.0,False,False,0.5235987755982988,0.0
1.115,0.001,0.5212162083284675,0.014448983935317431,0.5212851389870703,0.0015537083939371737,0.03978100892938875,0.03871738266553023,0.0,False,False,0.5235987755982988,0.0
1.116,0.001,0.5212288248410022,0.012616512534738757,0.5222181476919967,0.09469920804718424,-0.08878774734318307,0.03978100892938875,0.0,False,False,0.5235987755982988,0.0
1.117,0.001,0.5212400282151625,0.011203374160298587,0.520924760294843,-0.04410945247290196,0.10106361842968657,-0.08878774734318307,0.0,False,False,0.5235987755982988,0.0
1.118,0.001,0.5212436987728795,0.0036705577169699804,0.5215509068035534,0.022916143645428343,0.009362265930902988,0.10106361842968657,0.0,False,False,0.5235987755982988,0.0
1.119,0.001,0.5212513188609914,0.007620088111983733,0.5203885789193794,-0.09560825913651749,0.17251345118437053,0.009362265930902988,0.0,False,False,0.5235987755982988,0.0
1.12,0.001,0.5212571951055339,0.005876244542475358,0.5216501710645581,0.04011178129500782,-0.01305925594667709,0.17251345118437053,0.0,False,False,0.5235987755982988,0.0
1.121,0.001,0.5212699596788605,0.012764573326499166,0.5212726724006456,-0.0016492632257497225,0.043848973428658185,-0.01305925594667709,0.0,False,False,0.5235987755982988,0.0
1.122,0.001,0.5212786380775043,0.008678398643785543,0.5206243025010826,-0.0663213268594709,0.1331261079812569,0.043848973428658185,0.0,False,False,0.5235987755982988,0.0
1.123,0.001,0.521287022658985,0.008384581480644753,0.5210812227168435,-0.01399717259743017,0.062112558983111174,0.1331261079812569,0.0,False,False,0.5235987755982988,0.0
1.124,0.001,0.5212996523229209,0.012629663935838744,0.5211389286639704,-0.006826860625003113,0.052469477567915576,0.062112558983111174,0.0,False,False,0.5235987755982988,0.0
1.125,0.001,0.5213119826601513,0.012330337230520126,0.5210762278352472,-0.012414257434820029,0.060302968656712974,0.052469477567915576,0.0,False,False,0.5235987755982988,0.0
1.1260000000000001,0.001,0.5213235949606436,0.0116123004922708,0.5228693818033405,0.1681425651179939,-0.18864198983234345,0.060302968656712974,0.0,False,False,0.5235987755982988,0.0
1.127,0.001,0.5213350372865746,0.011442325930973218,0.5212491269427897,-0.010697177448889511,0.05513028873783173,-0.18864198983234345,0.0,False,False,0.5235987755982988,0.0
1.1280000000000001,0.001,0.5213339002729054,-0.001137013669169672,0.5211210607651353,-0.022434077469437902,0.07151975996026852,0.05513028873783173,0.0,False,False,0.5235987755982988,0.0
1.129,0.001,0.5213358650588201,0.001964785914768941,0.5195054938033499,-0.18174736590103827,0.2917759113903269,0.07151975996026852,0.0,False,False,0.5235987755982988,0.0
1.1300000000000001,0.001,0.5213408104267301,0.004945367909965227,0.520560467302351,-0.05807527941082674,0.12437988462005369,0.2917759113903269,0.0,False,False,0.5235987755982988,0.0
1.131,0.001,0.521358870713532,0.018060286801971463,0.5211292958419691,0.004615102492070831,0.03891251262344992,0.12437988462005369,0.0,False,False,0.5235987755982988,0.0
1.1320000000000001,0.001,0.5213787711787895,0.019900465257493796,0.5207802518096447,-0.030750810989574842,0.08763440138326367,0.03891251262344992,0.0,False,False,0.5235987755982988,0.0
1.133,0.001,0.5213959806911014,0.01720951231190956,0.5226017480313139,0.1544738922762987,-0.16742217452582947,0.08763440138326367,0.0,False,False,0.5235987755982988,0.0
1.1340000000000001,0.001,0.521413324069589,0.01734337848755059,0.52126938870751,0.005790570668286643,0.034980279232253796,-0.16742217452582947,0.0,False,False,0.5235987755982988,0.0
1.135,0.001,0.5214180273685796,0.004703298990556796,0.5225424070875291,0.13251335160336103,-0.140001388730178,0.034980279232253796,0.0,False,False,0.5235987755982988,0.0
1.1360000000000001,0.001,0.5214230753263026,0.005047957723001321,0.5214769227776984,0.012713585459958307,0.022937048218857243,-0.140001388730178,0.0,False,False,0.5235987755982988,0.0
1.137,0.001,0.5214196199944562,-0.003455331846472608,0.5214521074104037,0.008960690184491875,0.027887199160721667,0.022937048218857243,0.0,False,False,0.5235987755982988,0.0
1.1380000000000001,0.001,0.5214183517439925,-0.0012682504635995436,0.5213408622251596,-0.0030598973583653,0.04431431754654372,0.027887199160721667,0.0,False,False,0.5235987755982988,0.0
1.139,0.001,0.5214188628924645,0.0005111484720298994,0.5214221757469659,0.005377444558100443,0.032725863854271564,0.04431431754654372,0.0,False,False,0.5235987755982988,0.0
1.1400000000000001,0.001,0.5214214344010569,0.002571508592432184,0.5229213659995592,0.1547587253616167,-0.17351709765662668,0.032725863854271564,0.0,False,False,0.5235987755982988,0.0
1.141,0.001,0.5214248646874313,0.0034302863743778953,0.519400622460112,-0.21279150111926512,0.33091655783048113,-0.17351709765662668,0.0,False,False,0.5235987755982988,0.0
1.1420000000000001,0.001,0.5214185862854525,-0.0062784019788633015,0.5196719081169656,-0.1643837853219749,0.2679441570503674,0.33091655783048113,0.0,False,False,0.5235987755982988,0.0
1.143,0.001,0.5214307028198426,0.012116534390186132,0.5209566968497065,-0.019466533515692525,0.07091725769349327,0.2679441570503674,0.0,False,False,0.5235987755982988,0.0
1.1440000000000001,0.001,0.5214529209994445,0.02221817960188356,0.5214655989681021,0.033370331675437154,-0.0016472186669832176,0.07091725769349327,0.0,False,False,0.5235987755982988,0.0
1.145,0.001,0.5214737698684151,0.0208488689705269,0.5220759995881508,0.09107336051276242,-0.08187806443264996,-0.0016472186669832176,0.0,False,False,0.5235987755982988,0.0
1.1460000000000001,0.001,0.521489779874209,0.016010005793829885,0.5219026263369396,0.06462869934037221,-0.04702375250398119,-0.08187806443264996,0.0,False,False,0.5235987755982988,0.0
1.147,0.001,0.5214976460385566,0.007866164347640614,0.5211623282227018,-0.01586398201744639,0.06289283118168178,-0.04702375250398119,0.0,False,False,0.5235987755982988,0.0
1.1480000000000001,0.001,0.5215008842983955,0.0032382598388291063,0.5223901676818331,0.10850636209742791,-0.1084526920205307,0.06289283118168178,0.0,False,False,0.5235987755982988,0.0
1.149,0.001,0.5215062911700775,0.005406871682097481,0.5224053062562738,0.09916958333175385,-0.09752105184165422,-0.1084526920205307,0.0,False,False,0.5235987755982988,0.0
1.1500000000000001,0.001,0.5215046701125987,-0.0016210574787519152,0.5216652908710872,0.015251086479914175,0.016501421313912964,-0.09752105184165422,0.0,False,False,0.5235987755982988,0.0
1.151,0.001,0.5214986647418277,-0.006005370770966721,0.5223387419522852,0.08107108595173228,-0.07460469751383447,0.016501421313912964,0.0,False,False,0.5235987755982988,0.0
1.1520000000000001,0.001,0.5214952578136621,-0.0034069281655444883,0.521733185690505,0.012408351178531937,0.018690596926050813,-0.07460469751383447,0.0,False,False,0.5235987755982988,0.0
1.153,0.001,0.521489146584012,-0.006111229650127441,0.5209991602084407,-0.06223503214574613,0.12147511559234098,0.018690596926050813,0.0,False,False,0.5235987755982988,0.0
1.154,0.001,0.5214857726922029,-0.0033738918091688786,0.5220947327630233,0.05354572652708757,-0.03718210079754611,0.12147511559234098,0.0,False,False,0.5235987755982988,0.0
1.155,0.001,0.5214894887259569,0.0037160337540175776,0.5215860168852025,-0.0026804339077076203,0.03944617752498368,-0.03718210079754611,0.0,False,False,0.5235987755982988,0.0
1.156,0.001,0.5214902286342932,0.0007399083363034352,0.5214913978711601,-0.011874291921176493,0.052181949393909466,0.03944617752498368,0.0,False,False,0.5235987755982988,0.0
1.157,0.001,0.5214927160205844,0.0024873862912646386,0.5227781104987704,0.1179844000319787,-0.12680930824686354,0.052181949393909466,0.0,False,False,0.5235987755982988,0.0
1.158,0.001,0.5214970601626777,0.004344142093239425,0.5193582707532584,-0.23579801452242677,0.3592867046376404,-0.12680930824686354,0.0,False,False,0.5235987755982988,0.0
1.159,0.001,0.5214937633358291,-0.0032968268485957736,0.5202566005096947,-0.12238523742655076,0.20702143650673518,0.3592867046376404,0.0,False,False,0.5235987755982988,0.0
1.16,0.001,0.5215094242175259,0.0156608816968132,0.5204735098478616,-0.08845577986720861,0.16240171934852093,0.20702143650673518,0.0,False,False,0.5235987755982988,0.0
1.161,0.001,0.5215314468247533,0.022022607227346086,0.5212144421076031,-0.005516975906328853,0.04953837392011663,0.16240171934852093,0.0,False,False,0.5235987755982988,0.0
1.162,0.001,0.5215566959994282,0.025249174674967092,0.5213345084561836,0.007041356542345683,0.032307180707259686,0.04953837392011663,0.0,False,False,0.5235987755982988,0.0
1.163,0.001,0.5215792106528553,0.022514653427109673,0.5202638208801855,-0.10073153671169302,0.18090702898007088,0.032307180707259686,0.0,False,False,0.5235987755982988,0.0
1.164,0.001,0.5215983932844126,0.019182631557260837,0.520738680718598,-0.04317239919927926,0.10328858687375037,0.18090702898007088,0.0,False,False,0.5235987755982988,0.0
1.165,0.001,0.5216220812013593,0.023687916946767057,0.5208708551199278,-0.025637719146367022,0.0798678315863185,0.10328858687375037,0.0,False,False,0.5235987755982988,0.0
1.166,0.001,0.5216458657998176,0.023784598458344623,0.5237903728760455,0.2688778283800347,-0.3261021450554813,0.0798678315863185,0.0,False,False,0.5235987755982988,0.0
1.167,0.001,0.5216685666121516,0.022700812333881215,0.5232408830751257,0.1870410654500579,-0.2180072131229539,-0.3261021450554813,0.0,False,False,0.5235987755982988,0.0
1.168,0.001,0.5216699950898015,0.001428477649928598,0.5213106759382131,-0.024683754786208795,0.07080629962499309,-0.2180072131229539,0.0,False,False,0.5235987755982988,0.0
1.169,0.001,0.5216600896768252,-0.009905412976276184,0.5213428034007708,-0.019002633051822742,0.0634106592176921,0.07080629962499309,0.0,False,False,0.5235987755982988,0.0
1.17,0.001,0.5216565145383881,-0.0035751384370396036,0.5206536448619874,-0.08601822362497788,0.15623422160357897,0.0634106592176921,0.0,False,False,0.5235987755982988,0.0
1.171,0.001,0.5216571854951391,0.0006709567509662695,0.519992027581728,-0.1435781292884175,0.2372152194443753,0.15623422160357897,0.0,False,False,0.5235987755982988,0.0
1.172,0.001,0.5216654642675973,0.008278772458196464,0.5215634670634386,0.027923631811481026,0.0031271954537068214,0.2372152194443753,0.0,False,False,0.5235987755982988,0.0
1.173,0.001,0.5216832198151664,0.017755547569131967,0.5208124296874083,-0.04997246897269986,0.11012118916326978,0.0031271954537068214,0.0,False,False,0.5235987755982988,0.0
1.174,0.001,0.5216967989351169,0.013579119950474717,0.5216227528776384,0.036057096947581226,-0.007700107365209513,0.11012118916326978,0.0,False,False,0.5235987755982988,0.0
1.175,0.001,0.5217122847564541,0.015485821337293135,0.5203158417176802,-0.09823972874299483,0.17698048434272898,-0.007700107365209513,0.0,False,False,0.5235987755982988,0.0
1.176,0.001,0.5217234271228952,0.011142366441108179,0.5210584789672145,-0.014152030915268107,0.06270777645784001,0.17698048434272898,0.0,False,False,0.5235987755982988,0.0
1.177,0.001,0.5217403389267811,0.01691180388581286,0.5218700405353166,0.0684193289864724,-0.05098596365008708,0.06270777645784001,0.0,False,False,0.5235987755982988,0.0
1.178,0.001,0.5217561859203216,0.015846993540469603,0.5220757640820083,0.08214975075699345,-0.07116549361516261,-0.05098596365008708,0.0,False,False,0.5235987755982988,0.0
1.179,0.001,0.5217654617993233,0.009275879001628913,0.5221297748100632,0.07933584848678284,-0.06876100399589785,-0.07116549361516261,0.0,False,False,0.5235987755982988,0.0
1.18,0.001,0.521768543272129,0.003081472805679872,0.5206161992466362,-0.07995529270459707,0.14963272557544433,-0.06876100399589785,0.0,False,False,0.5235987755982988,0.0
1.181,0.001,0.5217672571732151,-0.001286098913776926,0.522513111176249,0.11773142952714581,-0.12173575583567811,0.14963272557544433,0.0,False,False,0.5235987755982988,0.0
1.182,0.001,0.52177384315371,0.00658598049485675,0.5210755267127763,-0.037800159772832825,0.09077867166680378,-0.12173575583567811,0.0,False,False,0.5235987755982988,0.0
1.183,0.001,0.5217724086578178,-0.0014344958921312665,0.522324681373178,0.09089532224461566,-0.08614069064136413,0.09077867166680378,0.0,False,False,0.5235987755982988,0.0
1.184,0.001,0.521775948445807,0.0035397879891488114,0.5217666644490548,0.026004097607837978,0.0017730835569859903,-0.08614069064136413,0.0,False,False,0.5235987755982988,0.0
1.185,0.001,0.5217741160549888,-0.0018323908182271325,0.5205729913728788,-0.0959636197705474,0.16962045978221674,0.0017730835569859903,0.0,False,False,0.5235987755982988,0.0
1.186,0.001,0.5217729278321697,-0.0011882228191545607,0.5214969932805602,0.006032932974645536,0.03059256214972033,0.16962045978221674,0.0,False,False,0.5235987755982988,0.0
1.187,0.001,0.5217805814332629,0.007653601093213273,0.5220994214465839,0.06567245627955481,-0.05181857280459809,0.03059256214972033,0.0,False,False,0.5235987755982988,0.0
1.188,0.001,0.5217875438519959,0.006962418732972394,0.5223224570564969,0.08140877164289849,-0.07471679221904436,-0.05181857280459809,0.0,False,False,0.5235987755982988,0.0
1.189,0.001,0.5217898792441606,0.0023353921647288447,0.5216668440933672,0.0077065981656316285,0.025526849290011745,-0.07471679221904436,0.0,False,False,0.5235987755982988,0.0
1.19,0.001,0.5217877720045644,-0.002107239596307202,0.5231245012572411,0.15270165473646,-0.17470504754471278,0.025526849290011745,0.0,False,False,0.5235987755982988,0.0
1.191,0.001,0.5217875793793333,-0.00019262523113693715,0.5226667983894844,0.0916612024871436,-0.09321785322591243,-0.17470504754471278,0.0,False,False,0.5235987755982988,0.0
1.192,0.001,0.5217787100580085,-0.008869321324855396,0.5215547370895098,-0.028711047759025,0.07124595046903165,-0.09321785322591243,0.0,False,False,0.5235987755982988,0.0
1.193,0.001,0.5217677144013106,-0.010995656697780456,0.5224223191719515,0.06091826526104173,-0.05192570263899797,0.07124595046903165,0.0,False,False,0.5235987755982988,0.0
1.194,0.001,0.5217633271693592,-0.004387231951357209,0.5234508803378668,0.15768255532646958,-0.18655695170398714,-0.05192570263899797,0.0,False,False,0.5235987755982988,0.0
1.195,0.001,0.521757656658224,-0.005670511135242481,0.5234685022191395,0.14367648792109708,-0.17006686468044957,-0.18655695170398714,0.0,False,False,0.5235987755982988,0.0
1.196,0.001,0.5217443379710313,-0.013318687192744677,0.5206727059143087,-0.150270791354097,0.2329942039367385,-0.17006686468044957,0.0,False,False,0.5235987755982988,0.0
1.197,0.001,0.5217260630102517,-0.01827496077958886,0.5209175103393298,-0.11076326971658118,0.18117869832134043,0.2329942039367385,0.0,False,False,0.5235987755982988,0.0
1.198,0.001,0.5217238484175303,-0.0022145927214380495,0.5230196845151915,0.11053047484125506,-0.12221293031357511,0.18117869832134043,0.0,False,False,0.5235987755982988,0.0
1.199,0.001,0.5217313632938398,0.007514876309554096,0.5208078388564107,-0.12170713852095572,0.19628542757913317,-0.12221293031357511,0.0,False,False,0.5235987755982988,0.0
1.2,0.001,0.5217305834310076,-0.0007798628322553038,0.5205764485675578,-0.13267545355414853,0.21361243081831646,0.19628542757913317,0.0,False,False,0.5235987755982988,0.0
1.201,0.001,0.521739854799352,0.009271368344357165,0.5213155703801235,-0.04549572694215907,0.09569256625774566,0.21361243081831646,0.0,False,False,0.5235987755982988,0.0
1.202,0.001,0.5217571717751589,0.01731697580687256,0.5221238887594165,0.03988568368135287,-0.021314857317741943,0.09569256625774566,0.0,False,False,0.5235987755982988,0.0
1.203,0.001,0.5217750085582076,0.017836783048643282,0.5216856505745294,-0.007926703175490941,0.043948294238438164,-0.021314857317741943,0.0,False,False,0.5235987755982988,0.0
1.204,0.001,0.5217874344456416,0.012425887433971005,0.521219710587153,-0.05372803159558476,0.10729680811532646,0.043948294238438164,0.0,False,False,0.5235987755982988,0.0
1.205,0.001,0.5217986958726251,0.011261426983475131,0.5212103345068716,-0.04929283646416609,0.10214334340268923,0.10729680811532646,0.0,False,False,0.5235987755982988,0.0
1.206,0.001,0.521812215578161,0.013519705536027639,0.5211905842202614,-0.04633858147876599,0.09895374257919208,0.10214334340268923,0.0,False,False,0.5235987755982988,0.0
1.207,0.001,0.5218272549528106,0.015039374649494291,0.5210597380116561,-0.054789344191426684,0.11144988958928163,0.09895374257919208,0.0,False,False,0.5235987755982988,0.0
1.208,0.001,0.521843363925079,0.01610897226845387,0.52383446422659,0.22816221172110684,-0.27803704937456897,0.11144988958928163,0.0,False,False,0.5235987755982988,0.0
1.209,0.001,0.5218609785249302,0.017614599851124946,0.5221206059125963,0.033960159149634045,-0.014145136636916418,-0.27803704937456897,0.0,False,False,0.5235987755982988,0.0
1.21,0.001,0.5218603801048882,-0.0005984200419239354,0.5226342233634499,0.08192588832002493,-0.08094912575674924,-0.014145136636916418,0.0,False,False,0.5235987755982988,0.0
1.211,0.001,0.5218592562941519,-0.0011238107363800921,0.5214324556883522,-0.04644346802174956,0.0947259200051391,-0.08094912575674924,0.0,False,False,0.5235987755982988,0.0
1.212,0.001,0.5218544263112097,-0.004829982942150906,0.5216921484970615,-0.01582984034864464,0.05331509624064579,0.0947259200051391,0.0,False,False,0.5235987755982988,0.0
1.213,0.001,0.5218557734117343,0.001347100524549968,0.5212330800934529,-0.06015369667463441,0.11476695509678728,0.05331509624064579,0.0,False,False,0.5235987755982988,0.0
1.214,0.001,0.5218593773585435,0.0036039468091655764,0.5195453252961977,-0.2229138067326957,0.3404586735170553,0.11476695509678728,0.0,False,False,0.5235987755982988,0.0
1.215,0.001,0.5218676356056584,0.008258247114924495,0.5206650956554574,-0.0886453901334564,0.15918070713129356,0.3404586735170553,0.0,False,False,0.5235987755982988,0.0
1.216,0.001,0.5218905380970936,0.02290249143519591,0.5203104752239051,-0.11524289427534293,0.1974808798694992,0.15918070713129356,0.0,False,False,0.5235987755982988,0.0
1.217,0.001,0.5219164112189056,0.025873121812019433,0.519953104499745,-0.1394556772638175,0.23296889249055028,0.1974808798694992,0.0,False,False,0.5235987755982988,0.0
1.218,0.001,0.5219468944057938,0.03048318688819207,0.5209037469135556,-0.030445868156375927,0.0850455581130296,0.23296889249055028,0.0,False,False,0.5235987755982988,0.0
1.219,0.001,0.521983447585951,0.0365531801573147,0.5231396895383614,0.19619298113984807,-0.22716802828894472,0.0850455581130296,0.0,False,False,0.5235987755982988,0.0
1.22,0.001,0.5220184092520205,0.034961666069419736,0.52197963138035,0.06056786722471763,-0.043536844746581996,-0.22716802828894472,0.0,False,False,0.5235987755982988,0.0
1.221,0.001,0.5220362257280039,0.01781647598347804,0.5231624550709754,0.17279344956478482,-0.19949836998591963,-0.043536844746581996,0.0,False,False,0.5235987755982988,0.0
1.222,0.001,0.5220475232935454,0.011297565541572407,0.522406173250308,0.07988592254157263,-0.07439626478605293,-0.19949836998591963,0.0,False,False,0.5235987755982988,0.0
1.223,0.001,0.5220457312226948,-0.0017920708506346285,0.5227286426276583,0.10414426802244076,-0.10931072815539926,-0.07439626478605293,0.0,False,False,0.5235987755982988,0.0
1.224,0.001,0.5220407626939324,-0.004968528762444531,0.5212545817544629,-0.053676246099338146,0.10660698450825169,-0.10931072815539926,0.0,False,False,0.5235987755982988,0.0
1.225,0.001,0.5220318091364081,-0.008953557524303064,0.5224890425998895,0.07513746305325113,-0.07018976169253342,0.10660698450825169,0.0,False,False,0.5235987755982988,0.0
1.226,0.001,0.5220307416724286,-0.0010674639795669651,0.5226666648069659,0.08538593745556601,-0.08568513070268648,-0.07018976169253342,0.0,False,False,0.5235987755982988,0.0
1.227,0.001,0.5220264889256719,-0.0042527467565918005,0.5215232692320625,-0.03749221378032998,0.0823497711286498,-0.08568513070268648,0.0,False,False,0.5235987755982988,0.0
1.228,0.001,0.5220192258702703,-0.007263055401610166,0.5225075169585244,0.06468178024389143,-0.0579754807767298,0.0823497711286498,0.0,False,False,0.5235987755982988,0.0
1.229,0.001,0.5220181972839565,-0.0010285863138344512,0.5225122893125373,0.05869083762079947,-0.05087225200125295,-0.0579754807767298,0.0,False,False,0.5235987755982988,0.0
1.23,0.001,0.5220145823420723,-0.0036149418841964166,0.5215350072094881,-0.0449064564462064,0.09103557873404078,-0.05087225200125295,0.0,False,False,0.5235987755982988,0.0
1.231,0.001,0.5220095110723967,-0.005071269675627696,0.5210297107783675,-0.09094545391364851,0.15537771145514262,0.09103557873404078,0.0,False,False,0.5235987755982988,0.0
1.232,0.001,0.5220105014594661,0.0009903870694552633,0.5209771545515774,-0.08710653120128492,0.1517170162825265,0.15537771145514262,0.0,False,False,0.5235987755982988,0.0
1.233,0.001,0.5220189598970607,0.008458437594507885,0.5220944502234482,0.03333368910592348,-0.012922570179797949,0.1517170162825265,0.0,False,False,0.5235987755982988,0.0
1.234,0.001,0.5220325740171187,0.013614120057942321,0.5223179439619631,0.052349694046813514,-0.03976466340213282,-0.012922570179797949,0.0,False,False,0.5235987755982988,0.0
1.235,0.001,0.5220419356831095,0.009361665990902643,0.5213503264256799,-0.04964702898618388,0.10004851989056093,-0.03976466340213282,0.0,False,False,0.5235987755982988,0.0
1.236,0.001,0.5220466517731263,0.004716090016724016,0.5220698518600716,0.027270217351603288,-0.005203633533834039,0.10004851989056093,0.0,False,False,0.5235987755982988,0.0
1.237,0.001,0.5220549622506006,0.008310477474336487,0.5225528497398598,0.07284298359526567,-0.06858491486241698,-0.005203633533834039,0.0,False,False,0.5235987755982988,0.0
1.238,0.001,0.5220606203873892,0.0056581367887002035,0.5226000935561975,0.07028306686950853,-0.0663634034855869,-0.06858491486241698,0.0,False,False,0.5235987755982988,0.0
1.239,0.001,0.5220611730861675,0.0005526987783224585,0.5234154439707867,0.14478980164147098,-0.17044779267454627,-0.0663634034855869,0.0,False,False,0.5235987755982988,0.0
1.24,0.001,0.5220582396365391,-0.0029334496284121265,0.5231726156368748,0.10602798808613681,-0.11956270639773156,-0.17044779267454627,0.0,False,False,0.5235987755982988,0.0
1.241,0.001,0.5220476693091229,-0.010570327416148953,0.5211738776954423,-0.10444860486572283,0.16898648809028427,-0.11956270639773156,0.0,False,False,0.5235987755982988,0.0
1.242,0.001,0.5220340686047783,-0.013600704344600189,0.5235032747346587,0.13893595954249127,-0.16500413590546817,0.16898648809028427,0.0,False,False,0.5235987755982988,0.0
1.243,0.001,0.5220325208813946,-0.0015477233836356553,0.5215691564686332,-0.06836946301430977,0.11857649995115241,-0.16500413590546817,0.0,False,False,0.5235987755982988,0.0
1.244,0.001,0.5220231925344666,-0.00932834692797202,0.5229350160765618,0.07505344407997774,-0.07811646150470677,0.11857649995115241,0.0,False,False,0.5235987755982988,0.0
1.245,0.001,0.5220224421262738,-0.0007504081928069312,0.5220817716498695,-0.01777634299725235,0.04863768266843115,-0.07811646150470677,0.0,False,False,0.5235987755982988,0.0
1.246,0.001,0.5220180139135148,-0.004428212759025132,0.5216583457303087,-0.05834130065360647,0.10493729840815039,0.04863768266843115,0.0,False,False,0.5235987755982988,0.0
1.247,0.001,0.5220173424706835,-0.0006714428312460663,0.5204398293666318,-0.17435880695593273,0.26609160051712555,0.10493729840815039,0.0,False,False,0.5235987755982988,0.0
1.248,0.001,0.5220221219357499,0.004779465066400783,0.5218724036566076,-0.01366549726276095,0.04747329166575527,0.26609160051712555,0.0,False,False,0.5235987755982988,0.0
1.249,0.001,0.5220387797087206,0.01665777297066352,0.5206779611208964,-0.13174320110760637,0.21066650192237166,0.04747329166575527,0.0,False,False,0.5235987755982988,0.0
1.25,0.001,0.5220536523710284,0.014872662307806761,0.5228977801969025,0.10341302660376442,-0.11147771469938313,0.21066650192237166,0.0,False,False,0.5235987755982988,0.0
1.2510000000000001,0.001,0.522075210856653,0.021558485624520736,0.5233988621535106,0.143179919604202,-0.16821746151885478,-0.11147771469938313,0.0,False,False,0.5235987755982988,0.0
1.252,0.001,0.522086354654125,0.011143797472026604,0.5213909186236974,-0.07193242533754421,0.12606033594787938,-0.16821746151885478,0.0,False,False,0.5235987755982988,0.0
1.2530000000000001,0.001,0.5220860076665743,-0.0003469875507003811,0.522349526851657,0.03112163999217804,-0.014859490551061526,0.12606033594787938,0.0,False,False,0.5235987755982988,0.0
1.254,0.001,0.5220920691695933,0.006061503019007319,0.5214590456483387,-0.06103864433887582,0.11176151230593359,-0.014859490551061526,0.0,False,False,0.5235987755982988,0.0
1.2550000000000001,0.001,0.5220955987064579,0.0035295368646612335,0.5215471423144882,-0.0461251132900376,0.09227953505663661,0.11176151230593359,0.0,False,False,0.5235987755982988,0.0
1.256,0.001,0.5221036541969128,0.008055490454879004,0.5227795283279983,0.08172599938998285,-0.08332474840257093,0.09227953505663661,0.0,False,False,0.5235987755982988,0.0
1.2570000000000001,0.001,0.5221139975194858,0.010343322573014622,0.5220803665416277,0.0036372208139206774,0.02296669804337518,-0.08332474840257093,0.0,False,False,0.5235987755982988,0.0
1.258,0.001,0.522117280172167,0.003282652681086338,0.5236354094800454,0.15877779257429692,-0.1911927609605946,0.02296669804337518,0.0,False,False,0.5235987755982988,0.0
1.2590000000000001,0.001,0.5221207219823785,0.003441810211536248,0.5216998947567075,-0.05065145901691884,0.09496160596894579,-0.1911927609605946,0.0,False,False,0.5235987755982988,0.0
1.26,0.001,0.5221135679178919,-0.00715406448663531,0.5229856533847161,0.08298954968563454,-0.08855125977827334,0.09496160596894579,0.0,False,False,0.5235987755982988,0.0
1.2610000000000001,0.001,0.5221132496861801,-0.00031823171181176446,0.522198258925766,-0.004048851177944138,0.030067921519123825,-0.08855125977827334,0.0,False,False,0.5235987755982988,0.0
1.262,0.001,0.5221086006258636,-0.004649060316463328,0.5228030479451138,0.05683493587462982,-0.05387882529222525,0.030067921519123825,0.0,False,False,0.5235987755982988,0.0
1.2630000000000001,0.001,0.5221068436863757,-0.0017569394879214549,0.5217166250165801,-0.057490850566200145,0.10286773115037677,-0.05387882529222525,0.0,False,False,0.5235987755982988,0.0
1.264,0.001,0.5221029255635535,-0.003918122822136884,0.5220596773191167,-0.017436535255918414,0.04862761133237958,0.10286773115037677,0.0,False,False,0.5235987755982988,0.0
1.2650000000000001,0.001,0.5221053271264976,0.002401562944032427,0.5220045353401911,-0.021207079622890927,0.05414482019340819,0.04862761133237958,0.0,False,False,0.5235987755982988,0.0
1.266,0.001,0.522109433437774,0.004106311276398547,0.5213798359683349,-0.08155630884621815,0.13780848395481177,0.05414482019340819,0.0,False,False,0.5235987755982988,0.0
1.2670000000000001,0.001,0.5221150156943939,0.005582256619872176,0.5226927908291493,0.05789480811984335,-0.05316604389912115,0.13780848395481177,0.0,False,False,0.5235987755982988,0.0
1.268,0.001,0.5221258335434644,0.010817849070484435,0.5226932828487225,0.052154529265178516,-0.04628656562584085,-0.05316604389912115,0.0,False,False,0.5235987755982988,0.0
1.2690000000000001,0.001,0.5221309878396022,0.005154296137764249,0.5226489620254409,0.0425069940104955,-0.03391174850115151,-0.04628656562584085,0.0,False,False,0.5235987755982988,0.0
1.27,0.001,0.5221322942490227,0.0013064094205501439,0.5234735498065692,0.12071507272228313,-0.14260402301560735,-0.03391174850115151,0.0,False,False,0.5235987755982988,0.0
1.2710000000000001,0.001,0.5221315084790188,-0.0007857700039961765,0.5233963004179306,0.10091862658619255,-0.11745779865680345,-0.14260402301560735,0.0,False,False,0.5235987755982988,0.0
1.272,0.001,0.5221238312607297,-0.007677218289096825,0.5217966302931929,-0.06914024854619844,0.11540691374734464,-0.11745779865680345,0.0,False,False,0.5235987755982988,0.0
1.2730000000000001,0.001,0.5221125081958649,-0.011323064864791796,0.5224380577578086,0.0019165227699920948,0.01859309380483328,0.11540691374734464,0.0,False,False,0.5235987755982988,0.0
1.274,0.001,0.5221100759405684,-0.002432255296482279,0.5215658816783053,-0.08549273745733661,0.13918337550868704,0.01859309380483328,0.0,False,False,0.5235987755982988,0.0
1.2750000000000001,0.001,0.5221093091695023,-0.0007667710660469208,0.5221296905277044,-0.020562578771692402,0.051118625796730086,0.13918337550868704,0.0,False,False,0.5235987755982988,0.0
1.276,0.001,0.5221157345529785,0.006425383476252513,0.5215923544242712,-0.07223993123784372,0.12280349861790937,0.051118625796730086,0.0,False,False,0.5235987755982988,0.0
1.2770000000000001,0.001,0.5221228262418275,0.007091688848924123,0.5235366042922388,0.12940904868270015,-0.15417177491016,0.12280349861790937,0.0,False,False,0.5235987755982988,0.0
1.278,0.001,0.5221339871289989,0.011160887171422542,0.5224513736393438,0.007945078524929317,0.01111914103127516,-0.15417177491016,0.0,False,False,0.5235987755982988,0.0
1.2790000000000001,0.001,0.5221343556339587,0.00036850495978869684,0.521944089326425,-0.04357786061944347,0.08207778563706089,0.01111914103127516,0.0,False,False,0.5235987755982988,0.0
1.28,0.001,0.522135168082971,0.0008124490122442317,0.5231767967875633,0.08405067155633578,-0.0932651872743645,0.08207778563706089,0.0,False,False,0.5235987755982988,0.0
1.281,0.001,0.5221398375707459,0.004669487774933674,0.520245618285973,-0.2174722457583281,0.3213235265318576,-0.0932651872743645,0.0,False,False,0.5235987755982988,0.0
1.282,0.001,0.5221384491853761,-0.0013883853698364451,0.5203808130977081,-0.18220554000898798,0.27656997302141817,0.3213235265318576,0.0,False,False,0.5235987755982988,0.0
1.283,0.001,0.5221535483777048,0.015099192328633708,0.5228480486201162,0.08273856623272363,-0.0857731938719821,0.27656997302141817,0.0,False,False,0.5235987755982988,0.0
1.284,0.001,0.5221785870810729,0.02503870336814098,0.5222313557567339,0.012795423271211748,0.009259049222715277,-0.0857731938719821,0.0,False,False,0.5235987755982988,0.0
1.285,0.001,0.5221941440175344,0.015556936461469552,0.5224126996444838,0.02965026971908353,-0.01423095649422959,0.009259049222715277,0.0,False,False,0.5235987755982988,0.0
1.286,0.001,0.5222061928641047,0.012048846570310422,0.5210486939046781,-0.10971533123339106,0.17755986796524184,-0.01423095649422959,0.0,False,False,0.5235987755982988,0.0
1.287,0.001,0.522214249256302,0.00805639219729561,0.5221939740187123,0.0157842132933622,0.0063453724805233765,0.17755986796524184,0.0,False,False,0.5235987755982988,0.0
1.288,0.001,0.5222288572626792,0.014608006377163878,0.5239772490529889,0.19253329539169253,-0.237852476654453,0.0063453724805233765,0.0,False,False,0.5235987755982988,0.0
1.289,0.001,0.5222399842444585,0.011126981779342323,0.5229592340974146,0.07147847029509352,-0.07426241733819683,-0.237852476654453,0.0,False,False,0.5235987755982988,0.0
1.29,0.001,0.5222361425129628,-0.003841731495736543,0.5223842394117091,0.006831154695029859,0.013664265724579345,-0.07426241733819683,0.0,False,False,0.5235987755982988,0.0
1.291,0.001,0.5222297415781693,-0.006400934793483425,0.521846594761915,-0.04761642575388423,0.08867896595957026,0.013664265724579345,0.0,False,False,0.5235987755982988,0.0
1.292,0.001,0.5222259067554984,-0.003834822670859975,0.5218815769852931,-0.039356560840679206,0.07813744804291722,0.08867896595957026,0.0,False,False,0.5235987755982988,0.0
1.293,0.001,0.5222276577729135,0.0017510174150599106,0.5203695820932608,-0.1866203939598466,0.28206995584250044,0.07813744804291722,0.0,False,False,0.5235987755982988,0.0
1.294,0.001,0.522232784691516,0.00512691860252666,0.5224576183730809,0.040845273418150696,-0.02847349804785857,0.28206995584250044,0.0,False,False,0.5235987755982988,0.0
1.295,0.001,0.5222504893526718,0.017704661155795366,0.522988312553322,0.08983016410044542,-0.096807862110952,-0.02847349804785857,0.0,False,False,0.5235987755982988,0.0
1.296,0.001,0.5222624453327505,0.011955980078684952,0.5208874580818912,-0.12923829945268148,0.2038896746385551,-0.096807862110952,0.0,False,False,0.5235987755982988,0.0
1.297,0.001,0.5222663002065862,0.0038548738356659895,0.521689105081633,-0.036149769533229945,0.07775379273986024,0.2038896746385551,0.0,False,False,0.5235987755982988,0.0
1.298,0.001,0.5222791917937575,0.012891587171367276,0.5212691133533646,-0.07453396540675233,0.13137467889691928,0.07775379273986024,0.0,False,False,0.5235987755982988,0.0
1.299,0.001,0.5222925114471058,0.01331965334824927,0.521450083607732,-0.0489835434293297,0.0974567079453976,0.13137467889691928,0.0,False,False,0.5235987755982988,0.0
1.3,0.001,0.5223088525693248,0.016341122219002926,0.5223555240931931,0.046458859459707236,-0.03337210425974544,0.0974567079453976,0.0,False,False,0.5235987755982988,0.0
1.301,0.001,0.5223259603761304,0.017107806805672837,0.5205069763491197,-0.1430418008936027,0.22730254755754753,-0.03337210425974544,0.0,False,False,0.5235987755982988,0.0
1.302,0.001,0.5223371678963198,0.011207520189372626,0.5228732199786698,0.10788674215076441,-0.11640408942759423,0.22730254755754753,0.0,False,False,0.5235987755982988,0.0
1.303,0.001,0.5223566461756272,0.01947827930735253,0.5230145088282869,0.11122695289740513,-0.12295554161667216,-0.11640408942759423,0.0,False,False,0.5235987755982988,0.0
1.304,0.001,0.5223657238220671,0.00907764643996773,0.522146595475991,0.013312922378067818,0.010163735347860022,-0.12295554161667216,0.0,False,False,0.5235987755982988,0.0
1.305,0.001,0.5223660668705757,0.00034304850857595423,0.520201240306502,-0.18255388680862938,0.28022029942269694,0.010163735347860022,0.0,False,False,0.5235987755982988,0.0
1.306,0.001,0.5223668138291966,0.0007469586208568712,0.5214972745415996,-0.03469507461801663,0.07946110856220667,0.28022029942269694,0.0,False,False,0.5235987755982988,0.0
1.307,0.001,0.5223813448315006,0.014531002304015292,0.5234572547367154,0.16477245235537455,-0.19517956731794886,0.07946110856220667,0.0,False,False,0.5235987755982988,0.0
1.308,0.001,0.522396065063976,0.014720232475387023,0.5199718077239617,-0.20024949415554014,0.30558481472471666,-0.19517956731794886,0.0,False,False,0.5235987755982988,0.0
1.309,0.001,0.5223972070605765,0.0011419966004914146,0.5220939356720493,0.03198825006877759,-0.011298781410042077,0.30558481472471666,0.0,False,False,0.5235987755982988,0.0
1.31,0.001,0.5224132815027972,0.01607444222073104,0.5213835365647798,-0.04225048566505563,0.09057488540140977,-0.011298781410042077,0.0,False,False,0.5235987755982988,0.0
1.311,0.001,0.5224247300332044,0.011448530407203646,0.5231268500745254,0.13630591387601576,-0.15507243722329775,0.09057488540140977,0.0,False,False,0.5235987755982988,0.0
1.312,0.001,0.5224375586791778,0.012828645973449137,0.5218484106146251,-0.005168623501621797,0.0377089179080738,-0.15507243722329775,0.0,False,False,0.5235987755982988,0.0
1.313,0.001,0.5224391871447096,0.0016284655317616234,0.5227917035291348,0.08967753029951893,-0.09308573911447121,0.0377089179080738,0.0,False,False,0.5235987755982988,0.0
1.314,0.001,0.5224422070793916,0.0030199346820273575,0.522935664384602,0.0951058628162866,-0.10219103353300193,-0.09308573911447121,0.0,False,False,0.5235987755982988,0.0
1.315,0.001,0.5224396614902086,-0.0025455891829998384,0.5240420708258829,0.19623592066274842,-0.24346241889181242,-0.10219103353300193,0.0,False,False,0.5235987755982988,0.0
1.316,0.001,0.5224327761111394,-0.006885379069257232,0.5222556758557627,-0.0020271684155494796,0.02660839746430922,-0.24346241889181242,0.0,False,False,0.5235987755982988,0.0
1.317,0.001,0.5224157328518175,-0.017043259321794887,0.5227438934709926,0.04699730994899346,-0.04100889364728015,0.02660839746430922,0.0,False,False,0.5235987755982988,0.0
1.318,0.001,0.5224042413719947,-0.011491479822787923,0.521108285987717,-0.12126316937346837,0.1903446162386353,-0.04100889364728015,0.0,False,False,0.5235987755982988,0.0
1.319,0.001,0.5223938576765051,-0.01038369548956433,0.5234326894834989,0.12330349714206745,-0.1449746465040817,0.1903446162386353,0.0,False,False,0.5235987755982988,0.0
1.32,0.001,0.522395895170053,0.002037493547883294,0.5217322260005833,-0.05907320086369189,0.10448573379530897,-0.1449746465040817,0.0,False,False,0.5235987755982988,0.0
1.321,0.001,0.5223900666390978,-0.005828530955203616,0.5219007163162178,-0.03631684921387429,0.07414528613410713,0.10448573379530897,0.0,False,False,0.5235987755982988,0.0
1.322,0.001,0.5223911863926244,0.0011197535265231387,0.522371771529053,0.014420356991032314,0.0047816448571857545,0.07414528613410713,0.0,False,False,0.5235987755982988,0.0
1.323,0.001,0.5223956733559462,0.004486963321791075,0.5210317994732433,-0.12101888428904217,0.19142823139784995,0.0047816448571857545,0.0,False,False,0.5235987755982988,0.0
1.324,0.001,0.5223990575028906,0.00338414694447442,0.5225986970146252,0.04777275827805709,-0.03932589542754426,0.19142823139784995,0.0,False,False,0.5235987755982988,0.0
1.325,0.001,0.5224109938602339,0.011936357343311468,0.523255267453461,0.10865252633382266,-0.12419988499350579,-0.03932589542754426,0.0,False,False,0.5235987755982988,0.0
1.326,0.001,0.522417707489196,0.006713628962069593,0.5226733404747202,0.03959457582636941,-0.0308556587672291,-0.12419988499350579,0.0,False,False,0.5235987755982988,0.0
1.327,0.001,0.5224162425701855,-0.0014649190105640048,0.5210296678715937,-0.12873214206892641,0.20072250956340448,-0.0308556587672291,0.0,False,False,0.5235987755982988,0.0
1.328,0.001,0.5224136794193741,-0.0025631508113314098,0.5223056354278429,0.011737827762891978,0.009191129752735783,0.20072250956340448,0.0,False,False,0.5235987755982988,0.0
1.329,0.001,0.5224219274095524,0.008247990178263137,0.5230694697846501,0.08694748066731858,-0.09480947215510499,0.009191129752735783,0.0,False,False,0.5235987755982988,0.0
1.33,0.001,0.5224282589152046,0.006331505652167654,0.5207894045511261,-0.14975379075181078,0.2302732277512818,-0.09480947215510499,0.0,False,False,0.5235987755982988,0.0
1.331,0.001,0.5224279861792306,-0.00027273597406898224,0.5214900758977479,-0.06471127701445244,0.11561012702725988,0.2302732277512818,0.0,False,False,0.5235987755982988,0.0
1.332,0.001,0.5224393100113087,0.011323832078128992,0.5232042386077347,0.11317612168567384,-0.12870968019265425,0.11561012702725988,0.0,False,False,0.5235987755982988,0.0
1.333,0.001,0.5224532937130885,0.013983701779793457,0.5226889964441558,0.05033429315921652,-0.044025127016485255,-0.12870968019265425,0.0,False,False,0.5235987755982988,0.0
1.334,0.001,0.5224571628944551,0.0038691813665982823,0.5228166759210932,0.058068811537031875,-0.055604779654736355,-0.044025127016485255,0.0,False,False,0.5235987755982988,0.0
1.335,0.001,0.5224576688557396,0.0005059612844899091,0.5240803841965779,0.17863275793180072,-0.22302826428718395,-0.055604779654736355,0.0,False,False,0.5235987755982988,0.0
1.336,0.001,0.5224552407981837,-0.0024280575558990125,0.5228641302333987,0.03914408582070589,-0.03374928641664547,-0.22302826428718395,0.0,False,False,0.5235987755982988,0.0
1.337,0.001,0.5224423958992519,-0.012844898931860606,0.5230165114938246,0.05046780328121797,-0.05008061005692485,-0.03374928641664547,0.0,False,False,0.5235987755982988,0.0
1.338,0.001,0.5224313134726304,-0.01108242662150453,0.5247968852043139,0.22345839400202971,-0.28971604571070697,-0.05008061005692485,0.0,False,False,0.5235987755982988,0.0
1.339,0.001,0.5224207929613429,-0.010520511287445553,0.5222342132866203,-0.05515463716752805,0.0907476862112462,-0.28971604571070697,0.0,False,False,0.5235987755982988,0.0
1.34,0.001,0.5223987227527468,-0.02207020859614938,0.521702438689244,-0.10281663318840523,0.1575140241890722,0.0907476862112462,0.0,False,False,0.5235987755982988,0.0
1.341,0.001,0.5223860887479005,-0.012634004846280765,0.5227594115317797,0.013162314384004989,-0.0006862240634625989,0.1575140241890722,0.0,False,False,0.5235987755982988,0.0
1.342,0.001,0.5223847363114049,-0.0013524364956263926,0.5227678282538827,0.012687755155898898,-0.00026825398758828153,-0.0006862240634625989,0.0,False,False,0.5235987755982988,0.0
1.343,0.001,0.5223837600870997,-0.0009762243052071547,0.52192411419658,-0.07295242608995678,0.11768681653888637,-0.00026825398758828153,0.0,False,False,0.5235987755982988,0.0
1.344,0.001,0.5223830669899165,-0.0006930971831884093,0.5214821306309662,-0.1098555400423479,0.16992625746280535,0.11768681653888637,0.0,False,False,0.5235987755982988,0.0
1.345,0.001,0.5223884688519058,0.0054018619892637525,0.5244041883706206,0.19333578792733505,-0.24650037541459485,0.16992625746280535,0.0,False,False,0.5235987755982988,0.0
1.346,0.001,0.5224007631505448,0.01229429863898188,0.5226859878853907,0.0021821606116045333,0.013811586098421213,-0.24650037541459485,0.0,False,False,0.5235987755982988,0.0
1.347,0.001,0.5223973986279601,-0.0033645225847740504,0.5217583590794757,-0.09079893604105742,0.14208622058808584,0.013811586098421213,0.0,False,False,0.5235987755982988,0.0
1.348,0.001,0.5223957380845009,-0.001660543459197008,0.5231950380591792,0.061948855533404804,-0.06707135093593301,0.14208622058808584,0.0,False,False,0.5235987755982988,0.0
1.349,0.001,0.5224016855157327,0.005947431231879993,0.5223064384028661,-0.033105995651251705,0.06298926429929169,-0.06707135093593301,0.0,False,False,0.5235987755982988,0.0
1.35,0.001,0.522402522157331,0.0008366415982131292,0.5221818414645584,-0.042255089916895146,0.07621092230760217,0.06298926429929169,0.0,False,False,0.5235987755982988,0.0
1.351,0.001,0.5224062540694017,0.0037319120707438795,0.5228969297148793,0.03347924410689045,-0.027541867026717848,0.07621092230760217,0.0,False,False,0.5235987755982988,0.0
1.352,0.001,0.5224126748416085,0.00642077220678507,0.5212852948851697,-0.13103216327475928,0.19888124876603475,-0.027541867026717848,0.0,False,False,0.5235987755982988,0.0
1.353,0.001,0.5224158301629577,0.0031553213492310364,0.5227235554499805,0.02589710953379444,-0.015322568770823712,0.19888124876603475,0.0,False,False,0.5235987755982988,0.0
1.354,0.001,0.5224279781052802,0.012147942322526039,0.5240973460971189,0.1606864632942534,-0.20179802493186538,-0.015322568770823712,0.0,False,False,0.5235987755982988,0.0
1.355,0.001,0.5224360575737901,0.008079468509859088,0.5228428743290198,0.01917064015491618,-0.009398545338876574,-0.20179802493186538,0.0,False,False,0.5235987755982988,0.0
1.356,0.001,0.5224317147613607,-0.004342812429291392,0.522103407766517,-0.05669308011085428,0.09494831710509817,-0.009398545338876574,0.0,False,False,0.5235987755982988,0.0
1.357,0.001,0.5224282021392139,-0.0035126221468416412,0.5219856692993279,-0.06279761881867875,0.10439305596389131,0.09494831710509817,0.0,False,False,0.5235987755982988,0.0
1.358,0.001,0.5224304940669612,0.002291927747269786,0.5220724048875903,-0.047844298110566556,0.08488783052543271,0.10439305596389131,0.0,False,False,0.5235987755982988,0.0
1.359,0.001,0.5224373118955802,0.006817828619034273,0.5222156876501244,-0.028731592046104083,0.05937349352246469,0.08488783052543271,0.0,False,False,0.5235987755982988,0.0
1.36,0.001,0.5224463772064413,0.009065310861113427,0.5221166788098325,-0.03575931687068399,0.06958892243721485,0.05937349352246469,0.0,False,False,0.5235987755982988,0.0
1.361,0.001,0.5224558274532369,0.009450246795688599,0.5232554600342592,0.08169473725905209,-0.09185400455814864,0.06958892243721485,0.0,False,False,0.5235987755982988,0.0
1.362,0.001,0.5224660779831554,0.010250529918417368,0.5209535677093287,-0.15666396895990298,0.2356105047533464,-0.09185400455814864,0.0,False,False,0.5235987755982988,0.0
1.363,0.001,0.5224688633424259,0.002785359270545882,0.5232211002940284,0.08575568640605666,-0.09610866821039964,0.2356105047533464,0.0,False,False,0.5235987755982988,0.0
1.364,0.001,0.5224825878384914,0.013724496065558464,0.5221512488390317,-0.02980502773420962,0.06182151494785881,-0.09610866821039964,0.0,False,False,0.5235987755982988,0.0
1.365,0.001,0.5224878786955294,0.00529085703796239,0.5228168276939537,0.03973336053140243,-0.03360497035947005,0.06182151494785881,0.0,False,False,0.5235987755982988,0.0
1.366,0.001,0.5224946882267867,0.006809531257281679,0.521511205743628,-0.0948021705543064,0.1513388620492429,-0.03360497035947005,0.0,False,False,0.5235987755982988,0.0
1.367,0.001,0.5224978228546971,0.0031346279105005483,0.5236572721877375,0.12928469091207706,-0.15619456770438878,0.1513388620492429,0.0,False,False,0.5235987755982988,0.0
1.368,0.001,0.5225075791240384,0.009756269341337932,0.5235946006906859,0.11008907211570573,-0.13203173820181371,-0.15619456770438878,0.0,False,False,0.5235987755982988,0.0
1.369,0.001,0.5225067717641984,-0.0008073598401188136,0.5233441724714625,0.07403734298179654,-0.08426195529510173,-0.13203173820181371,0.0,False,False,0.5235987755982988,0.0
1.37,0.001,0.5224996081233599,-0.007163640838434966,0.5211777352134647,-0.15001011711616413,0.22359086746641166,-0.08426195529510173,0.0,False,False,0.5235987755982988,0.0
1.371,0.001,0.5224903217096597,-0.009286413700259361,0.5232138663390479,0.06860400715377293,-0.07539644191801055,0.22359086746641166,0.0,False,False,0.5235987755982988,0.0
1.372,0.001,0.5224948535797994,0.004531870139687238,0.5228481562934341,0.025172601877014686,-0.016695974764852076,-0.07539644191801055,0.0,False,False,0.5235987755982988,0.0
1.373,0.001,0.5224942607398745,-0.0005928399248848479,0.5210933973073716,-0.15282055691693444,0.22848147753701145,-0.016695974764852076,0.0,False,False,0.5235987755982988,0.0
1.374,0.001,0.5224930132724771,-0.0012474673974194979,0.5224718098051561,0.00030274855320655547,0.019922086012721697,0.22848147753701145,0.0,False,False,0.5235987755982988,0.0
1.375,0.001,0.52250356862448,0.010555352002935527,0.5228216849780153,0.03525999098380853,-0.028324358015466754,0.019922086012721697,0.0,False,False,0.5235987755982988,0.0
1.3760000000000001,0.001,0.5225121758226695,0.008607198189558518,0.5229974430435267,0.04930979843656767,-0.048347772137982914,-0.028324358015466754,0.0,False,False,0.5235987755982988,0.0
1.377,0.001,0.522516898641887,0.004722819217484379,0.5226715883663792,0.011793350878159012,0.0025373491207628177,-0.048347772137982914,0.0,False,False,0.5235987755982988,0.0
1.3780000000000001,0.001,0.5225177940966496,0.0008954547625687984,0.5227719414521113,0.020649324363551665,-0.009896174604885906,0.0025373491207628177,0.0,False,False,0.5235987755982988,0.0
1.379,0.001,0.5225185443799792,0.0007502833296601495,0.523804512914465,0.12184153816256577,-0.1499131174860693,-0.009896174604885906,0.0,False,False,0.5235987755982988,0.0
1.3800000000000001,0.001,0.5225185718739753,2.7493996119552474e-05,0.5235884882974273,0.08805492264254673,-0.10548073575536922,-0.1499131174860693,0.0,False,False,0.5235987755982988,0.0
1.381,0.001,0.5225110953539275,-0.007476520047808447,0.5200091179149714,-0.2786876078673005,0.3990389677406541,-0.10548073575536922,0.0,False,False,0.5235987755982988,0.0
1.3820000000000001,0.001,0.5225005187055842,-0.010576648343298807,0.5222235013078497,-0.029380507792743316,0.060011546579376615,0.3990389677406541,0.0,False,False,0.5235987755982988,0.0
1.383,0.001,0.5225128432406926,0.012324535108311756,0.5223691581133209,-0.011876776466350613,0.03638524648922407,0.060011546579376615,0.0,False,False,0.5235987755982988,0.0
1.3840000000000001,0.001,0.522524828082499,0.01198484180643525,0.52099583363682,-0.1480215464698003,0.22447881107037895,0.03638524648922407,0.0,False,False,0.5235987755982988,0.0
1.385,0.001,0.5225353651870478,0.010537104548749805,0.5226175554103354,0.028952785528718022,-0.01708137925111993,0.22447881107037895,0.0,False,False,0.5235987755982988,0.0
1.3860000000000001,0.001,0.5225541862424731,0.018821055425233463,0.5236439329768947,0.1286952636317784,-0.1552471491728602,-0.01708137925111993,0.0,False,False,0.5235987755982988,0.0
1.387,0.001,0.5225676637112788,0.013477468805737174,0.5216194543764686,-0.08662212277400877,0.13957432932175412,-0.1552471491728602,0.0,False,False,0.5235987755982988,0.0
1.3880000000000001,0.001,0.5225697997804312,0.0021360691523443723,0.522863364979778,0.04643114983433379,-0.042479988667826464,0.13957432932175412,0.0,False,False,0.5235987755982988,0.0
1.389,0.001,0.5225782676265701,0.008467846138976231,0.5217790608742758,-0.06664237569931941,0.11272571587159694,-0.042479988667826464,0.0,False,False,0.5235987755982988,0.0
1.3900000000000001,0.001,0.522582178895405,0.0039112688349326455,0.5219958250405576,-0.03830172150120727,0.07481517584078992,0.11272571587159694,0.0,False,False,0.5235987755982988,0.0
1.391,0.001,0.5225905521576291,0.008373262223998056,0.5238798213208427,0.15392807867741504,-0.18977251741868711,0.07481517584078992,0.0,False,False,0.5235987755982988,0.0
1.3920000000000001,0.001,0.5226002578641296,0.009705706500481442,0.5221267868469598,-0.03676817657861284,0.07061760941843787,-0.18977251741868711,0.0,False,False,0.5235987755982988,0.0
1.393,0.001,0.5225977333232231,-0.002524540906484282,0.5230010898120768,0.054338937590951965,-0.05444838095714652,0.07061760941843787,0.0,False,False,0.5235987755982988,0.0
1.3940000000000001,0.001,0.5225995031262766,0.001769803053419971,0.5209665572688651,-0.1545482104893163,0.23283778251698656,-0.05444838095714652,0.0,False,False,0.5235987755982988,0.0
1.395,0.001,0.5225980138716724,-0.0014892546041708945,0.524223192529875,0.18657013666060962,-0.23512366876110352,0.23283778251698656,0.0,False,False,0.5235987755982988,0.0
1.3960000000000001,0.001,0.5226086184156743,0.01060454400192113,0.5231345318873366,0.05904705874070565,-0.06250008369152701,-0.23512366876110352,0.0,False,False,0.5235987755982988,0.0
1.397,0.001,0.5226045110295958,-0.0041073860784591725,0.5224452498726649,-0.015785848600531505,0.03970648138204755,-0.06250008369152701,0.0,False,False,0.5235987755982988,0.0
1.3980000000000001,0.001,0.5225985102485162,-0.006000781079637775,0.5231007693284092,0.051344681833948524,-0.05264950534272532,0.03970648138204755,0.0,False,False,0.5235987755982988,0.0
1.399,0.001,0.5225962668847407,-0.002243363775493033,0.5213659673400545,-0.12726998518492025,0.1929145308703025,-0.05264950534272532,0.0,False,False,0.5235987755982988,0.0
1.4000000000000001,0.001,0.5225920702198852,-0.004196664855519741,0.5236240229673669,0.11126257606481224,-0.13396954392099977,0.1929145308703025,0.0,False,False,0.5235987755982988,0.0
1.401,0.001,0.522598776909513,0.006706689627811331,0.5223160468565756,-0.03066129262079431,0.05988266849597066,-0.13396954392099977,0.0,False,False,0.5235987755982988,0.0
1.4020000000000001,0.001,0.5225968184599665,-0.001958449546435573,0.5224187342129394,-0.01732642772233868,0.04203245820327618,0.05988266849597066,0.0,False,False,0.5235987755982988,0.0
1.403,0.001,0.5225984476417616,0.001629181795075946,0.5221693971784083,-0.04052748840321644,0.07436179764188959,0.04203245820327618,0.0,False,False,0.5235987755982988,0.0
1.4040000000000001,0.001,0.5226016842533966,0.003236611634996531,0.5220949703141848,-0.043917425985237936,0.07976940629633715,0.07436179764188959,0.0,False,False,0.5235987755982988,0.0
1.405,0.001,0.5226076634135187,0.005979160122140266,0.5232138778830067,0.07236507349546836,-0.07990992931930326,0.07976940629633715,0.0,False,False,0.5235987755982988,0.0
1.4060000000000001,0.001,0.5226158649747784,0.008201561259675945,0.5228391858304148,0.02765936088673302,-0.01951861724216692,-0.07990992931930326,0.0,False,False,0.5235987755982988,0.0
1.407,0.001,0.5226177069995633,0.0018420247849221796,0.5231864645476252,0.05962129651910057,-0.06412395691079534,-0.01951861724216692,0.0,False,False,0.5235987755982988,0.0
1.408,0.001,0.522618014675191,0.00030767562760501384,0.5226103398607803,-0.003953301817296466,0.022535805456088766,-0.06412395691079534,0.0,False,False,0.5235987755982988,0.0
1.409,0.001,0.522615022626863,-0.0029920483279420574,0.5230628739480585,0.04169543709225208,-0.040388294806376894,0.022535805456088766,0.0,False,False,0.5235987755982988,0.0
1.41,0.001,0.5226140603144421,-0.0009623124208407302,0.5222485458319754,-0.043906918225279395,0.076992437664156,-0.040388294806376894,0.0,False,False,0.5235987755982988,0.0
1.411,0.001,0.5226113709076768,-0.002689406765305475,0.5245571790111345,0.19134709151315657,-0.2468677712468306,0.076992437664156,0.0,False,False,0.5235987755982988,0.0
1.412,0.001,0.5226133438743115,0.0019729666346154826,0.5212450664638676,-0.15899887236485225,0.23316541125758475,-0.2468677712468306,0.0,False,False,0.5235987755982988,0.0
1.413,0.001,0.5226023755830735,-0.010968291237909563,0.5237027509809465,0.102669466579528,-0.12507491678309263,0.23316541125758475,0.0,False,False,0.5235987755982988,0.0
1.414,0.001,0.5226061054216542,0.003729838580645784,0.5237998298655363,0.10211040838055149,-0.12615146686693657,-0.12507491678309263,0.0,False,False,0.5235987755982988,0.0
1.415,0.001,0.5226024604376034,-0.0036449840507608976,0.5218588115919053,-0.10220245982060593,0.15396230389981075,-0.12615146686693657,0.0,False,False,0.5235987755982988,0.0
1.416,0.001,0.5225936040073446,-0.008856430258849718,0.5245390122289457,0.1760378498654988,-0.2281696791902429,0.15396230389981075,0.0,False,False,0.5235987755982988,0.0
1.417,0.001,0.5225949770007428,0.0013729933981581535,0.5234637061561931,0.05090345760368542,-0.05865289916651939,-0.2281696791902429,0.0,False,False,0.5235987755982988,0.0
1.418,0.001,0.5225845247660321,-0.010452234710658497,0.5234320034242125,0.04264283864525592,-0.048169507240753015,-0.05865289916651939,0.0,False,False,0.5235987755982988,0.0
1.419,0.001,0.5225740599747442,-0.01046479128794166,0.5225985139461047,-0.04497039303004927,0.07196918137555355,-0.048169507240753015,0.0,False,False,0.5235987755982988,0.0
1.42,0.001,0.5225641097459273,-0.009950228816930182,0.5223745441618085,-0.06287033215666175,0.09748056444481966,0.07196918137555355,0.0,False,False,0.5235987755982988,0.0
1.421,0.001,0.5225605587238122,-0.003551022115012628,0.5223778150480832,-0.05625621031352358,0.08948474228010889,0.09748056444481966,0.0,False,False,0.5235987755982988,0.0
1.422,0.001,0.52256295018564,0.002391461827765935,0.5229037524224176,0.001963148151266074,0.010154639384342587,0.08948474228010889,0.0,False,False,0.5235987755982988,0.0
1.423,0.001,0.5225690922799898,0.006142094349832303,0.5237918579766446,0.09057738875884201,-0.112168349320835,0.010154639384342587,0.0,False,False,0.5235987755982988,0.0
1.424,0.001,0.5225739307327465,0.004838452756640596,0.5227321572368645,-0.024450424095054435,0.04493963941988295,-0.112168349320835,0.0,False,False,0.5235987755982988,0.0
1.425,0.001,0.5225717175486032,-0.002213184143268247,0.5217763329401006,-0.1175878113619375,0.17390934148189255,0.04493963941988295,0.0,False,False,0.5235987755982988,0.0
1.426,0.001,0.522572421457474,0.0007039088707822211,0.5232918697915321,0.04572465491740271,-0.04934528137908206,0.17390934148189255,0.0,False,False,0.5235987755982988,0.0
1.427,0.001,0.5225816069322735,0.00918547479952344,0.5233854626038631,0.05051147065876359,-0.05677413089067332,-0.04934528137908206,0.0,False,False,0.5235987755982988,0.0
1.428,0.001,0.5225857114484772,0.004104516203671882,0.5231570096610256,0.022615029309140746,-0.01918624830005154,-0.05677413089067332,0.0,False,False,0.5235987755982988,0.0
1.429,0.001,0.5225857464861036,3.503762638421958e-05,0.5232363170105475,0.028284261330415103,-0.027416859016974687,-0.01918624830005154,0.0,False,False,0.5235987755982988,0.0
1.43,0.001,0.5225848115598872,-0.0009349262162858168,0.522348382164511,-0.06333764940628173,0.09851226109571946,-0.027416859016974687,0.0,False,False,0.5235987755982988,0.0
1.431,0.001,0.5225827898041665,-0.002021755720683882,0.521772093820077,-0.11463271890904417,0.1704395346988447,0.09851226109571946,0.0,False,False,0.5235987755982988,0.0
1.432,0.001,0.5225863062176699,0.0035164135033862354,0.5218286645222265,-0.09751237680319143,0.1488768515331307,0.1704395346988447,0.0,False,False,0.5235987755982988,0.0
1.433,0.001,0.522597286355709,0.010980138039147673,0.5211700754316614,-0.15362004817938762,0.2280606608147389,0.1488768515331307,0.0,False,False,0.5235987755982988,0.0
1.434,0.001,0.5226126677625649,0.015381406855811082,0.5228194444340402,0.026678856876428653,-0.017986667295058566,0.2280606608147389,0.0,False,False,0.5235987755982988,0.0
1.435,0.001,0.5226355123455575,0.022844582992608845,0.5225626895443531,-0.001664517779915848,0.020646970306921128,-0.017986667295058566,0.0,False,False,0.5235987755982988,0.0
1.436,0.001,0.5226524752367346,0.016962891177096873,0.5222685135311179,-0.030915667325446813,0.061043517999792345,0.020646970306921128,0.0,False,False,0.5235987755982988,0.0
1.437,0.001,0.5226662620314544,0.013786794719698507,0.5200869980355172,-0.24597565015297707,0.3583827763136421,0.061043517999792345,0.0,False,False,0.5235987755982988,0.0
1.438,0.001,0.5226794605088881,0.013198477433725785,0.5215909706756977,-0.07098082111962542,0.12131747395037046,0.3583827763136421,0.0,False,False,0.5235987755982988,0.0
1.439,0.001,0.5227070554547414,0.027594945853211136,0.5236851734426006,0.14553753768262345,-0.17620020641657974,0.12131747395037046,0.0,False,False,0.5235987755982988,0.0
1.44,0.001,0.5227353205265007,0.028265071759369077,0.5221553249267277,-0.022001067672928892,0.05238339329579528,-0.17620020641657974,0.0,False,False,0.5235987755982988,0.0
1.441,0.001,0.5227493334293277,0.014012902826971737,0.5230640090308478,0.07106744950637897,-0.07565514119353685,0.05238339329579528,0.0,False,False,0.5235987755982988,0.0
1.442,0.001,0.5227622807875228,0.01294735819517057,0.5215486788068938,-0.08757231783965924,0.14198852365288106,-0.07565514119353685,0.0,False,False,0.5235987755982988,0.0
1.443,0.001,0.5227679742268609,0.005693439338126245,0.5240234816085441,0.16866519410933106,-0.2100429411156117,0.14198852365288106,0.0,False,False,0.5235987755982988,0.0
1.444,0.001,0.5227790809772941,0.011106750433147938,0.5226533931331993,0.014789827163916941,-0.0007309082249081673,-0.2100429411156117,0.0,False,False,0.5235987755982988,0.0
1.445,0.001,0.5227766140944022,-0.0024668828918785607,0.5230297220885236,0.05094373997996089,-0.05088952479999932,-0.0007309082249081673,0.0,False,False,0.5235987755982988,0.0
1.446,0.001,0.5227748568681369,-0.0017572262653488633,0.524804482620371,0.2233254191667089,-0.28969322939735087,-0.05088952479999932,0.0,False,False,0.5235987755982988,0.0
1.447,0.001,0.5227710880100817,-0.0037688580552477334,0.5240944316433096,0.12998777954389307,-0.1649071442628658,-0.28969322939735087,0.0,False,False,0.5235987755982988,0.0
1.448,0.001,0.5227539670273255,-0.017120982756183935,0.5224864380540813,-0.043810357333321365,0.07259450459590006,-0.1649071442628658,0.0,False,False,0.5235987755982988,0.0
1.449,0.001,0.5227328344701936,-0.02113255713192199,0.5222151521994297,-0.06655790706515294,0.10477470965782741,0.07259450459590006,0.0,False,False,0.5235987755982988,0.0
1.45,0.001,0.5227201223873639,-0.012712082829765547,0.5224360307716409,-0.037814259137517375,0.06630651784486308,0.10477470965782741,0.0,False,False,0.5235987755982988,0.0
1.451,0.001,0.5227160712825387,-0.0040511048251364555,0.5231610414468421,0.038468234296348665,-0.03828266642939673,0.06630651784486308,0.0,False,False,0.5235987755982988,0.0
1.452,0.001,0.5227165506866672,0.00047940412848576815,0.5226247253069053,-0.019010203126962742,0.040345148997438726,-0.03828266642939673,0.0,False,False,0.5235987755982988,0.0
1.453,0.001,0.522714970246158,-0.0015804405092117559,0.522370054662181,-0.042576247286695096,0.07320847359415471,0.040345148997438726,0.0,False,False,0.5235987755982988,0.0
1.454,0.001,0.5227158865325693,0.0009162864113289666,0.5239962437099893,0.12430028222280567,-0.15631476467779584,0.07320847359415471,0.0,False,False,0.5235987755982988,0.0
1.455,0.001,0.522720184883754,0.004298351184774848,0.5226205179512605,-0.025702321872354494,0.048451423893514686,-0.15631476467779584,0.0,False,False,0.5235987755982988,0.0
1.456,0.001,0.5227153802917535,-0.004804592000567052,0.5247221503475761,0.1870311499464365,-0.2446581254227145,0.048451423893514686,0.0,False,False,0.5235987755982988,0.0
1.457,0.001,0.5227144317649433,-0.000948526810154665,0.522793619590402,-0.024525040765610046,0.04392285706087387,-0.2446581254227145,0.0,False,False,0.5235987755982988,0.0
1.458,0.001,0.5227015384708559,-0.012893294087358146,0.5242595226796378,0.12451777223452853,-0.16131477414553638,0.04392285706087387,0.0,False,False,0.5235987755982988,0.0
1.459,0.001,0.5226943012967542,-0.00723717410171368,0.5230061213171355,-0.013274141239153617,0.02659674654792347,-0.16131477414553638,0.0,False,False,0.5235987755982988,0.0
1.46,0.001,0.5226811084337248,-0.01319286302932101,0.5235214500622296,0.03958614739416964,-0.046111517223757864,0.02659674654792347,0.0,False,False,0.5235987755982988,0.0
1.461,0.001,0.522672766934772,-0.008341498952743599,0.5220404245025059,-0.11247502331762094,0.1630203477054181,-0.046111517223757864,0.0,False,False,0.5235987755982988,0.0
1.462,0.001,0.522664520006206,-0.008246928566068332,0.5219194745335352,-0.11332251788293067,0.1662144406252627,0.1630203477054181,0.0,False,False,0.5235987755982988,0.0
1.463,0.001,0.5226667998618709,0.0022798556649190893,0.5230679689871728,0.01285917926912511,-0.005876496122681528,0.1662144406252627,0.0,False,False,0.5235987755982988,0.0
1.464,0.001,0.5226767003106524,0.009900448781472792,0.5235393757562666,0.05871393825159776,-0.06938752874533803,-0.005876496122681528,0.0,False,False,0.5235987755982988,0.0
1.465,0.001,0.5226835181713942,0.006817860741822218,0.5227186485966564,-0.029230171534585507,0.05091849187106611,-0.06938752874533803,0.0,False,False,0.5235987755982988,0.0
1.466,0.001,0.5226848697376878,0.001351566293535767,0.5215622797790417,-0.14194403614259862,0.20698976811774675,0.05091849187106611,0.0,False,False,0.5235987755982988,0.0
1.467,0.001,0.5226883569685333,0.0034872308455704023,0.521501307610056,-0.13384684942690944,0.19837064310066246,0.20698976811774675,0.0,False,False,0.5235987755982988,0.0
1.468,0.001,0.522701144044109,0.012787075575609007,0.5214557325894481,-0.12501966654500535,0.18859837401331916,0.19837064310066246,0.0,False,False,0.5235987755982988,0.0
1.469,0.001,0.5227204117472115,0.019267703102551242,0.5211778704571189,-0.14030391312342133,0.21194098828934332,0.18859837401331916,0.0,False,False,0.5235987755982988,0.0
1.47,0.001,0.522744557600071,0.024145852859459693,0.522840101600325,0.03994959250952798,-0.034283379047905134,0.21194098828934332,0.0,False,False,0.5235987755982988,0.0
1.471,0.001,0.5227741887257633,0.02963112569236893,0.523755974758931,0.1275419491191725,-0.15587992383438606,-0.034283379047905134,0.0,False,False,0.5235987755982988,0.0
1.472,0.001,0.5227965766030553,0.022387877291997982,0.5227848691203761,0.017677190351770497,-0.006562311819516414,-0.15587992383438606,0.0,False,False,0.5235987755982988,0.0
1.473,0.001,0.5228062367847677,0.00966018171234964,0.520833652785957,-0.17921216212532573,0.26482680517254453,-0.006562311819516414,0.0,False,False,0.5235987755982988,0.0
1.474,0.001,0.5228128383086761,0.006601523908463816,0.5226463684029032,0.01998061578183602,-0.006833409421082837,0.26482680517254453,0.0,False,False,0.5235987755982988,0.0
1.475,0.001,0.5228307432313062,0.017904922630133602,0.5226886743057971,0.02221314449304152,-0.010273950126619476,-0.006833409421082837,0.0,False,False,0.5235987755982988,0.0
1.476,0.001,0.5228439510123492,0.013207781042971822,0.5246730549778051,0.21842989724453857,-0.28145290552456015,-0.010273950126619476,0.0,False,False,0.5235987755982988,0.0
1.477,0.001,0.5228531205311576,0.00916951880841704,0.5215815278193534,-0.1125658083250887,0.17138943001112378,-0.28145290552456015,0.0,False,False,0.5235987755982988,0.0
1.478,0.001,0.5228456076791322,-0.007512852025384084,0.5225046771551746,-0.008994293910463774,0.030486924668792978,0.17138943001112378,0.0,False,False,0.5235987755982988,0.0
1.479,0.001,0.5228488478541019,0.003240174969631039,0.5243374851455755,0.1751859345206801,-0.22351989327579722,0.030486924668792978,0.0,False,False,0.5235987755982988,0.0
1.48,0.001,0.5228526357782006,0.0037879240987274345,0.5232453159591587,0.04845042242692632,-0.05177823340778924,-0.22351989327579722,0.0,False,False,0.5235987755982988,0.0
1.481,0.001,0.5228441095741725,-0.008526204028184024,0.523335692966792,0.052643080947570565,-0.05843620976996297,-0.05177823340778924,0.0,False,False,0.5235987755982988,0.0
1.482,0.001,0.5228354419618025,-0.008667612369995385,0.5229354357466831,0.0073530508419189095,0.0031164563187800424,-0.05843620976996297,0.0,False,False,0.5235987755982988,0.0
1.483,0.001,0.5228263360653798,-0.009105896422747216,0.5231142661201423,0.024500783103649684,-0.020679769117562967,0.0031164563187800424,0.0,False,False,0.5235987755982988,0.0
1.484,0.001,0.5228199798650384,-0.006356200341388188,0.5234985721949507,0.06048131227411742,-0.07077391346867414,-0.020679769117562967,0.0,False,False,0.5235987755982988,0.0
1.485,0.001,0.5228144602533629,-0.005519611675513314,0.5221080501776365,-0.08461902068470982,0.12837588239357334,-0.07077391346867414,0.0,False,False,0.5235987755982988,0.0
1.486,0.001,0.5228070391101853,-0.007421143177487134,0.5235732897715518,0.07036684077529243,-0.08398146404890498,0.12837588239357334,0.0,False,False,0.5235987755982988,0.0
1.487,0.001,0.5228081959420144,0.0011568318291628518,0.5216100247777911,-0.13299634267831278,0.19539312598311495,-0.08398146404890498,0.0,False,False,0.5235987755982988,0.0
1.488,0.001,0.5228048024102833,-0.003393531731194905,0.5230913575244838,0.028436566258789417,-0.024990354181876458,0.19539312598311495,0.0,False,False,0.5235987755982988,0.0
1.489,0.001,0.522812200509687,0.0073980994037028645,0.5229681814255637,0.013275299740900783,-0.0045796645798483505,-0.024990354181876458,0.0,False,False,0.5235987755982988,0.0
1.49,0.001,0.5228161960474557,0.003995537768605161,0.5222783788701438,-0.05703248577517312,0.09220612403699742,-0.0045796645798483505,0.0,False,False,0.5235987755982988,0.0
1.491,0.001,0.5228187636544983,0.002567607042675226,0.5227989670171906,0.000729577507024945,0.013521061451517208,0.09220612403699742,0.0,False,False,0.5235987755982988,0.0
1.492,0.001,0.5228251652192935,0.006401564795157282,0.5222818964497994,-0.05105043698280288,0.08496434905235316,0.013521061451517208,0.0,False,False,0.5235987755982988,0.0
1.493,0.001,0.5228303597649161,0.005194545622655947,0.5218951239273296,-0.08462264553149952,0.132212904715245,0.08496434905235316,0.0,False,False,0.5235987755982988,0.0
1.494,0.001,0.5228382575072182,0.007897742302153015,0.5225296704309809,-0.012705730613225039,0.03449076974759318,0.132212904715245,0.0,False,False,0.5235987755982988,0.0
1.495,0.001,0.5228504809095704,0.012223402352188982,0.5218870690799787,-0.07569529265211619,0.12164506851230102,0.03449076974759318,0.0,False,False,0.5235987755982988,0.0
1.496,0.001,0.5228611102552991,0.010629345728713494,0.523142804183575,0.05744774697271768,-0.06072981090223163,0.12164506851230102,0.0,False,False,0.5235987755982988,0.0
1.497,0.001,0.5228748603257128,0.01375007041371312,0.5218712213980936,-0.07545530627268807,0.12164234313091939,-0.06072981090223163,0.0,False,False,0.5235987755982988,0.0
1.498,0.001,0.5228819406503559,0.007080324643018186,0.5235032578128429,0.09529386582951009,-0.11263331885720569,0.12164234313091939,0.0,False,False,0.5235987755982988,0.0
1.499,0.001,0.5228930351757287,0.011094525372893706,0.5218620001867912,-0.07836128335861264,0.12529549743747248,-0.11263331885720569,0.0,False,False,0.5235987755982988,0.0
1.5,0.001,0.5228954293326566,0.002394156927979658,0.5224012437919471,-0.016600794507162148,0.04147652592292585,0.12529549743747248,0.0,False,False,0.5235987755982988,0.0
1.5010000000000001,0.001,0.5229033638520177,0.007934519361073264,0.5223582945523911,-0.01923563901204043,0.04541142564078679,0.04147652592292585,0.0,False,False,0.5235987755982988,0.0
1.502,0.001,0.5229110775950311,0.007713743013377861,0.524067486269576,0.15360709660765018,-0.1927653080121695,0.04541142564078679,0.0,False,False,0.5235987755982988,0.0
1.5030000000000001,0.001,0.522918825237062,0.007747642030894237,0.5232070575889242,0.05220351888170148,-0.05559329848929802,-0.1927653080121695,0.0,False,False,0.5235987755982988,0.0
1.504,0.001,0.5229146890161126,-0.004136220949430477,0.5227299164165042,-0.0007309502484612457,0.016516605570455915,-0.05559329848929802,0.0,False,False,0.5235987755982988,0.0
1.5050000000000001,0.001,0.5229090131479677,-0.005675868144931899,0.5233442279624863,0.060773299374586455,-0.0683461018048776,0.016516605570455915,0.0,False,False,0.5235987755982988,0.0
1.506,0.001,0.5229058442874811,-0.0031688604866193025,0.5210669720657946,-0.17302962023204202,0.25320800786352715,-0.0683461018048776,0.0,False,False,0.5235987755982988,0.0
1.5070000000000001,0.001,0.5229002135794036,-0.0056307080774347,0.5228625724215318,0.023833377364884722,-0.015348395656055013,0.25320800786352715,0.0,False,False,0.5235987755982988,0.0
1.508,0.001,0.5229089117477651,0.00869816836144226,0.5246520717106631,0.20039996854152645,-0.2594392922723885,-0.015348395656055013,0.0,False,False,0.5235987755982988,0.0
1.5090000000000001,0.001,0.5229143512126625,0.005439464897428673,0.5230298453271744,0.01813733333851042,-0.011524055125973875,-0.2594392922723885,0.0,False,False,0.5235987755982988,0.0
1.51,0.001,0.5229052041951668,-0.00914701749564722,0.5229644696155403,0.009786028841247464,-0.0003257269198441836,-0.011524055125973875,0.0,False,False,0.5235987755982988,0.0
1.5110000000000001,0.001,0.5228980850988464,-0.007119096320416255,0.5233764173462653,0.05000219902961757,-0.05600019029893738,-0.0003257269198441836,0.0,False,False,0.5235987755982988,0.0
1.512,0.001,0.5228930280683408,-0.005057030505615806,0.5236745910830388,0.07481935280401018,-0.09114790209013231,-0.05600019029893738,0.0,False,False,0.5235987755982988,0.0
1.5130000000000001,0.001,0.5228866768400056,-0.006351228335309366,0.5211435583155131,-0.18576585922896616,0.2671129421649029,-0.09114790209013231,0.0,False,False,0.5235987755982988,0.0
1.514,0.001,0.522877637423158,-0.009039416847576821,0.5214095306131207,-0.14059204354530871,0.20811686198757698,0.2671129421649029,0.0,False,False,0.5235987755982988,0.0
1.5150000000000001,0.001,0.5228845309172385,0.006893494080539799,0.5230680446881246,0.03931856830961686,-0.037629125588404755,0.20811686198757698,0.0,False,False,0.5235987755982988,0.0
1.516,0.001,0.5228998128142376,0.015281896999073999,0.5222759653267152,-0.043821224662290714,0.0763960544832546,-0.037629125588404755,0.0,False,False,0.5235987755982988,0.0
1.5170000000000001,0.001,0.5229092912318738,0.009478417636178956,0.5240542492666278,0.13838929179520226,-0.17426567618416447,0.0763960544832546,0.0,False,False,0.5235987755982988,0.0
1.518,0.001,0.5229199033673773,0.010612135503512655,0.5226448618263042,-0.016388381416677436,0.036836505595915864,-0.17426567618416447,0.0,False,False,0.5235987755982988,0.0
1.5190000000000001,0.001,0.522918844701873,-0.0010586655042058891,0.5212306481609119,-0.1561709098142391,0.23003138565005113,0.036836505595915864,0.0,False,False,0.5235987755982988,0.0
1.52,0.001,0.5229199493996631,0.0011046977901120075,0.5218133985091613,-0.08227878400787574,0.130871328413926,0.23003138565005113,0.0,False,False,0.5235987755982988,0.0
1.5210000000000001,0.001,0.5229322201752282,0.012270775565106563,0.520532675179944,-0.20212323852882405,0.29773769376497644,0.130871328413926,0.0,False,False,0.5235987755982988,0.0
1.522,0.001,0.5229477057540833,0.015485578855116837,0.522743392679654,0.03916083529506073,-0.03159610981846571,0.29773769376497644,0.0,False,False,0.5235987755982988,0.0
1.5230000000000001,0.001,0.5229741198111341,0.02641405705077977,0.522809723647171,0.04187784851726164,-0.03605048310041405,-0.03159610981846571,0.0,False,False,0.5235987755982988,0.0
1.524,0.001,0.5229936466547954,0.019526843661330718,0.5226232330629138,0.01904100523981175,-0.00528944065084392,-0.03605048310041405,0.0,False,False,0.5235987755982988,0.0
1.5250000000000001,0.001,0.5230067839983302,0.013137343534840138,0.5239482835714213,0.14964195556658136,-0.1858614901961026,-0.00528944065084392,0.0,False,False,0.5235987755982988,0.0
1.526,0.001,0.5230161466719295,0.009362673599278008,0.5240620525368136,0.14605465654915126,-0.1836045727522475,-0.1858614901961026,0.0,False,False,0.5235987755982988,0.0
1.5270000000000001,0.001,0.5230135586795414,-0.002587992388175076,0.522864866729799,0.011730610192780572,-0.0008663725983406919,-0.1836045727522475,0.0,False,False,0.5235987755982988,0.0
1.528,0.001,0.523002572903628,-0.01098577591344805,0.5211397012526807,-0.16195899853832924,0.2386141364671208,-0.0008663725983406919,0.0,False,False,0.5235987755982988,0.0
1.5290000000000001,0.001,0.5229945876741185,-0.007985229509365921,0.5235332674736938,0.0935935234168091,-0.11113308185728019,0.2386141364671208,0.0,False,False,0.5235987755982988,0.0
1.53,0.001,0.5230008409935992,0.00625331948065698,0.5234854842197043,0.07945584567618179,-0.09330776999671707,-0.11113308185728019,0.0,False,False,0.5235987755982988,0.0
1.5310000000000001,0.001,0.5229996954827867,-0.001145510812494123,0.5232696905616444,0.049930895302573206,-0.05399354370330849,-0.09330776999671707,0.0,False,False,0.5235987755982988,0.0
1.532,0.001,0.5229942324434704,-0.0054630393162808585,0.5238507351018242,0.10304225979029791,-0.1281859828118149,-0.05399354370330849,0.0,False,False,0.5235987755982988,0.0
1.5330000000000001,0.001,0.5229876909109327,-0.0065415325378155075,0.5219711866357835,-0.09521681279280884,0.14355677667664707,-0.1281859828118149,0.0,False,False,0.5235987755982988,0.0
1.534,0.001,0.5229766615947162,-0.011029316216407289,0.5247296313625213,0.19014934116025273,-0.24853461314830735,0.14355677667664707,0.0,False,False,0.5235987755982988,0.0
1.5350000000000001,0.001,0.5229758639425995,-0.0007976521166364135,0.5221386052812327,-0.0879682010846308,0.13184490700874735,-0.24853461314830735,0.0,False,False,0.5235987755982988,0.0
1.536,0.001,0.5229628819192733,-0.012982023326241614,0.5236167022648276,0.06863831738332346,-0.08268866085750616,0.13184490700874735,0.0,False,False,0.5235987755982988,0.0
1.537,0.001,0.5229599704567881,-0.0029114624851760643,0.5214874818121157,-0.1511475596261999,0.21938035970273628,-0.08268866085750616,0.0,False,False,0.5235987755982988,0.0
1.538,0.001,0.5229538035278744,-0.006166928913793902,0.5221419944424794,-0.07058154062720422,0.11091990955739382,0.21938035970273628,0.0,False,False,0.5235987755982988,0.0
1.539,0.001,0.5229604238769636,0.006620349089280934,0.5242837051549321,0.15064768468077772,-0.19310595363633157,0.11091990955739382,0.0,False,False,0.5235987755982988,0.0
1.54,0.001,0.5229706471318832,0.010223254919627348,0.5227429690854215,-0.01849069073835513,0.03759334611781775,-0.19310595363633157,0.0,False,False,0.5235987755982988,0.0
1.541,0.001,0.5229683490921471,-0.00229803973613389,0.5237013198382219,0.07919345361551779,-0.09687794065723648,0.03759334611781775,0.0,False,False,0.5235987755982988,0.0
1.542,0.001,0.5229686263057546,0.00027721360750016227,0.5231754088914293,0.01868301357471086,-0.014799015566002247,-0.09687794065723648,0.0,False,False,0.5235987755982988,0.0
1.543,0.001,0.522963975354718,-0.004650951036665803,0.5228723820847667,-0.01348796844902118,0.029260645382403173,-0.014799015566002247,0.0,False,False,0.5235987755982988,0.0
1.544,0.001,0.5229599737228449,-0.004001631873034274,0.5241501576565684,0.11563838557604517,-0.148690939740106,0.029260645382403173,0.0,False,False,0.5235987755982988,0.0
1.545,0.001,0.5229586358521723,-0.001337870672611913,0.5227521120674685,-0.035730011891543206,0.058115957824797136,-0.148690939740106,0.0,False,False,0.5235987755982988,0.0
1.546,0.001,0.5229502695496038,-0.008366302568523918,0.521396282394968,-0.16773997795243634,0.24093285120287744,0.058115957824797136,0.0,False,False,0.5235987755982988,0.0
1.547,0.001,0.5229472155705551,-0.0030539790486013227,0.5222462563561262,-0.06596858404137702,0.10350764720875943,0.24093285120287744,0.0,False,False,0.5235987755982988,0.0
1.548,0.001,0.5229571295885383,0.009914017983184404,0.5234381351123185,0.0598161499819917,-0.06888785123074462,0.10350764720875943,0.0,False,False,0.5235987755982988,0.0
1.549,0.001,0.522969426956232,0.01229736769371596,0.5233145737626144,0.04147840001337766,-0.04465844697373309,-0.06888785123074462,0.0,False,False,0.5235987755982988,0.0
1.55,0.001,0.5229749454719003,0.00551851566821682,0.5216074291700428,-0.13338389924511973,0.19590491480275252,-0.04465844697373309,0.0,False,False,0.5235987755982988,0.0
1.551,0.001,0.5229765942104145,0.0016487385143110207,0.5223444861166213,-0.046339814662752624,0.07818498826549805,0.19590491480275252,0.0,False,False,0.5235987755982988,0.0
1.552,0.001,0.5229875380955806,0.010943885166093058,0.5224798904519444,-0.02816539966416654,0.05393841223137881,0.07818498826549805,0.0,False,False,0.5235987755982988,0.0
1.553,0.001,0.522999356968138,0.011818872557425912,0.522680424581477,-0.005295446744491755,0.022884854396182607,0.05393841223137881,0.0,False,False,0.5235987755982988,0.0
1.554,0.001,0.5230106420422047,0.0112850740666298,0.5218099309250033,-0.09181526771741622,0.1423775253802192,0.022884854396182607,0.0,False,False,0.5235987755982988,0.0
1.555,0.001,0.5230199594586016,0.009317416396884971,0.5224716022205471,-0.01646661139129041,0.040049054469079096,0.1423775253802192,0.0,False,False,0.5235987755982988,0.0
1.556,0.001,0.5230337493396883,0.013789881086678637,0.5223979167430717,-0.022188497999705174,0.0482416569937347,0.040049054469079096,0.0,False,False,0.5235987755982988,0.0
1.557,0.001,0.5230459005727313,0.012151233043003052,0.5237191903563058,0.11215771312367395,-0.1367567213925338,0.0482416569937347,0.0,False,False,0.5235987755982988,0.0
1.558,0.001,0.5230571608332544,0.011260260523136483,0.5237632523794961,0.105348144130336,-0.12937835501795356,-0.1367567213925338,0.0,False,False,0.5235987755982988,0.0
1.559,0.001,0.5230584769593573,0.0013161261028242187,0.5229312333304827,0.011611424815971355,-0.0019179489584763999,-0.12937835501795356,0.0,False,False,0.5235987755982988,0.0
1.56,0.001,0.5230529246343328,-0.005552325024421806,0.5227108053724933,-0.011592513464574633,0.02989448022198958,-0.0019179489584763999,0.0,False,False,0.5235987755982988,0.0
1.561,0.001,0.5230489228057689,-0.004001828564023532,0.5231710298032024,0.035589180952797235,-0.035007592831621255,0.02989448022198958,0.0,False,False,0.5235987755982988,0.0
1.562,0.001,0.5230476164876406,-0.0013063181282463683,0.5223350202768944,-0.051570689773284835,0.08463242351322164,-0.035007592831621255,0.0,False,False,0.5235987755982988,0.0
1.563,0.001,0.523044956354234,-0.0026601334066819384,0.5220441565641678,-0.0754999920686138,0.11858313309669474,0.08463242351322164,0.0,False,False,0.5235987755982988,0.0
1.564,0.001,0.5230473318496408,0.0023754954068557,0.522226834059999,-0.04968224327862948,0.08431363962375144,0.11858313309669474,0.0,False,False,0.5235987755982988,0.0
1.565,0.001,0.5230549176835126,0.0075858338718634444,0.5225009386911974,-0.017303555830929684,0.040525331324941044,0.08431363962375144,0.0,False,False,0.5235987755982988,0.0
1.566,0.001,0.5230645163029163,0.009598619403593283,0.5220491938745631,-0.06074768191127145,0.10078968932076943,0.040525331324941044,0.0,False,False,0.5235987755982988,0.0
1.567,0.001,0.5230734256644594,0.008909361543032623,0.5232148493089582,0.06189262971937308,-0.06736048245511715,0.10078968932076943,0.0,False,False,0.5235987755982988,0.0
1.568,0.001,0.5230848298731323,0.011404208672909298,0.5237216269286791,0.10638112871952016,-0.12986867841026883,-0.06736048245511715,0.0,False,False,0.5235987755982988,0.0
1.569,0.001,0.5230897273580194,0.004897484887086315,0.5217047228129326,-0.10594739572708275,0.16122982500909183,-0.12986867841026883,0.0,False,False,0.5235987755982988,0.0
1.57,0.001,0.5230866712528753,-0.0030561051440235777,0.5231086001902505,0.04503508157742074,-0.045218940548035505,0.16122982500909183,0.0,False,False,0.5235987755982988,0.0
1.571,0.001,0.5230925986251324,0.005927372256975668,0.5229006684366129,0.01973839805591399,-0.011120148756749763,-0.045218940548035505,0.0,False,False,0.5235987755982988,0.0
1.572,0.001,0.5230945134255255,0.0019148003931354837,0.5233925359748642,0.06695131207545929,-0.07662926126872872,-0.011120148756749763,0.0,False,False,0.5235987755982988,0.0
1.573,0.001,0.523095291867885,0.0007784423594616946,0.5230840006626569,0.02940264964718195,-0.02601723073506427,-0.07662926126872872,0.0,False,False,0.5235987755982988,0.0
1.574,0.001,0.5230920023185609,-0.003289549324001804,0.5218234976465896,-0.09958791692426447,0.15146050343988252,-0.02601723073506427,0.0,False,False,0.5235987755982988,0.0
1.575,0.001,0.5230884031267865,-0.003599191774370028,0.5219867606414365,-0.07330282574715669,0.11697966012011053,0.15146050343988252,0.0,False,False,0.5235987755982988,0.0
1.576,0.001,0.5230934596073799,0.005056480593375363,0.5231191365209632,0.04726504478023376,-0.04808455034423945,0.11697966012011053,0.0,False,False,0.5235987755982988,0.0
1.577,0.001,0.5231028594163547,0.009399808974890355,0.5240006401329175,0.13068890149763746,-0.16406024342030076,-0.04808455034423945,0.0,False,False,0.5235987755982988,0.0
1.578,0.001,0.523107188248991,0.004328832636394404,0.5211749452549521,-0.16494947644866192,0.2415683179186349,-0.16406024342030076,0.0,False,False,0.5235987755982988,0.0
1.579,0.001,0.5231020180106709,-0.0051702383201446996,0.5234037213671308,0.07442308241406853,-0.08579672273585721,0.2415683179186349,0.0,False,False,0.5235987755982988,0.0
1.58,0.001,0.5231104642881091,0.008446277438246861,0.5241486053304315,0.14146917050273633,-0.179659939781672,-0.08579672273585721,0.0,False,False,0.5235987755982988,0.0
1.581,0.001,0.5231121936765858,0.0017293884766358281,0.5229786534075584,0.010327061165156914,-0.0012302739648616615,-0.179659939781672,0.0,False,False,0.5235987755982988,0.0
1.582,0.001,0.5231044156231779,-0.007778053407867679,0.5235845578785955,0.06988480215234452,-0.08360584362815339,-0.0012302739648616615,0.0,False,False,0.5235987755982988,0.0
1.583,0.001,0.5230988296513494,-0.005585971828569355,0.5224852861348175,-0.04703085244068954,0.07647983327149141,-0.08360584362815339,0.0,False,False,0.5235987755982988,0.0
1.584,0.001,0.5230907192659472,-0.008110385402186044,0.5229865526062986,0.007798879951487064,0.0016613579142201185,0.07647983327149141,0.0,False,False,0.5235987755982988,0.0
1.585,0.001,0.5230887732829513,-0.0019459829958540578,0.5216742593937232,-0.12421032930119268,0.1836936868437914,0.0016613579142201185,0.0,False,False,0.5235987755982988,0.0
1.586,0.001,0.5230875001113454,-0.001273171605912349,0.5210416746348951,-0.17504777225388368,0.2560851440459264,0.1836936868437914,0.0,False,False,0.5235987755982988,0.0
1.587,0.001,0.5230957981531429,0.008298041797477725,0.5239185165184721,0.1301411933291999,-0.161924768558159,0.2560851440459264,0.0,False,False,0.5235987755982988,0.0
1.588,0.001,0.5231145114976986,0.018713344555753183,0.5222549412674868,-0.04923045110224614,0.08326555927731094,-0.161924768558159,0.0,False,False,0.5235987755982988,0.0
1.589,0.001,0.523120654399133,0.006142901434430857,0.5227231313626418,0.0025116035234759165,0.012747672013654949,0.08326555927731094,0.0,False,False,0.5235987755982988,0.0
1.59,0.001,0.5231291489810909,0.008494581957796558,0.5219192498706742,-0.07812770602563562,0.1239847103280063,0.012747672013654949,0.0,False,False,0.5235987755982988,0.0
1.591,0.001,0.5231358415266296,0.0066925455387514465,0.5219054108430206,-0.07169883818843377,0.11651917142112919,0.1239847103280063,0.0,False,False,0.5235987755982988,0.0
1.592,0.001,0.5231467705028475,0.010928976217944447,0.5229950684913103,0.044436810459381706,-0.042457444625464365,0.11651917142112919,0.0,False,False,0.5235987755982988,0.0
1.593,0.001,0.5231604945980931,0.013724095245581564,0.5225238183888367,-0.007131880833918379,0.027907486771020888,-0.042457444625464365,0.0,False,False,0.5235987755982988,0.0
1.594,0.001,0.5231684676946915,0.007973096598424111,0.5234983096142943,0.09103042979524086,-0.10742812804220833,0.027907486771020888,0.0,False,False,0.5235987755982988,0.0
1.595,0.001,0.5231755314888739,0.007063794182411655,0.523570445759022,0.08914100128848425,-0.10645926443919855,-0.10742812804220833,0.0,False,False,0.5235987755982988,0.0
1.596,0.001,0.5231751604136703,-0.00037107520351710877,0.5234551545502815,0.0686977802855816,-0.0798521574783856,-0.10645926443919855,0.0,False,False,0.5235987755982988,0.0
1.597,0.001,0.5231695791693345,-0.005581244335816785,0.5233777976393127,0.054092311160146116,-0.06093317013042511,-0.0798521574783856,0.0,False,False,0.5235987755982988,0.0
1.598,0.001,0.5231616598636153,-0.007919305719141755,0.5245385223640824,0.16475555252110052,-0.2146221048094248,-0.06093317013042511,0.0,False,False,0.5235987755982988,0.0
1.599,0.001,0.5231529845251495,-0.008675338465785394,0.522221333207969,-0.08343891834234365,0.12492066503674833,-0.2146221048094248,0.0,False,False,0.5235987755982988,0.0
1.6,0.001,0.5231360635702026,-0.016920954946926275,0.5230881238557334,0.011584038268331084,-0.004709114555820621,0.12492066503674833,0.0,False,False,0.5235987755982988,0.0
1.601,0.001,0.5231295903267962,-0.006473243406394762,0.5241180486653907,0.1134181154072225,-0.14544865369632073,-0.004709114555820621,0.0,False,False,0.5235987755982988,0.0
1.602,0.001,0.5231247844077064,-0.004805919089756578,0.5242283035674808,0.11310179407551592,-0.14705365633589565,-0.14544865369632073,0.0,False,False,0.5235987755982988,0.0
1.603,0.001,0.5231141399312367,-0.010644476469698363,0.521873417087925,-0.13369703328761962,0.1914928931318721,-0.14705365633589565,0.0,False,False,0.5235987755982988,0.0
1.604,0.001,0.5230991078247988,-0.01503210643778153,0.522826526280128,-0.025016410738553804,0.043920180613338425,0.1914928931318721,0.0,False,False,0.5235987755982988,0.0
1.605,0.001,0.5230975271255733,-0.0015806992255377357,0.5242827113637571,0.12310373869821178,-0.1600353302161041,0.043920180613338425,0.0,False,False,0.5235987755982988,0.0
1.606,0.001,0.5230986219830162,0.0010948574428282037,0.5235420046453316,0.03672269298583851,-0.04304535442959681,-0.1600353302161041,0.0,False,False,0.5235987755982988,0.0
1.607,0.001,0.5230913825649977,-0.007239418018510621,0.523261781705335,0.005028129687591393,3.21344482391182e-05,-0.04304535442959681,0.0,False,False,0.5235987755982988,0.0
1.608,0.001,0.5230841015301786,-0.007281034819016618,0.5228941357985971,-0.03223927395495564,0.05137064514057738,3.21344482391182e-05,0.0,False,False,0.5235987755982988,0.0
1.609,0.001,0.5230789438937035,-0.005157636475162171,0.5227440144024134,-0.044027486177835626,0.06821868493934097,0.05137064514057738,0.0,False,False,0.5235987755982988,0.0
1.61,0.001,0.5230778892996276,-0.0010545940758606275,0.5233294078805246,0.01891461025107416,-0.017848913381353502,0.06821868493934097,0.0,False,False,0.5235987755982988,0.0
1.611,0.001,0.5230805659435019,0.00267664387429203,0.522860327972111,-0.02988484161539379,0.04915386720985293,-0.017848913381353502,0.0,False,False,0.5235987755982988,0.0
1.612,0.001,0.5230815412020211,0.0009752585191768841,0.5230443843456118,-0.008490720103771478,0.020167906672891228,0.04915386720985293,0.0,False,False,0.5235987755982988,0.0
1.613,0.001,0.5230846779069898,0.0031367049686944534,0.5231532682174656,0.0032467390919761084,0.004123045944627448,0.020167906672891228,0.0,False,False,0.5235987755982988,0.0
1.614,0.001,0.5230878770892641,0.0031991822743298146,0.5224961480524519,-0.06278995131858398,0.09519523740754479,0.004123045944627448,0.0,False,False,0.5235987755982988,0.0
1.615,0.001,0.5230903179752255,0.002440885961444453,0.5235546884562658,0.049343084194666736,-0.058418132477006675,0.09519523740754479,0.0,False,False,0.5235987755982988,0.0
1.616,0.001,0.5230967802078473,0.006462232621833527,0.525639938424021,0.25293377255071653,-0.34026145792385937,-0.058418132477006675,0.0,False,False,0.5235987755982988,0.0
1.617,0.001,0.5230984217783612,0.001641570513831919,0.5215477083973518,-0.18158260737128024,0.2548183384625833,-0.34026145792385937,0.0,False,False,0.5235987755982988,0.0
1.618,0.001,0.5230825523414776,-0.01586943688353367,0.5233653066097183,0.018335474602496654,-0.01780012772854581,0.2548183384625833,0.0,False,False,0.5235987755982988,0.0
1.619,0.001,0.5230834495272667,0.0008971857890737039,0.5224200585278953,-0.07802288104004768,0.11484436451532043,-0.01780012772854581,0.0,False,False,0.5235987755982988,0.0
1.62,0.001,0.5230831841425899,-0.00026538467673545524,0.5235870629469506,0.04647984896948326,-0.05556499103911141,0.11484436451532043,0.0,False,False,0.5235987755982988,0.0
1.621,0.001,0.5230887416484084,0.005557505818391097,0.5231293707084573,-0.003937359776788524,0.013174119749292956,-0.05556499103911141,0.0,False,False,0.5235987755982988,0.0
1.622,0.001,0.5230898730497962,0.001131401387840225,0.5237547167612501,0.05899098148016444,-0.07359611870931994,0.013174119749292956,0.0,False,False,0.5235987755982988,0.0
1.623,0.001,0.5230913195727547,0.0014465229585181435,0.5241171425797009,0.08933446517722865,-0.11653196387791151,-0.07359611870931994,0.0,False,False,0.5235987755982988,0.0
1.624,0.001,0.5230886473019049,-0.002672270849777254,0.523256566404676,-0.005656598842982724,0.012947684096790068,-0.11653196387791151,0.0,False,False,0.5235987755982988,0.0
1.625,0.001,0.5230809560663302,-0.007691235574656004,0.5240688580532084,0.07613822589455148,-0.09982735526183344,0.012947684096790068,0.0,False,False,0.5235987755982988,0.0
1.6260000000000001,0.001,0.5230761429551563,-0.0048131111739821,0.5210303571104472,-0.23532569097101824,0.32862236194655087,-0.09982735526183344,0.0,False,False,0.5235987755982988,0.0
1.627,0.001,0.5230677744178025,-0.008368537353777154,0.5244557058775298,0.13074175483433942,-0.1723148508273644,0.32862236194655087,0.0,False,False,0.5235987755982988,0.0
1.6280000000000001,0.001,0.5230782440986494,0.01046968084691388,0.5234055475711563,0.01265174871356052,-0.01170399396770762,-0.1723148508273644,0.0,False,False,0.5235987755982988,0.0
1.629,0.001,0.5230771738510716,-0.0010702475779217,0.5240177696199965,0.07260877872621943,-0.094672426862021,-0.01170399396770762,0.0,False,False,0.5235987755982988,0.0
1.6300000000000001,0.001,0.5230758434529362,-0.0013303981353696846,0.5220113010423011,-0.13529895691593996,0.190933290307087,-0.094672426862021,0.0,False,False,0.5235987755982988,0.0
1.631,0.001,0.5230701832868434,-0.005660166092832512,0.5223451997988225,-0.0883791855722004,0.12861938707721332,0.190933290307087,0.0,False,False,0.5235987755982988,0.0
1.6320000000000001,0.001,0.5230757465481872,0.005563261343797692,0.5232031017350658,0.006248926609344008,-0.000376582393018343,0.12861938707721332,0.0,False,False,0.5235987755982988,0.0
1.633,0.001,0.5230860913012003,0.010344753013073837,0.5230712229378739,-0.007563845770780166,0.018572562812584827,-0.000376582393018343,0.0,False,False,0.5235987755982988,0.0
1.6340000000000001,0.001,0.5230935224548103,0.007431153610021845,0.5233405463982976,0.02012488484867211,-0.019501736218385274,0.018572562812584827,0.0,False,False,0.5235987755982988,0.0
1.635,0.001,0.5230997203912594,0.0061979364490645,0.5240461384085606,0.08867159739010386,-0.11445844745283719,-0.019501736218385274,0.0,False,False,0.5235987755982988,0.0
1.6360000000000001,0.001,0.5231031163897732,0.0033959985138515844,0.5215626710635168,-0.1685422968532853,0.238900637850018,-0.11445844745283719,0.0,False,False,0.5235987755982988,0.0
1.637,0.001,0.523099766762095,-0.0033496276781979977,0.5239495842181041,0.08700324829077094,-0.1107184531054205,0.238900637850018,0.0,False,False,0.5235987755982988,0.0
1.6380000000000001,0.001,0.5231093711616497,0.009604399554643598,0.5231165984915057,-0.004995649198146226,0.014673966960051316,-0.1107184531054205,0.0,False,False,0.5235987755982988,0.0
1.639,0.001,0.5231107227023561,0.001351540706466911,0.5229328894807329,-0.022866985355611946,0.03942633254292064,0.014673966960051316,0.0,False,False,0.5235987755982988,0.0
1.6400000000000001,0.001,0.5231123976891127,0.0016749867564713238,0.5218286074632994,-0.13100848856340183,0.1890732127060717,0.03942633254292064,0.0,False,False,0.5235987755982988,0.0
1.641,0.001,0.5231155359680632,0.0031382789505091614,0.5235545287461106,0.05468448857406212,-0.06482494294948732,0.1890732127060717,0.0,False,False,0.5235987755982988,0.0
1.6420000000000001,0.001,0.523127181522563,0.011645554499843152,0.5210204749976262,-0.20418933513179174,0.2914366129702579,-0.06482494294948732,0.0,False,False,0.5235987755982988,0.0
1.643,0.001,0.5231323933339593,0.005211811396364263,0.5236982238512757,0.0840044837463449,-0.10259544904919841,0.2914366129702579,0.0,False,False,0.5235987755982988,0.0
1.6440000000000001,0.001,0.5231506270417815,0.01823370782216993,0.5218485190609202,-0.10936644366384064,0.16274435006942342,-0.10259544904919841,0.0,False,False,0.5235987755982988,0.0
1.645,0.001,0.5231593264010863,0.008699359304858548,0.5232059772304072,0.037316017651239194,-0.03770885055943763,0.16274435006942342,0.0,False,False,0.5235987755982988,0.0
1.6460000000000001,0.001,0.523173671392062,0.014344990975630075,0.5230696769632046,0.019954389165858132,-0.014421491567334067,-0.03770885055943763,0.0,False,False,0.5235987755982988,0.0
1.647,0.001,0.5231823823442318,0.008710952169865302,0.5242029969141294,0.13129094534175278,-0.16842511809505414,-0.014421491567334067,0.0,False,False,0.5235987755982988,0.0
1.6480000000000001,0.001,0.5231878776955495,0.005495351317728676,0.5230319716492996,0.0010593243245958367,0.008931281892470905,-0.16842511809505414,0.0,False,False,0.5235987755982988,0.0
1.649,0.001,0.5231833214767816,-0.004556218767958833,0.5225775713089292,-0.04448664214490019,0.0717656477825327,0.008931281892470905,0.0,False,False,0.5235987755982988,0.0
1.6500000000000001,0.001,0.523180573747597,-0.002747729184676813,0.5227384794953881,-0.02394715928452382,0.04422192099382151,0.0717656477825327,0.0,False,False,0.5235987755982988,0.0
1.651,0.001,0.5231822444629841,0.0016707153871256307,0.5242930442283177,0.1339040299368872,-0.17318167126460424,0.04422192099382151,0.0,False,False,0.5235987755982988,0.0
1.6520000000000001,0.001,0.5231856195395609,0.0033750765767838597,0.5236536269335945,0.05657189747088191,-0.06887360100038094,-0.17318167126460424,0.0,False,False,0.5235987755982988,0.0
1.653,0.001,0.5231793190125509,-0.006300527010010553,0.5228427933689517,-0.030168648740490592,0.049810058616837245,-0.06887360100038094,0.0,False,False,0.5235987755982988,0.0
1.6540000000000001,0.001,0.5231714300245416,-0.007888988009325222,0.5229650915978948,-0.014921960972125246,0.029312665173821896,0.049810058616837245,0.0,False,False,0.5235987755982988,0.0
1.655,0.001,0.5231683142334099,-0.0031157911316914613,0.5218006942237828,-0.129869502286113,0.18820886748462323,0.029312665173821896,0.0,False,False,0.5235987755982988,0.0
1.6560000000000001,0.001,0.5231676037865959,-0.000710446813999426,0.5235066114797915,0.05370917354336427,-0.06279205411890534,0.18820886748462323,0.0,False,False,0.5235987755982988,0.0
1.657,0.001,0.523176519669386,0.00891588279012677,0.5216407907530061,-0.1382438164895149,0.20113630700268734,-0.06279205411890534,0.0,False,False,0.5235987755982988,0.0
1.6580000000000001,0.001,0.5231797496719932,0.0032300026071598814,0.5238358158536774,0.09508307522657426,-0.11836641486870443,0.20113630700268734,0.0,False,False,0.5235987755982988,0.0
1.659,0.001,0.5231920629067702,0.012313234777043013,0.5233043064206768,0.03242382440385476,-0.033608144087429855,-0.11836641486870443,0.0,False,False,0.5235987755982988,0.0
1.6600000000000001,0.001,0.5231951199663062,0.0030570595360136024,0.5252781283657546,0.22656363647124728,-0.3021047135797009,-0.033608144087429855,0.0,False,False,0.5235987755982988,0.0
1.661,0.001,0.5231955743489368,0.000454382630608294,0.5222355249673998,-0.10035306701136001,0.14496219176981467,-0.3021047135797009,0.0,False,False,0.5235987755982988,0.0
1.6620000000000001,0.001,0.5231807853870173,-0.014788961919557343,0.5230911958117352,-0.0047506758766774765,0.014837247210157271,0.14496219176981467,0.0,False,False,0.5235987755982988,0.0
1.663,0.001,0.5231770765601235,-0.00370882689383366,0.5247463786240848,0.16124267294594563,-0.2141480619992824,0.014837247210157271,0.0,False,False,0.5235987755982988,0.0
1.6640000000000001,0.001,0.5231752244978987,-0.00185206222483835,0.5242149080927605,0.09197135251892145,-0.12145600792301607,-0.2141480619992824,0.0,False,False,0.5235987755982988,0.0
1.665,0.001,0.5231632264767135,-0.011998021185162543,0.5225556668471069,-0.08314990729833487,0.11855584627945706,-0.12145600792301607,0.0,False,False,0.5235987755982988,0.0
1.666,0.001,0.5231484255221723,-0.01480095454122065,0.5233438739742894,0.00398579614975135,-0.00019472614753189305,0.11855584627945706,0.0,False,False,0.5235987755982988,0.0
1.667,0.001,0.52314338660774,-0.0050389144324200635,0.5231451313753581,-0.016287043358350527,0.027710048042953173,-0.00019472614753189305,0.0,False,False,0.5235987755982988,0.0
1.668,0.001,0.5231398385934346,-0.003548014305306278,0.5233858915050018,0.009417673941853638,-0.007469295050878266,0.027710048042953173,0.0,False,False,0.5235987755982988,0.0
1.669,0.001,0.5231387436507132,-0.0010949427213774354,0.522529029949353,-0.07721024901721084,0.11190772050167734,-0.007469295050878266,0.0,False,False,0.5235987755982988,0.0
1.67,0.001,0.523137607778038,-0.0011358726752301671,0.5230596610222212,-0.016426116828668264,0.029415402563798387,0.11190772050167734,0.0,False,False,0.5235987755982988,0.0
1.671,0.001,0.5231424122307755,0.0048044527375665025,0.5217478484523808,-0.145964762129849,0.2084744031823438,0.029415402563798387,0.0,False,False,0.5235987755982988,0.0
1.672,0.001,0.5231472539996603,0.004841768884782957,0.5232651714562483,0.020364014469889113,-0.01843194280695748,0.2084744031823438,0.0,False,False,0.5235987755982988,0.0
1.673,0.001,0.5231610753172301,0.013821317569825162,0.5235537924398928,0.04718971138734628,-0.055817956813506375,-0.01843194280695748,0.0,False,False,0.5235987755982988,0.0
1.674,0.001,0.5231703277545706,0.00925243734056106,0.5229718668778912,-0.01572181595154229,0.03015053610918762,-0.055817956813506375,0.0,False,False,0.5235987755982988,0.0
1.675,0.001,0.5231741589721599,0.0038312175893182197,0.5217647611907613,-0.1348602030693775,0.19484450301892794,0.03015053610918762,0.0,False,False,0.5235987755982988,0.0
1.676,0.001,0.5231783468819399,0.004187909779969997,0.5240410036703215,0.10625006519357552,-0.1354601835286984,0.19484450301892794,0.0,False,False,0.5235987755982988,0.0
1.677,0.001,0.5231910219383674,0.012675056427565496,0.523509130044314,0.042437696073469575,-0.049311615316436554,-0.1354601835286984,0.0,False,False,0.5235987755982988,0.0
1.678,0.001,0.5231935094999198,0.002487561552388296,0.5225599418062163,-0.0567248973436416,0.0867688850698544,-0.049311615316436554,0.0,False,False,0.5235987755982988,0.0
1.679,0.001,0.5231927790865643,-0.0007304133555256853,0.5229479090025697,-0.012255687973940742,0.026422424291852778,0.0867688850698544,0.0,False,False,0.5235987755982988,0.0
1.68,0.001,0.5231966090657547,0.0038299791904410534,0.5218870279626308,-0.1171182231704421,0.17135332524655558,0.026422424291852778,0.0,False,False,0.5235987755982988,0.0
1.681,0.001,0.5232006096947159,0.004000628961267948,0.5223057705490649,-0.0635321422099828,0.0995126615381897,0.17135332524655558,0.0,False,False,0.5235987755982988,0.0
1.682,0.001,0.5232119775541658,0.011367859449882924,0.52274264861674,-0.013491121221472807,0.031599631133825606,0.0995126615381897,0.0,False,False,0.5235987755982988,0.0
1.683,0.001,0.5232251905067026,0.013212952536796985,0.5242971898954182,0.1433121187684901,-0.18454599987033668,0.031599631133825606,0.0,False,False,0.5235987755982988,0.0
1.684,0.001,0.5232364578235188,0.011267316816172955,0.5226783858360861,-0.03289949904157127,0.05604641456971519,-0.18454599987033668,0.0,False,False,0.5235987755982988,0.0
1.685,0.001,0.5232353899482147,-0.001067875304126267,0.5237940817617911,0.08196004343308985,-0.10186756306256889,0.05604641456971519,0.0,False,False,0.5235987755982988,0.0
1.686,0.001,0.5232374487236383,0.002058775423637031,0.5227676792157999,-0.028876215509336958,0.049611193496184494,-0.10186756306256889,0.0,False,False,0.5235987755982988,0.0
1.687,0.001,0.5232337904255318,-0.0036582981065902778,0.5234501654909894,0.04226003356054872,-0.04803705834108968,0.049611193496184494,0.0,False,False,0.5235987755982988,0.0
1.688,0.001,0.5232337127314602,-7.769407147002966e-05,0.5231103218784643,0.0040496689519790505,0.003932564214646592,-0.04803705834108968,0.0,False,False,0.5235987755982988,0.0
1.689,0.001,0.5232312568033523,-0.002455928108044433,0.5239931424147466,0.09192675568501141,-0.11741070951807368,0.003932564214646592,0.0,False,False,0.5235987755982988,0.0
1.69,0.001,0.5232297404245174,-0.0015163788347844925,0.5227630294880719,-0.040277212550963934,0.06337608504524209,-0.11741070951807368,0.0,False,False,0.5235987755982988,0.0
1.691,0.001,0.52322281361968,-0.0069268048373751015,0.5218505238425217,-0.12750005585087965,0.1844685986250431,0.06337608504524209,0.0,False,False,0.5235987755982988,0.0
1.692,0.001,0.5232210820816926,-0.0017315379874108944,0.5220151040470905,-0.09829202980891408,0.14645652369244647,0.1844685986250431,0.0,False,False,0.5235987755982988,0.0
1.693,0.001,0.5232290990671796,0.008016985486990487,0.5227649483928518,-0.013478392251891888,0.0311829604003163,0.14645652369244647,0.0,False,False,0.5235987755982988,0.0
1.694,0.001,0.5232421227585108,0.013023691331185604,0.522152112306351,-0.07341416167678944,0.11413693326720897,0.0311829604003163,0.0,False,False,0.5235987755982988,0.0
1.695,0.001,0.5232532187018856,0.011095943374794194,0.5236111962171281,0.07983564556860984,-0.09602634582125981,0.11413693326720897,0.0,False,False,0.5235987755982988,0.0
1.696,0.001,0.5232669524664422,0.013733764556599934,0.5228604930650549,-0.0032182341955773464,0.01715096663308352,-0.09602634582125981,0.0,False,False,0.5235987755982988,0.0
1.697,0.001,0.5232722548771728,0.00530241073058599,0.525344490014042,0.24550328412269584,-0.3260268004306131,0.01715096663308352,0.0,False,False,0.5235987755982988,0.0
1.698,0.001,0.523276839154552,0.004584277379210044,0.5217603970972968,-0.13745633596409554,0.1980384161749505,-0.3260268004306131,0.0,False,False,0.5235987755982988,0.0
1.699,0.001,0.5232637520612923,-0.013087093259780316,0.5234414555330317,0.044395141205799,-0.050442408272150255,0.1980384161749505,0.0,False,False,0.5235987755982988,0.0
1.7,0.001,0.5232640668024054,0.00031474111318334844,0.5222797420990055,-0.07621571631739657,0.11520146256815525,-0.050442408272150255,0.0,False,False,0.5235987755982988,0.0
1.701,0.001,0.5232617637496005,-0.0023030528048854386,0.522831189853429,-0.013449369243306294,0.02995578649962381,0.11520146256815525,0.0,False,False,0.5235987755982988,0.0
1.702,0.001,0.5232659178602102,0.004154110609576711,0.5233893296320216,0.043709545540278005,-0.04868142725534301,0.02995578649962381,0.0,False,False,0.5235987755982988,0.0
1.703,0.001,0.523270324528055,0.00440666784479357,0.5212410551868958,-0.17548885352632726,0.25302559163684724,-0.04868142725534301,0.0,False,False,0.5235987755982988,0.0
1.704,0.001,0.5232709784830577,0.0006539550026498863,0.5234776482576909,0.06571933890582105,-0.07668291455604352,0.25302559163684724,0.0,False,False,0.5235987755982988,0.0
1.705,0.001,0.5232840849852086,0.013106502150931485,0.5249446850140813,0.2058510806542761,-0.27124766626921626,-0.07668291455604352,0.0,False,False,0.5235987755982988,0.0
1.706,0.001,0.5232898534523426,0.005768467133923503,0.522894153889284,-0.019787139890887567,0.036427758631332616,-0.27124766626921626,0.0,False,False,0.5235987755982988,0.0
1.707,0.001,0.5232803523641405,-0.009501088202069002,0.5235070774903308,0.04348393420288226,-0.05053015510003377,0.036427758631332616,0.0,False,False,0.5235987755982988,0.0
1.708,0.001,0.5232753643129683,-0.004988051172266896,0.524169777218976,0.10540551364711287,-0.1367646455487239,-0.05053015510003377,0.0,False,False,0.5235987755982988,0.0
1.709,0.001,0.5232693358481048,-0.006028464863535375,0.5231262594283228,-0.009486816782913174,0.019889471199064018,-0.1367646455487239,0.0,False,False,0.5235987755982988,0.0
1.71,0.001,0.5232582489520285,-0.01108689607619037,0.5227512655463845,-0.04603752329845088,0.07050020889259849,0.019889471199064018,0.0,False,False,0.5235987755982988,0.0
1.711,0.001,0.5232512234938936,-0.00702545813486102,0.5212652688362717,-0.19003344197989044,0.2700432520923572,0.07050020889259849,0.0,False,False,0.5235987755982988,0.0
1.712,0.001,0.5232497761716749,-0.0014473222187582355,0.5238091460980834,0.08335762839926966,-0.10381582307524571,0.2700432520923572,0.0,False,False,0.5235987755982988,0.0
1.713,0.001,0.5232622702416581,0.01249406998317865,0.5231635121737073,0.010458473121731718,-0.004715426103430204,-0.10381582307524571,0.0,False,False,0.5235987755982988,0.0
1.714,0.001,0.5232661971778931,0.003926936235102157,0.5223824638034681,-0.06869221121435934,0.10432426576418428,-0.004715426103430204,0.0,False,False,0.5235987755982988,0.0
1.715,0.001,0.5232687094634885,0.0025122855953886272,0.5233791859343154,0.037849222991810406,-0.0414664536384715,0.10432426576418428,0.0,False,False,0.5235987755982988,0.0
1.716,0.001,0.5232756781668122,0.006968703323705904,0.5227663209665381,-0.027222196085105517,0.04765081867381989,-0.0414664536384715,0.0,False,False,0.5235987755982988,0.0
1.717,0.001,0.5232785357504043,0.0028575835921195534,0.5228173969583272,-0.019392377297684282,0.03733566827671049,0.04765081867381989,0.0,False,False,0.5235987755982988,0.0
1.718,0.001,0.5232829129558751,0.004377205470837486,0.5238120018008662,0.08200734468598342,-0.10224688526939263,0.03733566827671049,0.0,False,False,0.5235987755982988,0.0
1.719,0.001,0.523287846846951,0.004933891075810839,0.5221198878605319,-0.09540478381604545,0.1411057198590595,-0.10224688526939263,0.0,False,False,0.5235987755982988,0.0
1.72,0.001,0.5232861978042727,-0.0016490426783124174,0.5242001528066953,0.12216218918190141,-0.15741941676941834,0.1411057198590595,0.0,False,False,0.5235987755982988,0.0
1.721,0.001,0.5232921042385241,0.005906434251422306,0.5220723929657249,-0.10283001383332424,0.15087090398631883,-0.15741941676941834,0.0,False,False,0.5235987755982988,0.0
1.722,0.001,0.5232883939230359,-0.00371031548818311,0.5227100778463658,-0.028778524385905307,0.05053078879788054,0.15087090398631883,0.0,False,False,0.5235987755982988,0.0
1.723,0.001,0.5232933424925705,0.004948569534590921,0.5249714296138284,0.20023450479894123,-0.2649891780382614,0.05053078879788054,0.0,False,False,0.5235987755982988,0.0
1.724,0.001,0.5232993428080212,0.006000315450604693,0.524283145429456,0.11138263588180815,-0.14597782001899867,-0.2649891780382614,0.0,False,False,0.5235987755982988,0.0
1.725,0.001,0.5232903217010296,-0.009021106991574808,0.5233754972526364,0.00947955461167313,-0.0073564553120848974,-0.14597782001899867,0.0,False,False,0.5235987755982988,0.0
1.726,0.001,0.5232765743841701,-0.01374731685957832,0.5224558069354207,-0.08343743257106684,0.12069835501708615,-0.0073564553120848974,0.0,False,False,0.5235987755982988,0.0
1.727,0.001,0.5232660919564485,-0.010482427721634067,0.5228042147368716,-0.040252909168875646,0.0626055865083415,0.12069835501708615,0.0,False,False,0.5235987755982988,0.0
1.728,0.001,0.5232645716240342,-0.0015203324143274691,0.5233285163990319,0.016202547964045043,-0.01457839197004929,0.0626055865083415,0.0,False,False,0.5235987755982988,0.0
1.729,0.001,0.523266642875497,0.0020712514628124933,0.5232993880730128,0.01166946056573154,-0.008614377223729465,-0.01457839197004929,0.0,False,False,0.5235987755982988,0.0
1.73,0.001,0.5232673577588874,0.0007148833905381417,0.5231880579130714,-0.0006305014849774665,0.008149520116065795,-0.008614377223729465,0.0,False,False,0.5235987755982988,0.0
1.731,0.001,0.5232674246901562,6.693126873957877e-05,0.5232405182457843,0.004678581934809198,0.0008343340234897917,0.008149520116065795,0.0,False,False,0.5235987755982988,0.0
1.732,0.001,0.5232678787504,0.0004540602438052871,0.5230808011754661,-0.011760983290497205,0.023436719559586063,0.0008343340234897917,0.0,False,False,0.5235987755982988,0.0
1.733,0.001,0.5232682365164295,0.0003577660295190088,0.5220098726823964,-0.11767773426841417,0.16981353360834042,0.023436719559586063,0.0,False,False,0.5235987755982988,0.0
1.734,0.001,0.5232696573690108,0.0014208525812621432,0.5228189167153795,-0.025005557543263043,0.04404412894446333,0.16981353360834042,0.0,False,False,0.5235987755982988,0.0
1.735,0.001,0.5232791376747551,0.009480305744338072,0.5240772977327556,0.10333309994867079,-0.13261311835862663,0.04404412894446333,0.0,False,False,0.5235987755982988,0.0
1.736,0.001,0.5232881336384652,0.008995963710064432,0.5220940367004536,-0.10532631327639151,0.15347687609288327,-0.13261311835862663,0.0,False,False,0.5235987755982988,0.0
1.737,0.001,0.5232879325638062,-0.00020107465887730588,0.5231225141742231,0.008054065428191634,-0.0010921728804664192,0.15347687609288327,0.0,False,False,0.5235987755982988,0.0
1.738,0.001,0.5232954664576159,0.007533893809734417,0.5225800962019554,-0.04699313834138922,0.0747279951438477,-0.0010921728804664192,0.0,False,False,0.5235987755982988,0.0
1.739,0.001,0.523300756605854,0.005290148237970093,0.5233979281866793,0.0394893739651346,-0.043771995349010155,0.0747279951438477,0.0,False,False,0.5235987755982988,0.0
1.74,0.001,0.5233082109535846,0.007454347730658529,0.5229690645239788,-0.007345929701424017,0.020149914979468313,-0.043771995349010155,0.0,False,False,0.5235987755982988,0.0
1.741,0.001,0.5233113086863994,0.0030977328148071442,0.5246005778764952,0.15653999852035064,-0.20588043923195506,0.020149914979468313,0.0,False,False,0.5235987755982988,0.0
1.742,0.001,0.5233144795649829,0.003170878583535438,0.5237565567637708,0.05648388739587425,-0.07062072585354397,-0.20588043923195506,0.0,False,False,0.5235987755982988,0.0
1.743,0.001,0.5233064003655613,-0.008079199421578889,0.5221616361465165,-0.10865656306914344,0.1562563858150547,-0.07062072585354397,0.0,False,False,0.5235987755982988,0.0
1.744,0.001,0.5232971224395994,-0.009277925961945209,0.5238828793813131,0.07433341671743188,-0.09431396815517465,0.1562563858150547,0.0,False,False,0.5235987755982988,0.0
1.745,0.001,0.5232982939714713,0.0011715318719212643,0.5226222826990484,-0.05915959318077492,0.08856838400343696,-0.09431396815517465,0.0,False,False,0.5235987755982988,0.0
1.746,0.001,0.5232943940606735,-0.003899910797801307,0.5227908697380436,-0.0363849299631836,0.05820422144041488,0.08856838400343696,0.0,False,False,0.5235987755982988,0.0
1.747,0.001,0.5232960935353422,0.0016994746687650593,0.5235699522931548,0.045161818544262426,-0.05367536276052333,0.05820422144041488,0.0,False,False,0.5235987755982988,0.0
1.748,0.001,0.5233001878043616,0.004094269019344177,0.5228710572262377,-0.029243870001875366,0.0481915746993501,-0.05367536276052333,0.0,False,False,0.5235987755982988,0.0
1.749,0.001,0.5233003705227341,0.00018271837253643324,0.5240795342097551,0.09452821535004584,-0.1220875134262674,0.0481915746993501,0.0,False,False,0.5235987755982988,0.0
1.75,0.001,0.5233029072749814,0.002536752247261012,0.5226270197418198,-0.06017605297848491,0.08970286899080421,-0.1220875134262674,0.0,False,False,0.5235987755982988,0.0
1.7510000000000001,0.001,0.5232985725338531,-0.004334741128281569,0.5227584397720237,-0.041016444660242055,0.06434577846524178,0.08970286899080421,0.0,False,False,0.5235987755982988,0.0
1.752,0.001,0.5233000207105226,0.00144817666943769,0.522727229050189,-0.040035872377694084,0.06373088471920996,0.06434577846524178,0.0,False,False,0.5235987755982988,0.0
1.7530000000000001,0.001,0.5233042466881035,0.004225977580878655,0.5228106337613208,-0.027691814026747308,0.04741672989770189,0.06373088471920996,0.0,False,False,0.5235987755982988,0.0
1.754,0.001,0.5233103930495723,0.0061463614687430205,0.5242696186372936,0.12097585497321203,-0.15724620066976056,0.04741672989770189,0.0,False,False,0.5235987755982988,0.0
1.7550000000000001,0.001,0.5233170976903728,0.006704640800493005,0.5238658259727647,0.06849900302299625,-0.08700571036798058,-0.15724620066976056,0.0,False,False,0.5235987755982988,0.0
1.756,0.001,0.5233139739177762,-0.003123772596597914,0.5248061815188803,0.1556846573322567,-0.20855489536917393,-0.08700571036798058,0.0,False,False,0.5235987755982988,0.0
1.7570000000000001,0.001,0.5233074419397549,-0.00653197802136739,0.5252863348208453,0.18813152179553572,-0.2561338921604796,-0.20855489536917393,0.0,False,False,0.5235987755982988,0.0
1.758,0.001,0.5232924011134911,-0.015040826263765465,0.5223929308203109,-0.12002203043745721,0.165731642528731,-0.2561338921604796,0.0,False,False,0.5235987755982988,0.0
1.7590000000000001,0.001,0.523268431947078,-0.023969166413083318,0.52332988422849,-0.01432448657579953,0.02202942854751762,0.165731642528731,0.0,False,False,0.5235987755982988,0.0
1.76,0.001,0.5232578443420122,-0.010587605065733545,0.5222314159325908,-0.12273886750814086,0.17189911499251306,0.02202942854751762,0.0,False,False,0.5235987755982988,0.0
1.7610000000000001,0.001,0.5232513100020572,-0.006534339955045686,0.5225727208159455,-0.07633449242185583,0.11007037698858625,0.17189911499251306,0.0,False,False,0.5235987755982988,0.0
1.762,0.001,0.5232552901618669,0.003980159809706586,0.5227054394437073,-0.05542918040349394,0.08259506726684024,0.11007037698858625,0.0,False,False,0.5235987755982988,0.0
1.7630000000000001,0.001,0.5232635793892665,0.008289227399589982,0.5223410377264055,-0.08632643409332331,0.12623100260606768,0.08259506726684024,0.0,False,False,0.5235987755982988,0.0
1.764,0.001,0.5232736116879116,0.010032298645134026,0.5223556668743166,-0.07623087589288494,0.11385300810314253,0.12623100260606768,0.0,False,False,0.5235987755982988,0.0
1.7650000000000001,0.001,0.5232871350898795,0.01352340196777921,0.5231612232166608,0.011947845930828455,-0.006461472247510024,0.11385300810314253,0.0,False,False,0.5235987755982988,0.0
1.766,0.001,0.5233027629051438,0.01562781526436103,0.5222409757816188,-0.08127168216645869,0.12196641529999132,-0.006461472247510024,0.0,False,False,0.5235987755982988,0.0
1.7670000000000001,0.001,0.5233140841100746,0.011321204930882171,0.5240489785179127,0.10765575967957615,-0.1372905641685405,0.12196641529999132,0.0,False,False,0.5235987755982988,0.0
1.768,0.001,0.5233283835907557,0.014299480681117324,0.5225274925432677,-0.05525841375287793,0.08559319149401376,-0.1372905641685405,0.0,False,False,0.5235987755982988,0.0
1.7690000000000001,0.001,0.5233320786266171,0.0036950358613882343,0.5257838900811196,0.2759071814075994,-0.3704206783798932,0.08559319149401376,0.0,False,False,0.5235987755982988,0.0
1.77,0.001,0.523338942473647,0.006863847029855678,0.5229450352305652,-0.035569021788595584,0.05445015276551913,-0.3704206783798932,0.0,False,False,0.5235987755982988,0.0
1.7710000000000001,0.001,0.5233252758849223,-0.013666588724736741,0.523388123133471,0.012296670680845403,-0.01096426045011471,0.05445015276551913,0.0,False,False,0.5235987755982988,0.0
1.772,0.001,0.523317948547884,-0.007327337038257429,0.5221875501176033,-0.10899029797401252,0.156190416221334,-0.01096426045011471,0.0,False,False,0.5235987755982988,0.0
1.7730000000000001,0.001,0.5233122071657095,-0.005741382174624504,0.5248010530917327,0.163259029236332,-0.21755182996540923,0.156190416221334,0.0,False,False,0.5235987755982988,0.0
1.774,0.001,0.523315974879849,0.0037677141395465272,0.5242929235227655,0.09612016941597022,-0.12783886593956392,-0.21755182996540923,0.0,False,False,0.5235987755982988,0.0
1.7750000000000001,0.001,0.5233077328015717,-0.00824207827733887,0.5235668407788603,0.013899878083855566,-0.01610502695073317,-0.12783886593956392,0.0,False,False,0.5235987755982988,0.0
1.776,0.001,0.5232954732940833,-0.0122595074884496,0.5221201663515606,-0.1321575524545032,0.18520402938669253,-0.01610502695073317,0.0,False,False,0.5235987755982988,0.0
1.7770000000000001,0.001,0.5232857348821763,-0.00973841190703223,0.5234695764142359,0.01599920905847757,-0.01687346555703988,0.18520402938669253,0.0,False,False,0.5235987755982988,0.0
1.778,0.001,0.52328800623898,0.0022713568036814395,0.5223093730346258,-0.10162104980837935,0.14515450591617007,-0.01687346555703988,0.0,False,False,0.5235987755982988,0.0
1.7790000000000001,0.001,0.5232887463445199,0.0007401055399285767,0.5245648920535939,0.13409295706927293,-0.17830164467843926,0.14515450591617007,0.0,False,False,0.5235987755982988,0.0
1.78,0.001,0.5232965192845654,0.007772940045466241,0.524002674902597,0.06446194626265433,-0.08462452299255249,-0.17830164467843926,0.0,False,False,0.5235987755982988,0.0
1.7810000000000001,0.001,0.523293124891211,-0.003394393354339874,0.5233764111640384,-0.004610622219467425,0.009535306480047755,-0.08462452299255249,0.0,False,False,0.5235987755982988,0.0
1.782,0.001,0.523286521501173,-0.0066033900379452734,0.5211603826442167,-0.22575241197969284,0.31479396754910927,0.009535306480047755,0.0,False,False,0.5235987755982988,0.0
1.7830000000000001,0.001,0.5232823333284613,-0.0041881727117180495,0.5224241409912452,-0.07680133607887152,0.11330502622161029,0.31479396754910927,0.0,False,False,0.5235987755982988,0.0
1.784,0.001,0.5232951400092015,0.012806680740188234,0.5238953248198845,0.07799718039294669,-0.09893450246007915,0.11330502622161029,0.0,False,False,0.5235987755982988,0.0
1.7850000000000001,0.001,0.5233101699528185,0.015029943616998914,0.5243686106460342,0.11752604496862143,-0.15488828482158332,-0.09893450246007915,0.0,False,False,0.5235987755982988,0.0
1.786,0.001,0.523316376803738,0.006206850919494645,0.5242843100624511,0.0973433821134485,-0.12915167889087986,-0.15488828482158332,0.0,False,False,0.5235987755982988,0.0
1.7870000000000001,0.001,0.5233130099208607,-0.0033668828772876053,0.5219237164896771,-0.1484503133753035,0.20829144000555583,-0.12915167889087986,0.0,False,False,0.5235987755982988,0.0
1.788,0.001,0.5233041995517081,-0.00881036915260638,0.5235673535827516,0.030758427269684724,-0.036344516443772464,0.20829144000555583,0.0,False,False,0.5235987755982988,0.0
1.7890000000000001,0.001,0.5233083234406243,0.004123888916130343,0.5241945276472108,0.09039999098862753,-0.11920352606676786,-0.036344516443772464,0.0,False,False,0.5235987755982988,0.0
1.79,0.001,0.5233093936815424,0.0010702409181483031,0.5218622228954257,-0.1518704832887382,0.21350252859820154,-0.11920352606676786,0.0,False,False,0.5235987755982988,0.0
1.7910000000000001,0.001,0.5233041786990351,-0.005214982507266661,0.5232972807080832,0.006822346305887017,-0.0027599075431839586,0.21350252859820154,0.0,False,False,0.5235987755982988,0.0
1.792,0.001,0.5233111896793756,0.007010980340476697,0.5235501622534776,0.0314282662147362,-0.0368388792509018,-0.0027599075431839586,0.0,False,False,0.5235987755982988,0.0
1.793,0.001,0.5233160134463118,0.004823766936235577,0.5230535468323634,-0.02137610251816067,0.035465440808630636,-0.0368388792509018,0.0,False,False,0.5235987755982988,0.0
1.794,0.001,0.5233175562669489,0.001542820636977066,0.521701240134119,-0.15446916209078224,0.21951863286417528,0.035465440808630636,0.0,False,False,0.5235987755982988,0.0
1.795,0.001,0.5233204042580648,0.002847991115949444,0.5230361790386493,-0.005528355428674858,0.016760764588101183,0.21951863286417528,0.0,False,False,0.5235987755982988,0.0
1.796,0.001,0.5233333681201163,0.012963862051483628,0.523047740249236,-0.003819398827142123,0.014501914875702158,0.016760764588101183,0.0,False,False,0.5235987755982988,0.0
1.797,0.001,0.5233436954510402,0.010327330923900414,0.523214477901505,0.013236306282476532,-0.008966208996683028,0.014501914875702158,0.0,False,False,0.5235987755982988,0.0
1.798,0.001,0.523351857223349,0.008161772308817074,0.5228601356426203,-0.02352155023423546,0.04152137948329494,-0.008966208996683028,0.0,False,False,0.5235987755982988,0.0
1.799,0.001,0.5233572169468746,0.005359723525683981,0.522970615911854,-0.010121368287445988,0.02345251630094171,0.04152137948329494,0.0,False,False,0.5235987755982988,0.0
1.8,0.001,0.5233630608006258,0.0058438537511360375,0.5233284105325917,0.02667023061506919,-0.027137705555355204,0.02345251630094171,0.0,False,False,0.5235987755982988,0.0
1.801,0.001,0.5233683489945096,0.005288193883808058,0.5237544634768762,0.06660850198200612,-0.08273258419279941,-0.027137705555355204,0.0,False,False,0.5235987755982988,0.0
1.802,0.001,0.5233707086578083,0.0023596632987140293,0.5231050461906565,-0.004994076838164489,0.014880021543359913,-0.08273258419279941,0.0,False,False,0.5235987755982988,0.0
1.803,0.001,0.5233682176207258,-0.0024910370825452573,0.5230107314918614,-0.013926139033854198,0.027296160756498673,0.014880021543359913,0.0,False,False,0.5235987755982988,0.0
1.804,0.001,0.5233672240194367,-0.000993601289137363,0.5234478181216894,0.031175137852331065,-0.034692930843827616,0.027296160756498673,0.0,False,False,0.5235987755982988,0.0
1.805,0.001,0.5233678970359875,0.0006730165508380456,0.5216915816579442,-0.1475660223074251,0.21140871769529393,-0.034692930843827616,0.0,False,False,0.5235987755982988,0.0
1.806,0.001,0.5233666308851411,-0.0012661508463854688,0.5237829225660298,0.07632467073187774,-0.09490425029741033,0.21140871769529393,0.0,False,False,0.5235987755982988,0.0
1.807,0.001,0.5233763195733954,0.009688688254257942,0.5233758281784552,0.02798276490123195,-0.02956626432429294,-0.09490425029741033,0.0,False,False,0.5235987755982988,0.0
1.808,0.001,0.5233785255667022,0.002205993306801708,0.523413164703245,0.02891814089008537,-0.03136077295713283,-0.02956626432429294,0.0,False,False,0.5235987755982988,0.0
1.809,0.001,0.523378585295646,5.972894380859486e-05,0.5242169841408655,0.10640827056313025,-0.1388176784419563,-0.03136077295713283,0.0,False,False,0.5235987755982988,0.0
1.81,0.001,0.5233770588283962,-0.0015264672496946004,0.5216729057942252,-0.15864039115721046,0.22503412586197752,-0.1388176784419563,0.0,False,False,0.5235987755982988,0.0
1.811,0.001,0.5233690546361293,-0.008004192267016442,0.5216465596403083,-0.14541096743318394,0.20963304816365072,0.22503412586197752,0.0,False,False,0.5235987755982988,0.0
1.812,0.001,0.5233746149367321,0.005560300602846437,0.5236135538670079,0.06582955198010026,-0.07926147121288418,0.20963304816365072,0.0,False,False,0.5235987755982988,0.0
1.813,0.001,0.5233890082468265,0.014393310094496516,0.5233827976191076,0.036170971992053685,-0.039517562765021705,-0.07926147121288418,0.0,False,False,0.5235987755982988,0.0
1.814,0.001,0.5233956806977236,0.0066724508969739065,0.5235441880962075,0.048692922502843725,-0.057448931965768925,-0.039517562765021705,0.0,False,False,0.5235987755982988,0.0
1.815,0.001,0.5233984199485047,0.0027392507810881823,0.5229951379972861,-0.011081379639577282,0.024163132385720876,-0.057448931965768925,0.0,False,False,0.5235987755982988,0.0
1.816,0.001,0.5233974591206725,-0.0009608278322017485,0.5239772170713329,0.08823466572905975,-0.11269354538948584,0.024163132385720876,0.0,False,False,0.5235987755982988,0.0
1.817,0.001,0.5233979983195683,0.0005391988959149636,0.5242118792466777,0.1028774166906273,-0.13448876569957213,-0.11269354538948584,0.0,False,False,0.5235987755982988,0.0
1.818,0.001,0.5233927389639101,-0.005259355658250031,0.5238150931914506,0.05291106949885629,-0.06738700007535943,-0.13448876569957213,0.0,False,False,0.5235987755982988,0.0
1.819,0.001,0.5233823186231821,-0.01042034072806956,0.5231547028540791,-0.018419071188182354,0.030096194821774485,-0.06738700007535943,0.0,False,False,0.5235987755982988,0.0
1.82,0.001,0.5233714415213061,-0.01087710187593896,0.5215321355501454,-0.17883389446272607,0.2518001942220321,0.030096194821774485,0.0,False,False,0.5235987755982988,0.0
1.821,0.001,0.5233650881410565,-0.006353380249586869,0.5240363733688468,0.0894732768536814,-0.11524469209428113,0.2518001942220321,0.0,False,False,0.5235987755982988,0.0
1.822,0.001,0.5233731945703091,0.008106429252548435,0.5244393539598838,0.12082400827201822,-0.16011922043495222,-0.11524469209428113,0.0,False,False,0.5235987755982988,0.0
1.823,0.001,0.5233731993813496,4.811040597744315e-06,0.523935682706877,0.05837448214412877,-0.07611370652736112,-0.16011922043495222,0.0,False,False,0.5235987755982988,0.0
1.824,0.001,0.5233651967688122,-0.008002612537463741,0.5225975639389223,-0.08127484286574843,0.11555162130767511,-0.07611370652736112,0.0,False,False,0.5235987755982988,0.0
1.825,0.001,0.5233557008457553,-0.009495923056921268,0.5239436973783044,0.061465985359032166,-0.07996777447093864,0.11555162130767511,0.0,False,False,0.5235987755982988,0.0
1.826,0.001,0.5233546728856162,-0.0010279601391489784,0.5241056267213738,0.07151232113007563,-0.09493810557144121,-0.07996777447093864,0.0,False,False,0.5235987755982988,0.0
1.827,0.001,0.5233499587653606,-0.004714120255637115,0.5247102825632445,0.12482667320413189,-0.1697991332139802,-0.09493810557144121,0.0,False,False,0.5235987755982988,0.0
1.828,0.001,0.5233419052112204,-0.008053554140293476,0.5225773550718615,-0.10094874325457534,0.13952406138136142,-0.1697991332139802,0.0,False,False,0.5235987755982988,0.0
1.829,0.001,0.5233276873413047,-0.014217869915582847,0.5231300684359782,-0.03558253251745146,0.0511357679427128,0.13952406138136142,0.0,False,False,0.5235987755982988,0.0
1.83,0.001,0.5233241699668274,-0.0035173744773353086,0.5239762878518567,0.05259766232214164,-0.06991241535061155,0.0511357679427128,0.0,False,False,0.5235987755982988,0.0
1.831,0.001,0.5233242679163487,9.794952127009952e-05,0.5233743676548688,-0.012854123608862907,0.019464291312376175,-0.06991241535061155,0.0,False,False,0.5235987755982988,0.0
1.832,0.001,0.5233208404686829,-0.0034274476657942528,0.5223457881947225,-0.11442665726259943,0.15986576197949212,0.019464291312376175,0.0,False,False,0.5235987755982988,0.0
1.833,0.001,0.5233194182306345,-0.001422238048323731,0.5236812391959397,0.03056110858537299,-0.038157675059983034,0.15986576197949212,0.0,False,False,0.5235987755982988,0.0
1.834,0.001,0.5233264209232917,0.007002692657225832,0.5238313984615439,0.04252092428726008,-0.055212320683123935,-0.038157675059983034,0.0,False,False,0.5235987755982988,0.0
1.835,0.001,0.5233294687517956,0.0030478285039018194,0.523406230859824,-0.004247928313461491,0.008563319268701151,-0.055212320683123935,0.0,False,False,0.5235987755982988,0.0
1.836,0.001,0.5233288364372797,-0.0006323145159181386,0.5235204604356318,0.007599822098671364,-0.007710113590399879,0.008563319268701151,0.0,False,False,0.5235987755982988,0.0
1.837,0.001,0.5233288244491621,-1.1988117641956392e-05,0.5231030609602242,-0.034900107651960034,0.05080299266769536,-0.007710113590399879,0.0,False,False,0.5235987755982988,0.0
1.838,0.001,0.5233284305997522,-0.0003938494098295136,0.5246184723343084,0.12013104052165341,-0.1625117898741559,0.05080299266769536,0.0,False,False,0.5235987755982988,0.0
1.839,0.001,0.5233306966149255,0.002266015173292258,0.5225446944072872,-0.09925985623262441,0.13808528891735772,-0.1625117898741559,0.0,False,False,0.5235987755982988,0.0
1.84,0.001,0.5233241510660306,-0.006545548894859956,0.522811617012253,-0.0626416101127873,0.08933878668416974,0.13808528891735772,0.0,False,False,0.5235987755982988,0.0
1.841,0.001,0.5233264323977127,0.002281331682092081,0.5233360190667666,-0.0039372436501435085,0.00945430994775149,0.08933878668416974,0.0,False,False,0.5235987755982988,0.0
1.842,0.001,0.5233324900968133,0.006057699100518377,0.5240995221846656,0.07280679250476754,-0.09638158956032318,0.00945430994775149,0.0,False,False,0.5235987755982988,0.0
1.843,0.001,0.5233372325775119,0.00474248069858726,0.5220305279800531,-0.14137330720695757,0.19787642577677167,-0.09638158956032318,0.0,False,False,0.5235987755982988,0.0
1.844,0.001,0.5233357403441282,-0.0014922333836310366,0.5221922907210489,-0.11105970238668436,0.1585883706545199,0.19787642577677167,0.0,False,False,0.5235987755982988,0.0
1.845,0.001,0.5233445947421161,0.008854397987890252,0.5215663411560301,-0.1625486886498983,0.23164224634071542,0.1585883706545199,0.0,False,False,0.5235987755982988,0.0
1.846,0.001,0.5233588477625073,0.014253020391189345,0.5233873797290248,0.03581003751456749,-0.039166919370549176,0.23164224634071542,0.0,False,False,0.5235987755982988,0.0
1.847,0.001,0.5233809518639723,0.022104101464974803,0.5224050459362493,-0.06600434551444617,0.10069234853422745,-0.039166919370549176,0.0,False,False,0.5235987755982988,0.0
1.848,0.001,0.5233961950375654,0.015243173593184514,0.5230606117596295,0.006152671375020624,0.00230374344602331,0.10069234853422745,0.0,False,False,0.5235987755982988,0.0
1.849,0.001,0.5234125577756414,0.016362738076079283,0.5239897191263659,0.09844814091116445,-0.12517475259860555,0.00230374344602331,0.0,False,False,0.5235987755982988,0.0
1.85,0.001,0.5234249259226268,0.012368146985358217,0.5228650742841336,-0.02386115740318115,0.041840012538790425,-0.12517475259860555,0.0,False,False,0.5235987755982988,0.0
1.851,0.001,0.5234276857504364,0.00275982780966969,0.5236295173903136,0.054969268955132676,-0.06651647500242538,0.041840012538790425,0.0,False,False,0.5235987755982988,0.0
1.852,0.001,0.5234317038066586,0.00401805622219554,0.5231704822033437,0.003568823362631361,0.0034266930740340347,-0.06651647500242538,0.0,False,False,0.5235987755982988,0.0
1.853,0.001,0.5234311905100716,-0.0005132965869646755,0.5240177208974826,0.0879358104402512,-0.11306398791360871,0.0034266930740340347,0.0,False,False,0.5235987755982988,0.0
1.854,0.001,0.5234310045564997,-0.00018595357191752407,0.5238456320136927,0.06193334101724271,-0.07876342469778151,-0.11306398791360871,0.0,False,False,0.5235987755982988,0.0
1.855,0.001,0.5234252219318105,-0.005782624689189078,0.5228213958716235,-0.04668360729140723,0.07001316382984504,-0.07876342469778151,0.0,False,False,0.5235987755982988,0.0
1.856,0.001,0.5234172122764156,-0.00800965539488388,0.5232700358571106,0.002848751986449967,0.0024988129576474366,0.07001316382984504,0.0,False,False,0.5235987755982988,0.0
1.857,0.001,0.5234150174896117,-0.0021947868039010315,0.5243258554314205,0.10814583421879402,-0.14286243805874346,0.0024988129576474366,0.0,False,False,0.5235987755982988,0.0
1.858,0.001,0.5234136122281936,-0.001405261418149919,0.5237568983075498,0.040435538409841834,-0.051368854858327734,-0.14286243805874346,0.0,False,False,0.5235987755982988,0.0
1.859,0.001,0.5234054903519475,-0.008121876246073504,0.5221864109802878,-0.12065674815733723,0.17021066091300222,-0.051368854858327734,0.0,False,False,0.5235987755982988,0.0
1.86,0.001,0.5233971434261975,-0.008346925750075286,0.5239692781163466,0.06969564026427612,-0.09030381364199212,0.17021066091300222,0.0,False,False,0.5235987755982988,0.0
1.861,0.001,0.523399708576015,0.0025651498175635803,0.5224532072528342,-0.08888101011339788,0.12727744235444102,-0.09030381364199212,0.0,False,False,0.5235987755982988,0.0
1.862,0.001,0.5233969829216916,-0.002725654323475532,0.5246296331116052,0.13764967677503992,-0.18373504736956198,0.12727744235444102,0.0,False,False,0.5235987755982988,0.0
1.863,0.001,0.5234014447133767,0.004461791685168368,0.5242951395444306,0.09043535238008385,-0.12105697388647332,-0.18373504736956198,0.0,False,False,0.5235987755982988,0.0
1.864,0.001,0.5233953851405593,-0.00605957281740757,0.5236483579409836,0.016713656797375506,-0.02094887032517732,-0.12105697388647332,0.0,False,False,0.5235987755982988,0.0
1.865,0.001,0.523385061173972,-0.010323966587245879,0.5235222727144837,0.0024337684676451667,-0.001543470252502211,-0.02094887032517732,0.0,False,False,0.5235987755982988,0.0
1.866,0.001,0.5233765796230254,-0.008481550946539252,0.5231941645674979,-0.030620423077699948,0.04402750624765643,-0.001543470252502211,0.0,False,False,0.5235987755982988,0.0
1.867,0.001,0.5233704569846299,-0.006122638395459519,0.5239625808349085,0.04928324597113435,-0.0656883894243363,0.04402750624765643,0.0,False,False,0.5235987755982988,0.0
1.868,0.001,0.5233683416965969,-0.002115288033057919,0.5230447767040153,-0.04742549171530534,0.06688257015547006,-0.0656883894243363,0.0,False,False,0.5235987755982988,0.0
1.869,0.001,0.5233635826810101,-0.004759015586765841,0.5235691561740683,0.009755004461526752,-0.011172855717682737,0.06688257015547006,0.0,False,False,0.5235987755982988,0.0
1.87,0.001,0.523363588185453,5.504442858783425e-06,0.5241244944633058,0.06431333293912242,-0.08663893909707224,-0.011172855717682737,0.0,False,False,0.5235987755982988,0.0
1.871,0.001,0.5233630333737594,-0.0005548116936127289,0.522872764676571,-0.06729097902827211,0.09381737142502801,-0.08663893909707224,0.0,False,False,0.5235987755982988,0.0
1.872,0.001,0.523358315235184,-0.004718138575451166,0.5228205856281978,-0.06577978596276288,0.09294316261713416,0.09381737142502801,0.0,False,False,0.5235987755982988,0.0
1.873,0.001,0.5233596965935204,0.0013813583364518005,0.5223174160879801,-0.10951876138825398,0.1544869848516416,0.09294316261713416,0.0,False,False,0.5235987755982988,0.0
1.874,0.001,0.5233653058347585,0.005609241238077447,0.5224363781238761,-0.08667068165982772,0.12492797253140195,0.1544869848516416,0.0,False,False,0.5235987755982988,0.0
1.875,0.001,0.5233769769922215,0.011671157463017424,0.5217814010815874,-0.1435013177227123,0.20491432256805955,0.12492797253140195,0.0,False,False,0.5235987755982988,0.0
1.8760000000000001,0.001,0.523391696384349,0.014719392127486451,0.5240285921515572,0.09556792104653228,-0.12241820321448912,0.20491432256805955,0.0,False,False,0.5235987755982988,0.0
1.877,0.001,0.5234128423915417,0.021146007192664545,0.5249914181238692,0.18229372617307993,-0.24382003686796247,-0.12241820321448912,0.0,False,False,0.5235987755982988,0.0
1.8780000000000001,0.001,0.52342307513399,0.010232742448310121,0.5246669092833665,0.13161346950549954,-0.17716256973781697,-0.24382003686796247,0.0,False,False,0.5235987755982988,0.0
1.879,0.001,0.5234182486249236,-0.004826509066389829,0.5219992222128166,-0.1483165845000377,0.20677186233872544,-0.17716256973781697,0.0,False,False,0.5235987755982988,0.0
1.8800000000000001,0.001,0.5234060037772315,-0.012244847692129735,0.5240385588080874,0.07044873347704397,-0.0924545779486466,0.20677186233872544,0.0,False,False,0.5235987755982988,0.0
1.881,0.001,0.5234074207239156,0.0014169466841071014,0.5246484426298997,0.12439224231057693,-0.16816469734150888,-0.0924545779486466,0.0,False,False,0.5235987755982988,0.0
1.8820000000000001,0.001,0.5234037848996996,-0.0036358242159387523,0.5230051429887066,-0.05237694603979484,0.07353772222041378,-0.16816469734150888,0.0,False,False,0.5235987755982988,0.0
1.883,0.001,0.5233928342722316,-0.010950627467989645,0.5234813638563582,0.00048283532934906975,0.0015340089597114886,0.07353772222041378,0.0,False,False,0.5235987755982988,0.0
1.8840000000000001,0.001,0.5233885963398304,-0.004237932401273654,0.5216363791016077,-0.18406392367864474,0.25619984535481466,0.0015340089597114886,0.0,False,False,0.5235987755982988,0.0
1.885,0.001,0.5233857047465866,-0.002891593243737892,0.5236184759648539,0.032552155013843787,-0.0394171926146039,0.25619984535481466,0.0,False,False,0.5235987755982988,0.0
1.8860000000000001,0.001,0.5233964961956937,0.010791449107063944,0.522468365242181,-0.08571413275483092,0.123204345715918,-0.0394171926146039,0.0,False,False,0.5235987755982988,0.0
1.887,0.001,0.5234023176337954,0.005821438101629589,0.5235765320520371,0.03367396150626696,-0.04000836997481012,0.123204345715918,0.0,False,False,0.5235987755982988,0.0
1.8880000000000001,0.001,0.5234125772768581,0.010259643062623454,0.5220501707126605,-0.12232956858202666,0.17467037023992227,-0.04000836997481012,0.0,False,False,0.5235987755982988,0.0
1.889,0.001,0.5234179618699133,0.005384593055219002,0.5238916950393465,0.07405582094478101,-0.09413953507259583,0.17467037023992227,0.0,False,False,0.5235987755982988,0.0
1.8900000000000001,0.001,0.5234304809958259,0.01251912591254771,0.5243245369665565,0.10993443157129662,-0.14498502251419343,-0.09413953507259583,0.0,False,False,0.5235987755982988,0.0
1.891,0.001,0.5234349114993099,0.004430503483939105,0.5227514581381977,-0.05836689442171061,0.08529198758787322,-0.14498502251419343,0.0,False,False,0.5235987755982988,0.0
1.8920000000000001,0.001,0.5234307672021278,-0.004144297182130266,0.5224386150828335,-0.08381451051595602,0.12146030189752267,0.08529198758787322,0.0,False,False,0.5235987755982988,0.0
1.893,0.001,0.5234321298762941,0.001362674166331155,0.5215506448342259,-0.16423008432512542,0.23394245494346366,0.12146030189752267,0.0,False,False,0.5235987755982988,0.0
1.8940000000000001,0.001,0.5234391519440171,0.007022067723120701,0.5232066622769428,0.01779466837907992,-0.01429556227048746,0.23394245494346366,0.0,False,False,0.5235987755982988,0.0
1.895,0.001,0.5234558189238933,0.01666697987611808,0.5229482824707512,-0.009822779077986937,0.02349621118944136,-0.01429556227048746,0.0,False,False,0.5235987755982988,0.0
1.8960000000000001,0.001,0.5234676108367705,0.01179191287729015,0.5221140910613794,-0.09225964210736806,0.13743589219339108,0.02349621118944136,0.0,False,False,0.5235987755982988,0.0
1.897,0.001,0.5234773527641878,0.009741927417369688,0.5238726862077346,0.09282583673889223,-0.1163213950565155,0.13743589219339108,0.0,False,False,0.5235987755982988,0.0
1.8980000000000001,0.001,0.5234912160655746,0.013863301386780002,0.5230985428305749,0.00612891534902775,0.0016494914001974285,-0.1163213950565155,0.0,False,False,0.5235987755982988,0.0
1.899,0.001,0.5234956077753108,0.004391709736232836,0.522556851057288,-0.048653153514563986,0.07713842595567152,0.0016494914001974285,0.0,False,False,0.5235987755982988,0.0
1.9000000000000001,0.001,0.5234987676551065,0.0031598797956570047,0.5230148119341499,0.002008249523081998,0.00810144652698222,0.07713842595567152,0.0,False,False,0.5235987755982988,0.0
1.901,0.001,0.523504831662496,0.006064007389473835,0.52443972123729,0.1442983548847836,-0.18829504736358146,0.00810144652698222,0.0,False,False,0.5235987755982988,0.0
1.9020000000000001,0.001,0.5235095110542769,0.004679391780927436,0.524035672796799,0.08946367534720298,-0.11522055998964632,-0.18829504736358146,0.0,False,False,0.5235987755982988,0.0
1.903,0.001,0.5235033782256628,-0.006132828614112024,0.5233899090813354,0.015940936266128386,-0.015369526214013027,-0.11522055998964632,0.0,False,False,0.5235987755982988,0.0
1.9040000000000001,0.001,0.5234932931719991,-0.010085053663692287,0.5240335642213907,0.07871235664504213,-0.1022810231897043,-0.015369526214013027,0.0,False,False,0.5235987755982988,0.0
1.905,0.001,0.5234852727127814,-0.00802045921761076,0.5224721859145456,-0.08529670970397275,0.12263466595232547,-0.1022810231897043,0.0,False,False,0.5235987755982988,0.0
1.9060000000000001,0.001,0.5234744552276825,-0.0108174850988929,0.523502703469527,0.026284716764564772,-0.029812361799584804,0.12263466595232547,0.0,False,False,0.5235987755982988,0.0
1.907,0.001,0.5234727746425812,-0.0016805851012862884,0.5236013376290163,0.03351966103703799,-0.040269709797360005,-0.029812361799584804,0.0,False,False,0.5235987755982988,0.0
1.9080000000000001,0.001,0.5234701131539558,-0.0026614886254738975,0.5230601034529869,-0.023955722669601724,0.038442965819136116,-0.040269709797360005,0.0,False,False,0.5235987755982988,0.0
1.909,0.001,0.5234662425923527,-0.0038705616030090062,0.5238462516782384,0.0570546721225055,-0.07292017598591902,0.038442965819136116,0.0,False,False,0.5235987755982988,0.0
1.9100000000000001,0.001,0.52346545654724,-0.0007860451127234993,0.522784399878427,-0.054835975070889206,0.08046193304276057,-0.07292017598591902,0.0,False,False,0.5235987755982988,0.0
1.911,0.001,0.5234612633296993,-0.004193217540596373,0.5239061658269764,0.06282421729113993,-0.08092208486556364,0.08046193304276057,0.0,False,False,0.5235987755982988,0.0
1.9120000000000001,0.001,0.5234623498329632,0.0010865032638929673,0.5239439374614249,0.06031895900687729,-0.0785956643445217,-0.08092208486556364,0.0,False,False,0.5235987755982988,0.0
1.913,0.001,0.5234590602552649,-0.0032895776983016987,0.5209133580190024,-0.24877088113605691,0.3468625737906037,-0.0785956643445217,0.0,False,False,0.5235987755982988,0.0
1.9140000000000001,0.001,0.5234528321218354,-0.006228133429548737,0.5244915698034113,0.13392738541843563,-0.17678315819414697,0.3468625737906037,0.0,False,False,0.5235987755982988,0.0
1.915,0.001,0.5234657823271744,0.012950205339145888,0.5208062211943542,-0.2480002140291194,0.34786623610594714,-0.17678315819414697,0.0,False,False,0.5235987755982988,0.0
1.9160000000000001,0.001,0.5234664216247308,0.0006392975563677614,0.522928817432248,-0.010940568836828285,0.025187929593109525,0.34786623610594714,0.0,False,False,0.5235987755982988,0.0
1.917,0.001,0.523484259952929,0.01783832819828987,0.5243790449117615,0.13517623599820558,-0.1762563308401743,0.025187929593109525,0.0,False,False,0.5235987755982988,0.0
1.9180000000000001,0.001,0.5234990122903352,0.014752337406222865,0.5232221273889089,0.005966860113133188,-0.00038056436674209753,-0.1762563308401743,0.0,False,False,0.5235987755982988,0.0
1.919,0.001,0.5235011265828209,0.0021142924856865156,0.5222216379407868,-0.09467877071039449,0.13840300268768968,-0.00038056436674209753,0.0,False,False,0.5235987755982988,0.0
1.92,0.001,0.5235025814545026,0.00145487168165737,0.5225481158106003,-0.05256310665800042,0.081987604168173,0.13840300268768968,0.0,False,False,0.5235987755982988,0.0
1.921,0.001,0.5235105149635655,0.007933509062888491,0.5244066592826128,0.13854755120904153,-0.18079896776850088,0.081987604168173,0.0,False,False,0.5235987755982988,0.0
1.922,0.001,0.5235202535142178,0.00973855065231913,0.5218434244817147,-0.13163068400166655,0.1895531409005135,-0.18079896776850088,0.0,False,False,0.5235987755982988,0.0
1.923,0.001,0.523518202515557,-0.002050998660775547,0.5245034331124322,0.14753324747024701,-0.19332373221869723,0.1895531409005135,0.0,False,False,0.5235987755982988,0.0
1.924,0.001,0.5235262505296386,0.008048014081563883,0.5234781648769863,0.030253099178631476,-0.03413272603073222,-0.19332373221869723,0.0,False,False,0.5235987755982988,0.0
1.925,0.001,0.5235223081577217,-0.003942371916961519,0.5224817469326404,-0.0724140051738223,0.10700332219043862,-0.03413272603073222,0.0,False,False,0.5235987755982988,0.0
1.926,0.001,0.5235178425465843,-0.004465611137476576,0.5230089786501,-0.012449432910479216,0.02555566456015397,0.10700332219043862,0.0,False,False,0.5235987755982988,0.0
1.927,0.001,0.5235200628195713,0.0022202729869759035,0.5226323671203886,-0.04886564259056699,0.07603412371106373,0.02555566456015397,0.0,False,False,0.5235987755982988,0.0
1.928,0.001,0.5235228886356477,0.002825816076304795,0.5242788127265842,0.12066548228804314,-0.15703924705478803,0.07603412371106373,0.0,False,False,0.5235987755982988,0.0
1.929,0.001,0.5235286627063395,0.005774070691809512,0.5241678265470161,0.09750031610243261,-0.12724329639983029,-0.15703924705478803,0.0,False,False,0.5235987755982988,0.0
1.93,0.001,0.5235248760717357,-0.003786634603777518,0.5220246249638129,-0.12656987382813528,0.18021856001450962,-0.12724329639983029,0.0,False,False,0.5235987755982988,0.0
1.931,0.001,0.5235158650273155,-0.00901104442022753,0.5231636644621525,-8.936611361767821e-06,0.007842724384268602,0.18021856001450962,0.0,False,False,0.5235987755982988,0.0
1.932,0.001,0.5235184350720287,0.0025700447131127638,0.5227651634788328,-0.03985814128218721,0.06283478768901223,0.007842724384268602,0.0,False,False,0.5235987755982988,0.0
1.933,0.001,0.5235206201753928,0.002185103364086614,0.524649420568242,0.15255338178695171,-0.2019756676033201,0.06283478768901223,0.0,False,False,0.5235987755982988,0.0
1.934,0.001,0.5235252853426153,0.004665167222527968,0.5223471016006365,-0.09293385315230107,0.1340507557406836,-0.2019756676033201,0.0,False,False,0.5235987755982988,0.0
1.935,0.001,0.5235184583580215,-0.00682698459383326,0.5249184123496752,0.1734906070668003,-0.2319421900049349,0.1340507557406836,0.0,False,False,0.5235987755982988,0.0
1.936,0.001,0.5235203333075438,0.0018749495222735706,0.5234912781661355,0.013428128006152312,-0.014178799828443066,-0.2319421900049349,0.0,False,False,0.5235987755982988,0.0
1.937,0.001,0.523510042804955,-0.010290502588875743,0.5224960637507781,-0.0874361263302066,0.1247721648516215,-0.014178799828443066,0.0,False,False,0.5235987755982988,0.0
1.938,0.001,0.5235019253051124,-0.008117499842545253,0.5229108920826264,-0.037209680512349914,0.057033519896922985,0.1247721648516215,0.0,False,False,0.5235987755982988,0.0
1.939,0.001,0.5235023886709909,0.0004633658784128133,0.5228028442651194,-0.044293494211821126,0.06747895705141556,0.057033519896922985,0.0,False,False,0.5235987755982988,0.0
1.94,0.001,0.5235055628745038,0.0031742035129653833,0.5223932484834198,-0.08082372296059134,0.11868795562053124,0.06747895705141556,0.0,False,False,0.5235987755982988,0.0
1.941,0.001,0.5235111539837313,0.005591109227465252,0.5235939060298124,0.047324403974721374,-0.05670163253690967,0.11868795562053124,0.0,False,False,0.5235987755982988,0.0
1.942,0.001,0.5235210221647026,0.009868180971410168,0.5224494636999021,-0.07185226941377965,0.10691033746767675,-0.05670163253690967,0.0,False,False,0.5235987755982988,0.0
1.943,0.001,0.523525274283575,0.004252118872333935,0.5216225458214896,-0.14735883031365088,0.21240273235894708,0.10691033746767675,0.0,False,False,0.5235987755982988,0.0
1.944,0.001,0.523533598154042,0.008323870467031473,0.5232022679286094,0.02534926342969049,-0.02328197806121829,0.21240273235894708,0.0,False,False,0.5235987755982988,0.0
1.945,0.001,0.5235501465525859,0.01654839854393548,0.5219768577242122,-0.09972668335299335,0.14886654175715097,-0.02328197806121829,0.0,False,False,0.5235987755982988,0.0
1.946,0.001,0.5235613901294546,0.011243576868607812,0.5229050059468328,0.00306080724436103,0.008814885033155816,0.14886654175715097,0.0,False,False,0.5235987755982988,0.0
1.947,0.001,0.5235769745055713,0.015584376116669922,0.5227836325732953,-0.009382610833820961,0.025931707450648468,0.008814885033155816,0.0,False,False,0.5235987755982988,0.0
1.948,0.001,0.5235890237398819,0.01204923431064225,0.5228287442922248,-0.003933177857487507,0.018580376938317076,0.025931707450648468,0.0,False,False,0.5235987755982988,0.0
1.949,0.001,0.5235990885689117,0.01006482902975515,0.525345258285595,0.24811153926527738,-0.3291705354896637,0.018580376938317076,0.0,False,False,0.5235987755982988,0.0
1.95,0.001,0.5236072541820662,0.008165613154521792,0.5236564825612322,0.05442281290247289,-0.06634610081576849,-0.3291705354896637,0.0,False,False,0.5235987755982988,0.0
1.951,0.001,0.5235966065350055,-0.01064764706072169,0.523810733134801,0.06440558896910265,-0.08110194241996206,-0.06634610081576849,0.0,False,False,0.5235987755982988,0.0
1.952,0.001,0.5235856073738933,-0.010999161112262333,0.5220354074189937,-0.11956754150853724,0.17162167703773712,-0.08110194241996206,0.0,False,False,0.5235987755982988,0.0
1.953,0.001,0.5235736000449489,-0.012007328944383047,0.5230029095515177,-0.010860574105277923,0.023758277768392937,0.17162167703773712,0.0,False,False,0.5235987755982988,0.0
1.954,0.001,0.5235734456908004,-0.0001543541484868259,0.5237613326798346,0.06606779613693638,-0.0822073828319678,0.023758277768392937,0.0,False,False,0.5235987755982988,0.0
1.955,0.001,0.5235745261732822,0.0010804824817149837,0.5226804560326717,-0.04862664819305151,0.07488173001295063,-0.0822073828319678,0.0,False,False,0.5235987755982988,0.0
1.956,0.001,0.5235711681349303,-0.0033580383517800355,0.5243636024566508,0.124550659024169,-0.16322767427933874,0.07488173001295063,0.0,False,False,0.5235987755982988,0.0
1.957,0.001,0.5235725656656198,0.0013975306895441762,0.5225230148992964,-0.07196316261368682,0.10571948771846724,-0.16322767427933874,0.0,False,False,0.5235987755982988,0.0
1.958,0.001,0.5235653776443122,-0.007188021307647324,0.5233154760474592,0.01447926846396004,-0.012275730241639055,0.10571948771846724,0.0,False,False,0.5235987755982988,0.0
1.959,0.001,0.5235655724676787,0.00019482336642652302,0.5230541459324644,-0.01310166988192106,0.025525337843325585,-0.012275730241639055,0.0,False,False,0.5235987755982988,0.0
1.96,0.001,0.5235650942800782,-0.00047818760043331617,0.5237084911068414,0.05364301454397238,-0.06634649660653277,0.025525337843325585,0.0,False,False,0.5235987755982988,0.0
1.961,0.001,0.5235660377010708,0.0009434209925155951,0.5230071046720601,-0.021859930388548554,0.0368819931385546,-0.06634649660653277,0.0,False,False,0.5235987755982988,0.0
1.962,0.001,0.523563377206986,-0.002660494084854229,0.5233269779212331,0.012313387567599351,-0.009883706893935633,0.0368819931385546,0.0,False,False,0.5235987755982988,0.0
1.963,0.001,0.52356336492795,-1.2279035990363056e-05,0.5233573025497219,0.014114511659723671,-0.012590899117283984,-0.009883706893935633,0.0,False,False,0.5235987755982988,0.0
1.964,0.001,0.5235628621963958,-0.0005027315542089164,0.522921987978755,-0.030828396602939172,0.049176253075315715,-0.012590899117283984,0.0,False,False,0.5235987755982988,0.0
1.965,0.001,0.5235618827185212,-0.0009794778745369406,0.5239852069778468,0.07857634296653333,-0.10124737639170343,0.049176253075315715,0.0,False,False,0.5235987755982988,0.0
1.966,0.001,0.5235636595798774,0.001776861356134975,0.523771692681847,0.049367279069899406,-0.06235324238774622,-0.10124737639170343,0.0,False,False,0.5235987755982988,0.0
1.967,0.001,0.5235598353046406,-0.003824275236830702,0.5234825050492481,0.015511787903020852,-0.016521275600712003,-0.06235324238774622,0.0,False,False,0.5235987755982988,0.0
1.968,0.001,0.5235540421658867,-0.005793138753854516,0.5231783964053088,-0.016450255281207266,0.027307131811268422,-0.016521275600712003,0.0,False,False,0.5235987755982988,0.0
1.969,0.001,0.5235491370500734,-0.004905115813348835,0.5242442528485575,0.09178041457177705,-0.1217550879907882,0.027307131811268422,0.0,False,False,0.5235987755982988,0.0
1.97,0.001,0.523547059634599,-0.0020774154744328645,0.5233412554324236,-0.007697368498787244,0.013872205184298535,-0.1217550879907882,0.0,False,False,0.5235987755982988,0.0
1.971,0.001,0.523539523767308,-0.007535867291047525,0.523271879893333,-0.01386518555796733,0.022522345358945227,0.013872205184298535,0.0,False,False,0.5235987755982988,0.0
1.972,0.001,0.5235348711704658,-0.004652596842093482,0.5236262304562438,0.02295638928890708,-0.02804185458969805,0.022522345358945227,0.0,False,False,0.5235987755982988,0.0
1.973,0.001,0.5235327344353828,-0.0021367350829702165,0.5250132856185493,0.15936626659056918,-0.21670070027319208,-0.02804185458969805,0.0,False,False,0.5235987755982988,0.0
1.974,0.001,0.5235298427472304,-0.002891688152447041,0.5223601612982546,-0.12188279209796185,0.1685544079183505,-0.21670070027319208,0.0,False,False,0.5235987755982988,0.0
1.975,0.001,0.5235169891024125,-0.012853644817791093,0.524188815980062,0.07317095529257164,-0.0984258732228224,0.1685544079183505,0.0,False,False,0.5235987755982988,0.0
1.976,0.001,0.5235160149311244,-0.000974171288112018,0.521863911427754,-0.16663659546747928,0.23119146963078158,-0.0984258732228224,0.0,False,False,0.5235987755982988,0.0
1.977,0.001,0.5235104153833414,-0.005599547783038248,0.5237000219827063,0.03363811957449389,-0.04218817840872676,0.23119146963078158,0.0,False,False,0.5235987755982988,0.0
1.978,0.001,0.5235180351121526,0.007619728811102104,0.5248925541788223,0.1495275272286481,-0.20272104712380046,-0.04218817840872676,0.0,False,False,0.5235987755982988,0.0
1.979,0.001,0.5235213335701564,0.0032984580038968358,0.5239477773052973,0.04009708715328225,-0.054398535309911254,-0.20272104712380046,0.0,False,False,0.5235987755982988,0.0
1.98,0.001,0.5235135021196854,-0.007831450471049144,0.5236624005900351,0.007549706911735371,-0.010204898145335638,-0.054398535309911254,0.0,False,False,0.5235987755982988,0.0
1.981,0.001,0.5235052183588199,-0.008283760865439818,0.5230161339327366,-0.05783192950928814,0.07988586539126556,-0.010204898145335638,0.0,False,False,0.5235987755982988,0.0
1.982,0.001,0.5234988096255196,-0.0064087333002533645,0.5235259034191222,-0.0010717879198001642,0.0025978447289393496,0.07988586539126556,0.0,False,False,0.5235987755982988,0.0
1.983,0.001,0.5234982802306385,-0.0005293948811472549,0.5232783139281068,-0.025723558229364445,0.03663657993869446,0.0025978447289393496,0.0,False,False,0.5235987755982988,0.0
1.984,0.001,0.5234980416269561,-0.00023860368235121155,0.5228121476443532,-0.06976783078177907,0.09788070010915521,0.03663657993869446,0.0,False,False,0.5235987755982988,0.0
1.985,0.001,0.5234997073843943,0.0016657574381822669,0.5232467431888302,-0.019331493255901062,0.029534375277515575,0.09788070010915521,0.0,False,False,0.5235987755982988,0.0
1.986,0.001,0.5235057619388936,0.0060545544993638655,0.5236788821602366,0.025815553210326095,-0.03242058196727168,0.029534375277515575,0.0,False,False,0.5235987755982988,0.0
1.987,0.001,0.5235115061527416,0.005744213847922838,0.5228419829565736,-0.060455922477009795,0.08616937452346597,-0.03242058196727168,0.0,False,False,0.5235987755982988,0.0
1.988,0.001,0.5235139289675228,0.0024228147812038166,0.5228103153440267,-0.05757709148400032,0.08328479435769907,0.08616937452346597,0.0,False,False,0.5235987755982988,0.0
1.989,0.001,0.5235199272500888,0.005998282565983476,0.5223328909193573,-0.09956182480253621,0.1422601139839906,0.08328479435769907,0.0,False,False,0.5235987755982988,0.0
1.99,0.001,0.5235283183750856,0.00839112499689346,0.5238692902838452,0.06403429412650798,-0.08171041729164472,0.1422601139839906,0.0,False,False,0.5235987755982988,0.0
1.991,0.001,0.5235414096020986,0.013091227012955342,0.5240172939225507,0.07243122858440568,-0.09445080413782068,-0.08171041729164472,0.0,False,False,0.5235987755982988,0.0
1.992,0.001,0.5235469145475585,0.005504945459961218,0.5237490764224866,0.0383663557195535,-0.04874504169884398,-0.09445080413782068,0.0,False,False,0.5235987755982988,0.0
1.993,0.001,0.5235460639291676,-0.0008506183909538024,0.5243883340762281,0.0984554855217491,-0.13235863522882585,-0.04874504169884398,0.0,False,False,0.5235987755982988,0.0
1.994,0.001,0.5235430344929272,-0.0030294362403815193,0.5236197134715774,0.011747876504508148,-0.014474333524424843,-0.13235863522882585,0.0,False,False,0.5235987755982988,0.0
1.995,0.001,0.5235343011860943,-0.008733306832808556,0.5238763952641374,0.03624126811005717,-0.04848667571716364,-0.014474333524424843,0.0,False,False,0.5235987755982988,0.0
1.996,0.001,0.5235273443550643,-0.006956831030032119,0.5237924925284723,0.024226867732535004,-0.03255914602216408,-0.04848667571716364,0.0,False,False,0.5235987755982988,0.0
1.997,0.001,0.5235199977771718,-0.007346577892513899,0.5234401140403625,-0.013433667851694624,0.018976309464887178,-0.03255914602216408,0.0,False,False,0.5235987755982988,0.0
1.998,0.001,0.5235131625469976,-0.006835230174190969,0.5230499331148818,-0.05110839361459614,0.07120923703902177,0.018976309464887178,0.0,False,False,0.5235987755982988,0.0
1.999,0.001,0.5235092777677485,-0.0038847792491504152,0.5254414904321092,0.19315817746960337,-0.2649586799721108,0.07120923703902177,0.0,False,False,0.5235987755982988,0.0
2.0,0.001,0.5235101199843132,0.0008422165646692261,0.5156220873282549,-0.8080979506627886,1.1132979296561372,-0.2649586799721108,0.0,False,False,0.5235987755982988,0.0
2.001,0.001,0.5234974583822898,-0.01266160202335548,0.5118756999075945,-1.1019268976625454,1.5333276396277318,1.1132979296561372,0.0,False,False,0.5235987755982988,0.0
2.0020000000000002,0.001,0.5235438733399094,0.04641495761962128,0.5311187737451131,0.9325731758555641,-1.2544477776693335,1.5333276396277318,0.0,False,False,0.5235987755982988,0.0
2.003,0.001,0.5236608836335817,0.11701029367226144,0.5280565724161647,0.5330957253751667,-0.7199552131717852,-1.2544477776693335,0.0,False,False,0.5235987755982988,0.0
2.004,0.001,0.5237087035966184,0.047819963036715984,0.49919046578663145,-2.40682451011567,3.3275389887488167,-0.7199552131717852,0.0,True,False,0.5235987755982988,0.0
2.005,0.001,0.5237144342346594,0.005730638040953508,0.5433088662173396,2.2456979839667146,-3.0496192119027925,3.0,0.0,True,False,0.5235987755982988,0.0
2.0060000000000002,0.001,0.5238684683121765,0.1540340775171275,0.5222244628347865,-0.08731215268526915,0.12951221296554433,-3.0,0.0,False,False,0.5235987755982988,0.0
2.007,0.001,0.5238658862558359,-0.002582056340682981,0.504476480881535,-1.8533791327418976,2.5682562641920264,0.12951221296554433,0.0,False,False,0.5235987755982988,0.0
2.008,0.001,0.5238705604801192,0.0046742242833483685,0.5446187573709991,2.3461864294787027,-3.193783387283048,2.5682562641920264,0.0,True,False,0.5235987755982988,0.0
2.009,0.001,0.5240022515387319,0.13169105861276478,0.5349223503123823,1.1419270806691586,-1.5741368416564936,-3.0,0.0,False,False,0.5235987755982988,0.0
2.0100000000000002,0.001,0.5239774158560142,-0.024835682717735064,0.5019069945667954,-2.273801201956446,3.1190135009147957,-1.5741368416564936,0.0,True,False,0.5235987755982988,0.0
2.011,0.001,0.5238790484559824,-0.09836740003179485,0.5548967404284242,3.252553504402072,-4.466427572224743,3.0,0.0,True,False,0.5235987755982988,0.0
2.012,0.001,0.5239370738841697,0.05802542818727423,0.5354352570656337,0.9811498176828133,-1.390436447631403,-3.0,0.0,False,False,0.5235987755982988,0.0
2.013,0.001,0.5238389033399306,-0.09817054423905276,0.5236609475513595,-0.2943961155128839,0.35215624346036833,-1.390436447631403,0.0,False,False,0.5235987755982988,0.0
2.0140000000000002,0.001,0.5236776030013555,-0.16130033857508155,0.5514321569865872,2.5121644395611744,-3.5155981924626003,0.35215624346036833,0.0,True,False,0.5235987755982988,0.0
2.015,0.001,0.5235405556751219,-0.137047326233522,0.5263208264940793,-0.25018505364573373,0.2512251482508318,-3.0,0.0,False,False,0.5235987755982988,0.0
2.016,0.001,0.5232600565247876,-0.28049915033433453,0.5227699144001373,-0.5802577576753586,0.7112288107773374,0.2512251482508318,0.0,False,False,0.5235987755982988,0.0
2.017,0.001,0.5229992406284671,-0.2608158963204635,0.5114748295525828,-1.6517404666632705,2.200319588818812,0.7112288107773374,0.0,False,False,0.5235987755982988,0.0
2.0180000000000002,0.001,0.5227810294362708,-0.21821119219637125,0.5329362353563548,0.6595741603802543,-0.9595632681013131,2.200319588818812,0.0,False,False,0.5235987755982988,0.0
2.019,0.001,0.5226797070682802,-0.10132236799064821,0.5309979980728585,0.3997930159925998,-0.6129376237331945,-0.9595632681013131,0.0,False,False,0.5235987755982988,0.0
2.02,0.001,0.5225368113490586,-0.14289571922156002,0.5227930281247875,-0.4606832804137672,0.5673233910197252,-0.6129376237331945,0.0,False,False,0.5235987755982988,0.0
2.021,0.001,0.5223698403240576,-0.1669710250009575,0.508581977403243,-1.8357200245268397,2.4731663969432134,0.5673233910197252,0.0,False,False,0.5235987755982988,0.0
2.0220000000000002,0.001,0.5222379033520351,-0.13193697202251303,0.5245056071038692,-0.05978505201153439,0.05541909531357478,2.4731663969432134,0.0,False,False,0.5235987755982988,0.0
2.023,0.001,0.5222361524254003,-0.0017509266348446906,0.5210179337999569,-0.40257387720161175,0.5295438050120891,0.05541909531357478,0.0,False,False,0.5235987755982988,0.0
2.024,0.001,0.5222377033973563,0.00155097195600821,0.4989641860446562,-2.5676912650115167,3.524652129979387,0.5295438050120891,0.0,True,False,0.5235987755982988,0.0
2.025,0.001,0.5222652609945713,0.027557597214952108,0.49657728949244473,-2.549611793731512,3.5459209023831884,3.0,0.0,True,False,0.5235987755982988,0.0
2.0260000000000002,0.001,0.5224374255076264,0.17216451305511254,0.5323012127466277,1.2777417110599325,-1.6899339219418383,3.0,0.0,False,False,0.5235987755982988,0.0
2.027,0.001,0.5227529013630294,0.3154758554029947,0.4773413834962099,-4.346015385087835,6.047851519943002,-1.6899339219418383,0.0,True,False,0.5235987755982988,0.0
2.028,0.001,0.5229766186189138,0.2237172558842911,0.5265617086326443,1.0106186670643846,-1.26607519509548,3.0,0.0,False,False,0.5235987755982988,0.0
2.029,0.001,0.5233434410057768,0.36682238686306207,0.5149993175499703,-0.24668230790945178,0.45080901436125537,-1.26607519509548,0.0,False,False,0.5235987755982988,0.0
2.0300000000000002,0.001,0.5236394923433376,0.2960513375608358,0.5464727030614359,2.925324474028054,-3.9221200631701323,0.45080901436125537,0.0,True,False,0.5235987755982988,0.0
2.031,0.001,0.5239508999262663,0.3114075829286569,0.5153382549226112,-0.4806527872572217,0.725472716871043,-3.0,0.0,False,False,0.5235987755982988,0.0
2.032,0.001,0.5241050618788633,0.15416195259694263,0.5356152327824866,1.5951102774560366,-2.1304285622626233,0.725472716871043,0.0,False,False,0.5235987755982988,0.0
2.033,0.001,0.5242888808219145,0.18381894305120644,0.517361427445577,-0.3897812839805235,0.5800098075256208,-2.1304285622626233,0.0,False,False,0.5235987755982988,0.0
2.0340000000000003,0.001,0.5243594430612051,0.07056223929061625,0.5263447228576021,0.5475263856200423,-0.7064587134115107,0.5800098075256208,0.0,False,False,0.5235987755982988,0.0
2.035,0.001,0.5244527338773298,0.09329081612470246,0.5373129573908577,1.589597200383595,-2.154371912726374,-0.7064587134115107,0.0,False,False,0.5235987755982988,0.0
2.036,0.001,0.5245043296600699,0.05159578274007426,0.5164312094362851,-0.657537315112029,0.9180609690506822,-2.154371912726374,0.0,False,False,0.5235987755982988,0.0
2.037,0.001,0.5244420689998243,-0.06226066024562571,0.5418352329111532,1.9486187638859878,-2.666598748294564,0.9180609690506822,0.0,False,False,0.5235987755982988,0.0
2.0380000000000003,0.001,0.5244319367509129,-0.010132248911317317,0.5070886370253268,-1.7209027010852505,2.3622657356157966,-2.666598748294564,0.0,False,False,0.5235987755982988,0.0
2.039,0.001,0.5242913189030766,-0.14061784783631323,0.5294329339585295,0.6856172623435464,-0.9277555652964085,2.3622657356157966,0.0,False,False,0.5235987755982988,0.0
2.04,0.001,0.5242753768040319,-0.015942099044664815,0.5403784777763677,1.7116099178930102,-2.355966540676852,-0.9277555652964085,0.0,False,False,0.5235987755982988,0.0
2.041,0.001,0.5242170851861145,-0.058291617917415474,0.5357369126044609,1.0762924089130257,-1.510037356806548,-2.355966540676852,0.0,False,False,0.5235987755982988,0.0
2.0420000000000003,0.001,0.5240471932246032,-0.16989196151124716,0.5574954662566131,3.1445185332369405,-4.383562671733985,-1.510037356806548,0.0,True,False,0.5235987755982988,0.0
2.043,0.001,0.5238084789625955,-0.23871426200771845,0.5104839492363468,-1.8710850221133817,2.481368901051195,-3.0,0.0,False,False,0.5235987755982988,0.0
2.044,0.001,0.5234267195576353,-0.3817594049602028,0.4993560242451876,-2.79676901901796,3.7924923471775536,2.481368901051195,0.0,True,False,0.5235987755982988,0.0
2.045,0.001,0.5231765556353475,-0.2501639222878022,0.5058221341239326,-1.8704811292416625,2.5645569016285865,3.0,0.0,False,False,0.5235987755982988,0.0
2.0460000000000003,0.001,0.5230833923687487,-0.09316326659881496,0.5346102896753406,1.195382538823304,-1.6326662999747175,2.5645569016285865,0.0,False,False,0.5235987755982988,0.0
2.047,0.001,0.5231248285210703,0.04143615232170195,0.5318152231452623,0.7963376319331408,-1.1035012141651117,-1.6326662999747175,0.0,False,False,0.5235987755982988,0.0
2.048,0.001,0.5230786530251176,-0.046175495952784085,0.5248633684180563,0.021518396019221564,-0.048584745978699745,-1.1035012141651117,0.0,False,False,0.5235987755982988,0.0
2.049,0.001,0.5229833698060171,-0.09528321910050362,0.5033840719406181,-2.128563091326518,2.918140375430075,-0.048584745978699745,0.0,False,False,0.5235987755982988,0.0
2.05,0.001,0.5228920376094182,-0.09133219659897596,0.5362763968038674,1.3735257041310667,-1.8764280266575146,2.918140375430075,0.0,False,False,0.5235987755982988,0.0
2.051,0.001,0.5229529764643102,0.060938854891971206,0.5015778457294031,-2.2336819737284683,3.076795106114284,-1.8764280266575146,0.0,True,False,0.5235987755982988,0.0
2.052,0.001,0.5229138771809643,-0.039099283345839286,0.5431413632580544,2.146037976509506,-2.927012149687007,3.0,0.0,False,False,0.5235987755982988,0.0
2.053,0.001,0.523030698516948,0.11682133598362468,0.5729024071737335,4.907538570426468,-6.776511652869586,-2.927012149687007,0.0,True,False,0.5235987755982988,0.0
2.054,0.001,0.5229947020614224,-0.03599645552553751,0.5293904811168043,0.06559210769090029,-0.18296122856217928,-3.0,0.0,False,False,0.5235987755982988,0.0
2.055,0.001,0.5228145303176596,-0.18017174376284073,0.532991687180053,0.4191535032466754,-0.6720566123675851,-0.18296122856217928,0.0,False,False,0.5235987755982988,0.0
2.056,0.001,0.522631931199264,-0.1825991183955461,0.5140299054814181,-1.5189400169414744,1.9949676824336213,-0.6720566123675851,0.0,False,False,0.5235987755982988,0.0
2.057,0.001,0.5224224596465827,-0.2094715526812728,0.4908282770301565,-3.687208860373488,5.014519606674746,1.9949676824336213,0.0,True,False,0.5235987755982988,0.0
2.058,0.001,0.5223195743642243,-0.10288528235845948,0.5118001370138239,-1.2213019759694048,1.6779378656838346,3.0,0.0,False,False,0.5235987755982988,0.0
2.059,0.001,0.5223731002147554,0.05352585053109091,0.503298479878205,-1.9493374919343542,2.704610313282914,1.6779378656838346,0.0,False,False,0.5235987755982988,0.0
2.06,0.001,0.5225043654180045,0.1312652032491762,0.49724937126813656,-2.3593146037477597,3.305466802440232,2.704610313282914,0.0,True,False,0.5235987755982988,0.0
2.061,0.001,0.5227643361000052,0.25997068200071793,0.5528251879922877,3.4341985290421335,-4.647113657942361,3.0,0.0,True,False,0.5235987755982988,0.0
2.062,0.001,0.523167266899278,0.40293079927277653,0.5279296162441101,0.6012215013201514,-0.7994209332087839,-3.0,0.0,False,False,0.5235987755982988,0.0
2.063,0.001,0.5234125859753537,0.2453190760756854,0.5300393843859991,0.7520761653770374,-1.0184223566310493,-0.7994209332087839,0.0,False,False,0.5235987755982988,0.0
2.064,0.001,0.5236109527284649,0.1983667531112096,0.51821749499349,-0.5053203904115716,0.7032475193804444,-1.0184223566310493,0.0,False,False,0.5235987755982988,0.0
2.065,0.001,0.5237516048967612,0.1406521682963344,0.5207344353266367,-0.20309431805575007,0.2952713065568189,0.7032475193804444,0.0,False,False,0.5235987755982988,0.0
2.066,0.001,0.5239208568417018,0.16925194494051887,0.5407554420491357,1.8193157859997313,-2.4919989393147417,0.2952713065568189,0.0,False,False,0.5235987755982988,0.0
2.067,0.001,0.5240981953447257,0.17733850302397836,0.5235338061528859,-0.08477938222522208,0.10290470868769867,-2.4919989393147417,0.0,False,False,0.5235987755982988,0.0
2.068,0.001,0.5241442245470103,0.04602920228463414,0.5334065810859165,0.9109760493003624,-1.2697117579375539,0.10290470868769867,0.0,False,False,0.5235987755982988,0.0
2.069,0.001,0.5241893339447683,0.045109397758073246,0.5207684135993131,-0.4439383042900139,0.5836724811297588,-1.2697117579375539,0.0,False,False,0.5235987755982988,0.0
2.07,0.001,0.5241649077414654,-0.02442620330292556,0.5181932132529747,-0.6570645084948528,0.8857775324096567,0.5836724811297588,0.0,False,False,0.5235987755982988,0.0
2.071,0.001,0.5241748031083785,0.009895366913146207,0.4996195186256773,-2.448727520375114,3.3700996499573246,0.8857775324096567,0.0,True,False,0.5235987755982988,0.0
2.072,0.001,0.5242261998136385,0.05139670526001629,0.48970796689710144,-3.195009941195185,4.4440464860557745,3.0,0.0,True,False,0.5235987755982988,0.0
2.073,0.001,0.5244214608378958,0.19526102425729902,0.5198563444665114,0.13932880986532936,-0.09983081146622194,3.0,0.0,False,False,0.5235987755982988,0.0
2.074,0.001,0.5247599408180957,0.33847998019999836,0.5257459941098628,0.7143608932139333,-0.8958830050648713,-0.09983081146622194,0.0,False,False,0.5235987755982988,0.0
2.075,0.001,0.5250860753378016,0.3261345197058873,0.5026388715884377,-1.6677874482499702,2.3786232100774645,-0.8958830050648713,0.0,False,False,0.5235987755982988,0.0
2.076,0.001,0.5253601111691755,0.27403583137382026,0.5247584112651404,0.7109452642453034,-0.8740077590975134,2.3786232100774645,0.0,False,False,0.5235987755982988,0.0
2.077,0.001,0.5257459820177277,0.38587084855221326,0.5266841412232977,0.8324237336364937,-1.0544450616137715,-0.8740077590975134,0.0,False,False,0.5235987755982988,0.0
2.078,0.001,0.5260806089949308,0.33462697720312873,0.4884511705898368,-3.0741157030732422,4.321595733840207,-1.0544450616137715,0.0,True,False,0.5235987755982988,0.0
2.079,0.001,0.5263551752111444,0.2745662162136277,0.5103832368370351,-0.573497508046084,0.9260767073580473,3.0,0.0,False,False,0.5235987755982988,0.0
2.08,0.001,0.5267726431624932,0.41746795134878745,0.5338807390326694,1.833602462321953,-2.385398296605014,0.9260767073580473,0.0,False,False,0.5235987755982988,0.0
2.081,0.001,0.5272287450774045,0.45610191491129465,0.533984194303946,1.6605877432174108,-2.179642828562541,-2.385398296605014,0.0,False,False,0.5235987755982988,0.0
2.082,0.001,0.5275577526698259,0.32900759242139876,0.5074223268809797,-1.1616577734009588,1.6851654049928952,-2.179642828562541,0.0,False,False,0.5235987755982988,0.0
2.083,0.001,0.5277704620904494,0.21270942062358617,0.530535902265036,1.2658655423447707,-1.643906930814994,1.6851654049928952,0.0,False,False,0.5235987755982988,0.0
2.084,0.001,0.5280605789436471,0.2901168531976761,0.545904951322367,2.6761838938433984,-3.6129318356453064,-1.643906930814994,0.0,True,False,0.5235987755982988,0.0
2.085,0.001,0.5282613399828913,0.2007610392441387,0.5418238216454974,2.00045253677209,-2.7285938729760817,-3.0,0.0,False,False,0.5235987755982988,0.0
2.086,0.001,0.5283052979780013,0.0439579951100835,0.5266422472642541,0.28224984497055794,-0.3934823039518651,-2.7285938729760817,0.0,False,False,0.5235987755982988,0.0
2.087,0.001,0.5282067965938708,-0.09850138413042511,0.5200390691050173,-0.40629295545018107,0.5516262634192847,-0.3934823039518651,0.0,False,False,0.5235987755982988,0.0
2.088,0.001,0.528095014467234,-0.11178212663683193,0.517110881086331,-0.6584824617737958,0.9069610553439762,0.5516262634192847,0.0,False,False,0.5235987755982988,0.0
2.089,0.001,0.5280172606145723,-0.07775385266165141,0.536182256132311,1.3145032890015833,-1.8039065964141185,0.9069610553439762,0.0,False,False,0.5235987755982988,0.0
2.09,0.001,0.5279911607928561,-0.02609982171621021,0.5313963675079221,0.7044640976625361,-0.985713571568262,-1.8039065964141185,0.0,False,False,0.5235987755982988,0.0
2.091,0.001,0.5278801480557107,-0.11101273714547077,0.5388653202874366,1.3809129658477362,-1.9318933634217637,-0.985713571568262,0.0,False,False,0.5235987755982988,0.0
2.092,0.001,0.5277262935098211,-0.15385454588961586,0.5300279257459449,0.35908221511379446,-0.5466233607941833,-1.9318933634217637,0.0,False,False,0.5235987755982988,0.0
2.093,0.001,0.5274824597114474,-0.24383379837382696,0.5417725864416456,1.4976400631724827,-2.1242966709872215,-0.5466233607941833,0.0,False,False,0.5235987755982988,0.0
2.094,0.001,0.527218270080227,-0.26418963122034955,0.5288692212281402,0.057539535504691264,-0.16391546394277395,-2.1242966709872215,0.0,False,False,0.5235987755982988,0.0
2.095,0.001,0.5268549223739821,-0.36334770624486956,0.5405503240737272,1.2198958665129207,-1.769002912373215,-0.16391546394277395,0.0,False,False,0.5235987755982988,0.0
2.096,0.001,0.5264908322853651,-0.3640900886170288,0.5416895568296014,1.2118295554490528,-1.7798295287023098,-1.769002912373215,0.0,False,False,0.5235987755982988,0.0
2.097,0.001,0.5260457484114839,-0.44508387388122145,0.512004109794086,-1.8778981036473976,2.4621817088527083,-1.7798295287023098,0.0,False,False,0.5235987755982988,0.0
2.098,0.001,0.5255194533966631,-0.5262950148208121,0.4939613864284339,-3.4943806298478624,4.726729760875003,2.4621817088527083,0.0,True,False,0.5235987755982988,0.0
2.099,0.001,0.5251243726473441,-0.3950807493188935,0.5520634049658089,2.665259286874418,-3.710674472864482,3.0,0.0,True,False,0.5235987755982988,0.0
2.1,0.001,0.5248868722210225,-0.2375004263216179,0.5293664121259409,0.1290340742001841,-0.25865834653777897,-3.0,0.0,False,False,0.5235987755982988,0.0
2.101,0.001,0.5245063217964056,-0.38055042461691313,0.4945828979409948,-3.362220751714446,4.556950699888807,-0.25865834653777897,0.0,True,False,0.5235987755982988,0.0
2.102,0.001,0.5241203606561602,-0.3859611402453344,0.5116618601647632,-1.3181024541661595,1.7965874228030319,3.0,0.0,False,False,0.5235987755982988,0.0
2.103,0.001,0.5238919433604758,-0.22841729568435307,0.5373636911738306,1.3838908921571982,-1.9084375509482108,1.7965874228030319,0.0,False,False,0.5235987755982988,0.0
2.104,0.001,0.523760269105113,-0.13167425536290667,0.5188789875602998,-0.6029685584116042,0.808518454777907,-1.9084375509482108,0.0,False,False,0.5235987755982988,0.0
2.105,0.001,0.5235396996462817,-0.22056945883133516,0.5146025419067276,-0.9703162679276651,1.3263117279614798,0.808518454777907,0.0,False,False,0.5235987755982988,0.0
2.106,0.001,0.5233664383880214,-0.17326125826027655,0.547816439281946,2.448105096386941,-3.373644061969979,1.3263117279614798,0.0,True,False,0.5235987755982988,0.0
2.107,0.001,0.5232661857608337,-0.10025262718770375,0.5049875768426204,-2.079591657184312,2.830511566223386,-3.0,0.0,False,False,0.5235987755982988,0.0
2.108,0.001,0.5230223336129698,-0.24385214786388004,0.5090919295842997,-1.4611972172979502,2.014559889009524,2.830511566223386,0.0,False,False,0.5235987755982988,0.0
2.109,0.001,0.5229269824520082,-0.0953511609615634,0.5266163724357853,0.4373667895804021,-0.5791568905712391,2.014559889009524,0.0,False,False,0.5235987755982988,0.0
2.11,0.001,0.5229387398229763,0.011757370968127456,0.5297534639679673,0.707339263840562,-0.959591507262707,-0.5791568905712391,0.0,False,False,0.5235987755982988,0.0
2.111,0.001,0.5229183221544491,-0.020417668527232744,0.5315811423230341,0.8193731729631867,-1.1269304086010592,-0.959591507262707,0.0,False,False,0.5235987755982988,0.0
2.112,0.001,0.522854627937927,-0.06369421652212712,0.53875873208509,1.4551948318724526,-2.0191130150091836,-1.1269304086010592,0.0,False,False,0.5235987755982988,0.0
2.113,0.001,0.5227408214552025,-0.1138064827245645,0.5262066722101639,0.05446936119260504,-0.11230537244469807,-2.0191130150091836,0.0,False,False,0.5235987755982988,0.0
2.114,0.001,0.522532514410689,-0.2083070445135224,0.5310738754515432,0.5357427492112681,-0.77744309641192,-0.11230537244469807,0.0,False,False,0.5235987755982988,0.0
2.115,0.001,0.5223254253257206,-0.20708908496848077,0.5178013702990166,-0.8450820409625119,1.1184517445420936,-0.77744309641192,0.0,False,False,0.5235987755982988,0.0
2.116,0.001,0.5220862924422592,-0.23913288346137637,0.5231805842691537,-0.22265243985255334,0.27471037174767604,1.1184517445420936,0.0,False,False,0.5235987755982988,0.0
2.117,0.001,0.5219100386775584,-0.17625376470092025,0.5237868641779267,-0.1397592049899936,0.16432545155468956,0.27471037174767604,0.0,False,False,0.5235987755982988,0.0
2.118,0.001,0.5217542254462378,-0.15581323132054653,0.5255083961311819,0.04636991083452524,-0.09001706259332658,0.16432545155468956,0.0,False,False,0.5235987755982988,0.0
2.119,0.001,0.5216132517383677,-0.1409737078701024,0.5350966149834103,1.0005548049739104,-1.4076268749006995,-0.09001706259332658,0.0,False,False,0.5235987755982988,0.0
2.12,0.001,0.5214743410631468,-0.13891067522083092,0.5311634610413134,0.5071839302668272,-0.7447850542944551,-1.4076268749006995,0.0,False,False,0.5235987755982988,0.0
2.121,0.001,0.5212716046757552,-0.2027363873916952,0.5220433369617272,-0.4555468707184731,0.5746541403204564,-0.7447850542944551,0.0,False,False,0.5235987755982988,0.0
2.122,0.001,0.5210384399811795,-0.23316469457566388,0.5069165274805163,-1.9226731317677177,2.6074882242413464,0.5746541403204564,0.0,False,False,0.5235987755982988,0.0
2.123,0.001,0.5208409406523973,-0.19749932878223578,0.5220220269145583,-0.21985587518674166,0.29220852653141843,2.6074882242413464,0.0,False,False,0.5235987755982988,0.0
2.124,0.001,0.5207806057321105,-0.060334920286800514,0.5202916031365642,-0.37091266546748247,0.5046243028722022,0.29220852653141843,0.0,False,False,0.5235987755982988,0.0
2.125,0.001,0.5207410938813172,-0.039511850793312646,0.5241127485032617,0.04829313774901878,-0.06720327758815495,0.5046243028722022,0.0,False,False,0.5235987755982988,0.0
2.126,0.001,0.5207327448649496,-0.008349016367541918,0.5592438765031288,3.5565766239608223,-4.9095037650399265,-0.06720327758815495,0.0,True,False,0.5235987755982988,0.0
2.1270000000000002,0.001,0.5207234377650463,-0.00930709990335963,0.5115818782471826,-1.5652808640298779,2.0946411891559453,-3.0,0.0,False,False,0.5235987755982988,0.0
2.128,0.001,0.5205667745252017,-0.15666323984449823,0.5279371083039566,0.22677022805050662,-0.3502142623624475,2.0946411891559453,0.0,False,False,0.5235987755982988,0.0
2.129,0.001,0.5205214699958891,-0.04530452931263451,0.5391696510019671,1.3273474750465106,-1.8730927273218423,-0.3502142623624475,0.0,False,False,0.5235987755982988,0.0
2.13,0.001,0.5204647080406022,-0.05676195528693336,0.5221751641148931,-0.5048359611655457,0.6314281600999584,-1.8730927273218423,0.0,False,False,0.5235987755982988,0.0
2.1310000000000002,0.001,0.5203204775183462,-0.14423052225600644,0.5611235722495796,3.440488448419667,-4.804032477826655,0.6314281600999584,0.0,True,False,0.5235987755982988,0.0
2.132,0.001,0.520214395319648,-0.10608219869823993,0.5136163649770263,-1.6542811236776296,2.1648207395960597,-3.0,0.0,False,False,0.5235987755982988,0.0
2.133,0.001,0.5199647371532073,-0.2496581664406327,0.52562116115292,-0.28837339372049975,0.3096451324814181,2.1648207395960597,0.0,False,False,0.5235987755982988,0.0
2.134,0.001,0.5198303186564122,-0.13441849679523965,0.5058885283241837,-2.232799337222077,2.9981436556005634,0.3096451324814181,0.0,False,False,0.5235987755982988,0.0
2.1350000000000002,0.001,0.5197179200727917,-0.11239858362049415,0.5135826560423402,-1.240106631684222,1.668418110028321,2.9981436556005634,0.0,False,False,0.5235987755982988,0.0
2.136,0.001,0.5197618781086092,0.04395803581747815,0.5241065944648954,-0.06370212626028326,0.06730181191360174,1.668418110028321,0.0,False,False,0.5235987755982988,0.0
2.137,0.001,0.5198832273635858,0.12134925497668288,0.534654019723859,0.997410612262102,-1.3958871289746049,0.06730181191360174,0.0,False,False,0.5235987755982988,0.0
2.138,0.001,0.5200014563765623,0.11822901297646313,0.5255707118563785,-0.010661235712153938,-0.022701369790849447,-1.3958871289746049,0.0,False,False,0.5235987755982988,0.0
2.1390000000000002,0.001,0.5200434182050532,0.041961828490943306,0.5420191179866967,1.6352455008908784,-2.2938607640602156,-0.022701369790849447,0.0,False,False,0.5235987755982988,0.0
2.14,0.001,0.5200782550740957,0.034836869042530264,0.5184207977290745,-0.8881110749604293,1.1589368915985536,-2.2938607640602156,0.0,False,False,0.5235987755982988,0.0
2.141,0.001,0.519992616917084,-0.08563815701166182,0.5141951823998843,-1.2218615003834055,1.6354984780315485,1.1589368915985536,0.0,False,False,0.5235987755982988,0.0
2.142,0.001,0.5199712658670432,-0.021351050040803468,0.5671647089139606,4.197277301062572,-5.820919560956999,1.6354984780315485,0.0,True,False,0.5235987755982988,0.0
2.1430000000000002,0.001,0.5200365063691467,0.06524050210343914,0.5269172513872333,-0.24719618171641589,0.23690285385887777,-3.0,0.0,False,False,0.5235987755982988,0.0
2.144,0.001,0.5199455034959795,-0.09100287316720883,0.5073881816113148,-2.1753835411366245,2.902250941129661,0.23690285385887777,0.0,False,False,0.5235987755982988,0.0
2.145,0.001,0.5198727084375426,-0.07279505843682346,0.5077555199090307,-1.9211113572513774,2.5905122311084794,2.902250941129661,0.0,False,False,0.5235987755982988,0.0
2.146,0.001,0.519951308837783,0.07860040024027334,0.5034984405367924,-2.154708158750069,2.947455821607199,2.5905122311084794,0.0,False,False,0.5235987755982988,0.0
2.1470000000000002,0.001,0.5201531250764929,0.2018162387099141,0.5364993440094763,1.360853004393329,-1.8652338366731893,2.947455821607199,0.0,False,False,0.5235987755982988,0.0
2.148,0.001,0.5204955068413489,0.3423817648560603,0.5141359233608581,-1.0115743609078216,1.3842205733633184,-1.8652338366731893,0.0,False,False,0.5235987755982988,0.0
2.149,0.001,0.5207372573873119,0.24175054596297663,0.5229601519310088,-0.027994067801975997,0.0450881073735923,1.3842205733633184,0.0,False,False,0.5235987755982988,0.0
2.15,0.001,0.5210412519597596,0.3039945724476709,0.5199328164872347,-0.32792820539918766,0.45950111047817993,0.0450881073735923,0.0,False,False,0.5235987755982988,0.0
2.1510000000000002,0.001,0.5213402849592862,0.2990329995265606,0.534107235931197,1.122306559536967,-1.535920157436528,0.45950111047817993,0.0,False,False,0.5235987755982988,0.0
2.152,0.001,0.5216550968823386,0.3148119230523646,0.5068766245396997,-1.7129852355664588,2.356581001734534,-1.535920157436528,0.0,False,False,0.5235987755982988,0.0
2.153,0.001,0.5218858535498269,0.23075666748832901,0.5031135758134286,-1.9179915846369218,2.670323497691969,2.356581001734534,0.0,False,False,0.5235987755982988,0.0
2.154,0.001,0.5222275162407332,0.34166269090624407,0.5261422427544091,0.5766742679248187,-0.7377915303197681,2.670323497691969,0.0,False,False,0.5235987755982988,0.0
2.1550000000000002,0.001,0.5226953284557604,0.4678122150272176,0.5331840466442036,1.223187230111784,-1.640359554960427,-0.7377915303197681,0.0,False,False,0.5235987755982988,0.0
2.156,0.001,0.5231183798454115,0.4230513896511203,0.5289221635782381,0.6746802005040525,-0.9054372242437696,-1.640359554960427,0.0,False,False,0.5235987755982988,0.0
2.157,0.001,0.5234517210517561,0.3333412063444945,0.5093240883364615,-1.3525953437240115,1.8800587831818858,-0.9054372242437696,0.0,False,False,0.5235987755982988,0.0
2.158,0.001,0.5237324570320631,0.2807359803069281,0.5355567981589118,1.4059351728934186,-1.9023666135631356,1.8800587831818858,0.0,False,False,0.5235987755982988,0.0
2.1590000000000003,0.001,0.5241000730076079,0.3676159755448024,0.5111172506528515,-1.1786130950019482,1.6390031630203892,-1.9023666135631356,0.0,False,False,0.5235987755982988,0.0
2.16,0.001,0.5243651001885723,0.2650271809644664,0.5152625336606608,-0.6462234847208282,0.9255205365424787,1.6390031630203892,0.0,False,False,0.5235987755982988,0.0
2.161,0.001,0.5247050174189639,0.3399172303916651,0.5082299204267593,-1.2848624596388927,1.8184743446543825,0.9255205365424787,0.0,False,False,0.5235987755982988,0.0
2.162,0.001,0.5250838510072612,0.3788335882972224,0.5477933482810514,2.799966571754208,-3.795462194394596,1.8184743446543825,0.0,True,False,0.5235987755982988,0.0
2.1630000000000003,0.001,0.5255460929784379,0.46224197117675264,0.5366013844224214,1.40077352871579,-1.9149751932931554,-3.0,0.0,False,False,0.5235987755982988,0.0
2.164,0.001,0.5258504859817299,0.30439300329204566,0.5364096123400812,1.2415189676101885,-1.7204178224843094,-1.9149751932931554,0.0,False,False,0.5235987755982988,0.0
2.165,0.001,0.5260519126533442,0.20142667161422045,0.5478198584207575,2.2583916789168006,-3.1460495055044175,-1.7204178224843094,0.0,True,False,0.5235987755982988,0.0
2.166,0.001,0.5261605127271691,0.10860007382499338,0.5752505028126782,4.775616950217186,-6.660471430119452,-3.0,0.0,True,False,0.5235987755982988,0.0
2.1670000000000003,0.001,0.526112678631231,-0.04783409593809161,0.49628105545696405,-3.598889480375945,4.810386338995159,-3.0,0.0,True,False,0.5235987755982988,0.0
2.168,0.001,0.5259209362958205,-0.1917423354104817,0.5130338338398968,-1.56372269404508,2.0666361845053327,3.0,0.0,False,False,0.5235987755982988,0.0
2.169,0.001,0.5258859609296952,-0.034975366125322704,0.5151316769420965,-1.1975661144205982,1.5894871131163597,2.0666361845053327,0.0,False,False,0.5235987755982988,0.0
2.17,0.001,0.5259601046854249,0.07414375572962162,0.511110500934272,-1.479927103760986,2.0007014684656657,1.5894871131163597,0.0,False,False,0.5235987755982988,0.0
2.1710000000000003,0.001,0.5261074334477757,0.14732876235078624,0.5073000578127576,-1.7129787055363335,2.348951366783343,2.0007014684656657,0.0,False,False,0.5235987755982988,0.0
2.172,0.001,0.5263482079732952,0.2407745255195075,0.5211182753918395,-0.15985907707450342,0.23647989620567134,2.348951366783343,0.0,False,False,0.5235987755982988,0.0
2.173,0.001,0.5266994669690522,0.3512589957570159,0.5054657264452564,-1.7091280640253603,2.377348561585195,0.23647989620567134,0.0,False,False,0.5235987755982988,0.0
2.174,0.001,0.5270551449236365,0.3556779545842714,0.5329027373708413,1.2054858349356568,-1.6140543138285521,2.377348561585195,0.0,False,False,0.5235987755982988,0.0
2.1750000000000003,0.001,0.5275222675944816,0.4671226708451941,0.5284245735211652,0.6371208664744882,-0.8514094023809813,-1.6140543138285521,0.0,False,False,0.5235987755982988,0.0
2.176,0.001,0.527900819058952,0.37855146447038573,0.5362963530555499,1.3605867332655062,-1.861260474149127,-0.8514094023809813,0.0,False,False,0.5235987755982988,0.0
2.177,0.001,0.5282292858474454,0.3284667884934551,0.5370908190345858,1.303974657842543,-1.8076263712642169,-1.861260474149127,0.0,False,False,0.5235987755982988,0.0
2.178,0.001,0.5284573757450775,0.228089897632025,0.5389818307494638,1.362678363546093,-1.9121090289762817,-1.8076263712642169,0.0,False,False,0.5235987755982988,0.0
2.179,0.001,0.5285881719645572,0.13079621947977665,0.522070956560609,-0.46467689169399984,0.5851130127112169,-1.9121090289762817,0.0,False,False,0.5235987755982988,0.0
2.18,0.001,0.5286168395727582,0.028667608201023126,0.5656377758556714,3.9384727269816446,-5.482869277010681,0.5851130127112169,0.0,True,False,0.5235987755982988,0.0
2.181,0.001,0.528669294017576,0.05245444481784904,0.5327608888693149,0.2569367556478319,-0.47324214565568856,-3.0,0.0,False,False,0.5235987755982988,0.0
2.182,0.001,0.5285656015706386,-0.10369244693740591,0.4960591103691438,-3.438934769934065,4.622435698045668,-0.47324214565568856,0.0,True,False,0.5235987755982988,0.0
2.183,0.001,0.5284446614096221,-0.12094016101644131,0.510949904303868,-1.6059618994682388,2.154833962661641,3.0,0.0,False,False,0.5235987755982988,0.0
2.184,0.001,0.5284802049421355,0.03554353251343337,0.4981026971427974,-2.730086425628472,3.7350331229531912,2.154833962661641,0.0,True,False,0.5235987755982988,0.0
2.185,0.001,0.528617681654529,0.1374767123934672,0.5289202280078316,0.6246753034377881,-0.8453965074969351,3.0,0.0,False,False,0.5235987755982988,0.0
2.186,0.001,0.5288986084729153,0.2809268183861996,0.5267727062670552,0.3474555990163723,-0.4740774708572615,-0.8453965074969351,0.0,False,False,0.5235987755982988,0.0
2.187,0.001,0.529130141758653,0.23153328573781562,0.5209545710293552,-0.2691034846552677,0.37051986382730695,-0.4740774708572615,0.0,False,False,0.5235987755982988,0.0
2.188,0.001,0.5293310450377061,0.20090327905305766,0.5644283267134247,4.105182432217211,-5.661150838732919,0.37051986382730695,0.0,True,False,0.5235987755982988,0.0
2.189,0.001,0.5295436706968569,0.2126256591508084,0.5391252293865605,1.1643544563090704,-1.6767015157595946,-3.0,0.0,False,False,0.5235987755982988,0.0
2.19,0.001,0.5295994458533781,0.055775156521203045,0.5422722529539525,1.3626213674173684,-1.971268233302609,-1.6767015157595946,0.0,False,False,0.5235987755982988,0.0
2.191,0.001,0.5295652080458887,-0.0342378074894612,0.5133149101032712,-1.669375054392498,2.188359644181494,-1.971268233302609,0.0,False,False,0.5235987755982988,0.0
2.192,0.001,0.5294381650523582,-0.12704299353054532,0.5119997969941511,-1.6339488598652618,2.169520246712973,2.188359644181494,0.0,False,False,0.5235987755982988,0.0
2.193,0.001,0.5294270481765545,-0.01111687580366788,0.5300694253186362,0.33640885856977487,-0.5201623252498029,2.169520246712973,0.0,False,False,0.5235987755982988,0.0
2.194,0.001,0.5295274811037262,0.10043292717161321,0.5325470253201151,0.550527972860687,-0.8217020624255177,-0.5201623252498029,0.0,False,False,0.5235987755982988,0.0
2.195,0.001,0.5295955047046205,0.06802360089433543,0.4971967559156175,-3.0395517648751396,4.122698472138431,-0.8217020624255177,0.0,True,False,0.5235987755982988,0.0
2.196,0.001,0.5296161844269862,0.020679722365744217,0.5264692332137932,0.19165114142994621,-0.2816496067948351,3.0,0.0,False,False,0.5235987755982988,0.0
2.197,0.001,0.5297821284177974,0.16594399081117667,0.5300277325965536,0.5283359655629831,-0.7497243846441651,-0.2816496067948351,0.0,False,False,0.5235987755982988,0.0
2.198,0.001,0.5299273261530508,0.14519773525348018,0.5261722648274255,0.08995559209388088,-0.15426951663693766,-0.7497243846441651,0.0,False,False,0.5235987755982988,0.0
2.199,0.001,0.5300284568840647,0.10113073101392966,0.5158321160844609,-0.9530548414119697,1.2834656809434464,-0.15426951663693766,0.0,False,False,0.5235987755982988,0.0
2.2,0.001,0.5301154701028552,0.08701321879045801,0.5206988047479847,-0.3710804909183929,0.49749606440772576,1.2834656809434464,0.0,False,False,0.5235987755982988,0.0
2.201,0.001,0.5302603105488746,0.14484044601939508,0.5271735353086073,0.31350061423571063,-0.44054641186840604,0.49749606440772576,0.0,False,False,0.5235987755982988,0.0
2.202,0.001,0.5304234464424797,0.16313589360521188,0.5320082058153637,0.765617603487774,-1.0701108680924962,-0.44054641186840604,0.0,False,False,0.5235987755982988,0.0
2.203,0.001,0.530557902472904,0.13445603042428486,0.5411135068767585,1.5995859492784807,-2.2347683021464517,-1.0701108680924962,0.0,False,False,0.5235987755982988,0.0
2.204,0.001,0.5306323151531732,0.07441268026914649,0.5494968146701765,2.277958133692433,-3.1997144637247183,-2.2347683021464517,0.0,True,False,0.5235987755982988,0.0
2.205,0.001,0.5305886988019798,-0.043616351193483796,0.5254513618806793,-0.3543829586265308,0.391912997268988,-3.0,0.0,False,False,0.5235987755982988,0.0
2.206,0.001,0.5304011057545114,-0.18759304746839212,0.5224396782289255,-0.6201130279392637,0.764999386175837,0.391912997268988,0.0,False,False,0.5235987755982988,0.0
2.207,0.001,0.5302398587290108,-0.1612470255005992,0.5378783912222178,0.985769574183898,-1.4399565702512194,0.764999386175837,0.0,False,False,0.5235987755982988,0.0
2.208,0.001,0.5301235066597288,-0.11635206928190268,0.5407847616701678,1.1778296615605028,-1.7227433431662442,-1.4399565702512194,0.0,False,False,0.5235987755982988,0.0
2.209,0.001,0.5299416220640245,-0.18188459570430843,0.5223633948900711,-0.7820899826052119,0.960744831874353,-1.7227433431662442,0.0,False,False,0.5235987755982988,0.0
2.21,0.001,0.5296803278393933,-0.26129422463117125,0.543475296398739,1.4073091665221018,-2.046548374234446,0.960744831874353,0.0,False,False,0.5235987755982988,0.0
2.211,0.001,0.5294741160332543,-0.20621180613898277,0.546571105540698,1.5761591640657866,-2.304892935842129,-2.046548374234446,0.0,False,False,0.5235987755982988,0.0
2.212,0.001,0.5291724016556149,-0.30171437763943887,0.5517165833848073,1.9330910320701427,-2.8258297786413245,-2.304892935842129,0.0,False,False,0.5235987755982988,0.0
2.213,0.001,0.5287626494886939,-0.4097521669209885,0.5598002044680057,2.548144037182966,-3.7093985642742826,-2.8258297786413245,0.0,True,False,0.5235987755982988,0.0
2.214,0.001,0.5282192448415085,-0.5434046471853707,0.5130974305294855,-2.376947760387348,3.041361523703457,-3.0,0.0,True,False,0.5235987755982988,0.0
2.215,0.001,0.5275340138129119,-0.6852310285966292,0.5277765833258956,-0.6713377047076057,0.7304047065523845,3.0,0.0,False,False,0.5235987755982988,0.0
2.216,0.001,0.5270075237084296,-0.5264901044822428,0.5272043566464663,-0.6614266021797807,0.7288114637487229,0.7304047065523845,0.0,False,False,0.5235987755982988,0.0
2.217,0.001,0.5265256597996929,-0.48186390873669455,0.5248139531196203,-0.8343242946463967,0.9793159581918891,0.7288114637487229,0.0,False,False,0.5235987755982988,0.0
2.218,0.001,0.5260881639197786,-0.4374958799143116,0.5147563882614705,-1.7566483509967359,2.267140993258992,0.9793159581918891,0.0,False,False,0.5235987755982988,0.0
2.219,0.001,0.5257073838212936,-0.3807800984850599,0.49977943562238875,-3.0786787798052395,4.123162655332669,2.267140993258992,0.0,True,False,0.5235987755982988,0.0
2.22,0.001,0.5254474838928654,-0.25989992842817006,0.527065045374996,-0.04224992656399218,-0.011692944103758499,3.0,0.0,False,False,0.5235987755982988,0.0
2.221,0.001,0.5253446235641509,-0.1028603287145193,0.5119342874787072,-1.551100723536474,2.0712816543964183,-0.011692944103758499,0.0,False,False,0.5235987755982988,0.0
2.222,0.001,0.5252475896202863,-0.0970339438646772,0.5267484589945827,0.08542650040472255,-0.1592061016187764,2.0712816543964183,0.0,False,False,0.5235987755982988,0.0
2.223,0.001,0.5252605071620517,0.012917541765428725,0.5114018329552099,-1.4577787535730249,1.96887947186323,-0.1592061016187764,0.0,False,False,0.5235987755982988,0.0
2.224,0.001,0.5252619994011241,0.0014922390723079645,0.5060693406191058,-1.8452501118261333,2.5298299638168342,1.96887947186323,0.0,False,False,0.5235987755982988,0.0
2.225,0.001,0.5253614828019869,0.09948340086289437,0.529450760622588,0.6774168997046996,-0.918236010082845,2.5298299638168342,0.0,False,False,0.5235987755982988,0.0
2.226,0.001,0.5255810603410929,0.21957753910594152,0.528215137896003,0.48611293707573466,-0.6664300458495578,-0.918236010082845,0.0,False,False,0.5235987755982988,0.0
2.227,0.001,0.5257478477695418,0.16678742844886732,0.5358582254665354,1.2018104004213948,-1.662842578133932,-0.6664300458495578,0.0,False,False,0.5235987755982988,0.0
2.228,0.001,0.5258746465466694,0.12679877712760132,0.5640251662707012,3.8983234407958367,-5.405663161058247,-1.662842578133932,0.0,True,False,0.5235987755982988,0.0
2.229,0.001,0.5259117960371393,0.03714949046999469,0.5307514113380802,0.181115603454157,-0.346086167461054,-3.0,0.0,False,False,0.5235987755982988,0.0
2.23,0.001,0.5257930822601291,-0.11871377701017677,0.5342593562367903,0.5137985329797504,-0.8084486910685477,-0.346086167461054,0.0,False,False,0.5235987755982988,0.0
2.231,0.001,0.5256635389460037,-0.1295433141254429,0.5068565458651034,-2.2778623574869146,3.0347949641818146,-0.8084486910685477,0.0,True,False,0.5235987755982988,0.0
2.232,0.001,0.52550009134219,-0.1634476038136875,0.5030393193364171,-2.4317987746068557,3.2882287422420973,3.0,0.0,True,False,0.5235987755982988,0.0
2.233,0.001,0.5254932975278349,-0.0067938143550582974,0.5531188828715499,2.8193374563671054,-3.9145668785590457,3.0,0.0,True,False,0.5235987755982988,0.0
2.234,0.001,0.5256384940962522,0.14519656841722234,0.5095207313608234,-1.8224114403422478,2.4402985246852538,-3.0,0.0,False,False,0.5235987755982988,0.0
2.235,0.001,0.5256271098843301,-0.011384211922082499,0.5074068486305273,-1.8515585693376344,2.513324968625048,2.4402985246852538,0.0,False,False,0.5235987755982988,0.0
2.236,0.001,0.525740874811291,0.11376492696080259,0.5250584699020843,0.09875941475182337,-0.1447857951703262,2.513324968625048,0.0,False,False,0.5235987755982988,0.0
2.237,0.001,0.5259738510645149,0.2329762532239733,0.5243996964907597,0.02300613214418236,-0.04202393463731441,-0.1447857951703262,0.0,False,False,0.5235987755982988,0.0
2.238,0.001,0.5261926561229684,0.21880505845347553,0.5104409460648616,-1.375169523660047,1.8870443599939268,-0.04202393463731441,0.0,False,False,0.5235987755982988,0.0
2.239,0.001,0.5264024847644599,0.20982864149156813,0.5210796979675115,-0.17377738102904683,0.2538762545890274,1.8870443599939268,0.0,False,False,0.5235987755982988,0.0
2.24,0.001,0.5266998263093945,0.29734154493455456,0.548156480326457,2.5512785929684076,-3.503572996668937,0.2538762545890274,0.0,True,False,0.5235987755982988,0.0
2.241,0.001,0.5270026723008787,0.30284599148426916,0.5129354300767326,-1.2259542913008765,1.6630853689492437,-3.0,0.0,False,False,0.5235987755982988,0.0
2.242,0.001,0.5271483069083971,0.14563460751833293,0.5028241333617582,-2.1144885336682235,2.9113298006595985,1.6630853689492437,0.0,False,False,0.5235987755982988,0.0
2.243,0.001,0.5273705132516129,0.22220634321574878,0.5438218754446095,2.1967345279837214,-3.0000972308140574,2.9113298006595985,0.0,True,False,0.5235987755982988,0.0
2.244,0.001,0.5277313972594915,0.36088400787855035,0.5363235992702108,1.2272334577454806,-1.701726975388992,-3.0,0.0,False,False,0.5235987755982988,0.0
2.245,0.001,0.5279348377313385,0.20344047184703618,0.5171047447310857,-0.8173753419415755,1.0977429659397266,-1.701726975388992,0.0,False,False,0.5235987755982988,0.0
2.246,0.001,0.5280463780925463,0.11154036120773214,0.5004323543446774,-2.4028768463882506,3.3004477982310867,1.0977429659397266,0.0,True,False,0.5235987755982988,0.0
2.247,0.001,0.5282063596124124,0.15998151986603126,0.5152102303553081,-0.6848015606863516,0.9727556871974546,3.0,0.0,False,False,0.5235987755982988,0.0
2.248,0.001,0.5285097012075518,0.303341595139487,0.5275549286690827,0.6181484267597436,-0.8129888673858024,0.9727556871974546,0.0,False,False,0.5235987755982988,0.0
2.249,0.001,0.5288544672206706,0.34476601311880256,0.5491992831877466,2.7207690359501555,-3.725731979750246,-0.8129888673858024,0.0,True,False,0.5235987755982988,0.0
2.25,0.001,0.5291512047263677,0.2967375056970372,0.511059436298067,-1.3652925566128125,1.8640591753395468,-3.0,0.0,False,False,0.5235987755982988,0.0
2.251,0.001,0.529290755282042,0.13955055567425062,0.5278156050662712,0.44685357586888674,-0.6121272214661676,1.8640591753395468,0.0,False,False,0.5235987755982988,0.0
2.2520000000000002,0.001,0.5295169506046975,0.22619532265556838,0.5413004478471208,1.7506524963669583,-2.419413096119146,-0.6121272214661676,0.0,False,False,0.5235987755982988,0.0
2.253,0.001,0.5297056347849909,0.18868418029343925,0.4881446793296557,-3.739989605016248,5.126161258855073,-2.419413096119146,0.0,True,False,0.5235987755982988,0.0
2.254,0.001,0.5297665935738339,0.06095878884299691,0.5478095659659428,2.6004980191140805,-3.5563918495544877,3.0,0.0,True,False,0.5235987755982988,0.0
2.255,0.001,0.5299713354923522,0.20474191851823173,0.5093336797652589,-1.5071404028657138,2.0653402084335752,-3.0,0.0,False,False,0.5235987755982988,0.0
2.2560000000000002,0.001,0.5300192584432117,0.047922950859552865,0.5358136729058185,1.291572951476817,-1.7697556933075347,2.0653402084335752,0.0,False,False,0.5235987755982988,0.0
2.257,0.001,0.5301643554149297,0.14509697171793468,0.534469788584827,1.0280272242299826,-1.4293109028334858,-1.7697556933075347,0.0,False,False,0.5235987755982988,0.0
2.258,0.001,0.5302143842200892,0.05002880515944985,0.5491439877734574,2.3926444206700284,-3.3309871239568887,-1.4293109028334858,0.0,True,False,0.5235987755982988,0.0
2.259,0.001,0.5301868274496256,-0.027556770463536495,0.5398022718257293,1.2192083838302112,-1.7547129926900016,-3.0,0.0,False,False,0.5235987755982988,0.0
2.2600000000000002,0.001,0.5300146637042661,-0.17216374535958773,0.48852311734722287,-4.030627902403448,5.468115331403504,-1.7547129926900016,0.0,True,False,0.5235987755982988,0.0
2.261,0.001,0.5297614529638534,-0.2532107404127828,0.5160644711996589,-0.8734297269194982,1.1837331514789158,3.0,0.0,False,False,0.5235987755982988,0.0
2.262,0.001,0.529665255066402,-0.09619789745125257,0.5320773896167614,0.8152050874827018,-1.1308611573115692,1.1837331514789158,0.0,False,False,0.5235987755982988,0.0
2.263,0.001,0.5296346278213485,-0.03062724505352453,0.5262315868333947,0.14910430039775457,-0.22631576270903067,-1.1308611573115692,0.0,False,False,0.5235987755982988,0.0
2.2640000000000002,0.001,0.5295530439719494,-0.08158384939915697,0.5378889237490578,1.2999275619242963,-1.8171357410228177,-0.22631576270903067,0.0,False,False,0.5235987755982988,0.0
2.265,0.001,0.5294664672349024,-0.08657673704694636,0.5432435126364659,1.7053936944726695,-2.4000777000542106,-1.8171357410228177,0.0,False,False,0.5235987755982988,0.0
2.266,0.001,0.5292953779326575,-0.17108930224496888,0.5399148640728321,1.201989468662023,-1.736076954936026,-2.4000777000542106,0.0,False,False,0.5235987755982988,0.0
2.267,0.001,0.5290109691021733,-0.28440883048421955,0.5252711658500762,-0.38257930047976973,0.42899213604373143,-1.736076954936026,0.0,False,False,0.5235987755982988,0.0
2.2680000000000002,0.001,0.5286468940592641,-0.3640750429090893,0.4964222341137806,-3.229214544061347,4.364235199594944,0.42899213604373143,0.0,True,False,0.5235987755982988,0.0
2.269,0.001,0.5283117249233289,-0.33516913593526637,0.5203620774497166,-0.5123087560616111,0.6730310739484126,3.0,0.0,False,False,0.5235987755982988,0.0
2.27,0.001,0.5281338964639374,-0.17782845939152536,0.5354008915493936,1.0428035295122495,-1.4638023225344061,0.6730310739484126,0.0,False,False,0.5235987755982988,0.0
2.271,0.001,0.5279964308718538,-0.1374655920836241,0.5089645359955218,-1.705112378826155,2.309551167441372,-1.4638023225344061,0.0,False,False,0.5235987755982988,0.0
2.2720000000000002,0.001,0.5277923250131552,-0.20410585869860515,0.5388101475384154,1.4499600133458157,-2.013756710937077,2.309551167441372,0.0,False,False,0.5235987755982988,0.0
2.273,0.001,0.5277105131362471,-0.08181187690814713,0.5435649670766092,1.780445965830613,-2.4959266056063223,-2.013756710937077,0.0,False,False,0.5235987755982988,0.0
2.274,0.001,0.5275343373138072,-0.1761758224398421,0.5297485837622192,0.22076303780855766,-0.3756121923208366,-2.4959266056063223,0.0,False,False,0.5235987755982988,0.0
2.275,0.001,0.5272400698641089,-0.2942674496982925,0.4737670236406459,-5.399469278129631,7.37633466899331,0.0,0.0,True,True,0.5235987755982988,0.0
2.2760000000000002,0.001,0.5269529794842094,-0.2870903798995013,0.5046461294234649,-1.7716117720347695,2.4670817575887343,3.0,0.0,False,False,0.5235987755982988,0.0
2.277,0.001,0.5268230374658295,-0.1299420183799074,0.5597432485980545,3.915261322627665,-5.348914101148799,2.4670817575887343,0.0,True,False,0.5235987755982988,0.0
2.278,0.001,0.5268229692761209,-6.818970856781181e-05,0.5172840853011924,-0.722181139321306,0.9802817925334825,-3.0,0.0,False,False,0.5235987755982988,0.0
2.279,0.001,0.5266729218160046,-0.15004746011643058,0.4920430897412711,-3.174062581381307,4.376877443084067,0.9802817925334825,0.0,True,False,0.5235987755982988,0.0
2.2800000000000002,0.001,0.5265784886317019,-0.09443318430273695,0.548137622634377,2.752796966067417,-3.7450556059303084,3.0,0.0,True,False,0.5235987755982988,0.0
2.281,0.001,0.5266404322296065,0.06194359790462631,0.5268735312755951,0.35110813358248283,-0.48027536249031266,-3.0,0.0,False,False,0.5235987755982988,0.0
2.282,0.001,0.5265461524941503,-0.09427973545622717,0.5458310020650586,2.2117443991705867,-3.0542733554063806,-0.48027536249031266,0.0,True,False,0.5235987755982988,0.0
2.283,0.001,0.5264342351442844,-0.11191734986583729,0.531268075918824,0.5342773446300619,-0.7791802193255271,-3.0,0.0,False,False,0.5235987755982988,0.0
2.2840000000000003,0.001,0.5261787652983682,-0.25546984591627453,0.5341821320403717,0.7722552223218271,-1.117206682743504,-0.7791802193255271,0.0,False,False,0.5235987755982988,0.0
2.285,0.001,0.5258913583208692,-0.28740697749898225,0.5322270649086752,0.499522986919998,-0.7547367918907728,-1.117206682743504,0.0,False,False,0.5235987755982988,0.0
2.286,0.001,0.525555240637143,-0.33611768372616546,0.5377287081743416,0.999735014794636,-1.4540208041223333,-0.7547367918907728,0.0,False,False,0.5235987755982988,0.0
2.287,0.001,0.5251887305845572,-0.3665100525857995,0.5649373903970324,3.620629735584251,-5.088850749078306,-1.4540208041223333,0.0,True,False,0.5235987755982988,0.0
2.2880000000000003,0.001,0.5247569855319756,-0.431745052581573,0.5417042431521897,0.9352520375415554,-1.448200861019902,-3.0,0.0,False,False,0.5235987755982988,0.0
2.289,0.001,0.5241829674596044,-0.5740180723712467,0.4966008430644786,-3.668613174983706,4.888298595589211,-1.448200861019902,0.0,True,False,0.5235987755982988,0.0
2.29,0.001,0.5235448354164716,-0.6381320431327568,0.5313405495000354,0.17221878607034258,-0.34601447351566955,3.0,0.0,False,False,0.5235987755982988,0.0
2.291,0.001,0.5230652559015113,-0.4795795149602258,0.5429878536531063,1.3197273227703996,-1.9326761923110145,-0.34601447351566955,0.0,False,False,0.5235987755982988,0.0
2.2920000000000003,0.001,0.5225762939809352,-0.48896192057616833,0.5435673829713823,1.2457075223209582,-1.8542839595006524,-1.9326761923110145,0.0,False,False,0.5235987755982988,0.0
2.293,0.001,0.5219986540984258,-0.5776398825094143,0.51455299253863,-1.7803022731863707,2.299186822897684,-1.8542839595006524,0.0,False,False,0.5235987755982988,0.0
2.294,0.001,0.5213366105774714,-0.6620435209544093,0.5416687267488228,1.1093013751515524,-1.656420770891295,2.299186822897684,0.0,False,False,0.5235987755982988,0.0
2.295,0.001,0.5207981745717457,-0.5384360057257075,0.536990334054267,0.5305319681808139,-0.877686414024404,-1.656420770891295,0.0,False,False,0.5235987755982988,0.0
2.2960000000000003,0.001,0.5201850712714984,-0.6131033002473694,0.5650839706115859,3.286842427094621,-4.690944422752713,-0.877686414024404,0.0,True,False,0.5235987755982988,0.0
2.297,0.001,0.5195365360637508,-0.6485352077476001,0.5064465363705402,-2.905585239719412,3.7954425937629503,-3.0,0.0,True,False,0.5235987755982988,0.0
2.298,0.001,0.5187465949968342,-0.7899410669166097,0.5098907843121298,-2.2706019215885114,2.9714661490572567,3.0,0.0,False,False,0.5235987755982988,0.0
2.299,0.001,0.5181158136941852,-0.6307813026489433,0.512773028395487,-1.7553173210939361,2.3012442349633364,2.9714661490572567,0.0,False,False,0.5235987755982988,0.0
2.3000000000000003,0.001,0.5176421288241998,-0.47368486998548465,0.5090861382398175,-1.94847460455149,2.599396997914451,2.3012442349633364,0.0,False,False,0.5235987755982988,0.0
2.301,0.001,0.5172914009054425,-0.35072791875737586,0.501757608410999,-2.4864801269781895,3.3769171617452236,2.599396997914451,0.0,True,False,0.5235987755982988,0.0
2.302,0.001,0.5170780457482558,-0.21335515718662382,0.46886026201004966,-5.527566754375307,7.618373349838854,0.0,0.0,True,True,0.5235987755982988,0.0
2.303,0.001,0.5168715440116914,-0.20650173656438287,0.5092846069385362,-0.932375586089127,1.37650573918268,3.0,0.0,False,False,0.5235987755982988,0.0
2.3040000000000003,0.001,0.5168218682820604,-0.04967572963103528,0.5232683825426016,0.5592395329263238,-0.6651403645090378,1.37650573918268,0.0,False,False,0.5235987755982988,0.0
2.305,0.001,0.5168471335993543,0.025265317293889145,0.5082387884525134,-0.9996438293751275,1.4760523638742913,-0.6651403645090378,0.0,False,False,0.5235987755982988,0.0
2.306,0.001,0.5168339290652931,-0.013204534061176477,0.5506127029990208,3.337712008213125,-4.491505103068745,1.4760523638742913,0.0,True,False,0.5235987755982988,0.0
2.307,0.001,0.516898051053141,0.06412198784791032,0.517131503025163,-0.3441791899939659,0.5294259343092043,-3.0,0.0,False,False,0.5235987755982988,0.0
2.308,0.001,0.5168059362176968,-0.09211483544422724,0.5393386439695715,1.9109528234462867,-2.5764610188184527,0.5294259343092043,0.0,False,False,0.5235987755982988,0.0
2.309,0.001,0.5167466599398005,-0.059276277896253,0.521309306873861,-0.08307616846939414,0.14090183920315344,-2.5764610188184527,0.0,False,False,0.5235987755982988,0.0
2.31,0.001,0.5165647658235106,-0.1818941162898552,0.5309882943436971,0.8931301953611536,-1.2047675718505533,0.14090183920315344,0.0,False,False,0.5235987755982988,0.0
2.311,0.001,0.5163966443754948,-0.1681214480157619,0.5212703289000208,-0.16797936854259288,0.243487282820116,-1.2047675718505533,0.0,False,False,0.5235987755982988,0.0
2.312,0.001,0.5161749570340791,-0.22168734141568555,0.5400647556114949,1.728261239459079,-2.3703011275884247,0.243487282820116,0.0,False,False,0.5235987755982988,0.0
2.313,0.001,0.5159723308061672,-0.20262622791184465,0.5169486566474035,-0.7561747808959676,1.0271118781912763,-2.3703011275884247,0.0,False,False,0.5235987755982988,0.0
2.314,0.001,0.5156580000267685,-0.3143307793986396,0.5243169398702435,0.056271019477629025,-0.0804521802681596,1.0271118781912763,0.0,False,False,0.5235987755982988,0.0
2.315,0.001,0.5154022821643971,-0.25571786237148153,0.5217959980150803,-0.20145026798646104,0.27419031808168737,-0.0804521802681596,0.0,False,False,0.5235987755982988,0.0
2.316,0.001,0.5151495645644616,-0.25271759993549764,0.5101180341345196,-1.3491016292438784,1.8615753014406797,0.27419031808168737,0.0,False,False,0.5235987755982988,0.0
2.317,0.001,0.5149175673508298,-0.2319972136317983,0.5219858422284271,-0.02741065692873823,0.06192558897217597,1.8615753014406797,0.0,False,False,0.5235987755982988,0.0
2.318,0.001,0.5147855768911236,-0.1319904597062456,0.5537829736485498,3.1550435507763983,-4.329367825836195,0.06192558897217597,0.0,True,False,0.5235987755982988,0.0
2.319,0.001,0.5146632106504764,-0.12236624064718145,0.5099438937235865,-1.5443687967975683,2.0990304299019034,-3.0,0.0,False,False,0.5235987755982988,0.0
2.32,0.001,0.5143973338165975,-0.26587683387894406,0.5217183772934119,-0.21248356013527636,0.2888274416502968,2.0990304299019034,0.0,False,False,0.5235987755982988,0.0
2.321,0.001,0.5142434720115491,-0.15386180504836716,0.5361958559665009,1.2565126631871528,-1.7345626424522205,0.2888274416502968,0.0,False,False,0.5235987755982988,0.0
2.322,0.001,0.5141106670233085,-0.13280498824052853,0.5340118410824541,0.9124599084637639,-1.2823870688713126,-1.7345626424522205,0.0,False,False,0.5235987755982988,0.0
2.323,0.001,0.5138976651024088,-0.21300192089976178,0.5141021551681507,-1.169754673812954,1.5746447763182105,-1.2823870688713126,0.0,False,False,0.5235987755982988,0.0
2.324,0.001,0.5136273958357422,-0.27026926666646783,0.4720294156142992,-5.2600531618168125,7.240312273892169,0.0,0.0,True,True,0.5235987755982988,0.0
2.325,0.001,0.5133642076461424,-0.26318818959982393,0.5223823730858933,0.30124790152428105,-0.33960223660583805,3.0,0.0,False,False,0.5235987755982988,0.0
2.326,0.001,0.513258072209301,-0.10613543684146923,0.47452093873306855,-4.515020323910621,6.301425452266889,-0.33960223660583805,0.0,True,False,0.5235987755982988,0.0
2.327,0.001,0.5131413809074139,-0.11669130188710569,0.5387966253849866,2.3640503736722476,-3.1104217445670774,3.0,0.0,True,False,0.5235987755982988,0.0
2.328,0.001,0.5131811562680891,0.03977536067523413,0.5161390333165123,-0.13811387054240543,0.30001200572304304,-3.0,0.0,False,False,0.5235987755982988,0.0
2.329,0.001,0.5130649931750418,-0.11616309304727293,0.5305125962684553,1.3130538117061266,-1.7001133461101678,0.30001200572304304,0.0,False,False,0.5235987755982988,0.0
2.33,0.001,0.5129702952264402,-0.09469794860164797,0.49722548564626734,-2.1469626316832775,3.0510743771564997,-1.7001133461101678,0.0,True,False,0.5235987755982988,0.0
2.331,0.001,0.5127969694766321,-0.17332574980811688,0.4857006024057282,-3.084754692568862,4.383872748548905,3.0,0.0,True,False,0.5235987755982988,0.0
2.332,0.001,0.512780337029467,-0.016632447165121828,0.5173313595717405,0.3867964932892507,-0.35134230346905077,3.0,0.0,False,False,0.5235987755982988,0.0
2.333,0.001,0.5129178591891338,0.13752215966677406,0.5123313685219029,-0.15188226102343577,0.38507204060325007,-0.35134230346905077,0.0,False,False,0.5235987755982988,0.0
2.334,0.001,0.5130312641577726,0.1134049686387284,0.5044522583333569,-0.9246050537756844,1.454163375299775,0.38507204060325007,0.0,False,False,0.5235987755982988,0.0
2.335,0.001,0.5131574692511477,0.12620509337507974,0.5146350873488896,0.18613835315515292,-0.06201963529681817,1.454163375299775,0.0,False,False,0.5235987755982988,0.0
2.336,0.001,0.5133498777325569,0.19240848140917882,0.5616507458863862,4.8690903715892935,-6.527843911092725,-0.06201963529681817,0.0,True,False,0.5235987755982988,0.0
2.337,0.001,0.5135324155983284,0.18253786577154416,0.5280976340919263,1.0268701549843797,-1.313223638866551,-3.0,0.0,False,False,0.5235987755982988,0.0
2.338,0.001,0.5135582233127787,0.025807714450253483,0.5318754294801838,1.3019626783116927,-1.7113349838479617,-1.313223638866551,0.0,False,False,0.5235987755982988,0.0
2.339,0.001,0.5135131112492713,-0.04511206350737568,0.5282425886859238,0.8084823310545162,-1.0537674328426685,-1.7113349838479617,0.0,False,False,0.5235987755982988,0.0
2.34,0.001,0.5133884824947842,-0.12462875448713844,0.539209968063619,1.824372035718585,-2.470247907238065,-1.0537674328426685,0.0,False,False,0.5235987755982988,0.0
2.341,0.001,0.5132176638372618,-0.1708186575223879,0.5099002873303701,-1.289033241178164,1.793412678236514,-2.470247907238065,0.0,False,False,0.5235987755982988,0.0
2.342,0.001,0.5129300160585498,-0.2876477787119441,0.4770676658970317,-4.443392060394183,6.169630447095828,1.793412678236514,0.0,True,False,0.5235987755982988,0.0
2.343,0.001,0.5127391895048645,-0.19082655368527446,0.5094477405603057,-0.7610453880273629,1.167973096316711,3.0,0.0,False,False,0.5235987755982988,0.0
2.344,0.001,0.5127051262573321,-0.03406324753243317,0.526872587052785,1.057543800023295,-1.3279811662087044,1.167973096316711,0.0,False,False,0.5235987755982988,0.0
2.345,0.001,0.5127352127369953,0.030086479663177887,0.4958090027550953,-2.1545690097479966,3.0856987228752586,-1.3279811662087044,0.0,True,False,0.5235987755982988,0.0
2.346,0.001,0.5126933442529792,-0.041868484016076166,0.509615177728531,-0.5584946114296248,0.9218982953713696,3.0,0.0,False,False,0.5235987755982988,0.0
2.347,0.001,0.5128074636426208,0.11411938964155334,0.5007338039615554,-1.390782526984224,2.0805085218424497,0.9218982953713696,0.0,False,False,0.5235987755982988,0.0
2.348,0.001,0.5129612216022222,0.153757959601492,0.539176577508152,2.5925730803738514,-3.391488130825978,2.0805085218424497,0.0,True,False,0.5235987755982988,0.0
2.349,0.001,0.5132123899585984,0.2511683563761212,0.5262928824796128,1.044946269482552,-1.3024294472427143,-3.0,0.0,False,False,0.5235987755982988,0.0
2.35,0.001,0.5133065536415492,0.09416368295076502,0.5246780826822737,0.7789716628003829,-0.9541935228720069,-1.3024294472427143,0.0,False,False,0.5235987755982988,0.0
2.351,0.001,0.513329220173899,0.02266653234978047,0.5241782097225802,0.6510872005509998,-0.7917344548982651,-0.9541935228720069,0.0,False,False,0.5235987755982988,0.0
2.352,0.001,0.5132992134356446,-0.03000673825443244,0.512649091334703,-0.5669333582918179,0.8774143466949054,-0.7917344548982651,0.0,False,False,0.5235987755982988,0.0
2.353,0.001,0.5132351712563029,-0.06404217934164405,0.516683178844408,-0.10683127149214533,0.25267826736060994,0.8774143466949054,0.0,False,False,0.5235987755982988,0.0
2.354,0.001,0.5132212361410458,-0.013935115257147253,0.49253586296688895,-2.5108797320948306,3.5721881058791745,0.25267826736060994,0.0,True,False,0.5235987755982988,0.0
2.355,0.001,0.5132236045065762,0.002368365530485604,0.4750629930735589,-4.007078748218349,5.682138583307337,3.0,0.0,True,False,0.5235987755982988,0.0
2.356,0.001,0.5133752561915943,0.15165168501811668,0.5159946660612298,0.4867964253705712,-0.4472817387774429,3.0,0.0,False,False,0.5235987755982988,0.0
2.357,0.001,0.5136703012729843,0.29504508138999086,0.5193249979893134,0.771149975641877,-0.8484519738085152,-0.4472817387774429,0.0,False,False,0.5235987755982988,0.0
2.358,0.001,0.5139358020871099,0.2655008141255606,0.535041450333841,2.2656802125304454,-2.9247844002762937,-0.8484519738085152,0.0,False,False,0.5235987755982988,0.0
2.359,0.001,0.5141518182992886,0.21601621217866795,0.5415768019444379,2.6926473523370937,-3.5547812970350163,-2.9247844002762937,0.0,True,False,0.5235987755982988,0.0
2.36,0.001,0.5142147312266097,0.06291292732112419,0.541616374041164,2.427339826775996,-3.237124564102769,-3.0,0.0,True,False,0.5235987755982988,0.0
2.361,0.001,0.514121414689488,-0.09331653712159058,0.49670261697392504,-2.3067698626255013,3.2522546903893295,-3.0,0.0,True,False,0.5235987755982988,0.0
2.362,0.001,0.5138844703557014,-0.23694433378661248,0.507736285656175,-0.9727260081379541,1.4527960287237733,3.0,0.0,False,False,0.5235987755982988,0.0
2.363,0.001,0.5138044737992493,-0.07999655645208092,0.522187888772628,0.5697069043211405,-0.658252322323294,1.4527960287237733,0.0,False,False,0.5235987755982988,0.0
2.364,0.001,0.5138034330048722,-0.0010407943771763017,0.5579935059781191,4.09329793443814,-5.531062668162534,-0.658252322323294,0.0,True,False,0.5235987755982988,0.0
2.365,0.001,0.5137697957143136,-0.033637290558578184,0.5396024000752677,1.8448575507091844,-2.5018943014364616,-3.0,0.0,False,False,0.5235987755982988,0.0
2.366,0.001,0.5135918915914667,-0.1779041228469595,0.5331290577058188,1.0130375586933695,-1.3871901483674023,-2.5018943014364616,0.0,False,False,0.5235987755982988,0.0
2.367,0.001,0.5132956043698139,-0.2962872216527685,0.5065274277459014,-1.7484291931676998,2.405399293144393,-1.3871901483674023,0.0,False,False,0.5235987755982988,0.0
2.368,0.001,0.5129371427896294,-0.35846158018452917,0.497522401273573,-2.4740889210837724,3.4382814431455917,2.405399293144393,0.0,True,False,0.5235987755982988,0.0
2.369,0.001,0.5127063850204229,-0.2307577692065714,0.5264754250803999,0.6686223517072944,-0.8541265127265729,3.0,0.0,False,False,0.5235987755982988,0.0
2.37,0.001,0.5126325502822919,-0.0738347381308867,0.493422387272239,-2.7035436642795223,3.7874273870045028,-0.8541265127265729,0.0,True,False,0.5235987755982988,0.0
2.371,0.001,0.5125222971048481,-0.11025317744379817,0.508360797723801,-0.9393482526953683,1.4015015049754016,3.0,0.0,False,False,0.5235987755982988,0.0
2.372,0.001,0.5125684847447073,0.04618763985924737,0.5105652316259376,-0.6249700372121778,0.9845678361571154,1.4015015049754016,0.0,False,False,0.5235987755982988,0.0
2.373,0.001,0.5126786799326308,0.110195187923543,0.5404802405826452,2.429027862179802,-3.2186998043339976,0.9845678361571154,0.0,True,False,0.5235987755982988,0.0
2.374,0.001,0.5128316629281537,0.15298299552286182,0.5066410271435635,-1.1977962679463472,1.742594993720852,-3.0,0.0,False,False,0.5235987755982988,0.0
2.375,0.001,0.5128280339944186,-0.0036289337351859408,0.47025509652324476,-4.716609703183587,6.620117867171277,1.742594993720852,0.0,True,False,0.5235987755982988,0.0
2.376,0.001,0.5129126262139921,0.08459221957354734,0.5217168462097649,0.9012262357867833,-1.047596753950529,3.0,0.0,False,False,0.5235987755982988,0.0
2.3770000000000002,0.001,0.5131408826073913,0.2282563933991902,0.5009406497273357,-1.2665160360348178,1.9276655089191181,-1.047596753950529,0.0,False,False,0.5235987755982988,0.0
2.378,0.001,0.5133098461375208,0.168963530129533,0.5140538978774577,0.17146038258086826,-0.03394466012190181,1.9276655089191181,0.0,False,False,0.5235987755982988,0.0
2.379,0.001,0.5135685170895269,0.2586709520060174,0.5120552345828752,-0.04555198513547218,0.2624461204401924,-0.03394466012190181,0.0,False,False,0.5235987755982988,0.0
2.38,0.001,0.5138184561247189,0.24993903519196828,0.5090414202218341,-0.34237822272603385,0.672886264047606,0.2624461204401924,0.0,False,False,0.5235987755982988,0.0
2.3810000000000002,0.001,0.5140745177097923,0.2560615850733777,0.5278685630740629,1.574573884769455,-1.9663448362871,0.672886264047606,0.0,False,False,0.5235987755982988,0.0
2.382,0.001,0.5143571993617279,0.2826816519355554,0.48760366024629076,-2.6093737864847073,3.7791606201177936,-1.9663448362871,0.0,True,False,0.5235987755982988,0.0
2.383,0.001,0.5145344330452413,0.17723368351346452,0.5055108325401411,-0.5577191784512066,0.9948459891882874,3.0,0.0,False,False,0.5235987755982988,0.0
2.384,0.001,0.5148549577942617,0.3205247490204124,0.5267936715866309,1.6263366440429001,-2.009112100641458,0.9948459891882874,0.0,False,False,0.5235987755982988,0.0
2.3850000000000002,0.001,0.5152179427437454,0.36298494948374527,0.5045001415276165,-0.7656500262628361,1.2625554447876857,-2.009112100641458,0.0,False,False,0.5235987755982988,0.0
2.386,0.001,0.5154730201483991,0.2550774046537374,0.4873940460434629,-2.3996945720519056,3.5313186184493324,1.2625554447876857,0.0,True,False,0.5235987755982988,0.0
2.387,0.001,0.5157842050156738,0.31118486727460704,0.5274526969873047,1.8461399795374591,-2.2847385604470563,3.0,0.0,False,False,0.5235987755982988,0.0
2.388,0.001,0.5162381451434793,0.45394012780550896,0.5358398442561532,2.5002407084685614,-3.220628086003652,-2.2847385604470563,0.0,True,False,0.5235987755982988,0.0
2.3890000000000002,0.001,0.5165700325827512,0.3318874392719341,0.5157847180617623,0.24470401818261855,-0.15299178616148484,-3.0,0.0,False,False,0.5235987755982988,0.0
2.39,0.001,0.5167445924722661,0.17455988951484638,0.4825213806557341,-3.106100124238464,4.466713258052322,-0.15299178616148484,0.0,True,False,0.5235987755982988,0.0
2.391,0.001,0.5169048045332297,0.1602120609635902,0.5292263010325945,1.8750019258714228,-2.3512977688630294,3.0,0.0,False,False,0.5235987755982988,0.0
2.392,0.001,0.5172083757472715,0.3035712140418221,0.48823786700254473,-2.411341669720694,3.5301063583884065,-2.3512977688630294,0.0,True,False,0.5235987755982988,0.0
2.3930000000000002,0.001,0.5173871677880141,0.1787920407425041,0.5227767318967921,1.283678986676109,-1.5256179973842094,3.0,0.0,False,False,0.5235987755982988,0.0
2.394,0.001,0.5177092446607998,0.32207687278575925,0.5022200789267072,-0.9003542089999925,1.4652415908886407,-1.5256179973842094,0.0,False,False,0.5235987755982988,0.0
2.395,0.001,0.5179477523262253,0.23850766542540586,0.4977047379956123,-1.2618528812094778,1.9803161342997302,1.4652415908886407,0.0,False,False,0.5235987755982988,0.0
2.396,0.001,0.5182525680405339,0.3048157143086622,0.5105397832449489,0.1478369318451236,0.057657544146150846,1.9803161342997302,0.0,False,False,0.5235987755982988,0.0
2.3970000000000002,0.001,0.5186491802987003,0.39661225816641477,0.5154500344281846,0.6240783569841848,-0.6022166873189658,0.057657544146150846,0.0,False,False,0.5235987755982988,0.0
2.398,0.001,0.5190410889850414,0.39190868634105663,0.5077975339472859,-0.20357952680410507,0.5287177818831589,-0.6022166873189658,0.0,False,False,0.5235987755982988,0.0
2.399,0.001,0.5193953192022711,0.3542302172297441,0.5296701297244097,2.004038003588691,-2.5141299785764257,0.5287177818831589,0.0,False,False,0.5235987755982988,0.0
2.4,0.001,0.5197685683877261,0.3732491854549831,0.5119831890412948,0.0349401349183287,0.16715239612407773,-2.5141299785764257,0.0,False,False,0.5235987755982988,0.0
2.4010000000000002,0.001,0.5200086180775104,0.24004968978434185,0.5371161760861769,2.5447448259147047,-3.297006999879451,0.16715239612407773,0.0,True,False,0.5235987755982988,0.0
2.402,0.001,0.5202500651883423,0.24144711083185913,0.5251574626970764,1.0943990044131864,-1.3413351730738203,-3.0,0.0,False,False,0.5235987755982988,0.0
2.403,0.001,0.5203345465107312,0.0844813223889237,0.5081598765346113,-0.7147995122746479,1.1356595978759536,-1.3413351730738203,0.0,False,False,0.5235987755982988,0.0
2.404,0.001,0.5203456257202296,0.011079209498342527,0.505232123623019,-0.9360948522064139,1.4539135582027343,1.1356595978759536,0.0,False,False,0.5235987755982988,0.0
2.4050000000000002,0.001,0.5204104226970747,0.06479697684517792,0.4916561878642758,-2.200078942860088,3.2150613106445203,1.4539135582027343,0.0,True,False,0.5235987755982988,0.0
2.406,0.001,0.5205416745470113,0.13125184993656047,0.5256159257455736,1.4159027395557005,-1.7353919901177863,3.0,0.0,False,False,0.5235987755982988,0.0
2.407,0.001,0.5208164014134804,0.2747268664691431,0.5146276812273732,0.17548801378009538,-0.04910591785945398,-1.7353919901177863,0.0,False,False,0.5235987755982988,0.0
2.408,0.001,0.5209972597729778,0.1808583594973913,0.479594637307184,-3.3453651796168375,4.806512704780271,-0.04910591785945398,0.0,True,False,0.5235987755982988,0.0
2.4090000000000003,0.001,0.521168939403312,0.17167963033415584,0.5118189510215835,0.21160270978479412,-0.0418864093608769,3.0,0.0,False,False,0.5235987755982988,0.0
2.41,0.001,0.5214839323155448,0.31499291223280024,0.505757921832535,-0.4156604800985346,0.8199279439019904,-0.0418864093608769,0.0,False,False,0.5235987755982988,0.0
2.411,0.001,0.5217895709356606,0.30563862011582543,0.549290332868935,3.9791466715513217,-5.237424036733037,0.8199279439019904,0.0,True,False,0.5235987755982988,0.0
2.412,0.001,0.522128983398491,0.3394124628304623,0.4924098901884141,-2.1068122636559043,3.0895746537650104,-3.0,0.0,True,False,0.5235987755982988,0.0
2.4130000000000003,0.001,0.5223110382114702,0.18205481297914045,0.49715472107985753,-1.421647948145969,2.181970519107106,3.0,0.0,False,False,0.5235987755982988,0.0
2.414,0.001,0.5226363648053463,0.325326593876037,0.5420089896747271,3.205943706155584,-4.17851630076241,2.181970519107106,0.0,True,False,0.5235987755982988,0.0
2.415,0.001,0.5230634886188021,0.42712381345588823,0.5467434728863025,3.3587976566975692,-4.4471617392211495,-3.0,0.0,True,False,0.5235987755982988,0.0
2.416,0.001,0.5233329039370042,0.26941531820206466,0.5103304987850585,-0.6183795190965862,0.9808844055542284,-3.0,0.0,False,False,0.5235987755982988,0.0
2.4170000000000003,0.001,0.5234452415939335,0.1123376569292803,0.5124132628307405,-0.34826516261873036,0.6192574249585259,0.9808844055542284,0.0,False,False,0.5235987755982988,0.0
2.418,0.001,0.5236001742791528,0.15493268521940318,0.534355510916341,1.8807861622031947,-2.4505646303685937,0.6192574249585259,0.0,False,False,0.5235987755982988,0.0
2.419,0.001,0.5237794501071208,0.17927582796795907,0.48316389662793363,-3.4264538828578646,4.8395724808960106,-2.4505646303685937,0.0,True,False,0.5235987755982988,0.0
2.42,0.001,0.523829480600455,0.05003049333414325,0.49134552278850846,-2.2656458785145954,3.2993336047937407,3.0,0.0,True,False,0.5235987755982988,0.0
2.4210000000000003,0.001,0.5240233910431268,0.19391044267177462,0.5191236688779608,0.738733318282097,-0.8059280609724321,3.0,0.0,False,False,0.5235987755982988,0.0
2.422,0.001,0.5243605258440733,0.337134800946561,0.5514112192686255,3.893615025520353,-5.172962016690303,-0.8059280609724321,0.0,True,False,0.5235987755982988,0.0
2.423,0.001,0.5246500157027675,0.28948985869415317,0.5170450910142527,0.06764069753103907,0.0367974854755838,-3.0,0.0,False,False,0.5235987755982988,0.0
2.424,0.001,0.5247823476020269,0.13233189925937977,0.5265440269542052,1.0107702217731895,-1.2659387905341426,0.0367974854755838,0.0,False,False,0.5235987755982988,0.0
2.4250000000000003,0.001,0.5249099900694453,0.12764246741833876,0.5446983458994787,2.725125094123223,-3.649942378369106,-1.2659387905341426,0.0,True,False,0.5235987755982988,0.0
2.426,0.001,0.5249678250618023,0.0578349923570394,0.5617399006175084,4.1567680565138705,-5.674661918162418,-3.0,0.0,True,False,0.5235987755982988,0.0
2.427,0.001,0.524869465535969,-0.09835952583326871,0.5148015603944289,-0.9527427714454673,1.3016411994042187,-3.0,0.0,False,False,0.5235987755982988,0.0
2.428,0.001,0.5246274988063528,-0.2419667296162018,0.5243336425419559,0.09573972045177792,-0.12811526952796126,1.3016411994042187,0.0,False,False,0.5235987755982988,0.0
2.4290000000000003,0.001,0.5244575820036249,-0.1699168027278982,0.5562584447692116,3.2786459711321685,-4.5222492104350325,-0.12811526952796126,0.0,True,False,0.5235987755982988,0.0
2.43,0.001,0.5242879391041306,-0.1696428994943276,0.49772054988056896,-2.903008114845311,3.9494178007335106,-3.0,0.0,True,False,0.5235987755982988,0.0
2.431,0.001,0.5239749747757194,-0.3129643284112038,0.5419096477880517,1.806202487387496,-2.4970386842805476,3.0,0.0,False,False,0.5235987755982988,0.0
2.432,0.001,0.5238192623046218,-0.15571247109755929,0.506046303440719,-1.9607521960845264,2.6688471341378683,-2.4970386842805476,0.0,False,False,0.5235987755982988,0.0
2.433,0.001,0.5235453207471212,-0.27394155750055527,0.5253338009453836,0.16407277399038844,-0.22811778503599264,2.6688471341378683,0.0,False,False,0.5235987755982988,0.0
2.434,0.001,0.5234119173125575,-0.13340343456367484,0.5191774161073706,-0.4679729872099565,0.6411520554886564,-0.22811778503599264,0.0,False,False,0.5235987755982988,0.0
2.435,0.001,0.5232736415831809,-0.1382757293765838,0.5065531848786432,-1.683598811361696,2.327139206587836,0.6411520554886564,0.0,False,False,0.5235987755982988,0.0
2.436,0.001,0.5231739765476402,-0.09966503554075389,0.5060156110273002,-1.5689963153598274,2.1992925407097683,2.327139206587836,0.0,False,False,0.5235987755982988,0.0
2.437,0.001,0.5231970665692404,0.023090021600177715,0.5280214073252752,0.7884829459736604,-1.0257869062539684,2.1992925407097683,0.0,False,False,0.5235987755982988,0.0
2.438,0.001,0.5233251134195317,0.12804685029137405,0.5407005525290628,1.9775491717550486,-2.68089099085981,-1.0257869062539684,0.0,False,False,0.5235987755982988,0.0
2.439,0.001,0.5233953587700836,0.0702453505518418,0.5211310348654078,-0.17715751178595562,0.25700834733518513,-2.68089099085981,0.0,False,False,0.5235987755982988,0.0
2.44,0.001,0.5233252892575716,-0.07006951251196475,0.5245489947264397,0.18235422549582816,-0.2359290149015293,0.25700834733518513,0.0,False,False,0.5235987755982988,0.0
2.441,0.001,0.5232743395835254,-0.05094967404618047,0.5332432076423086,1.0335400945331366,-1.4138478902319398,-0.2359290149015293,0.0,False,False,0.5235987755982988,0.0
2.442,0.001,0.5232177241751661,-0.05661540835935309,0.5062597775119025,-1.7681569279607812,2.4338902791080703,-1.4138478902319398,0.0,False,False,0.5235987755982988,0.0
2.443,0.001,0.5230966012526526,-0.12112292251348475,0.5360066709767939,1.3833481113244304,-1.8833598504022278,2.4338902791080703,0.0,False,False,0.5235987755982988,0.0
2.444,0.001,0.5231036572698858,0.007056017233223244,0.5374038920170658,1.384735404219183,-1.9101745806008261,-1.8833598504022278,0.0,False,False,0.5235987755982988,0.0
2.445,0.001,0.5230144839276409,-0.08917334224485202,0.5684563353323491,4.351506195325587,-6.029243509603609,-1.9101745806008261,0.0,True,False,0.5235987755982988,0.0
2.446,0.001,0.5228361569414094,-0.1783269862315627,0.5162719004855965,-1.302087908882232,1.6943892426873206,-3.0,0.0,False,False,0.5235987755982988,0.0
2.447,0.001,0.5225145432629067,-0.32161367850267863,0.5145195075803302,-1.3471184085206385,1.7799689145482018,1.6943892426873206,0.0,False,False,0.5235987755982988,0.0
2.448,0.001,0.5222849355012524,-0.22960776165430202,0.5357059217956822,0.9062348538666305,-1.3054104561928577,1.7799689145482018,0.0,False,False,0.5235987755982988,0.0
2.449,0.001,0.5221512446163709,-0.13369088488155542,0.5364473092806995,0.8897501169816961,-1.2989737466612477,-1.3054104561928577,0.0,False,False,0.5235987755982988,0.0
2.45,0.001,0.5219588179534667,-0.1924266629041736,0.5126197853419191,-1.581977288594513,2.0959945709282506,-1.2989737466612477,0.0,False,False,0.5235987755982988,0.0
2.451,0.001,0.5217082123098283,-0.25060564363836624,0.5146716961762448,-1.2185884763024963,1.6229936011599686,2.0959945709282506,0.0,False,False,0.5235987755982988,0.0
2.452,0.001,0.5215694088173107,-0.1388034925175571,0.5310139236282923,0.5374931165325025,-0.7784644043788849,1.6229936011599686,0.0,False,False,0.5235987755982988,0.0
2.453,0.001,0.5215183102075747,-0.05109860973610149,0.5070742403691374,-1.9102245210362327,2.5897110593683847,-0.7784644043788849,0.0,False,False,0.5235987755982988,0.0
2.454,0.001,0.5214344207637015,-0.08388944387313631,0.5142692509814966,-0.9997010076966931,1.3675726523384724,2.5897110593683847,0.0,False,False,0.5235987755982988,0.0
2.455,0.001,0.5214863497027865,0.05192893908502376,0.5230500384793391,-0.02165215714277391,0.035859856712604235,1.3675726523384724,0.0,False,False,0.5235987755982988,0.0
2.456,0.001,0.5216005158612247,0.11416615843819874,0.5389829250593552,1.5738017165731155,-2.1654767501867536,0.035859856712604235,0.0,False,False,0.5235987755982988,0.0
2.457,0.001,0.5217100184799953,0.10950261877061349,0.5111577819746609,-1.366092763553626,1.8632492014898339,-2.1654767501867536,0.0,False,False,0.5235987755982988,0.0
2.458,0.001,0.5217048094614188,-0.005209018576489713,0.48954913451139914,-3.3903482335244375,4.681311419793519,1.8632492014898339,0.0,True,False,0.5235987755982988,0.0
2.459,0.001,0.5217943120425104,0.0895025810915218,0.4883433757989325,-3.171889281418658,4.440864334090983,3.0,0.0,True,False,0.5235987755982988,0.0
2.46,0.001,0.5220274581695198,0.2331461270094416,0.5000465535128588,-1.6843825818841662,2.4451990957989205,3.0,0.0,False,False,0.5235987755982988,0.0
2.461,0.001,0.5224036717120221,0.3762135425023029,0.4994845713985321,-1.5721425351284173,2.320626717749902,2.4451990957989205,0.0,False,False,0.5235987755982988,0.0
2.462,0.001,0.5228946403551443,0.4909686431222397,0.5201961735582207,0.6562319343532832,-0.7262314845025333,2.320626717749902,0.0,False,False,0.5235987755982988,0.0
2.463,0.001,0.5234936764595816,0.5990361044372459,0.5027438033676874,-1.15462827813537,1.760943433913449,-0.7262314845025333,0.0,False,False,0.5235987755982988,0.0
2.464,0.001,0.524048004845376,0.5543283857943702,0.5117826169617755,-0.1352840909130243,0.37503176455304854,1.760943433913449,0.0,False,False,0.5235987755982988,0.0
2.465,0.001,0.5246821630893228,0.6341582439468652,0.5111718157031719,-0.18283580768207958,0.44308824733077923,0.37503176455304854,0.0,False,False,0.5235987755982988,0.0
2.466,0.001,0.5253265362885216,0.6443731991987302,0.517638223735807,0.48208857634963787,-0.4712163580947134,0.44308824733077923,0.0,False,False,0.5235987755982988,0.0
2.467,0.001,0.52598448640729,0.6579501187684742,0.5490665413642551,3.5767114815594843,-4.750473561658595,-0.4712163580947134,0.0,True,False,0.5235987755982988,0.0
2.468,0.001,0.5266102439076786,0.6257575003886646,0.5381634088188808,2.1287270788661026,-2.8166358926097987,-3.0,0.0,False,False,0.5235987755982988,0.0
2.469,0.001,0.5270774983780657,0.46725447038711,0.5273590097810534,0.8354144671967554,-1.0701815759256896,-2.8166358926097987,0.0,False,False,0.5235987755982988,0.0
2.47,0.001,0.5273960520359408,0.3185536578750716,0.5193496255015819,-0.04906540747007093,0.13536319070498917,-1.0701815759256896,0.0,False,False,0.5235987755982988,0.0
2.471,0.001,0.527653822400388,0.257770364447287,0.5200924861151544,0.030127194634178837,0.026960577135585757,0.13536319070498917,0.0,False,False,0.5235987755982988,0.0
2.472,0.001,0.5279113298429129,0.25750744252482394,0.5336315848553631,1.381024349191636,-1.8378197856571206,0.026960577135585757,0.0,False,False,0.5235987755982988,0.0
2.473,0.001,0.5281631552845245,0.2518254416115826,0.5383588290028463,1.715646329020788,-2.3244565561067994,-1.8378197856571206,0.0,False,False,0.5235987755982988,0.0
2.474,0.001,0.5283160824350869,0.1529271505624191,0.5124751686048917,-1.0442843436767437,1.45336613829342,-2.3244565561067994,0.0,False,False,0.5235987755982988,0.0
2.475,0.001,0.528346175051981,0.030092616894128094,0.5289828843510648,0.7109156653082348,-0.950012755919669,1.45336613829342,0.0,False,False,0.5235987755982988,0.0
2.476,0.001,0.5284433797158476,0.0972046638666075,0.4929849290947308,-2.9599714268559856,4.103014949291407,-0.950012755919669,0.0,True,False,0.5235987755982988,0.0
2.477,0.001,0.5284866956437234,0.043315927875794524,0.532181798249357,1.255712631292229,-1.6613495652697214,3.0,0.0,False,False,0.5235987755982988,0.0
2.478,0.001,0.5286739940198986,0.18729837617509507,0.5419760076836565,2.10956231159296,-2.86226495144799,-1.6613495652697214,0.0,False,False,0.5235987755982988,0.0
2.479,0.001,0.5287714757243935,0.09748170449499649,0.5238833560537828,0.0893409174462918,-0.11233154913426148,-2.86226495144799,0.0,False,False,0.5235987755982988,0.0
2.48,0.001,0.5287194549552742,-0.052020769119336674,0.5604238319892814,3.73445441925152,-5.144196318139509,-0.11233154913426148,0.0,True,False,0.5235987755982988,0.0
2.481,0.001,0.5286679599920328,-0.05149496324138742,0.5132874475891107,-1.3526294626906958,1.8087592593942208,-3.0,0.0,False,False,0.5235987755982988,0.0
2.482,0.001,0.5284726017823999,-0.1953582096329431,0.5322676529563456,0.6806540203018614,-0.9728246168070757,1.8087592593942208,0.0,False,False,0.5235987755982988,0.0
2.483,0.001,0.5283744629685359,-0.0981388138640446,0.5277492031855221,0.16074364118932583,-0.2676000659972101,-0.9728246168070757,0.0,False,False,0.5235987755982988,0.0
2.484,0.001,0.5282340748228768,-0.14038814565912333,0.5264835502939189,0.01810398791007467,-0.07365073001325133,-0.2676000659972101,0.0,False,False,0.5235987755982988,0.0
2.485,0.001,0.528086868216902,-0.1472066059747994,0.526091569977201,-0.022904442552727153,-0.017384967756966158,-0.07365073001325133,0.0,False,False,0.5235987755982988,0.0
2.486,0.001,0.5279425678959967,-0.14430032090533512,0.5298119033151093,0.3514193354933788,-0.5335395014946432,-0.017384967756966158,0.0,False,False,0.5235987755982988,0.0
2.487,0.001,0.5278039755214964,-0.13859237450035422,0.5426036475160119,1.595451822034297,-2.2566298809599914,-0.5335395014946432,0.0,False,False,0.5235987755982988,0.0
2.488,0.001,0.5276452605299328,-0.15871499156365812,0.5516912940769616,2.3446712959258407,-3.3192708877269386,-2.2566298809599914,0.0,True,False,0.5235987755982988,0.0
2.489,0.001,0.5273803489027518,-0.26491162718099803,0.5273410747271793,-0.32481776864497514,0.3224199380541218,-3.0,0.0,False,False,0.5235987755982988,0.0
2.49,0.001,0.5269724969220795,-0.40785198067231154,0.5412024468259022,1.0938012180918175,-1.6294275438070427,0.3224199380541218,0.0,False,False,0.5235987755982988,0.0
2.491,0.001,0.5265883973462325,-0.38409957584691623,0.514340253552211,-1.7017982310864852,2.208811274133362,-1.6294275438070427,0.0,False,False,0.5235987755982988,0.0
2.492,0.001,0.5261303627914986,-0.4580345547338807,0.5394988073651752,0.9842369733185796,-1.4672849397860703,2.208811274133362,0.0,False,False,0.5235987755982988,0.0
2.493,0.001,0.5257906009386903,-0.3397618528082771,0.5124913399756206,-1.8149334629687393,2.3778539967706953,-1.4672849397860703,0.0,False,False,0.5235987755982988,0.0
2.494,0.001,0.525384833886304,-0.4057670523863475,0.5444204407906328,1.559469964829355,-2.246153931257237,2.3778539967706953,0.0,False,False,0.5235987755982988,0.0
2.495,0.001,0.5251055826019657,-0.2792512843382674,0.5636885444916541,3.330333338448547,-4.71801584621865,-2.246153931257237,0.0,True,False,0.5235987755982988,0.0
2.496,0.001,0.5247211406262019,-0.38444197576378514,0.5225903748174652,-1.1125169628151954,1.35317156943324,-3.0,0.0,False,False,0.5235987755982988,0.0
2.497,0.001,0.5241942364183412,-0.52690420786073,0.48592713351058187,-4.667589397222006,6.279196834245312,1.35317156943324,0.0,True,False,0.5235987755982988,0.0
2.498,0.001,0.5237430984057836,-0.4511380125576251,0.5141774211795983,-1.3758016905981627,1.8205464082544045,3.0,0.0,False,False,0.5235987755982988,0.0
2.499,0.001,0.5234497649452762,-0.2933334605073946,0.5449500420120719,1.8390405617090093,-2.5911714694987262,1.8205464082544045,0.0,False,False,0.5235987755982988,0.0
2.5,0.001,0.5232546321390236,-0.195132806252647,0.5329076430889655,0.45089661322747654,-0.708635550704973,-2.5911714694987262,0.0,False,False,0.5235987755982988,0.0
2.501,0.001,0.5229367212904807,-0.31791084854281393,0.5272810831403478,-0.15684904295704255,0.12193731579156883,-0.708635550704973,0.0,False,False,0.5235987755982988,0.0
2.5020000000000002,0.001,0.5225906503077968,-0.3460709826838915,0.5401952341798869,1.1502509652925692,-1.6790374128196686,0.12193731579156883,0.0,False,False,0.5235987755982988,0.0
2.503,0.001,0.5222580604748333,-0.3325898329635775,0.5307133680623285,0.08703925700747117,-0.23250977276149962,-1.6790374128196686,0.0,False,False,0.5235987755982988,0.0
2.504,0.001,0.5218488491305605,-0.40921134427270667,0.543102163036048,1.3172148286786711,-1.93171876829389,-0.23250977276149962,0.0,False,False,0.5235987755982988,0.0
2.505,0.001,0.5214356491430269,-0.4131999875336908,0.5374826195213085,0.6235389943368564,-0.9981559838184019,-1.93171876829389,0.0,False,False,0.5235987755982988,0.0
2.5060000000000002,0.001,0.5209335160170286,-0.5021331259982506,0.5474921991463769,1.562143057410014,-2.304653292757423,-0.9981559838184019,0.0,False,False,0.5235987755982988,0.0
2.507,0.001,0.5203894836243435,-0.5440323926851777,0.5266516566317694,-0.678125499791741,0.7587987411476189,-2.304653292757423,0.0,False,False,0.5235987755982988,0.0
2.508,0.001,0.5197383946965911,-0.6510889277523081,0.5355381518372939,0.2783365707398865,-0.5489126571897756,0.7587987411476189,0.0,False,False,0.5235987755982988,0.0
2.509,0.001,0.5191338500616072,-0.6045446349839179,0.513773471414247,-1.9259651286387929,2.488013629679484,-0.5489126571897756,0.0,False,False,0.5235987755982988,0.0
2.5100000000000002,0.001,0.5185102779723036,-0.623572089303471,0.5080128064888818,-2.3094351083114333,3.051869573943226,2.488013629679484,0.0,True,False,0.5235987755982988,0.0
2.511,0.001,0.5180196008528414,-0.4906771194622829,0.5478083157446472,1.901059328096245,-2.7170429163497642,3.0,0.0,False,False,0.5235987755982988,0.0
2.512,0.001,0.5176868864418569,-0.3327144109844338,0.5214603699018965,-0.9238411889884477,1.1471007293213793,-2.7170429163497642,0.0,False,False,0.5235987755982988,0.0
2.513,0.001,0.5172256507426989,-0.4612356991579843,0.5312734667023125,0.14985260995199456,-0.317967571814639,1.1471007293213793,0.0,False,False,0.5235987755982988,0.0
2.5140000000000002,0.001,0.5168296150228036,-0.3960357198952834,0.5189892856907475,-1.0935507521996966,1.395231720975559,-0.317967571814639,0.0,False,False,0.5235987755982988,0.0
2.515,0.001,0.5164252650671971,-0.4043499556064342,0.5061886358441661,-2.2642606616378735,3.0304953095398375,1.395231720975559,0.0,True,False,0.5235987755982988,0.0
2.516,0.001,0.5160982940974619,-0.32697096973523054,0.5162899817344176,-1.0277000064489286,1.3647982972885753,3.0,0.0,False,False,0.5235987755982988,0.0
2.517,0.001,0.5159286310116056,-0.16966308585628972,0.5409914546605942,1.545217286813616,-2.1673289672976557,1.3647982972885753,0.0,False,False,0.5235987755982988,0.0
2.5180000000000002,0.001,0.5158338864924433,-0.0947445191622511,0.5255246539276371,-0.15598451516344825,0.15251560826804803,-2.1673289672976557,0.0,False,False,0.5235987755982988,0.0
2.519,0.001,0.5156371535815981,-0.1967329108451898,0.4857663118847908,-4.116220267931736,5.6204486683612265,0.15251560826804803,0.0,True,False,0.5235987755982988,0.0
2.52,0.001,0.5154548333827754,-0.18232019882269757,0.5116981089188556,-1.1114185377320842,1.5479142455084791,3.0,0.0,False,False,0.5235987755982988,0.0
2.521,0.001,0.5154292424646031,-0.025590918172322508,0.5465361373851576,2.4835261626713256,-3.393103907369049,1.5479142455084791,0.0,True,False,0.5235987755982988,0.0
2.5220000000000002,0.001,0.5154862878056782,0.05704534107505829,0.511754828635965,-1.2429573285150664,1.7047398395400883,-3.0,0.0,False,False,0.5235987755982988,0.0
2.523,0.001,0.5153871448026438,-0.09914300303433693,0.4839628635198823,-3.8978581072718264,5.390876146137688,1.7047398395400883,0.0,True,False,0.5235987755982988,0.0
2.524,0.001,0.5153796347700806,-0.007510032563136482,0.5484195707219129,2.937598423658416,-3.9718924206151534,3.0,0.0,True,False,0.5235987755982988,0.0
2.525,0.001,0.5155243075448205,0.14467277473986212,0.5274343036320014,0.5453118723014194,-0.7234137513683496,-3.0,0.0,False,False,0.5235987755982988,0.0
2.5260000000000002,0.001,0.5155124016347149,-0.011905910105610429,0.5142904467296976,-0.8236050051591017,1.155875925825744,-0.7234137513683496,0.0,False,False,0.5235987755982988,0.0
2.527,0.001,0.5154675748216733,-0.04482681304160546,0.5089851124267378,-1.2717779349391678,1.7891794590150991,1.155875925825744,0.0,False,False,0.5235987755982988,0.0
2.528,0.001,0.5154865869913651,0.019012169691786,0.5343771918315453,1.3946077990354957,-1.8675408510410316,1.7891794590150991,0.0,False,False,0.5235987755982988,0.0
2.529,0.001,0.5155905417349225,0.10395474355737451,0.5061311469098212,-1.569457473040464,2.197766284041154,-1.8675408510410316,0.0,False,False,0.5235987755982988,0.0
2.5300000000000002,0.001,0.5155947039837886,0.0041622488661397505,0.5356355592487704,1.5379295081584996,-2.0621775154986874,2.197766284041154,0.0,False,False,0.5235987755982988,0.0
2.531,0.001,0.5157075069433043,0.11280295951569472,0.525170599867984,0.33764061926401,-0.43346157997114493,-2.0621775154986874,0.0,False,False,0.5235987755982988,0.0
2.532,0.001,0.5157107499666347,0.0032430233304511363,0.5199812551865084,-0.21505791080994913,0.3231848603841665,-0.43346157997114493,0.0,False,False,0.5235987755982988,0.0
2.533,0.001,0.515691342470021,-0.019407496613642654,0.5182310549335257,-0.3685721450272212,0.538905545998581,0.3231848603841665,0.0,False,False,0.5235987755982988,0.0
2.5340000000000003,0.001,0.5156926650601553,0.0013225901343362143,0.5126388967337426,-0.8909307505028082,1.2663947201653811,0.538905545998581,0.0,False,False,0.5235987755982988,0.0
2.535,0.001,0.5157205314375622,0.027866377406914195,0.5339703943261632,1.3313120837895311,-1.7842636376489966,1.2663947201653811,0.0,False,False,0.5235987755982988,0.0
2.536,0.001,0.5158063026918627,0.08577125430039466,0.5007032211131531,-2.1285364458904303,2.9663637158011387,-1.7842636376489966,0.0,False,False,0.5235987755982988,0.0
2.537,0.001,0.5157965199392257,-0.009782752636913652,0.4874885862552119,-3.2371462870955092,4.534558952690175,2.9663637158011387,0.0,True,False,0.5235987755982988,0.0
2.5380000000000003,0.001,0.5159378156936727,0.14129575444697295,0.5266618188945049,1.003891605543342,-1.2598047059837203,3.0,0.0,False,False,0.5235987755982988,0.0
2.539,0.001,0.5162225462738675,0.2847305801948382,0.5272397334634235,0.9612939018808614,-1.2190899238292772,-1.2598047059837203,0.0,False,False,0.5235987755982988,0.0
2.54,0.001,0.5164371476964424,0.21460142257487802,0.524818937011345,0.6230848664849264,-0.7696647452167424,-1.2190899238292772,0.0,False,False,0.5235987755982988,0.0
2.541,0.001,0.5165839362171413,0.14678852069885792,0.5237001387207645,0.44889655077838575,-0.5405003971384449,-0.7696647452167424,0.0,False,False,0.5235987755982988,0.0
2.5420000000000003,0.001,0.5166856543515574,0.10171813441622851,0.5110911693639789,-0.8568900399780095,1.2534049601913695,-0.5405003971384449,0.0,False,False,0.5235987755982988,0.0
2.543,0.001,0.5167539410523567,0.06828670079922891,0.5304981070463933,1.1694927322612325,-1.5275792447791803,1.2534049601913695,0.0,False,False,0.5235987755982988,0.0
2.544,0.001,0.5168786378278795,0.12469677552275335,0.5160834985149718,-0.3889173941070416,0.6019758604283358,-1.5275792447791803,0.0,False,False,0.5235987755982988,0.0
2.545,0.001,0.5169204569001576,0.04181907227814749,0.5084187214328192,-1.1165033629116001,1.6130450104725533,0.6019758604283358,0.0,False,False,0.5235987755982988,0.0
2.5460000000000003,0.001,0.516986387965699,0.06593106554136682,0.5115428576584765,-0.6924394040547075,1.0479338077824503,1.6130450104725533,0.0,False,False,0.5235987755982988,0.0
2.547,0.001,0.5171267239723538,0.14033600665481422,0.5523935397124985,3.4618727417529604,-4.672553044159146,1.0479338077824503,0.0,True,False,0.5235987755982988,0.0
2.548,0.001,0.5173128953350198,0.18617136266594556,0.4870318502599757,-3.4204834776746136,4.762784829299352,-3.0,0.0,True,False,0.5235987755982988,0.0
2.549,0.001,0.5173423220123337,0.029426677313878324,0.5260652699945961,0.8249068435548899,-1.0342851113992193,3.0,0.0,False,False,0.5235987755982988,0.0
2.5500000000000003,0.001,0.5175162319933546,0.1739099810209564,0.4882102265267508,-3.043088187585133,4.288699708390024,-1.0342851113992193,0.0,True,False,0.5235987755982988,0.0
2.551,0.001,0.5176317320792175,0.11550008586293284,0.5157427039650567,0.014468375003974021,0.12404723939358879,3.0,0.0,False,False,0.5235987755982988,0.0
2.552,0.001,0.5178907702803675,0.2590382011498913,0.5103225429372841,-0.5289945652736885,0.8737656662266915,0.12404723939358879,0.0,False,False,0.5235987755982988,0.0
2.553,0.001,0.5181489746906824,0.25820441031503866,0.48175836591636945,-3.332512810837782,4.752142747280067,0.8737656662266915,0.0,True,False,0.5235987755982988,0.0
2.5540000000000003,0.001,0.5184438345666676,0.2948598759851864,0.525233821433762,1.348284021985246,-1.6473716514206318,3.0,0.0,False,False,0.5235987755982988,0.0
2.555,0.001,0.5188815150031489,0.43768043648124755,0.5122485995349961,-0.0850665700898614,0.30638305324728204,-1.6473716514206318,0.0,False,False,0.5235987755982988,0.0
2.556,0.001,0.5192290761353132,0.34756113216429096,0.48259101377887154,-3.042318488693334,4.388921899181692,0.30638305324728204,0.0,True,False,0.5235987755982988,0.0
2.557,0.001,0.5195845661756112,0.3554900402979979,0.5342377936543046,2.4265913477193015,-3.103411942271265,3.0,0.0,True,False,0.5235987755982988,0.0
2.5580000000000003,0.001,0.5200826342557481,0.4980680801368059,0.5451282168481147,3.272974532328388,-4.315099381290752,-3.0,0.0,True,False,0.5235987755982988,0.0
2.559,0.001,0.5204227100635643,0.3400758078162587,0.5464302861007545,3.0758840043595255,-4.102027994275632,-3.0,0.0,True,False,0.5235987755982988,0.0
2.56,0.001,0.5206054255681494,0.18271550458499367,0.5268703973287572,0.8123067267238411,-1.0336572632168597,-3.0,0.0,False,False,0.5235987755982988,0.0
2.561,0.001,0.5206314102108553,0.025984642705952576,0.5214352763763659,0.1875639588123279,-0.18613376458000075,-1.0336572632168597,0.0,False,False,0.5235987755982988,0.0
2.562,0.001,0.520600438899702,-0.03097131115332892,0.5437811449164958,2.403394416944082,-3.2473559480604433,-0.18613376458000075,0.0,True,False,0.5235987755982988,0.0
2.563,0.001,0.520565766076578,-0.03467282312401171,0.5499288989222697,2.777830375827068,-3.807338670823958,-3.0,0.0,True,False,0.5235987755982988,0.0
2.564,0.001,0.5203868688532775,-0.17889722330060348,0.5401713750160184,1.524294947619233,-2.127460726662032,-3.0,0.0,False,False,0.5235987755982988,0.0
2.565,0.001,0.5200646872186659,-0.3221816346114684,0.5036317560284232,-2.2820964459022064,3.097922087340408,-2.127460726662032,0.0,True,False,0.5235987755982988,0.0
2.566,0.001,0.5196434212742598,-0.4212659444061243,0.5231575518948048,-0.10130721467382742,0.12951068427148446,3.0,0.0,False,False,0.5235987755982988,0.0
2.567,0.001,0.5193798403936313,-0.2635808806284998,0.5270508442271872,0.2981527400317889,-0.4199205233581371,0.12951068427148446,0.0,False,False,0.5235987755982988,0.0
2.568,0.001,0.5191297893707388,-0.25005102289245446,0.4875460150631733,-3.6821454503727766,5.0675242300795915,-0.4199205233581371,0.0,True,False,0.5235987755982988,0.0
2.569,0.001,0.5188657425257699,-0.2640468449689573,0.5270576314154848,0.6372307298956486,-0.8269362805841257,3.0,0.0,False,False,0.5235987755982988,0.0
2.57,0.001,0.5187587518681808,-0.10699065758912235,0.5584299431024391,3.7107388256015144,-5.079847605796342,-0.8269362805841257,0.0,True,False,0.5235987755982988,0.0
2.571,0.001,0.5186168420884067,-0.14190977977398353,0.5297858351842188,0.4752541512193389,-0.6816720540097672,-3.0,0.0,False,False,0.5235987755982988,0.0
2.572,0.001,0.5183314999395082,-0.2853421488984992,0.5440474094526222,1.8538861629377403,-2.5927388049031093,-0.6816720540097672,0.0,False,False,0.5235987755982988,0.0
2.573,0.001,0.5180192155565049,-0.3122843830033984,0.5212116798476476,-0.6150754138534924,0.7810582201359128,-2.5927388049031093,0.0,False,False,0.5235987755982988,0.0
2.574,0.001,0.5175845433707883,-0.4346721857165406,0.5163066425444787,-1.0440716027850367,1.3841443183108066,0.7810582201359128,0.0,False,False,0.5235987755982988,0.0
2.575,0.001,0.5171966627848215,-0.3878805859668788,0.5238511038853901,-0.18521830841538656,0.2177200609308201,1.3841443183108066,0.0,False,False,0.5235987755982988,0.0
2.576,0.001,0.516885540937114,-0.311121847707471,0.5026466798042769,-2.28713888568517,3.1217043871145984,0.2177200609308201,0.0,True,False,0.5235987755982988,0.0
2.577,0.001,0.5165925495798439,-0.29299135727010045,0.499771499313579,-2.3459430461864437,3.244022628548689,3.0,0.0,True,False,0.5235987755982988,0.0
2.578,0.001,0.5164567301880029,-0.1358193918410223,0.5385579140436171,1.7672927314360076,-2.390015769738938,3.0,0.0,False,False,0.5235987755982988,0.0
2.579,0.001,0.516477454058572,0.020723870569125225,0.5404293464061257,1.777706694543271,-2.436198307992809,-2.390015769738938,0.0,False,False,0.5235987755982988,0.0
2.58,0.001,0.5163739359623416,-0.1035180962303917,0.49907586751803235,-2.535411863720393,3.4839065819092676,-2.436198307992809,0.0,True,False,0.5235987755982988,0.0
2.581,0.001,0.5161550216398894,-0.21891432245223977,0.5330497879347234,1.1155213643207467,-1.5087438592405376,3.0,0.0,False,False,0.5235987755982988,0.0
2.582,0.001,0.5160929829747232,-0.06203866516616202,0.5145752450829442,-0.8434850572892458,1.1746056180234787,-1.5087438592405376,0.0,False,False,0.5235987755982988,0.0
2.583,0.001,0.5159617310610115,-0.1312519137116331,0.521892509512378,-0.027410108616940154,0.06360491988690326,1.1746056180234787,0.0,False,False,0.5235987755982988,0.0
2.584,0.001,0.5158957344119237,-0.06599664908778895,0.5239280649491141,0.17888644591837075,-0.22059094341672086,0.06360491988690326,0.0,False,False,0.5235987755982988,0.0
2.585,0.001,0.515839165687731,-0.05656872419272548,0.5331938552752473,1.0875768339398506,-1.4778036349128938,-0.22059094341672086,0.0,False,False,0.5235987755982988,0.0
2.586,0.001,0.5157777519160931,-0.06141377163794535,0.517221456889935,-0.6184206879853621,0.8568965623329825,-1.4778036349128938,0.0,False,False,0.5235987755982988,0.0
2.587,0.001,0.515648667849752,-0.1290840663410272,0.5402606376542637,1.7473394572460386,-2.396720865702614,0.8568965623329825,0.0,False,False,0.5235987755982988,0.0
2.588,0.001,0.5155689449180675,-0.07972293168459818,0.5209692177198237,-0.3565364819225594,0.4751758201196226,-2.396720865702614,0.0,False,False,0.5235987755982988,0.0
2.589,0.001,0.5153757006976051,-0.19324422046244383,0.5262697713913638,0.20917253342369957,-0.2990849643836087,0.4751758201196226,0.0,False,False,0.5235987755982988,0.0
2.59,0.001,0.5152129882449819,-0.1627124526232191,0.5006698124889563,-2.3717406101594216,3.258810068159472,-0.2990849643836087,0.0,True,False,0.5235987755982988,0.0
2.591,0.001,0.5150419723929204,-0.17101585206150818,0.5527176795575632,3.070220157717217,-4.20840446052742,3.0,0.0,True,False,0.5235987755982988,0.0
2.592,0.001,0.5150276406038183,-0.014331789102066589,0.5232276324216745,-0.1858065716433801,0.2296484631512943,-3.0,0.0,False,False,0.5235987755982988,0.0
2.593,0.001,0.5148670548955961,-0.1605857082222211,0.5273112075261106,0.24113159596457104,-0.3561816898580974,0.2296484631512943,0.0,False,False,0.5235987755982988,0.0
2.594,0.001,0.5147245939520908,-0.1424609435053659,0.4866564565625935,-3.8484566599835968,5.283109734623012,-0.3561816898580974,0.0,True,False,0.5235987755982988,0.0
2.595,0.001,0.514570893760065,-0.15370019202579754,0.5002120346945164,-2.1080531807929503,2.9506251532196246,3.0,0.0,False,False,0.5235987755982988,0.0
2.596,0.001,0.5145738083662719,0.002914606206788045,0.5361789544771837,1.6994441155530744,-2.2657761584836167,2.9506251532196246,0.0,False,False,0.5235987755982988,0.0
2.597,0.001,0.5147233743275621,0.14956596129021235,0.5197305689364966,-0.11533885007093869,0.20803433999756618,-2.2657761584836167,0.0,False,False,0.5235987755982988,0.0
2.598,0.001,0.5147530532209166,0.029678893354533747,0.48135129569020785,-3.94173228969272,5.490533385976901,0.20803433999756618,0.0,True,False,0.5235987755982988,0.0
2.599,0.001,0.5147876018891756,0.03454866825902503,0.5329091797402413,1.6082293442798976,-2.097462487690842,3.0,0.0,False,False,0.5235987755982988,0.0
2.6,0.001,0.5149663798513758,0.17877796220026151,0.5054755794996927,-1.2959536142029555,1.8813618668184569,-2.097462487690842,0.0,False,False,0.5235987755982988,0.0
2.601,0.001,0.5150335695775493,0.06718972617343404,0.5396656977704203,2.2526535742900986,-2.9923888882463046,1.8813618668184569,0.0,False,False,0.5235987755982988,0.0
2.602,0.001,0.5151885731140164,0.1550035364671632,0.5136555513216583,-0.5736264280151087,0.8673297505976597,-2.9923888882463046,0.0,False,False,0.5235987755982988,0.0
2.603,0.001,0.5151873371941511,-0.0012359198653387193,0.5187601428660557,-0.005804630773862729,0.09406094610901224,0.8673297505976597,0.0,False,False,0.5235987755982988,0.0
2.604,0.001,0.5152298430102082,0.0425058160571682,0.5358064821380948,1.6994097595074367,-2.259030429125251,0.09406094610901224,0.0,False,False,0.5235987755982988,0.0
2.605,0.001,0.5152710505170851,0.04120750687682274,0.49960684316216575,-2.0904951140362105,2.940448920693848,-2.259030429125251,0.0,False,False,0.5235987755982988,0.0
2.606,0.001,0.515193333349016,-0.07771716806916718,0.4978648875843983,-2.0556411604093356,2.9299793767414126,2.940448920693848,0.0,False,False,0.5235987755982988,0.0
2.607,0.001,0.5152689444399163,0.07561109090037954,0.5118394000290014,-0.4526257999080896,0.7548197201370608,2.9299793767414126,0.0,False,False,0.5235987755982988,0.0
2.608,0.001,0.5154847582956178,0.2158138557014185,0.5299216471319474,1.4008614903773222,-1.794845476058462,0.7548197201370608,0.0,False,False,0.5235987755982988,0.0
2.609,0.001,0.5157314498819083,0.24669158629055338,0.49250325988390664,-2.4810633834644897,3.536995343016447,-1.794845476058462,0.0,True,False,0.5235987755982988,0.0
2.61,0.001,0.5158814124280511,0.14996254614270005,0.4867687166228001,-2.806411371228697,4.030634707033413,3.0,0.0,True,False,0.5235987755982988,0.0
2.611,0.001,0.5161747751276938,0.29336269964273043,0.530551417422188,1.8524998458329676,-2.348147367829567,3.0,0.0,False,False,0.5235987755982988,0.0
2.612,0.001,0.516610964376538,0.43618924884416166,0.5060870075041243,-0.7791911305567039,1.2502411823631863,-2.348147367829567,0.0,False,False,0.5235987755982988,0.0
2.613,0.001,0.5169220014999952,0.3110371234573067,0.5100763661625665,-0.3023361516568148,0.6062067518313601,1.2502411823631863,0.0,False,False,0.5235987755982988,0.0
2.614,0.001,0.5172883065340769,0.36630503408163717,0.48488085143494164,-2.791654009253615,4.046907446044767,0.6062067518313601,0.0,True,False,0.5235987755982988,0.0
2.615,0.001,0.5176774566856137,0.3891501515368786,0.505827032097238,-0.41787054209861774,0.8213360335374359,3.0,0.0,False,False,0.5235987755982988,0.0
2.616,0.001,0.5182090502365444,0.531593550930731,0.5180769759948557,0.8489109018730123,-0.9193006893856386,0.8213360335374359,0.0,False,False,0.5235987755982988,0.0
2.617,0.001,0.5187735842149482,0.5645339784038799,0.5350117411181188,2.457496324012019,-3.1544289681711817,-0.9193006893856386,0.0,True,False,0.5235987755982988,0.0
2.618,0.001,0.5192838950229692,0.5103108080209824,0.5058233893314716,-0.7070884870538956,1.168463137267564,-3.0,0.0,False,False,0.5235987755982988,0.0
2.619,0.001,0.5196361645877581,0.3522695647888985,0.5485628348297446,3.6375649114787834,-4.814430959940563,1.168463137267564,0.0,True,False,0.5235987755982988,0.0
2.62,0.001,0.5200394482311512,0.4032836433931211,0.5080916916948518,-0.7733058931583692,1.2070945820520893,-3.0,0.0,False,False,0.5235987755982988,0.0
2.621,0.001,0.5202851187399707,0.2456705088195486,0.5083629177089296,-0.6688527024347515,1.0768686849303475,1.2070945820520893,0.0,False,False,0.5235987755982988,0.0
2.622,0.001,0.5205841612958578,0.2990425558871318,0.547416112356874,3.303352032603166,-4.392734500778152,1.0768686849303475,0.0,True,False,0.5235987755982988,0.0
2.623,0.001,0.520929851115768,0.3456898199101019,0.5246205270112871,0.6934582947841599,-0.8505414791747817,-3.0,0.0,False,False,0.5235987755982988,0.0
2.624,0.001,0.5211181581763984,0.18830706063046151,0.5114835091027169,-0.6895893255512804,1.0455819875820112,-0.8505414791747817,0.0,False,False,0.5235987755982988,0.0
2.625,0.001,0.5212571849349072,0.13902675850883658,0.5185496010168776,0.08597879841992184,-0.012289415638324988,1.0455819875820112,0.0,False,False,0.5235987755982988,0.0
2.626,0.001,0.5214419346967595,0.18474976185219877,0.5450575236466072,2.7281731815508854,-3.6600652827306135,-0.012289415638324988,0.0,True,False,0.5235987755982988,0.0
2.6270000000000002,0.001,0.521619330988896,0.177396292136532,0.5472093976933887,2.670543268073949,-3.629643119400357,-3.0,0.0,True,False,0.5235987755982988,0.0
2.628,0.001,0.5216400176961011,0.02068670720510038,0.5073842874100029,-1.5790220870720315,2.186687291875765,-3.0,0.0,False,False,0.5235987755982988,0.0
2.629,0.001,0.5215059678087988,-0.13404988730234335,0.5207653581087524,-0.08301280848987913,0.15061688499969128,2.186687291875765,0.0,False,False,0.5235987755982988,0.0
2.63,0.001,0.5214877884675482,-0.018179341250569914,0.5230613219535004,0.15488485683391484,-0.17618766259432656,0.15061688499969128,0.0,False,False,0.5235987755982988,0.0
2.6310000000000002,0.001,0.5214815365045574,-0.0062519629907762265,0.50426839936081,-1.7398958881185147,2.4358218380170156,-0.17618766259432656,0.0,False,False,0.5235987755982988,0.0
2.632,0.001,0.5214683169595837,-0.013219544973724802,0.5204964294466949,0.05689670928182777,-0.012433820409323587,2.4358218380170156,0.0,False,False,0.5235987755982988,0.0
2.633,0.001,0.5215804154650927,0.11209850550894784,0.521673316905599,0.16889578424405466,-0.16801668462426958,-0.012433820409323587,0.0,False,False,0.5235987755982988,0.0
2.634,0.001,0.5216854440480388,0.10502858294615333,0.5415858536179338,2.1432598770531213,-2.8956792568171745,-0.16801668462426958,0.0,False,False,0.5235987755982988,0.0
2.6350000000000002,0.001,0.5217756520119072,0.0902079638683616,0.5428491942269235,2.0552679502467783,-2.8128290756113774,-2.8956792568171745,0.0,False,False,0.5235987755982988,0.0
2.636,0.001,0.521714716631342,-0.060935380565318456,0.5159689287014676,-0.8382853973234845,1.1432797209311432,-2.8128290756113774,0.0,False,False,0.5235987755982988,0.0
2.637,0.001,0.5215193565106361,-0.19536012070585812,0.5177851697052718,-0.5728327572107186,0.792044214727349,1.1432797209311432,0.0,False,False,0.5235987755982988,0.0
2.638,0.001,0.5213879418164202,-0.1314146942158143,0.5329820296829437,1.0041365162775477,-1.3738623930566656,0.792044214727349,0.0,False,False,0.5235987755982988,0.0
2.6390000000000002,0.001,0.5213026549681719,-0.08528684824834507,0.5110891897897568,-1.2855611246688976,1.767845894156433,-1.3738623930566656,0.0,False,False,0.5235987755982988,0.0
2.64,0.001,0.5211550137755547,-0.14764119261712752,0.5314287225328115,0.8769482621034583,-1.193276959345378,1.767845894156433,0.0,False,False,0.5235987755982988,0.0
2.641,0.001,0.5211023554377685,-0.0526583377861892,0.5195680977993129,-0.39680903745674523,0.5487230453298407,-1.193276959345378,0.0,False,False,0.5235987755982988,0.0
2.642,0.001,0.520996182222842,-0.10617321492649687,0.504076985277153,-1.9062393859270659,2.638879488893105,0.5487230453298407,0.0,False,False,0.5235987755982988,0.0
2.6430000000000002,0.001,0.5209238695591912,-0.07231266365082607,0.5042239185154818,-1.7009221235014775,2.38985397569248,2.638879488893105,0.0,False,False,0.5235987755982988,0.0
2.644,0.001,0.5209897814436711,0.06591188447988987,0.5462457201590297,2.671350253203465,-3.6132653059373143,2.38985397569248,0.0,True,False,0.5235987755982988,0.0
2.645,0.001,0.5211689388257221,0.17915738205103046,0.518438868993832,-0.3764698886366573,0.5446421852443921,-3.0,0.0,False,False,0.5235987755982988,0.0
2.646,0.001,0.5211913795784437,0.022440752721653162,0.5498209594155375,2.7993861423975663,-3.8312626795873768,0.5446421852443921,0.0,True,False,0.5235987755982988,0.0
2.6470000000000002,0.001,0.5212361130183737,0.04473343992992261,0.5122714691112665,-1.2355015022692912,1.6864933194897305,-3.0,0.0,False,False,0.5235987755982988,0.0
2.648,0.001,0.5211248028893537,-0.1113101290199879,0.5262072924480306,0.28163098163403943,-0.3849104812560185,1.6864933194897305,0.0,False,False,0.5235987755982988,0.0
2.649,0.001,0.5211042624910168,-0.02054039833692292,0.5628643492435136,3.9191735630189384,-5.409788601236592,-0.3849104812560185,0.0,True,False,0.5235987755982988,0.0
2.65,0.001,0.5210691949924354,-0.035067498581361586,0.5026143148311166,-2.4977472345226497,3.375016975236459,-3.0,0.0,True,False,0.5235987755982988,0.0
2.6510000000000002,0.001,0.5208899183144183,-0.17927667801709768,0.4877668066990776,-3.7327233242742848,5.124243429315123,3.0,0.0,True,False,0.5235987755982988,0.0
2.652,0.001,0.5208673587429168,-0.022559571501498288,0.5433225926575451,2.196127603999892,-2.990381831866304,3.0,0.0,False,False,0.5235987755982988,0.0
2.653,0.001,0.5209997513674943,0.1323926245775713,0.5065692101929163,-1.6988234028629743,2.3451202607324535,-2.990381831866304,0.0,False,False,0.5235987755982988,0.0
2.654,0.001,0.5209760953513324,-0.023656016161892807,0.5206147011215618,-0.12439196971212851,0.20298370423581996,2.3451202607324535,0.0,False,False,0.5235987755982988,0.0
2.6550000000000002,0.001,0.521074759968641,0.09866461730872947,0.5108485580488679,-1.088567080010312,1.5357844119021316,0.20298370423581996,0.0,False,False,0.5235987755982988,0.0
2.656,0.001,0.5211771797352919,0.10241976665087103,0.5258575031942665,0.5211841425305821,-0.6660780677641167,1.5357844119021316,0.0,False,False,0.5235987755982988,0.0
2.657,0.001,0.5213499794711639,0.17279973587205444,0.5047599929963538,-1.6406852915137484,2.307920436651509,-0.6660780677641167,0.0,False,False,0.5235987755982988,0.0
2.658,0.001,0.5214827841050798,0.13280463391583802,0.5183422371151881,-0.11839235047893881,0.23668851327071908,2.307920436651509,0.0,False,False,0.5235987755982988,0.0
2.6590000000000003,0.001,0.5217244535627829,0.24166945770306048,0.5295752120371279,1.0167443767629303,-1.3276691080144394,0.23668851327071908,0.0,False,False,0.5235987755982988,0.0
2.66,0.001,0.521970990768319,0.24653720553616756,0.5043726808257161,-1.6051831820545428,2.2722895243719408,-1.3276691080144394,0.0,False,False,0.5235987755982988,0.0
2.661,0.001,0.5221441583696326,0.17316760131353653,0.5099253870116822,-0.8893942452524738,1.3133940888620672,2.2722895243719408,0.0,False,False,0.5235987755982988,0.0
2.662,0.001,0.5224242477771214,0.2800894074887955,0.5163612735659194,-0.15686616530350517,0.31851443494703513,1.3133940888620672,0.0,False,False,0.5235987755982988,0.0
2.6630000000000003,0.001,0.5227628865314233,0.3386387543019519,0.4978253528008623,-1.9947716252788656,2.8576475606884957,0.31851443494703513,0.0,False,False,0.5235987755982988,0.0
2.664,0.001,0.5231100964524554,0.34720992103209586,0.5157350160121542,-0.0043281416217901825,0.14674144249675108,2.8576475606884957,0.0,False,False,0.5235987755982988,0.0
2.665,0.001,0.5235927999118378,0.4827034593823923,0.5256661906731203,0.9892221386369933,-1.2242800377111778,0.14674144249675108,0.0,False,False,0.5235987755982988,0.0
2.666,0.001,0.5240749096295075,0.4821097176697003,0.5171014650759309,0.03382736505435946,0.07635875133739095,-1.2242800377111778,0.0,False,False,0.5235987755982988,0.0
2.6670000000000003,0.001,0.524487876906421,0.4129672769134626,0.5197514635922472,0.2954444801805544,-0.2852817601077366,0.07635875133739095,0.0,False,False,0.5235987755982988,0.0
2.668,0.001,0.5248970102517936,0.40913334537267826,0.5245496605678253,0.7457197297203029,-0.9119796051158394,-0.2852817601077366,0.0,False,False,0.5235987755982988,0.0
2.669,0.001,0.5252842429757794,0.3872327239858007,0.5138393605079077,-0.3998822492434848,0.6555281707192222,-0.9119796051158394,0.0,False,False,0.5235987755982988,0.0
2.67,0.001,0.5256183277886134,0.33408481283406555,0.5376796449002705,2.0241344149171487,-2.68241694533607,0.6555281707192222,0.0,False,False,0.5235987755982988,0.0
2.6710000000000003,0.001,0.525977852670732,0.35952488211869044,0.5510403989351371,3.157796376912092,-4.2833048723576,-2.68241694533607,0.0,True,False,0.5235987755982988,0.0
2.672,0.001,0.5261958186060555,0.21796593532341219,0.5180908517805423,-0.4529379762386023,0.6426682002059407,-3.0,0.0,False,False,0.5235987755982988,0.0
2.673,0.001,0.5262569126776417,0.06109407158622099,0.5347252193417813,1.2557925775091614,-1.7072270803936784,0.6426682002059407,0.0,False,False,0.5235987755982988,0.0
2.674,0.001,0.5263439223862545,0.08700970861280594,0.5221618140796569,-0.12612720645419495,0.17721795508058852,-1.7072270803936784,0.0,False,False,0.5235987755982988,0.0
2.6750000000000003,0.001,0.5263392246987707,-0.004697687483744814,0.5327181822440652,0.9421223306320546,-1.2946961163822603,0.17721795508058852,0.0,False,False,0.5235987755982988,0.0
2.676,0.001,0.5263447906480402,0.005565949269490115,0.5536727988278702,2.943371755949353,-4.073378525271509,-1.2946961163822603,0.0,True,False,0.5235987755982988,0.0
2.677,0.001,0.5262839715560143,-0.060819092025959726,0.5351617553533699,0.7979302329043796,-1.165649915076534,-3.0,0.0,False,False,0.5235987755982988,0.0
2.678,0.001,0.5260793683970566,-0.20460315895762626,0.4951274456920909,-3.285293756513954,4.454836446128487,-1.165649915076534,0.0,True,False,0.5235987755982988,0.0
2.6790000000000003,0.001,0.5258233011549653,-0.2560672420912316,0.5337470197133855,0.9051930212668973,-1.268900019591836,3.0,0.0,False,False,0.5235987755982988,0.0
2.68,0.001,0.5257242581818424,-0.09904297312295754,0.5472417897310469,2.164150720906349,-3.022555119477084,-1.268900019591836,0.0,True,False,0.5235987755982988,0.0
2.681,0.001,0.525568165780148,-0.15609240169444838,0.521700583003872,-0.6063850239017712,0.7618294953818079,-3.0,0.0,False,False,0.5235987755982988,0.0
2.682,0.001,0.5252686977460642,-0.29946803408373385,0.5426458032602758,1.5487755041287827,-2.201377102870125,0.7618294953818079,0.0,False,False,0.5235987755982988,0.0
2.6830000000000003,0.001,0.5250145190588859,-0.2541786871783097,0.512969730646602,-1.5737093076514723,2.0797739783123093,-2.201377102870125,0.0,False,False,0.5235987755982988,0.0
2.684,0.001,0.5246572882313126,-0.35723082757321245,0.49872973873033966,-2.84033756851256,3.8560477458383366,2.0797739783123093,0.0,True,False,0.5235987755982988,0.0
2.685,0.001,0.5244114750259653,-0.24581320534730414,0.5268753392064047,0.2582562359452023,-0.36888562808014913,3.0,0.0,False,False,0.5235987755982988,0.0
2.686,0.001,0.5243226450734392,-0.08882995252616821,0.49366634306178303,-3.0884690021114864,4.244946588191068,-0.36888562808014913,0.0,True,False,0.5235987755982988,0.0
2.6870000000000003,0.001,0.5242217244948139,-0.10092057862536366,0.520036930868979,-0.14256332118074644,0.23518919054465326,3.0,0.0,False,False,0.5235987755982988,0.0
2.688,0.001,0.5242772071016382,0.05548260682434672,0.5467368415386158,2.541684077901012,-3.46650608040692,0.23518919054465326,0.0,True,False,0.5235987755982988,0.0
2.689,0.001,0.5243382737869844,0.0610666853461731,0.49100662314925764,-3.285506168824904,4.529266146672626,-3.0,0.0,True,False,0.5235987755982988,0.0
2.69,0.001,0.524243122881686,-0.0951509052984637,0.5019116910242705,-1.866448764441131,2.630106039661867,3.0,0.0,False,False,0.5235987755982988,0.0
2.691,0.001,0.5243043516953049,0.0612288136188858,0.506291991030486,-1.2417738873754591,1.8016507870711806,2.630106039661867,0.0,False,False,0.5235987755982988,0.0
2.692,0.001,0.5244908671436797,0.18651544837479897,0.5233857271098225,0.5917771092957258,-0.7062976583622964,1.8016507870711806,0.0,False,False,0.5235987755982988,0.0
2.693,0.001,0.5247607190697098,0.2698519260301205,0.5183777570303731,0.03180239042122246,0.05581546571719516,-0.7062976583622964,0.0,False,False,0.5235987755982988,0.0
2.694,0.001,0.5249881767051177,0.2274576354079081,0.5494077132501545,3.1316177733572323,-4.222502205762081,0.05581546571719516,0.0,True,False,0.5235987755982988,0.0
2.695,0.001,0.5252115152832714,0.2233385781537241,0.5418680358368279,2.0644882546888477,-2.80623258992014,-3.0,0.0,False,False,0.5235987755982988,0.0
2.696,0.001,0.5252779605071148,0.06644522384350643,0.5339221041120642,1.0634462567435976,-1.461955421340094,-2.80623258992014,0.0,False,False,0.5235987755982988,0.0
2.697,0.001,0.5251978439138346,-0.08011659328022092,0.5277395723898497,0.3388484588477878,-0.48115249286526124,-1.461955421340094,0.0,False,False,0.5235987755982988,0.0
2.698,0.001,0.5250509460382905,-0.14689787554411093,0.5319141003635588,0.7224164103339186,-1.016575538175382,-0.48115249286526124,0.0,False,False,0.5235987755982988,0.0
2.699,0.001,0.5248865781245994,-0.16436791369115772,0.5098421479302854,-1.5570204740268152,2.11604386685642,-1.016575538175382,0.0,False,False,0.5235987755982988,0.0
2.7,0.001,0.5246780389047817,-0.20853921981767826,0.5396391819565293,1.5783849760002555,-2.1827892856484548,2.11604386685642,0.0,False,False,0.5235987755982988,0.0
2.701,0.001,0.5245821360351756,-0.09590286960611678,0.5051733023687222,-2.026041480380481,2.762908294588957,-2.1827892856484548,0.0,False,False,0.5235987755982988,0.0
2.702,0.001,0.524383476492144,-0.19865954303151634,0.5389635555311505,1.5555879839004008,-2.143271619471811,2.762908294588957,0.0,False,False,0.5235987755982988,0.0
2.703,0.001,0.5243297570019858,-0.05371949015822419,0.5450318490618032,2.0068585385756355,-2.794025568633842,-2.143271619471811,0.0,False,False,0.5235987755982988,0.0
2.704,0.001,0.5241750333257075,-0.15472367627833605,0.5278553149080523,0.08851926934297438,-0.18284083078713131,-2.794025568633842,0.0,False,False,0.5235987755982988,0.0
2.705,0.001,0.5238872272634137,-0.28780606229376454,0.5208117291995163,-0.6246912284449145,0.7997963093119819,-0.18284083078713131,0.0,False,False,0.5235987755982988,0.0
2.706,0.001,0.5235974303838298,-0.28979687958394984,0.5305841563121901,0.4150206056669554,-0.6237615796503903,0.7997963093119819,0.0,False,False,0.5235987755982988,0.0
2.707,0.001,0.5233547825072298,-0.24264787660001808,0.4734118653426714,-5.343710551851615,7.3158170468232315,0.0,0.0,True,True,0.5235987755982988,0.0
2.708,0.001,0.5231191052221358,-0.23567728509396563,0.5283945063259194,0.6889246016583526,-0.9130326750871943,3.0,0.0,False,False,0.5235987755982988,0.0
2.709,0.001,0.5230403706461815,-0.07873457595428776,0.5210619701635782,-0.11322147474160227,0.18152826751489295,-0.9130326750871943,0.0,False,False,0.5235987755982988,0.0
2.71,0.001,0.5229222948079266,-0.11807583825483364,0.5220386675410102,-0.004229589524241975,0.03315745246028458,0.18152826751489295,0.0,False,False,0.5235987755982988,0.0
2.711,0.001,0.5228197675970269,-0.1025272108997231,0.5351510862194833,1.3074352372754834,-1.7768638759119,0.03315745246028458,0.0,False,False,0.5235987755982988,0.0
2.712,0.001,0.5227253079444716,-0.09445965255523836,0.5214203440850017,-0.19638249990021994,0.2748707671196119,-1.7768638759119,0.0,False,False,0.5235987755982988,0.0
2.713,0.001,0.5225483819887135,-0.1769259557580988,0.5026480181863358,-2.053976839776793,2.8418858411474863,0.2748707671196119,0.0,False,False,0.5235987755982988,0.0
2.714,0.001,0.5223919072748858,-0.15647471382761913,0.5199239650978692,-0.12098446464576962,0.2113279465826566,2.8418858411474863,0.0,False,False,0.5235987755982988,0.0
2.715,0.001,0.5223841527500497,-0.007754524836126014,0.5235632183750387,0.25503930953575915,-0.30540714142422926,0.2113279465826566,0.0,False,False,0.5235987755982988,0.0
2.716,0.001,0.5223892120309636,0.00505928091384234,0.5243951872102482,0.3127322621031361,-0.3896141235388531,-0.30540714142422926,0.0,False,False,0.5235987755982988,0.0
2.717,0.001,0.5223774945004025,-0.011717530561085298,0.5252035205822729,0.36229237309529083,-0.46363625742588305,-0.3896141235388531,0.0,False,False,0.5235987755982988,0.0
2.718,0.001,0.5223495046746988,-0.02798982570375224,0.5404899166518363,1.8547027427421003,-2.5296838302541955,-0.46363625742588305,0.0,False,False,0.5235987755982988,0.0
2.719,0.001,0.5223037564452587,-0.04574822943999076,0.5033488777043879,-2.044871426276955,2.8183438736227435,-2.5296838302541955,0.0,False,False,0.5235987755982988,0.0
2.72,0.001,0.5221375845818136,-0.16617186344511448,0.5252041360391462,0.34514154982657197,-0.4430663477271388,2.8183438736227435,0.0,False,False,0.5235987755982988,0.0
2.721,0.001,0.5221189945987749,-0.018589983038695718,0.5446325149589213,2.2534652868214256,-3.0827656526769154,-0.4430663477271388,0.0,True,False,0.5235987755982988,0.0
2.722,0.001,0.5220827078200757,-0.03628677869911799,0.4918080259555741,-3.2543301421954336,4.477429664203565,-3.0,0.0,True,False,0.5235987755982988,0.0
2.723,0.001,0.521902255814138,-0.18045200593775607,0.5250376818840291,0.39406846486960934,-0.4987824709866764,3.0,0.0,False,False,0.5235987755982988,0.0
2.724,0.001,0.5218785256160493,-0.02373019808868787,0.5116617433862276,-0.982932231397501,1.3943852574942828,-0.4987824709866764,0.0,False,False,0.5235987755982988,0.0
2.725,0.001,0.5218349281750774,-0.04359744097196323,0.5153648113946876,-0.5143322074117522,0.7654100045591047,1.3943852574942828,0.0,False,False,0.5235987755982988,0.0
2.726,0.001,0.5218670729425547,0.0321447674773678,0.5060752029147139,-1.3918598346679498,1.985656109906069,0.7654100045591047,0.0,False,False,0.5235987755982988,0.0
2.727,0.001,0.5219318231258735,0.06475018331876398,0.5189726048877878,0.037066346106243264,0.038791457461705516,1.985656109906069,0.0,False,False,0.5235987755982988,0.0
2.728,0.001,0.5220896155831327,0.1577924572592438,0.5542255884257135,3.5586580652881787,-4.821672309239277,0.038791457461705516,0.0,True,False,0.5235987755982988,0.0
2.729,0.001,0.52224271644512,0.15310086198729111,0.5001742434803965,-2.2023422357723312,3.0644522610490386,-3.0,0.0,True,False,0.5235987755982988,0.0
2.73,0.001,0.5222392049063515,-0.0035115387685332455,0.5018256593988368,-1.816966420351067,2.5722757960115956,3.0,0.0,False,False,0.5235987755982988,0.0
2.731,0.001,0.5223867501820947,0.1475452757431899,0.4996637052872044,-1.851465189479205,2.6525894929747453,2.5722757960115956,0.0,False,False,0.5235987755982988,0.0
2.732,0.001,0.5226563190712277,0.26956888913293914,0.5528054557320472,3.6478563739529957,-4.9031478911510655,2.6525894929747453,0.0,True,False,0.5235987755982988,0.0
2.733,0.001,0.5230514391594528,0.3951200882251682,0.5149820890354054,-0.49926593310647993,0.7542194778598568,-3.0,0.0,False,False,0.5235987755982988,0.0
2.734,0.001,0.5232889787673252,0.23753960787226752,0.5228414927471408,0.33660103137770025,-0.3902901463323952,0.7542194778598568,0.0,False,False,0.5235987755982988,0.0
2.735,0.001,0.5235572791906595,0.26830042333435067,0.5165273906974892,-0.3284692767252245,0.5214480602848424,-0.3902901463323952,0.0,False,False,0.5235987755982988,0.0
2.736,0.001,0.5237989919049839,0.24171271432442024,0.507315703145688,-1.2167911042328257,1.753244629226386,0.5214480602848424,0.0,False,False,0.5235987755982988,0.0
2.737,0.001,0.5240598101714656,0.2608182664817464,0.51995565714985,0.16888340660666334,-0.13708395585591798,1.753244629226386,0.0,False,False,0.5235987755982988,0.0
2.738,0.001,0.5244012473963429,0.3414372248771952,0.5673056921325432,4.8869985642153155,-6.651122774674778,-0.13708395585591798,0.0,True,False,0.5235987755982988,0.0
2.739,0.001,0.5247284646745277,0.32721727818489055,0.5490246856667983,2.5701980612192914,-3.5419040546961402,-3.0,0.0,True,False,0.5235987755982988,0.0
2.74,0.001,0.5248983730835999,0.16990840907215107,0.5100117998483492,-1.588110326747545,2.150297955596147,-3.0,0.0,False,False,0.5235987755982988,0.0
2.741,0.001,0.5249116018595371,0.013228775937226017,0.5362139021086126,1.1909109319535518,-1.656165395529911,2.150297955596147,0.0,False,False,0.5235987755982988,0.0
2.742,0.001,0.5250288166973736,0.11721483783646802,0.510516006509033,-1.4979697211997713,2.0330535090465114,-1.656165395529911,0.0,False,False,0.5235987755982988,0.0
2.743,0.001,0.5250567545034919,0.02793780611827902,0.4940532904797478,-2.994444352008311,4.125151954543892,2.0330535090465114,0.0,True,False,0.5235987755982988,0.0
2.744,0.001,0.5251809251680781,0.12417066458620987,0.5429747474413548,2.1971457793532183,-2.985342428398869,3.0,0.0,False,False,0.5235987755982988,0.0
2.745,0.001,0.5254485991985925,0.2676740305144129,0.5456960390013561,2.24956035741803,-3.097223170156667,-2.985342428398869,0.0,True,False,0.5235987755982988,0.0
2.746,0.001,0.525559935411565,0.11133621297244026,0.5438169913402491,1.8366995555655246,-2.567967350033734,-3.0,0.0,False,False,0.5235987755982988,0.0
2.747,0.001,0.5255148264550351,-0.045108956529919225,0.5173141308154499,-0.9972564524709495,1.3098313490564206,-2.567967350033734,0.0,False,False,0.5235987755982988,0.0
2.748,0.001,0.5253473691367104,-0.16745731832466715,0.5224365834659455,-0.38528554217429456,0.4832621089915139,1.3098313490564206,0.0,False,False,0.5235987755982988,0.0
2.749,0.001,0.5252520732144712,-0.0952959222391701,0.5383379507438437,1.2433797398329605,-1.7573608404193608,0.4832621089915139,0.0,False,False,0.5235987755982988,0.0
2.75,0.001,0.5251873207094029,-0.0647525050682813,0.5320202155696381,0.48726824842910055,-0.7363078175990273,-1.7573608404193608,0.0,False,False,0.5235987755982988,0.0
2.751,0.001,0.5250409407074365,-0.14638000196644227,0.5181706707740784,-0.9464130559697755,1.2334015539996979,-0.7363078175990273,0.0,False,False,0.5235987755982988,0.0
2.7520000000000002,0.001,0.5248643308293259,-0.17660987811056358,0.49660619674200657,-3.008219153579982,4.095729403709239,1.2334015539996979,0.0,True,False,0.5235987755982988,0.0
2.753,0.001,0.5247560974681713,-0.10823336115465079,0.5267435945422971,0.306342541807072,-0.4242177911604561,3.0,0.0,False,False,0.5235987755982988,0.0
2.754,0.001,0.5248042968013185,0.04819933314709596,0.5436365676667448,1.9650056000711351,-2.7186869773173905,-0.4242177911604561,0.0,False,False,0.5235987755982988,0.0
2.755,0.001,0.5248251884807452,0.020891679426797087,0.5039233297537736,-2.2028187512330986,2.9975405266811714,-2.7186869773173905,0.0,False,False,0.5235987755982988,0.0
2.7560000000000002,0.001,0.5247053840938642,-0.11980438688095685,0.5358538384321132,1.2105139917241678,-1.6732079210776605,2.9975405266811714,0.0,False,False,0.5235987755982988,0.0
2.757,0.001,0.5247419358756783,0.03655178181408342,0.5305284300634044,0.5569217556808751,-0.7930398871889514,-1.6732079210776605,0.0,False,False,0.5235987755982988,0.0
2.758,0.001,0.5246889835162641,-0.052952359414189173,0.5377815405877855,1.226540632550892,-1.7271385288718306,-0.7930398871889514,0.0,False,False,0.5235987755982988,0.0
2.759,0.001,0.5246025310871056,-0.08645242915844764,0.5398213745539252,1.3078699659097743,-1.861450740293004,-1.7271385288718306,0.0,False,False,0.5235987755982988,0.0
2.7600000000000002,0.001,0.5244360654300486,-0.1664656570570316,0.5123153604177922,-1.5735184442944987,2.0913236064025167,-1.861450740293004,0.0,False,False,0.5235987755982988,0.0
2.761,0.001,0.5241831930978977,-0.252872332150861,0.49596192769394687,-3.0515098722495857,4.1592751089778375,2.0913236064025167,0.0,True,False,0.5235987755982988,0.0
2.762,0.001,0.5240418984353955,-0.1412946625022568,0.5147302260885508,-0.8695290455642355,1.203068745852547,3.0,0.0,False,False,0.5235987755982988,0.0
2.763,0.001,0.5240571689427767,0.015270507381141885,0.5395753681030481,1.7019380604419152,-2.3299043376157846,1.203068745852547,0.0,False,False,0.5235987755982988,0.0
2.7640000000000002,0.001,0.5241286729127154,0.0715039699386915,0.5146689202375254,-0.958900532154541,1.3114180350793703,-2.3299043376157846,0.0,False,False,0.5235987755982988,0.0
2.765,0.001,0.5240774050571437,-0.0512678555716516,0.5119640639043426,-1.1334961122573717,1.5696201452000584,1.3114180350793703,0.0,False,False,0.5235987755982988,0.0
2.766,0.001,0.524097842367717,0.02043731057326789,0.4923092820688075,-2.9856246845851437,4.145960505033017,1.5696201452000584,0.0,True,False,0.5235987755982988,0.0
2.767,0.001,0.5241920551845954,0.0942128168784396,0.5547815256385362,3.560162140846244,-4.833484069739765,3.0,0.0,True,False,0.5235987755982988,0.0
2.7680000000000002,0.001,0.5244298921219136,0.23783693731814187,0.538841313843417,1.610124747249703,-2.2065153851117714,-3.0,0.0,False,False,0.5235987755982988,0.0
2.769,0.001,0.524510777711483,0.0808855895694317,0.5379479974826002,1.359780636443053,-1.8900227576490893,-2.2065153851117714,0.0,False,False,0.5235987755982988,0.0
2.77,0.001,0.5244750176726903,-0.03576003879269439,0.5413650119271277,1.5655040172514942,-2.198397074620713,-1.8900227576490893,0.0,False,False,0.5235987755982988,0.0
2.771,0.001,0.5243505728319551,-0.124444840735308,0.5344160325646693,0.7140556792805032,-1.0515774405312723,-2.198397074620713,0.0,False,False,0.5235987755982988,0.0
2.7720000000000002,0.001,0.5241227058695791,-0.22786696237592433,0.519858362889068,-0.8131168562076817,1.0430676562153736,-1.0515774405312723,0.0,False,False,0.5235987755982988,0.0
2.773,0.001,0.5238491715030246,-0.27353436655450847,0.5209909486895133,-0.6185465905423739,0.7891967930089872,1.0430676562153736,0.0,False,False,0.5235987755982988,0.0
2.774,0.001,0.523634884656747,-0.21428684627753758,0.5161724787304169,-1.038538927397777,1.379920056499206,0.7891967930089872,0.0,False,False,0.5235987755982988,0.0
2.775,0.001,0.5234669147974991,-0.1679698592479049,0.5694518158985201,4.393248682152318,-6.097253143986764,1.379920056499206,0.0,True,False,0.5235987755982988,0.0
2.7760000000000002,0.001,0.5233746128199045,-0.09230197759456835,0.5330771081175295,0.31645303583802553,-0.5503536283517831,-3.0,0.0,False,False,0.5235987755982988,0.0
2.777,0.001,0.5231386788739295,-0.23593394597504003,0.5150438341001441,-1.5185196694843177,1.9762125503479662,-0.5503536283517831,0.0,False,False,0.5235987755982988,0.0
2.778,0.001,0.5228821709823201,-0.25650789160940934,0.5310066223489343,0.22961112234312964,-0.40887458832319346,1.9762125503479662,0.0,False,False,0.5235987755982988,0.0
2.779,0.001,0.5227314997497945,-0.15067123252566034,0.5050885088271296,-2.385161342071645,3.195378412367019,-0.40887458832319346,0.0,True,False,0.5235987755982988,0.0
2.7800000000000002,0.001,0.5225669874693503,-0.16451228044423388,0.5488255833271081,2.2270622421333615,-3.1265572296786006,3.0,0.0,True,False,0.5235987755982988,0.0
2.781,0.001,0.5225591332371678,-0.007854232182467252,0.5110213009321514,-1.7760722215756437,2.3576812098814264,-3.0,0.0,False,False,0.5235987755982988,0.0
2.782,0.001,0.5224035525950698,-0.15558064209808428,0.531149143228112,0.41431923017798544,-0.6330896935502202,2.3576812098814264,0.0,False,False,0.5235987755982988,0.0
2.783,0.001,0.5223724783339333,-0.031074261136493322,0.540977297725556,1.3557027569045874,-1.9396567065761348,-0.6330896935502202,0.0,False,False,0.5235987755982988,0.0
2.7840000000000003,0.001,0.5223153602614969,-0.057118072436366185,0.5290308382159794,0.025486530256466633,-0.12836096342601055,-1.9396567065761348,0.0,False,False,0.5235987755982988,0.0
2.785,0.001,0.5221674482765059,-0.14791198499113495,0.5238162606780906,-0.49851987655805863,0.5943091204334179,-0.12836096342601055,0.0,False,False,0.5235987755982988,0.0
2.786,0.001,0.5220197098867602,-0.14773838974566472,0.5222082418335774,-0.6094697733535753,0.756393335789276,0.5943091204334179,0.0,False,False,0.5235987755982988,0.0
2.787,0.001,0.5219082779019928,-0.1114319847674109,0.5209231949278756,-0.6770274865883926,0.8605934359736882,0.756393335789276,0.0,False,False,0.5235987755982988,0.0
2.7880000000000003,0.001,0.5218411111382757,-0.06716676371709414,0.5117758237152147,-1.524061859195649,2.041687364930293,0.8605934359736882,0.0,False,False,0.5235987755982988,0.0
2.789,0.001,0.5218232282043166,-0.017882933959122438,0.5139782624216785,-1.151411802629698,1.5548634003348025,2.041687364930293,0.0,False,False,0.5235987755982988,0.0
2.79,0.001,0.5219117817853126,0.08855358099600513,0.5477355053863345,2.33945367409887,-3.241805545103287,1.5548634003348025,0.0,True,False,0.5235987755982988,0.0
2.791,0.001,0.5220717260331438,0.15994424783117178,0.5201774044337601,-0.6503017885684543,0.8419468272438412,-3.0,0.0,False,False,0.5235987755982988,0.0
2.7920000000000003,0.001,0.5220750305053417,0.0033044721978189584,0.508360298354724,-1.7669822176152277,2.3946712515226203,0.8419468272438412,0.0,False,False,0.5235987755982988,0.0
2.793,0.001,0.522119436682753,0.044406177411338496,0.5131083436973853,-1.1154794615875674,1.5274031281215235,2.3946712515226203,0.0,False,False,0.5235987755982988,0.0
2.794,0.001,0.5222775386136401,0.15810193088719332,0.5414826299842179,1.8334971132544469,-2.5221059148518803,1.5274031281215235,0.0,False,False,0.5235987755982988,0.0
2.795,0.001,0.5225053782948426,0.2278396812024026,0.5342969384918762,0.9315782526948305,-1.3104608353181897,-2.5221059148518803,0.0,False,False,0.5235987755982988,0.0
2.7960000000000003,0.001,0.5226002013215791,0.09482302673652737,0.5323797903767261,0.6467056159103384,-0.9341050051040974,-1.3104608353181897,0.0,False,False,0.5235987755982988,0.0
2.797,0.001,0.5226231229286328,0.022921607053599927,0.5181285301139736,-0.8430909719559426,1.1101735850649843,-0.9341050051040974,0.0,False,False,0.5235987755982988,0.0
2.798,0.001,0.5225943488905116,-0.02877403812120862,0.5326014118023973,0.6885062940820158,-0.9882550045721914,1.1101735850649843,0.0,False,False,0.5235987755982988,0.0
2.799,0.001,0.5226265592444673,0.0322103539557101,0.5113942986762399,-1.501055647941927,2.0209473621273735,-0.9882550045721914,0.0,False,False,0.5235987755982988,0.0
2.8000000000000003,0.001,0.5226036885878055,-0.02287065666187786,0.5180725689564459,-0.6831230551271278,0.9192193857059052,2.0209473621273735,0.0,False,False,0.5235987755982988,0.0
2.801,0.001,0.5226868503835909,0.0831617957853575,0.5396131317891927,1.539245533660259,-2.1353530518284005,0.9192193857059052,0.0,False,False,0.5235987755982988,0.0
2.802,0.001,0.5228096434351004,0.12279305150955469,0.5380686675089319,1.230874552268155,-1.7375075171131815,-2.1353530518284005,0.0,False,False,0.5235987755982988,0.0
2.803,0.001,0.5228191777175754,0.009534282474920386,0.5056816179479835,-2.1309178590534996,2.8796102685698752,-1.7375075171131815,0.0,False,False,0.5235987755982988,0.0
2.8040000000000003,0.001,0.5227391368378241,-0.08004087975121071,0.5078073833966613,-1.705249528280368,2.3305444935659163,2.8796102685698752,0.0,False,False,0.5235987755982988,0.0
2.805,0.001,0.5228093926272306,0.07025578940649557,0.5247066030978306,0.15519739466459392,-0.2061777685890843,2.3305444935659163,0.0,False,False,0.5235987755982988,0.0
2.806,0.001,0.5229899052749188,0.1805126476882051,0.5531165985381702,2.9806771992320957,-4.108133451996199,-0.2061777685890843,0.0,True,False,0.5235987755982988,0.0
2.807,0.001,0.5231533869837605,0.16348170884162477,0.4897204678272698,-3.6570035917811508,4.998213850015904,-3.0,0.0,True,False,0.5235987755982988,0.0
2.8080000000000003,0.001,0.52316021476672,0.006827782959626799,0.5280180409789798,0.5384540825679585,-0.725691675933807,3.0,0.0,False,False,0.5235987755982988,0.0
2.809,0.001,0.5233150429365248,0.15482816980474307,0.49929855615046126,-2.387339808540686,3.3022117203098986,-0.725691675933807,0.0,True,False,0.5235987755982988,0.0
2.81,0.001,0.5234269672121187,0.11192427559389101,0.512355802827651,-0.8428811599676407,1.2138309018328288,3.0,0.0,False,False,0.5235987755982988,0.0
2.811,0.001,0.5236824439559455,0.25547674382687124,0.5173219681728901,-0.2619765094469686,0.427354344993719,1.2138309018328288,0.0,False,False,0.5235987755982988,0.0
2.8120000000000003,0.001,0.5239915903378889,0.3091463819433016,0.5166523352128081,-0.3027421545104762,0.4883265123514049,0.427354344993719,0.0,False,False,0.5235987755982988,0.0
2.813,0.001,0.5243148678515541,0.3232775136652148,0.514998371170724,-0.4378643432678352,0.6802444916177489,0.4883265123514049,0.0,False,False,0.5235987755982988,0.0
2.814,0.001,0.5246552685807823,0.34040072922812425,0.52478105551374,0.5841905253605472,-0.7223096689105978,0.6802444916177489,0.0,False,False,0.5235987755982988,0.0
2.815,0.001,0.5250223199316744,0.3670513508920992,0.5156803479543429,-0.3842992831152142,0.6036908373294632,-0.7223096689105978,0.0,False,False,0.5235987755982988,0.0
2.816,0.001,0.5253457875937174,0.3234676620430009,0.4998210910579066,-1.9317950444473226,2.746152375063847,0.6036908373294632,0.0,False,False,0.5235987755982988,0.0
2.817,0.001,0.5256921459269788,0.34635833326130216,0.5393034384017537,2.2096191943821117,-2.934226963720721,2.746152375063847,0.0,False,False,0.5235987755982988,0.0
2.818,0.001,0.5261684264456602,0.47628051868144927,0.5393085246090332,1.9891658956718576,-2.6697745569994487,-2.934226963720721,0.0,False,False,0.5235987755982988,0.0
2.819,0.001,0.5264900904940809,0.3216640484206874,0.5412062583722079,1.980022682422142,-2.692961908836934,-2.6697745569994487,0.0,False,False,0.5235987755982988,0.0
2.82,0.001,0.526670979158458,0.18088866437703235,0.49978008929959344,-2.3605964930815198,3.26145214507452,-2.692961908836934,0.0,True,False,0.5235987755982988,0.0
2.821,0.001,0.5267104961729029,0.0395170144448968,0.5319276021294751,1.090214439214796,-1.4581762046189284,3.0,0.0,False,False,0.5235987755982988,0.0
2.822,0.001,0.5268940814327261,0.18358525982318905,0.5386921381404209,1.6576465963879006,-2.260856441423679,-1.4581762046189284,0.0,False,False,0.5235987755982988,0.0
2.823,0.001,0.5269980235414068,0.10394210868064511,0.5090001521937602,-1.4773166579169672,2.0355552107820563,-2.260856441423679,0.0,False,False,0.5235987755982988,0.0
2.824,0.001,0.5269825074268804,-0.015516114526444788,0.5271426108107611,0.48466086957482135,-0.6453820773141064,2.0355552107820563,0.0,False,False,0.5235987755982988,0.0
2.825,0.001,0.5270727328935969,0.09022546671652376,0.5250434971226826,0.2262834138094924,-0.2975450840102992,-0.6453820773141064,0.0,False,False,0.5235987755982988,0.0
2.826,0.001,0.5271243298023076,0.051596908710757866,0.5592759241121057,3.6268977713708503,-4.994465998893544,-0.2975450840102992,0.0,True,False,0.5235987755982988,0.0
2.827,0.001,0.5271549115972921,0.030581794984551654,0.5607437038847441,3.410985971497611,-4.761791874953149,-3.0,0.0,True,False,0.5235987755982988,0.0
2.828,0.001,0.5270299094529195,-0.1250021443726544,0.4979814104626897,-3.206341967857595,4.3087229338700785,-3.0,0.0,True,False,0.5235987755982988,0.0
2.829,0.001,0.5267614072724143,-0.26850218050524666,0.5702886448267712,4.345015665336317,-6.054436444516083,3.0,0.0,True,False,0.5235987755982988,0.0
2.83,0.001,0.526649979100631,-0.11142817178325184,0.510676276867566,-2.050722697117835,2.6934722136945926,-3.0,0.0,False,False,0.5235987755982988,0.0
2.831,0.001,0.5263949964677905,-0.25498263284057043,0.5435109743401836,1.4378193198557057,-2.0838027611807726,2.6934722136945926,0.0,False,False,0.5235987755982988,0.0
2.832,0.001,0.526281707376166,-0.11328909162457976,0.543220092526195,1.2649492064712733,-1.8711227524676586,-2.0838027611807726,0.0,False,False,0.5235987755982988,0.0
2.833,0.001,0.5260706811586063,-0.21102621755963652,0.5086926083702876,-2.314294129766587,3.045463965824106,-1.8711227524676586,0.0,True,False,0.5235987755982988,0.0
2.834,0.001,0.5257729429082854,-0.29773825032099255,0.5343820900048263,0.48608344666393677,-0.7773997953142185,3.0,0.0,False,False,0.5235987755982988,0.0
2.835,0.001,0.5256323956109656,-0.14054729731970997,0.5237555777165253,-0.6251761268325593,0.7473889140709952,-0.7773997953142185,0.0,False,False,0.5235987755982988,0.0
2.836,0.001,0.5254595405036226,-0.17285510734304246,0.5351344242270533,0.5752261369034971,-0.8979130396017766,0.7473889140709952,0.0,False,False,0.5235987755982988,0.0
2.837,0.001,0.5253307462620391,-0.12879424158352482,0.529356737431737,-0.06006515631848419,-0.03156512541970531,-0.8979130396017766,0.0,False,False,0.5235987755982988,0.0
2.838,0.001,0.5251635715148422,-0.16717474719698855,0.5460436345061676,1.6146310667564248,-2.341564740449347,-0.03156512541970531,0.0,False,False,0.5235987755982988,0.0
2.839,0.001,0.525001487209704,-0.16208430513816885,0.5263174574921022,-0.5194497413257486,0.5744034155024368,-2.341564740449347,0.0,False,False,0.5235987755982988,0.0
2.84,0.001,0.5247289730036675,-0.27251420603643367,0.5217990177634568,-0.9193487400577143,1.1356141290964128,0.5744034155024368,0.0,False,False,0.5235987755982988,0.0
2.841,0.001,0.5244922690252303,-0.23670397843718363,0.5436221987054245,1.3549042281448234,-1.9863066897020503,1.1356141290964128,0.0,False,False,0.5235987755982988,0.0
2.842,0.001,0.524319292569161,-0.17297645606924414,0.5344491131212329,0.30210524691118046,-0.5578323717062299,-1.9863066897020503,0.0,False,False,0.5235987755982988,0.0
2.843,0.001,0.524053692684062,-0.26559988509897015,0.536826245925157,0.5096080026124777,-0.8496240690184214,-0.5578323717062299,0.0,False,False,0.5235987755982988,0.0
2.844,0.001,0.5237672635799181,-0.28642910414392075,0.5121680379841331,-2.007173591751161,2.6143615871563757,-0.8496240690184214,0.0,False,False,0.5235987755982988,0.0
2.845,0.001,0.5234454989887398,-0.3217645911782705,0.5052022219047827,-2.5030378405110874,3.3347833750965945,2.6143615871563757,0.0,True,False,0.5235987755982988,0.0
2.846,0.001,0.5232617395352841,-0.18375945345573874,0.5133531188990456,-1.4376443570336932,1.9095950490269904,3.0,0.0,False,False,0.5235987755982988,0.0
2.847,0.001,0.5232347151195167,-0.027024415767405913,0.5123993378725968,-1.3892580239751957,1.8686995078328703,1.9095950490269904,0.0,False,False,0.5235987755982988,0.0
2.848,0.001,0.5233085246006097,0.07380948109298335,0.5370302904153745,1.212763032700093,-1.6970829059474744,1.8686995078328703,0.0,False,False,0.5235987755982988,0.0
2.849,0.001,0.5234694812906343,0.16095669002455126,0.5405036164152155,1.4388193294141796,-2.0308703300015156,-1.6970829059474744,0.0,False,False,0.5235987755982988,0.0
2.85,0.001,0.5235389400098286,0.06945871919429522,0.5208314056879161,-0.6722836762571789,0.8565530698955038,-2.0308703300015156,0.0,False,False,0.5235987755982988,0.0
2.851,0.001,0.5235005889177454,-0.0383510920831909,0.548474837125637,2.1592878351406353,-3.0389145096608505,0.8565530698955038,0.0,True,False,0.5235987755982988,0.0
2.852,0.001,0.5235109651756029,0.010376257857508182,0.5473952618095752,1.8354015200203875,-2.6308185758274396,-3.0,0.0,False,False,0.5235987755982988,0.0
2.853,0.001,0.5233684392287474,-0.14252594685545653,0.5276165517157233,-0.3260096413668412,0.31889159952656865,-2.6308185758274396,0.0,False,False,0.5235987755982988,0.0
2.854,0.001,0.5231009424491371,-0.26749677961040674,0.508756224940662,-2.17944135473629,2.882495537521011,0.31889159952656865,0.0,False,False,0.5235987755982988,0.0
2.855,0.001,0.5228564602366214,-0.24448221251566565,0.550351969728308,2.198077259501943,-3.1192502057424973,2.882495537521011,0.0,True,False,0.5235987755982988,0.0
2.856,0.001,0.5227630807298315,-0.0933795067898418,0.5216981270535406,-0.8871147339249956,1.098749354515643,-3.0,0.0,False,False,0.5235987755982988,0.0
2.857,0.001,0.5225260736849262,-0.23700704490530353,0.5247280717640721,-0.49540878947934325,0.5741632163912928,1.098749354515643,0.0,False,False,0.5235987755982988,0.0
2.858,0.001,0.5223509521359258,-0.17512154900051122,0.5164237262827714,-1.2763024586614744,1.660713838073262,0.5741632163912928,0.0,False,False,0.5235987755982988,0.0
2.859,0.001,0.5222112392336431,-0.1397129022826241,0.5066814683873623,-2.1228980023362434,2.8519891326003495,1.660713838073262,0.0,False,False,0.5235987755982988,0.0
2.86,0.001,0.5221611208646043,-0.0501183690387943,0.4965285272809886,-2.925902312739985,3.9983472449995654,2.8519891326003495,0.0,True,False,0.5235987755982988,0.0
2.861,0.001,0.5222597230502766,0.09860218567225715,0.5333053590279281,1.044371093227959,-1.4279638136068777,3.0,0.0,False,False,0.5235987755982988,0.0
2.862,0.001,0.5225019314537047,0.2422084034281,0.5088290036996151,-1.5077015489261303,2.0750977528876624,-1.4279638136068777,0.0,False,False,0.5235987755982988,0.0
2.863,0.001,0.5226657728328391,0.16384137913440694,0.5760646663464223,5.366634870647196,-7.384347878242857,0.0,0.0,True,True,0.5235987755982988,0.0
2.864,0.001,0.5228229588473766,0.15718601453755732,0.5038673989118583,-2.389755359873922,3.2228712122046357,-3.0,0.0,True,False,0.5235987755982988,0.0
2.865,0.001,0.5228235161196453,0.0005572722686912057,0.5008780519743451,-2.449714517637848,3.348630446396584,3.0,0.0,True,False,0.5235987755982988,0.0
2.866,0.001,0.5229739040243964,0.15038790475113462,0.5318775042537459,0.8952021620660178,-1.223259710277269,3.0,0.0,False,False,0.5235987755982988,0.0
2.867,0.001,0.5232676903810597,0.2937863566632901,0.549959245884168,2.6138561089016243,-3.611115795827595,-1.223259710277269,0.0,True,False,0.5235987755982988,0.0
2.868,0.001,0.5234931386067825,0.2254482257227756,0.5246204407831753,-0.18141001208781082,0.19930204117759684,-3.0,0.0,False,False,0.5235987755982988,0.0
2.869,0.001,0.5235616850396043,0.06854643282182579,0.5335491993914532,0.7296068499487608,-1.0546358482152915,0.19930204117759684,0.0,False,False,0.5235987755982988,0.0
2.87,0.001,0.5236339350299959,0.07224999039155869,0.491457962678703,-3.5524775063211314,4.841507640138082,-1.0546358482152915,0.0,True,False,0.5235987755982988,0.0
2.871,0.001,0.5236471729594961,0.013237929500236473,0.5118223657668988,-1.1607894468694426,1.604922713208532,3.0,0.0,False,False,0.5235987755982988,0.0
2.872,0.001,0.5238068801925295,0.15970723303341677,0.5050687508178794,-1.7200719970844367,2.3976268425488736,1.604922713208532,0.0,False,False,0.5235987755982988,0.0
2.873,0.001,0.5240401947336818,0.23331454115225198,0.49096540517583687,-2.958399361580245,4.137479901500608,2.3976268425488736,0.0,True,False,0.5235987755982988,0.0
2.874,0.001,0.5243864573587977,0.34626262511597067,0.5264281476022681,0.8837148172209002,-1.111386476736527,3.0,0.0,False,False,0.5235987755982988,0.0
2.875,0.001,0.5248753349334132,0.4888775746155068,0.4857306083816376,-3.274410586564235,4.610919713776983,-1.111386476736527,0.0,True,False,0.5235987755982988,0.0
2.876,0.001,0.5253006876738934,0.4253527404802184,0.5022240147090801,-1.2976288951635668,1.9419003702022175,3.0,0.0,False,False,0.5235987755982988,0.0
2.8770000000000002,0.001,0.5258683390034117,0.5676513295182976,0.5164925385765974,0.258986381104521,-0.18287139093479937,1.9419003702022175,0.0,False,False,0.5235987755982988,0.0
2.878,0.001,0.526524814746122,0.6564757427103353,0.5120161398835823,-0.21455212630743922,0.46594999443382434,-0.18287139093479937,0.0,False,False,0.5235987755982988,0.0
2.879,0.001,0.5271635210163148,0.6387062701927539,0.5340821545627273,2.0135045542378083,-2.6049062864450834,0.46594999443382434,0.0,False,False,0.5235987755982988,0.0
2.88,0.001,0.5278169699611485,0.6534489448336741,0.5331503504387228,1.7189736864135765,-2.234696770823924,-2.6049062864450834,0.0,False,False,0.5235987755982988,0.0
2.8810000000000002,0.001,0.5283315597958805,0.5145898347320852,0.5439312907626506,2.625170350164992,-3.5161896931563215,-2.234696770823924,0.0,True,False,0.5235987755982988,0.0
2.882,0.001,0.5287263564327325,0.39479663685196065,0.5418579298070136,2.1553172195848003,-2.915045439258627,-3.0,0.0,False,False,0.5235987755982988,0.0
2.883,0.001,0.528963573883037,0.2372174503045528,0.5488745132062537,2.6414438375503253,-3.624695882003578,-2.915045439258627,0.0,True,False,0.5235987755982988,0.0
2.884,0.001,0.5290480901915781,0.08451630854100159,0.5290146077950497,0.3913089126748961,-0.5670556747513915,-3.0,0.0,False,False,0.5235987755982988,0.0
2.8850000000000002,0.001,0.5289762709969601,-0.07181919461798675,0.534272767587034,0.877994000605836,-1.2457246565242368,-0.5670556747513915,0.0,False,False,0.5235987755982988,0.0
2.886,0.001,0.5288823771798257,-0.09389381713439617,0.5378099754473804,1.1439153865798914,-1.6285000611793383,-1.2457246565242368,0.0,False,False,0.5235987755982988,0.0
2.887,0.001,0.5287325717019319,-0.14980547789379672,0.5312049474789066,0.3690210510745183,-0.5797363551403614,-1.6285000611793383,0.0,False,False,0.5235987755982988,0.0
2.888,0.001,0.5285079404391477,-0.22463126278411988,0.521575591960908,-0.6308166058327926,0.7933972324723864,-0.5797363551403614,0.0,False,False,0.5235987755982988,0.0
2.8890000000000002,0.001,0.5282612208836556,-0.246719555492108,0.5224590040857523,-0.47939373276508046,0.5957883665439339,0.7933972324723864,0.0,False,False,0.5235987755982988,0.0
2.89,0.001,0.5280611580680088,-0.2000628156467516,0.5137920721898196,-1.2981475490818428,1.7342977202508374,0.5957883665439339,0.0,False,False,0.5235987755982988,0.0
2.891,0.001,0.5278976849219272,-0.16347314608154687,0.5352562867856747,0.9780886654118535,-1.3835415998669904,1.7342977202508374,0.0,False,False,0.5235987755982988,0.0
2.892,0.001,0.5278275805534883,-0.07010436843886401,0.5261867062188668,-0.026678257810127226,-0.014568841798070366,-1.3835415998669904,0.0,False,False,0.5235987755982988,0.0
2.8930000000000002,0.001,0.5276945687033219,-0.13301185016650752,0.5161200032419105,-1.0306807297247365,1.3714347780846727,-0.014568841798070366,0.0,False,False,0.5235987755982988,0.0
2.894,0.001,0.527567360438396,-0.12720826492583243,0.516009007886907,-0.9387121922526213,1.263070449508199,1.3714347780846727,0.0,False,False,0.5235987755982988,0.0
2.895,0.001,0.5275152327095753,-0.05212772882064967,0.5063897896478151,-1.806762796936543,2.477877103432558,1.263070449508199,0.0,False,False,0.5235987755982988,0.0
2.896,0.001,0.5275324020095948,0.017169300019523687,0.5446164062688214,2.196575144857734,-3.0142075258986862,2.477877103432558,0.0,True,False,0.5235987755982988,0.0
2.8970000000000002,0.001,0.5276692236918445,0.13682168224968747,0.5290413608754191,0.41941309103173463,-0.6012622442262464,-3.0,0.0,False,False,0.5235987755982988,0.0
2.898,0.001,0.5276494981010769,-0.019725590767633805,0.5125907969732518,-1.2675846082881643,1.7192451451966428,-0.6012622442262464,0.0,False,False,0.5235987755982988,0.0
2.899,0.001,0.5276043229290736,-0.045175172003343214,0.5417161433192195,1.7717084871374151,-2.45216280354147,1.7192451451966428,0.0,False,False,0.5235987755982988,0.0
2.9,0.001,0.5276511611364,0.04683820732641927,0.5178694841166047,-0.7901282818378006,1.0512811848758545,-2.45216280354147,0.0,False,False,0.5235987755982988,0.0
2.9010000000000002,0.001,0.5275693137583217,-0.08184737807827694,0.5030212468855936,-2.195939176755134,3.005522528934855,1.0512811848758545,0.0,True,False,0.5235987755982988,0.0
2.902,0.001,0.5275463544834021,-0.022959274919603673,0.5453700458250298,2.2585346348639996,-3.1021244259179572,3.0,0.0,True,False,0.5235987755982988,0.0
2.903,0.001,0.5276783895159046,0.13203503250249024,0.5183042786454263,-0.673895546582751,0.9039756010510068,-3.0,0.0,False,False,0.5235987755982988,0.0
2.904,0.001,0.5276538964304066,-0.024493085498007494,0.5205172609978539,-0.3852077566817142,0.5177165708260656,0.9039756010510068,0.0,False,False,0.5235987755982988,0.0
2.9050000000000002,0.001,0.5276797462277635,0.025849797356861645,0.5283984731688949,0.44143423609055554,-0.6161156395793957,0.5177165708260656,0.0,False,False,0.5235987755982988,0.0
2.906,0.001,0.5277262197910005,0.046473563237027435,0.5476681637264911,2.324259868241119,-3.2223608281968037,-0.6161156395793957,0.0,True,False,0.5235987755982988,0.0
2.907,0.001,0.5277358156285297,0.009595837529173881,0.5280855323273266,0.13357074150055825,-0.24104651092316964,-3.0,0.0,False,False,0.5235987755982988,0.0
2.908,0.001,0.5275926966212153,-0.14311900731435273,0.5066641546529289,-2.021924100089264,2.7311320971237745,-0.24104651092316964,0.0,False,False,0.5235987755982988,0.0
2.9090000000000003,0.001,0.5274440977570793,-0.1485988641359384,0.5369365422047196,1.2075070650987352,-1.6890882770340572,2.7311320971237745,0.0,False,False,0.5235987755982988,0.0
2.91,0.001,0.5274386498890332,-0.005447868046141141,0.5189739823623267,-0.7094996256504298,0.9346458290280134,-1.6890882770340572,0.0,False,False,0.5235987755982988,0.0
2.911,0.001,0.5273503645015621,-0.08828538747110451,0.5603008538320791,3.494137483889846,-4.853602388875859,0.9346458290280134,0.0,True,False,0.5235987755982988,0.0
2.912,0.001,0.527315162789444,-0.035201712118080535,0.5272956199538739,-0.15579965231965742,0.12041638438323807,-3.0,0.0,False,False,0.5235987755982988,0.0
2.9130000000000003,0.001,0.5271357569595856,-0.17940582985840087,0.48812702862230306,-4.0570788202447705,5.506986029861649,0.12041638438323807,0.0,True,False,0.5235987755982988,0.0
2.914,0.001,0.5269690895720718,-0.16666738751375323,0.5332062849674861,0.8565546962980113,-1.200800804202985,3.0,0.0,False,False,0.5235987755982988,0.0
2.915,0.001,0.5269590888534148,-0.01000071865697802,0.5608987229553685,3.5401430254564445,-4.919570682974987,-1.200800804202985,0.0,True,False,0.5235987755982988,0.0
2.916,0.001,0.5268918609699189,-0.06722788349590948,0.554396858754015,2.5359423027754544,-3.5974962601334366,-3.0,0.0,True,False,0.5235987755982988,0.0
2.9170000000000003,0.001,0.526680887577164,-0.21097339275493104,0.5586370683694771,2.706369034044121,-3.8783321107341546,-3.0,0.0,True,False,0.5235987755982988,0.0
2.918,0.001,0.5263267580779719,-0.3541294991921664,0.5085285852623176,-2.5751161800762437,3.361402842139154,-3.0,0.0,True,False,0.5235987755982988,0.0
2.919,0.001,0.5258300450967766,-0.49671298119539775,0.5417501076865264,1.0045476803522635,-1.5321811940108132,3.0,0.0,False,False,0.5235987755982988,0.0
2.92,0.001,0.5254913189675059,-0.3387261292706162,0.5128901370676793,-1.9819041495676777,2.5710404730323653,-1.5321811940108132,0.0,False,False,0.5235987755982988,0.0
2.9210000000000003,0.001,0.5250833386830518,-0.4079802844540744,0.5289979271801978,-0.1729347233590599,0.11033693955669052,2.5710404730323653,0.0,False,False,0.5235987755982988,0.0
2.922,0.001,0.5248115423433871,-0.2717963396646399,0.5025943312406203,-2.796000844980906,3.7332810124153015,0.11033693955669052,0.0,True,False,0.5235987755982988,0.0
2.923,0.001,0.5245523500360589,-0.25919230732816567,0.5133044750553971,-1.4453863790051293,1.9197610645783858,3.0,0.0,False,False,0.5235987755982988,0.0
2.924,0.001,0.52445019449796,-0.1021555380989195,0.5126474630732273,-1.3665489393215995,1.8369823526372069,1.9197610645783858,0.0,False,False,0.5235987755982988,0.0
2.9250000000000003,0.001,0.5244504351960987,0.0002406981386482432,0.5401331833457673,1.5186779818645633,-2.120032917691909,1.8369823526372069,0.0,False,False,0.5235987755982988,0.0
2.926,0.001,0.5245424518431211,0.09201664702240496,0.5385176368999337,1.2052555390947455,-1.7148461503431225,-2.120032917691909,0.0,False,False,0.5235987755982988,0.0
2.927,0.001,0.5245220999880048,-0.0203518551162732,0.5293535156993071,0.1683178651226116,-0.30556675996528315,-1.7148461503431225,0.0,False,False,0.5235987755982988,0.0
2.928,0.001,0.5244207005381929,-0.10139944981190312,0.5008514005036756,-2.698725440952799,3.6479232808465767,-0.30556675996528315,0.0,True,False,0.5235987755982988,0.0
2.9290000000000003,0.001,0.524310427874549,-0.11027266364391784,0.5188712936730749,-0.6268635799175863,0.8373309705551334,3.0,0.0,False,False,0.5235987755982988,0.0
2.93,0.001,0.5243565961065333,0.04616823198432472,0.5113344068757826,-1.3178659016550638,1.8021977189913687,0.8373309705551334,0.0,False,False,0.5235987755982988,0.0
2.931,0.001,0.5244385636629901,0.08196755645682707,0.5396172690420821,1.6422069051403916,-2.258981168156568,1.8021977189913687,0.0,False,False,0.5235987755982988,0.0
2.932,0.001,0.524604316540813,0.16575287782279752,0.5451675214195977,2.033011452377913,-2.827851167636875,-2.258981168156568,0.0,False,False,0.5235987755982988,0.0
2.9330000000000003,0.001,0.5246504573494764,0.0461408086633483,0.543087863996325,1.6217445648128566,-2.2968970689398995,-2.827851167636875,0.0,False,False,0.5235987755982988,0.0
2.934,0.001,0.5245491388047565,-0.10131854471989302,0.5113680733609295,-1.7124089552079826,2.275043386522227,-2.2968970689398995,0.0,False,False,0.5235987755982988,0.0
2.935,0.001,0.5243393802032882,-0.2097586014683287,0.4765255072518963,-5.025424670590503,6.877828434943849,2.275043386522227,0.0,True,False,0.5235987755982988,0.0
2.936,0.001,0.5242502128055425,-0.08916739774566544,0.49341090992588443,-2.83434193613264,3.944591905462627,3.0,0.0,True,False,0.5235987755982988,0.0
2.9370000000000003,0.001,0.5243174004681059,0.0671876625634434,0.5491294719708177,3.020948461973953,-4.084690689074084,3.0,0.0,True,False,0.5235987755982988,0.0
2.938,0.001,0.5245283338588606,0.21093339075464562,0.5175251140278395,-0.44158217852126347,0.6392245224937835,-3.0,0.0,False,False,0.5235987755982988,0.0
2.939,0.001,0.5245824235160604,0.054089657199915264,0.5114798071515566,-1.0019546482974278,1.420487009998273,0.6392245224937835,0.0,False,False,0.5235987755982988,0.0
2.94,0.001,0.5246623115165945,0.0798880005340302,0.553332142128833,3.2834743142599505,-4.475369774661555,1.420487009998273,0.0,True,False,0.5235987755982988,0.0
2.9410000000000003,0.001,0.5248069083851367,0.14459686854218579,0.54688811499826,2.310724169776654,-3.1920771129312855,-3.0,0.0,True,False,0.5235987755982988,0.0
2.942,0.001,0.5247949268725058,-0.011981512630847596,0.5252216375679106,-0.08699599023594384,0.07518367283012002,-3.0,0.0,False,False,0.5235987755982988,0.0
2.943,0.001,0.5246362116348082,-0.1587152376976147,0.5195153616602132,-0.6489239819820949,0.8522102292640554,0.07518367283012002,0.0,False,False,0.5235987755982988,0.0
2.944,0.001,0.5244878904401673,-0.14832119464087543,0.5221822893307005,-0.31733881673514813,0.40630333289894666,0.8522102292640554,0.0,False,False,0.5235987755982988,0.0
2.945,0.001,0.5243887730374264,-0.0991174027409455,0.5283535118073317,0.3315173126014821,-0.4834060268843704,0.40630333289894666,0.0,False,False,0.5235987755982988,0.0
2.946,0.001,0.5243163666759021,-0.07240636152427014,0.5522424599225132,2.687260392859483,-3.7402987892672384,-0.4834060268843704,0.0,True,False,0.5235987755982988,0.0
2.947,0.001,0.5242260710423748,-0.09029563352725306,0.5315995185777341,0.35424021909562864,-0.56910163654459,-3.0,0.0,False,False,0.5235987755982988,0.0
2.948,0.001,0.5239921351537764,-0.23393588859848033,0.5366637322453801,0.8252375639506635,-1.2254542963882593,-0.56910163654459,0.0,False,False,0.5235987755982988,0.0
2.949,0.001,0.5237366799269043,-0.25545522687214667,0.544144293175332,1.4907699005507833,-2.158743197047537,-1.2254542963882593,0.0,False,False,0.5235987755982988,0.0
2.95,0.001,0.5234269738061201,-0.30970612078416765,0.5030122764066834,-2.7715087663691467,3.6963675050920526,-2.158743197047537,0.0,True,False,0.5235987755982988,0.0
2.951,0.001,0.5230165693499668,-0.41040445615340826,0.5361913947714743,0.8235539467468489,-1.2149318812133767,3.0,0.0,False,False,0.5235987755982988,0.0
2.952,0.001,0.522763806511638,-0.25276283832879465,0.5176226118692935,-1.1156797381459134,1.446386632897192,-1.2149318812133767,0.0,False,False,0.5235987755982988,0.0
2.953,0.001,0.5224573081306018,-0.30649838103627475,0.4785431626707557,-4.912056684185099,6.705469053717895,1.446386632897192,0.0,True,False,0.5235987755982988,0.0
2.954,0.001,0.5222303550747345,-0.22695305586727063,0.48508678952642237,-3.7664883301999224,5.213001745533682,3.0,0.0,True,False,0.5235987755982988,0.0
2.955,0.001,0.522160309831089,-0.07004524364547163,0.5043908053375473,-1.4594379160674356,2.0970689639744498,3.0,0.0,False,False,0.5235987755982988,0.0
2.956,0.001,0.5222465338851104,0.08622405402142519,0.5315181282871255,1.3992381704971277,-1.821634152995434,2.0970689639744498,0.0,False,False,0.5235987755982988,0.0
2.957,0.001,0.522431268651046,0.18473476593557903,0.5244174457535726,0.5492461000921257,-0.6738313829054795,-1.821634152995434,0.0,False,False,0.5235987755982988,0.0
2.958,0.001,0.522518182770382,0.08691411933589385,0.5257359888416576,0.6261757988914121,-0.7898807970501529,-0.6738313829054795,0.0,False,False,0.5235987755982988,0.0
2.959,0.001,0.522565059680028,0.04687690964601653,0.5566154469732357,3.651504032160081,-4.976104923340961,-0.7898807970501529,0.0,True,False,0.5235987755982988,0.0
2.96,0.001,0.5225663645291123,0.0013048490842888644,0.5004165722469418,-2.333533843685318,3.2175202727468077,-3.0,0.0,True,False,0.5235987755982988,0.0
2.961,0.001,0.5224172732585501,-0.14909127056221377,0.5219384709031784,0.05200940630686812,-0.032525803056073416,3.0,0.0,False,False,0.5235987755982988,0.0
2.962,0.001,0.5224247783490501,0.007505090500003253,0.5277381805821815,0.626779433576493,-0.8266446100016794,-0.032525803056073416,0.0,False,False,0.5235987755982988,0.0
2.963,0.001,0.5224284756537333,0.0036973046831575485,0.5095780855762194,-1.2519080103773612,1.7546620328502625,-0.8266446100016794,0.0,False,False,0.5235987755982988,0.0
2.964,0.001,0.522389729212516,-0.03874644121730296,0.5228841241805865,0.20388665109708226,-0.23180025579767694,1.7546620328502625,0.0,False,False,0.5235987755982988,0.0
2.965,0.001,0.5224446267853868,0.05489757287079289,0.4945202430405243,-2.6528901280188473,3.7068817396625584,-0.23180025579767694,0.0,True,False,0.5235987755982988,0.0
2.966,0.001,0.522481764097603,0.03713731221625907,0.5470892697333909,2.8693015540696973,-3.8659907593152942,3.0,0.0,True,False,0.5235987755982988,0.0
2.967,0.001,0.5226630385304694,0.1812744328663242,0.5107666203593054,-1.049893538745819,1.4908510407968638,-3.0,0.0,False,False,0.5235987755982988,0.0
2.968,0.001,0.5226875878657651,0.024549335295750235,0.5581422091667053,3.7926546958687513,-5.172967439273819,1.4908510407968638,0.0,True,False,0.5235987755982988,0.0
2.969,0.001,0.5227815304979689,0.09394263220381184,0.5222147466232502,-0.1793570280636363,0.24014095522723897,-3.0,0.0,False,False,0.5235987755982988,0.0
2.97,0.001,0.5227190983579608,-0.06243214000807361,0.5406620179610434,1.6833058085220494,-2.327105332755862,0.24014095522723897,0.0,False,False,0.5235987755982988,0.0
2.971,0.001,0.5226748997163322,-0.04419864162864835,0.5217445891516773,-0.37676765326676365,0.4854965399593033,-2.327105332755862,0.0,False,False,0.5235987755982988,0.0
2.972,0.001,0.5225203798898986,-0.15451982643352968,0.5219837987922715,-0.3151699238806666,0.40727349116529116,0.4854965399593033,0.0,False,False,0.5235987755982988,0.0
2.973,0.001,0.5223967529674328,-0.1236269224658171,0.5122035181744817,-1.2616809932715791,1.7191318255546024,0.40727349116529116,0.0,False,False,0.5235987755982988,0.0
2.974,0.001,0.5222999841759136,-0.0967687915192249,0.5243790889612683,0.08204418473423347,-0.11249866221453053,1.7191318255546024,0.0,False,False,0.5235987755982988,0.0
2.975,0.001,0.5222955582982822,-0.0044258776313639975,0.5278456825328507,0.4204991234190511,-0.5810432729247951,-0.11249866221453053,0.0,False,False,0.5235987755982988,0.0
2.976,0.001,0.522286831696689,-0.008726601593219637,0.5085989385293378,-1.546225189274143,2.12546729437027,-0.5810432729247951,0.0,False,False,0.5235987755982988,0.0
2.977,0.001,0.522251551424898,-0.03528027179095884,0.52006911465691,-0.24458505758951166,0.3570359660524132,2.12546729437027,0.0,False,False,0.5235987755982988,0.0
2.978,0.001,0.5223283433364319,0.07679191153391209,0.5116801093610513,-1.0590270814164222,1.485368489970161,0.3570359660524132,0.0,False,False,0.5235987755982988,0.0
2.979,0.001,0.5224166854242428,0.0883420878109878,0.5625533951288338,4.134204203503468,-5.6622281957537925,1.485368489970161,0.0,True,False,0.5235987755982988,0.0
2.98,0.001,0.5225729443159131,0.15625889167023524,0.5210068469406058,-0.43387103566967866,0.5672999586420879,-3.0,0.0,False,False,0.5235987755982988,0.0
2.981,0.001,0.5225725781739797,-0.0003661419333397531,0.5495419669287611,2.463028066712816,-3.4226111240037005,0.5672999586420879,0.0,True,False,0.5235987755982988,0.0
2.982,0.001,0.5226006883248566,0.028110150876905646,0.5191864345618369,-0.8188279766508875,1.0620157106373798,-3.0,0.0,False,False,0.5235987755982988,0.0
2.983,0.001,0.5224733668171576,-0.1273215076990009,0.5269987898716726,0.04429035199777165,-0.11434867931805393,1.0620157106373798,0.0,False,False,0.5235987755982988,0.0
2.984,0.001,0.5224056553455663,-0.06771147159130741,0.49934350167779806,-2.7256675025894572,3.707395933676362,-0.11434867931805393,0.0,True,False,0.5235987755982988,0.0
2.985,0.001,0.5223384835451018,-0.0671718004644987,0.5145355948215827,-0.9338914379520453,1.2838069795233438,3.0,0.0,False,False,0.5235987755982988,0.0
2.986,0.001,0.5224275659300408,0.08908238493897389,0.5261020891249155,0.3161471361764373,-0.4244362068908254,1.2838069795233438,0.0,False,False,0.5235987755982988,0.0
2.987,0.001,0.5225744839574354,0.1469180273946756,0.5502554727569287,2.6998707857601065,-3.719665491767465,-0.4244362068908254,0.0,True,False,0.5235987755982988,0.0
2.988,0.001,0.5226935925073719,0.11910854993643803,0.5265679228605454,0.061128717545774425,-0.12679911177536846,-3.0,0.0,False,False,0.5235987755982988,0.0
2.989,0.001,0.5226562247037132,-0.03736780365872565,0.5468067009334162,2.0788936530782745,-2.912415039726042,-0.12679911177536846,0.0,False,False,0.5235987755982988,0.0
2.99,0.001,0.5226183871034179,-0.03783760029530996,0.5338012196898324,0.5704561634120668,-0.8681913897420849,-2.912415039726042,0.0,False,False,0.5235987755982988,0.0
2.991,0.001,0.5224408133228324,-0.17757378058545842,0.5508443249478572,2.2177210728733368,-3.151685175740054,-0.8681913897420849,0.0,True,False,0.5235987755982988,0.0
2.992,0.001,0.5222265402676493,-0.21427305518316397,0.521196059177998,-0.9688776113999087,1.2059020292453042,-3.0,0.0,False,False,0.5235987755982988,0.0
2.993,0.001,0.5218691243046809,-0.3574159629683663,0.5635863804614987,3.3670422780901434,-4.76022762124577,1.2059020292453042,0.0,True,False,0.5235987755982988,0.0
2.994,0.001,0.5215794331070267,-0.28969119765422763,0.5131076711894967,-2.017532876919063,2.6098793316613125,-3.0,0.0,False,False,0.5235987755982988,0.0
2.995,0.001,0.5211469006741631,-0.43253243286361387,0.507769618076539,-2.349584900522933,3.104426716019196,2.6098793316613125,0.0,True,False,0.5235987755982988,0.0
2.996,0.001,0.520852592337614,-0.29430833654909383,0.49973318598740035,-2.9182696193845015,3.9315041562575743,3.0,0.0,True,False,0.5235987755982988,0.0
2.997,0.001,0.5207154612344111,-0.13713110320289945,0.5613995166983189,3.540190413645801,-4.928641836175322,3.0,0.0,True,False,0.5235987755982988,0.0
2.998,0.001,0.5207348786423271,0.019417407916005547,0.5350369368319848,0.5499133856478164,-0.865782964983728,-3.0,0.0,False,False,0.5235987755982988,0.0
2.999,0.001,0.5205997238614546,-0.13515478087259108,0.5147682169647901,-1.5319499396364342,1.997289982966877,-0.865782964983728,0.0,False,False,0.5235987755982988,0.0
3.0,0.001,0.5204278205352575,-0.17190332619709692,0.542227379027839,1.3671612606320964,-1.9759083744902393,1.997289982966877,0.0,False,False,0.5235987755982988,0.0
3.001,0.001,0.5203624693211029,-0.06535121415465515,0.5323649621916425,0.24420345094923834,-0.4508354998192729,-1.9759083744902393,0.0,False,False,0.5235987755982988,0.0
3.0020000000000002,0.001,0.5202045666996944,-0.15790262140844408,0.554519964589109,2.4352833456009626,-3.478921416555739,-0.4508354998192729,0.0,True,False,0.5235987755982988,0.0
3.003,0.001,0.5200307539121151,-0.17381278757932317,0.4930159747103329,-3.9586439768367407,5.300863188187475,-3.0,0.0,True,False,0.5235987755982988,0.0
3.004,0.001,0.5197136363753467,-0.31711753676830895,0.5150822287818142,-1.3561541720049402,1.7806828491026512,3.0,0.0,False,False,0.5235987755982988,0.0
3.005,0.001,0.5195537873087255,-0.1598490666212359,0.5114812662980424,-1.5806350031816303,2.1148771712225725,1.7806828491026512,0.0,False,False,0.5235987755982988,0.0
3.0060000000000002,0.001,0.5194896117794549,-0.06417552927057732,0.48504235068655094,-4.066463064012609,5.573771325226592,2.1148771712225725,0.0,True,False,0.5235987755982988,0.0
3.007,0.001,0.5195374172510381,0.047805471583245066,0.5380436181229119,1.640309986024746,-2.228379148672731,3.0,0.0,False,False,0.5235987755982988,0.0
3.008,0.001,0.5197291313596536,0.19171410861555482,0.5150098211748324,-0.827100707385678,1.1471220284852088,-2.228379148672731,0.0,False,False,0.5235987755982988,0.0
3.009,0.001,0.5198026596544577,0.07352829480409868,0.5327116594319663,1.0257931890662786,-1.394983735885549,1.1471220284852088,0.0,False,False,0.5235987755982988,0.0
3.0100000000000002,0.001,0.5199272576219036,0.12459796744589277,0.5611130474721108,3.7633526741740972,-5.191280102737531,-1.394983735885549,0.0,True,False,0.5235987755982988,0.0
3.011,0.001,0.5199756080572396,0.04835043533600189,0.5138103425729477,-1.3432530831596217,1.7880954942478666,-3.0,0.0,False,False,0.5235987755982988,0.0
3.012,0.001,0.5198678596951843,-0.10774836205528424,0.5125173534932224,-1.33822668281619,1.805337617270804,1.7880954942478666,0.0,False,False,0.5235987755982988,0.0
3.013,0.001,0.5198559468502628,-0.011912844921564344,0.521927027316092,-0.26343663224760994,0.34621542777685504,1.805337617270804,0.0,False,False,0.5235987755982988,0.0
3.0140000000000002,0.001,0.5199375521861754,0.0816053359126146,0.5371682690273346,1.2870312021014143,-1.7886883242443414,0.34621542777685504,0.0,False,False,0.5235987755982988,0.0
3.015,0.001,0.5200301452996727,0.09259311349734663,0.5101391370940727,-1.5445851114349214,2.0957756267979764,-1.7886883242443414,0.0,False,False,0.5235987755982988,0.0
3.016,0.001,0.5200269347670456,-0.00321053262713622,0.5090145774434479,-1.5025825653539038,2.0656146452120008,2.0957756267979764,0.0,False,False,0.5235987755982988,0.0
3.017,0.001,0.5201294808289154,0.10254606186977339,0.5385809144113833,1.604309387975028,-2.1948497642055553,2.0656146452120008,0.0,False,False,0.5235987755982988,0.0
3.0180000000000002,0.001,0.5203288978611236,0.19941703220817583,0.5269374007396224,0.2795270820014282,-0.39552775094553766,-2.1948497642055553,0.0,False,False,0.5235987755982988,0.0
3.019,0.001,0.5204117747370188,0.08287687589528396,0.48472453423900014,-3.9697122762609367,5.4633910759805,-0.39552775094553766,0.0,True,False,0.5235987755982988,0.0
3.02,0.001,0.5204685467362509,0.056771999232007174,0.49908142520857685,-2.1370519516771727,3.0057746490276025,3.0,0.0,True,False,0.5235987755982988,0.0
3.021,0.001,0.5206691325849125,0.20058584866170626,0.5468706412577186,2.855574848404715,-3.8455833999552134,3.0,0.0,True,False,0.5235987755982988,0.0
3.0220000000000002,0.001,0.521012916090203,0.34378350529038587,0.528027887986816,0.6857420364739875,-0.9026144667620941,-3.0,0.0,False,False,0.5235987755982988,0.0
3.023,0.001,0.5211993244614722,0.18640837126922433,0.5078964959195685,-1.3959713738981563,1.9578066828949325,-0.9026144667620941,0.0,False,False,0.5235987755982988,0.0
3.024,0.001,0.5213338564760145,0.13453201454232994,0.5183596468800691,-0.21005914045828655,0.3463752854780791,1.9578066828949325,0.0,False,False,0.5235987755982988,0.0
3.025,0.001,0.5215597407138831,0.22588423786859782,0.5217907642362815,0.1540585092087797,-0.15232600653422318,0.3463752854780791,0.0,False,False,0.5235987755982988,0.0
3.0260000000000002,0.001,0.521796040179076,0.23629946519288586,0.5346370097327265,1.42327720793241,-1.906620863938591,-0.15232600653422318,0.0,False,False,0.5235987755982988,0.0
3.027,0.001,0.5220177781460821,0.22173796700605905,0.49831160979648037,-2.351590506485447,3.277077592215268,-1.906620863938591,0.0,True,False,0.5235987755982988,0.0
3.028,0.001,0.522137298118026,0.1195199719439186,0.5074599668064161,-1.2015957548433256,1.7324134640658788,3.0,0.0,False,False,0.5235987755982988,0.0
3.029,0.001,0.5224003400874377,0.2630419694117889,0.5271643167220704,0.888998812206435,-1.130978314875611,1.7324134640658788,0.0,False,False,0.5235987755982988,0.0
3.0300000000000002,0.001,0.5227429505621752,0.3426104747374809,0.5210005084251823,0.18371810129697974,-0.17369291244027854,-1.130978314875611,0.0,False,False,0.5235987755982988,0.0
3.031,0.001,0.52302164167927,0.2786911170947505,0.5330024672740442,1.3655421760534718,-1.8079170614275832,-0.17369291244027854,0.0,False,False,0.5235987755982988,0.0
3.032,0.001,0.5232845333862743,0.262891707004367,0.5018255811247231,-1.888700656483987,2.6583582883051475,-1.8079170614275832,0.0,False,False,0.5235987755982988,0.0
3.033,0.001,0.5234499776733793,0.16544428710501624,0.5296830489276028,1.0859161894523783,-1.412616347270325,2.6583582883051475,0.0,False,False,0.5235987755982988,0.0
3.0340000000000003,0.001,0.5237416780985347,0.2917004251553321,0.5427934063175082,2.2883603094976808,-3.091535724342985,-1.412616347270325,0.0,True,False,0.5235987755982988,0.0
3.035,0.001,0.5239555809046259,0.2139028060911971,0.5324521674121562,1.025400388012714,-1.3898415182646893,-3.0,0.0,False,False,0.5235987755982988,0.0
3.036,0.001,0.5240126280994989,0.057047194872991175,0.5264405859865162,0.3217022066474472,-0.43719523496484985,-1.3898415182646893,0.0,False,False,0.5235987755982988,0.0
3.037,0.001,0.5239939948595742,-0.018633239924658082,0.5223205102961244,-0.12247558305648298,0.16997947510691971,-0.43719523496484985,0.0,False,False,0.5235987755982988,0.0
3.0380000000000003,0.001,0.5239579645978554,-0.03603026171884813,0.5093870632179225,-1.403572732571022,1.9400981019320005,0.16997947510691971,0.0,False,False,0.5235987755982988,0.0
3.039,0.001,0.5239362592058265,-0.02170539202888483,0.5226796467109507,0.06604288998889962,-0.0627071480144132,1.9400981019320005,0.0,False,False,0.5235987755982988,0.0
3.04,0.001,0.5240164164110549,0.08015720522835827,0.5460024311504613,2.391717044941073,-3.2733262538682126,-0.0627071480144132,0.0,True,False,0.5235987755982988,0.0
3.041,0.001,0.524087121591516,0.07070518046112287,0.522009682247612,-0.24672954983796425,0.3246791401179195,-3.0,0.0,False,False,0.5235987755982988,0.0
3.0420000000000003,0.001,0.5240015541401101,-0.0855674514059773,0.5084715448285998,-1.5758703367553895,2.1633345579610497,0.3246791401179195,0.0,False,False,0.5235987755982988,0.0
3.043,0.001,0.523938560609031,-0.06299353107909302,0.5153472281767182,-0.7307149682680117,1.0253858155100652,2.1633345579610497,0.0,False,False,0.5235987755982988,0.0
3.044,0.001,0.5239899637704999,0.05140316146890368,0.5274954627615742,0.5571799870443924,-0.7387563533922281,1.0253858155100652,0.0,False,False,0.5235987755982988,0.0
3.045,0.001,0.5240865004710613,0.09653670056142981,0.5175674514179707,-0.4913391460204015,0.6981708104703884,-0.7387563533922281,0.0,False,False,0.5235987755982988,0.0
3.0460000000000003,0.001,0.5241397139773761,0.05321350631479155,0.532609854137566,1.062035040541172,-1.4366414623562158,0.6981708104703884,0.0,False,False,0.5235987755982988,0.0
3.047,0.001,0.5242216815188873,0.08196754151111253,0.5333470266174674,1.0295487844771898,-1.4109270597176615,-1.4366414623562158,0.0,False,False,0.5235987755982988,0.0
3.048,0.001,0.5242254924227617,0.003810903874425786,0.5397411759156736,1.5660088358500959,-2.1697738087328613,-1.4109270597176615,0.0,False,False,0.5235987755982988,0.0
3.049,0.001,0.5241576120972645,-0.06788032549716924,0.5490034119862423,2.3356315593219503,-3.260041326169322,-2.1697738087328613,0.0,True,False,0.5235987755982988,0.0
3.0500000000000003,0.001,0.5239875010916508,-0.1701110056137337,0.5413685147166593,1.338578676431456,-1.926149715848235,-3.0,0.0,False,False,0.5235987755982988,0.0
3.051,0.001,0.5236740705295683,-0.3134305620825871,0.5073685228594359,-2.1952783769340245,2.926478601620362,-1.926149715848235,0.0,False,False,0.5235987755982988,0.0
3.052,0.001,0.5232715862039417,-0.4024843256266688,0.5075019352060008,-1.9624093045841278,2.6446342925623165,2.926478601620362,0.0,False,False,0.5235987755982988,0.0
3.053,0.001,0.5230230357456985,-0.24855045824314403,0.5217005740023772,-0.34630449448807576,0.44973302211227933,2.6446342925623165,0.0,False,False,0.5235987755982988,0.0
3.0540000000000003,0.001,0.5229137112039163,-0.10932454178224826,0.5150392157162269,-0.9778098736543013,1.3274439262624558,0.44973302211227933,0.0,False,False,0.5235987755982988,0.0
3.055,0.001,0.522833310396985,-0.08040080693131768,0.502965761048066,-2.087374353104961,2.8762434856301438,1.3274439262624558,0.0,False,False,0.5235987755982988,0.0
3.056,0.001,0.5228255995234452,-0.007710873539792218,0.5151166234360853,-0.6635506789925327,0.948939553710882,2.8762434856301438,0.0,False,False,0.5235987755982988,0.0
3.057,0.001,0.5229639367404405,0.1383372169953064,0.5146821237054909,-0.640645584152719,0.9292744350538046,0.948939553710882,0.0,False,False,0.5235987755982988,0.0
3.0580000000000003,0.001,0.5231431675980368,0.17923085759630186,0.5114172124671218,-0.903072149574361,1.3029547158504196,0.9292744350538046,0.0,False,False,0.5235987755982988,0.0
3.059,0.001,0.5233621452541528,0.2189776561159782,0.5178505789775669,-0.16942828357241235,0.3067814794600689,1.3029547158504196,0.0,False,False,0.5235987755982988,0.0
3.06,0.001,0.5236393947354405,0.27724948128774296,0.5442072421464222,2.48318086167036,-3.3507694318706536,0.3067814794600689,0.0,True,False,0.5235987755982988,0.0
3.061,0.001,0.5239248742927761,0.28547955733560637,0.5274022341077996,0.5543619716410628,-0.7336966191402899,-3.0,0.0,False,False,0.5235987755982988,0.0
3.0620000000000003,0.001,0.5240532119318824,0.12833763910626875,0.5671944187897292,4.478144242669913,-6.158494668649642,-0.7336966191402899,0.0,True,False,0.5235987755982988,0.0
3.063,0.001,0.5241383514215044,0.08513948962211376,0.5271142806691503,0.02231600634503561,-0.09005829888937011,-3.0,0.0,False,False,0.5235987755982988,0.0
3.064,0.001,0.5240671527604839,-0.07119866102060857,0.5190045499579333,-0.7908886654111689,1.0317624600199813,-0.09005829888937011,0.0,False,False,0.5235987755982988,0.0
3.065,0.001,0.5239977262805072,-0.06942647997660101,0.5240698586904332,-0.2052689256200636,0.2378432150856572,1.0317624600199813,0.0,False,False,0.5235987755982988,0.0
3.0660000000000003,0.001,0.5239861540521237,-0.011572228383524584,0.5284627835809178,0.25455045599040216,-0.3930126908756244,0.2378432150856572,0.0,False,False,0.5235987755982988,0.0
3.067,0.001,0.523989650206095,0.0034961539712999937,0.5315862648410644,0.5414435364060228,-0.7935070500570082,-0.3930126908756244,0.0,False,False,0.5235987755982988,0.0
3.068,0.001,0.5239724434491793,-0.017206756915774085,0.5602178936988761,3.3504620685465873,-4.679698608066295,-0.7935070500570082,0.0,True,False,0.5235987755982988,0.0
3.069,0.001,0.5239198087569789,-0.052634692200402886,0.5091661834086308,-2.0897551673325947,2.767492860213137,-3.0,0.0,False,False,0.5235987755982988,0.0
3.0700000000000003,0.001,0.5237233227957978,-0.19648596118107642,0.5387165049372781,1.074252502265387,-1.561222130820091,2.767492860213137,0.0,False,False,0.5235987755982988,0.0
3.071,0.001,0.523671997421437,-0.051325374360843556,0.5272979293727893,-0.17503030441002876,0.14345159735120583,-1.561222130820091,0.0,False,False,0.5235987755982988,0.0
3.072,0.001,0.5235487458387231,-0.12325158271391212,0.49612791736021555,-3.2745284752263997,4.423909618557178,0.14345159735120583,0.0,True,False,0.5235987755982988,0.0
3.073,0.001,0.523439159788944,-0.10958604977916685,0.5368903910776079,1.129171744035478,-1.5942551714701378,3.0,0.0,False,False,0.5235987755982988,0.0
3.074,0.001,0.5234860118744766,0.046852085532660195,0.5456102166863593,1.8882371305070698,-2.662090496193573,-1.5942551714701378,0.0,False,False,0.5235987755982988,0.0
3.075,0.001,0.5234470735496632,-0.03893832481338766,0.5084865230333427,-2.0129559478452954,2.6875676835835636,-2.662090496193573,0.0,False,False,0.5235987755982988,0.0
3.076,0.001,0.5232809469261481,-0.16612662351513832,0.523125021516495,-0.3478105047455422,0.42590017916711964,2.6875676835835636,0.0,False,False,0.5235987755982988,0.0
3.077,0.001,0.5232558631925744,-0.02508373357370164,0.4931427505572231,-3.311256550198174,4.521716310977171,0.42590017916711964,0.0,True,False,0.5235987755982988,0.0
3.078,0.001,0.5232572715238056,0.0014083312311698633,0.5012869541569407,-2.1657105352065997,3.000465428192366,3.0,0.0,True,False,0.5235987755982988,0.0
3.079,0.001,0.5234082524192802,0.15098089547455718,0.5416998192069867,2.092147023318664,-2.8363952129387795,3.0,0.0,False,False,0.5235987755982988,0.0
3.08,0.001,0.5237026293945007,0.29437697522051204,0.515562125679023,-0.7308370318095709,1.021664136718449,-2.8363952129387795,0.0,False,False,0.5235987755982988,0.0
3.081,0.001,0.5238480091011735,0.14537970667269298,0.5044957464325965,-1.7643912532712642,2.4611240289081584,1.021664136718449,0.0,False,False,0.5235987755982988,0.0
3.082,0.001,0.524037890501682,0.18988140050859698,0.5280427293643079,0.7667461652269931,-1.0000865660605545,2.4611240289081584,0.0,False,False,0.5235987755982988,0.0
3.083,0.001,0.524344068578102,0.3061780764200062,0.5152262515962815,-0.5915762280983359,0.8605969057543138,-1.0000865660605545,0.0,False,False,0.5235987755982988,0.0
3.084,0.001,0.5245930176139133,0.24894903581129907,0.5163756294960322,-0.4174808153134353,0.6309936082169211,0.8605969057543138,0.0,False,False,0.5235987755982988,0.0
3.085,0.001,0.5248780006988693,0.2849830849559547,0.5377816740925805,1.7648717258727347,-2.373138243944352,0.6309936082169211,0.0,False,False,0.5235987755982988,0.0
3.086,0.001,0.5251873935318963,0.30939283302698195,0.5049113213882388,-1.6986507171487066,2.3747550363595282,-2.373138243944352,0.0,False,False,0.5235987755982988,0.0
3.087,0.001,0.5253708918813939,0.18349834949765687,0.5095692879870771,-1.0629889855500037,1.5281175596619947,2.3747550363595282,0.0,False,False,0.5235987755982988,0.0
3.088,0.001,0.5256663939894403,0.29550210804645255,0.528355597163885,0.9219408306857863,-1.1919517850034953,1.5281175596619947,0.0,False,False,0.5235987755982988,0.0
3.089,0.001,0.5260311199670377,0.36472597759736824,0.5429505126166632,2.289238292895021,-3.0954172178045827,-1.1919517850034953,0.0,True,False,0.5235987755982988,0.0
3.09,0.001,0.5263287894514744,0.297669484436804,0.547938763379958,2.5591395399349977,-3.509087227991862,-3.0,0.0,True,False,0.5235987755982988,0.0
3.091,0.001,0.5264692682579735,0.14047880649905822,0.5148617515086853,-1.0044756011857667,1.3626371550359635,-3.0,0.0,False,False,0.5235987755982988,0.0
3.092,0.001,0.5264531851587584,-0.016083099215112973,0.5428134995638643,1.8911467644507067,-2.615241148721026,1.3626371550359635,0.0,False,False,0.5235987755982988,0.0
3.093,0.001,0.5265092963690001,0.056111210241739304,0.5128234315438018,-1.2969747140006063,1.7503258497816732,-2.615241148721026,0.0,False,False,0.5235987755982988,0.0
3.094,0.001,0.5264284648006787,-0.08083156832135967,0.5583018307348977,3.380562676509039,-4.681330204269626,1.7503258497816732,0.0,True,False,0.5235987755982988,0.0
3.095,0.001,0.5264414691479229,0.01300434724419959,0.5066534317906363,-2.122333485568007,2.851816371219534,-3.0,0.0,False,False,0.5235987755982988,0.0
3.096,0.001,0.5263009905801298,-0.14047856779308876,0.5494873198714243,2.3732886710675953,-3.313940202197373,2.851816371219534,0.0,True,False,0.5235987755982988,0.0
3.097,0.001,0.5263096647356568,0.008674155527008204,0.5148518206780709,-1.3275901153745036,1.7505533270135067,-3.0,0.0,False,False,0.5235987755982988,0.0
3.098,0.001,0.5261658537028353,-0.14381103282141464,0.5613036329931043,3.4503501276662822,-4.819107586306036,1.7505533270135067,0.0,True,False,0.5235987755982988,0.0
3.099,0.001,0.5261161455736796,-0.049708129155730155,0.5364366392274481,0.6186157383340394,-0.9734204313255345,-3.0,0.0,False,False,0.5235987755982988,0.0
3.1,0.001,0.5259225536005356,-0.1935919731439686,0.5081897199076764,-2.267937767476538,2.99888832340305,-0.9734204313255345,0.0,False,False,0.5235987755982988,0.0
3.101,0.001,0.525687064973671,-0.23548862686461436,0.5165722840250452,-1.202887578992003,1.569941943108969,2.99888832340305,0.0,False,False,0.5235987755982988,0.0
3.102,0.001,0.5256084627174833,-0.07860225618771466,0.5392426468033351,1.18443745673619,-1.7029146297740811,1.569941943108969,0.0,False,False,0.5235987755982988,0.0
3.103,0.001,0.5256146673398192,0.0062046223359239205,0.5439867782799489,1.5404068587239497,-2.2154722787384413,-1.7029146297740811,0.0,False,False,0.5235987755982988,0.0
3.104,0.001,0.525533897528148,-0.08076981167116597,0.5242996776200601,-0.5823438931373215,0.6861964353730821,-2.2154722787384413,0.0,False,False,0.5235987755982988,0.0
3.105,0.001,0.5253486734556565,-0.18522407249155634,0.5261281074967497,-0.34126651615463743,0.36399184521344985,0.6861964353730821,0.0,False,False,0.5235987755982988,0.0
3.106,0.001,0.5252045001011152,-0.14417335454132918,0.5384402574132382,0.9240751271096805,-1.3760368252005255,0.36399184521344985,0.0,False,False,0.5235987755982988,0.0
3.107,0.001,0.525085103025679,-0.11939707543622008,0.5273854195259673,-0.2738161743283778,0.26041981849602075,-1.3760368252005255,0.0,False,False,0.5235987755982988,0.0
3.108,0.001,0.5249033816189723,-0.18172140670668083,0.5023274629329716,-2.7522302161951098,3.6855598874100215,0.26041981849602075,0.0,True,False,0.5235987755982988,0.0
3.109,0.001,0.5247414080886634,-0.16197353030891132,0.5105523346255028,-1.6545200253224823,2.2202599678973076,3.0,0.0,False,False,0.5235987755982988,0.0
3.11,0.001,0.5247360824513672,-0.0053256372962381116,0.5288396995964656,0.3396684743060492,-0.501938801134261,2.2202599678973076,0.0,False,False,0.5235987755982988,0.0
3.111,0.001,0.5248433520853643,0.1072696339971304,0.546057522253346,2.0274838925634873,-2.8372381108670344,-0.501938801134261,0.0,False,False,0.5235987755982988,0.0
3.112,0.001,0.524919095964105,0.07574387874071317,0.5531233099200923,2.5313142699817646,-3.5690187417703996,-2.8372381108670344,0.0,True,False,0.5235987755982988,0.0
3.113,0.001,0.524846681119841,-0.07241484426401212,0.538452036128467,0.8110554638210632,-1.2406252461283038,-3.0,0.0,False,False,0.5235987755982988,0.0
3.114,0.001,0.5246305473461327,-0.21613377370827422,0.5296447170367775,-0.1507819917299954,0.07211144418337792,-1.2406252461283038,0.0,False,False,0.5235987755982988,0.0
3.115,0.001,0.5243592468452078,-0.27130050092478364,0.5374285146402555,0.6426759677908066,-1.0201464641041889,0.07211144418337792,0.0,False,False,0.5235987755982988,0.0
3.116,0.001,0.5240986371184959,-0.2606097267119354,0.5124616394919148,-1.918279143822346,2.502403422501727,-1.0201464641041889,0.0,False,False,0.5235987755982988,0.0
3.117,0.001,0.5237940625074856,-0.30457461101035477,0.5211196777349872,-0.8606474051328689,1.077400647699051,2.502403422501727,0.0,False,False,0.5235987755982988,0.0
3.118,0.001,0.5236218263660444,-0.1722361414412277,0.5092380318118346,-1.9627472569348479,2.6137900964781737,1.077400647699051,0.0,False,False,0.5235987755982988,0.0
3.119,0.001,0.5235101492011566,-0.11167716488775725,0.5017154791343572,-2.5187277989891,3.416372695137869,2.6137900964781737,0.0,True,False,0.5235987755982988,0.0
3.12,0.001,0.5235356080802804,0.025458879123893136,0.5293571365501051,0.49731072248459585,-0.7004233641140277,3.0,0.0,False,False,0.5235987755982988,0.0
3.121,0.001,0.5237058375625908,0.17022948231033525,0.5269436555687562,0.20623155210125044,-0.3076857019897338,-0.7004233641140277,0.0,False,False,0.5235987755982988,0.0
3.122,0.001,0.5238343649592517,0.12852739666091434,0.5358361649234533,1.0748593323608349,-1.5101042066857828,-0.3076857019897338,0.0,False,False,0.5235987755982988,0.0
3.123,0.001,0.5239409939926537,0.10662903340202054,0.5334724435258213,0.7310012593615547,-1.0549275339292712,-1.5101042066857828,0.0,False,False,0.5235987755982988,0.0
3.124,0.001,0.5239656915803451,0.02469758769138844,0.5282006330260489,0.130720083448156,-0.239697533837289,-1.0549275339292712,0.0,False,False,0.5235987755982988,0.0
3.125,0.001,0.5239324800679835,-0.033211512361537666,0.5336472735555293,0.662312128051381,-0.9756475168918063,-0.239697533837289,0.0,False,False,0.5235987755982988,0.0
3.126,0.001,0.5238929982930289,-0.03948177495465721,0.5231480377289139,-0.4538426674152952,0.552724482547282,-0.9756475168918063,0.0,False,False,0.5235987755982988,0.0
3.1270000000000002,0.001,0.5238106649720891,-0.0823333209399191,0.5310169792718731,0.3784357536221481,-0.5876505704709145,0.552724482547282,0.0,False,False,0.5235987755982988,0.0
3.128,0.001,0.5237622940216107,-0.04837095047839313,0.5110886833498062,-1.652237413946757,2.207866557208976,-0.5876505704709145,0.0,False,False,0.5235987755982988,0.0
3.129,0.001,0.5236906396144184,-0.07165440719226548,0.5301432252809546,0.41844052056275993,-0.6199287189631159,2.207866557208976,0.0,False,False,0.5235987755982988,0.0
3.13,0.001,0.5237356558858176,0.04501627139919345,0.5354017452726177,0.9024484676727995,-1.2953916153451002,-0.6199287189631159,0.0,False,False,0.5235987755982988,0.0
3.1310000000000002,0.001,0.5237436272874928,0.007971401675229195,0.5120554814281753,-1.5224227635387293,2.0346866113086994,-1.2953916153451002,0.0,False,False,0.5235987755982988,0.0
3.132,0.001,0.5236845248739568,-0.059102413536028256,0.5245891656596016,-0.11681206404222544,0.12234745574722106,2.0346866113086994,0.0,False,False,0.5235987755982988,0.0
3.133,0.001,0.5237333607502422,0.048835876285412236,0.5128494437335103,-1.2791030502471323,1.7284116338627526,0.12234745574722106,0.0,False,False,0.5235987755982988,0.0
3.134,0.001,0.5237822088110432,0.04884806080100952,0.5145929334230385,-0.9768437762695992,1.3343176906782053,1.7284116338627526,0.0,False,False,0.5235987755982988,0.0
3.1350000000000002,0.001,0.5239113721075684,0.12916329652522743,0.5042776510086994,-1.910687640076549,2.640605410704649,1.3343176906782053,0.0,False,False,0.5235987755982988,0.0
3.136,0.001,0.5241007346649325,0.18936255736403576,0.5461926746982737,2.4718834928885394,-3.3729503752657948,2.640605410704649,0.0,True,False,0.5235987755982988,0.0
3.137,0.001,0.5244153700426739,0.3146353777414709,0.5430150851312298,1.9069361868952908,-2.6378169958671056,-3.0,0.0,False,False,0.5235987755982988,0.0
3.138,0.001,0.5245727468789044,0.15737683623050525,0.5339527371468548,0.8100077697682624,-1.158380631595922,-2.6378169958671056,0.0,False,False,0.5235987755982988,0.0
3.1390000000000002,0.001,0.5245916033597521,0.01885648084769237,0.5590129162156755,3.2350248996735096,-4.519484410720992,-1.158380631595922,0.0,True,False,0.5235987755982988,0.0
3.14,0.001,0.5245480462807224,-0.04355707902966888,0.5212450857803738,-0.8652606338240147,1.0806791773114686,-3.0,0.0,False,False,0.5235987755982988,0.0
3.141,0.001,0.5243605113810869,-0.18753489963547684,0.5772747476629825,4.824231617819257,-6.755245438547414,1.0806791773114686,0.0,True,False,0.5235987755982988,0.0
3.142,0.001,0.5242337605798295,-0.12675080125739033,0.5202626231366035,-1.3594039966005607,1.6913355402311876,-3.0,0.0,False,False,0.5235987755982988,0.0
3.1430000000000002,0.001,0.5239635167442399,-0.2702438355896175,0.5284174809615825,-0.4079778144426114,0.4028366807920278,1.6913355402311876,0.0,False,False,0.5235987755982988,0.0
3.144,0.001,0.5237849206610042,-0.17859608323572168,0.516842386371033,-1.5246894920533007,1.951242396554746,0.4028366807920278,0.0,False,False,0.5235987755982988,0.0
3.145,0.001,0.5236331807959308,-0.15173986507348353,0.530131487708315,-0.043310409119770465,-0.06561632703656631,1.951242396554746,0.0,False,False,0.5235987755982988,0.0
3.146,0.001,0.5235856100070607,-0.04757078887007836,0.5381698417774907,0.7648560387097809,-1.1801064376771913,-0.06561632703656631,0.0,False,False,0.5235987755982988,0.0
3.1470000000000002,0.001,0.5235408464750408,-0.04476353201983233,0.5215526303442686,-0.9733507084834112,1.2048514647526378,-1.1801064376771913,0.0,False,False,0.5235987755982988,0.0
3.148,0.001,0.5234431217126098,-0.09772476243112427,0.5544527329303425,2.4139946209723195,-3.4521647771435693,1.2048514647526378,0.0,True,False,0.5235987755982988,0.0
3.149,0.001,0.5234120297385165,-0.031091974093187674,0.5275859721591595,-0.5140809182432116,0.545127563796362,-3.0,0.0,False,False,0.5235987755982988,0.0
3.15,0.001,0.5232365493787869,-0.1754803597295882,0.527957409944938,-0.4255290478410376,0.43217943916973967,0.545127563796362,0.0,False,False,0.5235987755982988,0.0
3.1510000000000002,0.001,0.5230950273183989,-0.14152206038803958,0.5072300246560969,-2.455714671941044,3.241495123288887,0.43217943916973967,0.0,True,False,0.5235987755982988,0.0
3.152,0.001,0.5229816803096413,-0.11334700875750958,0.5302858670770947,0.09544103735283826,-0.2348968914417316,3.0,0.0,False,False,0.5235987755982988,0.0
3.153,0.001,0.5230247865455093,0.04310623586799078,0.5206855702550884,-0.8741327485830701,1.1013969944774709,-0.2348968914417316,0.0,False,False,0.5235987755982988,0.0
3.154,0.001,0.5230501344797921,0.025347934282769668,0.5124343485614173,-1.6118416430918725,2.1351696583741138,1.1013969944774709,0.0,False,False,0.5235987755982988,0.0
3.1550000000000002,0.001,0.5231253323289682,0.0751978491760829,0.5095732973493049,-1.7367625999939296,2.336573728474606,2.1351696583741138,0.0,False,False,0.5235987755982988,0.0
3.156,0.001,0.5233009943731299,0.17566204416176506,0.5699320621840958,4.472790143484548,-6.2013473307258025,2.336573728474606,0.0,True,False,0.5235987755982988,0.0
3.157,0.001,0.5235867824558208,0.2857880826908655,0.5189882369360959,-1.068871395663896,1.3656353707163285,-3.0,0.0,False,False,0.5235987755982988,0.0
3.158,0.001,0.5237154273861809,0.12864493036010669,0.4982862346399928,-3.0321844857078144,4.094247120098886,1.3656353707163285,0.0,True,False,0.5235987755982988,0.0
3.1590000000000003,0.001,0.5239058395364155,0.19041215023450647,0.511719576156001,-1.3856318855362058,1.8765838526048066,3.0,0.0,False,False,0.5235987755982988,0.0
3.16,0.001,0.5242394900381135,0.3336505016980873,0.5233394614511137,-0.08508016747132574,0.10676385561492382,1.8765838526048066,0.0,False,False,0.5235987755982988,0.0
3.161,0.001,0.5246596351304351,0.4201450923215353,0.5342007747617,1.009559180334444,-1.4023070013425545,0.10676385561492382,0.0,False,False,0.5235987755982988,0.0
3.162,0.001,0.5250774378351681,0.41780270473299536,0.5347604638178871,0.964572167919708,-1.3583969894562389,-1.4023070013425545,0.0,False,False,0.5235987755982988,0.0
3.1630000000000003,0.001,0.5254174539790151,0.3400161438469357,0.537226605674421,1.1147291367811303,-1.5829759055075563,-1.3583969894562389,0.0,False,False,0.5235987755982988,0.0
3.164,0.001,0.5256821902088138,0.264736229798736,0.5144272546425721,-1.2766788800818758,1.6971020333013316,-1.5829759055075563,0.0,False,False,0.5235987755982988,0.0
3.165,0.001,0.525860718698418,0.17852848960420142,0.5318025253444697,0.588516078116071,-0.8538867891703611,1.6971020333013316,0.0,False,False,0.5235987755982988,0.0
3.166,0.001,0.5261173881759406,0.2566694775225837,0.5108272660839539,-1.5678614557471156,2.111320918154747,-0.8538867891703611,0.0,False,False,0.5235987755982988,0.0
3.1670000000000003,0.001,0.5263243366360946,0.20694846015406082,0.5155095263956208,-0.9428492790057189,1.2770256204550678,2.111320918154747,0.0,False,False,0.5235987755982988,0.0
3.168,0.001,0.5266300233483281,0.30568671223352784,0.5106129801681979,-1.3382189738474328,1.839607086358736,1.2770256204550678,0.0,False,False,0.5235987755982988,0.0
3.169,0.001,0.5269923385947355,0.36231524640734775,0.5062510402879915,-1.6405910644833286,2.2809685129655257,1.839607086358736,0.0,False,False,0.5235987755982988,0.0
3.17,0.001,0.5274391849344752,0.44684633973965515,0.5460131444460133,2.4996784577671867,-3.4030727885794856,2.2809685129655257,0.0,True,False,0.5235987755982988,0.0
3.1710000000000003,0.001,0.5279922923145042,0.5531073800289729,0.5400108337643444,1.649479543823578,-2.274792499577115,-3.0,0.0,False,False,0.5235987755982988,0.0
3.172,0.001,0.528387187265013,0.3948949505088569,0.5454332136613399,2.026769579140766,-2.8251433801036585,-2.274792499577115,0.0,False,False,0.5235987755982988,0.0
3.173,0.001,0.5286607630107409,0.2735757457279657,0.5293469054519189,0.2154618002845865,-0.3620204977066648,-2.8251433801036585,0.0,False,False,0.5235987755982988,0.0
3.174,0.001,0.5287859872844808,0.12522427373988673,0.5423438392845182,1.493609003516064,-2.1297419505712263,-0.3620204977066648,0.0,False,False,0.5235987755982988,0.0
3.1750000000000003,0.001,0.5288866096799683,0.10062239548748728,0.49814631048846514,-3.0755047764408507,4.148750103706027,-2.1297419505712263,0.0,True,False,0.5235987755982988,0.0
3.176,0.001,0.5288743430002482,-0.01226667972010305,0.5439380619230055,1.8112208446572726,-2.539572167433448,3.0,0.0,False,False,0.5235987755982988,0.0
3.177,0.001,0.5290154042055599,0.1410612053117689,0.5321067284097204,0.44696540886303193,-0.6895016412412268,-2.539572167433448,0.0,False,False,0.5235987755982988,0.0
3.178,0.001,0.5290229225666525,0.007518361092530151,0.5399680498601206,1.188401013016748,-1.7207281523328894,-0.6895016412412268,0.0,False,False,0.5235987755982988,0.0
3.1790000000000003,0.001,0.5289937808284806,-0.029141738171876423,0.5356264386311699,0.6353997888200019,-0.9789776811756814,-1.7207281523328894,0.0,False,False,0.5235987755982988,0.0
3.18,0.001,0.5288841017616628,-0.10967906681776748,0.5116567394162127,-1.825110111557715,2.405088785146808,-0.9789776811756814,0.0,False,False,0.5235987755982988,0.0
3.181,0.001,0.5287319123201002,-0.15218944156260444,0.5025861859136901,-2.549654450654205,3.437811955108003,2.405088785146808,0.0,True,False,0.5235987755982988,0.0
3.182,0.001,0.5287065860726121,-0.025326247488033304,0.5162788964201765,-0.9254179549401389,1.2422593711343675,3.0,0.0,False,False,0.5235987755982988,0.0
3.1830000000000003,0.001,0.5288364779003867,0.1298918277745142,0.5386961444600139,1.4088486445376103,-1.962371012956004,1.2422593711343675,0.0,False,False,0.5235987755982988,0.0
3.184,0.001,0.5290219631568257,0.18548525643902322,0.5410663304913835,1.5049823832208118,-2.120394847940499,-1.962371012956004,0.0,False,False,0.5235987755982988,0.0
3.185,0.001,0.5291025879216967,0.08062476487106572,0.5052274912041537,-2.2293997838242547,3.0059628596837182,-2.120394847940499,0.0,True,False,0.5235987755982988,0.0
3.186,0.001,0.5290708742256645,-0.031713696032251826,0.5119474599741104,-1.3344629284461562,1.811079195370779,3.0,0.0,False,False,0.5235987755982988,0.0
3.1870000000000003,0.001,0.5291948042948363,0.12393006917185315,0.5165719603072491,-0.7385666022876748,1.0127625979841053,1.811079195370779,0.0,False,False,0.5235987755982988,0.0
3.188,0.001,0.5294027926532697,0.20798835843339364,0.523166642917577,-0.005241681026115663,0.014068405484331947,1.0127625979841053,0.0,False,False,0.5235987755982988,0.0
3.189,0.001,0.5296545871881797,0.25179453490999193,0.5058823156102765,-1.7331502436535489,2.39867657216866,0.014068405484331947,0.0,False,False,0.5235987755982988,0.0
3.19,0.001,0.5299000779652244,0.24549077704470784,0.5050805925122787,-1.6400075290879803,2.301336330453939,2.39867657216866,0.0,False,False,0.5235987755982988,0.0
3.1910000000000003,0.001,0.5302585206077697,0.3584426425452236,0.5159147887763543,-0.3925871497716158,0.6094163425209398,2.301336330453939,0.0,False,False,0.5235987755982988,0.0
3.192,0.001,0.5307245962962674,0.46607568849773967,0.5322300097308698,1.2781936606570883,-1.6891946071747828,0.6094163425209398,0.0,False,False,0.5235987755982988,0.0
3.193,0.001,0.5312132784991372,0.4886822028697957,0.5106080201400303,-1.0118246644925697,1.4480231956399177,-1.6891946071747828,0.0,False,False,0.5235987755982988,0.0
3.194,0.001,0.5316095462428369,0.3962677436995774,0.5295883937084634,0.9873951588000053,-1.2926873165429695,1.4480231956399177,0.0,False,False,0.5235987755982988,0.0
3.1950000000000003,0.001,0.5320706300753436,0.461083832506775,0.5505458620232765,2.9844024744013087,-4.0663305249311685,-1.2926873165429695,0.0,True,False,0.5235987755982988,0.0
3.196,0.001,0.5324592352066932,0.3886051313495994,0.5097388926530803,-1.3947347100584446,1.9231595450840675,-3.0,0.0,False,False,0.5235987755982988,0.0
3.197,0.001,0.5326902859175174,0.231050710824201,0.5290871277064767,0.6795622662870437,-0.9142650574916544,1.9231595450840675,0.0,False,False,0.5235987755982988,0.0
3.198,0.001,0.5330105704027537,0.3202844852362162,0.5508959494386876,2.792488212879427,-3.84233498458231,-0.9142650574916544,0.0,True,False,0.5235987755982988,0.0
3.1990000000000003,0.001,0.5332778604971744,0.2672900944206888,0.525977699928309,0.0214144405536274,-0.06851796660453631,-3.0,0.0,False,False,0.5235987755982988,0.0
3.2,0.001,0.5333880814312174,0.1102209340430356,0.52337565650684,-0.2409313456486322,0.29313375842461664,-0.06851796660453631,0.0,False,False,0.5235987755982988,0.0
3.201,0.001,0.5334884357792319,0.10035434801443058,0.5537952685720524,2.8251229954374684,-3.933684468052527,0.29313375842461664,0.0,True,False,0.5235987755982988,0.0
3.202,0.001,0.5335970459235848,0.1086101443528976,0.5282528114690797,-0.011635014403553523,-0.06981062838979084,-3.0,0.0,False,False,0.5235987755982988,0.0
3.203,0.001,0.5335492218576605,-0.047824065924335815,0.5528262966193954,2.446877002068378,-3.4623477808617924,-0.06981062838979084,0.0,True,False,0.5235987755982988,0.0
3.204,0.001,0.5335039988816295,-0.04522297603109494,0.5409908573339044,1.0186453733124385,-1.5354319192158266,-3.0,0.0,False,False,0.5235987755982988,0.0
3.205,0.001,0.5333148278302028,-0.18917105142667665,0.527331059814069,-0.4491989160023421,0.47185758331894667,-1.5354319192158266,0.0,False,False,0.5235987755982988,0.0
3.206,0.001,0.533055641866948,-0.2591859632548057,0.5414278210165135,1.0053970958423437,-1.5273993325386774,0.47185758331894667,0.0,False,False,0.5235987755982988,0.0
3.207,0.001,0.5328270855267121,-0.22855634023590565,0.5384199846297406,0.6040737475808162,-0.9916702596629318,-1.5273993325386774,0.0,False,False,0.5235987755982988,0.0
3.208,0.001,0.5325290734452087,-0.2980120815033186,0.5503468399487498,1.7363519047236509,-2.5650874439764983,-0.9916702596629318,0.0,False,False,0.5235987755982988,0.0
3.209,0.001,0.5321886698990482,-0.34040354616045326,0.5226182348246844,-1.2101437981552519,1.469822291711362,-2.5650874439764983,0.0,False,False,0.5235987755982988,0.0
3.21,0.001,0.5317273735948735,-0.46129630417463635,0.5324465551320094,-0.1062973876072213,-0.03170316647812582,1.469822291711362,0.0,False,False,0.5235987755982988,0.0
3.211,0.001,0.5313474135905012,-0.3799600043723697,0.5302737624397984,-0.31294691806760366,0.25538653853413185,-0.03170316647812582,0.0,False,False,0.5235987755982988,0.0
3.212,0.001,0.5309733882678224,-0.3740253226787865,0.543263091761236,1.0172807058829156,-1.574694537992368,0.25538653853413185,0.0,False,False,0.5235987755982988,0.0
3.213,0.001,0.530619628373361,-0.3537598944613648,0.5127268760073669,-2.1380689400922863,2.7613769207475185,-1.574694537992368,0.0,False,False,0.5235987755982988,0.0
3.214,0.001,0.5301945487915778,-0.42507958178313776,0.5479441467005416,1.597465023234412,-2.3551747077216643,2.7613769207475185,0.0,False,False,0.5235987755982988,0.0
3.215,0.001,0.5299152383741592,-0.2793104174186293,0.5380542108453155,0.44872493538835834,-0.7986677569123296,-2.3551747077216643,0.0,False,False,0.5235987755982988,0.0
3.216,0.001,0.5295252864630242,-0.3899519111350469,0.5065406079260606,-2.7475078500759635,3.604056438191444,-0.7986677569123296,0.0,True,False,0.5235987755982988,0.0
3.217,0.001,0.5291029609716881,-0.4223254913361232,0.5501911255057724,1.8922946929028148,-2.7494159298179026,3.0,0.0,False,False,0.5235987755982988,0.0
3.218,0.001,0.5288383247823173,-0.2646361893707787,0.5678306048382614,3.467013156861432,-4.956588714553044,-2.7494159298179026,0.0,True,False,0.5235987755982988,0.0
3.219,0.001,0.528443276341213,-0.3950484411042293,0.5459285776681748,0.9301091241666293,-1.5180673862577232,-3.0,0.0,False,False,0.5235987755982988,0.0
3.22,0.001,0.5279058080938732,-0.5374682473398125,0.55281139065778,1.5253795107104797,-2.356282483923236,-1.5180673862577232,0.0,False,False,0.5235987755982988,0.0
3.221,0.001,0.5273005863502099,-0.6052217436633394,0.5287905980461516,-1.0292377015234049,1.141632437766736,-2.356282483923236,0.0,False,False,0.5235987755982988,0.0
3.222,0.001,0.5265859713693251,-0.7146149808848478,0.49758723998180393,-4.046649737805828,5.3241873264639015,1.141632437766736,0.0,True,False,0.5235987755982988,0.0
3.223,0.001,0.5259372964702521,-0.6486748990729716,0.4937513227940155,-4.025576482804087,5.367945929842004,3.0,0.0,True,False,0.5235987755982988,0.0
3.224,0.001,0.5254472162707754,-0.4900801994766797,0.5298992377989844,-0.008227334026790878,-0.10353551878019149,3.0,0.0,False,False,0.5235987755982988,0.0
3.225,0.001,0.5251150963920966,-0.33211987867877296,0.514783117095178,-1.5190166710047526,1.981501858261878,-0.10353551878019149,0.0,False,False,0.5235987755982988,0.0
3.226,0.001,0.5247851282169935,-0.3299681751030675,0.5088227608995451,-1.9631506234675618,2.6217490127386402,1.981501858261878,0.0,False,False,0.5235987755982988,0.0
3.227,0.001,0.524561555007504,-0.2235732094895614,0.5234664187775423,-0.3024697733210906,0.365346150758926,2.6217490127386402,0.0,False,False,0.5235987755982988,0.0
3.228,0.001,0.524475963541487,-0.08559146601701276,0.5352199536415035,0.9031306904071428,-1.2929380332662563,0.365346150758926,0.0,False,False,0.5235987755982988,0.0
3.229,0.001,0.5244149794479186,-0.06098409356840711,0.4990595770237236,-2.803220040411564,3.80556962283623,-1.2929380332662563,0.0,True,False,0.5235987755982988,0.0
3.23,0.001,0.5242955654922253,-0.11941395569329477,0.5164611730798158,-0.7827384307611931,1.0677629622461267,3.0,0.0,False,False,0.5235987755982988,0.0
3.231,0.001,0.5243326291141747,0.03706362194937965,0.5506848438139601,2.71790248572936,-3.749032210757135,1.0677629622461267,0.0,True,False,0.5235987755982988,0.0
3.232,0.001,0.5244172203618699,0.08459124769525608,0.5056498977185703,-2.0573823723825577,2.791938648694183,-3.0,0.0,False,False,0.5235987755982988,0.0
3.233,0.001,0.5243454757875253,-0.07174457434450834,0.5395256722096085,1.535933313959515,-2.1298041157549914,2.791938648694183,0.0,False,False,0.5235987755982988,0.0
3.234,0.001,0.5244196059401329,0.07413015260756295,0.5159594581654035,-0.9742814218569358,1.3066454200204394,-2.1298041157549914,0.0,False,False,0.5235987755982988,0.0
3.235,0.001,0.5243809566021609,-0.03864933797199417,0.5339068547483818,0.9178863786265965,-1.2870090790534103,1.3066454200204394,0.0,False,False,0.5235987755982988,0.0
3.236,0.001,0.52441354772655,0.03259112438913804,0.5435655256999419,1.79196483591994,-2.509759304933503,-1.2870090790534103,0.0,False,False,0.5235987755982988,0.0
3.237,0.001,0.524376102042349,-0.03744568420107078,0.537313909561239,0.987606738457662,-1.4320004974821183,-2.509759304933503,0.0,False,False,0.5235987755982988,0.0
3.238,0.001,0.5242190409801725,-0.157061062176494,0.5400868694649266,1.1661420549806492,-1.6961561555760785,-1.4320004974821183,0.0,False,False,0.5235987755982988,0.0
3.239,0.001,0.5239970081355588,-0.22203284461367584,0.5038979093329147,-2.569368163718604,3.4378573892392392,-1.6961561555760785,0.0,True,False,0.5235987755982988,0.0
3.24,0.001,0.523697055614542,-0.2999525210167566,0.5431340842439722,1.6111861437590131,-2.2850589281329374,3.0,0.0,False,False,0.5235987755982988,0.0
3.241,0.001,0.5235543029036094,-0.14275271093269074,0.5086720005441463,-1.996140840599483,2.6640509596941246,-2.2850589281329374,0.0,False,False,0.5235987755982988,0.0
3.242,0.001,0.5233038682495366,-0.25043465407282006,0.5278337266051991,0.11964584956574664,-0.21980413760310138,2.6640509596941246,0.0,False,False,0.5235987755982988,0.0
3.243,0.001,0.5231936378820646,-0.11023036747198212,0.5277008841258872,0.09439701667798299,-0.18711437351017096,-0.21980413760310138,0.0,False,False,0.5235987755982988,0.0
3.244,0.001,0.5230788580333294,-0.11477984873520254,0.5315458439613037,0.4694532985518285,-0.7063911887962815,-0.18711437351017096,0.0,False,False,0.5235987755982988,0.0
3.245,0.001,0.522961181461048,-0.11767657228146575,0.5288421848948742,0.15214206205370145,-0.2769518418027991,-0.7063911887962815,0.0,False,False,0.5235987755982988,0.0
3.246,0.001,0.5228146559426016,-0.14652551844635942,0.5080873935561625,-1.9385512780228402,2.605466410385862,-0.2769518418027991,0.0,False,False,0.5235987755982988,0.0
3.247,0.001,0.522660868928943,-0.15378701365858835,0.499101238119007,-2.643311693936109,3.6129297073505837,2.605466410385862,0.0,True,False,0.5235987755982988,0.0
3.248,0.001,0.5226439703813448,-0.016898547598259983,0.537869327072104,1.4978283707672029,-2.054263971449137,3.0,0.0,False,False,0.5235987755982988,0.0
3.249,0.001,0.522781269888638,0.1372995072932398,0.5260246951303957,0.16358233951965673,-0.23996535900133265,-2.054263971449137,0.0,False,False,0.5235987755982988,0.0
3.25,0.001,0.5228093070124016,0.02803712376351654,0.5428697172332867,1.831726315856787,-2.544948528457926,-0.23996535900133265,0.0,False,False,0.5235987755982988,0.0
3.251,0.001,0.5228199192064653,0.010612194063751669,0.522039182220809,-0.4344998169766583,0.5494724611668061,-2.544948528457926,0.0,False,False,0.5235987755982988,0.0
3.2520000000000002,0.001,0.5227003264432523,-0.11959276321309045,0.4981755818177582,-2.7774098755840773,3.790509338750624,0.5494724611668061,0.0,True,False,0.5235987755982988,0.0
3.253,0.001,0.5226146855973558,-0.08564084589651019,0.53947682953212,1.630455883410507,-2.2423520309013885,3.0,0.0,False,False,0.5235987755982988,0.0
3.254,0.001,0.5226853850252213,0.07069942786557798,0.5162211984340163,-0.8581528147409123,1.1625797666461808,-2.2423520309013885,0.0,False,False,0.5235987755982988,0.0
3.255,0.001,0.522637694248543,-0.0476907766782681,0.5286067806337441,0.46622068670596384,-0.6496089146851719,1.1625797666461808,0.0,False,False,0.5235987755982988,0.0
3.2560000000000002,0.001,0.5226542222221563,0.016527973613301217,0.511353923422108,-1.3056871031282482,1.7872318629253334,-0.6496089146851719,0.0,False,False,0.5235987755982988,0.0
3.257,0.001,0.5226341324129792,-0.020089809177143342,0.5513326111527308,2.8227503802468608,-3.886509496276009,1.7872318629253334,0.0,True,False,0.5235987755982988,0.0
3.258,0.001,0.522708065397745,0.07393298476577573,0.507409123108583,-1.8518734621926045,2.51366189944601,-3.0,0.0,False,False,0.5235987755982988,0.0
3.259,0.001,0.5226257100303845,-0.08235536736044183,0.5167364498270369,-0.7339534441279512,1.0042659968362555,2.51366189944601,0.0,False,False,0.5235987755982988,0.0
3.2600000000000002,0.001,0.5226753639995326,0.04965396914818662,0.5245506976385973,0.12086668144088075,-0.16217461445442954,1.0042659968362555,0.0,False,False,0.5235987755982988,0.0
3.261,0.001,0.5227691157750316,0.09375177549895164,0.5037069381352706,-1.97559593703588,2.7287681987775647,-0.16217461445442954,0.0,False,False,0.5235987755982988,0.0
3.262,0.001,0.5228483848302576,0.0792690552260681,0.5286170388462507,0.7129737277657173,-0.945897211781994,2.7287681987775647,0.0,False,False,0.5235987755982988,0.0
3.263,0.001,0.5230577795484571,0.20939471819946637,0.5511909246276587,2.8990649331299516,-3.9755366022844205,-0.945897211781994,0.0,True,False,0.5235987755982988,0.0
3.2640000000000002,0.001,0.5232130418272043,0.15526227874723564,0.5146528622666535,-1.0446477962835639,1.4146037955098918,-3.0,0.0,False,False,0.5235987755982988,0.0
3.265,0.001,0.5232116830590053,-0.0013587681989205014,0.530108226266721,0.6053533833515449,-0.843594172053454,1.4146037955098918,0.0,False,False,0.5235987755982988,0.0
3.266,0.001,0.5232814669201133,0.06978386110798288,0.47529476686289923,-4.93652789536579,6.79330563167614,-0.843594172053454,0.0,True,False,0.5235987755982988,0.0
3.267,0.001,0.5233028031084347,0.021336188321293185,0.5226233603848053,0.2899842463613931,-0.33042362179078805,3.0,0.0,False,False,0.5235987755982988,0.0
3.2680000000000002,0.001,0.5234693244151988,0.1665213067640451,0.518005705827817,-0.20077963397357207,0.3416108166369588,-0.33042362179078805,0.0,False,False,0.5235987755982988,0.0
3.269,0.001,0.5236126584563497,0.14333404115093115,0.509327180374609,-1.0485542158970165,1.5151537731028364,0.3416108166369588,0.0,False,False,0.5235987755982988,0.0
3.27,0.001,0.5237664997093172,0.1538412529674614,0.5426413711015741,2.387720278389191,-3.2080310531259837,1.5151537731028364,0.0,True,False,0.5235987755982988,0.0
3.271,0.001,0.523989483288428,0.2229835791107358,0.518295456880264,-0.2856431715807326,0.4382315428215055,-3.0,0.0,False,False,0.5235987755982988,0.0
3.2720000000000002,0.001,0.5240555749332247,0.0660916447967767,0.520958008435276,0.009176301078534399,0.03652224764017022,0.4382315428215055,0.0,False,False,0.5235987755982988,0.0
3.273,0.001,0.524137329942304,0.08175500907923261,0.517554072362172,-0.33213493633971536,0.5073665818579413,0.03652224764017022,0.0,False,False,0.5235987755982988,0.0
3.274,0.001,0.5242145874203638,0.07725747805973358,0.49075983930357775,-2.978344748565167,4.16511455158318,0.5073665818579413,0.0,True,False,0.5235987755982988,0.0
3.275,0.001,0.5243109094910684,0.09632207070466414,0.5045540190237959,-1.3010923016868328,1.9041163803652512,3.0,0.0,False,False,0.5235987755982988,0.0
3.2760000000000002,0.001,0.5245508470604244,0.23993756935598334,0.5413250928126926,2.5061243073715156,-3.3264228787049066,1.9041163803652512,0.0,True,False,0.5235987755982988,0.0
3.277,0.001,0.5248790306985217,0.3281836380972778,0.488053444855882,-3.0716529190466955,4.325799456219538,-3.0,0.0,True,False,0.5235987755982988,0.0
3.278,0.001,0.5250499016020665,0.17087090354488874,0.511675175642701,-0.40231454846012005,0.697402257352904,3.0,0.0,False,False,0.5235987755982988,0.0
3.279,0.001,0.5253640890224526,0.3141874203860664,0.5183876579539392,0.30916513750970287,-0.2771980474131695,0.697402257352904,0.0,False,False,0.5235987755982988,0.0
3.2800000000000002,0.001,0.5257058898060247,0.3418007835721676,0.5561378323000342,4.053266058368238,-5.449622290673123,-0.2771980474131695,0.0,True,False,0.5235987755982988,0.0
3.281,0.001,0.526026463484092,0.3205736780672205,0.53944112983523,1.9782692060509888,-2.659085423525947,-3.0,0.0,False,False,0.5235987755982988,0.0
3.282,0.001,0.5261897548674469,0.16329138335495175,0.5164652946752982,-0.5171412305472831,0.7489721332707503,-2.659085423525947,0.0,False,False,0.5235987755982988,0.0
3.283,0.001,0.5262134388150638,0.023683947616921913,0.5489814979670942,2.7861932216870384,-3.8003208686627623,0.7489721332707503,0.0,True,False,0.5235987755982988,0.0
3.2840000000000003,0.001,0.5262695040102141,0.05606519515036813,0.5133450647793623,-1.0560694192548556,1.4518500978466848,-3.0,0.0,False,False,0.5235987755982988,0.0
3.285,0.001,0.5261693888692184,-0.10011514099578227,0.5437815029256053,2.0931813372949377,-2.875106696645443,1.4518500978466848,0.0,False,False,0.5235987755982988,0.0
3.286,0.001,0.5261482661551409,-0.021122714077555643,0.5024313840833515,-2.2511486806599366,3.082391464060975,-2.875106696645443,0.0,True,False,0.5235987755982988,0.0
3.287,0.001,0.5259881776793166,-0.16008847582426605,0.5447200605668528,2.2028338357561883,-3.0235837323413985,3.0,0.0,True,False,0.5235987755982988,0.0
3.2880000000000003,0.001,0.5259847295560571,-0.0034481232594956723,0.5188963602394611,-0.5998195805586082,0.8044269731294094,-3.0,0.0,False,False,0.5235987755982988,0.0
3.289,0.001,0.525832319533516,-0.15241002254121477,0.5078815341583657,-1.6413202306122856,2.252494622653539,0.8044269731294094,0.0,False,False,0.5235987755982988,0.0
3.29,0.001,0.5257267404968367,-0.10557903667926158,0.5219368694989783,-0.07165467348979249,0.11589991797551975,2.252494622653539,0.0,False,False,0.5235987755982988,0.0
3.291,0.001,0.5257402081955976,0.013467698760969024,0.5305807772929583,0.7999015732571809,-1.0855579184124873,0.11589991797551975,0.0,False,False,0.5235987755982988,0.0
3.2920000000000003,0.001,0.5257558938069735,0.015685611375898773,0.5171209047252254,-0.6260758408418214,0.8678926847255067,-1.0855579184124873,0.0,False,False,0.5235987755982988,0.0
3.293,0.001,0.5257133078392997,-0.04258596767384142,0.5353816204218842,1.262603312908237,-1.7272151823144213,0.8678926847255067,0.0,False,False,0.5235987755982988,0.0
3.294,0.001,0.5257201195106659,0.0068116713661529465,0.5155449567217392,-0.847323388397089,1.1617568058545804,-1.7272151823144213,0.0,False,False,0.5235987755982988,0.0
3.295,0.001,0.525638575186546,-0.08154432411986293,0.5364661160491275,1.3295248831814557,-1.8270419879326636,1.1617568058545804,0.0,False,False,0.5235987755982988,0.0
3.2960000000000003,0.001,0.5256214414315059,-0.017133755040123377,0.5333396724390032,0.8839280338508728,-1.2360497837537254,-1.8270419879326636,0.0,False,False,0.5235987755982988,0.0
3.297,0.001,0.525517191395172,-0.10425003633401109,0.5244538835001459,-0.09304366341994164,0.09626045387068283,-1.2360497837537254,0.0,False,False,0.5235987755982988,0.0
3.298,0.001,0.5253575555136342,-0.15963588153772387,0.5176539809027823,-0.7637295568143101,1.0234817726964702,0.09626045387068283,0.0,False,False,0.5235987755982988,0.0
3.299,0.001,0.5252093711969156,-0.1481843167185383,0.5278542570341117,0.3326710120000662,-0.4758038802447115,1.0234817726964702,0.0,False,False,0.5235987755982988,0.0
3.3000000000000003,0.001,0.525118953701697,-0.09041749521851572,0.5347226932390579,0.9862475312946744,-1.3837275550872719,-0.4758038802447115,0.0,False,False,0.5235987755982988,0.0
3.301,0.001,0.5250111062622523,-0.10784743944468439,0.5609962899922484,3.5149824534842584,-4.891134203272202,-1.3837275550872719,0.0,True,False,0.5235987755982988,0.0
3.302,0.001,0.524840503586259,-0.17060267599338638,0.5412364830071111,1.1875035096221092,-1.7424829449051527,-3.0,0.0,False,False,0.5235987755982988,0.0
3.303,0.001,0.5245265833205018,-0.31392026575714926,0.5415608214111625,1.101186999065031,-1.6447412235095826,-1.7424829449051527,0.0,False,False,0.5235987755982988,0.0
3.3040000000000003,0.001,0.5241327945885624,-0.3937887319393786,0.578037501376871,4.638736295729385,-6.546380618889561,-1.6447412235095826,0.0,True,False,0.5235987755982988,0.0
3.305,0.001,0.5236643439503753,-0.4684506381871002,0.5326695181735489,-0.3619356541757659,0.27104941865641746,-3.0,0.0,False,False,0.5235987755982988,0.0
3.306,0.001,0.5230537671147409,-0.6105768356343518,0.5315123920855566,-0.4414546975574237,0.387300540298269,0.27104941865641746,0.0,False,False,0.5235987755982988,0.0
3.307,0.001,0.5224651850573819,-0.5885820573589936,0.5347525660879674,-0.07329182756059804,-0.1128180357413168,0.387300540298269,0.0,False,False,0.5235987755982988,0.0
3.3080000000000003,0.001,0.5219043223552673,-0.5608627021146442,0.5042945440057489,-3.111764853026386,4.081593992297561,-0.1128180357413168,0.0,True,False,0.5235987755982988,0.0
3.309,0.001,0.521346062202174,-0.5582601530932514,0.513598517091676,-1.8701910591310358,2.4242339240764528,3.0,0.0,False,False,0.5235987755982988,0.0
3.31,0.001,0.5209460350896932,-0.40002711248087836,0.5121117148135067,-1.8318521810348654,2.4049897113680965,2.4242339240764528,0.0,False,False,0.5235987755982988,0.0
3.311,0.001,0.520674819781866,-0.2712153078271322,0.5319778159662829,0.3379431523462413,-0.5563545094392032,2.4049897113680965,0.0,False,False,0.5235987755982988,0.0
3.3120000000000003,0.001,0.5205309388208386,-0.14388096102743883,0.5174910192368589,-1.1445308358307815,1.483376617502856,-0.5563545094392032,0.0,False,False,0.5235987755982988,0.0
3.313,0.001,0.5203658156514145,-0.16512316942406705,0.522778269529326,-0.5013527230009908,0.6163923768426988,1.483376617502856,0.0,False,False,0.5235987755982988,0.0
3.314,0.001,0.5202815218047342,-0.08429384668027373,0.5392611853923491,1.1970741356014163,-1.718412339014605,0.6163923768426988,0.0,False,False,0.5235987755982988,0.0
3.315,0.001,0.5202343821325851,-0.04713967214911595,0.5352992044639936,0.6811686292057212,-1.0280100746293714,-1.718412339014605,0.0,False,False,0.5235987755982988,0.0
3.3160000000000003,0.001,0.5201074037294413,-0.12697840314379183,0.5172848397567438,-1.1883847044398324,1.5397124904757895,-1.0280100746293714,0.0,False,False,0.5235987755982988,0.0
3.317,0.001,0.5199355326994861,-0.17187102995523884,0.5082419122867428,-1.9738389809959507,2.64503031680315,1.5397124904757895,0.0,False,False,0.5235987755982988,0.0
3.318,0.001,0.5198473347777625,-0.08819792172364739,0.5396616167598057,1.365515364409941,-1.9277495781990535,2.64503031680315,0.0,False,False,0.5235987755982988,0.0
3.319,0.001,0.519897739390479,0.05040461271659445,0.5334046885495033,0.6032710069387032,-0.9004316414481244,-1.9277495781990535,0.0,False,False,0.5235987755982988,0.0
3.3200000000000003,0.001,0.5198456320557701,-0.052107334708956426,0.49181116194390734,-3.6164087543147616,4.91186755095676,-0.9004316414481244,0.0,True,False,0.5235987755982988,0.0
3.321,0.001,0.519754646431791,-0.0909856239789921,0.5142890791322523,-1.0069761600487896,1.3759459284473847,3.0,0.0,False,False,0.5235987755982988,0.0
3.322,0.001,0.5198200234085405,0.06537697674950971,0.5227088131836927,-0.06430513889987455,0.09318549014276013,1.3759459284473847,0.0,False,False,0.5235987755982988,0.0
3.323,0.001,0.5199479535225038,0.12793011396327186,0.5335410963986418,1.0253536964850238,-1.409386210188202,0.09318549014276013,0.0,False,False,0.5235987755982988,0.0
3.3240000000000003,0.001,0.5200740312238799,0.12607770137607316,0.5359582988379014,1.1645385707624794,-1.619917703227821,-1.409386210188202,0.0,False,False,0.5235987755982988,0.0
3.325,0.001,0.5201231353440918,0.049104120212013325,0.5250782298307747,-0.03992218702643635,0.021276448247158082,-1.619917703227821,0.0,False,False,0.5235987755982988,0.0
3.326,0.001,0.5200851349491394,-0.03800039495237542,0.5302996313105203,0.4862101796507663,-0.7040676184009057,0.021276448247158082,0.0,False,False,0.5235987755982988,0.0
3.327,0.001,0.5200540878130714,-0.031047136068080308,0.5211734861862711,-0.4750253507392241,0.6136856303035673,-0.7040676184009057,0.0,False,False,0.5235987755982988,0.0
3.3280000000000003,0.001,0.5199934465257299,-0.06064128734150513,0.5082325158968569,-1.7216198446067223,2.3425364881540207,0.6136856303035673,0.0,False,False,0.5235987755982988,0.0
3.329,0.001,0.5199697042523662,-0.023742273363647558,0.5154097804104784,-0.8317314087839064,1.1454796039214559,2.3425364881540207,0.0,False,False,0.5235987755982988,0.0
3.33,0.001,0.5200681618618431,0.09845760947685972,0.5203996205975737,-0.2495742491959796,0.35707388904822723,1.1454796039214559,0.0,False,False,0.5235987755982988,0.0
3.331,0.001,0.5202175002566997,0.14933839485654402,0.519612233161753,-0.30335556785845574,0.43578444528797194,0.35707388904822723,0.0,False,False,0.5235987755982988,0.0
3.332,0.001,0.5203780949963511,0.16059473965143378,0.48746863952742014,-3.4873793745058927,4.835197698682887,0.43578444528797194,0.0,True,False,0.5235987755982988,0.0
3.333,0.001,0.5205538365805809,0.1757415842296753,0.5136164436642549,-0.5238610233718335,0.8083152028589915,3.0,0.0,False,False,0.5235987755982988,0.0
3.334,0.001,0.5208728751987534,0.31903861817253953,0.5218538489033928,0.3522656028791459,-0.391310042946667,0.8083152028589915,0.0,False,False,0.5235987755982988,0.0
3.335,0.001,0.5212250534225962,0.3521782238427991,0.5163142206475319,-0.23692378299486483,0.41543052870764313,-0.391310042946667,0.0,False,False,0.5235987755982988,0.0
3.336,0.001,0.5215502574313963,0.3252040088000946,0.51724236952745,-0.12041651670356833,0.2589151293195615,0.41543052870764313,0.0,False,False,0.5235987755982988,0.0
3.337,0.001,0.5218889321505965,0.3386747192002765,0.5304059882924571,1.2079870114675038,-1.5721142422558538,0.2589151293195615,0.0,False,False,0.5235987755982988,0.0
3.338,0.001,0.522233197927386,0.34426577678945347,0.503401842525331,-1.6132262663918526,2.2994163149836426,-1.5721142422558538,0.0,False,False,0.5235987755982988,0.0
3.339,0.001,0.5224914809289555,0.258283001569503,0.49407678393404886,-2.3844094988808857,3.392687248613562,2.2994163149836426,0.0,True,False,0.5235987755982988,0.0
3.34,0.001,0.5228577016142679,0.3662206853124799,0.516780992408188,0.12445229842111383,-0.026622660683341515,3.0,0.0,False,False,0.5235987755982988,0.0
3.341,0.001,0.5233664574168392,0.50875580257123,0.5367027696547645,2.1041847932366533,-2.760893644900366,-0.026622660683341515,0.0,False,False,0.5235987755982988,0.0
3.342,0.001,0.523865847063166,0.499389646326778,0.5533192039042457,3.55540973886111,-4.801459396140376,-2.760893644900366,0.0,True,False,0.5235987755982988,0.0
3.343,0.001,0.5242191944686624,0.3533474054964526,0.537869907413691,1.6549391159195288,-2.242807311780494,-3.0,0.0,False,False,0.5235987755982988,0.0
3.344,0.001,0.5244151284845369,0.1959340158744668,0.4987890915871141,-2.418636378330114,3.348937966197462,-2.242807311780494,0.0,True,False,0.5235987755982988,0.0
3.345,0.001,0.5244921383987959,0.07700991425908708,0.5204365649979015,-0.012025399418365446,0.07135027010919068,3.0,0.0,False,False,0.5235987755982988,0.0
3.346,0.001,0.5247128456994848,0.22070730068893502,0.5291919606231754,0.8647167030508651,-1.138337374108817,0.07135027010919068,0.0,False,False,0.5235987755982988,0.0
3.347,0.001,0.5249302376844796,0.2173919849947576,0.5280297873970905,0.6620277101372869,-0.8741914645429946,-1.138337374108817,0.0,False,False,0.5235987755982988,0.0
3.348,0.001,0.5250838432328332,0.15360554835368248,0.5344964833526824,1.2424945346827487,-1.687152181198203,-0.8741914645429946,0.0,False,False,0.5235987755982988,0.0
3.349,0.001,0.525187124788326,0.10328155549274659,0.5091816012706405,-1.4132431269897168,1.9554008902855098,-1.687152181198203,0.0,False,False,0.5235987755982988,0.0
3.35,0.001,0.5251996360009161,0.012511212590159831,0.5263331067050875,0.44323172915395337,-0.5810960349069401,1.9554008902855098,0.0,False,False,0.5235987755982988,0.0
3.351,0.001,0.5253065372864166,0.10690128550054857,0.5326425545873097,1.0298533444607787,-1.39861203515513,-0.5810960349069401,0.0,False,False,0.5235987755982988,0.0
3.352,0.001,0.5253779564382467,0.07141915183007319,0.539788633111476,1.6414758624313275,-2.2611884701547815,-1.39861203515513,0.0,False,False,0.5235987755982988,0.0
3.353,0.001,0.5253731687990284,-0.004787639218294476,0.5113107339485029,-1.37046164010911,1.8657387178272584,-2.2611884701547815,0.0,False,False,0.5235987755982988,0.0
3.354,0.001,0.5252567503582647,-0.11641844076366514,0.5192326265890072,-0.44122621204777457,0.6080621366245794,1.8657387178272584,0.0,False,False,0.5235987755982988,0.0
3.355,0.001,0.5252400844216709,-0.016665936593781128,0.47804956353075645,-4.515409896668067,6.238377693217443,0.6080621366245794,0.0,True,False,0.5235987755982988,0.0
3.356,0.001,0.5252579817093219,0.01789728765102063,0.5144114241991675,-0.42768284016015423,0.6785917333765483,3.0,0.0,False,False,0.5235987755982988,0.0
3.357,0.001,0.525421524679593,0.16354297027109488,0.5162687581507547,-0.19918116098542296,0.37095770723830196,0.6785917333765483,0.0,False,False,0.5235987755982988,0.0
3.358,0.001,0.5256123430655995,0.19081838600638382,0.5078172363957506,-1.024415220387288,1.5133659701106135,0.37095770723830196,0.0,False,False,0.5235987755982988,0.0
3.359,0.001,0.5258149460634857,0.20260299788622377,0.528705423366353,1.1668449987116754,-1.4921336582789848,1.5133659701106135,0.0,False,False,0.5235987755982988,0.0
3.36,0.001,0.526086406947905,0.2714608844192749,0.5251099749572643,0.6906156579316425,-0.8559403779793497,-1.4921336582789848,0.0,False,False,0.5235987755982988,0.0
3.361,0.001,0.5262761753058727,0.18976835796766806,0.48684545463539525,-3.2048979400484265,4.507437305390376,-0.8559403779793497,0.0,True,False,0.5235987755982988,0.0
3.362,0.001,0.5264163875715783,0.14021226570563905,0.5301777112001808,1.4488175104349663,-1.8570018533558346,3.0,0.0,False,False,0.5235987755982988,0.0
3.363,0.001,0.5267000389979899,0.28365142641157925,0.5104977263900069,-0.6640627216259154,1.032694151700353,-1.8570018533558346,0.0,False,False,0.5235987755982988,0.0
3.364,0.001,0.526883705726028,0.18366672803814696,0.5353605772044869,1.8886286319846788,-2.4780667872930007,1.032694151700353,0.0,False,False,0.5235987755982988,0.0
3.365,0.001,0.5271122724948657,0.22856676883767116,0.504739747701203,-1.3623171815421813,1.9742431199983421,-2.4780667872930007,0.0,False,False,0.5235987755982988,0.0
3.366,0.001,0.5272100216572648,0.09774916239909162,0.5277337345517563,1.073313221667368,-1.3624051271630766,1.9742431199983421,0.0,False,False,0.5235987755982988,0.0
3.367,0.001,0.527400092661297,0.19007100403212684,0.5224579602513199,0.43840446945698486,-0.5055506871027605,-1.3624051271630766,0.0,False,False,0.5235987755982988,0.0
3.368,0.001,0.5275152831250216,0.11519046372460236,0.5328054089864059,1.4293088960198945,-1.8808900762098015,-0.5055506871027605,0.0,False,False,0.5235987755982988,0.0
3.369,0.001,0.5275987354118027,0.08345228678111499,0.5297751134750922,0.9833484552865321,-1.2911922281261197,-1.8808900762098015,0.0,False,False,0.5235987755982988,0.0
3.37,0.001,0.527581812235275,-0.016923176527719186,0.5231283572480155,0.22033798705021235,-0.25593805415515586,-1.2911922281261197,0.0,False,False,0.5235987755982988,0.0
3.371,0.001,0.527504531484575,-0.07728075070003271,0.5006915213972706,-2.0453793967293046,2.8667858516936735,-0.25593805415515586,0.0,False,False,0.5235987755982988,0.0
3.372,0.001,0.5274207576730052,-0.0837738115697132,0.5016386149739301,-1.746132099390418,2.4906414105071377,2.8667858516936735,0.0,False,False,0.5235987755982988,0.0
3.373,0.001,0.5274866554897629,0.06589781675770937,0.5172959059432121,-0.005789792523184234,0.1203994048193826,2.4906414105071377,0.0,False,False,0.5235987755982988,0.0
3.374,0.001,0.5276708382552241,0.18418276546120943,0.5275263270189698,1.0178312943049117,-1.2920934787379725,0.1203994048193826,0.0,False,False,0.5235987755982988,0.0
3.375,0.001,0.5278543042599847,0.18346600476062258,0.5172383749128635,-0.11274704573621275,0.24978366722129083,-1.2920934787379725,0.0,False,False,0.5235987755982988,0.0
3.376,0.001,0.5279664317269186,0.11212746693390867,0.5388784384382805,2.0625340113791113,-2.7500747447746043,0.24978366722129083,0.0,False,False,0.5235987755982988,0.0
3.3770000000000002,0.001,0.5280846000293556,0.11816830243706775,0.5232112756486667,0.28956433127981196,-0.3405021984423954,-2.7500747447746043,0.0,False,False,0.5235987755982988,0.0
3.378,0.001,0.5280587920098954,-0.025808019460328624,0.5112161426388511,-0.9389054028297275,1.3495738766657324,-0.3405021984423954,0.0,False,False,0.5235987755982988,0.0
3.379,0.001,0.5280212175016958,-0.03757450819951187,0.523167521551466,0.35012302871473355,-0.41238506161468874,1.3495738766657324,0.0,False,False,0.5235987755982988,0.0
3.38,0.001,0.5280569982570037,0.035780755307872295,0.531998996048743,1.1982581755709658,-1.5891137787931544,-0.41238506161468874,0.0,False,False,0.5235987755982988,0.0
3.3810000000000002,0.001,0.5280663426826787,0.00934442567498893,0.5337366507155837,1.252197824697942,-1.6851191417486588,-1.5891137787931544,0.0,False,False,0.5235987755982988,0.0
3.382,0.001,0.5279935783331158,-0.07276434956290512,0.560777478787149,3.8310608493846736,-5.266489676660911,-1.6851191417486588,0.0,True,False,0.5235987755982988,0.0
3.383,0.001,0.5278428407898371,-0.15073754327865058,0.5161681704094352,-1.012976073325174,1.349322181389754,-3.0,0.0,False,False,0.5235987755982988,0.0
3.384,0.001,0.5275487061933217,-0.29413459651536655,0.5262662616186106,0.0981306549248806,-0.1657715342754682,1.349322181389754,0.0,False,False,0.5235987755982988,0.0
3.3850000000000002,0.001,0.5273292142442619,-0.2194919490598194,0.5347664801378541,0.9383394413567464,-1.327026011340091,-0.1657715342754682,0.0,False,False,0.5235987755982988,0.0
3.386,0.001,0.527108311686281,-0.22090255798087535,0.5266995039276665,0.03780787620231274,-0.10118256137139384,-1.327026011340091,0.0,False,False,0.5235987755982988,0.0
3.387,0.001,0.526827941437962,-0.28037024831901486,0.5180905064952304,-0.8268726546615333,1.091396029449072,-0.10118256137139384,0.0,False,False,0.5235987755982988,0.0
3.388,0.001,0.5265496335425677,-0.2783078953943165,0.4995099948552102,-2.6022365531973963,3.5562819172124707,1.091396029449072,0.0,True,False,0.5235987755982988,0.0
3.3890000000000002,0.001,0.5263330086802274,-0.21662486234029546,0.5174172636917789,-0.5512860142207892,0.772810431382306,3.0,0.0,False,False,0.5235987755982988,0.0
3.39,0.001,0.5262732503173317,-0.05975836289562547,0.5075336080287991,-1.4845229790966874,2.07060059116702,0.772810431382306,0.0,False,False,0.5235987755982988,0.0
3.391,0.001,0.5262583411141115,-0.014909203220193568,0.4961233696415698,-2.4770945199099503,3.467070731113063,2.07060059116702,0.0,True,False,0.5235987755982988,0.0
3.392,0.001,0.526350816173675,0.0924750595633978,0.5124636005980686,-0.5953619722690724,0.9148675167270305,3.0,0.0,False,False,0.5235987755982988,0.0
3.3930000000000002,0.001,0.5265869224891087,0.23610631543364588,0.508311724391361,-0.9510133957129301,1.4163829965803973,0.9148675167270305,0.0,False,False,0.5235987755982988,0.0
3.394,0.001,0.5268618277551176,0.2749052660089315,0.5370508250993226,2.0179980146545216,-2.663734508603853,1.4163829965803973,0.0,False,False,0.5235987755982988,0.0
3.395,0.001,0.5272004525498916,0.3386247947739295,0.5376914842196334,1.8802641252201555,-2.5099857054482095,-2.663734508603853,0.0,False,False,0.5235987755982988,0.0
3.396,0.001,0.5273985361200562,0.19808357016464112,0.5116228664762826,-0.9146240616369377,1.3131152381606164,-2.5099857054482095,0.0,False,False,0.5235987755982988,0.0
3.3970000000000002,0.001,0.5274643280706977,0.06579195064153062,0.5229224816594152,0.30679986284001637,-0.35598654450811523,1.3131152381606164,0.0,False,False,0.5235987755982988,0.0
3.398,0.001,0.5275895292599285,0.12520118923084916,0.4951570765050403,-2.5004206388814767,3.512455350336425,-0.35598654450811523,0.0,True,False,0.5235987755982988,0.0
3.399,0.001,0.527690430361006,0.10090110107747327,0.5190625706061733,0.1401708351199722,-0.08655331228570798,3.0,0.0,False,False,0.5235987755982988,0.0
3.4,0.001,0.5279349283555127,0.24449799450662818,0.5348984761786337,1.709744308854014,-2.255087781070845,-0.08655331228570798,0.0,False,False,0.5235987755982988,0.0
3.4010000000000002,0.001,0.5281681206924274,0.23319233691460517,0.542566002990647,2.305522559169934,-3.1080371640661877,-2.255087781070845,0.0,True,False,0.5235987755982988,0.0
3.402,0.001,0.5282816258709416,0.11350517851429938,0.5158366065736912,-0.5979693384426295,0.8572822485740917,-3.0,0.0,False,False,0.5235987755982988,0.0
3.403,0.001,0.5282386771699009,-0.04294870104066208,0.5465970077392118,2.537867711953692,-3.4594094328808644,0.8572822485740917,0.0,True,False,0.5235987755982988,0.0
3.404,0.001,0.5282446029179962,0.005925748095363295,0.5017907884417067,-2.196540988992193,3.0283929556092906,-3.0,0.0,True,False,0.5235987755982988,0.0
3.4050000000000002,0.001,0.5280987774946003,-0.14582542339587423,0.5063235645601306,-1.5236092782505786,2.1392849325877217,3.0,0.0,False,False,0.5235987755982988,0.0
3.406,0.001,0.5281095353673254,0.010757872725038642,0.5404954714985519,2.04594234341661,-2.7592713383044876,2.1392849325877217,0.0,False,False,0.5235987755982988,0.0
3.407,0.001,0.528224266103954,0.11473073662855075,0.5573908337423554,3.530884333455299,-4.845318246739378,-2.7592713383044876,0.0,True,False,0.5235987755982988,0.0
3.408,0.001,0.5281945744755983,-0.029691628355702618,0.5368065873040655,1.1193712562807763,-1.5809861182407317,-3.0,0.0,False,False,0.5235987755982988,0.0
3.4090000000000003,0.001,0.5280204155505868,-0.17415892501154268,0.527316308077456,0.058406207991749004,-0.13700303421492807,-1.5809861182407317,0.0,False,False,0.5235987755982988,0.0
3.41,0.001,0.5277739039550354,-0.24651159555129254,0.4894607198919583,-3.7329932313571974,5.094076880342766,-0.13700303421492807,0.0,True,False,0.5235987755982988,0.0
3.411,0.001,0.5275275282541554,-0.24637570088007,0.49222916817893037,-3.0828490795242685,4.264071828977754,3.0,0.0,True,False,0.5235987755982988,0.0
3.412,0.001,0.5274381380560786,-0.08939019807678916,0.5296967605583927,0.9721950663743861,-1.2763978089309524,3.0,0.0,False,False,0.5235987755982988,0.0
3.4130000000000003,0.001,0.527505103844966,0.06696578888737342,0.5212557313324685,0.030872637144532034,0.005127632211507298,-1.2763978089309524,0.0,False,False,0.5235987755982988,0.0
3.414,0.001,0.5275019966835297,-0.0031071614362907646,0.508201531770584,-1.2776345827583682,1.810311888208908,0.005127632211507298,0.0,False,False,0.5235987755982988,0.0
3.415,0.001,0.5275000830529982,-0.0019136305315299352,0.528643842355812,0.8943599340402622,-1.1640431224835512,1.810311888208908,0.0,False,False,0.5235987755982988,0.0
3.416,0.001,0.5275892650150305,0.08918196203226471,0.5295986864503653,0.9004083500915735,-1.1884884154470856,-1.1640431224835512,0.0,False,False,0.5235987755982988,0.0
3.4170000000000003,0.001,0.5276138897000305,0.02462468500004726,0.5440970561141403,2.260204481459909,-3.081214427037037,-1.1884884154470856,0.0,True,False,0.5235987755982988,0.0
3.418,0.001,0.527573933843757,-0.03995585627355762,0.5299580934480697,0.6202877667068567,-0.8588130413441032,-3.0,0.0,False,False,0.5235987755982988,0.0
3.419,0.001,0.5273899210387581,-0.18401280499877137,0.5488294472791492,2.4453943731441226,-3.3886253380282536,-0.8588130413441032,0.0,True,False,0.5235987755982988,0.0
3.42,0.001,0.5271697036327898,-0.2202174059683322,0.5273092257689184,0.04883278480662989,-0.12538744483910777,-3.0,0.0,False,False,0.5235987755982988,0.0
3.4210000000000003,0.001,0.5268063670964421,-0.3633365363477342,0.5247933916942835,-0.2076339011375179,0.22765759163729682,-0.12538744483910777,0.0,False,False,0.5235987755982988,0.0
3.422,0.001,0.5264442145339978,-0.36215256244429866,0.5450199664531102,1.8357869648589056,-2.588525793217292,0.22765759163729682,0.0,False,False,0.5235987755982988,0.0
3.423,0.001,0.5261008934613851,-0.34332107261265665,0.5090238785685512,-1.9474005200828832,2.599228770634916,-2.588525793217292,0.0,False,False,0.5235987755982988,0.0
3.424,0.001,0.525635519383402,-0.4653740779830706,0.5747568940672658,4.820641081796862,-6.70561543059764,2.599228770634916,0.0,True,False,0.5235987755982988,0.0
3.4250000000000003,0.001,0.5253079682402626,-0.3275511431393925,0.5318574467770029,0.048632244590881335,-0.20701477472573043,-3.0,0.0,False,False,0.5235987755982988,0.0
3.426,0.001,0.5248377273016958,-0.47024093856683497,0.5314844516516231,0.0064695075938127344,-0.14970557807241164,-0.20701477472573043,0.0,False,False,0.5235987755982988,0.0
3.427,0.001,0.5243650165881469,-0.47271071354885413,0.5335296702229352,0.2103444139656438,-0.43116940000222714,-0.14970557807241164,0.0,False,False,0.5235987755982988,0.0
3.428,0.001,0.5238927114385487,-0.4723051495982793,0.5566549234423671,2.5018352945122717,-3.5972130146079553,-0.43116940000222714,0.0,True,False,0.5235987755982988,0.0
3.4290000000000003,0.001,0.5234067370395487,-0.48597439899999756,0.5372386007196938,0.3100194927937101,-0.6175402435375611,-3.0,0.0,False,False,0.5235987755982988,0.0
3.43,0.001,0.5227787065381446,-0.6280305014039975,0.49476519502570515,-3.968323025884521,5.280992081368111,-0.6175402435375611,0.0,True,False,0.5235987755982988,0.0
3.431,0.001,0.5221283111465693,-0.6503953915752596,0.5466234903149939,1.614338805632805,-2.3516514316598776,3.0,0.0,False,False,0.5235987755982988,0.0
3.432,0.001,0.5216365173365604,-0.4917938100089586,0.5156867496164583,-1.6407691447840327,2.1113394414139677,-2.3516514316598776,0.0,False,False,0.5235987755982988,0.0
3.4330000000000003,0.001,0.5210351081302085,-0.6014092063519166,0.522905316961469,-0.7548354958045599,0.918284850428408,2.1113394414139677,0.0,False,False,0.5235987755982988,0.0
3.434,0.001,0.5205476715327527,-0.4874365974558106,0.4982204777490784,-3.147835867463165,4.2342124022417655,0.918284850428408,0.0,True,False,0.5235987755982988,0.0
3.435,0.001,0.5201140989242081,-0.4335726085445669,0.529298056671109,0.2747056114862061,-0.43223379309402993,3.0,0.0,False,False,0.5235987755982988,0.0
3.436,0.001,0.5198382606060977,-0.2758383181103886,0.5084696345815783,-1.8356071586154759,2.4750531286395394,-0.43223379309402993,0.0,False,False,0.5235987755982988,0.0
3.4370000000000003,0.001,0.519547913951605,-0.2903466544926611,0.521296203945122,-0.3693895063995636,0.4847136974366591,2.4750531286395394,0.0,False,False,0.5235987755982988,0.0
3.438,0.001,0.5193884813401624,-0.15943261144271645,0.5144300182949757,-1.0190691207742366,1.3879205763889,0.4847136974366591,0.0,False,False,0.5235987755982988,0.0
3.439,0.001,0.519259922142608,-0.12855919755437137,0.5528577336759394,2.9256093293995535,-4.037392440676994,1.3879205763889,0.0,True,False,0.5235987755982988,0.0
3.44,0.001,0.5192072731793358,-0.05264896327216302,0.5538042420484474,2.7276992337103962,-3.8169374765551494,-3.0,0.0,True,False,0.5235987755982988,0.0
3.4410000000000003,0.001,0.5190107730918573,-0.19650008747852787,0.5198225810576451,-0.9432367887408666,1.1998556482208065,-3.0,0.0,False,False,0.5235987755982988,0.0
3.442,0.001,0.5186710590046936,-0.33971408716371243,0.5197876807159707,-0.8524031440342215,1.0914834807229719,1.1998556482208065,0.0,False,False,0.5235987755982988,0.0
3.443,0.001,0.5183986965562896,-0.2723624484040173,0.5118808872250762,-1.5578421787202505,2.080332605182308,1.0914834807229719,0.0,False,False,0.5235987755982988,0.0
3.444,0.001,0.5181879977317153,-0.21069882457427044,0.5374914490662112,1.1589982232652711,-1.6408659903407474,2.080332605182308,0.0,False,False,0.5235987755982988,0.0
3.4450000000000003,0.001,0.51808815833269,-0.09983939902534288,0.5123474236201397,-1.4713041436683971,1.9680893080089399,-1.6408659903407474,0.0,False,False,0.5235987755982988,0.0
3.446,0.001,0.5179126744381499,-0.17548389454006036,0.5105589517342028,-1.5030209178952467,2.0383419310280235,1.9680893080089399,0.0,False,False,0.5235987755982988,0.0
3.447,0.001,0.5178422969443014,-0.07037749384853947,0.534921964451775,1.0835824456514904,-1.5041163341443593,2.0383419310280235,0.0,False,False,0.5235987755982988,0.0
3.448,0.001,0.517880107529017,0.03781058471558775,0.5084850159552348,-1.6684706485676795,2.274212451856368,-1.5041163341443593,0.0,False,False,0.5235987755982988,0.0
3.4490000000000003,0.001,0.5178368285389974,-0.043278990019705504,0.5171778788786666,-0.6323372913677264,0.8743808905946512,2.274212451856368,0.0,False,False,0.5235987755982988,0.0
3.45,0.001,0.5179132770067939,0.07644846779649832,0.49031419737214244,-3.255471712883372,4.505688463530861,0.8743808905946512,0.0,True,False,0.5235987755982988,0.0
3.451,0.001,0.5180271444645461,0.1138674577522227,0.5303175845477006,1.0704141759607828,-1.4054355722421716,3.0,0.0,False,False,0.5235987755982988,0.0
3.452,0.001,0.5182845565886041,0.25741212405799,0.5521590750204322,3.147521805637858,-4.29111155636383,-1.4054355722421716,0.0,True,False,0.5235987755982988,0.0
3.4530000000000003,0.001,0.5184646672855537,0.1801106969497289,0.5310524246898337,0.7221045920142286,-1.0006911940647023,-3.0,0.0,False,False,0.5235987755982988,0.0
3.454,0.001,0.5184880575398965,0.023390254342677802,0.5440012660165092,1.9447782654803563,-2.700978746104215,-1.0006911940647023,0.0,False,False,0.5235987755982988,0.0
3.455,0.001,0.5184563749781383,-0.03168256175807656,0.5036891068936865,-2.2809154733499497,3.095472604702961,-2.700978746104215,0.0,True,False,0.5235987755982988,0.0
3.456,0.001,0.5182952856741595,-0.16108930397880794,0.5224199224979633,-0.17974236558727474,0.23691019451076864,3.0,0.0,False,False,0.5235987755982988,0.0
3.457,0.001,0.5182908407261856,-0.00444494797394146,0.5018295946730791,-2.2208009115169705,3.0568063504743197,0.23691019451076864,0.0,True,False,0.5235987755982988,0.0
3.458,0.001,0.5182995710220685,0.008730295882863457,0.5143243123290728,-0.749249054765899,1.0660392045651466,3.0,0.0,False,False,0.5235987755982988,0.0
3.459,0.001,0.5184558018883554,0.1562308662869388,0.5319334346898462,1.0865880867880293,-1.4539295677934885,1.0660392045651466,0.0,False,False,0.5235987755982988,0.0
3.46,0.001,0.518658709793374,0.2029079050186637,0.5204358147384258,-0.17183271703281333,0.26313255591708995,-1.4539295677934885,0.0,False,False,0.5235987755982988,0.0
3.461,0.001,0.5187821095884014,0.12339979502740744,0.4941268725952705,-2.7855436596450636,3.873146645628586,0.26313255591708995,0.0,True,False,0.5235987755982988,0.0
3.462,0.001,0.5189121724645246,0.1300628761232146,0.49596058481333477,-2.3236180718741295,3.2858291203783083,3.0,0.0,True,False,0.5235987755982988,0.0
3.463,0.001,0.5191857151160972,0.2735426515726042,0.49507985700179385,-2.179329045840808,3.128535389746059,3.0,0.0,True,False,0.5235987755982988,0.0
3.464,0.001,0.5196021635970636,0.41644848096632964,0.528179629408963,1.3485810994601874,-1.7007526879441806,3.0,0.0,False,False,0.5235987755982988,0.0
3.465,0.001,0.520160946284106,0.5587826870424644,0.5561827013452344,4.0140301831413066,-5.403346883214407,-1.7007526879441806,0.0,True,False,0.5235987755982988,0.0
3.466,0.001,0.5206264562060031,0.4655099218970855,0.5444058384847471,2.4349408787784474,-3.296456186490206,-3.0,0.0,True,False,0.5235987755982988,0.0
3.467,0.001,0.5209341040882126,0.3076478822094971,0.4878429197940334,-3.464845078170768,4.8014194982817,-3.0,0.0,True,False,0.5235987755982988,0.0
3.468,0.001,0.5210845213788933,0.15041729068065965,0.545886975419078,2.686044992150774,-3.624441587354955,3.0,0.0,True,False,0.5235987755982988,0.0
3.469,0.001,0.521378337003932,0.2938156250387356,0.5377216073978855,1.6009036908164471,-2.1752954013722974,-3.0,0.0,False,False,0.5235987755982988,0.0
3.47,0.001,0.5215149773664706,0.13664036253858275,0.4945444053861047,-2.876906879443278,3.9752669191514274,-2.1752954013722974,0.0,True,False,0.5235987755982988,0.0
3.471,0.001,0.521536306411453,0.021329044982378143,0.5162444399024849,-0.4192127398609311,0.6354333303577674,3.0,0.0,False,False,0.5235987755982988,0.0
3.472,0.001,0.5217028214151324,0.1665150036794138,0.5408232945251225,2.0805939963889153,-2.806754136349524,0.6354333303577674,0.0,False,False,0.5235987755982988,0.0
3.473,0.001,0.5218944420260189,0.1916206108865097,0.5315013191051431,0.9403370547520873,-1.2706502488257017,-2.806754136349524,0.0,False,False,0.5235987755982988,0.0
3.474,0.001,0.5219389584477016,0.04451642168266215,0.49909093956196354,-2.3947346050410756,3.3148225747033258,-1.2706502488257017,0.0,True,False,0.5235987755982988,0.0
3.475,0.001,0.5219139025916109,-0.025055856090696882,0.5325733640909827,1.1929813083649425,-1.5931201629062401,3.0,0.0,False,False,0.5235987755982988,0.0
3.476,0.001,0.5220440413485299,0.13013875691898963,0.48473761818358224,-3.7098914132115923,5.151370529318809,-1.5931201629062401,0.0,True,False,0.5235987755982988,0.0
3.477,0.001,0.5220880035690261,0.043962220496130425,0.5181990229556053,0.007238205311868917,0.0885097011942411,3.0,0.0,False,False,0.5235987755982988,0.0
3.478,0.001,0.522275936026041,0.18793245701503775,0.5421370283974297,2.4003149289631267,-3.214066465140108,0.0885097011942411,0.0,True,False,0.5235987755982988,0.0
3.479,0.001,0.5224615422383704,0.18560621232936544,0.5227825818634115,0.22483878266499557,-0.2551150519700236,-3.0,0.0,False,False,0.5235987755982988,0.0
3.48,0.001,0.5224904060259548,0.028863787584377187,0.5137823030172851,-0.6976729802141456,1.0139040827152215,-0.2551150519700236,0.0,False,False,0.5235987755982988,0.0
3.481,0.001,0.522501032578173,0.0106265522183316,0.5380230528967775,1.7961693057565116,-2.415040158280431,1.0139040827152215,0.0,False,False,0.5235987755982988,0.0
3.482,0.001,0.5225593934567033,0.0583608785302609,0.5395720220197551,1.7714492874786132,-2.4132575805605487,-2.415040158280431,0.0,False,False,0.5235987755982988,0.0
3.483,0.001,0.5224908038247063,-0.06858963199704926,0.5453553097970498,2.1726331364602274,-2.998777379329791,-2.4132575805605487,0.0,False,False,0.5235987755982988,0.0
3.484,0.001,0.5223078130854012,-0.18299073930504522,0.5375679672516736,1.1766355682765774,-1.6634081316926381,-2.998777379329791,0.0,False,False,0.5235987755982988,0.0
3.485,0.001,0.5219816154399514,-0.32619764544983176,0.5408551660422298,1.3876918905045477,-1.9758452965962154,-1.6634081316926381,0.0,False,False,0.5235987755982988,0.0
3.486,0.001,0.5215795521784987,-0.4020632614526644,0.5343712196218257,0.6005280594136756,-0.9145376637198938,-1.9758452965962154,0.0,False,False,0.5235987755982988,0.0
3.487,0.001,0.5210863049052621,-0.4932472732366645,0.5257206540907172,-0.3245812996385351,0.3513037467027108,-0.9145376637198938,0.0,False,False,0.5235987755982988,0.0
3.488,0.001,0.5205553037379324,-0.5310011673297126,0.5221175304939777,-0.6524355293486348,0.809585047096142,0.3513037467027108,0.0,False,False,0.5235987755982988,0.0
3.489,0.001,0.5200499917626071,-0.5053119753252582,0.5159090284820006,-1.2080421776114803,1.5880660612271442,0.809585047096142,0.0,False,False,0.5235987755982988,0.0
3.49,0.001,0.519593180287538,-0.45681147506915004,0.49843336182686226,-2.834804625364165,3.854742998322856,1.5880660612271442,0.0,True,False,0.5235987755982988,0.0
3.491,0.001,0.5192235993614305,-0.36958092610751625,0.50255026815033,-2.139633530480976,2.9464333706406096,3.0,0.0,False,False,0.5235987755982988,0.0
3.492,0.001,0.5190114967590274,-0.21210260240308618,0.5140894155109519,-0.7717554413706893,1.097275011217072,2.9464333706406096,0.0,False,False,0.5235987755982988,0.0
3.493,0.001,0.5189535642355585,-0.057932523468817027,0.5231676994066717,0.21324849233836451,-0.24813881935675003,1.097275011217072,0.0,False,False,0.5235987755982988,0.0
3.494,0.001,0.5189566907272606,0.003126491702067906,0.5441036144666485,2.285515149102199,-3.1117052785529324,-0.24813881935675003,0.0,True,False,0.5235987755982988,0.0
3.495,0.001,0.5189464673908903,-0.010223336370221544,0.5182169681462563,-0.5317009978472371,0.7349137315534501,-3.0,0.0,False,False,0.5235987755982988,0.0
3.496,0.001,0.5187891100708377,-0.15735732005262013,0.5363030753123533,1.3300798185471907,-1.82477317710961,0.7349137315534501,0.0,False,False,0.5235987755982988,0.0
3.497,0.001,0.5186751278648841,-0.11398220595363087,0.5375127397379486,1.3180382792519942,-1.8320972896160883,-1.82477317710961,0.0,False,False,0.5235987755982988,0.0
3.498,0.001,0.5184763627943152,-0.19876507056887394,0.5144368541314486,-1.1213541093232027,1.5105395175911476,-1.8320972896160883,0.0,False,False,0.5235987755982988,0.0
3.499,0.001,0.5181927879195198,-0.2835748747953878,0.5285720901373105,0.4043049021953147,-0.5746855443365888,1.5105395175911476,0.0,False,False,0.5235987755982988,0.0
3.5,0.001,0.5179918743201032,-0.20091359941665465,0.5137415081710702,-1.1191837846482482,1.5204513552680123,-0.5746855443365888,0.0,False,False,0.5235987755982988,0.0
3.501,0.001,0.5177690300978448,-0.2228442222583918,0.5408446546083132,1.7030492375408748,-2.354084907229309,1.5204513552680123,0.0,False,False,0.5235987755982988,0.0
3.5020000000000002,0.001,0.5176290998202363,-0.13993027760847632,0.5287266595998489,0.3209448129403545,-0.47743568755632654,-2.354084907229309,0.0,False,False,0.5235987755982988,0.0
3.503,0.001,0.5173780250083286,-0.25107481190765857,0.4966001637975124,-2.923799248587331,3.994534110718953,-0.47743568755632654,0.0,True,False,0.5235987755982988,0.0
3.504,0.001,0.5171100827112907,-0.26794229703799394,0.5199292197145139,-0.29851373202844655,0.4242684843422645,3.0,0.0,False,False,0.5235987755982988,0.0
3.505,0.001,0.5169992121834408,-0.11087052784986967,0.5457641958494291,2.314835254665923,-3.1767798701194536,0.4242684843422645,0.0,True,False,0.5235987755982988,0.0
3.5060000000000002,0.001,0.5169159983782111,-0.08321380522964596,0.5137529201185755,-1.117775843886029,1.5185564112982537,-3.0,0.0,False,False,0.5235987755982988,0.0
3.507,0.001,0.5166891145097946,-0.2268838684164748,0.524503215895619,0.06903131820691866,-0.09911750720006553,1.5185564112982537,0.0,False,False,0.5235987755982988,0.0
3.508,0.001,0.516545065997415,-0.1440485123795779,0.5260724490329229,0.2190515001166217,-0.30738792196318027,-0.09911750720006553,0.0,False,False,0.5235987755982988,0.0
3.509,0.001,0.5164026377970686,-0.14242820034637377,0.4983101551050772,-2.5790830426796134,3.550094820093525,-0.30738792196318027,0.0,True,False,0.5235987755982988,0.0
3.5100000000000002,0.001,0.5162514099055984,-0.15122789147028212,0.5251649451354822,0.36430426462884435,-0.4653561692239137,3.0,0.0,False,False,0.5235987755982988,0.0
3.511,0.001,0.5162567869224473,0.0053770168489357395,0.4919297742894073,-2.9956432464415252,4.164813919289877,-0.4653561692239137,0.0,True,False,0.5235987755982988,0.0
3.512,0.001,0.5162372992914562,-0.01948763099105591,0.5053180987549045,-1.3572464752476527,1.9577479534782805,3.0,0.0,False,False,0.5235987755982988,0.0
3.513,0.001,0.5163723933514818,0.13509406002552274,0.5351473009735793,1.7613983941445917,-2.321551529728559,1.9577479534782805,0.0,False,False,0.5235987755982988,0.0
3.5140000000000002,0.001,0.5165988344492386,0.2264410977568041,0.5228254063423202,0.35306909160422273,-0.4097622633174525,-2.321551529728559,0.0,False,False,0.5235987755982988,0.0
3.515,0.001,0.5167022922061197,0.10345775688110674,0.5113881519616885,-0.8259632556193692,1.2109471322022283,-0.4097622633174525,0.0,False,False,0.5235987755982988,0.0
3.516,0.001,0.5167788484043337,0.07655619821400127,0.5245710632068786,0.5749241944615782,-0.7074102103083304,1.2109471322022283,0.0,False,False,0.5235987755982988,0.0
3.517,0.001,0.5169096514121935,0.13080300785969837,0.5158608438339423,-0.35359016227821605,0.5635909664922771,-0.7074102103083304,0.0,False,False,0.5235987755982988,0.0
3.5180000000000002,0.001,0.5169985607225372,0.08890931034382502,0.5172180970035466,-0.18250582908996113,0.33385920961349336,0.5635909664922771,0.0,False,False,0.5235987755982988,0.0
3.519,0.001,0.5171092955953145,0.11073487277729013,0.5285729414746793,0.9712292009323011,-1.2550100268936093,0.33385920961349336,0.0,False,False,0.5235987755982988,0.0
3.52,0.001,0.5172302806752986,0.12098507998418179,0.5045353187280046,-1.5296559938283933,2.1787294162593676,-1.2550100268936093,0.0,False,False,0.5235987755982988,0.0
3.521,0.001,0.5172820313804316,0.05175070513296341,0.5179860344657807,-0.031618820667942193,0.13897192518685614,2.1787294162593676,0.0,False,False,0.5235987755982988,0.0
3.5220000000000002,0.001,0.5174365790416736,0.15454766124196362,0.5119864708965292,-0.6284132955263054,0.9631174392634204,0.13897192518685614,0.0,False,False,0.5235987755982988,0.0
3.523,0.001,0.5175914571108594,0.15487806918583213,0.4899174575933519,-2.7724732962913974,3.933231679638721,0.9631174392634204,0.0,True,False,0.5235987755982988,0.0
3.524,0.001,0.5177878715419855,0.19641443112604273,0.5017228879765008,-1.314682928347373,1.9713854912092124,3.0,0.0,False,False,0.5235987755982988,0.0
3.525,0.001,0.5181275003154224,0.3396287734369392,0.5454978661676885,3.1942831836061325,-4.227323450576373,1.9713854912092124,0.0,True,False,0.5235987755982988,0.0
3.5260000000000002,0.001,0.5185583398483261,0.43083953290365207,0.5252730283970244,0.8523710881791113,-1.052981856191994,-3.0,0.0,False,False,0.5235987755982988,0.0
3.527,0.001,0.5188314560230981,0.2731161747720374,0.4957304822227648,-2.1871206380647603,3.126174046437325,-1.052981856191994,0.0,True,False,0.5235987755982988,0.0
3.528,0.001,0.5190448306403614,0.2133746172633661,0.49216057513430445,-2.3253992831043178,3.35636674807708,3.0,0.0,True,False,0.5235987755982988,0.0
3.529,0.001,0.5194013517591622,0.3565211188008055,0.5174437224003545,0.43545537181112115,-0.41175548861034805,3.0,0.0,False,False,0.5235987755982988,0.0
3.5300000000000002,0.001,0.5199004467934878,0.4990950343256023,0.5471482920352131,3.3623667981158656,-4.458731453603495,-0.41175548861034805,0.0,True,False,0.5235987755982988,0.0
3.531,0.001,0.5203709576732456,0.4705108797577825,0.5171114133160262,0.022442246385587783,0.08984182541820229,-3.0,0.0,False,False,0.5235987755982988,0.0
3.532,0.001,0.5206835865094843,0.3126288362387514,0.5434950320384798,2.6585598939923933,-3.54840448871413,0.08984182541820229,0.0,True,False,0.5235987755982988,0.0
3.533,0.001,0.520993456921649,0.3098704121647068,0.5271358076115161,0.7567814618967854,-0.971804330514054,-3.0,0.0,False,False,0.5235987755982988,0.0
3.5340000000000003,0.001,0.5211460878521651,0.15263093051604837,0.5293709599431067,0.904618548866162,-1.1894415768459359,-0.971804330514054,0.0,False,False,0.5235987755982988,0.0
3.535,0.001,0.521243518045255,0.09743019308993739,0.49793079727147477,-2.3298595731836445,3.257855097703206,-1.1894415768459359,0.0,True,False,0.5235987755982988,0.0
3.536,0.001,0.5212750871431253,0.031569097870223856,0.5376379489405757,1.873841551044813,-2.5013149814147595,3.0,0.0,False,False,0.5235987755982988,0.0
3.537,0.001,0.5214510198031045,0.17593265997918067,0.5156053529822676,-0.5168021998904762,0.7640442469571329,-2.5013149814147595,0.0,False,False,0.5235987755982988,0.0
3.5380000000000003,0.001,0.5214951829836475,0.04416318054301366,0.5365589880482743,1.630241526699238,-2.189573656138644,0.7640442469571329,0.0,False,False,0.5235987755982988,0.0
3.539,0.001,0.5215715149374726,0.07633195382505034,0.5073615680809119,-1.4525246227069208,2.035299282561269,-2.189573656138644,0.0,False,False,0.5235987755982988,0.0
3.54,0.001,0.5215320686872019,-0.03944625027063327,0.5246221627397575,0.418787305448326,-0.5209657350842472,2.035299282561269,0.0,False,False,0.5235987755982988,0.0
3.541,0.001,0.5216003172959777,0.06824860877578165,0.5277439278189353,0.6890850828212762,-0.9015148393569884,-0.5209657350842472,0.0,False,False,0.5235987755982988,0.0
3.5420000000000003,0.001,0.5216362576465405,0.035940350562879766,0.518947869114525,-0.2594292959018869,0.3950314717901938,-0.9015148393569884,0.0,False,False,0.5235987755982988,0.0
3.543,0.001,0.5216212995160582,-0.014958130482396179,0.5286819451085278,0.7399212330885903,-0.9794025308904307,0.3950314717901938,0.0,False,False,0.5235987755982988,0.0
3.544,0.001,0.5216299561818072,0.008656665749031199,0.516980450102015,-0.5042203908715537,0.7241943279789733,-0.9794025308904307,0.0,False,False,0.5235987755982988,0.0
3.545,0.001,0.5215871619759122,-0.04279420589506091,0.5102589322431605,-1.1259501376698424,1.5912573455962997,0.7241943279789733,0.0,False,False,0.5235987755982988,0.0
3.5460000000000003,0.001,0.5215865847256673,-0.0005772502447904532,0.5496075558414785,2.9215072359289334,-3.9739667274919537,1.5912573455962997,0.0,True,False,0.5235987755982988,0.0
3.547,0.001,0.5216657457787053,0.07916105303793838,0.5399734269949445,1.665943627682649,-2.293876078358802,-3.0,0.0,False,False,0.5235987755982988,0.0
3.548,0.001,0.5215885945637797,-0.07715121492562343,0.5083089996003418,-1.6670934745458885,2.275728137418292,-2.293876078358802,0.0,False,False,0.5235987755982988,0.0
3.549,0.001,0.5214030527998068,-0.18554176397285865,0.5313242775466456,0.8011436675390757,-1.1004314361171326,2.275728137418292,0.0,False,False,0.5235987755982988,0.0
3.5500000000000003,0.001,0.5213380396096557,-0.06501319015105639,0.50837584831018,-1.5738136228613877,2.162589038619804,-1.1004314361171326,0.0,False,False,0.5235987755982988,0.0
3.551,0.001,0.521224246909982,-0.11379269967366756,0.5005475992802587,-2.1992571635673785,3.054029770005576,2.162589038619804,0.0,True,False,0.5235987755982988,0.0
3.552,0.001,0.5212250386958798,0.0007917858977067038,0.5392684172864953,1.8927503534130197,-2.553353974483161,3.0,0.0,False,False,0.5235987755982988,0.0
3.553,0.001,0.5213755899028844,0.15055120700462857,0.4916334406533343,-3.0600223452443833,4.247402843302621,-2.553353974483161,0.0,True,False,0.5235987755982988,0.0
3.5540000000000003,0.001,0.5213918712098108,0.016281306926415717,0.5375685585933014,1.8394916832767665,-2.458846113842167,3.0,0.0,False,False,0.5235987755982988,0.0
3.555,0.001,0.521554056430692,0.16218522088113915,0.5171432199830378,-0.3869913460772729,0.5805896163674257,-2.458846113842167,0.0,False,False,0.5235987755982988,0.0
3.556,0.001,0.5215866506060828,0.03259417539084811,0.517894465860918,-0.2731676236815232,0.43047872369068196,0.5805896163674257,0.0,False,False,0.5235987755982988,0.0
3.557,0.001,0.5216425877650138,0.0559371589310249,0.5287940956615026,0.8441121187450854,-1.1064503036317705,0.43047872369068196,0.0,False,False,0.5235987755982988,0.0
3.5580000000000003,0.001,0.5217138696000398,0.07128183502604278,0.5318577024780191,1.0660615885222287,-1.4279345900616396,-1.1064503036317705,0.0,False,False,0.5235987755982988,0.0
3.559,0.001,0.5217235534109311,0.009683810891286795,0.507301144223877,-1.4962003957442094,2.0887978396326448,-1.4279345900616396,0.0,False,False,0.5235987755982988,0.0
3.56,0.001,0.5216591041967125,-0.06444921421863482,0.5341857791952817,1.3418831409706808,-1.800825833910508,2.0887978396326448,0.0,False,False,0.5235987755982988,0.0
3.561,0.001,0.5217053336387343,0.04622944202178279,0.5236840228020319,0.15751918754863348,-0.1905574747255549,-1.800825833910508,0.0,False,False,0.5235987755982988,0.0
3.5620000000000003,0.001,0.5216554536104282,-0.04988002830607363,0.49973316188942557,-2.253318822466858,3.1335636337199477,-0.1905574747255549,0.0,True,False,0.5235987755982988,0.0
3.563,0.001,0.5216021639515072,-0.05328965892103025,0.5186372948979157,-0.13757363937116374,0.2543950198522933,3.0,0.0,False,False,0.5235987755982988,0.0
3.564,0.001,0.5217050295430405,0.10286559153343575,0.5458128962532498,2.5937438600993667,-3.5123468039083576,0.2543950198522933,0.0,True,False,0.5235987755982988,0.0
3.565,0.001,0.521814203832245,0.10917428920442268,0.5510763032834425,2.860710177108698,-3.9274477108630235,-3.0,0.0,True,False,0.5235987755982988,0.0
3.5660000000000003,0.001,0.5217669416419604,-0.04726219028457307,0.5342870341113347,0.8957122421870516,-1.267243343859108,-3.0,0.0,False,False,0.5235987755982988,0.0
3.567,0.001,0.5215757631152577,-0.19117852670271107,0.5008003500170455,-2.5425273914605757,3.461404530215251,-1.267243343859108,0.0,True,False,0.5235987755982988,0.0
3.568,0.001,0.5213279871354091,-0.24777597984861463,0.529890692916275,0.6207596376084328,-0.8581660768536906,3.0,0.0,False,False,0.5235987755982988,0.0
3.569,0.001,0.5212372022594797,-0.09078487592942833,0.5360875265083175,1.1783670330518379,-1.6388379560425415,-0.8581660768536906,0.0,False,False,0.5235987755982988,0.0
3.5700000000000003,0.001,0.5211098708502391,-0.12733140924060746,0.5337758645671589,0.8293641356307926,-1.178424564196432,-1.6388379560425415,0.0,False,False,0.5235987755982988,0.0
3.571,0.001,0.5209071068334135,-0.2027640168256552,0.5346071436486677,0.8295556302185951,-1.1936173811689537,-1.178424564196432,0.0,False,False,0.5235987755982988,0.0
3.572,0.001,0.5206522326444265,-0.254874188986935,0.526992369428229,-0.014877354847129931,-0.04323186312218783,-1.1936173811689537,0.0,False,False,0.5235987755982988,0.0
3.573,0.001,0.520344697083137,-0.3075355612895373,0.5190808633514743,-0.8045402270378893,1.0467706928883085,-0.04323186312218783,0.0,False,False,0.5235987755982988,0.0
3.5740000000000003,0.001,0.5200422300709365,-0.30246701220048905,0.5094242142052983,-1.6897511189517034,2.282843447816054,1.0467706928883085,0.0,False,False,0.5235987755982988,0.0
3.575,0.001,0.5197993114614292,-0.24291860950727254,0.48667408767303233,-3.795788660283126,5.219590774994548,2.282843447816054,0.0,True,False,0.5235987755982988,0.0
3.576,0.001,0.5196775066987505,-0.1218047626787791,0.5256053738051889,0.4769188189608431,-0.6084213504770333,3.0,0.0,False,False,0.5235987755982988,0.0
3.577,0.001,0.5197121890935671,0.03468239481664509,0.522959423797996,0.16463193634546675,-0.18604999120910906,-0.6084213504770333,0.0,False,False,0.5235987755982988,0.0
3.5780000000000003,0.001,0.5197106744458769,-0.0015146476901539627,0.5294422087327524,0.7964472361865602,-1.0609184798440365,-0.18604999120910906,0.0,False,False,0.5235987755982988,0.0
3.579,0.001,0.5197003168848023,-0.010357561074597486,0.49635577554755617,-2.5918408059517173,3.6005829680554284,-1.0609184798440365,0.0,True,False,0.5235987755982988,0.0
3.58,0.001,0.5196398111937539,-0.06050569104847074,0.5308974761526151,1.1215133351493436,-1.4771926121569048,3.0,0.0,False,False,0.5235987755982988,0.0
3.581,0.001,0.519735519313705,0.0957081199511146,0.555594095845536,3.4790239709265007,-4.75074452956207,-1.4771926121569048,0.0,True,False,0.5235987755982988,0.0
3.5820000000000003,0.001,0.5197509858073269,0.015466493621949795,0.5211201988880216,-0.31626812191758313,0.424136127086089,-3.0,0.0,False,False,0.5235987755982988,0.0
3.583,0.001,0.5196124972837503,-0.13848852357665842,0.5185362344293029,-0.5430377555977027,0.7427710477591706,0.424136127086089,0.0,False,False,0.5235987755982988,0.0
3.584,0.001,0.5195017695090157,-0.11072777473453105,0.5248948780191312,0.1471303789448969,-0.1998862983088583,0.7427710477591706,0.0,False,False,0.5235987755982988,0.0
3.585,0.001,0.5194346230114185,-0.06714649759718327,0.5549055956027993,3.1334890994172198,-4.323709679381672,-0.1998862983088583,0.0,True,False,0.5235987755982988,0.0
3.586,0.001,0.5193637362464022,-0.07088676501628068,0.5014977124240688,-2.5206481283975473,3.4225968912131965,-3.0,0.0,True,False,0.5235987755982988,0.0
3.587,0.001,0.5191491230227826,-0.2146132236196292,0.522695753073387,-0.14877925062597486,0.19478950619958244,3.0,0.0,False,False,0.5235987755982988,0.0
3.588,0.001,0.5190913682520517,-0.05775477073088717,0.5051347133449471,-1.890005298407369,2.6003594786491737,0.19478950619958244,0.0,False,False,0.5235987755982988,0.0
3.589,0.001,0.5190495468582736,-0.04182139377806131,0.5095025134555761,-1.264224757503734,1.7708024275734902,2.6003594786491737,0.0,False,False,0.5235987755982988,0.0
3.59,0.001,0.5191437302887351,0.09418343046144571,0.5182782161391175,-0.26023201339921676,0.4080484863443236,1.7708024275734902,0.0,False,False,0.5235987755982988,0.0
3.591,0.001,0.51932007808142,0.17634779268495734,0.5428353047362197,2.2215000476509195,-3.0120575816636785,0.4080484863443236,0.0,True,False,0.5235987755982988,0.0
3.592,0.001,0.5195101229075147,0.1900448260947598,0.5509433386870036,2.8101534379642237,-3.8643862611537547,-3.0,0.0,True,False,0.5235987755982988,0.0
3.593,0.001,0.5195434075543721,0.03328464685731364,0.5273649634950568,0.17130057497311846,-0.2733520721093857,-3.0,0.0,False,False,0.5235987755982988,0.0
3.594,0.001,0.5194209743525006,-0.12243320187160567,0.5128481564901046,-1.2975101830194102,1.7505233635707877,-0.2733520721093857,0.0,False,False,0.5235987755982988,0.0
3.595,0.001,0.519291363222025,-0.12961113047556697,0.5627978638372989,3.8272115700019578,-5.298237472304351,1.7505233635707877,0.0,True,False,0.5235987755982988,0.0
3.596,0.001,0.5192557966760504,-0.03556654597455658,0.5117935632451937,-1.6559396462087617,2.199621397806407,-3.0,0.0,False,False,0.5235987755982988,0.0
3.597,0.001,0.5190760394860797,-0.17975718997069348,0.5091078373041139,-1.7589182756958597,2.3715388201303598,2.199621397806407,0.0,False,False,0.5235987755982988,0.0
3.598,0.001,0.5190129823945719,-0.06305709150774202,0.4880343822313007,-3.690371955407595,5.06860542709508,2.3715388201303598,0.0,True,False,0.5235987755982988,0.0
3.599,0.001,0.5190747326021578,0.06175020758580428,0.543441127144813,2.21933973148439,-3.0203700056185223,3.0,0.0,True,False,0.5235987755982988,0.0
3.6,0.001,0.5192802607262189,0.20552812406114007,0.5361793342810209,1.2712264719567488,-1.7519218226370967,-3.0,0.0,False,False,0.5235987755982988,0.0
3.601,0.001,0.519328966737798,0.0487060115791256,0.5615276340159767,3.6789337982566517,-5.097440009426184,-1.7519218226370967,0.0,True,False,0.5235987755982988,0.0
3.602,0.001,0.5192839731588976,-0.04499357890043369,0.49503221562934246,-3.3385014202324377,4.520399783720139,-3.0,0.0,True,False,0.5235987755982988,0.0
3.603,0.001,0.5190950276272471,-0.18894553165046657,0.5445449092742219,1.9466180862787525,-2.7129721097011195,3.0,0.0,False,False,0.5235987755982988,0.0
3.604,0.001,0.5190628378776485,-0.032189749598575124,0.5202869335957304,-0.6738412901982747,0.8682227042841607,-2.7129721097011195,0.0,False,False,0.5235987755982988,0.0
3.605,0.001,0.5189006667870946,-0.16217109055397042,0.5329697696712971,0.6618264463782165,-0.9628696289678281,0.8682227042841607,0.0,False,False,0.5235987755982988,0.0
3.606,0.001,0.5187885555150301,-0.11211127206442309,0.4900294190636579,-3.6983912590235217,5.042317928451762,-0.9628696289678281,0.0,True,False,0.5235987755982988,0.0
3.607,0.001,0.5186347490443332,-0.1538064706969688,0.5442576105385221,2.0942670143652475,-2.8849794461623155,3.0,0.0,False,False,0.5235987755982988,0.0
3.608,0.001,0.5186375577970103,0.0028087526771059523,0.5323648647298402,0.6955657320605406,-0.9924684828403944,-2.8849794461623155,0.0,False,False,0.5235987755982988,0.0
3.609,0.001,0.5184952692128357,-0.1422885841745723,0.5178161609937507,-0.8288612147544648,1.0987205205872235,-0.9924684828403944,0.0,False,False,0.5235987755982988,0.0
3.61,0.001,0.5183099263509187,-0.18534286191707436,0.529569266796995,0.42933548704541047,-0.622671426031024,1.0987205205872235,0.0,False,False,0.5235987755982988,0.0
3.611,0.001,0.5181862608863715,-0.1236654645471581,0.5048258474746391,-2.0879399938947207,2.8434406988995398,-0.622671426031024,0.0,False,False,0.5235987755982988,0.0
3.612,0.001,0.5180379564612768,-0.1483044250947109,0.5079248191498384,-1.569248826985314,2.1652298084546633,2.8434406988995398,0.0,False,False,0.5235987755982988,0.0
3.613,0.001,0.5180384172844783,0.00046082320152140976,0.5099497828760822,-1.2098275716624103,1.6974749549947918,2.1652298084546633,0.0,False,False,0.5235987755982988,0.0
3.614,0.001,0.518146999532309,0.1085822478306739,0.48581079820237955,-3.5027432818664312,4.883475531366264,1.6974749549947918,0.0,True,False,0.5235987755982988,0.0
3.615,0.001,0.5183340214298416,0.18702189753261095,0.5333745445107189,1.6039056771541427,-2.100650653008532,3.0,0.0,False,False,0.5235987755982988,0.0
3.616,0.001,0.5186642952398747,0.3302738100330378,0.5394615271530995,2.0522133736767896,-2.7481855763985594,-2.100650653008532,0.0,False,False,0.5235987755982988,0.0
3.617,0.001,0.5188822154220172,0.2179201821424791,0.5066414508190379,-1.4350155970970477,2.027250562543154,-2.7481855763985594,0.0,False,False,0.5235987755982988,0.0
3.618,0.001,0.5189558546446152,0.07363922259810243,0.5250331437382266,0.5476552545315303,-0.6830049319565369,2.027250562543154,0.0,False,False,0.5235987755982988,0.0
3.619,0.001,0.5191245694381302,0.1687147935150236,0.5144900138585415,-0.5614232588901311,0.8376656219837882,-0.6830049319565369,0.0,False,False,0.5235987755982988,0.0
3.62,0.001,0.5192524591264382,0.12788968830806174,0.5249819206133193,0.5439097424766554,-0.6775883012423547,0.8376656219837882,0.0,False,False,0.5235987755982988,0.0
3.621,0.001,0.5194157205705889,0.163261444150674,0.5084624314008739,-1.162430153015549,1.6673703791723076,-0.6775883012423547,0.0,False,False,0.5235987755982988,0.0
3.622,0.001,0.5195384495548755,0.12272898428655442,0.5041197718862014,-1.480453089181244,2.1271657738352463,1.6673703791723076,0.0,False,False,0.5235987755982988,0.0
3.623,0.001,0.5197380561983047,0.19960664342924966,0.5381002269369631,2.0656377248130546,-2.739791393871623,2.1271657738352463,0.0,False,False,0.5235987755982988,0.0
3.624,0.001,0.5200372227038778,0.2991665055730211,0.51892247069828,-0.05870167153656225,0.15461549404421313,-2.739791393871623,0.0,False,False,0.5235987755982988,0.0
3.625,0.001,0.5201922029737349,0.15498026985714905,0.5554846620001763,3.603387625806724,-4.898011106201864,0.15461549404421313,0.0,True,False,0.5235987755982988,0.0
3.626,0.001,0.5203482940994457,0.15609112571079753,0.5211565554615861,-0.1897617906329674,0.2716741112203893,-3.0,0.0,False,False,0.5235987755982988,0.0
3.6270000000000002,0.001,0.52034776086265,-0.0005332367957276984,0.504184649928117,-1.867976164916587,2.5910256599631776,0.2716741112203893,0.0,False,False,0.5235987755982988,0.0
3.628,0.001,0.5203609733975066,0.013212534856632983,0.5417751314186187,2.0778696006252413,-2.820617925516047,2.5910256599631776,0.0,False,False,0.5235987755982988,0.0
3.629,0.001,0.5205002116830827,0.13923828557604911,0.5315097514695514,0.8435446456559885,-1.1546511404697322,-2.820617925516047,0.0,False,False,0.5235987755982988,0.0
3.63,0.001,0.5204918621300088,-0.008349553073960736,0.5331781868449113,0.9260337186263775,-1.2836698647906768,-1.1546511404697322,0.0,False,False,0.5235987755982988,0.0
3.6310000000000002,0.001,0.5204281822383182,-0.06367989169054619,0.541208084161043,1.636420078376919,-2.280671648181699,-1.2836698647906768,0.0,False,False,0.5235987755982988,0.0
3.632,0.001,0.5203065530209474,-0.12162921737080548,0.5089131083485219,-1.756719510712889,2.3724054233514513,-2.280671648181699,0.0,False,False,0.5235987755982988,0.0
3.633,0.001,0.5200773766753916,-0.2291763455558069,0.5178563874495407,-0.6867196495397229,0.9274265661253143,2.3724054233514513,0.0,False,False,0.5235987755982988,0.0
3.634,0.001,0.5199737373063842,-0.10363936900734824,0.5169813732449328,-0.7055491050465399,0.9657721684164368,0.9274265661253143,0.0,False,False,0.5235987755982988,0.0
3.6350000000000002,0.001,0.519922883444571,-0.05085386181313452,0.49739510656667896,-2.5936208623672656,3.584011077409876,0.9657721684164368,0.0,True,False,0.5235987755982988,0.0
3.636,0.001,0.519926447825105,0.0035643805339063625,0.5153259318290174,-0.541176249896693,0.7983226877230966,3.0,0.0,False,False,0.5235987755982988,0.0
3.637,0.001,0.5200789398131418,0.15249198803674938,0.5434031614091093,2.3206643331021604,-3.141276144317181,0.7983226877230966,0.0,True,False,0.5235987755982988,0.0
3.638,0.001,0.5202647379704737,0.18579815733189153,0.5244070693221163,0.18898869109265193,-0.2413357163398977,-3.0,0.0,False,False,0.5235987755982988,0.0
3.6390000000000002,0.001,0.5202937929352786,0.02905496480490974,0.4968005908306167,-2.5905580271665793,3.5910369584181736,-0.2413357163398977,0.0,True,False,0.5235987755982988,0.0
3.64,0.001,0.5203052874846509,0.01149454937237666,0.4931507671188063,-2.6964845956309595,3.7838456673880168,3.0,0.0,True,False,0.5235987755982988,0.0
3.641,0.001,0.5204636231196866,0.1583356350357563,0.5495194466532185,3.210031817373357,-4.318610259836582,3.0,0.0,True,False,0.5235987755982988,0.0
3.642,0.001,0.5207653254137772,0.30170229409058114,0.5191889613076827,-0.14401989891756228,0.2522005359321655,-3.0,0.0,False,False,0.5235987755982988,0.0
3.6430000000000002,0.001,0.5209098208986914,0.14449548491421974,0.5096103811981845,-1.087475919975625,1.5567622031728081,0.2522005359321655,0.0,False,False,0.5235987755982988,0.0
3.644,0.001,0.521060348434828,0.15052753613651457,0.516278290014025,-0.31193744639400645,0.5060936761897359,1.5567622031728081,0.0,False,False,0.5235987755982988,0.0
3.645,0.001,0.5212821119744607,0.2217635396328055,0.4954982275963798,-2.3587499435191295,3.3363097962574977,0.5060936761897359,0.0,True,False,0.5235987755982988,0.0
3.646,0.001,0.5215222931437473,0.24018116928656724,0.5463599890718861,2.9633011983834128,-3.9656632805846663,3.0,0.0,True,False,0.5235987755982988,0.0
3.6470000000000002,0.001,0.5219055135883571,0.3832204446098658,0.5150454456928452,-0.46448325935902135,0.7113398495289914,-3.0,0.0,False,False,0.5235987755982988,0.0
3.648,0.001,0.5221312011511886,0.22568756283142635,0.5459968600070246,2.677106497994827,-3.615693316950857,0.7113398495289914,0.0,True,False,0.5235987755982988,0.0
3.649,0.001,0.522385552956247,0.25435180505844557,0.5232870454376526,0.1384143912581406,-0.16048612661813658,-3.0,0.0,False,False,0.5235987755982988,0.0
3.65,0.001,0.5224828873540853,0.09733439783831963,0.5474329270728404,2.5391611156511087,-3.4760080653230787,-0.16048612661813658,0.0,True,False,0.5235987755982988,0.0
3.6510000000000002,0.001,0.5225658088191761,0.08292146509079346,0.5270459729992354,0.24654959672549603,-0.3579090692874536,-3.0,0.0,False,False,0.5235987755982988,0.0
3.652,0.001,0.5224924016033687,-0.07340721580741197,0.5373841208559929,1.2557094227286925,-1.7549875219129236,-0.3579090692874536,0.0,False,False,0.5235987755982988,0.0
3.653,0.001,0.5224073847850167,-0.08501681835208838,0.5349579260674535,0.8875190016018895,-1.269487510367052,-1.7549875219129236,0.0,False,False,0.5235987755982988,0.0
3.654,0.001,0.5222409562208199,-0.1664285641967786,0.5331194375251829,0.6149182472146361,-0.9092738113414762,-1.269487510367052,0.0,False,False,0.5235987755982988,0.0
3.6550000000000002,0.001,0.5220177189946515,-0.22323722616838032,0.528090321202695,0.05051479024437999,-0.14146556917238634,-0.9092738113414762,0.0,False,False,0.5235987755982988,0.0
3.656,0.001,0.5217559110268184,-0.26180796783320226,0.5176918993649748,-0.9943788725520685,1.2995784192623137,-0.14146556917238634,0.0,False,False,0.5235987755982988,0.0
3.657,0.001,0.5214940770123978,-0.26183401442053994,0.5549247189872663,2.8283409769322794,-3.957876153320149,1.2995784192623137,0.0,True,False,0.5235987755982988,0.0
3.658,0.001,0.5213042692549981,-0.1898077573997931,0.5054752327569638,-2.3994417437911904,3.205553863693458,-3.0,0.0,True,False,0.5235987755982988,0.0
3.6590000000000003,0.001,0.5209712207285593,-0.3330485264387325,0.5210464032704457,-0.6023805180638826,0.768799323578015,3.0,0.0,False,False,0.5235987755982988,0.0
3.66,0.001,0.5207955043962263,-0.17571633233297762,0.5210553119306399,-0.5412516002380737,0.6952842663035486,0.768799323578015,0.0,False,False,0.5235987755982988,0.0
3.661,0.001,0.5206649308951211,-0.1305735011052353,0.5276888470851719,0.17622707523893572,-0.28509377705043915,0.6952842663035486,0.0,False,False,0.5235987755982988,0.0
3.662,0.001,0.5205756438757234,-0.08928701939773864,0.5130799321576127,-1.30228712504088,1.7520837319814058,-0.28509377705043915,0.0,False,False,0.5235987755982988,0.0
3.6630000000000003,0.001,0.5204784577254021,-0.09718615032126464,0.5259718170664287,0.11713007834480638,-0.18327084044010564,1.7520837319814058,0.0,False,False,0.5235987755982988,0.0
3.664,0.001,0.5204752637844856,-0.0031939409165294003,0.5175284047551147,-0.7389241606210698,0.995975667922597,-0.18327084044010564,0.0,False,False,0.5235987755982988,0.0
3.665,0.001,0.5204638691962773,-0.011394588208287442,0.49285358915677296,-3.1325133043931404,4.312429321219233,0.995975667922597,0.0,True,False,0.5235987755982988,0.0
3.666,0.001,0.520505409932986,0.04154073670868722,0.520672128779261,-0.037408011705029054,0.09756925678871653,3.0,0.0,False,False,0.5235987755982988,0.0
3.6670000000000003,0.001,0.5206909699984048,0.18556006541878706,0.5014824813037208,-1.9526319580885452,2.741251647008659,0.09756925678871653,0.0,False,False,0.5235987755982988,0.0
3.668,0.001,0.5208746662865061,0.1836962881013595,0.49060392423206056,-2.8452244694457094,4.00817668792714,2.741251647008659,0.0,True,False,0.5235987755982988,0.0
3.669,0.001,0.5211886903719318,0.3140240854256723,0.5235775804760997,0.7366636019027752,-0.8836148100837462,3.0,0.0,False,False,0.5235987755982988,0.0
3.67,0.001,0.5216454583610158,0.45676798908396987,0.5301606290448909,1.3213020985916193,-1.703675880348601,-0.8836148100837462,0.0,False,False,0.5235987755982988,0.0
3.6710000000000003,0.001,0.5220502185376393,0.40476017662344665,0.531242833536172,1.297392337860562,-1.6944638483143912,-1.703675880348601,0.0,False,False,0.5235987755982988,0.0
3.672,0.001,0.5223621758795388,0.31195734189952284,0.5322611721378966,1.2694869642469682,-1.6793074948091216,-1.6944638483143912,0.0,False,False,0.5235987755982988,0.0
3.673,0.001,0.522582162199655,0.21998632011620553,0.48885212069634776,-3.198366876332611,4.463480039834252,-1.6793074948091216,0.0,True,False,0.5235987755982988,0.0
3.674,0.001,0.5227113031997537,0.12914100009863658,0.49895707663239003,-1.8680345950951232,2.685192095500506,3.0,0.0,False,False,0.5235987755982988,0.0
3.6750000000000003,0.001,0.5229839276654087,0.2726244656550686,0.5574283745964965,4.165898660825037,-5.6080111749576025,2.685192095500506,0.0,True,False,0.5235987755982988,0.0
3.676,0.001,0.5233837212379762,0.399793572567491,0.5051064804189045,-1.4828806230166682,2.1123180608490997,-3.0,0.0,False,False,0.5235987755982988,0.0
3.677,0.001,0.5236259156362534,0.24219439827722103,0.5342871028358658,1.5834696809811268,-2.0925535074535575,2.1123180608490997,0.0,False,False,0.5235987755982988,0.0
3.678,0.001,0.5239667571599803,0.3408415237269309,0.5119774339060922,-0.805844180094345,1.1761971665729334,-2.0925535074535575,0.0,False,False,0.5235987755982988,0.0
3.6790000000000003,0.001,0.5241956076422396,0.2288504822593453,0.5255861592665416,0.6356127739600327,-0.7985082347804097,1.1761971665729334,0.0,False,False,0.5235987755982988,0.0
3.68,0.001,0.5244763525809,0.280744938660336,0.5134239817491356,-0.6441662551765704,0.9561457954968221,-0.7985082347804097,0.0,False,False,0.5235987755982988,0.0
3.681,0.001,0.5247100491280666,0.23369654716668187,0.53451079116163,1.5289313115905272,-2.031133854048594,0.9561457954968221,0.0,False,False,0.5235987755982988,0.0
3.682,0.001,0.5249846181788204,0.27456905075370713,0.5273717768575058,0.6621367500190521,-0.8624781226885884,-2.031133854048594,0.0,False,False,0.5235987755982988,0.0
3.6830000000000003,0.001,0.5251505322606687,0.16591408184827688,0.5173263997075567,-0.4086146399777659,0.6032403340066776,-0.8624781226885884,0.0,False,False,0.5235987755982988,0.0
3.684,0.001,0.5252666587808026,0.11612652013397673,0.5069376975797263,-1.4066233887630277,1.9878474708499387,0.6032403340066776,0.0,False,False,0.5235987755982988,0.0
3.685,0.001,0.5254064829201656,0.13982413936297744,0.5300800243182954,1.048271623970183,-1.3745884257241576,1.9878474708499387,0.0,False,False,0.5235987755982988,0.0
3.686,0.001,0.5256391401466689,0.23265722650339038,0.5044732042025443,-1.6172375500019454,2.2849453451259163,-1.3745884257241576,0.0,False,False,0.5235987755982988,0.0
3.6870000000000003,0.001,0.525796137322981,0.15699717631211302,0.5332570889978462,1.42287468452844,-1.8812992626259806,2.2849453451259163,0.0,False,False,0.5235987755982988,0.0
3.688,0.001,0.5260607537796675,0.26461645668655404,0.5719015631963053,5.145034635921502,-7.043491739869918,-1.8812992626259806,0.0,True,False,0.5235987755982988,0.0
3.689,0.001,0.5262242468073961,0.1634930277285474,0.5497891596637389,2.4192908190727143,-3.374575896065178,-3.0,0.0,True,False,0.5235987755982988,0.0
3.69,0.001,0.526231085863966,0.00683905656992323,0.538768621665013,1.075307937292861,-1.5634267539522892,-3.0,0.0,False,False,0.5235987755982988,0.0
3.6910000000000003,0.001,0.5260859222462133,-0.145163617752775,0.5245917930368952,-0.44990571924821154,0.5220125492031192,-1.5634267539522892,0.0,False,False,0.5235987755982988,0.0
3.692,0.001,0.52586916793928,-0.2167543069333288,0.4920315512163789,-3.6609393293750148,4.961337234124576,0.5220125492031192,0.0,True,False,0.5235987755982988,0.0
3.693,0.001,0.5256853812770299,-0.1837866622500704,0.5026071300142424,-2.2372875166511665,3.062594640494415,3.0,0.0,True,False,0.5235987755982988,0.0
3.694,0.001,0.5256583297613037,-0.027051515726219277,0.5480472887213579,2.5304571057254974,-3.47662176308566,3.0,0.0,True,False,0.5235987755982988,0.0
3.6950000000000003,0.001,0.5257866344109557,0.1283046496520701,0.5120027905251342,-1.32703842446942,1.801173840680267,-3.0,0.0,False,False,0.5235987755982988,0.0
3.696,0.001,0.5257584258741443,-0.02820853681141655,0.5135541744597031,-1.0391961885655896,1.4278382467734307,1.801173840680267,0.0,False,False,0.5235987755982988,0.0
3.697,0.001,0.5258257143719536,0.06728849780922556,0.5229345681637726,0.0027628006979203423,0.008640372983967559,1.4278382467734307,0.0,False,False,0.5235987755982988,0.0
3.698,0.001,0.525958139961861,0.1324255899074956,0.5074219359365006,-1.5487767020990661,2.149715156431246,0.008640372983967559,0.0,False,False,0.5235987755982988,0.0
3.6990000000000003,0.001,0.5260844678893399,0.12632792747895327,0.5046733143108896,-1.6687611944502665,2.343171736513686,2.149715156431246,0.0,False,False,0.5235987755982988,0.0
3.7,0.001,0.5263117763020891,0.22730841274924402,0.5254308375451621,0.5738672484220086,-0.7216178131499489,2.343171736513686,0.0,False,False,0.5235987755982988,0.0
3.701,0.001,0.5266493340680147,0.3375577659255431,0.5110892097054781,-0.9176822603885877,1.3263908985370778,-0.7216178131499489,0.0,False,False,0.5235987755982988,0.0
3.702,0.001,0.5269434607122191,0.29412664420434353,0.5140102466766251,-0.5338103372350307,0.8131659252721638,1.3263908985370778,0.0,False,False,0.5235987755982988,0.0
3.7030000000000003,0.001,0.5272967303947734,0.35326968255438207,0.513662374901475,-0.5152164810265331,0.7971149897746677,0.8131659252721638,0.0,False,False,0.5235987755982988,0.0
3.704,0.001,0.5276832452948612,0.38651490008777273,0.5368001509076943,1.850082767698044,-2.4577240768067714,0.7971149897746677,0.0,False,False,0.5235987755982988,0.0
3.705,0.001,0.5281020698848373,0.418824589976155,0.524050712307228,0.3901306308816108,-0.4762916178186582,-2.4577240768067714,0.0,False,False,0.5235987755982988,0.0
3.706,0.001,0.5283903329726133,0.2882630877759118,0.5252736641810999,0.47341275518063886,-0.5982433007071859,-0.4762916178186582,0.0,False,False,0.5235987755982988,0.0
3.7070000000000003,0.001,0.5286476284271472,0.25729545453387886,0.5390662997914591,1.805335040698501,-2.444817484315087,-0.5982433007071859,0.0,False,False,0.5235987755982988,0.0
3.708,0.001,0.5288679825348277,0.2203541076804644,0.52638892370292,0.3570639277747374,-0.4786993792128663,-2.444817484315087,0.0,False,False,0.5235987755982988,0.0
3.709,0.001,0.5289592143518649,0.09123181703721908,0.5241027699362053,0.09274215832579324,-0.12036248807326867,-0.4786993792128663,0.0,False,False,0.5235987755982988,0.0
3.71,0.001,0.5290201475818143,0.06093322994933143,0.5372310552536917,1.3962964742418578,-1.920936802887302,-0.12036248807326867,0.0,False,False,0.5235987755982988,0.0
3.7110000000000003,0.001,0.5290688459881225,0.04869840630829116,0.5407310984129292,1.6066711427414184,-2.236387181953049,-1.920936802887302,0.0,False,False,0.5235987755982988,0.0
3.712,0.001,0.529015394154312,-0.05345183381054983,0.5264484773454565,0.01774192172000788,-0.07258493751284818,-2.236387181953049,0.0,False,False,0.5235987755982988,0.0
3.713,0.001,0.5288562797876856,-0.15911436662641362,0.5302631508749724,0.39743508249959913,-0.5968808539796442,-0.07258493751284818,0.0,False,False,0.5235987755982988,0.0
3.714,0.001,0.5287001726301745,-0.15610715751102605,0.5150553590614051,-1.1630876071070955,1.5494866261926015,-0.5968808539796442,0.0,False,False,0.5235987755982988,0.0
3.715,0.001,0.5285208458566014,-0.17932677357308424,0.513499092937296,-1.2024054588072943,1.6246808384668037,1.5494866261926015,0.0,False,False,0.5235987755982988,0.0
3.716,0.001,0.5284257107212368,-0.09513513536464907,0.5418498670640471,1.752912499748548,-2.4320146460817273,1.6246808384668037,0.0,False,False,0.5235987755982988,0.0
3.717,0.001,0.5284181892822369,-0.007521438999864322,0.5361838932542551,1.0110238687944877,-1.439760760360598,-2.4320146460817273,0.0,False,False,0.5235987755982988,0.0
3.718,0.001,0.5282912529446653,-0.12693633757167117,0.5362377097742231,0.9153031339118443,-1.325864575860851,-1.439760760360598,0.0,False,False,0.5235987755982988,0.0
3.719,0.001,0.5280988362775786,-0.19241666708664196,0.5330006693813832,0.5000687812366702,-0.7693166255795238,-1.325864575860851,0.0,False,False,0.5235987755982988,0.0
3.72,0.001,0.5278468960483145,-0.25194022926413767,0.5286532953364925,0.015324498623931593,-0.10937075363620466,-0.7693166255795238,0.0,False,False,0.5235987755982988,0.0
3.721,0.001,0.5275634977486883,-0.28339829962619456,0.5397181781935849,1.1202803344707775,-1.6344856480800827,-0.10937075363620466,0.0,False,False,0.5235987755982988,0.0
3.722,0.001,0.5272817645045788,-0.2817332441095059,0.5436024912486711,1.396683606532318,-2.0360872095454825,-1.6344856480800827,0.0,False,False,0.5235987755982988,0.0
3.723,0.001,0.5269254339110416,-0.35633059353707897,0.5428293628379984,1.1797024048118188,-1.7617934560887756,-2.0360872095454825,0.0,False,False,0.5235987755982988,0.0
3.724,0.001,0.5264747242794015,-0.4507096316402048,0.5247158178328459,-0.7496223361846126,0.879440043199687,-1.7617934560887756,0.0,False,False,0.5235987755982988,0.0
3.725,0.001,0.5259437278134834,-0.5309964659180827,0.5501513176516171,1.8688898793109616,-2.7206136121328823,0.879440043199687,0.0,False,False,0.5235987755982988,0.0
3.726,0.001,0.525464827335589,-0.478900477894426,0.5294522184431688,-0.38790902946495986,0.36012886415029194,-2.7206136121328823,0.0,False,False,0.5235987755982988,0.0
3.727,0.001,0.5248578117789995,-0.6070155565894924,0.5358948584504983,0.2951458742144885,-0.5755045403969776,0.36012886415029194,0.0,False,False,0.5235987755982988,0.0
3.728,0.001,0.5242772307278438,-0.5805810511556198,0.5292005932029188,-0.40379523796491473,0.3837215686747381,-0.5755045403969776,0.0,False,False,0.5235987755982988,0.0
3.729,0.001,0.523676196773873,-0.6010339539708461,0.5279872770939824,-0.4847473250620612,0.5027037631521687,0.3837215686747381,0.0,False,False,0.5235987755982988,0.0
3.73,0.001,0.5231027530341518,-0.5734437397212259,0.5102614583261824,-2.208854469335854,2.8906970741011193,0.5027037631521687,0.0,False,False,0.5235987755982988,0.0
3.731,0.001,0.5225627382575471,-0.5400147766047325,0.5348036195982868,0.4662471048081711,-0.7611837177695894,2.8906970741011193,0.0,False,False,0.5235987755982988,0.0
3.732,0.001,0.5221754183937538,-0.3873198637932576,0.5718351737734318,4.122777811841856,-5.815588541362621,-0.7611837177695894,0.0,True,False,0.5235987755982988,0.0
3.733,0.001,0.5217575886235273,-0.41782977022656403,0.515216180548182,-1.9513992918673164,2.4925658611428827,-3.0,0.0,False,False,0.5235987755982988,0.0
3.734,0.001,0.5211974301723816,-0.5601584511456578,0.5224365217080634,-1.034225246692439,1.2619908660551638,2.4925658611428827,0.0,False,False,0.5235987755982988,0.0
3.735,0.001,0.5207701406480977,-0.42728952428393097,0.5129823896455062,-1.8762159282789135,2.4425540610849623,1.2619908660551638,0.0,False,False,0.5235987755982988,0.0
3.736,0.001,0.5204136598252136,-0.35648082288403704,0.5118961057276992,-1.7972227272317296,2.3673153303488688,2.4425540610849623,0.0,False,False,0.5235987755982988,0.0
3.737,0.001,0.5201867326286753,-0.22692719653825277,0.5471424611525543,1.9071350879769526,-2.7123484455489413,2.3673153303488688,0.0,False,False,0.5235987755982988,0.0
3.738,0.001,0.5200850789074389,-0.10165372123633074,0.5083395188775975,-2.1638726483164143,2.87131379895232,-2.7123484455489413,0.0,False,False,0.5235987755982988,0.0
3.739,0.001,0.519854213917068,-0.23086499037097621,0.5115799487374117,-1.623442397503352,2.1644697604999896,2.87131379895232,0.0,False,False,0.5235987755982988,0.0
3.74,0.001,0.5197738380766049,-0.0803758404630057,0.49206686145071177,-3.412406886423015,4.662462718364185,2.1644697604999896,0.0,True,False,0.5235987755982988,0.0
3.741,0.001,0.5198080033517181,0.03416527511317585,0.5065851843067435,-1.6193339121775419,2.2494453378610464,3.0,0.0,False,False,0.5235987755982988,0.0
3.742,0.001,0.5199864133606853,0.1784100089672148,0.4901692102879307,-3.0989979228410656,4.320529682995905,2.2494453378610464,0.0,True,False,0.5235987755982988,0.0
3.743,0.001,0.5202705819967239,0.2841686360386543,0.5312976542275445,1.323746263404419,-1.7270753314117249,3.0,0.0,False,False,0.5235987755982988,0.0
3.744,0.001,0.5206976139582185,0.4270319614945052,0.5695615485382176,5.017761068131287,-6.848643194676082,-1.7270753314117249,0.0,True,False,0.5235987755982988,0.0
3.745,0.001,0.5210305840252963,0.3329700670779409,0.5146308317788538,-0.9770867146182178,1.333927046291871,-3.0,0.0,False,False,0.5235987755982988,0.0
3.746,0.001,0.521206222212106,0.1756381868096292,0.4921158084476913,-3.1308803762726467,4.323749860238111,1.333927046291871,0.0,True,False,0.5235987755982988,0.0
3.747,0.001,0.5214418541987657,0.23563198665967505,0.5371498116099086,1.6856079775763448,-2.26664822130059,3.0,0.0,False,False,0.5235987755982988,0.0
3.748,0.001,0.5218205436574794,0.3786894587137375,0.5091333097092237,-1.2846030102497834,1.8019019983030928,-2.26664822130059,0.0,False,False,0.5235987755982988,0.0
3.749,0.001,0.5220783859472933,0.25784228981385304,0.5447562680111346,2.406153120966292,-3.268218608590595,1.8019019983030928,0.0,True,False,0.5235987755982988,0.0
3.75,0.001,0.5224192919678631,0.3409060205698283,0.5174969564976641,-0.5603933424773864,0.7823047547842877,-3.0,0.0,False,False,0.5235987755982988,0.0
3.751,0.001,0.5226028343643506,0.18354239648754903,0.5115755703240993,-1.0964926255861334,1.5322088456389515,0.7823047547842877,0.0,False,False,0.5235987755982988,0.0
3.7520000000000002,0.001,0.5228187578291197,0.21592346476905697,0.5197128125525561,-0.1731191401818405,0.2776903030415778,1.5322088456389515,0.0,False,False,0.5235987755982988,0.0
3.753,0.001,0.5231044280423166,0.2856702131969604,0.536330127515751,1.5059242701558393,-2.036273458701147,0.2776903030415778,0.0,False,False,0.5235987755982988,0.0
3.754,0.001,0.5233968400898129,0.29241204749625616,0.5194276012961644,-0.33492077881840965,0.4769860720205113,-2.036273458701147,0.0,False,False,0.5235987755982988,0.0
3.755,0.001,0.5235802688161841,0.18342872637121618,0.5149107872764437,-0.7531101029086391,1.0601159132837594,0.4769860720205113,0.0,False,False,0.5235987755982988,0.0
3.7560000000000002,0.001,0.5237808131313806,0.2005443151964667,0.5203105470023811,-0.13782312002403285,0.22457585875535815,1.0601159132837594,0.0,False,False,0.5235987755982988,0.0
3.757,0.001,0.5240275610650039,0.24674793362329234,0.5018295004869036,-1.9721454595693844,2.7584215034883757,0.22457585875535815,0.0,False,False,0.5235987755982988,0.0
3.758,0.001,0.5242785507998308,0.25098973482679776,0.5312080594943294,1.162924987130134,-1.5324770946847106,2.7584215034883757,0.0,False,False,0.5235987755982988,0.0
3.759,0.001,0.5246604576508929,0.38190685106206035,0.49347619575535573,-2.726553885480242,3.814071099749266,-1.5324770946847106,0.0,True,False,0.5235987755982988,0.0
3.7600000000000002,0.001,0.5249582130198165,0.29775536892357657,0.5172068313623925,-0.08083493622853721,0.21205691972055762,3.0,0.0,False,False,0.5235987755982988,0.0
3.761,0.001,0.5253987773672644,0.4405643474478837,0.5386525495523056,2.0718203763856193,-2.7571523828348647,0.21205691972055762,0.0,False,False,0.5235987755982988,0.0
3.762,0.001,0.5258421823033085,0.44340493604412007,0.5311313726329997,1.1125206468164706,-1.4706115228043806,-2.7571523828348647,0.0,False,False,0.5235987755982988,0.0
3.763,0.001,0.5261399560004667,0.29777369715820035,0.5364429936413387,1.5324306829687275,-2.070112744337192,-1.4706115228043806,0.0,False,False,0.5235987755982988,0.0
3.7640000000000002,0.001,0.526357008026696,0.21705202622934994,0.5252217468735781,0.2570629378957956,-0.3376890084299826,-2.070112744337192,0.0,False,False,0.5235987755982988,0.0
3.765,0.001,0.5264636862076081,0.10667818091206797,0.5468796084784349,2.397142804591888,-3.295626357352714,-0.3376890084299826,0.0,True,False,0.5235987755982988,0.0
3.766,0.001,0.5265470535047558,0.08336729714775096,0.5426860990789356,1.7380775841827742,-2.4292649236707913,-3.0,0.0,False,False,0.5235987755982988,0.0
3.767,0.001,0.5264740902066802,-0.07296329807561366,0.5342607196589562,0.7217318837665521,-1.0579932536116947,-2.4292649236707913,0.0,False,False,0.5235987755982988,0.0
3.7680000000000002,0.001,0.526285947384854,-0.18814282182626657,0.5424746751619455,1.4709542456888278,-2.104911286972233,-1.0579932536116947,0.0,False,False,0.5235987755982988,0.0
3.769,0.001,0.5260516574715535,-0.23428991330050097,0.5391490192804147,0.9912932329668676,-1.469456265838327,-2.104911286972233,0.0,False,False,0.5235987755982988,0.0
3.77,0.001,0.5257190591535568,-0.33259831799671247,0.5180489739032715,-1.217840628044135,1.5613051841634529,-1.469456265838327,0.0,False,False,0.5235987755982988,0.0
3.771,0.001,0.5253203184155402,-0.398740738016642,0.5018648575925578,-2.714468196311091,3.648572359676647,1.5613051841634529,0.0,True,False,0.5235987755982988,0.0
3.7720000000000002,0.001,0.5250072378996837,-0.3130805158564028,0.5323439410463202,0.6048869686962548,-0.8832773404998909,3.0,0.0,False,False,0.5235987755982988,0.0
3.773,0.001,0.5248514097058907,-0.1558281937929775,0.5343824647935825,0.7482506465528616,-1.0920071813785408,-0.8832773404998909,0.0,False,False,0.5235987755982988,0.0
3.774,0.001,0.5246580409557984,-0.1933687500923038,0.5436903676019448,1.6042158627337997,-2.286707691346187,-1.0920071813785408,0.0,False,False,0.5235987755982988,0.0
3.775,0.001,0.5244168453215895,-0.24119563420886625,0.5080749562155777,-2.1177468621762827,2.8207249835005186,-2.286707691346187,0.0,False,False,0.5235987755982988,0.0
3.7760000000000002,0.001,0.5240682790853498,-0.3485662362397421,0.5082480726586234,-1.8886605316540916,2.542705290899068,2.8207249835005186,0.0,False,False,0.5235987755982988,0.0
3.777,0.001,0.5238681433632301,-0.20013572211975722,0.5318949172410994,0.6648899797589178,-0.9471985252811116,2.542705290899068,0.0,False,False,0.5235987755982988,0.0
3.778,0.001,0.5238019434485194,-0.06619991471072517,0.5225598451743029,-0.3351062248966249,0.42082821750787686,-0.9471985252811116,0.0,False,False,0.5235987755982988,0.0
3.779,0.001,0.523694632427204,-0.10731102131535117,0.49078188341502677,-3.4793917783345725,4.765974193300384,0.42082821750787686,0.0,True,False,0.5235987755982988,0.0
3.7800000000000002,0.001,0.5236147917986007,-0.07984062860337802,0.5301616643072213,0.8065254887183406,-1.085962583222614,3.0,0.0,False,False,0.5235987755982988,0.0
3.781,0.001,0.5236912664436841,0.07647464508345127,0.49136038743773586,-3.15425474710204,4.365396683412581,-1.085962583222614,0.0,True,False,0.5235987755982988,0.0
3.782,0.001,0.5237071427853262,0.015876341642046203,0.5072093036790871,-1.2539376482567102,1.7997356724538627,3.0,0.0,False,False,0.5235987755982988,0.0
3.783,0.001,0.5238689922257679,0.16184944044173485,0.5474602826200539,2.896554010665634,-3.905371939190351,1.7997356724538627,0.0,True,False,0.5235987755982988,0.0
3.7840000000000003,0.001,0.524114181053193,0.24518882742506531,0.5559643283644874,3.457303184042423,-4.731343770642303,-3.0,0.0,True,False,0.5235987755982988,0.0
3.785,0.001,0.5242023891253086,0.08820807211563467,0.5029851829226355,-2.186341678547007,2.994654682418348,-3.0,0.0,False,False,0.5235987755982988,0.0
3.786,0.001,0.524134246136424,-0.06814298888459158,0.5183852792803664,-0.4276978749192195,0.6070803836258474,2.994654682418348,0.0,False,False,0.5235987755982988,0.0
3.787,0.001,0.5242220952925136,0.08784915608961522,0.5249659986557443,0.2731438501104987,-0.3523826351666178,0.6070803836258474,0.0,False,False,0.5235987755982988,0.0
3.7880000000000003,0.001,0.5243339489071676,0.11185361465392121,0.5554222235186486,3.291451951389871,-4.52256440423414,-0.3523826351666178,0.0,True,False,0.5235987755982988,0.0
3.789,0.001,0.5244217361421123,0.0877872349447266,0.5158195502217363,-0.9979605734403405,1.3375787449065337,-3.0,0.0,False,False,0.5235987755982988,0.0
3.79,0.001,0.524353174075527,-0.0685620665853969,0.5160299777234397,-0.877121765925965,1.1887844808586217,1.3375787449065337,0.0,False,False,0.5235987755982988,0.0
3.791,0.001,0.5243577525729379,0.0045784974109392695,0.5513881127779028,2.7464039161129365,-3.795892768568395,1.1887844808586217,0.0,True,False,0.5235987755982988,0.0
3.7920000000000003,0.001,0.5244204019329882,0.06264936005024432,0.5178790972172947,-0.8791380315591595,1.1579198487290645,-3.0,0.0,False,False,0.5235987755982988,0.0
3.793,0.001,0.5243268234742984,-0.09357845868981918,0.5369316211592929,1.114028165796575,-1.576825019053784,1.1579198487290645,0.0,False,False,0.5235987755982988,0.0
3.794,0.001,0.5242975142865399,-0.029309187758505786,0.49851650602265635,-2.8388861644467402,3.8581442496976526,-1.576825019053784,0.0,True,False,0.5235987755982988,0.0
3.795,0.001,0.5241948733310086,-0.10264095553137796,0.5212062981593726,-0.2860183343304432,0.38628659509720403,3.0,0.0,False,False,0.5235987755982988,0.0
3.7960000000000003,0.001,0.5242486425209625,0.05376918995397144,0.4952832134364787,-2.8497249731867877,3.9293500867369073,0.38628659509720403,0.0,True,False,0.5235987755982988,0.0
3.797,0.001,0.5243155661732184,0.0669236522558786,0.5058947716587687,-1.503596653639105,2.1229880552784675,3.0,0.0,False,False,0.5235987755982988,0.0
3.798,0.001,0.5245262369965739,0.21067082335548237,0.5391730637311791,1.9745922189658445,-2.6498478491508592,2.1229880552784675,0.0,False,False,0.5235987755982988,0.0
3.799,0.001,0.5248362145394083,0.3099775428344925,0.5239652011504498,0.25634673899632343,-0.314211746734305,-2.6498478491508592,0.0,False,False,0.5235987755982988,0.0
3.8000000000000003,0.001,0.5250064597796139,0.170245240205612,0.5194370139449497,-0.22210665545331662,0.3414396963042644,-0.314211746734305,0.0,False,False,0.5235987755982988,0.0
3.801,0.001,0.5251543134520067,0.14785367239283165,0.5120861672404702,-0.9349806603559345,1.3292037428680368,0.3414396963042644,0.0,False,False,0.5235987755982988,0.0
3.802,0.001,0.5253126476990748,0.15833424706812027,0.5214614727064927,0.09604795228190843,-0.07678609068577966,1.3292037428680368,0.0,False,False,0.5235987755982988,0.0
3.803,0.001,0.5255308087978933,0.21816109881843887,0.5307862249849082,1.0189183848952732,-1.3520761508332975,-0.07678609068577966,0.0,False,False,0.5235987755982988,0.0
3.8040000000000003,0.001,0.5257382579477862,0.20744914989289928,0.5428933820217563,2.1277422500905514,-2.9005936157308962,-1.3520761508332975,0.0,False,False,0.5235987755982988,0.0
3.805,0.001,0.5258712734935496,0.1330155457634058,0.4800538205082489,-4.368988126269242,6.026594943143989,-2.9005936157308962,0.0,True,False,0.5235987755982988,0.0
3.806,0.001,0.5258527273164061,-0.018546177143520914,0.5113357562352657,-0.8038957409406366,1.1854092376633596,3.0,0.0,False,False,0.5235987755982988,0.0
3.807,0.001,0.5259886313443449,0.13590402793886275,0.5287653845980934,1.019456669436195,-1.3163469653197368,1.1854092376633596,0.0,False,False,0.5235987755982988,0.0
3.8080000000000003,0.001,0.5261772622330847,0.1886308887397486,0.5244517753507618,0.4861500777594161,-0.5987340888556333,-1.3163469653197368,0.0,False,False,0.5235987755982988,0.0
3.809,0.001,0.5262933212500805,0.11605901699590124,0.5333335648064951,1.3257140155568,-1.7660830244156924,-0.5987340888556333,0.0,False,False,0.5235987755982988,0.0
3.81,0.001,0.5263729794359105,0.07965818582995826,0.5310424383105466,0.9640299644062773,-1.2908218861079936,-1.7660830244156924,0.0,False,False,0.5235987755982988,0.0
3.811,0.001,0.5263580190018602,-0.014960434050333135,0.5210370710091062,-0.13290976217839168,0.20560239721953646,-1.2908218861079936,0.0,False,False,0.5235987755982988,0.0
3.8120000000000003,0.001,0.5262823811187101,-0.07563788315016592,0.5170870581740789,-0.5146200694632908,0.7347549969919083,0.20560239721953646,0.0,False,False,0.5235987755982988,0.0
3.813,0.001,0.5262233196833142,-0.059061435395953724,0.5219385103688786,0.021987156963014787,0.003500185773945841,0.7347549969919083,0.0,False,False,0.5235987755982988,0.0
3.814,0.001,0.5262071996602246,-0.016120023089630287,0.546256535921728,2.451590996551647,-3.349748881683701,0.003500185773945841,0.0,True,False,0.5235987755982988,0.0
3.815,0.001,0.5261953233968576,-0.011876263366982838,0.5134193748169351,-1.0772842135828014,1.4759702703639082,-3.0,0.0,False,False,0.5235987755982988,0.0
3.8160000000000003,0.001,0.5260366904337561,-0.1586329631014395,0.5249405063225056,0.18255735833252196,-0.2432199830347476,1.4759702703639082,0.0,False,False,0.5235987755982988,0.0
3.817,0.001,0.5259584905144771,-0.07819991927908139,0.5291584158066456,0.5860925709132723,-0.8033846088461684,-0.2432199830347476,0.0,False,False,0.5235987755982988,0.0
3.818,0.001,0.5258744375781591,-0.08405293631794548,0.5531076987910235,2.922411612259737,-4.0380545521807285,-0.8033846088461684,0.0,True,False,0.5235987755982988,0.0
3.819,0.001,0.5257565489395831,-0.11788863857597676,0.5205151810624301,-0.6290813218255753,0.8104022878363271,-3.0,0.0,False,False,0.5235987755982988,0.0
3.8200000000000003,0.001,0.525495131764499,-0.2614171750841435,0.542229464801927,1.6052551843066727,-2.2616586268333148,0.8104022878363271,0.0,False,False,0.5235987755982988,0.0
3.821,0.001,0.525281280372507,-0.2138513919920438,0.5467833772762366,1.9001209133069636,-2.6974679261712367,-2.2616586268333148,0.0,False,False,0.5235987755982988,0.0
3.822,0.001,0.524961201454735,-0.320078917771932,0.5238484796184593,-0.5833809438014665,0.6955624601988718,-2.6974679261712367,0.0,False,False,0.5235987755982988,0.0
3.823,0.001,0.5245135294563256,-0.44767199840940625,0.520835789474995,-0.826311863767748,1.0413079867407666,0.6955624601988718,0.0,False,False,0.5235987755982988,0.0
3.8240000000000003,0.001,0.5241084262689197,-0.405103187405825,0.5183653562759007,-0.9907239973003967,1.2830703445636413,1.0413079867407666,0.0,False,False,0.5235987755982988,0.0
3.825,0.001,0.5237630088936006,-0.3454173753191634,0.5192980528982961,-0.7983819353308202,1.035471330997033,1.2830703445636413,0.0,False,False,0.5235987755982988,0.0
3.826,0.001,0.5234891267050109,-0.2738821885897047,0.5383984248738539,1.1914934557580419,-1.696185833869642,1.035471330997033,0.0,False,False,0.5235987755982988,0.0
3.827,0.001,0.5232741136117254,-0.21501309328550952,0.5273059983197913,-0.036898545224023804,-0.022451754718036197,-1.696185833869642,0.0,False,False,0.5235987755982988,0.0
3.8280000000000003,0.001,0.522981151279114,-0.29296233261136123,0.5270877314001882,-0.055035382661935264,0.003241254760314047,-0.022451754718036197,0.0,False,False,0.5235987755982988,0.0
3.829,0.001,0.5226942382080972,-0.28691307101681984,0.5030553831311205,-2.4527666713025047,3.3131010699722148,0.003241254760314047,0.0,True,False,0.5235987755982988,0.0
3.83,0.001,0.5224146348521025,-0.279603355994741,0.50552874752153,-1.9601535651313085,2.677444783539409,3.0,0.0,False,False,0.5235987755982988,0.0
3.831,0.001,0.5222921499095318,-0.1224849425707707,0.5597023543433081,3.6532224735596284,-5.033731385681721,2.677444783539409,0.0,True,False,0.5235987755982988,0.0
3.8320000000000003,0.001,0.5223100270884006,0.01787717886882273,0.519206382687366,-0.7616969393905433,0.9930993996654432,-3.0,0.0,False,False,0.5235987755982988,0.0
3.833,0.001,0.522173552991496,-0.13647409690449094,0.5086512307164067,-1.7410424425474131,2.3583067389309535,0.9930993996654432,0.0,False,False,0.5235987755982988,0.0
3.834,0.001,0.5220932797467658,-0.08027324473025527,0.5470706721088425,2.2750059409509085,-3.1525012663308765,2.3583067389309535,0.0,True,False,0.5235987755982988,0.0
3.835,0.001,0.5221372390161946,0.04395926942874123,0.5270557260509893,0.04601074107049241,-0.11743799743301908,-3.0,0.0,False,False,0.5235987755982988,0.0
3.8360000000000003,0.001,0.5220251685765386,-0.11207043965598573,0.5321158754624186,0.5474246081063724,-0.8102173272818023,-0.11743799743301908,0.0,False,False,0.5235987755982988,0.0
3.837,0.001,0.5219136743558332,-0.11149422070536767,0.519504298369422,-0.7684755620039183,0.9958712645244842,-0.8102173272818023,0.0,False,False,0.5235987755982988,0.0
3.838,0.001,0.5217681150730459,-0.1455592827873224,0.5162062204049745,-1.0214358022482741,1.3587889561777657,0.9958712645244842,0.0,False,False,0.5235987755982988,0.0
3.839,0.001,0.521678931584893,-0.08918348815292207,0.5187190910183017,-0.66800516069073,0.8894405152688238,1.3587889561777657,0.0,False,False,0.5235987755982988,0.0
3.84,0.001,0.5216640426718067,-0.014888913086324368,0.49753070890709356,-2.7200428557424727,3.733276627332662,0.8894405152688238,0.0,True,False,0.5235987755982988,0.0
3.841,0.001,0.5216974762818052,0.033433609998548316,0.5201628534846789,-0.1848241124096872,0.28363553293678234,3.0,0.0,False,False,0.5235987755982988,0.0
3.842,0.001,0.5218751855162529,0.17770923444768233,0.5270419374054566,0.5215666909090443,-0.6878569416196928,0.28363553293678234,0.0,False,False,0.5235987755982988,0.0
3.843,0.001,0.5220603656906394,0.18518017438653983,0.5543570418083147,3.2009204621039506,-4.394753346305026,-0.6878569416196928,0.0,True,False,0.5235987755982988,0.0
3.844,0.001,0.5222044122973563,0.14404660671687908,0.5237053791353339,-0.18433785140452397,0.21928655801879757,-3.0,0.0,False,False,0.5235987755982988,0.0
3.845,0.001,0.5221918827243038,-0.012529573052408954,0.48145280801327134,-4.391161178470325,6.028020830694884,0.21928655801879757,0.0,True,False,0.5235987755982988,0.0
3.846,0.001,0.5221937013338249,0.0018186095211207027,0.5205533460828214,-0.04199125366828316,0.10520723568053247,3.0,0.0,False,False,0.5235987755982988,0.0
3.847,0.001,0.5223449685847853,0.15126725096034427,0.5701583355795182,4.922706821368223,-6.745320265303817,0.10520723568053247,0.0,True,False,0.5235987755982988,0.0
3.848,0.001,0.5224948911317597,0.1499225469744392,0.5376158344603555,1.1761860273151337,-1.6637302922951815,-3.0,0.0,False,False,0.5235987755982988,0.0
3.849,0.001,0.5224882139922457,-0.006677139514089769,0.5083355320547664,-1.8694628159752886,2.518093762953929,-1.6637302922951815,0.0,False,False,0.5235987755982988,0.0
3.85,0.001,0.522400308939705,-0.08790505254068538,0.5327170638465056,0.7556366447961584,-1.0708931622231128,2.518093762953929,0.0,False,False,0.5235987755982988,0.0
3.851,0.001,0.5224446583697473,0.04434943004224538,0.5094940810114217,-1.642225303191852,2.2245548663940102,-1.0708931622231128,0.0,False,False,0.5235987755982988,0.0
3.852,0.001,0.5224294263459172,-0.015232023830187673,0.498801027691567,-2.5473081048581374,3.503129188150938,2.2245548663940102,0.0,True,False,0.5235987755982988,0.0
3.853,0.001,0.5225293351082676,0.09990876235049109,0.516449142706757,-0.5277657928533206,0.7620123434717371,3.0,0.0,False,False,0.5235987755982988,0.0
3.854,0.001,0.522772844785336,0.24350967706842208,0.5243702825026807,0.3171247660243794,-0.3944368435081291,0.7620123434717371,0.0,False,False,0.5235987755982988,0.0
3.855,0.001,0.5230474810408701,0.2746362555340542,0.4903722034140786,-3.114395619438266,4.3353530426418825,-0.3944368435081291,0.0,True,False,0.5235987755982988,0.0
3.856,0.001,0.5232952969092066,0.2478158683365257,0.5032386836594253,-1.5163080329597751,2.1860512944514543,3.0,0.0,False,False,0.5235987755982988,0.0
3.857,0.001,0.52368612151407,0.39082460486338694,0.5238665111216501,0.698105516558682,-0.8425458592907408,2.1860512944514543,0.0,False,False,0.5235987755982988,0.0
3.858,0.001,0.5241786853852365,0.4925638711665061,0.517054719545907,-0.05288419267149358,0.18125404014884527,-0.8425458592907408,0.0,False,False,0.5235987755982988,0.0
3.859,0.001,0.5246211517079538,0.442466322717303,0.5315119083134371,1.3981231033486659,-1.8201841128908878,0.18125404014884527,0.0,False,False,0.5235987755982988,0.0
3.86,0.001,0.5250649108673876,0.44375915943387606,0.5038649492361611,-1.5063851147137992,2.162871012175038,-1.8201841128908878,0.0,False,False,0.5235987755982988,0.0
3.861,0.001,0.5254098857845392,0.34497491715159617,0.5378735219305532,2.045110666196786,-2.711078233416721,2.162871012175038,0.0,False,False,0.5235987755982988,0.0
3.862,0.001,0.5258556243526309,0.4457385680917417,0.5051951305584954,-1.4272395376286664,2.043953055870861,-2.711078233416721,0.0,False,False,0.5235987755982988,0.0
3.863,0.001,0.5261580260547795,0.3024017021485387,0.5548291483590417,3.6788861961888317,-4.976810145119971,2.043953055870861,0.0,True,False,0.5235987755982988,0.0
3.864,0.001,0.526555415802913,0.3973897481334885,0.49660978457214217,-2.510938802120007,3.4989284010148283,-3.0,0.0,True,False,0.5235987755982988,0.0
3.865,0.001,0.5267952159920539,0.23980018914095455,0.507726546717139,-1.1481687074083218,1.6635025687508624,3.0,0.0,False,False,0.5235987755982988,0.0
3.866,0.001,0.5271780569804387,0.3828409883848529,0.5344625516950369,1.6402486611222948,-2.1638463630880387,1.6635025687508624,0.0,False,False,0.5235987755982988,0.0
3.867,0.001,0.5276365417333075,0.45848475286885665,0.5566828914931121,3.69825777481759,-5.033423415887747,-2.1638463630880387,0.0,True,False,0.5235987755982988,0.0
3.868,0.001,0.5279790002290106,0.34245849570297926,0.5334775384947171,1.0078966974963324,-1.3872937691311285,-3.0,0.0,False,False,0.5235987755982988,0.0
3.869,0.001,0.5281640888907307,0.18508866172016736,0.5379878128188409,1.3581344601590755,-1.8887640221606479,-1.3872937691311285,0.0,False,False,0.5235987755982988,0.0
3.87,0.001,0.5282730725094573,0.1089836187266012,0.5285791491842506,0.2814546506841429,-0.4273923053681043,-1.8887640221606479,0.0,False,False,0.5235987755982988,0.0
3.871,0.001,0.5282811822144589,0.008109705001509135,0.5103671497527688,-1.5678907575324597,2.1196381742584927,-0.4273923053681043,0.0,False,False,0.5235987755982988,0.0
3.872,0.001,0.5282655820700908,-0.015600144368114674,0.5197110541030271,-0.4767112467533803,0.6420324830189473,2.1196381742584927,0.0,False,False,0.5235987755982988,0.0
3.873,0.001,0.5283599425001078,0.09436043001699862,0.507208127649512,-1.6793327674295557,2.3102309839936304,0.6420324830189473,0.0,False,False,0.5235987755982988,0.0
3.874,0.001,0.5284800280700257,0.12008556991790167,0.5061623289542487,-1.6159793602129224,2.2530312718484087,2.3102309839936304,0.0,False,False,0.5235987755982988,0.0
3.875,0.001,0.5287091449199655,0.22911684993979448,0.5357209863284241,1.501484313225909,-2.0199809690133463,2.2530312718484087,0.0,False,False,0.5235987755982988,0.0
3.876,0.001,0.5290439968660993,0.33485194613380087,0.5094408429927584,-1.2766784516632566,1.7868569288956357,-2.0199809690133463,0.0,False,False,0.5235987755982988,0.0
3.8770000000000002,0.001,0.5292705103559978,0.22651348989859837,0.5348477799112605,1.391683085353284,-1.8725017800572517,1.7868569288956357,0.0,False,False,0.5235987755982988,0.0
3.878,0.001,0.5295794606383833,0.3089502823855309,0.5068583673347509,-1.5464264808330104,2.1570391257434753,-1.8725017800572517,0.0,False,False,0.5235987755982988,0.0
3.879,0.001,0.5297875500306365,0.20808939225312667,0.5349604095786784,1.418420391643044,-1.9066138816184854,2.1570391257434753,0.0,False,False,0.5235987755982988,0.0
3.88,0.001,0.5300966590216188,0.30910899098230266,0.5215675391961109,-0.06270868577801325,0.11181267817299885,-1.9066138816184854,0.0,False,False,0.5235987755982988,0.0
3.8810000000000002,0.001,0.5303032008825563,0.20654186093744964,0.5548532732544572,3.272135588634421,-4.489143664172156,0.11181267817299885,0.0,True,False,0.5235987755982988,0.0
3.882,0.001,0.5305085072099716,0.20530632741520805,0.536158467788746,1.0754414831998569,-1.5166042392678774,-3.0,0.0,False,False,0.5235987755982988,0.0
3.883,0.001,0.5305569923120916,0.04848510212009649,0.5521254726346602,2.5645978194712886,-3.5909979300200505,-1.5166042392678774,0.0,True,False,0.5235987755982988,0.0
3.884,0.001,0.5305235466105677,-0.03344570152399913,0.5173350234270642,-1.170906883235439,1.5178357989647504,-3.0,0.0,False,False,0.5235987755982988,0.0
3.8850000000000002,0.001,0.5303458258107835,-0.17772079978419925,0.5313257119511117,0.3452526574928547,-0.553388043342057,1.5178357989647504,0.0,False,False,0.5235987755982988,0.0
3.886,0.001,0.5302507076839171,-0.09511812686636842,0.5131275065257539,-1.5090931507922072,1.999394624256457,-0.553388043342057,0.0,False,False,0.5235987755982988,0.0
3.887,0.001,0.5301342997397828,-0.11640794413431374,0.5229155264503823,-0.3793818432501458,0.46755669656267207,1.999394624256457,0.0,False,False,0.5235987755982988,0.0
3.888,0.001,0.5301243270530425,-0.009972686740267564,0.5255497453827681,-0.07802176568655117,0.05850866270341415,0.46755669656267207,0.0,False,False,0.5235987755982988,0.0
3.8890000000000002,0.001,0.5301405383466201,0.01621129357760129,0.5174719224929619,-0.8780018780985144,1.1638856096142813,0.05850866270341415,0.0,False,False,0.5235987755982988,0.0
3.89,0.001,0.5301555908182807,0.01505247166052113,0.5089410638640194,-1.6432875531829167,2.23578387503653,1.1638856096142813,0.0,False,False,0.5235987755982988,0.0
3.891,0.001,0.5302249570913111,0.0693662730304103,0.505554425759594,-1.817622608307166,2.5059454270652863,2.23578387503653,0.0,False,False,0.5235987755982988,0.0
3.892,0.001,0.530399846740175,0.17488964886389508,0.4895635384537477,-3.234949078061074,4.494573162275208,2.5059454270652863,0.0,True,False,0.5235987755982988,0.0
3.8930000000000002,0.001,0.5306933341021014,0.2934873619263672,0.512256610272168,-0.6421469884129443,0.9747353619658886,3.0,0.0,False,False,0.5235987755982988,0.0
3.894,0.001,0.53112964751458,0.4363134124786639,0.5420814820476728,2.404554887978835,-3.2181545816633337,0.9747353619658886,0.0,True,False,0.5235987755982988,0.0
3.895,0.001,0.531606952441507,0.4773049269270437,0.5037078899695793,-1.6732598086284018,2.3659477116710343,-3.0,0.0,False,False,0.5235987755982988,0.0
3.896,0.001,0.5319263481487263,0.3193957072193355,0.50804809990985,-1.0719128337384882,1.5662075628782643,2.3659477116710343,0.0,False,False,0.5235987755982988,0.0
3.8970000000000002,0.001,0.5323567636587003,0.43041550997401007,0.5636138402959769,4.591852488248054,-6.230494150455871,1.5662075628782643,0.0,True,False,0.5235987755982988,0.0
3.898,0.001,0.5328577678847783,0.5010042260780272,0.5217488161389884,-0.05383517627560597,0.097901481798315,-3.0,0.0,False,False,0.5235987755982988,0.0
3.899,0.001,0.533200768093952,0.3430002091737151,0.5388040780042663,1.657074527879749,-2.262184876763114,0.097901481798315,0.0,False,False,0.5235987755982988,0.0
3.9,0.001,0.533541291376379,0.340523282426936,0.5447518404248274,2.0861433171478794,-2.8841271474549695,-2.262184876763114,0.0,False,False,0.5235987755982988,0.0
3.9010000000000002,0.001,0.533761343321838,0.22005194545907258,0.5453246056670166,1.9348055096520103,-2.7128315528193316,-2.8841271474549695,0.0,False,False,0.5235987755982988,0.0
3.902,0.001,0.5338303087021459,0.06896538030781785,0.507260913128071,-2.0650442952077492,2.7721346787134005,-2.7128315528193316,0.0,False,False,0.5235987755982988,0.0
3.903,0.001,0.5337573687663965,-0.07293993574946922,0.5297246165835462,0.38783047986054675,-0.5756617135671089,2.7721346787134005,0.0,False,False,0.5235987755982988,0.0
3.904,0.001,0.5338293191745616,0.07195040816514722,0.505585925275908,-2.0648216988893306,2.802017344470232,-0.5756617135671089,0.0,False,False,0.5235987755982988,0.0
3.9050000000000002,0.001,0.5338662076922349,0.036888517673362514,0.5765625088805582,5.239318831464621,-7.240529796838213,0.0,0.0,True,True,0.5235987755982988,0.0
3.906,0.001,0.5338972413466703,0.031033654435404512,0.5060614168309842,-2.33472225663924,3.1173391657787515,-3.0,0.0,True,False,0.5235987755982988,0.0
3.907,0.001,0.5337726664902515,-0.12457485641886798,0.5154844046361551,-1.158951250458224,1.536800177868456,3.0,0.0,False,False,0.5235987755982988,0.0
3.908,0.001,0.5338045898865964,0.03192339634492189,0.5156426787705446,-1.0272287119734502,1.3758841972677163,1.536800177868456,0.0,False,False,0.5235987755982988,0.0
3.9090000000000003,0.001,0.5339076990584383,0.10310917184180983,0.5077860459551561,-1.710169122314956,2.336832080354516,1.3758841972677163,0.0,False,False,0.5235987755982988,0.0
3.91,0.001,0.5340731904026578,0.16549134421950976,0.5576804075703325,3.4502839514341845,-4.753810117217629,2.336832080354516,0.0,True,False,0.5235987755982988,0.0
3.911,0.001,0.5343488613862979,0.27567098364015796,0.5766285532182308,5.000070121080592,-6.954620142455486,-3.0,0.0,True,False,0.5235987755982988,0.0
3.912,0.001,0.5344674296860035,0.11856829970561011,0.5261640411405349,-0.5463880987970526,0.6094909387962129,-3.0,0.0,False,False,0.5235987755982988,0.0
3.9130000000000003,0.001,0.5344295237975892,-0.037905888414219935,0.5113837923656097,-1.96977416640987,2.583598697880248,0.6094909387962129,0.0,False,False,0.5235987755982988,0.0
3.914,0.001,0.5344279790764445,-0.0015447211447989079,0.49538626400185914,-3.3725495861439394,4.554884712108642,2.583598697880248,0.0,True,False,0.5235987755982988,0.0
3.915,0.001,0.534556082966126,0.12810388968148934,0.5302955820950913,0.4556371817936702,-0.6673071350946691,3.0,0.0,False,False,0.5235987755982988,0.0
3.916,0.001,0.5348276744730356,0.27159150690954736,0.5293060561994033,0.3111208740455017,-0.47607609967448267,-0.6673071350946691,0.0,False,False,0.5235987755982988,0.0
3.9170000000000003,0.001,0.5350588142571627,0.23113978412719494,0.5236915524466932,-0.2814415886300593,0.33605992308497246,-0.47607609967448267,0.0,False,False,0.5235987755982988,0.0
3.918,0.001,0.5352592256771708,0.2004114200080608,0.5391229527414946,1.2898425997130851,-1.8272463082332258,0.33605992308497246,0.0,False,False,0.5235987755982988,0.0
3.919,0.001,0.5354696384476768,0.2104127705060141,0.5423667109052608,1.4852341561183975,-2.1201038228673923,-1.8272463082332258,0.0,False,False,0.5235987755982988,0.0
3.92,0.001,0.5355818472516979,0.11220880402105989,0.5412207138607844,1.22211103605892,-1.7837281319954446,-2.1201038228673923,0.0,False,False,0.5235987755982988,0.0
3.9210000000000003,0.001,0.5355816021900569,-0.000245061640942415,0.5300641823267612,-0.015753220949290103,-0.09747345597317522,-1.7837281319954446,0.0,False,False,0.5235987755982988,0.0
3.922,0.001,0.535492245216876,-0.08935697318095415,0.5162653171789613,-1.3940644136343538,1.8048795479093,-0.09747345597317522,0.0,False,False,0.5235987755982988,0.0
3.923,0.001,0.5354043704197239,-0.08787479715206836,0.5470253502452045,1.8213453343534003,-2.6072927448683823,1.8048795479093,0.0,False,False,0.5235987755982988,0.0
3.924,0.001,0.5354130892678495,0.008718848125602877,0.5356314955715576,0.49982533355337666,-0.8163793597827109,-2.6072927448683823,0.0,False,False,0.5235987755982988,0.0
3.9250000000000003,0.001,0.5352889469504966,-0.12414231735287233,0.5507937106937285,1.966064312415125,-2.8487860066158843,-0.8163793597827109,0.0,False,False,0.5235987755982988,0.0
3.926,0.001,0.5351304821856995,-0.15846476479706853,0.5489199018634933,1.5820769981500877,-2.3542726705536055,-2.8487860066158843,0.0,False,False,0.5235987755982988,0.0
3.927,0.001,0.5348362119780563,-0.2942702076431789,0.5100217826932172,-2.4659426186925284,3.203517014722503,-2.3542726705536055,0.0,True,False,0.5235987755982988,0.0
3.928,0.001,0.534431405217716,-0.40480676034028845,0.5093995054923597,-2.2815760769090256,2.993478154197735,3.0,0.0,False,False,0.5235987755982988,0.0
3.9290000000000003,0.001,0.5341842176844172,-0.24718753329892731,0.5209975445095105,-0.8936145675030394,1.1191596406018365,2.993478154197735,0.0,False,False,0.5235987755982988,0.0
3.93,0.001,0.5340936928089611,-0.09052487545606563,0.5156583836593668,-1.3381691957671096,1.748730089821308,1.1191596406018365,0.0,False,False,0.5235987755982988,0.0
3.931,0.001,0.5340654866100089,-0.028206198952232753,0.5472471167823264,1.9545210361055627,-2.771095384639172,1.748730089821308,0.0,False,False,0.5235987755982988,0.0
3.932,0.001,0.534130155099944,0.06466848993514572,0.5402616656400476,1.060523818267129,-1.5725606026720333,-2.771095384639172,0.0,False,False,0.5235987755982988,0.0
3.9330000000000003,0.001,0.5340500287671297,-0.08012633281423491,0.5532344085439043,2.25174572682608,-3.235536265212194,-1.5725606026720333,0.0,True,False,0.5235987755982988,0.0
3.934,0.001,0.5338975909358139,-0.15243783131578614,0.540817591340388,0.784889433791844,-1.2518060039078178,-3.0,0.0,False,False,0.5235987755982988,0.0
3.935,0.001,0.5336017628529467,-0.2958280828671943,0.5372433850395465,0.34897986032851097,-0.6643788023366715,-1.2518060039078178,0.0,False,False,0.5235987755982988,0.0
3.936,0.001,0.5332505277822156,-0.35123507073111815,0.5541897625834498,2.008719628685986,-2.9611013201559,-0.6643788023366715,0.0,False,False,0.5235987755982988,0.0
3.9370000000000003,0.001,0.5328734787116506,-0.37704907056502723,0.5410717673766612,0.4960481451385297,-0.9097716261767582,-2.9611013201559,0.0,False,False,0.5235987755982988,0.0
3.938,0.001,0.53235588277136,-0.5175959402905621,0.5335444688071285,-0.3062865263285945,0.1885213538353796,-0.9097716261767582,0.0,False,False,0.5235987755982988,0.0
3.939,0.001,0.5318008686335218,-0.5550141378382377,0.5576396484967516,2.1338600952665803,-3.173367826492047,0.1885213538353796,0.0,True,False,0.5235987755982988,0.0
3.94,0.001,0.5312635006199267,-0.5373680135951158,0.5332737862662977,-0.5161121373054662,0.44518437274257894,-3.0,0.0,False,False,0.5235987755982988,0.0
3.9410000000000003,0.001,0.5305842820783859,-0.6792185415407354,0.5252725364750569,-1.2646259026990032,1.4874233874571583,0.44518437274257894,0.0,False,False,0.5235987755982988,0.0
3.942,0.001,0.5299360396296485,-0.6482424487374434,0.5153132652141901,-2.1340904385157846,2.710047713132899,1.4874233874571583,0.0,False,False,0.5235987755982988,0.0
3.943,0.001,0.5293707613200789,-0.5652783095696358,0.5416408703057658,0.7120791144933656,-1.1792526421264444,2.710047713132899,0.0,False,False,0.5235987755982988,0.0
3.944,0.001,0.5289492465094041,-0.4215148106747123,0.5505398514781351,1.53076932028096,-2.321862550174205,-1.1792526421264444,0.0,False,False,0.5235987755982988,0.0
3.9450000000000003,0.001,0.5284764551258658,-0.47279138353833566,0.5275935384108243,-0.916938918478212,1.0284209715483947,-2.321862550174205,0.0,False,False,0.5235987755982988,0.0
3.946,0.001,0.527895461780353,-0.5809933455128926,0.5507228957535866,1.4876907076458308,-2.2734630119701764,1.0284209715483947,0.0,False,False,0.5235987755982988,0.0
3.947,0.001,0.5273742134567996,-0.5212483235534213,0.49299096483511423,-4.434271454965984,5.872066339696502,-2.2734630119701764,0.0,True,False,0.5235987755982988,0.0
3.948,0.001,0.5267473769759419,-0.6268364808577165,0.5257795330042013,-0.7119874925606773,0.8151313577665675,3.0,0.0,False,False,0.5235987755982988,0.0
3.9490000000000003,0.001,0.5262790478410075,-0.46832913493428563,0.5255792596114874,-0.6608160825759986,0.7573305868538031,0.8151313577665675,0.0,False,False,0.5235987755982988,0.0
3.95,0.001,0.5258593485905013,-0.4196992505062201,0.5131709031485233,-1.8355701206148103,2.390385848833731,0.7573305868538031,0.0,False,False,0.5235987755982988,0.0
3.951,0.001,0.5254851946663398,-0.37415392416150506,0.567091418689133,3.7400384455076425,-5.270913710244187,2.390385848833731,0.0,True,False,0.5235987755982988,0.0
3.952,0.001,0.5252380566503166,-0.24713801602317245,0.5240827772693345,-0.934829541022975,1.1130834191489276,-3.0,0.0,False,False,0.5235987755982988,0.0
3.9530000000000003,0.001,0.5248479071863573,-0.3901494639593016,0.5177316627601629,-1.476458037837836,1.8773576764918494,1.1130834191489276,0.0,False,False,0.5235987755982988,0.0
3.954,0.001,0.5245209724912113,-0.32693469514601803,0.5249740968514023,-0.6045688249301157,0.7007268073602764,1.8773576764918494,0.0,False,False,0.5235987755982988,0.0
3.955,0.001,0.5242952134186705,-0.2257590725408416,0.4893395193772179,-4.10756968985554,5.545750239806103,0.7007268073602764,0.0,True,False,0.5235987755982988,0.0
3.956,0.001,0.5241113937227859,-0.18381969588454627,0.5108491965452187,-1.5458450040699137,2.0845064278393393,3.0,0.0,False,False,0.5235987755982988,0.0
3.9570000000000003,0.001,0.5240843093055602,-0.027084417225744506,0.5412450841095909,1.6483282527743048,-2.295627456532424,2.0845064278393393,0.0,False,False,0.5235987755982988,0.0
3.958,0.001,0.5241668088226367,0.08249951707651079,0.5131896415639354,-1.3220488270686754,1.7738230051009514,-2.295627456532424,0.0,False,False,0.5235987755982988,0.0
3.959,0.001,0.5241282001032534,-0.038608719383261256,0.5096615994243847,-1.5426481583168792,2.102046961110709,1.7738230051009514,0.0,False,False,0.5235987755982988,0.0
3.96,0.001,0.5241841895807847,0.05598947753124117,0.5470397235772355,2.3494290727998886,-3.241251950980727,2.102046961110709,0.0,True,False,0.5235987755982988,0.0
3.9610000000000003,0.001,0.5243391017057137,0.1549121249290245,0.5477309538166674,2.183609189463085,-3.054710235286336,-3.0,0.0,True,False,0.5235987755982988,0.0
3.962,0.001,0.5243373941843892,-0.0017075213245710263,0.5333605801250412,0.5282109013541576,-0.8095655631063515,-3.0,0.0,False,False,0.5235987755982988,0.0
3.963,0.001,0.5241862045085408,-0.15118967584841686,0.5162429085466672,-1.236377346618654,1.6160584228717536,-0.8095655631063515,0.0,False,False,0.5235987755982988,0.0
3.964,0.001,0.5240011413099813,-0.18506319855943512,0.5198215827604438,-0.7548721905791331,0.9738360997763505,1.6160584228717536,0.0,False,False,0.5235987755982988,0.0
3.9650000000000003,0.001,0.5239036212852496,-0.09752002473176076,0.5098685567759806,-1.6746875699675323,2.256769022762766,0.9738360997763505,0.0,False,False,0.5235987755982988,0.0
3.966,0.001,0.5238611824475096,-0.0424388377399667,0.5064991162101262,-1.844162869556221,2.520789312454572,2.256769022762766,0.0,False,False,0.5235987755982988,0.0
3.967,0.001,0.5239375820320242,0.07639958451470641,0.5057090755489252,-1.738750648720702,2.4085153793535676,2.520789312454572,0.0,False,False,0.5235987755982988,0.0
3.968,0.001,0.5241337212512315,0.1961392192072894,0.5133466368963693,-0.8011194491042233,1.1458818355597995,2.4085153793535676,0.0,False,False,0.5235987755982988,0.0
3.969,0.001,0.524443501682566,0.30978043133452704,0.5063842135556197,-1.41724983826876,2.0105619226907363,1.1458818355597995,0.0,False,False,0.5235987755982988,0.0
3.97,0.001,0.5248033370839532,0.35983540138717934,0.49751153423508704,-2.162792786495149,3.064921688331991,2.0105619226907363,0.0,True,False,0.5235987755982988,0.0
3.971,0.001,0.5252562612398693,0.45292415591616747,0.5290855602147407,1.210889090119735,-1.5518290312396363,3.0,0.0,False,False,0.5235987755982988,0.0
3.972,0.001,0.5258513736991619,0.5951124592925028,0.529945838996381,1.1758280592717913,-1.5252408122916294,-1.5518290312396363,0.0,False,False,0.5235987755982988,0.0
3.973,0.001,0.5263605142570552,0.509140557893351,0.5560449477857059,3.6681561322770984,-4.985818458105846,-1.5252408122916294,0.0,True,False,0.5235987755982988,0.0
3.974,0.001,0.5267853562121024,0.42484195504719613,0.5151206511669062,-0.7910891428305811,1.1019132111617644,-3.0,0.0,False,False,0.5235987755982988,0.0
3.975,0.001,0.5270524987993295,0.26714258722700734,0.532220429005352,0.9979975552970615,-1.3527868276834318,1.1019132111617644,0.0,False,False,0.5235987755982988,0.0
3.976,0.001,0.5273676684767656,0.31516967743621754,0.5328255325975148,0.9587081589836257,-1.3165314167662376,-1.3527868276834318,0.0,False,False,0.5235987755982988,0.0
3.977,0.001,0.5276079381341079,0.24026965734230132,0.523177636927235,-0.10195222394271586,0.1299231648104085,-1.3165314167662376,0.0,False,False,0.5235987755982988,0.0
3.978,0.001,0.527775420141983,0.1674820078750612,0.5407664919988503,1.6671285056130891,-2.3095731019456336,0.1299231648104085,0.0,False,False,0.5235987755982988,0.0
3.979,0.001,0.5279427283807061,0.16730823872312434,0.5414730301488094,1.5710694700476937,-2.2070199459664233,-2.3095731019456336,0.0,False,False,0.5235987755982988,0.0
3.98,0.001,0.5279878887320273,0.045160351321194725,0.533702290350785,0.6368885432404796,-0.9461295174333265,-2.2070199459664233,0.0,False,False,0.5235987755982988,0.0
3.981,0.001,0.5279166472133714,-0.07124151865591422,0.5234548926614602,-0.4515400800160492,0.5444379888823546,-0.9461295174333265,0.0,False,False,0.5235987755982988,0.0
3.982,0.001,0.5278043745277067,-0.1122726856647425,0.5215642969584173,-0.5954456423187283,0.7511553863003407,0.5444379888823546,0.0,False,False,0.5235987755982988,0.0
3.983,0.001,0.5277257726725545,-0.07860185515214116,0.5038539637815564,-2.3069343957729433,3.1237278876288945,0.7511553863003407,0.0,True,False,0.5235987755982988,0.0
3.984,0.001,0.5276910383662959,-0.03473430625859393,0.5136251196290584,-1.0991253714454505,1.4984762531808675,3.0,0.0,False,False,0.5235987755982988,0.0
3.985,0.001,0.5278120820644052,0.12104369810925979,0.5169560028001434,-0.6561245171924068,0.9069193309976853,1.4984762531808675,0.0,False,False,0.5235987755982988,0.0
3.986,0.001,0.528001565466804,0.18948340239876513,0.5083845575129669,-1.447656594190823,2.011043838564963,0.9069193309976853,0.0,False,False,0.5235987755982988,0.0
3.987,0.001,0.5282296369022138,0.22807143540985242,0.5359077585793474,1.4494291718663093,-1.9608766998984448,2.011043838564963,0.0,False,False,0.5235987755982988,0.0
3.988,0.001,0.5285513482438118,0.32171134159795456,0.5494364444787585,2.6573548446207917,-3.653903853393224,-1.9608766998984448,0.0,True,False,0.5235987755982988,0.0
3.989,0.001,0.5287677289050484,0.21638066123664063,0.5129190496472366,-1.2601201229934809,1.7043792147112977,-3.0,0.0,False,False,0.5235987755982988,0.0
3.99,0.001,0.5288272440436449,0.05951513859650118,0.5337742303339688,0.9514099579790867,-1.324850134816963,1.7043792147112977,0.0,False,False,0.5235987755982988,0.0
3.991,0.001,0.5289657712241784,0.13852718053350135,0.5109171270078345,-1.4294413704322433,1.9435993191470489,-1.324850134816963,0.0,False,False,0.5235987755982988,0.0
3.992,0.001,0.5290315018008106,0.06573057663222244,0.5237096059555932,-0.007249338613149137,0.006704259904479358,1.9435993191470489,0.0,False,False,0.5235987755982988,0.0
3.993,0.001,0.5291881661679025,0.15666436709189147,0.5171396420873434,-0.6635207915768159,0.9124893530893762,0.006704259904479358,0.0,False,False,0.5235987755982988,0.0
3.994,0.001,0.5293385390924064,0.15037292450384687,0.5398435999140155,1.673227070248077,-2.300279321980593,0.9124893530893762,0.0,False,False,0.5235987755982988,0.0
3.995,0.001,0.5295279349964032,0.18939590399675404,0.5176808464392575,-0.7103709842525348,0.9589679059657855,-2.300279321980593,0.0,False,False,0.5235987755982988,0.0
3.996,0.001,0.5295955593507563,0.06762435435315767,0.5472523644820253,2.3178179184494985,-3.207146102046475,0.9589679059657855,0.0,True,False,0.5235987755982988,0.0
3.997,0.001,0.529704875463874,0.10931611311775444,0.5254162389229209,-0.09757642930589228,0.08437737532387346,-3.0,0.0,False,False,0.5235987755982988,0.0
3.998,0.001,0.5296577545271419,-0.0471209367321023,0.518320030961543,-0.7974395825130917,1.0519449024773146,0.08437737532387346,0.0,False,False,0.5235987755982988,0.0
3.999,0.001,0.5296209340719288,-0.03682045521310369,0.5077466307114343,-1.775035649272649,2.4153813870907395,1.0519449024773146,0.0,False,False,0.5235987755982988,0.0
4.0,0.001,0.5296425635029872,0.02162943105848334,0.5296425635029872,-1.775035649272649,2.4153813870907395,1.0519449024773146,0.0,False,False,0.5235987755982988,0.0
