time,q,w,ref,error,integral,torque_unsat,torque_cmd,load
0.0,0.0,0.0,0.5235987755982988,0.5235987755982988,0.0,0.0,0.0,0.0
0.001,0.00015,0.15,0.5235987755982988,0.5234487755982988,0.004186662878254879,7.556926495250058,3.0,0.0
0.002,0.0004494,0.2994,0.5235987755982988,0.5231493755982988,0.008231513541770192,7.321888762036415,3.0,0.0
0.003,0.0008976024,0.4482024,0.5235987755982988,0.5227011731982988,0.012112069408859642,7.045560907805307,3.0,0.0
0.004,0.0014940119903999998,0.5964095904,0.5235987755982988,0.5221047636078988,0.015838910013994387,6.787507639312514,3.0,0.0
0.005,0.0022380359424384,0.7440239520384,0.5235987755982988,0.5213607396558604,0.019432959327603288,6.56645356113404,3.0,0.0
0.006,0.0031290837986686464,0.8910478562302464,0.5235987755982988,0.5204696917996302,0.022868912220750468,6.299059768768677,3.0,0.0
0.007,0.004166567463473972,1.0374836648053254,0.5235987755982988,0.5194322081348248,0.026140729404536326,6.019974577837223,3.0,0.0
0.008,0.005349901193620076,1.1833337301461042,0.5235987755982988,0.5182488744046787,0.029260911194598175,5.762631778084318,3.0,0.0
0.009000000000000001,0.006678501588845596,1.3286003952255199,0.5235987755982988,0.5169202740094532,0.03222368575389614,5.494112635505817,3.0,0.0
0.01,0.008151787582490215,1.4732859936446179,0.5235987755982988,0.5154469880158086,0.03503640292082637,5.238072915078541,3.0,0.0
0.011,0.009769180432160254,1.6173928496700394,0.5235987755982988,0.5138295951661386,0.03768055347526953,4.947873765374036,3.0,0.0
0.012,0.011530103710431613,1.7609232782713593,0.5235987755982988,0.5120686718878672,0.040168367374861125,4.678906856139169,3.0,0.0
0.013000000000000001,0.013433983295589886,1.903879585158274,0.5235987755982988,0.510164792302709,0.04250353249046077,4.415814870531668,3.0,0.0
0.014,0.015480247362407527,2.046264066817641,0.5235987755982988,0.5081185282358913,0.04467310161551387,4.1285899331731475,3.0,0.0
0.015,0.0176683263729579,2.1880790105503705,0.5235987755982988,0.5059304492253409,0.0466885219436609,3.8611992003829707,3.0,0.0
0.016,0.019997653067466068,2.329326694508169,0.5235987755982988,0.5036011225308328,0.048553885519999215,3.6004238650089526,3.0,0.0
0.017,0.022467662455196206,2.4700093877301366,0.5235987755982988,0.5011311131431027,0.05025079343961709,3.305688222510257,3.0,0.0
0.018000000000000002,0.02507779180537542,2.610129350179216,0.5235987755982988,0.4985209837929234,0.05179652722044159,3.0413034415863143,3.0,0.0
0.019,0.027814244266616214,2.7364524612407926,0.5235987755982988,0.4957845313316826,0.05316843300057658,2.7352725692458715,2.7352725692458715,0.0
0.02,0.03066406607976887,2.8498218131526554,0.5235987755982988,0.49293470951852997,0.054398605338600754,2.4863032351365195,2.4863032351365195,0.0
0.021,0.033614907173733256,2.9508410939643848,0.5235987755982988,0.48998386842456554,0.055493551784359094,2.2483713612868033,2.2483713612868033,0.0
0.022,0.03665570226463724,3.0407950909039823,0.5235987755982988,0.4869430733336616,0.056467335422800816,2.0351472263090975,2.0351472263090975,0.0
0.023,0.03977482187191131,3.119119607274068,0.5235987755982988,0.48382395372638753,0.057313549969925486,1.809753934674029,1.809753934674029,0.0
0.024,0.04296371110172468,3.1888892298133715,0.5235987755982988,0.4806350644965741,0.058066100811763915,1.644922019367999,1.644922019367999,0.0
0.025,0.046213852437278574,3.2501413355538937,0.5235987755982988,0.4773849231610202,0.058725282390232995,1.4801532531955097,1.4801532531955097,0.0
0.026000000000000002,0.04951724305370037,3.3033906164217997,0.5235987755982988,0.47408153254459845,0.05929667879591236,1.324996924202427,1.324996924202427,0.0
0.027,0.05286606475194045,3.348821698240076,0.5235987755982988,0.47073271084635837,0.05978222422067674,1.1728928856792722,1.1728928856792722,0.0
0.028,0.056253844325309846,3.387779573369392,0.5235987755982988,0.467344931272989,0.060196712928345525,1.04706323844553,1.04706323844553,0.0
0.029,0.05967453784459796,3.4206935192881134,0.5235987755982988,0.46392423775370084,0.06054481138795896,0.9293012842439796,0.9293012842439796,0.0
0.03,0.06312264905745422,3.448111212856259,0.5235987755982988,0.4604761265408446,0.06083250407270476,0.8220093529059629,0.8220093529059629,0.0
0.031,0.06659209830312535,3.4694492456711226,0.5235987755982988,0.45700667729517347,0.061053250351354206,0.7026095533257664,0.7026095533257664,0.0
0.032,0.07008003015840089,3.487931855275546,0.5235987755982988,0.4535187454398979,0.061242691836110655,0.6472081317421625,0.6472081317421625,0.0
0.033,0.07358229838911447,3.50226823071358,0.5235987755982988,0.45001647720918436,0.061386486073230974,0.5657620571827285,0.5657620571827285,0.0
0.034,0.07709524908593293,3.5129506968184625,0.5235987755982988,0.4465035265123659,0.06149003086557922,0.49383078055473495,0.49383078055473495,0.0
0.035,0.08061446412706193,3.5192150411289953,0.5235987755982988,0.4429843114712369,0.06154480803324029,0.40632294195613067,0.40632294195613067,0.0
0.036000000000000004,0.0841365027008145,3.52203857375258,0.5235987755982988,0.4394622728974843,0.061561585770412486,0.3380078557620088,0.3380078557620088,0.0
0.037,0.0876593430906405,3.52284038982599,0.5235987755982988,0.4359394325076583,0.06155604088316392,0.2977994073684085,0.2977994073684085,0.0
0.038,0.09118082240644956,3.5214793158090645,0.5235987755982988,0.4324179531918493,0.06152658135210118,0.25460575084756887,0.25460575084756887,0.0
0.039,0.09469850918010339,3.5176867736538315,0.5235987755982988,0.42890026641819545,0.06147020162656077,0.20586750216006558,0.20586750216006558,0.0
0.04,0.09820927760309776,3.5107684229943703,0.5235987755982988,0.42538949799520104,0.0613791749897576,0.14304792870307795,0.14304792870307795,0.0
0.041,0.10171116381593284,3.501886212835078,0.5235987755982988,0.421887611782366,0.06126633365773816,0.10321727065370376,0.10321727065370376,0.0
0.042,0.10520257447045467,3.491410654521827,0.5235987755982988,0.41839620112784415,0.061135756407030735,0.0706397307617875,0.0706397307617875,0.0
0.043000000000000003,0.1086827049807189,3.480130510264228,0.5235987755982988,0.4149160706175799,0.06099616149577013,0.05370996720976329,0.05370996720976329,0.0
0.044,0.11214950535729121,3.4668003765723125,0.5235987755982988,0.41144927024100764,0.06083373875865322,0.011807766982823265,0.011807766982823265,0.0
0.045,0.11560176108666394,3.4522557293727325,0.5235987755982988,0.4079970145116349,0.060657717923385035,-0.013548913865816858,-0.013548913865816858,0.0
0.046,0.11903824219972015,3.436481113056213,0.5235987755982988,0.40456053339857867,0.06046791157568559,-0.039311867980574955,-0.039311867980574955,0.0
0.047,0.12245749559509898,3.4192533953788375,0.5235987755982988,0.4011412800031998,0.06026183100926928,-0.0696358645030114,-0.0696358645030114,0.0
0.048,0.12585903294040346,3.4015373453044764,0.5235987755982988,0.39773974265789536,0.06005014686250847,-0.08078072985691193,-0.08078072985691193,0.0
0.049,0.12924172826292749,3.382695322524022,0.5235987755982988,0.39435704733537136,0.05982578774766234,-0.10471746798472736,-0.10471746798472736,0.0
0.05,0.1326052442072873,3.363515944359811,0.5235987755982988,0.3909935313910115,0.059597477012914075,-0.11297193748230083,-0.11297193748230083,0.0
0.051000000000000004,0.13594876330912442,3.3435191018371055,0.5235987755982988,0.3876500122891744,0.05935989088550693,-0.13085557490532101,-0.13085557490532101,0.0
0.052000000000000005,0.13927148126531122,3.322717956186793,0.5235987755982988,0.3843272943329876,0.059113164658755234,-0.1485413848592812,-0.1485413848592812,0.0
0.053,0.14257421375302096,3.3027324877097293,0.5235987755982988,0.3810245618452779,0.05887523792394077,-0.13389193304633662,-0.13389193304633662,0.0
0.054,0.14585568366017782,3.2814699071568616,0.5235987755982988,0.377743091938121,0.05862293365709297,-0.16103301204057108,-0.16103301204057108,0.0
0.055,0.14911555763918893,3.2598739790111124,0.5235987755982988,0.3744832179591099,0.058366692306052584,-0.16940097034243717,-0.16940097034243717,0.0
0.056,0.15235355958596436,3.2380019467754186,0.5235987755982988,0.37124521601233446,0.0581071442795023,-0.1766507263929899,-0.1766507263929899,0.0
0.057,0.1555691190384758,3.2155594525114646,0.5235987755982988,0.368029656559823,0.057841024916103656,-0.1898097295370486,-0.1898097295370486,0.0
0.058,0.1587608477723603,3.1917287338844935,0.5235987755982988,0.3648379278259385,0.05755926605686874,-0.21936961633850605,-0.21936961633850605,0.0
0.059000000000000004,0.16193010440237557,3.169256630015261,0.5235987755982988,0.3616686711959233,0.057292285387085785,-0.19410377867388545,-0.19410377867388545,0.0
0.06,0.1650754963697645,3.145391967388931,0.5235987755982988,0.35852327922853433,0.05700961826849253,-0.22375272212538955,-0.22375272212538955,0.0
0.061,0.1681986016718213,3.123105302056779,0.5235987755982988,0.3554001739264775,0.056744161182290656,-0.1941019492519258,-0.1941019492519258,0.0
0.062,0.17129835026398435,3.0997485921630554,0.5235987755982988,0.3523004253343145,0.05646659521020125,-0.21728577370992608,-0.21728577370992608,0.0
0.063,0.17437432256240554,3.075972298421191,0.5235987755982988,0.3492244530358933,0.05618411378997119,-0.22754598746424537,-0.22754598746424537,0.0
0.064,0.17742620119773503,3.051878635329505,0.5235987755982988,0.3461725744005638,0.05589784451190478,-0.23579547796002331,-0.23579547796002331,0.0
0.065,0.18045390321336574,3.027702015630706,0.5235987755982988,0.3431448723849331,0.05561038117356176,-0.23938210314961694,-0.23938210314961694,0.0
0.066,0.18345739764775726,3.0034944343915173,0.5235987755982988,0.34014137795054156,0.05532229952846418,-0.24193546353332357,-0.24193546353332357,0.0
0.067,0.18643744510053487,2.980047452777613,0.5235987755982988,0.337161330497764,0.05504237067795499,-0.22866007752676654,-0.22866007752676654,0.0
0.068,0.18939410546533222,2.956660364797348,0.5235987755982988,0.3342046701329666,0.054762841693593294,-0.2293379633830882,-0.2293379633830882,0.0
0.069,0.19232654649341133,2.9324410280790913,0.5235987755982988,0.3312722291048875,0.054473828888247415,-0.24785390518134898,-0.24785390518134898,0.0
0.07,0.19523552249517112,2.9089760017597905,0.5235987755982988,0.3283632531031277,0.05419290124914441,-0.2347052441396908,-0.2347052441396908,0.0
0.07100000000000001,0.1981217577666668,2.8862352714956674,0.5235987755982988,0.325477017831632,0.0539197372428356,-0.222096525141679,-0.222096525141679,0.0
0.07200000000000001,0.20098515374832565,2.863395981658857,0.5235987755982988,0.32261362184997316,0.05364522995129503,-0.22588697501655436,-0.22588697501655436,0.0
0.073,0.20382559231483305,2.8404385665073906,0.5235987755982988,0.31977318328346577,0.05336916193231825,-0.2300766244966202,-0.2300766244966202,0.0
0.074,0.20664222483224343,2.8166325174103863,0.5235987755982988,0.3169565507660554,0.053083437995320414,-0.24888589661949584,-0.24888589661949584,0.0
0.075,0.20943541348673078,2.7931886544873525,0.5235987755982988,0.31416336211156803,0.052801463564824874,-0.24354665706784373,-0.24354665706784373,0.0
0.076,0.21220493537400104,2.769521887270241,0.5235987755982988,0.3113938402242978,0.052516761310083954,-0.24988025198324204,-0.24988025198324204,0.0
0.077,0.21495165456281706,2.7467191888160167,0.5235987755982988,0.30864712103548175,0.05224137293077465,-0.2344922181028658,-0.2344922181028658,0.0
0.078,0.21767529914257777,2.7236445797606996,0.5235987755982988,0.30592347645572104,0.05196272389440073,-0.24175464600106356,-0.24175464600106356,0.0
0.079,0.22037571348977228,2.7004143471945006,0.5235987755982988,0.30322306210852656,0.05168209968142836,-0.24671308494312727,-0.24671308494312727,0.0
0.08,0.22305365626858129,2.677942778809016,0.5235987755982988,0.3005451193297175,0.05140962947736117,-0.2333982199341314,-0.2333982199341314,0.0
0.081,0.22570876112644364,2.6551048578623497,0.5235987755982988,0.29789001447185515,0.05113285876045512,-0.24252299662861126,-0.24252299662861126,0.0
0.082,0.2283418992122047,2.6331380857610585,0.5235987755982988,0.2952568763860941,0.05086549513319799,-0.2269270533968341,-0.2269270533968341,0.0
0.083,0.2309529846190248,2.611085406820081,0.5235987755982988,0.292645790979274,0.05059694665251951,-0.23040253195867155,-0.23040253195867155,0.0
0.084,0.23354215524325325,2.5891706242284425,0.5235987755982988,0.29005662035504554,0.05032969260678557,-0.2294088192871619,-0.2294088192871619,0.0
0.085,0.2361100532945392,2.5678980512859555,0.5235987755982988,0.2874887223037596,0.05006932348105405,-0.21831780891146524,-0.21831780891146524,0.0
0.08600000000000001,0.2386557043191041,2.5456510245648887,0.5235987755982988,0.2849430712791947,0.04979793549893564,-0.2395086903184582,-0.2395086903184582,0.0
0.08700000000000001,0.24117990186939242,2.5241975502883074,0.5235987755982988,0.2824188737289064,0.04953510609114555,-0.22541740356643125,-0.22541740356643125,0.0
0.088,0.24368247613182845,2.5025742624360174,0.5235987755982988,0.27991629946647034,0.04927017230528491,-0.2305299530227326,-0.2305299530227326,0.0
0.089,0.2461632969802254,2.480820848396957,0.5235987755982988,0.2774354786180734,0.0490035721937543,-0.23486233978632576,-0.23486233978632576,0.0
0.09,0.24862257842911528,2.459281448889865,0.5235987755982988,0.27497619716918353,0.048739117798608116,-0.23232232227008578,-0.23232232227008578,0.0
0.091,0.25106037096014294,2.4377925310276707,0.5235987755982988,0.2725384046381559,0.04847500066269358,-0.23303584133269573,-0.23303584133269573,0.0
0.092,0.2534773550755802,2.4169841154372564,0.5235987755982988,0.2701214205227186,0.048218202927159205,-0.22114490932606845,-0.22114490932606845,0.0
0.093,0.2558738873594551,2.396532283874891,0.5235987755982988,0.2677248882388437,0.047965145355608994,-0.21567790201233528,-0.21567790201233528,0.0
0.094,0.2582498853587858,2.3759979993307048,0.5235987755982988,0.265348890239513,0.04771096871574652,-0.21896310817372916,-0.21896310817372916,0.0
0.095,0.26060651831605797,2.3566329572721716,0.5235987755982988,0.26299225728224085,0.04746954165491386,-0.19722100122420289,-0.19722100122420289,0.0
0.096,0.2629436981855489,2.337179869490961,0.5235987755982988,0.2606550774127499,0.047226949506815795,-0.20053111904243892,-0.20053111904243892,0.0
0.097,0.2652614319408324,2.317733755283489,0.5235987755982988,0.2583373436574664,0.046984244441927024,-0.2019478945901546,-0.2019478945901546,0.0
0.098,0.26755961324209715,2.298181301264734,0.5235987755982988,0.25603916235620167,0.04674017153214195,-0.2056303799524235,-0.2056303799524235,0.0
0.099,0.2698374843905295,2.277871148432339,0.5235987755982988,0.2537612912077693,0.04648751257911844,-0.2223485525467213,-0.2223485525467213,0.0
0.1,0.2720960742232476,2.25858983271812,0.5235987755982988,0.2515027013750512,0.04624605319667779,-0.20339662240979486,-0.20339662240979486,0.0
0.101,0.2743351766944825,2.23910247123489,0.5235987755982988,0.24926359890381633,0.0460021250476304,-0.20906004304714823,-0.20906004304714823,0.0
0.10200000000000001,0.27655389401067765,2.2187173161951805,0.5235987755982988,0.24704488158762117,0.045748061043013474,-0.22857490309539946,-0.22857490309539946,0.0
0.10300000000000001,0.2787535251086412,2.1996310979635774,0.5235987755982988,0.2448452504896576,0.04550818997123978,-0.2042269793364472,-0.2042269793364472,0.0
0.10400000000000001,0.2809335316120622,2.180006503420998,0.5235987755982988,0.24266524398623662,0.04526217204721169,-0.2165214030144999,-0.2165214030144999,0.0
0.105,0.28309518059046485,2.161648978402639,0.5235987755982988,0.24050359500783397,0.045030005376669,-0.19274998009349564,-0.19274998009349564,0.0
0.106,0.28523812468837356,2.142944097908705,0.5235987755982988,0.23836065090992525,0.04479381938304584,-0.20116569160646294,-0.20116569160646294,0.0
0.107,0.2873629897244201,2.1248650360465096,0.5235987755982988,0.23623578587387872,0.04456439289754642,-0.19014570941121256,-0.19014570941121256,0.0
0.108,0.289469503178933,2.1065134545129105,0.5235987755982988,0.23412927241936582,0.04433178104586997,-0.19704242778825887,-0.19704242778825887,0.0
0.109,0.2915570725725177,2.087569393584668,0.5235987755982988,0.23204170302578114,0.04409243531322002,-0.21036014220381025,-0.21036014220381025,0.0
0.11,0.2936275340913431,2.070461518825473,0.5235987755982988,0.2299712415069557,0.04387325851529025,-0.17515194369713047,-0.17515194369713047,0.0
0.111,0.29567958844837844,2.052054357035304,0.5235987755982988,0.22791918714992038,0.0436395340793491,-0.20250631429734112,-0.20250631429734112,0.0
0.112,0.297713554430294,2.033965981915548,0.5235987755982988,0.2258852211680048,0.043409173511909184,-0.1976031538323038,-0.1976031538323038,0.0
0.113,0.2997301348938898,2.016580463595769,0.5235987755982988,0.22386864070440904,0.04318643724852864,-0.18499308784233254,-0.18499308784233254,0.0
0.114,0.30172999352548585,1.9998586315960598,0.5235987755982988,0.22186878207281296,0.04297090129886151,-0.1731102029065254,-0.1731102029065254,0.0
0.115,0.30371225202083924,1.9822584953533684,0.5235987755982988,0.21988652357745958,0.042745489364888964,-0.19201403432614556,-0.19201403432614556,0.0
0.116,0.3056774607095898,1.9652086887505589,0.5235987755982988,0.21792131488870903,0.042526019614610645,-0.1824154524279229,-0.1824154524279229,0.0
0.117,0.3076252725728071,1.9478118632172705,0.5235987755982988,0.21597350302549173,0.042302557058578084,-0.19071981556572248,-0.19071981556572248,0.0
0.11800000000000001,0.309555997908118,1.9307253353109328,0.5235987755982988,0.21404277769018082,0.04208238066280952,-0.18590560906937253,-0.18590560906937253,0.0
0.11900000000000001,0.3114688026382428,1.9128047301248081,0.5235987755982988,0.21212997296005603,0.04185281502280305,-0.20395407689761888,-0.20395407689761888,0.0
0.12,0.31336509737611673,1.8962947378739594,0.5235987755982988,0.21023367822218209,0.04163872109387175,-0.17717546660698763,-0.17717546660698763,0.0
0.121,0.31524550959967684,1.880412223560094,0.5235987755982988,0.20835326599862197,0.04143144114222812,-0.1659467072473924,-0.1659467072473924,0.0
0.122,0.3171093689344044,1.8638593347275563,0.5235987755982988,0.20648940666389443,0.04121660346661754,-0.1806247987659445,-0.1806247987659445,0.0
0.123,0.31895681041735197,1.8474414829475874,0.5235987755982988,0.20464196518094685,0.04100312351860964,-0.1792482888211753,-0.1792482888211753,0.0
0.124,0.32078727644530197,1.8304660279499951,0.5235987755982988,0.20281149915299684,0.04078332883777358,-0.19171378131603817,-0.19171378131603817,0.0
0.125,0.3226013206113005,1.814044165998509,0.5235987755982988,0.20099745498699834,0.040569524626702894,-0.18199995679372422,-0.18199995679372422,0.0
0.126,0.3243994288067539,1.7981081954533988,0.5235987755982988,0.19919934679154494,0.04036096867060548,-0.17359587762232132,-0.17359587762232132,0.0
0.127,0.326181055501069,1.781626694315116,0.5235987755982988,0.1974177200972298,0.040146239468122145,-0.18578136712938376,-0.18578136712938376,0.0
0.128,0.3279480850298608,1.7670295287917408,0.5235987755982988,0.19565069056843803,0.03995225366631444,-0.14941317492229478,-0.14941317492229478,0.0
0.129,0.32970022297189105,1.752137942030254,0.5235987755982988,0.19389855262640776,0.03975489597032665,-0.15646937292639568,-0.15646937292639568,0.0
0.13,0.331437739193888,1.7375162219969462,0.5235987755982988,0.1921610364044108,0.03956041516968656,-0.1522633653037384,-0.1522633653037384,0.0
0.131,0.3331603704891074,1.7226312952193685,0.5235987755982988,0.1904384051091914,0.039362908624733524,-0.1586972377917992,-0.1586972377917992,0.0
0.132,0.33486884844058545,1.7084779514780581,0.5235987755982988,0.18872992715771336,0.039173395652804255,-0.1452563712086577,-0.1452563712086577,0.0
0.133,0.33656195851580056,1.6931100752151087,0.5235987755982988,0.18703681708249825,0.03897032292848029,-0.17067928914074507,-0.17067928914074507,0.0
0.134,0.33824041614358263,1.6784576277820755,0.5235987755982988,0.18535835945471618,0.03877505879701998,-0.15760014264345668,-0.15760014264345668,0.0
0.135,0.339905128342063,1.664712198480358,0.5235987755982988,0.18369364725623583,0.03858973620987489,-0.14063197581178696,-0.14063197581178696,0.0
0.136,0.34155585554288403,1.6507272008210656,0.5235987755982988,0.18204292005541478,0.038401663268957,-0.14652297730741515,-0.14652297730741515,0.0
0.137,0.3431918395753801,1.6359840324960522,0.5235987755982988,0.18040693602291874,0.03820509068902383,-0.1628051904345815,-0.1628051904345815,0.0
0.138,0.34481290912003365,1.6210695446535928,0.5235987755982988,0.17878586647826517,0.03800651091744786,-0.16741103424950562,-0.16741103424950562,0.0
0.139,0.34641851981545735,1.6056106954237221,0.5235987755982988,0.17718025578284147,0.03780178849328589,-0.17949142102512586,-0.17949142102512586,0.0
0.14,0.3480083403752032,1.5898205597458175,0.5235987755982988,0.17559043522309564,0.037593277246532074,-0.1873538579241975,-0.1873538579241975,0.0
0.14100000000000001,0.34958423385632853,1.5758934811253438,0.5235987755982988,0.17401454174197029,0.037405287044946216,-0.15135592762980912,-0.15135592762980912,0.0
0.14200000000000002,0.35114721266996424,1.5629788136357128,0.5235987755982988,0.17245156292833458,0.03722841817706404,-0.13222187130259286,-0.13222187130259286,0.0
0.14300000000000002,0.35269804118870257,1.550828518738343,0.5235987755982988,0.17090073440959624,0.03705993635781648,-0.11796759285653663,-0.11796759285653663,0.0
0.14400000000000002,0.3542351907585657,1.537149569863115,0.5235987755982988,0.16936358483973313,0.036874444735769625,-0.14951269600549208,-0.14951269600549208,0.0
0.145,0.3557594753057119,1.5242845471461854,0.5235987755982988,0.16783930029258692,0.03669787924411955,-0.13432848874954278,-0.13432848874954278,0.0
0.146,0.35727071218051043,1.5112368747985487,0.5235987755982988,0.16632806341778839,0.03651920884001892,-0.13901068318103812,-0.13901068318103812,0.0
0.147,0.35876911930392874,1.4984071234183252,0.5235987755982988,0.16482965629437007,0.03634286971435649,-0.13569607762058564,-0.13569607762058564,0.0
0.148,0.36025448299248736,1.4853636885586177,0.5235987755982988,0.16334429260581146,0.036164082747103046,-0.14099612732068179,-0.14099612732068179,0.0
0.149,0.36172615511772865,1.471672125241278,0.5235987755982988,0.16187262048057016,0.035978031453475556,-0.15500217126210397,-0.15500217126210397,0.0
0.15,0.36318488973438967,1.4587346166610191,0.5235987755982988,0.16041388586390914,0.03580024388624384,-0.14101640158587717,-0.14101640158587717,0.0
0.151,0.36463100745007343,1.446117715683772,0.5235987755982988,0.15896776814822539,0.03562592783657997,-0.13563925021206305,-0.13563925021206305,0.0
0.152,0.3660651623096173,1.4341548595438391,0.5235987755982988,0.15753361328868154,0.03545878249324099,-0.1235677055439543,-0.1235677055439543,0.0
0.153,0.3674878071952672,1.4226448856499363,0.5235987755982988,0.15611096840303162,0.03529658803253143,-0.11546708911454964,-0.11546708911454964,0.0
0.154,0.3688982104716781,1.410403276410878,0.5235987755982988,0.15470056512662073,0.035126225963782495,-0.13102059392917031,-0.13102059392917031,0.0
0.155,0.37029619249024115,1.3979820185630842,0.5235987755982988,0.15330258310805767,0.03495380268142132,-0.1355928948430038,-0.1355928948430038,0.0
0.156,0.37168072371048355,1.3845312202423823,0.5235987755982988,0.15191805188781526,0.034769898848548135,-0.15717740492899315,-0.15717740492899315,0.0
0.157,0.37305305809012534,1.3723343796418206,0.5235987755982988,0.15054571750817347,0.03459980255567579,-0.13317431439184138,-0.13317431439184138,0.0
0.158,0.37441277472451606,1.3597166343907414,0.5235987755982988,0.14918600087378275,0.034424973100036664,-0.14256815465023606,-0.14256815465023606,0.0
0.159,0.37576097119013346,1.3481964656173782,0.5235987755982988,0.14783780440816535,0.0342622302134903,-0.12162604471600702,-0.12162604471600702,0.0
0.16,0.3770981511814458,1.3371799913123221,0.5235987755982988,0.14650062441685302,0.034105008651208205,-0.11247376885172988,-0.11247376885172988,0.0
0.161,0.3784242097467612,1.3260585653154386,0.5235987755982988,0.1451745658515376,0.033946571441297556,-0.11545412063268368,-0.11545412063268368,0.0
0.162,0.37973904691043436,1.3148371636731666,0.5235987755982988,0.14385972868786445,0.03378697243585341,-0.11834334762020629,-0.11834334762020629,0.0
0.163,0.3810409330667975,1.301886156363127,0.5235987755982988,0.14255784253150133,0.03360815357973916,-0.15383317310694117,-0.15383317310694117,0.0
0.164,0.38233196277968773,1.2910297128902217,0.5235987755982988,0.1412668128186111,0.03345246452442185,-0.1129779769490544,-0.1129779769490544,0.0
0.165,0.3836111423953799,1.2791796156922095,0.5235987755982988,0.1399876332029189,0.03328571555514144,-0.1337195669290257,-0.1337195669290257,0.0
0.166,0.3848797207341375,1.2685783387576113,0.5235987755982988,0.1387190548641613,0.033132740625937955,-0.10969116943658838,-0.10969116943658838,0.0
0.167,0.3861365869567473,1.2568662226097813,0.5235987755982988,0.13746218864155152,0.0329674111195747,-0.1327560558559922,-0.1327560558559922,0.0
0.168,0.3873822405471636,1.2456535904162989,0.5235987755982988,0.13621653505113523,0.032807554941370415,-0.12370334606086433,-0.12370334606086433,0.0
0.169,0.38861714020560384,1.2348996584402423,0.5235987755982988,0.13498163539269498,0.03265272717018223,-0.1154263522878281,-0.1154263522878281,0.0
0.17,0.3898412961767767,1.2241559711728784,0.5235987755982988,0.1337574794215221,0.03249796517100053,-0.11608177267205932,-0.11608177267205932,0.0
0.171,0.3910551853971645,1.2138892203877676,0.5235987755982988,0.13254359020113432,0.032348440315674555,-0.10740253800838528,-0.10740253800838528,0.0
0.17200000000000001,0.3922581680867618,1.2029826895972653,0.5235987755982988,0.13134060751153703,0.03219178564544885,-0.1210194781790252,-0.1210194781790252,0.0
0.17300000000000001,0.39345093219154703,1.192764104785259,0.5235987755982988,0.13014784340675178,0.03204270419985351,-0.10813308107234285,-0.10813308107234285,0.0
0.17400000000000002,0.39463402790834423,1.183095716797208,0.5235987755982988,0.12896474768995458,0.03189967918468593,-0.09794663137819881,-0.09794663137819881,0.0
0.17500000000000002,0.3958075095037425,1.1734815953982671,0.5235987755982988,0.12779126609455632,0.0317572231367311,-0.09763477063504336,-0.09763477063504336,0.0
0.176,0.3969704863172693,1.162976813526809,0.5235987755982988,0.12662828928102954,0.03160486677912392,-0.11621710979729888,-0.11621710979729888,0.0
0.177,0.3981221844793446,1.151698162075335,0.5235987755982988,0.1254765911189542,0.03144389214319985,-0.1325348839473336,-0.1325348839473336,0.0
0.178,0.39926368935653445,1.141504877189809,0.5235987755982988,0.12433508624176437,0.03129488975790318,-0.1117298447444941,-0.1117298447444941,0.0
0.179,0.40039527580347684,1.131586446942386,0.5235987755982988,0.12320349979482198,0.031148893822411323,-0.10704821477327794,-0.10704821477327794,0.0
0.18,0.40151677028938154,1.1214944859047318,0.5235987755982988,0.12208200530891727,0.031000939930937776,-0.1113123049976929,-0.1113123049976929,0.0
0.181,0.402627634498307,1.1108642089254785,0.5235987755982988,0.1209711410999918,0.030846983875332582,-0.12288598071268589,-0.12288598071268589,0.0
0.182,0.4037287144403987,1.1010799420916604,0.5235987755982988,0.11987006115790011,0.030702357216419014,-0.10681619996232547,-0.10681619996232547,0.0
0.183,0.40482049828180555,1.0917838414068535,0.5235987755982988,0.11877827731649326,0.030563106576856187,-0.09783561832880569,-0.09783561832880569,0.0
0.184,0.4059020831564916,1.0815848746860788,0.5235987755982988,0.1176966924418072,0.030413825601794012,-0.11663662710294351,-0.11663662710294351,0.0
0.185,0.40697403898114537,1.0719558246537457,0.5235987755982988,0.11662473661715345,0.030270820982026287,-0.10605421067177287,-0.10605421067177287,0.0
0.186,0.4080357661100603,1.0617271289149324,0.5235987755982988,0.1155630094882385,0.03012114145088274,-0.11881744880396658,-0.11881744880396658,0.0
0.187,0.40908827678589144,1.0525106758311322,0.5235987755982988,0.11451049881240738,0.029982639180180678,-0.09939089136280982,-0.09939089136280982,0.0
0.188,0.4101325320641476,1.044255278256192,0.5235987755982988,0.11346624353415119,0.02985476090132571,-0.08090709743231533,-0.08090709743231533,0.0
0.189,0.4111686146281513,1.0360825640036648,0.5235987755982988,0.11243016097014752,0.029727787124430045,-0.07991386279004864,-0.07991386279004864,0.0
0.19,0.41219461274347363,1.025998115322359,0.5235987755982988,0.11140416285482518,0.029579620196935323,-0.11880236850582246,-0.11880236850582246,0.0
0.191,0.41321065322757994,1.0160404841063118,0.5235987755982988,0.11038812237071888,0.02943282192763902,-0.11707277509515512,-0.11707277509515512,0.0
0.192,0.41421810343446125,1.0074502068813207,0.5235987755982988,0.10938067216383757,0.02930113970303541,-0.09052230577131537,-0.09052230577131537,0.0
0.193,0.4152171410220547,0.9990375875934532,0.5235987755982988,0.10838163457624411,0.02917141002562709,-0.08765636920684433,-0.08765636920684433,0.0
0.194,0.41620664290645604,0.989501884401324,0.5235987755982988,0.10739213269184278,0.029029222708749945,-0.11079105683510776,-0.11079105683510776,0.0
0.195,0.4171883761732088,0.9817332667527877,0.5235987755982988,0.10641039942509001,0.028906586522732012,-0.07621220221862018,-0.07621220221862018,0.0
0.196,0.41816219976974495,0.9738235965361197,0.5235987755982988,0.10543657582855387,0.028782382824334894,-0.07965474299313788,-0.07965474299313788,0.0
0.197,0.41912715595879835,0.9649561890534044,0.5235987755982988,0.10447161963950047,0.028647560566133736,-0.09944226193141575,-0.09944226193141575,0.0
0.198,0.4200840040529816,0.9568480941832469,0.5235987755982988,0.10351477154531724,0.028521132197651993,-0.08496540227887683,-0.08496540227887683,0.0
0.199,0.4210325403894963,0.9485363365147257,0.5235987755982988,0.10256623520880254,0.02839243803320655,-0.08968730583576529,-0.08968730583576529,0.0
0.2,0.42197293108708706,0.9403906975908007,0.5235987755982988,0.10162584451121176,0.02826557262504957,-0.08702987155732053,-0.08702987155732053,0.0
0.201,0.42290491752080006,0.9319864337129834,0.5235987755982988,0.10069385807749875,0.028135831968609498,-0.092854021749083,-0.092854021749083,0.0
0.202,0.4238279123532053,0.9229948324052621,0.5235987755982988,0.09977086324509349,0.027999570322459675,-0.10527311145738572,-0.10527311145738572,0.0
0.203,0.42474289230422385,0.9149799510185407,0.5235987755982988,0.09885588329407496,0.027874109994063936,-0.08645804114200806,-0.08645804114200806,0.0
0.20400000000000001,0.42564957214753407,0.9066798433102065,0.5235987755982988,0.09794920345076474,0.027745481568548412,-0.09280375808520214,-0.09280375808520214,0.0
0.20500000000000002,0.42654974485024344,0.9001727027093858,0.5235987755982988,0.09704903074805538,0.027636708254202516,-0.057608424551597426,-0.057608424551597426,0.0
0.20600000000000002,0.4274420855486905,0.8923406984470461,0.5235987755982988,0.0961566900496083,0.027513267916085587,-0.08462626903004289,-0.08462626903004289,0.0
0.20700000000000002,0.4283271578724227,0.8850723237321927,0.5235987755982988,0.09527161772587611,0.027396067595863022,-0.07398023842130408,-0.07398023842130408,0.0
0.20800000000000002,0.42920521518460164,0.8780573121789139,0.5235987755982988,0.09439356041369718,0.027281677134286118,-0.06949444516699904,-0.06949444516699904,0.0
0.209,0.4300760414570799,0.870826272478259,0.5235987755982988,0.09352273414121892,0.027164898965471595,-0.07437620903878556,-0.07437620903878556,0.0
0.21,0.4309393175112732,0.8632760541932659,0.5235987755982988,0.09265945808702564,0.02704458718778242,-0.08133826390160032,-0.08133826390160032,0.0
0.211,0.4317943139958033,0.8549964845301339,0.5235987755982988,0.0918044616024955,0.02691619259228874,-0.09652930892717917,-0.09652930892717917,0.0
0.212,0.43264257464320716,0.8482606474038177,0.5235987755982988,0.09095620095509166,0.026804891768618184,-0.06631702376391418,-0.06631702376391418,0.0
0.213,0.43348323902482844,0.8406643816212757,0.5235987755982988,0.09011553657347038,0.026684066880694846,-0.08406446385853458,-0.08406446385853458,0.0
0.214,0.4343167102802702,0.8334712554417348,0.5235987755982988,0.08928206531802863,0.026567706931961,-0.07660937306111346,-0.07660937306111346,0.0
0.215,0.4351429369027538,0.8262266224835986,0.5235987755982988,0.08845583869554502,0.026450779788810202,-0.07821495872738679,-0.07821495872738679,0.0
0.216,0.43596113767508765,0.8182007723338783,0.5235987755982988,0.08763763792321116,0.026325199305630275,-0.0944188731957172,-0.0944188731957172,0.0
0.217,0.43677173965194666,0.8106019768590303,0.5235987755982988,0.08682703594635216,0.0262043428822295,-0.08651984771024945,-0.08651984771024945,0.0
0.218,0.43757433995194667,0.8026003000000008,0.5235987755982988,0.08602443564635215,0.026079020392787387,-0.09518537903186844,-0.09518537903186844,0.0
0.219,0.43837002191975116,0.7956819678045184,0.5235987755982988,0.08522875367854765,0.02596569423108457,-0.07415861990964967,-0.07415861990964967,0.0
0.22,0.43915917593409204,0.789154014340854,0.5235987755982988,0.08443959966420678,0.025856700888699888,-0.06690451184892784,-0.06690451184892784,0.0
0.221,0.43994152279411125,0.7823468600192108,0.5235987755982988,0.08365725280418757,0.02574462650103834,-0.0730107652855955,-0.0730107652855955,0.0
0.222,0.4407168173672592,0.7752945731479445,0.5235987755982988,0.08288195823103961,0.025629844716479347,-0.07845798862379091,-0.07845798862379091,0.0
0.223,0.4414851774094181,0.768360042158885,0.5235987755982988,0.0821135981888807,0.02551637309458918,-0.07666705392935474,-0.07666705392935474,0.0
0.224,0.442247467862504,0.7622904530859236,0.5235987755982988,0.0813513077357948,0.025412492294833243,-0.05992297808651678,-0.05992297808651678,0.0
0.225,0.44300294419330444,0.7554763308004292,0.5235987755982988,0.08059583140499438,0.025300380565782172,-0.075299209463014,-0.075299209463014,0.0
0.226,0.44375158836692014,0.7486441736156992,0.5235987755982988,0.07984718723137868,0.025188077551898808,-0.07620503723056446,-0.07620503723056446,0.0
0.227,0.44449203334633214,0.7404449794119871,0.5235987755982988,0.07910674225196668,0.025060635591818762,-0.10409235018498786,-0.10409235018498786,0.0
0.228,0.44522488908127805,0.7328557349459326,0.5235987755982988,0.07837388651702076,0.024939941703216423,-0.09254929096813125,-0.09254929096813125,0.0
0.229,0.44595203169249537,0.7271426112173199,0.5235987755982988,0.07764674390580345,0.024840033822721874,-0.05563401577657767,-0.05563401577657767,0.0
0.23,0.4466730931400312,0.7210614475358276,0.5235987755982988,0.07692568245826764,0.02473607147710078,-0.06345186473246225,-0.06345186473246225,0.0
0.231,0.44738884096865744,0.7157478286262415,0.5235987755982988,0.07620993462964137,0.024640632241768726,-0.048587462388855376,-0.048587462388855376,0.0
0.232,0.44809868547844,0.7098445097825883,0.5235987755982988,0.07550009011985881,0.024538687803102904,-0.06080655058296494,-0.06080655058296494,0.0
0.233,0.4488020740288861,0.7033885504461074,0.5235987755982988,0.0747967015694127,0.024430640675699843,-0.07233162594701217,-0.07233162594701217,0.0
0.234,0.4494985193223678,0.6964452934816674,0.5235987755982988,0.07410025627593103,0.024317207291416402,-0.08259405525311213,-0.08259405525311213,0.0
0.23500000000000001,0.4501893637031699,0.6908443808021465,0.5235987755982988,0.0734094118951289,0.024218654013538857,-0.056302630111885674,-0.056302630111885674,0.0
0.23600000000000002,0.45087456441400414,0.6852007108342276,0.5235987755982988,0.07272421118429467,0.024119651731565505,-0.05760584889420495,-0.05760584889420495,0.0
0.23700000000000002,0.45155507468046474,0.6805102664606026,0.5235987755982988,0.07204370091783407,0.02403123561563,-0.03899283060576185,-0.03899283060576185,0.0
0.23800000000000002,0.4522295727051958,0.674498024731059,0.5235987755982988,0.071369202893103,0.02392821057886979,-0.0658040132740253,-0.0658040132740253,0.0
0.23900000000000002,0.4528986792971547,0.6691065919589171,0.5235987755982988,0.0707000963011441,0.023832083229086577,-0.053868813464353155,-0.053868813464353155,0.0
0.24,0.4535620596638074,0.6633803666527148,0.5235987755982988,0.0700367159344914,0.023732273592015792,-0.060995978767331746,-0.060995978767331746,0.0
0.241,0.4542199684864924,0.6579088226849531,0.5235987755982988,0.06937880711180644,0.023635308595903275,-0.056360450023016956,-0.056360450023016956,0.0
0.242,0.4548719291199518,0.6519606334593787,0.5235987755982988,0.06872684647834704,0.023533088306885986,-0.06633107869669222,-0.06633107869669222,0.0
0.243,0.45551905400007675,0.6471248801249551,0.5235987755982988,0.06807972159822206,0.023443213704367343,-0.044558216011722274,-0.044558216011722274,0.0
0.244,0.45616112605486,0.6420720547832464,0.5235987755982988,0.06743764954343884,0.023350968504951268,-0.04928651642417847,-0.04928651642417847,0.0
0.245,0.45679586898192226,0.6347429270622934,0.5235987755982988,0.06680290661637656,0.02323353269743816,-0.0952167900364002,-0.0952167900364002,0.0
0.246,0.45742563862830127,0.6297696463790268,0.5235987755982988,0.06617313696999755,0.023142200928469994,-0.04868617950035019,-0.04868617950035019,0.0
0.247,0.45805030608558867,0.6246674572873814,0.5235987755982988,0.06554846951271015,0.023049473385663936,-0.05166221012258533,-0.05166221012258533,0.0
0.248,0.4586680296255332,0.6177235399445518,0.5235987755982988,0.0649307459727656,0.022936369608820766,-0.08890495027360212,-0.08890495027360212,0.0
0.249,0.4592783164349984,0.6102868094651964,0.5235987755982988,0.06432045916330043,0.02281781084182041,-0.09931672639154167,-0.09931672639154167,0.0
0.25,0.4598839656986902,0.6056492636918311,0.5235987755982988,0.0637148098996086,0.022730266783693432,-0.043927970710090386,-0.043927970710090386,0.0
0.251,0.46048444919908166,0.6004835003914605,0.5235987755982988,0.06311432639921716,0.022636906861903665,-0.05486332491206575,-0.05486332491206575,0.0
0.252,0.46107934969812814,0.5949004990464586,0.5235987755982988,0.06251942590017068,0.022538953465129016,-0.06362134686872169,-0.06362134686872169,0.0
0.253,0.4616678653990951,0.5885157009669783,0.5235987755982988,0.061930910199203715,0.02243213978701736,-0.08010392166588999,-0.08010392166588999,0.0
0.254,0.4622518574303366,0.5839920312414946,0.5235987755982988,0.06134691816796223,0.0223459609297501,-0.04339213843231618,-0.04339213843231618,0.0
0.255,0.46283084171848965,0.57898428815307,0.5235987755982988,0.060767933879809166,0.02225445660624987,-0.0534354992691706,-0.0534354992691706,0.0
0.256,0.4634042050275834,0.5733633090937554,0.5235987755982988,0.06019457057071542,0.02215618894909458,-0.06610083813404524,-0.06610083813404524,0.0
0.257,0.46397225444159335,0.5680494140099378,0.5235987755982988,0.05962652115670547,0.022061346964776397,-0.06040883694885246,-0.06040883694885246,0.0
0.258,0.4645355678856954,0.5633134441020257,0.5235987755982988,0.05906320771260343,0.02197293578479782,-0.04927544503744741,-0.04927544503744741,0.0
0.259,0.46509401022461905,0.5584423389236829,0.5235987755982988,0.05850476537367977,0.02188306226293484,-0.05235702803869266,-0.05235702803869266,0.0
0.26,0.4656483968514248,0.5543866268057365,0.5235987755982988,0.05795037874687403,0.021802256630491786,-0.03643885524503297,-0.03643885524503297,0.0
0.261,0.46619797334093543,0.549576489510634,0.5235987755982988,0.05740080225736338,0.021713135800070706,-0.051851815757590874,-0.051851815757590874,0.0
0.262,0.4667427917506197,0.5448184096842921,0.5235987755982988,0.05685598384767909,0.021624625464133674,-0.051195477365988146,-0.051195477365988146,0.0
0.263,0.4672825709200385,0.5397791694187788,0.5235987755982988,0.05631620467826032,0.021533034073631628,-0.05719933253552148,-0.05719933253552148,0.0
0.264,0.4678178693526467,0.5352984326082066,0.5235987755982988,0.05578090624565213,0.02144766145699667,-0.046432402657941435,-0.046432402657941435,0.0
0.265,0.46834805453827355,0.5301851856268555,0.5235987755982988,0.055250721060025265,0.021355318314446335,-0.0594410650183676,-0.0594410650183676,0.0
0.266,0.4688728615447018,0.5248070064282453,0.5235987755982988,0.054725914053597,0.02126006880713648,-0.0651487691220557,-0.0651487691220557,0.0
0.267,0.4693929346875205,0.5200731428187194,0.5235987755982988,0.05420584091077829,0.021171984011728203,-0.05269271167625812,-0.05269271167625812,0.0
0.268,0.4699081989207686,0.5152642332481246,0.5235987755982988,0.05369057667753019,0.021083101873199096,-0.05457233998639749,-0.05457233998639749,0.0
0.269,0.4704189013805991,0.5107024598304944,0.5235987755982988,0.05317987421769971,0.020996991159039125,-0.05001432969275352,-0.05001432969275352,0.0
0.27,0.4709251151973925,0.5062138167933736,0.5235987755982988,0.05267366040090632,0.020911727103775316,-0.048916663955977394,-0.048916663955977394,0.0
0.271,0.4714273313041783,0.5022161067858013,0.5235987755982988,0.05217144429412052,0.020831939995560995,-0.039457094807975435,-0.039457094807975435,0.0
0.272,0.4719248898990826,0.4975585949043165,0.5235987755982988,0.051673885699216215,0.02074488589635621,-0.052972949086832005,-0.052972949086832005,0.0
0.273,0.4724181096601358,0.4932197610532289,0.5235987755982988,0.051180665938163006,0.02066139757562979,-0.04697198942940643,-0.04697198942940643,0.0
0.274,0.47290564241920674,0.48753275907093335,0.5235987755982988,0.050693133179092076,0.020563010070566188,-0.07428245876165236,-0.07428245876165236,0.0
0.275,0.4733879750963452,0.48233267713848804,0.5235987755982988,0.05021080050195359,0.02047003828758776,-0.06499901792323202,-0.06499901792323202,0.0
0.276,0.4738659745182295,0.4779994218842333,0.5235987755982988,0.04973280108006933,0.02038669829736507,-0.04807849091401609,-0.04807849091401609,0.0
0.277,0.4743404070263262,0.47443250809671167,0.5235987755982988,0.04925836857197263,0.020311888428397467,-0.033098321999693064,-0.033098321999693064,0.0
0.278,0.47481146767501675,0.47106064869057396,0.5235987755982988,0.048787307923282064,0.020239288966005773,-0.029482587475017377,-0.029482587475017377,0.0
0.279,0.47527766462000354,0.46619694498679976,0.5235987755982988,0.04832111097829528,0.02015021103414413,-0.05958922218023842,-0.05958922218023842,0.0
0.28,0.4757396823490192,0.4620177290156601,0.5235987755982988,0.047859093249279616,0.020068748641349353,-0.04628856382384916,-0.04628856382384916,0.0
0.281,0.47619742383855534,0.4577414895361711,0.5235987755982988,0.04740135175974347,0.01998625162501956,-0.048563371268526626,-0.048563371268526626,0.0
0.28200000000000003,0.4766523427321605,0.45491889360518145,0.5235987755982988,0.04694643286613831,0.019919900457384104,-0.0198325994568999,-0.0198325994568999,0.0
0.28300000000000003,0.4771026764742175,0.45033374205701765,0.5235987755982988,0.046496099124081314,0.019834078284662895,-0.055309519474862054,-0.055309519474862054,0.0
0.28400000000000003,0.47754880865039206,0.4461321761745539,0.5235987755982988,0.04604996694790675,0.019752540883162605,-0.04800461828471356,-0.04800461828471356,0.0
0.28500000000000003,0.4779917787225626,0.44297007217053197,0.5235987755982988,0.045606996875736217,0.019682560711194577,-0.02755150598647428,-0.02755150598647428,0.0
0.28600000000000003,0.4784311448480934,0.4393661255307928,0.5235987755982988,0.04516763075020541,0.019607738478187867,-0.03664132702114044,-0.03664132702114044,0.0
0.28700000000000003,0.4788664475216344,0.43530267354099245,0.5235987755982988,0.04473232807666444,0.019527872305254636,-0.04611974975354394,-0.04611974975354394,0.0
0.28800000000000003,0.4792978685697083,0.43142104807392856,0.5235987755982988,0.04430090702859052,0.019450061968975262,-0.0428082954579978,-0.0428082954579978,0.0
0.289,0.47972566004087325,0.427791471164947,0.5235987755982988,0.04387311555742557,0.019375087916798758,-0.038077854333716785,-0.038077854333716785,0.0
0.29,0.4801497175315102,0.42405749063695053,0.5235987755982988,0.043449058066788615,0.019299003854499185,-0.04045629286673286,-0.04045629286673286,0.0
0.291,0.48057016133638203,0.420443804871802,0.5235987755982988,0.04302861426191679,0.019224297962352643,-0.03834911605201438,-0.03834911605201438,0.0
0.292,0.4809867549225071,0.41659358612506237,0.5235987755982988,0.04261202067579173,0.019147017984315628,-0.04336887054504851,-0.04336887054504851,0.0
0.293,0.48139871006265145,0.4119551401443573,0.5235987755982988,0.04220006553564737,0.019061047611658746,-0.05944143272409609,-0.05944143272409609,0.0
0.294,0.48180868929878135,0.4099792361299211,0.5235987755982988,0.04179008629951747,0.019004611652026906,-0.00656166907717548,-0.00656166907717548,0.0
0.295,0.4822151008179192,0.40641151913782836,0.5235987755982988,0.04138367478037963,0.018930606633073114,-0.03855600095146157,-0.03855600095146157,0.0
0.296,0.4826177085021304,0.4026076842112469,0.5235987755982988,0.04098106709616839,0.018854032223008865,-0.04356377700060335,-0.04356377700060335,0.0
0.297,0.4830164857554883,0.39877725335785286,0.5235987755982988,0.04058228984281054,0.01877720664769251,-0.04440000233098032,-0.04440000233098032,0.0
0.298,0.48341190729758227,0.3954215420939941,0.5235987755982988,0.04018686830071655,0.018705684166669234,-0.035212045008546966,-0.035212045008546966,0.0
0.299,0.48380485854619587,0.39295124861358216,0.5235987755982988,0.039793917052102945,0.01864402180263928,-0.01777214624071971,-0.01777214624071971,0.0
0.3,0.4841939596950894,0.38910114889350655,0.5235987755982988,0.039404815903209434,0.018567132049993506,-0.0455658945124259,-0.0455658945124259,0.0
0.301,0.48457839177985085,0.38443208476145246,0.5235987755982988,0.03902038381844797,0.018481210248896793,-0.062253190729600824,-0.062253190729600824,0.0
0.302,0.4849603505909401,0.38195881108926844,0.5235987755982988,0.0386384250073587,0.01841964960739693,-0.01871090666276487,-0.01871090666276487,0.0
0.303,0.4853382673725287,0.3779167815886064,0.5235987755982988,0.038260508225770096,0.018340767539162535,-0.05028388512609938,-0.05028388512609938,0.0
0.304,0.4857129817681466,0.3747143956178553,0.5235987755982988,0.037885793830152226,0.018271228362107827,-0.033814376887933706,-0.033814376887933706,0.0
0.305,0.4860843393204674,0.371357552320811,0.5235987755982988,0.03751443627783141,0.018200028441829712,-0.03715971429145695,-0.03715971429145695,0.0
0.306,0.48645299524688485,0.3686559264174365,0.5235987755982988,0.03714578035141397,0.018136136998011997,-0.02432391388182531,-0.02432391388182531,0.0
0.307,0.4868184693686476,0.3654741217627621,0.5235987755982988,0.03678030622965123,0.01806698225897036,-0.034143618980092286,-0.034143618980092286,0.0
0.308,0.4871797505699813,0.36128120133370517,0.5235987755982988,0.03641902502831751,0.017986674563604726,-0.05462047884011814,-0.05462047884011814,0.0
0.309,0.48753740511278987,0.3576545428085502,0.5235987755982988,0.03606137048550895,0.017912677861546874,-0.043630674396403266,-0.043630674396403266,0.0
0.31,0.4878907737269579,0.3533686141679922,0.5235987755982988,0.03570800187134093,0.01783142046614842,-0.05710620938647573,-0.05710620938647573,0.0
0.311,0.48824033453702864,0.34956081007075834,0.5235987755982988,0.035358441061270174,0.017755495981305217,-0.04788659281123776,-0.04788659281123776,0.0
0.312,0.488586640256544,0.3463057195153649,0.5235987755982988,0.03501213534175479,0.01768573729642503,-0.037136946302208235,-0.037136946302208235,0.0
0.313,0.48892890806791683,0.34226781137280116,0.5235987755982988,0.03466986753038198,0.01760735369987535,-0.0530537052900448,-0.0530537052900448,0.0
0.314,0.4892680740271256,0.33916595920872344,0.5235987755982988,0.03433070157117324,0.017539380078340112,-0.034655618371729854,-0.034655618371729854,0.0
0.315,0.4896039235208062,0.3358494936805894,0.5235987755982988,0.03399485207749264,0.017469079283759677,-0.039196033825982676,-0.039196033825982676,0.0
0.316,0.489937217611368,0.33329409056182197,0.5235987755982988,0.03366155798693082,0.01740725906254101,-0.024240102880901823,-0.024240102880901823,0.0
0.317,0.49026771226541294,0.33049465404496464,0.5235987755982988,0.03333106333288588,0.01734279285843857,-0.02932520309220031,-0.02932520309220031,0.0
0.318,0.4905958979458013,0.3281856803883254,0.5235987755982988,0.03300287765249754,0.017283815647856086,-0.0197399008091875,-0.0197399008091875,0.0
0.319,0.4909206776563165,0.3247797105151968,0.5235987755982988,0.03267809794198234,0.01721274438953432,-0.041864543031506565,-0.041864543031506565,0.0
0.32,0.4912434860584561,0.3228084021396304,0.5235987755982988,0.032355289539842735,0.01715761557367959,-0.013443790670111769,-0.013443790670111769,0.0
0.321,0.49156302676095864,0.3195407025025662,0.5235987755982988,0.03203574883734017,0.01708818765210701,-0.03952932057011323,-0.03952932057011323,0.0
0.322,0.4918799727321651,0.31694597120648504,0.5235987755982988,0.03171880286613371,0.017026263935773518,-0.026331369721418474,-0.026331369721418474,0.0
0.323,0.492193466126774,0.31349339460887926,0.5235987755982988,0.03140530947152481,0.01695489154024196,-0.0436958542555969,-0.0436958542555969,0.0
0.324,0.4925038530298511,0.31038690307712025,0.5235987755982988,0.031094922568447703,0.016887398566963467,-0.0370503590664701,-0.0370503590664701,0.0
0.325,0.49281051122770364,0.3066581978525364,0.5235987755982988,0.030788264370595175,0.01681306053644805,-0.04974315224550774,-0.04974315224550774,0.0
0.326,0.49311423884769556,0.30372761999195025,0.5235987755982988,0.030484536750603253,0.016747606683780038,-0.03407890138352054,-0.03407890138352054,0.0
0.327,0.49341652736245967,0.30228851476409707,0.5235987755982988,0.03018224823583915,0.016698730269166958,-0.004483894957708026,-0.004483894957708026,0.0
0.328,0.4937163336352754,0.2998062728157014,0.5235987755982988,0.02988244196302342,0.016638367161614258,-0.025461757786785957,-0.025461757786785957,0.0
0.329,0.4940143563211416,0.2980226858662044,0.5235987755982988,0.029584419277157215,0.01658580257824985,-0.011687237164683062,-0.011687237164683062,0.0
0.33,0.4943101233196256,0.2957669984840104,0.5235987755982988,0.029288652278673222,0.016528073522479307,-0.021271932774584043,-0.021271932774584043,0.0
0.331,0.49460234053340835,0.29221721378274923,0.5235987755982988,0.02899643506489047,0.016456065377460527,-0.04733433414650287,-0.04733433414650287,0.0
0.332,0.49489166403023954,0.2893234968311853,0.5235987755982988,0.028707111568059274,0.016391368818559716,-0.03449696192865892,-0.03449696192865892,0.0
0.333,0.49517898353505485,0.2873195048153047,0.5235987755982988,0.028419792063243965,0.016336581669161424,-0.016933960571117068,-0.016933960571117068,0.0
0.334,0.49546446511850506,0.2854815834502324,0.5235987755982988,0.028134310479793756,0.01628369758314368,-0.01377286691622194,-0.01377286691622194,0.0
0.335,0.4957474033044653,0.2829381859602716,0.5235987755982988,0.0278513722938335,0.016223061621349268,-0.02802942312319706,-0.02802942312319706,0.0
0.336,0.4960286055331839,0.28120222871860706,0.5235987755982988,0.02757017006511492,0.01617142760580178,-0.012084089956468966,-0.012084089956468966,0.0
0.337,0.496307675832768,0.27907029958410196,0.5235987755982988,0.02729109976553079,0.016115472180637445,-0.02014240439261307,-0.02014240439261307,0.0
0.338,0.4965839802128002,0.2763043800321779,0.5235987755982988,0.027014795385498613,0.016052552442147174,-0.03299276707175372,-0.03299276707175372,0.0
0.339,0.4968570328050323,0.27305259223207284,0.5235987755982988,0.02674174279326652,0.015984300825631792,-0.04293140559952689,-0.04293140559952689,0.0
0.34,0.49712727024534664,0.27023744031435387,0.5235987755982988,0.026471505352952174,0.01592093221892599,-0.0344588309758139,-0.0344588309758139,0.0
0.341,0.497396574125543,0.26930388019638557,0.5235987755982988,0.026202201472755815,0.015878463039851836,0.0029477928657823116,0.0029477928657823116,0.0
0.342,0.49766319194977804,0.26661782423503205,0.5235987755982988,0.025935583648520777,0.01581665189081548,-0.03217680881135897,-0.03217680881135897,0.0
0.343,0.49792731531269463,0.26412336291661725,0.5235987755982988,0.025671460285604186,0.015757015846558656,-0.028559800429493534,-0.028559800429493534,0.0
0.34400000000000003,0.4981887583196334,0.2614430069387684,0.5235987755982988,0.02541001727866543,0.01569537466663819,-0.0324772505236485,-0.0324772505236485,0.0
0.34500000000000003,0.4984468118839995,0.25805356436610466,0.5235987755982988,0.02515196371429934,0.01562592852578979,-0.04687341089817296,-0.04687341089817296,0.0
0.34600000000000003,0.49870391007173,0.25709818773049353,0.5235987755982988,0.024894865526568832,0.015583494791611462,0.0015367524370663715,0.0015367524370663715,0.0
0.34700000000000003,0.4989590191547807,0.2551090830506961,0.5235987755982988,0.024639756443518124,0.015529682208489264,-0.01921423857750977,-0.01921423857750977,0.0
0.34800000000000003,0.4992113842227396,0.2523650679588894,0.5235987755982988,0.02438739137555923,0.015467565872625261,-0.0344715751920773,-0.0344715751920773,0.0
0.34900000000000003,0.4994624349765569,0.25105075381730063,0.5235987755982988,0.024136340621741914,0.015421341547551471,-0.006097077395064127,-0.006097077395064127,0.0
0.35000000000000003,0.4997101760279884,0.24774105143146852,0.5235987755982988,0.02388859957031042,0.015353077450516006,-0.04610998741125795,-0.04610998741125795,0.0
0.35100000000000003,0.4999554212353856,0.24524520739719982,0.5235987755982988,0.023643354362913205,0.015293873581361748,-0.03009759657085649,-0.03009759657085649,0.0
0.352,0.500197912650257,0.24249141487146683,0.5235987755982988,0.02340086294804178,0.015231864937688789,-0.035456233922883856,-0.035456233922883856,0.0
0.353,0.500438612369527,0.2406997192699469,0.5235987755982988,0.02316016322877179,0.015180566365096475,-0.016434598840681353,-0.016434598840681353,0.0
0.354,0.5006766301966066,0.23801782707959457,0.5235987755982988,0.02292214540169224,0.015119466809367425,-0.0343818662654511,-0.0343818662654511,0.0
0.355,0.5009118712938535,0.23524109724687586,0.5235987755982988,0.02268690430444531,0.015057366806855047,-0.0364931704880066,-0.0364931704880066,0.0
0.356,0.5011449384762701,0.23306718241660646,0.5235987755982988,0.022453837122028752,0.015001995148760912,-0.024659008825638082,-0.024659008825638082,0.0
0.357,0.501375853558402,0.2309150821319065,0.5235987755982988,0.022222922039896842,0.014946922236381702,-0.024396631100670238,-0.024396631100670238,0.0
0.358,0.50160461624081,0.22876268240801628,0.5235987755982988,0.02199415935748883,0.014891903178714578,-0.02457478790725212,-0.02457478790725212,0.0
0.359,0.5018319647619018,0.22734852109183515,0.5235987755982988,0.021766810836396977,0.014845121058146957,-0.0099822117309816,-0.0099822117309816,0.0
0.36,0.502057405555059,0.22544079315707197,0.5235987755982988,0.02154137004323986,0.014792936968230806,-0.019966677007916933,-0.019966677007916933,0.0
0.361,0.5022809457558097,0.22354020075082007,0.5235987755982988,0.02131782984248909,0.014740891943569517,-0.019976584672472056,-0.019976584672472056,0.0
0.362,0.5025022524261539,0.2213066703441658,0.5235987755982988,0.021096523172144943,0.014685217787452692,-0.026787392073019986,-0.026787392073019986,0.0
0.363,0.502720973983871,0.21872155771708193,0.5235987755982988,0.02087780161442787,0.014625703212465762,-0.03399771891414384,-0.03399771891414384,0.0
0.364,0.5029384781786717,0.21750419480070998,0.5235987755982988,0.02066029741962716,0.014581394043616787,-0.006849533710072589,-0.006849533710072589,0.0
0.365,0.5031541234500324,0.21564527136079223,0.5235987755982988,0.020444652148266407,0.014530044955842614,-0.019778133214298166,-0.019778133214298166,0.0
0.366,0.5033669042930567,0.21278084302431816,0.5235987755982988,0.020231871305242066,0.014467614390856557,-0.04003694502061829,-0.04003694502061829,0.0
0.367,0.5035783233643758,0.2114190713190469,0.5235987755982988,0.020020452233923014,0.014421879743422893,-0.010212966663479858,-0.010212966663479858,0.0
0.368,0.5037883944946915,0.21007113031572863,0.5235987755982988,0.019810381103607333,0.014376364678005743,-0.01004529436084109,-0.01004529436084109,0.0
0.369,0.5039964361414812,0.2080416467896605,0.5235987755982988,0.019602339456817663,0.01432336423286107,-0.02378398009610455,-0.02378398009610455,0.0
0.37,0.5042020715766145,0.20563543513335314,0.5235987755982988,0.019396704021684363,0.014266246381034324,-0.031480901382974186,-0.031480901382974186,0.0
0.371,0.5044058896547408,0.20381807812628328,0.5235987755982988,0.019192885943558058,0.014215704809158479,-0.019896305330729128,-0.019896305330729128,0.0
0.372,0.5046070717388178,0.20118208407705895,0.5235987755982988,0.018991703859481013,0.01415615192340769,-0.03641443473438373,-0.03641443473438373,0.0
0.373,0.5048060036247142,0.19893188589633976,0.5235987755982988,0.018792771973584643,0.014100921919803668,-0.028909396888219405,-0.028909396888219405,0.0
0.374,0.5050027493918089,0.19674576709474118,0.5235987755982988,0.018596026206489924,0.01404645519694534,-0.027807825160264477,-0.027807825160264477,0.0
0.375,0.5051975406862936,0.19479129448468857,0.5235987755982988,0.018401234912005182,0.013994609176547445,-0.02334979083347255,-0.02334979083347255,0.0
0.376,0.5053892906750767,0.19174998878303137,0.5235987755982988,0.018209484923222163,0.013930777677180628,-0.04524281047436862,-0.04524281047436862,0.0
0.377,0.5055797274349163,0.19043675983969827,0.5235987755982988,0.01801904816338251,0.013886135866571251,-0.010924579764019754,-0.010924579764019754,0.0
0.378,0.5057699591638706,0.1902317289542912,0.5235987755982988,0.01782881643442824,0.013853838716292125,0.011134323079034128,0.011134323079034128,0.0
0.379,0.5059575866348203,0.18762747094969012,0.5235987755982988,0.01764118896347855,0.013795037710554098,-0.0368666217756778,-0.0368666217756778,0.0
0.38,0.5061440042943623,0.1864176595421264,0.5235987755982988,0.017454771303936467,0.013751735096134114,-0.00918603047529895,-0.00918603047529895,0.0
0.381,0.5063288243965789,0.1848201022165826,0.5235987755982988,0.017269951201719924,0.013704202459442604,-0.01703773374750593,-0.01703773374750593,0.0
0.382,0.5065112950589847,0.18247066240584622,0.5235987755982988,0.01708748053931408,0.013648399578370796,-0.03220318803740098,-0.03220318803740098,0.0
0.383,0.5066933266481339,0.18203158914918624,0.5235987755982988,0.01690544895016488,0.013613814642064655,0.005816187859268261,0.005816187859268261,0.0
0.384,0.5068745995654834,0.18127291734944972,0.5235987755982988,0.016724176032815397,0.0135757647905006,-0.0006109088627956893,-0.0006109088627956893,0.0
0.385,0.507055265214024,0.18066564854052464,0.5235987755982988,0.016543510384274818,0.013539464310310546,0.0023564572094544323,0.0023564572094544323,0.0
0.386,0.5072347327623409,0.17946754831683495,0.5235987755982988,0.016364042835957937,0.013496690862032371,-0.009508752590551506,-0.009508752590551506,0.0
0.387,0.5074121975067349,0.17746474439406773,0.5235987755982988,0.016186578091563875,0.013445066413888238,-0.02569867458999786,-0.02569867458999786,0.0
0.388,0.5075876539031399,0.17545639640491656,0.5235987755982988,0.016011121695158947,0.013393434772724283,-0.025969780231498027,-0.025969780231498027,0.0
0.389,0.5077613078523648,0.17365394922500027,0.5235987755982988,0.015837467745933975,0.013344138592253616,-0.02201243188593227,-0.02201243188593227,0.0
0.39,0.5079342557359621,0.1729478835972133,0.5235987755982988,0.015664519862336745,0.013307047351489623,-0.0002289966177392022,-0.0002289966177392022,0.0
0.391,0.508106995339397,0.17273960343486863,0.5235987755982988,0.015491780258901855,0.013275543191203438,0.00967022744088384,0.00967022744088384,0.0
0.392,0.508277923940123,0.17092860072604404,0.5235987755982988,0.01532085165817576,0.013226358370229632,-0.02240088590170214,-0.02240088590170214,0.0
0.393,0.5084474080137492,0.16948407362616563,0.5235987755982988,0.015151367584549602,0.013181290200816539,-0.015216253939484697,-0.015216253939484697,0.0
0.394,0.5086148633810098,0.16745536726060609,0.5235987755982988,0.014983912217289008,0.01312980995016547,-0.027015401421097623,-0.027015401421097623,0.0
0.395,0.5087801946414032,0.16533126039346221,0.5235987755982988,0.014818580956895588,0.013077325319853637,-0.02908570796202907,-0.02908570796202907,0.0
0.396,0.5089438246763551,0.1636300349519336,0.5235987755982988,0.014654950921943688,0.013029577599854543,-0.02079800799909548,-0.02079800799909548,0.0
0.397,0.5091053919170926,0.16156724073746104,0.5235987755982988,0.014493383681206229,0.012977880442240932,-0.028165481493296618,-0.028165481493296618,0.0
0.398,0.5092652957207158,0.15990380362322265,0.5235987755982988,0.014333479877583044,0.012930660073688592,-0.02034336302577068,-0.02034336302577068,0.0
0.399,0.5094233760537231,0.15808033300732932,0.5235987755982988,0.014175399544575695,0.012881723559341527,-0.023677108028009028,-0.023677108028009028,0.0
0.4,0.5095804563738615,0.15708032013842718,0.5235987755982988,0.014018319224437303,0.012841965970125924,-0.007353830737456213,-0.007353830737456213,0.0
0.401,0.5097361767584602,0.15572038459865217,0.5235987755982988,0.013862598839838647,0.01279828612800124,-0.01463228518442622,-0.01463228518442622,0.0
0.402,0.5098903048831978,0.15412812473758308,0.5235987755982988,0.013708470715101062,0.012752092777810939,-0.01938756645348934,-0.01938756645348934,0.0
0.403,0.5100424749858912,0.1521701026933847,0.5235987755982988,0.013556300612407646,0.012701904049393201,-0.026830190904960846,-0.026830190904960846,0.0
0.404,0.510193514263543,0.15103927765183792,0.5235987755982988,0.013405261334755836,0.012660933183541438,-0.01044289261546523,-0.01044289261546523,0.0
0.405,0.5103428335526029,0.14931928905989725,0.5235987755982988,0.013255942045695912,0.012613497562741232,-0.02231662962666628,-0.02231662962666628,0.0
0.406,0.510490971158632,0.14813760602904127,0.5235987755982988,0.01310780443966686,0.012572081714926254,-0.011688117492327496,-0.011688117492327496,0.0
0.40700000000000003,0.5106378277095985,0.14685655096663014,0.5235987755982988,0.01296094788870028,0.01252962714354646,-0.013770092765899147,-0.013770092765899147,0.0
0.40800000000000003,0.5107828105918285,0.14498288223002184,0.5235987755982988,0.012815965006470309,0.012480667040292959,-0.02572485065483536,-0.02572485065483536,0.0
0.40900000000000003,0.5109277578862136,0.14494729438513113,0.5235987755982988,0.01267101771208523,0.012452126064381116,0.010886873680587557,0.010886873680587557,0.0
0.41000000000000003,0.5110721222647665,0.14436437855292913,0.5235987755982988,0.012526653333532312,0.01241759799600708,-6.253309322958728e-05,-6.253309322958728e-05,0.0
0.41100000000000003,0.5112159628152994,0.14384055053283248,0.5235987755982988,0.012382812782999464,0.012383794450246562,0.0010725898823013627,0.0010725898823013627,0.0
0.41200000000000003,0.5113597530605665,0.14379024526715864,0.5235987755982988,0.012239022537732347,0.012355308115885297,0.010501138729149644,0.010501138729149644,0.0
0.41300000000000003,0.5115023438264297,0.14259076586319133,0.5235987755982988,0.012096431771869143,0.012314165229992001,-0.012486368457973317,-0.012486368457973317,0.0
0.41400000000000003,0.5116428353864414,0.14049156001171714,0.5235987755982988,0.011955940211857419,0.012263113882673227,-0.030576855760428526,-0.030576855760428526,0.0
0.41500000000000004,0.5117819630793802,0.13912769293875046,0.5235987755982988,0.01181681251891864,0.012220258710334301,-0.01603801665839629,-0.01603801665839629,0.0
0.41600000000000004,0.5119194401701932,0.1374770908130215,0.5235987755982988,0.01167933542810562,0.012174284682283803,-0.02188182707947918,-0.02188182707947918,0.0
0.417,0.5120547498199665,0.1353096497732331,0.5235987755982988,0.011544025778332356,0.012122638102260453,-0.03235065353072631,-0.03235065353072631,0.0
0.418,0.5121878354543368,0.1330856343702991,0.5235987755982988,0.011410940143962045,0.012070411660937393,-0.033655536076821,-0.033655536076821,0.0
0.419,0.5123196776306809,0.13184217634409615,0.5235987755982988,0.011279097967617946,0.012029096221558379,-0.014222309774434998,-0.014222309774434998,0.0
0.42,0.5124493916191422,0.1297139884612916,0.5235987755982988,0.011149383979156657,0.011978037016762614,-0.03201638354856349,-0.03201638354856349,0.0
0.421,0.5125778663830001,0.12847476385793777,0.5235987755982988,0.011020909215298746,0.011936874934727166,-0.014407372990173209,-0.014407372990173209,0.0
0.422,0.5127057013299088,0.1278349469086938,0.5235987755982988,0.010893074268390035,0.011902413587054102,-0.002518357876244638,-0.002518357876244638,0.0
0.423,0.5128327027462701,0.12700141636136275,0.5235987755982988,0.010766072852028685,0.011865872931580864,-0.006443815193925548,-0.006443815193925548,0.0
0.424,0.5129594066845214,0.12670393825129855,0.5235987755982988,0.01063936891377737,0.011835336192771845,0.004210551107625075,0.004210551107625075,0.0
0.425,0.5130853688160405,0.12596213151910576,0.5235987755982988,0.010513406782258317,0.01179994754980918,-0.0046998195837520546,-0.0046998195837520546,0.0
0.426,0.5132102252566246,0.12485644058409945,0.5235987755982988,0.010388550341674185,0.011760592100541789,-0.012036848178597834,-0.012036848178597834,0.0
0.427,0.5133332483491764,0.12302309255174569,0.5235987755982988,0.010265527249122441,0.011713233980927907,-0.026678445400347126,-0.026678445400347126,0.0
0.428,0.5134539323395423,0.12068399036589794,0.5235987755982988,0.01014484325875653,0.011660321866680009,-0.036940196312815345,-0.036940196312815345,0.0
0.429,0.5135743523837365,0.12042004419416068,0.5235987755982988,0.010024423214562317,0.011630446069705563,0.004375795794526453,0.004375795794526453,0.0
0.43,0.5136933205774528,0.11896819371624257,0.5235987755982988,0.009905455020846055,0.011587478958142484,-0.019403406022829348,-0.019403406022829348,0.0
0.431,0.5138117802363066,0.1184596588538453,0.5235987755982988,0.009786995361992235,0.011555018771692977,-0.0006532417506458985,-0.0006532417506458985,0.0
0.432,0.5139287309481778,0.11695071187128069,0.5235987755982988,0.009670044650121001,0.01151154106487777,-0.020702166942984587,-0.020702166942984587,0.0
0.433,0.51404460130592,0.11587035774214645,0.5235987755982988,0.009554174292378814,0.01147286586767147,-0.012251025632982207,-0.012251025632982207,0.0
0.434,0.5141604708003429,0.11586949442283581,0.5235987755982988,0.009438304797955932,0.011446211038250307,0.00925236223315886,0.00925236223315886,0.0
0.435,0.5142745107173543,0.11403991701146002,0.5235987755982988,0.00932426488094451,0.011399367246635381,-0.027321988673689138,-0.027321988673689138,0.0
0.436,0.5143877655223276,0.11325480497323102,0.5235987755982988,0.009211010075971249,0.011364145150437686,-0.0065790474036629965,-0.0065790474036629965,0.0
0.437,0.5145001738387396,0.11240831641199042,0.5235987755982988,0.009098601759559233,0.011328305752886915,-0.00786938682695349,-0.00786938682695349,0.0
0.438,0.5146120629505718,0.11188911183225089,0.5235987755982988,0.008986712647726991,0.011296154531254635,-0.0013914262818314552,-0.0013914262818314552,0.0
0.439,0.5147231311990251,0.11106824845335815,0.5235987755982988,0.008875644399273686,0.011260726879571782,-0.007466138631274689,-0.007466138631274689,0.0
0.44,0.5148326850637353,0.10955386471009396,0.5235987755982988,0.008766090534563564,0.011217676547501491,-0.021402214989015282,-0.021402214989015282,0.0
0.441,0.5149411662492192,0.10848118548392323,0.5235987755982988,0.008657609349079665,0.011179572581803921,-0.012689275346607028,-0.012689275346607028,0.0
0.442,0.5150482616920169,0.10709544279776852,0.5235987755982988,0.00855051390628192,0.011138057777486249,-0.01903635888438049,-0.01903635888438049,0.0
0.443,0.5151539933409354,0.10573164891849424,0.5235987755982988,0.008444782257363448,0.011096839754744368,-0.018708242161663995,-0.018708242161663995,0.0
0.444,0.5152577990234914,0.10380568255603427,0.5235987755982988,0.008340976574807368,0.011049446406207282,-0.030060795335719766,-0.030060795335719766,0.0
0.445,0.5153608215443205,0.1030225208290445,0.5235987755982988,0.008237954053978314,0.01101476163503479,-0.007358779935312497,-0.007358779935312497,0.0
0.446,0.5154637662005338,0.10294465621334582,0.5235987755982988,0.008135009397765014,0.010987953159232672,0.006684509352349995,0.006684509352349995,0.0
0.447,0.5155649563696988,0.1011901691650049,0.5235987755982988,0.008033819228600025,0.010942637960193385,-0.026854168469750958,-0.026854168469750958,0.0
0.448,0.5156653543011104,0.10039793141154821,0.5235987755982988,0.007933421297188437,0.010908032568871002,-0.007749541535933477,-0.007749541535933477,0.0
0.449,0.5157640424013873,0.09868810027687017,0.5235987755982988,0.007834733196911525,0.01086332068464663,-0.026164788180637055,-0.026164788180637055,0.0
0.45,0.5158615601036887,0.09751770230134736,0.5235987755982988,0.00773721549461015,0.010824633972784282,-0.015512911488306504,-0.015512911488306504,0.0
0.451,0.5159582618156469,0.09670171195821431,0.5235987755982988,0.007640513782651959,0.010789929507109781,-0.008518390678553346,-0.008518390678553346,0.0
0.452,0.5160538435734948,0.09558175784793958,0.5235987755982988,0.007544932024803996,0.010751916990331728,-0.014662945248837475,-0.014662945248837475,0.0
0.453,0.5161473229083305,0.09347933483577757,0.5235987755982988,0.007451452689968274,0.01070307405151341,-0.034401919615405,-0.034401919615405,0.0
0.454,0.5162387389028439,0.09141599451332792,0.5235987755982988,0.00736003669545493,0.010654706278704714,-0.033788459662130794,-0.033788459662130794,0.0
0.455,0.5163294728483924,0.0907339455484291,0.5235987755982988,0.007269302749906448,0.010621686206056274,-0.006327699736910192,-0.006327699736910192,0.0
0.456,0.5164194580474062,0.08998519901387517,0.5235987755982988,0.007179317550892628,0.010587988341193401,-0.007716215047204329,-0.007716215047204329,0.0
0.457,0.5165081145057422,0.08865645833599732,0.5235987755982988,0.007090661092556627,0.010547924108870734,-0.019375997636446908,-0.019375997636446908,0.0
0.458,0.5165967043516706,0.08858984592840438,0.5235987755982988,0.0070020712466282164,0.010521896767026228,0.005760268515021039,0.005760268515021039,0.0
0.459,0.5166844207186475,0.08771636697686036,0.5235987755982988,0.006914354879651308,0.01048699822121363,-0.010382391356608046,-0.010382391356608046,0.0
0.46,0.5167715000270611,0.08707930841351018,0.5235987755982988,0.006827275571237745,0.010454777250014227,-0.005723861908854731,-0.005723861908854731,0.0
0.461,0.5168577173157122,0.08621728865108211,0.5235987755982988,0.006741058282586643,0.010420124653434974,-0.010274050575480559,-0.010274050575480559,0.0
0.462,0.516943805775718,0.0860884600057571,0.5235987755982988,0.006654969822580847,0.010393653842863457,0.004320810185586263,0.004320810185586263,0.0
0.463,0.5170301852290713,0.08637945335334726,0.5235987755982988,0.006568590369227523,0.010371902416014675,0.01270694375226386,0.01270694375226386,0.0
0.464,0.517117065028742,0.08687979967071671,0.5235987755982988,0.00648171056955682,0.010352543840134112,0.01691728261565676,0.01691728261565676,0.0
0.465,0.5172037283616323,0.0866633328903058,0.5235987755982988,0.006395047236666507,0.010325318537732322,0.00262104836543902,0.00262104836543902,0.0
0.466,0.5172897112238575,0.0859828622252018,0.5235987755982988,0.006309064374441342,0.010293017740303226,-0.006676346670855628,-0.006676346670855628,0.0
0.467,0.5173749033296542,0.08519210579669695,0.5235987755982988,0.006223872268644626,0.010259554256484059,-0.008936499592080656,-0.008936499592080656,0.0
0.468,0.5174579040244778,0.0830006948235845,0.5235987755982988,0.006140871573821038,0.010210628703973846,-0.03701285099851302,-0.03701285099851302,0.0
0.46900000000000003,0.5175393714238148,0.0814673993370087,0.5235987755982988,0.006059404174484029,0.010169033691416782,-0.02402585414562948,-0.02402585414562948,0.0
0.47000000000000003,0.5176206838478435,0.08131242402873223,0.5235987755982988,0.005978091750455272,0.010142758188549384,0.003417885781431332,0.003417885781431332,0.0
0.47100000000000003,0.5177009653691689,0.08028152132529265,0.5235987755982988,0.005897810229129941,0.010106843035591357,-0.01411306014649312,-0.01411306014649312,0.0
0.47200000000000003,0.5177807217721385,0.07975640296961461,0.5235987755982988,0.0058180538261602965,0.010076585938314075,-0.004079845407537197,-0.004079845407537197,0.0
0.47300000000000003,0.5178598600828528,0.07913831071422342,0.5235987755982988,0.00573891551544603,0.010045359200052676,-0.005981332870254603,-0.005981332870254603,0.0
0.47400000000000003,0.5179380776775904,0.07821759473754708,0.5235987755982988,0.005660697920708446,0.0100108383963537,-0.01208325467638896,-0.01208325467638896,0.0
0.47500000000000003,0.5180151228801778,0.07704520258742645,0.5235987755982988,0.005583652718121002,0.009973583755131995,-0.01719043542340897,-0.01719043542340897,0.0
0.47600000000000003,0.5180916451201325,0.07652223995470976,0.5235987755982988,0.005507130478166311,0.009943576245313158,-0.004295636447339692,-0.004295636447339692,0.0
0.47700000000000004,0.518166746886835,0.0751017667023949,0.5235987755982988,0.0054320287114638655,0.009903683964384357,-0.02228768584992029,-0.02228768584992029,0.0
0.47800000000000004,0.518241887651753,0.07514076491807316,0.5235987755982988,0.005356887946545763,0.00988001066013385,0.006788105649756536,0.006788105649756536,0.0
0.47900000000000004,0.5183162800813259,0.07439242957288104,0.5235987755982988,0.005282495516972907,0.00984768074378423,-0.008955445710396477,-0.008955445710396477,0.0
0.48,0.5183883002060257,0.07202012469971829,0.5235987755982988,0.005210475392273151,0.009797413094578497,-0.041494703097424535,-0.041494703097424535,0.0
0.481,0.5184596031959956,0.07130298996991269,0.5235987755982988,0.005139172402303216,0.009765519382615601,-0.008581084620134655,-0.008581084620134655,0.0
0.482,0.5185294347248167,0.069831528821166,0.5235987755982988,0.005069340873482098,0.009725324047053042,-0.02372498377734069,-0.02372498377734069,0.0
0.483,0.5185987183636122,0.06928363879546781,0.5235987755982988,0.005000057234686661,0.009695408313843327,-0.005371278208270505,-0.005371278208270505,0.0
0.484,0.5186671399861946,0.06842162258243673,0.5235987755982988,0.0049316356121041904,0.009662070543911914,-0.011697633156984272,-0.011697633156984272,0.0
0.485,0.5187351248064352,0.0679848202405967,0.5235987755982988,0.004863650791863572,0.009633498427707058,-0.0032623170302055193,-0.0032623170302055193,0.0
0.486,0.5188027293555052,0.06760454906992718,0.5235987755982988,0.004796046242793617,0.009605612483146017,-0.002166637794142695,-0.002166637794142695,0.0
0.487,0.518870317448021,0.06758809251582695,0.5235987755982988,0.004728458150277781,0.009581818117732089,0.005079232843589861,0.005079232843589861,0.0
0.488,0.518937073646796,0.06675619877496794,0.5235987755982988,0.004661701951502839,0.009549053620222629,-0.011230827415914225,-0.011230827415914225,0.0
0.489,0.5190038276088588,0.06675396206279659,0.5235987755982988,0.004594947989440046,0.009525535888121496,0.005295761658570368,0.005295761658570368,0.0
0.49,0.5190695695852144,0.06574197635565374,0.5235987755982988,0.004529206013084375,0.00949089484844369,-0.014899397177833285,-0.014899397177833285,0.0
0.491,0.519134074390633,0.06450480541849325,0.5235987755982988,0.004464701207665844,0.009453809787570018,-0.019484060634757362,-0.019484060634757362,0.0
0.492,0.5191978556466663,0.06378125603338003,0.5235987755982988,0.004400919951632498,0.009422463719865512,-0.009310603268785016,-0.009310603268785016,0.0
0.493,0.5192613389544356,0.06348330776925769,0.5235987755982988,0.004337436643863213,0.00939588821659731,-0.0008564647997762881,-0.0008564647997762881,0.0
0.494,0.5193240335344534,0.06269458001782852,0.5235987755982988,0.0042747420638453715,0.009363935124359067,-0.01069589040704276,-0.01069589040704276,0.0
0.495,0.5193864409815926,0.062407447139179464,0.5235987755982988,0.004212334616706226,0.00933759342530458,-0.0007270911715547418,-0.0007270911715547418,0.0
0.496,0.5194477527763555,0.06131179476284855,0.5235987755982988,0.004151022821943351,0.00930235330404031,-0.016920451755483873,-0.016920451755483873,0.0
0.497,0.519509762464052,0.0620096876964939,0.5235987755982988,0.0040890131342468106,0.009287035318297226,0.0188628022539348,0.0188628022539348,0.0
0.498,0.5195714132190694,0.06165075501738687,0.5235987755982988,0.004027362379229404,0.00926008071710171,-0.002217878566420979,-0.002217878566420979,0.0
0.499,0.5196337305049336,0.06231728586419776,0.5235987755982988,0.00396504509336526,0.009244547350759384,0.01826267733760883,0.01826267733760883,0.0
0.5,0.5196962902697977,0.06255976486418434,0.5235987755982988,0.0039024853285011263,0.009224387919244187,0.00983496286886723,0.00983496286886723,0.0
0.501,0.5197572181479094,0.060927878111744604,0.5235987755982988,0.003841557450389388,0.009183526482426523,-0.02763295385965993,-0.02763295385965993,0.0
0.502,0.5198169090359038,0.05969088799437278,0.5235987755982988,0.0037818665623949865,0.009147081493777975,-0.019865572098497028,-0.019865572098497028,0.0
0.503,0.5198764446542292,0.05953561832534973,0.5235987755982988,0.003722330944069596,0.009122668457872268,0.001669877659088971,0.001669877659088971,0.0
0.504,0.5199362839037106,0.05983924948139945,0.5235987755982988,0.0036624916945882102,0.009103400940031637,0.010835472587022443,0.010835472587022443,0.0
0.505,0.5199972713156494,0.0609874119388421,0.5235987755982988,0.0036015042826493815,0.00909355793970322,0.027750389107364888,0.027750389107364888,0.0
0.506,0.5200577267764677,0.06045546081821045,0.5235987755982988,0.0035410488218311498,0.009065176876458875,-0.00576002945752558,-0.00576002945752558,0.0
0.507,0.5201157822255469,0.05805544907922315,0.5235987755982988,0.00348299337275193,0.009016152121723926,-0.04316379791428927,-0.04316379791428927,0.0
0.508,0.5201728607029332,0.057078477386345944,0.5235987755982988,0.0034259148953655894,0.00898292455466585,-0.014894997931206258,-0.014894997931206258,0.0
0.509,0.5202296313417936,0.056770638860284287,0.5235987755982988,0.003369144256505252,0.008957159947960223,-0.0015904923303254326,-0.0015904923303254326,0.0
0.51,0.5202854301298494,0.05579878805589118,0.5235987755982988,0.0033133454684494135,0.00892409559077527,-0.014895364979039323,-0.014895364979039323,0.0
0.511,0.5203415766449021,0.05614651505268247,0.5235987755982988,0.0032571989533967116,0.008905701111565531,0.011418442980297011,0.011418442980297011,0.0
0.512,0.5203971968065388,0.055620161636769715,0.5235987755982988,0.0032015787917599736,0.008877687896788873,-0.006035347114040579,-0.006035347114040579,0.0
0.513,0.5204520430526426,0.054846246103726626,0.5235987755982988,0.003146732545656228,0.00884698588171194,-0.011028697729920177,-0.011028697729920177,0.0
0.514,0.5205062579763284,0.054214923685872767,0.5235987755982988,0.003092517621970381,0.0088179145919184,-0.00823874866877903,-0.00823874866877903,0.0
0.515,0.5205593021614704,0.05304418514200385,0.5235987755982988,0.0030394734368284215,0.008782918940980948,-0.019077576982508553,-0.019077576982508553,0.0
0.516,0.5206115200132179,0.05221785174744683,0.5235987755982988,0.00298725558508095,0.008751784465753976,-0.012283133079780108,-0.012283133079780108,0.0
0.517,0.5206627399890162,0.05121997579842718,0.5235987755982988,0.0029360356092825723,0.00871879886289006,-0.0157800908405972,-0.0157800908405972,0.0
0.518,0.5207138657180186,0.05112572900229301,0.5235987755982988,0.0028849098802802287,0.0086958729170877,0.0022126621411907646,0.0022126621411907646,0.0
0.519,0.5207638640391835,0.04999832116489293,0.5235987755982988,0.002834911559115305,0.008661558533146837,-0.01845809842781812,-0.01845809842781812,0.0
0.52,0.5208123358800567,0.04847184087319929,0.5235987755982988,0.0027864397182421063,0.008622867379237465,-0.026529740140681372,-0.026529740140681372,0.0
0.521,0.5208610180324,0.048682152343380004,0.5235987755982988,0.0027377575658987796,0.008603459977452026,0.008083976673470168,0.008083976673470168,0.0
0.522,0.5209097987227933,0.048780690393281284,0.5235987755982988,0.002688976875505511,0.008582877170415037,0.00586533318549598,0.00586533318549598,0.0
0.523,0.5209572273642787,0.04742864148540509,0.5235987755982988,0.0026415482340200747,0.008546282761119671,-0.023138522926061354,-0.023138522926061354,0.0
0.524,0.5210043501837502,0.04712281947148442,0.5235987755982988,0.0025944254145485734,0.008521322338535085,-0.002322148959581126,-0.002322148959581126,0.0
0.525,0.5210501506860955,0.045800502345239476,0.5235987755982988,0.0025486249122033122,0.008485154400219375,-0.02267651696718008,-0.02267651696718008,0.0
0.526,0.5210958747126402,0.04572402654467368,0.5235987755982988,0.002502900885658632,0.008462832379263811,0.0021345241763032277,0.0021345241763032277,0.0
0.527,0.521140295280585,0.04442056794488176,0.5235987755982988,0.002458480317713785,0.008426973425375399,-0.02241124987226458,-0.02241124987226458,0.0
0.528,0.5211843281316856,0.04403285110054523,0.5235987755982988,0.0024144474666132343,0.00840130275580309,-0.004200691451139979,-0.004200691451139979,0.0
0.529,0.5212278917426806,0.04356361099498568,0.5235987755982988,0.0023708838556182332,0.008374782707159233,-0.005862174023147315,-0.005862174023147315,0.0
0.53,0.5212701690848833,0.04227734220275518,0.5235987755982988,0.0023286065134154876,0.008339262374471804,-0.02224028696501107,-0.02224028696501107,0.0
0.531,0.5213124557955833,0.042286710699891976,0.5235987755982988,0.002286319802715542,0.008318139518763548,0.0035695573189563276,0.0035695573189563276,0.0
0.532,0.5213550802085974,0.04262441301413527,0.5235987755982988,0.0022436953897013723,0.00830071363818019,0.010136983140857293,0.010136983140857293,0.0
0.533,0.5213976650212623,0.04258481266481404,0.5235987755982988,0.002201110577036536,0.00827917035721831,0.0026179460547062147,0.0026179460547062147,0.0
0.534,0.5214396102104845,0.04194518922214053,0.5235987755982988,0.0021591653878143546,0.008251036542466854,-0.009385683840285014,-0.009385683840285014,0.0
0.535,0.5214822102703728,0.042600059888369846,0.5235987755982988,0.0021165653279260344,0.008237295736788197,0.01645302846235761,0.01645302846235761,0.0
0.536,0.5215239811113401,0.04177084096731221,0.5235987755982988,0.0020747944869586865,0.008207177813068517,-0.013176373630083067,-0.013176373630083067,0.0
0.537,0.5215657043069551,0.04172319561501047,0.5235987755982988,0.002033071291343669,0.008185766661359933,0.0023887602313500886,0.0023887602313500886,0.0
0.538,0.5216062862152456,0.040581908290441046,0.5235987755982988,0.0019924893830531865,0.008152294792025314,-0.019487890842187612,-0.019487890842187612,0.0
0.539,0.5216480284666017,0.04174225135611242,0.5235987755982988,0.0019507471316970726,0.008144367888987385,0.026453413976662763,0.026453413976662763,0.0
0.54,0.5216897766288373,0.04174816223551318,0.5235987755982988,0.0019089989694615062,0.008123722879708474,0.0034575976965041735,0.0034575976965041735,0.0
0.541,0.5217320618373911,0.042285208553772526,0.5235987755982988,0.0018667137609077455,0.008109020478016222,0.014080779344028089,0.014080779344028089,0.0
0.542,0.5217742572648203,0.042195427429258185,0.5235987755982988,0.0018245183334785198,0.008087437149375742,0.0015871941940149847,0.0015871941940149847,0.0
0.543,0.5218156588894048,0.041401624584533316,0.5235987755982988,0.0017831167088939726,0.008058108834446636,-0.012500422700156687,-0.012500422700156687,0.0
0.544,0.5218565732725642,0.040914383159313145,0.5235987755982988,0.001742202325734632,0.008032223381421776,-0.006432698537640731,-0.006432698537640731,0.0
0.545,0.5218970570450844,0.04048377252020242,0.5235987755982988,0.0017017185532144374,0.008007015525999849,-0.005339062129469448,-0.005339062129469448,0.0
0.546,0.5219370559133559,0.039998868271605384,0.5235987755982988,0.0016617196849428861,0.007981256821955348,-0.00645938317032442,-0.00645938317032442,0.0
0.547,0.521976351816531,0.039295903175071534,0.5235987755982988,0.0016224237817678011,0.007953131793379878,-0.010859392468948514,-0.010859392468948514,0.0
0.548,0.5220157391958621,0.039387379331106614,0.5235987755982988,0.0015830364024367327,0.00793385619028171,0.004973195374707341,0.004973195374707341,0.0
0.549,0.5220540953706082,0.03835617474611979,0.5235987755982988,0.001544680227690609,0.007902198360750044,-0.017473101353247915,-0.017473101353247915,0.0
0.55,0.5220915097627199,0.03741439211170597,0.5235987755982988,0.0015072658355789192,0.007871573346615784,-0.01576715870858688,-0.01576715870858688,0.0
0.551,0.5221282113891558,0.03670162643588661,0.5235987755982988,0.0014705642091430438,0.007843529009285852,-0.011262162147450641,-0.011262162147450641,0.0
0.552,0.5221641258653023,0.035914476146485796,0.5235987755982988,0.0014346497329965624,0.007814706560133732,-0.012806875673145458,-0.012806875673145458,0.0
0.553,0.5221994581335494,0.03533226824718281,0.5235987755982988,0.0013993174647494167,0.0077881998938207075,-0.008770999894340874,-0.008770999894340874,0.0
0.554,0.5222331354665568,0.03367733300745287,0.5235987755982988,0.0013656401317420075,0.00774985467343072,-0.030272123334824208,-0.030272123334824208,0.0
0.555,0.5222666170416613,0.03348157510457403,0.5235987755982988,0.001332158556637486,0.007727710493494911,-0.0012209714169805902,-0.0012209714169805902,0.0
0.556,0.5223000302064514,0.03341316479011454,0.5235987755982988,0.001298745391847378,0.007707030032138513,0.0013103197191761534,0.0013103197191761534,0.0
0.557,0.5223336334026369,0.03360319618546901,0.5235987755982988,0.0012651421956618725,0.0076892674453959125,0.006473681090298555,0.006473681090298555,0.0
0.558,0.5223675556385112,0.03392223587432927,0.5235987755982988,0.0012312199597875884,0.007672991939714507,0.009069049472042717,0.009069049472042717,0.0
0.559,0.5224018719891484,0.034316350637192704,0.5235987755982988,0.0011969036091503682,0.007657607515575251,0.010596074127215051,0.010596074127215051,0.0
0.56,0.5224362925890886,0.0344205999402404,0.5235987755982988,0.00116248300921018,0.007639071369610738,0.004830294111929437,0.004830294111929437,0.0
0.561,0.5224702626612137,0.03397007212501772,0.5235987755982988,0.0011285129370851577,0.0076144440758947884,-0.006256908309234387,-0.006256908309234387,0.0
0.562,0.5225035388241214,0.033276162907753155,0.5235987755982988,0.0010952367741774438,0.007587168287000182,-0.011160578575289938,-0.011160578575289938,0.0
0.5630000000000001,0.522536334038935,0.03279521481358898,0.5235987755982988,0.001062441559363858,0.007562296979362696,-0.006956868850663357,-0.006956868850663357,0.0
0.5640000000000001,0.5225691782979149,0.03284425897995039,0.5235987755982988,0.0010295973003838776,0.007543345741476547,0.0036045005123154367,0.0036045005123154367,0.0
0.5650000000000001,0.5226009890174111,0.0318107194962419,0.5235987755982988,0.0009977865808876718,0.007512453787092526,-0.018043248955773833,-0.018043248955773833,0.0
0.5660000000000001,0.5226319342147506,0.030945197339477745,0.5235987755982988,0.0009668413835481893,0.007483463285978373,-0.01476558557558378,-0.01476558557558378,0.0
0.5670000000000001,0.52266263234117,0.0306981264194599,0.5235987755982988,0.0009361432571287631,0.007461367375151176,-0.0024658026131986754,-0.0024658026131986754,0.0
0.5680000000000001,0.5226933897853162,0.03075744414620778,0.5235987755982988,0.0009053858129826065,0.007442716609374311,0.003642204648514398,0.003642204648514398,0.0
0.5690000000000001,0.5227234171634483,0.030027378132036014,0.5235987755982988,0.0008753584348505372,0.0074153735025606765,-0.012140724751738718,-0.012140724751738718,0.0
0.5700000000000001,0.5227529818779929,0.02956471454458702,0.5235987755982988,0.0008457937203059096,0.0073910366887040444,-0.006851081498416976,-0.006851081498416976,0.0
0.5710000000000001,0.5227831309530807,0.030149075087787653,0.5235987755982988,0.0008156446452181054,0.007378348159387734,0.0140523880275796,0.0140523880275796,0.0
0.5720000000000001,0.5228129147922177,0.02978383913694384,0.5235987755982988,0.0007858608060811179,0.007355198833178984,-0.0048927930098532565,-0.0048927930098532565,0.0
0.5730000000000001,0.5228421325964311,0.029217804213362324,0.5235987755982988,0.0007566430018677295,0.007329872525419112,-0.008937991340674821,-0.008937991340674821,0.0
0.5740000000000001,0.522871542252146,0.02940965571492315,0.5235987755982988,0.0007272333461527669,0.007312988919735561,0.006174454368285471,0.006174454368285471,0.0
0.5750000000000001,0.5229004137440548,0.028871491908763355,0.5235987755982988,0.0006983618542439896,0.007288071773882553,-0.00841050366600199,-0.00841050366600199,0.0
0.5760000000000001,0.522929806964124,0.029393220069228575,0.5235987755982988,0.0006689686341747603,0.007274943753767645,0.012744282562005445,0.012744282562005445,0.0
0.577,0.5229578897219223,0.02808275779820796,0.5235987755982988,0.0006408858763765624,0.007241573944025977,-0.02385778781487398,-0.02385778781487398,0.0
0.578,0.5229848125047021,0.02692278277984211,0.5235987755982988,0.0006139630935967366,0.0072099059387829905,-0.020952879743460384,-0.020952879743460384,0.0
0.579,0.5230116026750895,0.026790170387476317,0.5235987755982988,0.0005871729232093115,0.007189657764312717,-0.0004984252249285101,-0.0004984252249285101,0.0
0.58,0.5230378602257666,0.0262575506770749,0.5235987755982988,0.0005609153725322225,0.007165027587360587,-0.008509180577030248,-0.008509180577030248,0.0
0.581,0.5230653576448242,0.02749741905756596,0.5235987755982988,0.0005334179534746131,0.007160081788871493,0.026897971663987184,0.026897971663987184,0.0
0.582,0.5230931671532155,0.02780950839130702,0.5235987755982988,0.0005056084450832943,0.007144924543029426,0.008441580199426504,0.008441580199426504,0.0
0.583,0.5231206919953545,0.027524842138941626,0.5235987755982988,0.0004780836029443236,0.007123210865970617,-0.003468564376003319,-0.003468564376003319,0.0
0.584,0.5231484241124695,0.02773211711504367,0.5235987755982988,0.0004503514858292812,0.0071069955931525024,0.00634748689315617,0.00634748689315617,0.0
0.585,0.5231751942648122,0.02677015234261252,0.5235987755982988,0.0004235813334866334,0.007077878859609465,-0.01702072607941949,-0.01702072607941949,0.0
0.586,0.5232002582013725,0.025063936560330118,0.5235987755982988,0.00039851739692631227,0.007040553597694625,-0.03198270345823904,-0.03198270345823904,0.0
0.587,0.5232257490722838,0.025490870911345394,0.5235987755982988,0.00037302652601500785,0.007026892120662303,0.010543801945131898,0.010543801945131898,0.0
0.588,0.5232513911322186,0.02564205993486469,0.5235987755982988,0.0003473844660801806,0.007010232059465617,0.005063050143293574,0.005063050143293574,0.0
0.589,0.5232764714500963,0.02508031787762241,0.5235987755982988,0.0003223041482025568,0.006985725335561249,-0.009183476350056417,-0.009183476350056417,0.0
0.59,0.5233001519768834,0.02368052678716532,0.5235987755982988,0.000298623621415417,0.006951975738299898,-0.025989396378932043,-0.025989396378932043,0.0
0.591,0.5233243243880878,0.024172411204401185,0.5235987755982988,0.00027445121021096863,0.0069392179830623305,0.011732130487690545,0.011732130487690545,0.0
0.592,0.5233479945991453,0.02367021105742737,0.5235987755982988,0.0002507809991535437,0.0069155025814233075,-0.008110210043124212,-0.008110210043124212,0.0
0.593,0.5233701962977532,0.022201698607907622,0.5235987755982988,0.00022857930054565045,0.00688112355371532,-0.02747663210580071,-0.02747663210580071,0.0
0.594,0.5233932315151554,0.02303521740217892,0.5235987755982988,0.00020554408314343853,0.006872281943746058,0.018446511774058535,0.018446511774058535,0.0
0.595,0.5234167692920407,0.02353777688534061,0.5235987755982988,0.00018200630625808678,0.006859834629251143,0.011894007055408145,0.011894007055408145,0.0
0.596,0.5234402018998786,0.023432607837902856,0.5235987755982988,0.00015857369842020574,0.006840710234822233,-0.00022035879792785262,-0.00022035879792785262,0.0
0.597,0.5234635786561416,0.023376756263006775,0.5235987755982988,0.0001351969421572452,0.006822180609312537,0.0007575771291105787,0.0007575771291105787,0.0
0.598,0.5234860433197673,0.022464663625809577,0.5235987755982988,0.00011273227853147993,0.006794212401395935,-0.016371712242903395,-0.016371712242903395,0.0
0.599,0.523508018373596,0.02197505382866017,0.5235987755982988,9.075722470286429e-05,0.006770962492886293,-0.007995022852923403,-0.007995022852923403,0.0
0.6,0.5235307988853873,0.022780511791368318,0.5235987755982988,6.797671291147722e-05,0.0067621050696707935,0.017867163560455795,0.017867163560455795,0.0
0.601,0.5235528471979286,0.0220483125412496,0.5235987755982988,4.592840037020984e-05,0.0067362701281708385,-0.012821544059064847,-0.012821544059064847,0.0
0.602,0.5235748985712306,0.02205137330199529,0.5235987755982988,2.3877027068186507e-05,0.0067186212248895975,0.0018250802182137454,0.0018250802182137454,0.0
0.603,0.5235957655139858,0.020866942755211344,0.5235987755982988,3.0100843130265176e-06,0.006687863547772718,-0.02192450107151929,-0.02192450107151929,0.0
0.604,0.5236167353067798,0.020969792794030957,0.5235987755982988,-1.7959708480952408e-05,0.006671402073234184,0.0037263561968091698,0.0037263561968091698,0.0
0.605,0.5236377846884943,0.021049381714570818,0.5235987755982988,-3.9009090195496476e-05,0.0066547330158758175,0.0032693618343197055,0.0032693618343197055,0.0
0.606,0.5236581447372016,0.020360048707367483,0.5235987755982988,-5.936913890280948e-05,0.006629593750121646,-0.012102709606901019,-0.012102709606901019,0.0
0.607,0.5236777196928333,0.019574955631611053,0.5235987755982988,-7.894409453446105e-05,0.006603432516676134,-0.014073057618539171,-0.014073057618539171,0.0
0.608,0.5236967612381747,0.019041545341351468,0.5235987755982988,-9.798563987584163e-05,0.006580097684577495,-0.009102209354662848,-0.009102209354662848,0.0
0.609,0.5237166444306088,0.019883192434226926,0.5235987755982988,-0.00011786883231001966,0.006572039943337567,0.01835626548481728,0.01835626548481728,0.0
0.61,0.523735872544789,0.019228114180194062,0.5235987755982988,-0.00013709694649022275,0.006547457611258561,-0.011510909685919106,-0.011510909685919106,0.0
0.611,0.5237554779697386,0.01960542494959461,0.5235987755982988,-0.0001567023714398319,0.006534353553899078,0.009084464522426484,0.009084464522426484,0.0
0.612,0.523774607793688,0.019129823949363207,0.5235987755982988,-0.0001758321953891917,0.006511851972858549,-0.007943586008660491,-0.007943586008660491,0.0
0.613,0.5237943326874922,0.01972489380421931,0.5235987755982988,-0.00019555708919338777,0.00650125503277477,0.013431783013071078,0.013431783013071078,0.0
0.614,0.5238134014201401,0.019068732647898774,0.5235987755982988,-0.00021462582184128554,0.006476849765857348,-0.011545231622073174,-0.011545231622073174,0.0
0.615,0.5238326453861532,0.01924396601302479,0.5235987755982988,-0.000233869787854335,0.006461695149283977,0.0050301659143522325,0.0050301659143522325,0.0
0.616,0.5238523303199086,0.019684933755459526,0.5235987755982988,-0.0002535547216098166,0.006449534704066977,0.010358872129736695,0.010358872129736695,0.0
0.617,0.5238711395135541,0.01880919364550351,0.5235987755982988,-0.00027236391525531367,0.006422837927879155,-0.015940007498683552,-0.015940007498683552,0.0
0.618,0.5238894327519537,0.01829323839950257,0.5235987755982988,-0.0002906571536548386,0.006400162825902549,-0.008814369428378543,-0.008814369428378543,0.0
0.619,0.523907778883469,0.018346131515301893,0.5235987755982988,-0.00030900328517013964,0.006383830696959853,0.002521321387946699,0.002521321387946699,0.0
0.62,0.5239248544140441,0.017075530575210884,0.5235987755982988,-0.00032607881574531206,0.006352881399582903,-0.023944328280596013,-0.023944328280596013,0.0
0.621,0.5239419510064732,0.017096592429067706,0.5235987755982988,-0.00034317540817441206,0.006336273572727079,0.0017872795231532665,0.0017872795231532665,0.0
0.622,0.5239587523109294,0.01680130445610823,0.5235987755982988,-0.00035997671263054976,0.0063162074231822045,-0.004538032064864098,-0.004538032064864098,0.0
0.623,0.5239751198084649,0.016367497535551456,0.5235987755982988,-0.00037634421016607966,0.00629464893499907,-0.007332034054646844,-0.007332034054646844,0.0
0.624,0.523991637040182,0.016517231717186512,0.5235987755982988,-0.0003928614418832188,0.0062795967681074085,0.004304083435545239,0.004304083435545239,0.0
0.625,0.5240075869300893,0.01594988990724167,0.5235987755982988,-0.0004088113317904929,0.0062566474930370155,-0.010025457661521957,-0.010025457661521957,0.0
0.626,0.5240236386520095,0.016051721920152338,0.5235987755982988,-0.0004248630537107001,0.0062411513124196235,0.0033126314507927225,0.0033126314507927225,0.0
0.627,0.5240396903942722,0.016051742262705938,0.5235987755982988,-0.00044091479597341277,0.006224574463689754,0.0012845446046842145,0.0012845446046842145,0.0
0.628,0.5240546085110785,0.014918116806280825,0.5235987755982988,-0.00045583291277973004,0.006195482362822201,-0.021388369747485765,-0.021388369747485765,0.0
0.629,0.5240699959902684,0.015387479189841041,0.5235987755982988,-0.00047122039196956234,0.0061841822438203145,0.010580697015706794,0.010580697015706794,0.0
0.63,0.5240866592296711,0.016663239402717366,0.5235987755982988,-0.00048788363137231006,0.006181869385855557,0.026746202592713788,0.026746202592713788,0.0
0.631,0.5241019301809435,0.01527095127237604,0.5235987755982988,-0.0005031545826447159,0.006150056615559775,-0.026512703454609127,-0.026512703454609127,0.0
0.632,0.5241153298421936,0.013399661250023521,0.5235987755982988,-0.0005165542438947401,0.006112962761031764,-0.03620412434526028,-0.03620412434526028,0.0
0.633,0.5241288772194147,0.013547377221090864,0.5235987755982988,-0.000530101621115886,0.006098259979046274,0.00402629232134873,0.00402629232134873,0.0
0.634,0.524143509919609,0.01463270019432378,0.5235987755982988,-0.0005447343213101918,0.00609399346921088,0.022790249642345592,0.022790249642345592,0.0
0.635,0.5241580893127298,0.014579393120827983,0.5235987755982988,-0.0005593137144309646,0.006077170481509814,0.00010447454562997893,0.00010447454562997893,0.0
0.636,0.5241725904049042,0.0145010921743418,0.5235987755982988,-0.0005738148066053439,0.006060114791821389,-0.00039966748005739947,-0.00039966748005739947,0.0
0.637,0.524186945167697,0.014354762792867789,0.5235987755982988,-0.0005881695693982225,0.006042349099735716,-0.0017665002555328664,-0.0017665002555328664,0.0
0.638,0.5242017344285098,0.014789260812805115,0.5235987755982988,-0.0006029588302109978,0.006031061895261199,0.009838341422175937,0.009838341422175937,0.0
0.639,0.524215837070159,0.014102641649086594,0.5235987755982988,-0.0006170614718601364,0.006007402863745602,-0.012549242409346004,-0.012549242409346004,0.0
0.64,0.5242293363970244,0.013499326865453395,0.5235987755982988,-0.0006305607987255879,0.005984701978061688,-0.010938084340737033,-0.010938084340737033,0.0
0.641,0.5242435458939038,0.014209496879404263,0.5235987755982988,-0.0006447702956049461,0.005976591084176894,0.015283346428253627,0.015283346428253627,0.0
0.642,0.5242570042307283,0.013458336824491931,0.5235987755982988,-0.0006582286324294806,0.005952342110897792,-0.01388644134789429,-0.01388644134789429,0.0
0.643,0.5242689136411391,0.01190941041086295,0.5235987755982988,-0.0006701380428403292,0.005919287500437344,-0.029901861326620274,-0.029901861326620274,0.0
0.644,0.5242805882258361,0.011674584697001996,0.5235987755982988,-0.0006818126275373038,0.005900816476090232,-0.0037437614443500584,-0.0037437614443500584,0.0
0.645,0.524292357952721,0.0117697268849305,0.5235987755982988,-0.0006935823544221842,0.005886042364264126,0.0028368105343302384,0.0028368105343302384,0.0
0.646,0.5243040785980716,0.011720645350601279,0.5235987755982988,-0.0007053029997727833,0.005869715347999798,-4.0052535789963234e-05,-4.0052535789963234e-05,0.0
0.647,0.5243152651216156,0.011186523544002444,0.5235987755982988,-0.0007164895233168211,0.005848056976119506,-0.0097447845039286,-0.0097447845039286,0.0
0.648,0.5243274324577559,0.012167336140278389,0.5235987755982988,-0.0007286568594571108,0.005843220903503685,0.020511173809039072,0.020511173809039072,0.0
0.649,0.5243392841607974,0.01185170304154298,0.5235987755982988,-0.0007405085624986318,0.005824076648877089,-0.0053392750834859,-0.0053392750834859,0.0
0.65,0.5243511862300306,0.011902069233152467,0.5235987755982988,-0.0007524106317318147,0.005809026829946966,0.001955460075513185,0.001955460075513185,0.0
0.651,0.5243617112977097,0.0105250676790894,0.5235987755982988,-0.0007629356994108827,0.005778205223469213,-0.026587865542609144,-0.026587865542609144,0.0
0.652,0.5243722478294359,0.010536531726192467,0.5235987755982988,-0.0007734722311371067,0.005762792625263697,0.0010712863563884997,0.0010712863563884997,0.0
0.653,0.524381622668546,0.009374839110172895,0.5235987755982988,-0.0007828470702472279,0.005734424263541473,-0.022390929782296058,-0.022390929782296058,0.0
0.654,0.5243916777466757,0.010055078129661082,0.5235987755982988,-0.0007929021483769061,0.005726492211575195,0.01435476751857758,0.01435476751857758,0.0
0.655,0.524401274270616,0.009596523940266154,0.5235987755982988,-0.0008024986723171867,0.005705994073849211,-0.008366677537525683,-0.008366677537525683,0.0
0.656,0.5244106121740889,0.009337903472864327,0.5235987755982988,-0.0008118365757900925,0.005687747726036435,-0.004404687432815239,-0.004404687432815239,0.0
0.657,0.5244204533263467,0.009841152257817776,0.5235987755982988,-0.0008216777280478649,0.0056779822242894636,0.010812007976898127,0.010812007976898127,0.0
0.658,0.5244300814233599,0.009628097013212569,0.5235987755982988,-0.0008313058250610794,0.005660329191695045,-0.00347381271147873,-0.00347381271147873,0.0
0.659,0.5244388529874232,0.008771564063326338,0.5235987755982988,-0.000840077389124394,0.005635585669703276,-0.016360411236667607,-0.016360411236667607,0.0
0.66,0.5244478042015671,0.00895121414386599,0.5235987755982988,-0.0008490286032682981,0.005622353979059145,0.00429472673585914,0.00429472673585914,0.0
0.661,0.5244577703981388,0.009966196571669153,0.5235987755982988,-0.0008589947998399738,0.005618422663708605,0.021015745687572567,0.021015745687572567,0.0
0.662,0.5244675927578063,0.009822359667473822,0.5235987755982988,-0.0008688171595074845,0.005601707120397405,-0.0020794423581730927,-0.0020794423581730927,0.0
0.663,0.5244778310850445,0.010238327238177044,0.5235987755982988,-0.0008790554867457168,0.005591234325153901,0.009105140187462349,0.009105140187462349,0.0
0.664,0.5244880832771136,0.010252192069072219,0.5235987755982988,-0.000889307678814788,0.005576353544639323,0.0010963627969576596,0.0010963627969576596,0.0
0.665,0.5244981726138274,0.010089336713711943,0.5235987755982988,-0.0008993970155285469,0.0055595564812238795,-0.002436931741679728,-0.002436931741679728,0.0
0.666,0.5245091262248499,0.010953611022523787,0.5235987755982988,-0.000910350626551093,0.005554179667211256,0.018092633113333846,0.018092633113333846,0.0
0.667,0.5245207966977277,0.011670472877746868,0.5235987755982988,-0.0009220210994288491,0.005547222674219681,0.015213525986263533,0.015213525986263533,0.0
0.668,0.5245317846020803,0.010987904352630981,0.5235987755982988,-0.0009330090037814598,0.0055248105711486585,-0.012717732672097977,-0.012717732672097977,0.0
0.669,0.5245427738127492,0.010989210668841396,0.5235987755982988,-0.0009439982144503478,0.005510007859689753,0.00090515867241878,0.00090515867241878,0.0
0.67,0.5245550391782864,0.012265365537231756,0.5235987755982988,-0.0009562635799875707,0.0055093719565999285,0.02640223422131449,0.02640223422131449,0.0
0.671,0.524566340951943,0.011301773656567685,0.5235987755982988,-0.0009675653536441731,0.005483977237401423,-0.018290608370302885,-0.018290608370302885,0.0
0.672,0.524577078335217,0.010737383274105136,0.5235987755982988,-0.000978302736918235,0.005463033441310713,-0.010383665756725554,-0.010383665756725554,0.0
0.673,0.524587912930629,0.010834595411965095,0.5235987755982988,-0.0009891373323301922,0.005449453422591917,0.0028032334191275925,0.0028032334191275925,0.0
0.674,0.5245992042587508,0.011291328121798084,0.5235987755982988,-0.001000428660452024,0.005439898937670397,0.010001421829616983,0.010001421829616983,0.0
0.675,0.5246095424320893,0.010338173338541657,0.5235987755982988,-0.001010766833790533,0.005414769140383009,-0.018159789415384674,-0.018159789415384674,0.0
0.676,0.5246193100380201,0.00976760593075271,0.5235987755982988,-0.0010205344397212768,0.005393905904931147,-0.010584294288695614,-0.010584294288695614,0.0
0.677,0.5246272675061117,0.007957468091532922,0.5235987755982988,-0.0010284919078128452,0.0053593403216432856,-0.03542134830993551,-0.03542134830993551,0.0
0.678,0.5246348075011081,0.007539994996444654,0.5235987755982988,-0.0010360319028093201,0.005340221448478378,-0.007712864454442737,-0.007712864454442737,0.0
0.679,0.5246419796141667,0.007172113058612234,0.5235987755982988,-0.0010432040158678824,0.00532168651972529,-0.006754439156932829,-0.006754439156932829,0.0
0.68,0.524649158159156,0.007178544989298217,0.5235987755982988,-0.0010503825608572104,0.005307334151337357,0.0007024076584086422,0.0007024076584086422,0.0
0.681,0.5246557139626533,0.006555803497330795,0.5235987755982988,-0.0010569383643544983,0.0052860503746077776,-0.011880546240204584,-0.011880546240204584,0.0
0.682,0.5246618164411709,0.006102478517590754,0.5235987755982988,-0.0010630408428721205,0.005266675146248745,-0.008542035315014365,-0.008542035315014365,0.0
0.683,0.5246671042476957,0.005287806524795964,0.5235987755982988,-0.0010683286493968769,0.005243329651896539,-0.015805241574488524,-0.015805241574488524,0.0
0.684,0.5246727616443141,0.005657396618354542,0.5235987755982988,-0.001073986046015274,0.005233134736735139,0.007814826393155238,0.007814826393155238,0.0
0.685,0.5246786930315732,0.005931387259094413,0.5235987755982988,-0.0010799174332744021,0.005221925169344884,0.005932404544265774,0.005932404544265774,0.0
0.686,0.5246848930320819,0.006200000508622492,0.5235987755982988,-0.0010861174337830626,0.005210699213735225,0.005846775971289124,0.005846775971289124,0.0
0.687,0.5246905289249739,0.005635892892006905,0.5235987755982988,-0.0010917533266751045,0.005190289436250295,-0.010786152291621935,-0.010786152291621935,0.0
0.6880000000000001,0.5246951988898345,0.004669964860601542,0.5235987755982988,-0.0010964232915356975,0.00516545888978049,-0.018867689196746716,-0.018867689196746716,0.0
0.6890000000000001,0.5247002175564252,0.00501866659067111,0.5235987755982988,-0.0011014419581263368,0.0051552208495263836,0.007347631790239485,0.007347631790239485,0.0
0.6900000000000001,0.5247055244123828,0.005306855957664763,0.5235987755982988,-0.0011067488140840132,0.005144356127321117,0.006165280667126752,0.006165280667126752,0.0
0.6910000000000001,0.5247106202248465,0.005095812463715368,0.5235987755982988,-0.0011118446265476756,0.005128002608185948,-0.003796321402374705,-0.003796321402374705,0.0
0.6920000000000001,0.5247158698512565,0.0052496264100242085,0.5235987755982988,-0.0011170942529576955,0.005115727777649851,0.00348394392327403,0.00348394392327403,0.0
0.6930000000000001,0.5247204972356716,0.004627384415061034,0.5235987755982988,-0.0011217216373727856,0.005094894808854998,-0.012024869786461556,-0.012024869786461556,0.0
0.6940000000000001,0.5247265710932771,0.006073857605489642,0.5235987755982988,-0.001127795494978323,0.005097014022438101,0.02929965456177704,0.02929965456177704,0.0
0.6950000000000001,0.5247330533519344,0.006482258657320235,0.5235987755982988,-0.0011342777536356152,0.005087689290877359,0.008653929645051024,0.008653929645051024,0.0
0.6960000000000001,0.5247398706037534,0.0068172518189440305,0.5235987755982988,-0.001141095005454562,0.005077595106650586,0.007218443925061536,0.007218443925061536,0.0
0.6970000000000001,0.5247479528302368,0.008082226483401251,0.5235987755982988,-0.00114917723193797,0.005077848235681836,0.02584487343465992,0.02584487343465992,0.0
0.6980000000000001,0.5247563202167295,0.008367386492675741,0.5235987755982988,-0.0011575446184306504,0.005067300056804137,0.006349778304161908,0.006349778304161908,0.0
0.6990000000000001,0.5247649066616398,0.008586444910259724,0.5235987755982988,-0.0011661310633409583,0.005056061308320521,0.005050559271093703,0.005050559271093703,0.0
0.7000000000000001,0.5247732326115915,0.008325949951695373,0.5235987755982988,-0.0011744570132926624,0.00503954979024846,-0.004522983578466248,-0.004522983578466248,0.0
0.7010000000000001,0.5247804845306585,0.007251919066997728,0.5235987755982988,-0.001181708932359693,0.005014058216481669,-0.02081454169781727,-0.02081454169781727,0.0
0.7020000000000001,0.5247876076809183,0.0071231502597029405,0.5235987755982988,-0.0011888320826194398,0.004999063472047905,-0.001995222620535926,-0.001995222620535926,0.0
0.7030000000000001,0.5247951003818419,0.007492700923586748,0.5235987755982988,-0.0011963247835430346,0.004989626102484588,0.007960865298452378,0.007960865298452378,0.0
0.704,0.5248023064407333,0.007206058891520861,0.5235987755982988,-0.0012035308424345192,0.0049729604209999044,-0.005133424567430784,-0.005133424567430784,0.0
0.705,0.5248085465730297,0.006240132296306551,0.5235987755982988,-0.0012097709747308505,0.004948801501721254,-0.01874204719296452,-0.01874204719296452,0.0
0.706,0.5248151772349676,0.006630661937905128,0.5235987755982988,-0.0012164016366688069,0.004939696679509105,0.008309803415676064,0.008309803415676064,0.0
0.707,0.5248221133595322,0.0069361245646106075,0.5235987755982988,-0.0012233377612334007,0.004929691816401956,0.006639705489142004,0.006639705489142004,0.0
0.708,0.5248283930059339,0.006279646401625032,0.5235987755982988,-0.001229617407635053,0.004909069582398326,-0.012574673294542676,-0.012574673294542676,0.0
0.709,0.5248345598611897,0.0061668552557566075,0.5235987755982988,-0.0012357842628908378,0.004894499610588226,-0.0017534512052384751,-0.0017534512052384751,0.0
0.71,0.5248400689222988,0.005509061109239035,0.5235987755982988,-0.0012412933240000257,0.00487392618534566,-0.012662534509890907,-0.012662534509890907,0.0
0.711,0.5248453896205153,0.0053206982164209935,0.5235987755982988,-0.0012466140222164857,0.004858582050224136,-0.0033265329676217086,-0.0033265329676217086,0.0
0.712,0.5248500813402068,0.004691719691519654,0.5235987755982988,-0.0012513057419080154,0.004838389903469657,-0.012153914640713116,-0.012153914640713116,0.0
0.713,0.5248552891853595,0.005207845152705676,0.5235987755982988,-0.0012565135870606925,0.004830913946285,0.01069784679904202,0.01069784679904202,0.0
0.714,0.524860314330885,0.0050251455255012215,0.5235987755982988,-0.0012615387325861649,0.004815738359213921,-0.003237364931872634,-0.003237364931872634,0.0
0.715,0.5248652917082333,0.0049773773483083724,0.5235987755982988,-0.0012665161099344457,0.004802091797608443,-0.0005533519018168891,-0.0005533519018168891,0.0
0.716,0.5248708521550135,0.005560446780205689,0.5235987755982988,-0.0012720765567146852,0.00479547081136898,0.012059578825811003,0.012059578825811003,0.0
0.717,0.5248771540490643,0.006301894050874575,0.5235987755982988,-0.001278378450765505,0.004790648887324077,0.015273781155794178,0.015273781155794178,0.0
0.718,0.5248827045968971,0.005550547832827115,0.5235987755982988,-0.001283928998598305,0.004769332534263967,-0.014522772836879232,-0.014522772836879232,0.0
0.719,0.5248882184644059,0.005513867508769515,0.5235987755982988,-0.0012894428661071045,0.0047559606642773485,-0.00028956265452583993,-0.00028956265452583993,0.0
0.72,0.5248941147641789,0.005896299773031135,0.5235987755982988,-0.001295339165880094,0.004747268116556876,0.00808975468593396,0.00808975468593396,0.0
0.721,0.5248997675187219,0.005652754543046199,0.5235987755982988,-0.0013009919204231002,0.004731680559104998,-0.004399200617856227,-0.004399200617856227,0.0
0.722,0.5249044203812071,0.004652862485218099,0.5235987755982988,-0.0013056447829082884,0.0047077448119644755,-0.019545620793118303,-0.019545620793118303,0.0
0.723,0.5249103059825633,0.0058856013561549205,0.5235987755982988,-0.0013115303842644588,0.004708569345126654,0.025027006417553885,0.025027006417553885,0.0
0.724,0.5249168100613404,0.006504078777119498,0.5235987755982988,-0.001318034463041573,0.004702640009836986,0.012840396527783945,0.012840396527783945,0.0
0.725,0.5249235066472068,0.006696585866414168,0.5235987755982988,-0.0013247310489079567,0.004692034618168775,0.0043704680880629655,0.0043704680880629655,0.0
0.726,0.5249288679966957,0.005361349488865675,0.5235987755982988,-0.001330092398396876,0.004664539231037196,-0.026169000681656736,-0.026169000681656736,0.0
0.727,0.5249337517992461,0.004883802550416595,0.5235987755982988,-0.0013349762009472466,0.004646564313051014,-0.009122030809872343,-0.009122030809872343,0.0
0.728,0.524937889632805,0.004137833558876358,0.5235987755982988,-0.0013391140345061503,0.004625643815991719,-0.014528675626771403,-0.014528675626771403,0.0
0.729,0.5249425454203617,0.004655787556725813,0.5235987755982988,-0.0013437698220628569,0.004618752894973293,0.010690106641699205,0.010690106641699205,0.0
0.73,0.5249476522654484,0.005106845086667871,0.5235987755982988,-0.0013488766671495567,0.00461116278368715,0.009393613603379236,0.009393613603379236,0.0
0.731,0.5249521745408889,0.00452227544058052,0.5235987755982988,-0.0013533989425901227,0.004592138595746292,-0.011282845314813595,-0.011282845314813595,0.0
0.732,0.5249564047559317,0.0042302150428072385,0.5235987755982988,-0.0013576291576329336,0.004576382297187316,-0.005479425920219182,-0.005479425920219182,0.0
0.733,0.5249600544200309,0.0036496640991793327,0.5235987755982988,-0.0013612788217320926,0.004557460129234368,-0.01127260166913354,-0.01127260166913354,0.0
0.734,0.5249636348697208,0.0035804496898003252,0.5235987755982988,-0.0013648592714219365,0.004544230425242226,-0.0010923150596457987,-0.0010923150596457987,0.0
0.735,0.5249668532429297,0.0032183732089602233,0.5235987755982988,-0.0013680776446308718,0.0045277892918528465,-0.006955093641618015,-0.006955093641618015,0.0
0.736,0.5249698128546063,0.002959611676587478,0.5235987755982988,-0.0013710372563074946,0.00451252241803013,-0.004917760790738086,-0.004917760790738086,0.0
0.737,0.5249721417214646,0.002328866858193844,0.5235987755982988,-0.0013733661231657424,0.004493164667601379,-0.012378127433745684,-0.012378127433745684,0.0
0.738,0.5249738743466942,0.001732625229629252,0.5235987755982988,-0.0013750987483953647,0.0044742148911134875,-0.011738523222636327,-0.011738523222636327,0.0
0.739,0.5249765900272237,0.0027156805296179075,0.5235987755982988,-0.0013778144289249283,0.004472790315801895,0.01979971601814345,0.01979971601814345,0.0
0.74,0.5249805890931251,0.003999065901340119,0.5235987755982988,-0.001381813494826245,0.004474741014027825,0.02588496187681367,0.02588496187681367,0.0
0.741,0.5249837010994035,0.0031120062784319004,0.5235987755982988,-0.0013849255011046946,0.004452693937985611,-0.017421267186057167,-0.017421267186057167,0.0
0.742,0.5249858847137061,0.0021836143025430904,0.5235987755982988,-0.0013871091154072923,0.004430210642303933,-0.01831887901550165,-0.01831887901550165,0.0
0.743,0.5249886116399192,0.0027269262130241436,0.5235987755982988,-0.0013898360416203515,0.004424055447922938,0.01104092735382451,0.01104092735382451,0.0
0.744,0.5249923559206517,0.0037442807325312037,0.5235987755982988,-0.0013935803223529275,0.004423193933932671,0.02056524448718313,0.02056524448718313,0.0
0.745,0.5249957845381544,0.003428617502635243,0.5235987755982988,-0.0013970089398556151,0.004407609617140993,-0.006013722139316717,-0.006013722139316717,0.0
0.746,0.5249983967828813,0.0026122447268146025,0.5235987755982988,-0.001399621184582478,0.004386506451378163,-0.01605316611620199,-0.01605316611620199,0.0
0.747,0.5249997163243167,0.001319541435418171,0.5235987755982988,-0.0014009407260179296,0.004360147659961723,-0.025645086249783462,-0.025645086249783462,0.0
0.748,0.5250006647562415,0.0009484319247610907,0.5235987755982988,-0.001401889157942704,0.004344016155696838,-0.00731662689830815,-0.00731662689830815,0.0
0.749,0.5250018318437809,0.0011670875394068,0.5235987755982988,-0.0014030562454820927,0.004334447682604545,0.004448986846895073,0.004448986846895073,0.0
0.75,0.525003522267958,0.0016904241771255094,0.5235987755982988,-0.0014047466696591737,0.004328291373100115,0.01056009975752673,0.01056009975752673,0.0
0.751,0.5250051140003592,0.0015917324011848757,0.5235987755982988,-0.001406338402060392,0.004315283030468456,-0.0018386015846426351,-0.0018386015846426351,0.0
0.752,0.5250068077122874,0.0016937119281824203,0.5235987755982988,-0.0014080321139885443,0.004304529852617876,0.002166929132045685,0.002166929132045685,0.0
0.753,0.525009040882746,0.002233170458623763,0.5235987755982988,-0.0014102652844472097,0.004298658394612332,0.01092466756308145,0.01092466756308145,0.0
0.754,0.5250098291830587,0.000788300312658749,0.5235987755982988,-0.0014110535847599026,0.004270840089207527,-0.028718749282610385,-0.028718749282610385,0.0
0.755,0.525009467345307,-0.00036183775181318316,0.5235987755982988,-0.0014106917470081415,0.004246300533689265,-0.02293969726442594,-0.02293969726442594,0.0
0.756,0.5250084668832367,-0.0010004620703017654,0.5235987755982988,-0.0014096912849378418,0.004227445721468565,-0.0128014333899167,-0.0128014333899167,0.0
0.757,0.5250081799735952,-0.00028690964143552754,0.5235987755982988,-0.0014094043752963525,0.004223597401803389,0.014191011611700617,0.014191011611700617,0.0
0.758,0.5250074196978031,-0.0007602757920541835,0.5235987755982988,-0.0014086440995042526,0.0042066399154916416,-0.009490275783687961,-0.009490275783687961,0.0
0.759,0.525006362691459,-0.0010570063441251094,0.5235987755982988,-0.0014075870931601342,0.004191665603756328,-0.005995433104782854,-0.005995433104782854,0.0
0.76,0.5250051581144782,-0.0012045769807133002,0.5235987755982988,-0.0014063825161794163,0.004178372362062103,-0.003035973239293825,-0.003035973239293825,0.0
0.761,0.52500330888487,-0.0018492296082706858,0.5235987755982988,-0.0014045332865711968,0.004159601569530294,-0.012989418709604773,-0.012989418709604773,0.0
0.762,0.525001259448117,-0.0020494367530023523,0.5235987755982988,-0.0014024838498182257,0.004145778805479909,-0.004152081263294988,-0.004152081263294988,0.0
0.763,0.5249989607659137,-0.0022986822033921085,0.5235987755982988,-0.0014001851676148647,0.004131442097460277,-0.00514886394803531,-0.00514886394803531,0.0
0.764,0.5249964993697099,-0.002461396203718688,0.5235987755982988,-0.001397723771411119,0.004118092853654125,-0.0034381745828029574,-0.0034381745828029574,0.0
0.765,0.5249940756063989,-0.002423763311031475,0.5235987755982988,-0.0013953000081000644,0.004106993286833724,0.0005557461574467633,0.0005557461574467633,0.0
0.766,0.5249930234134088,-0.0010521929900314108,0.5235987755982988,-0.0013942478151099946,0.004110706604795469,0.027237505355118766,0.027237505355118766,0.0
0.767,0.5249920387327179,-0.000984680690836202,0.5235987755982988,-0.0013932631344191204,0.004100021030014707,0.0012660705447016633,0.0012660705447016633,0.0
0.768,0.5249915163639092,-0.0005223688087916975,0.5235987755982988,-0.0013927407656103563,0.0040937425580122415,0.009167463185623195,0.009167463185623195,0.0
0.769,0.5249918674867012,0.00035112279208514643,0.5235987755982988,-0.0013930918884024202,0.004092057976141201,0.017428042512833544,0.017428042512833544,0.0
0.77,0.5249911430664499,-0.0007244202513764761,0.5235987755982988,-0.001392367468151079,0.004068820823273295,-0.021482771045865642,-0.021482771045865642,0.0
0.771,0.5249894094612226,-0.0017336052272226613,0.5235987755982988,-0.001390633862923818,0.004046335639199389,-0.020241653137033827,-0.020241653137033827,0.0
0.772,0.5249869903987708,-0.002419062451757533,0.5235987755982988,-0.0013882148004720207,0.004027455023628822,-0.013847832908875243,-0.013847832908875243,0.0
0.773,0.5249846431048746,-0.002347293896249729,0.5235987755982988,-0.0013858675065757664,0.004016986641909083,0.0012418461140154824,0.0012418461140154824,0.0
0.774,0.5249816697136717,-0.0029733912028780196,0.5235987755982988,-0.0013828941153728458,0.003998817853624424,-0.0127097296442658,-0.0127097296442658,0.0
0.775,0.5249789702252283,-0.002699488443390907,0.5235987755982988,-0.0013801946269295096,0.003990643944829626,0.005240183893512008,0.005240183893512008,0.0
0.776,0.5249763985488012,-0.0025716764271155376,0.5235987755982988,-0.0013776229505023663,0.003980886084179148,0.00234028125003612,0.00234028125003612,0.0
0.777,0.5249747587874205,-0.00163976138063538,0.5235987755982988,-0.0013759831891216878,0.003980070647278616,0.018432566815433905,0.018432566815433905,0.0
0.778,0.5249730250014756,-0.0017337859449198403,0.5235987755982988,-0.0013742494031767638,0.003967931021000204,-0.0020116721961400373,-0.0020116721961400373,0.0
0.779,0.524971416352551,-0.001608648924605263,0.5235987755982988,-0.0013726407542521413,0.003958249238410563,0.002364037530697957,0.002364037530697957,0.0
0.78,0.5249707785884935,-0.0006377640574963401,0.5235987755982988,-0.0013720029901946873,0.003957970988679902,0.019289005428210035,0.019289005428210035,0.0
0.781,0.5249702320977365,-0.0005464907569412614,0.5235987755982988,-0.0013714564994377065,0.003947990152083283,0.0017744448865018685,0.0017744448865018685,0.0
0.782,0.5249697841543957,-0.0004479433409118705,0.5235987755982988,-0.0013710085560968421,0.003938121608204954,0.0019272290600325162,0.0019272290600325162,0.0
0.783,0.524968240513612,-0.0015436407836741245,0.5235987755982988,-0.001369464915313201,0.003915052138751467,-0.02194978432251803,-0.02194978432251803,0.0
0.784,0.5249662689588366,-0.0019715547753838144,0.5235987755982988,-0.0013674933605377637,0.0038993972734934924,-0.008681771096887728,-0.008681771096887728,0.0
0.785,0.5249644635308534,-0.001805427983266957,0.5235987755982988,-0.001365687932554538,0.0038903489771460347,0.003164811460306439,0.003164811460306439,0.0
0.786,0.5249626580731218,-0.001805457731590473,0.5235987755982988,-0.0013638824748229972,0.0038794920385915406,-0.00014502920513167691,-0.00014502920513167691,0.0
0.787,0.5249609800730226,-0.0016780000991736459,0.5235987755982988,-0.0013622044747237938,0.0038700777758972757,0.0024047160298093055,0.0024047160298093055,0.0
0.788,0.5249595720810145,-0.001407992008097965,0.5235987755982988,-0.0013607964827156982,0.003862274747051898,0.005265921813579724,0.005265921813579724,0.0
0.789,0.5249589618641376,-0.0006102168769697966,0.5235987755982988,-0.0013601862658387809,0.003860353134601292,0.015842863261915533,0.015842863261915533,0.0
0.79,0.5249584873663301,-0.00047449780754466866,0.5235987755982988,-0.001359711768031291,0.003851136402393723,0.0026655640383449752,0.0026655640383449752,0.0
0.791,0.5249585087516925,2.1385362394671413e-05,0.5235987755982988,-0.0013597331533936607,0.0038459419545057534,0.009879703574183227,0.009879703574183227,0.0
0.792,0.5249592956582709,0.0007869065785017498,0.5235987755982988,-0.0013605200599721146,0.0038437715530534565,0.015312135151133142,0.015312135151133142,0.0
0.793,0.5249596649439195,0.0003692856486710802,0.5235987755982988,-0.0013608893456207305,0.0038285314844464756,-0.008289466070333252,-0.008289466070333252,0.0
0.794,0.5249597274734376,6.252951795489926e-05,0.5235987755982988,-0.0013609518751387384,0.0038145435414078813,-0.0061055797624299316,-0.0061055797624299316,0.0
0.795,0.5249608808780112,0.0011534045736345804,0.5235987755982988,-0.0013621052797123667,0.0038160669684261586,0.021822503475030015,0.021822503475030015,0.0
0.796,0.5249619734500902,0.001092572078983494,0.5235987755982988,-0.0013631978517913979,0.0038048732219611936,-0.0011243775271309597,-0.0011243775271309597,0.0
0.797,0.5249623026812487,0.00032923115845434343,0.5235987755982988,-0.0013635270829498447,0.0037859237600475814,-0.015179412644264333,-0.015179412644264333,0.0
0.798,0.5249618955181591,-0.00040716308960803713,0.5235987755982988,-0.0013631199198602673,0.0037672915355219253,-0.014701546468571264,-0.014701546468571264,0.0
0.799,0.5249608380377715,-0.0010574803876015073,0.5235987755982988,-0.0013620624394726777,0.0037496320470539763,-0.013038919007038047,-0.013038919007038047,0.0
0.8,0.5249598097060355,-0.0010283317359510381,0.5235987755982988,-0.0013610341077366916,0.003739521362492609,0.0004983746020012642,0.0004983746020012642,0.0
0.801,0.5249593629408017,-0.0004467652338073809,0.5235987755982988,-0.0013605873425028836,0.0037355609506873645,0.01154906350399706,0.01154906350399706,0.0
0.802,0.5249595926288337,0.00022968803207393793,0.5235987755982988,-0.001360817030534922,0.0037326886622361098,0.013493324098921787,0.013493324098921787,0.0
0.803,0.5249595342079418,-5.842089188456642e-05,0.5235987755982988,-0.0013607586096430202,0.003719166641877226,-0.005743803436604172,-0.005743803436604172,0.0
0.804,0.5249591896465209,-0.00034456142097745386,0.5235987755982988,-0.0013604140482220695,0.0037056911197372844,-0.005727484253208515,-0.005727484253208515,0.0
0.805,0.5249580106630417,-0.0011789834791720605,0.5235987755982988,-0.001359235064742892,0.0036861651021881116,-0.01671600607757033,-0.01671600607757033,0.0
0.806,0.5249561899148899,-0.0018207481518399053,0.5235987755982988,-0.001357414316591088,0.0036687908985079836,-0.012929612131690662,-0.012929612131690662,0.0
0.807,0.5249545612293371,-0.0016286855527513704,0.5235987755982988,-0.001355785631038331,0.0036606754622958418,0.0036955921296235057,0.0036955921296235057,0.0
0.808,0.5249538062681963,-0.0007549611408074014,0.5235987755982988,-0.0013550306698975056,0.0036601440584638086,0.01734419339465927,0.01734419339465927,0.0
0.809,0.5249532602235483,-0.0005460446480801661,0.5235987755982988,-0.0013544846252494525,0.003652286558558524,0.004117932963280113,0.004117932963280113,0.0
0.81,0.5249525639078234,-0.0006963157248997265,0.5235987755982988,-0.001353788309524595,0.0036404801663695876,-0.00304910510823762,-0.00304910510823762,0.0
0.811,0.5249519932300873,-0.0005706777360908449,0.5235987755982988,-0.001353217631788528,0.003631756982816312,0.0024570545181856543,0.0024570545181856543,0.0
0.812,0.5249517713650358,-0.0002218650515243776,0.5235987755982988,-0.0013529957667369752,0.0036255363814636033,0.006930599472442078,0.006930599472442078,0.0
0.8130000000000001,0.5249513405983345,-0.00043076670128155297,0.5235987755982988,-0.001352565000035666,0.003613168811321452,-0.004195782199265457,-0.004195782199265457,0.0
0.8140000000000001,0.5249511946972274,-0.00014590110706373883,0.5235987755982988,-0.0013524190989285811,0.0036062973467738874,0.005662850548253759,0.005662850548253759,0.0
0.8150000000000001,0.5249513833967879,0.00018869956057419353,0.5235987755982988,-0.0013526077984891138,0.0036000086235219893,0.006680341264193548,0.006680341264193548,0.0
0.8160000000000001,0.5249512814955654,-0.00010190122261462432,0.5235987755982988,-0.0013525058972665427,0.0035868247106042384,-0.0057969196989304216,-0.0057969196989304216,0.0
0.8170000000000001,0.5249513626764495,8.118088415294403e-05,0.5235987755982988,-0.0013525870781506688,0.0035789130022854136,0.0036534900375421973,0.0036534900375421973,0.0
0.8180000000000001,0.524951200565062,-0.00016211138758480536,0.5235987755982988,-0.0013524249667631327,0.0035663069546535853,-0.004859350964022752,-0.004859350964022752,0.0
0.8190000000000001,0.5249507967226041,-0.0004038424578464102,0.5235987755982988,-0.0013520211243053248,0.0035537423424156314,-0.004847590316238881,-0.004847590316238881,0.0
0.8200000000000001,0.5249510611316663,0.0002644090622470685,0.5235987755982988,-0.0013522855333675254,0.0035512847309436997,0.013332723005241862,0.013332723005241862,0.0
0.8210000000000001,0.5249515153038422,0.00045417217585794146,0.5235987755982988,-0.0013527397055433932,0.0035435617344575384,0.0038164149971972247,0.0038164149971972247,0.0
0.8220000000000001,0.5249509299913682,-0.0005853124740450912,0.5235987755982988,-0.0013521543930693491,0.0035222480680330067,-0.02075335922399202,-0.02075335922399202,0.0
0.8230000000000001,0.5249510363354434,0.0001063440752311198,0.5235987755982988,-0.0013522607371445616,0.00352012899082937,0.013786305987600613,0.013786305987600613,0.0
0.8240000000000001,0.5249523699840574,0.0013336486139721676,0.5235987755982988,-0.0013535943857585497,0.0035239815965616094,0.024554598300839448,0.024554598300839448,0.0
0.8250000000000001,0.524954654717886,0.002284733828644876,0.5235987755982988,-0.0013558791195872333,0.0035248173240961045,0.019128396182571943,0.019128396182571943,0.0
0.8260000000000001,0.5249566080340328,0.001953316146670017,0.5235987755982988,-0.0013578324357339522,0.003511482331545586,-0.006445574933205588,-0.006445574933205588,0.0
0.8270000000000001,0.5249582552858374,0.0016472518045913909,0.5235987755982988,-0.0013594796875385784,0.0034984505125940256,-0.005965021549838918,-0.005965021549838918,0.0
0.8280000000000001,0.5249597144548027,0.0014591689652946687,0.5235987755982988,-0.0013609388565039016,0.0034867485019543926,-0.0036298766415671334,-0.0036298766415671334,0.0
0.8290000000000001,0.5249601601692337,0.00044571443105493897,0.5235987755982988,-0.0013613845709349315,0.003465925178033427,-0.020152357167571022,-0.020152357167571022,0.0
0.8300000000000001,0.5249621314930939,0.0019713238602050488,0.5235987755982988,-0.001363355894795082,0.0034732482915222464,0.03054784573748659,0.03054784573748659,0.0
0.8310000000000001,0.5249635515251719,0.0014200320780074598,0.5235987755982988,-0.0013647759268731186,0.0034576059806121374,-0.01086812973513538,-0.01086812973513538,0.0
0.8320000000000001,0.524963732946722,0.00018142155007038483,0.5235987755982988,-0.0013649573484232347,0.003434366846043959,-0.024658607992500903,-0.024658607992500903,0.0
0.833,0.5249644809356989,0.0007479889768490694,0.5235987755982988,-0.0013657053374001027,0.0034311391607416654,0.011345862259579322,0.011345862259579322,0.0
0.834,0.5249652694746081,0.0007885389092219591,0.5235987755982988,-0.0013664938763092715,0.003422117078726096,0.0008708377656057205,0.0008708377656057205,0.0
0.835,0.5249663269844036,0.0010575097955280567,0.5235987755982988,-0.0013675513861047817,0.00341565276595337,0.0054425008388597085,0.0054425008388597085,0.0
0.836,0.5249677148601135,0.001387875709962327,0.5235987755982988,-0.0013689392618146945,0.00340989855833152,0.00669191907232765,0.00669191907232765,0.0
0.837,0.5249690415949286,0.0013267348151018872,0.5235987755982988,-0.0013702659966298159,0.003399836907011814,-0.001111787840411809,-0.001111787840411809,0.0
0.838,0.5249692045052767,0.0001629103480744105,0.5235987755982988,-0.0013704289069779163,0.00337758231693403,-0.023170350555341383,-0.023170350555341383,0.0
0.839,0.5249680493362919,-0.0011551689848534879,0.5235987755982988,-0.0013692737379931152,0.0033536285964822945,-0.026348553830712017,-0.026348553830712017,0.0
0.84,0.524967064496659,-0.000984839632902123,0.5235987755982988,-0.0013682888983601593,0.00334617487378857,0.0033141735202390186,0.0033141735202390186,0.0
0.841,0.5249648208077033,-0.002243688955613784,0.5235987755982988,-0.0013660452094045317,0.0033229135729609754,-0.025255773624865384,-0.025255773624865384,0.0
0.842,0.5249626106147315,-0.0022101929719088526,0.5235987755982988,-0.0013638350164326685,0.0033139805295775097,0.000490424557649527,0.000490424557649527,0.0
0.843,0.5249593476013602,-0.003263013371258534,0.5235987755982988,-0.0013605720030613888,0.003293036969426466,-0.021233223424746338,-0.021233223424746338,0.0
0.844,0.5249562918373627,-0.0030557639975385543,0.5235987755982988,-0.0013575162390638829,0.0032860667542229014,0.0038839464046989056,0.0038839464046989056,0.0
0.845,0.5249532828942861,-0.0030089430765797803,0.5235987755982988,-0.001354507295987295,0.003277347432077892,0.0006919572993723984,0.0006919572993723984,0.0
0.846,0.5249501686544279,-0.003114239858248624,0.5235987755982988,-0.00135139305612908,0.003266968823634738,-0.0023466510795032564,-0.0023466510795032564,0.0
0.847,0.5249451860872761,-0.004982567151730247,0.5235987755982988,-0.0013464104889773232,0.00323707933378628,-0.03761568505829233,-0.03761568505829233,0.0
0.848,0.5249399739242636,-0.005212163012495758,0.5235987755982988,-0.0013411983259647986,0.003225347522563909,-0.004990522587448639,-0.004990522587448639,0.0
0.849,0.5249355366211241,-0.004437303139509975,0.5235987755982988,-0.0013367610228253168,0.003224767736860805,0.015080224418715992,0.015080224418715992,0.0
0.85,0.5249307480537428,-0.004788567381327087,0.5235987755982988,-0.0013319724554440304,0.0032117460705052333,-0.007380269087503038,-0.007380269087503038,0.0
0.851,0.524926480038847,-0.004268014895866852,0.5235987755982988,-0.0013277044405481941,0.003208404925888154,0.01002796431869854,0.01002796431869854,0.0
0.852,0.5249227663568712,-0.0037136819758781616,0.5235987755982988,-0.0013239907585723687,0.0032054704065411534,0.010745217208104452,0.010745217208104452,0.0
0.853,0.5249186756588154,-0.004090698055697905,0.5235987755982988,-0.0013199000605166322,0.003192248928321114,-0.007837416154465121,-0.007837416154465121,0.0
0.854,0.5249147960175344,-0.0038796412809781198,0.5235987755982988,-0.0013160204192356195,0.003185563407550108,0.003893879649939872,0.003893879649939872,0.0
0.855,0.5249109527359374,-0.0038432815970353366,0.5235987755982988,-0.0013121771376385372,0.003176970058707242,0.00041682237637741086,0.00041682237637741086,0.0
0.856,0.5249073097226693,-0.0036430132680796952,0.5235987755982988,-0.0013085341243704862,0.003170218287935948,0.0036979040513500042,0.0036979040513500042,0.0
0.857,0.524903645787472,-0.0036639351973270645,0.5235987755982988,-0.0013048701891731351,0.0031610432347026663,-0.000709879646393758,-0.000709879646393758,0.0
0.858,0.5248999075670454,-0.0037382204265784128,0.5235987755982988,-0.0013011319687465939,0.0031513013867390505,-0.0017788194008131301,-0.0017788194008131301,0.0
0.859,0.5248975904948215,-0.0023170722238725103,0.5235987755982988,-0.0012988148965227264,0.003158153131606805,0.028123906419991775,0.028123906419991775,0.0
0.86,0.5248949236172339,-0.0026668775876952664,0.5235987755982988,-0.0012961480189350727,0.003145426129550074,-0.007181473054364923,-0.007181473054364923,0.0
0.861,0.5248929773654678,-0.0019462517661186245,0.5235987755982988,-0.0012942017671689898,0.003144579611864072,0.014199166224517216,0.014199166224517216,0.0
0.862,0.5248919750197183,-0.0010023457495132448,0.5235987755982988,-0.0012931994214194775,0.0031462413969784754,0.0187224201908181,0.0187224201908181,0.0
0.863,0.5248909568182364,-0.0010182014818707413,0.5235987755982988,-0.0012921812199375715,0.0031373059347668394,-0.0003973023071109881,-0.0003973023071109881,0.0
0.864,0.524889833040492,-0.0011237777444169442,0.5235987755982988,-0.0012910574421931553,0.0031274003884824582,-0.002192981369473719,-0.002192981369473719,0.0
0.865,0.5248891018385948,-0.0007312018971851882,0.5235987755982988,-0.0012903262402960136,0.003123037293071195,0.007761614725081762,0.007761614725081762,0.0
0.866,0.5248877650931142,-0.001336745480605615,0.5235987755982988,-0.0012889894948153735,0.00310764418820386,-0.01216936782018335,-0.01216936782018335,0.0
0.867,0.524887246252593,-0.0005188405211817006,0.5235987755982988,-0.0012884706542941604,0.003108039168042647,0.01625115955002984,0.01625115955002984,0.0
0.868,0.5248868794473197,-0.000366805273304943,0.5235987755982988,-0.001288103849020894,0.0031010912466441025,0.0029991977158406145,0.0029991977158406145,0.0
0.869,0.5248867609833311,-0.0001184639885790375,0.5235987755982988,-0.0012879853850322753,0.0030952364128709353,0.004937481272653714,0.004937481272653714,0.0
0.87,0.5248865269211841,-0.0002340621470519945,0.5235987755982988,-0.0012877513228852777,0.003085376234282071,-0.002321440288545463,-0.002321440288545463,0.0
0.871,0.5248859808046903,-0.0005461164938424766,0.5235987755982988,-0.001287205206391473,0.0030733614458726614,-0.006259811907573803,-0.006259811907573803,0.0
0.872,0.5248859601748007,-2.0629889571355687e-05,0.5235987755982988,-0.0012871845765018985,0.0030706463409067622,0.01046604276591502,0.01046604276591502,0.0
0.873,0.5248853234592598,-0.0006367155409541048,0.5235987755982988,-0.0012865478609609404,0.003055313047209613,-0.01232336341882069,-0.01232336341882069,0.0
0.874,0.5248845419993493,-0.0007814599104103935,0.5235987755982988,-0.0012857664010504921,0.003045217540357286,-0.0029458246324021026,-0.0029458246324021026,0.0
0.875,0.5248848592200382,0.000317220688897469,0.5235987755982988,-0.0012860836217394311,0.003048921145615756,0.021911095193324417,0.021911095193324417,0.0
0.876,0.5248862142582718,0.0013550382335138533,0.5235987755982988,-0.0012874386599729393,0.003051988803687424,0.020781728547439482,0.020781728547439482,0.0
0.877,0.5248872828125815,0.0010685543096822492,0.5235987755982988,-0.0012885072142826415,0.0030404202610633865,-0.005621275417950973,-0.005621275417950973,0.0
0.878,0.5248882196820251,0.0009368694437183893,0.5235987755982988,-0.0012894440837263321,0.0030305862919332927,-0.0025482129745026186,-0.0025482129745026186,0.0
0.879,0.5248889600807443,0.0007403987191406805,0.5235987755982988,-0.0012901844824454445,0.0030200558784176565,-0.0038544649360567063,-0.0038544649360567063,0.0
0.88,0.524889471828392,0.0005117476477159136,0.5235987755982988,-0.0012906962300931468,0.0030091893582386803,-0.004513789530964084,-0.004513789530964084,0.0
0.881,0.5248896136413822,0.00014181299021637028,0.5235987755982988,-0.0012908380430833866,0.002996777336006344,-0.007357753338173593,-0.007357753338173593,0.0
0.882,0.5248889622179939,-0.0006514233882982847,0.5235987755982988,-0.001290186619695044,0.0029796929763326,-0.015853382531075794,-0.015853382531075794,0.0
0.883,0.5248888856668072,-7.655118658021667e-05,0.5235987755982988,-0.0012901100685084321,0.002977779882305805,0.011445330163297499,0.011445330163297499,0.0
0.884,0.5248893677330168,0.0004820662094694151,0.5235987755982988,-0.0012905921347179383,0.002975717458158734,0.011166223826066218,0.011166223826066218,0.0
0.885,0.5248903053501793,0.0009376171625946911,0.5235987755982988,-0.0012915297518805158,0.002972543495315781,0.009149584359263076,0.009149584359263076,0.0
0.886,0.5248907832123668,0.00047786218746694964,0.5235987755982988,-0.0012920076140680026,0.0029592566212957665,-0.009120090129547256,-0.009120090129547256,0.0
0.887,0.5248902386243502,-0.0005445880165862004,0.5235987755982988,-0.0012914630260514315,0.0029397513258871545,-0.02041077510606565,-0.02041077510606565,0.0
0.888,0.5248898196366723,-0.00041898767794722793,0.5235987755982988,-0.0012910440383734345,0.0029329755270517065,0.002468439731452554,0.002468439731452554,0.0
0.889,0.5248908174793293,0.0009978426570585483,0.5235987755982988,-0.0012920418810304923,0.002940531322093602,0.028303087685879743,0.028303087685879743,0.0
0.89,0.5248925971782288,0.0017796988994278067,0.5235987755982988,-0.0012938215799299657,0.0029410932587415144,0.01571695225994985,0.01571695225994985,0.0
0.891,0.524894535140974,0.0019379627451901057,0.5235987755982988,-0.0012957595426751345,0.0029347786806437266,0.0033076528272002054,0.0033076528272002054,0.0
0.892,0.5248964400118264,0.0019048708524793687,0.5235987755982988,-0.0012976644135276327,0.002926368323725268,-0.0005068008345995318,-0.0005068008345995318,0.0
0.893,0.5248982173378903,0.001777326063851798,0.5235987755982988,-0.0012994417395915114,0.0029169332280338666,-0.002398506104353061,-0.002398506104353061,0.0
0.894,0.5248995938787724,0.0013765408820873705,0.5235987755982988,-0.0013008182804735702,0.0029044910210032017,-0.00787351755018041,-0.00787351755018041,0.0
0.895,0.5249008240327296,0.0012301539572315543,0.5235987755982988,-0.0013020484344308247,0.0028948843338388996,-0.0028176152265493356,-0.0028176152265493356,0.0
0.896,0.5249010607358248,0.000236703095122753,0.5235987755982988,-0.0013022851375259492,0.002875912019935968,-0.019770604925597506,-0.019770604925597506,0.0
0.897,0.5249014797918619,0.0004190560371215915,0.5235987755982988,-0.0013027041935630423,0.0028699765268544756,0.0036659950875865908,0.0036659950875865908,0.0
0.898,0.5249021796089535,0.0006998170916551068,0.5235987755982988,-0.0013034040106546518,0.0028651559523056487,0.005648745573640033,0.005648745573640033,0.0
0.899,0.5249022869774064,0.00010736845290908257,0.5235987755982988,-0.001303511379107558,0.0028506857211870245,-0.011792987407588076,-0.011792987407588076,0.0
0.9,0.5249031233151673,0.0008363377609136408,0.5235987755982988,-0.0013043477168684925,0.0028508710658021984,0.01458797563632389,0.01458797563632389,0.0
0.901,0.5249034062761491,0.00028296098176498817,0.5235987755982988,-0.0013046306778502492,0.002836879384976098,-0.011000628562099962,-0.011000628562099962,0.0
0.902,0.5249033652295003,-4.104664872022797e-05,0.5235987755982988,-0.0013045896312015026,0.0028254434222857693,-0.006457515731163124,-0.006457515731163124,0.0
0.903,0.5249031853968245,-0.0001798326759106029,0.5235987755982988,-0.0013044097985256409,0.002816077094647468,-0.0027790042757051166,-0.0027790042757051166,0.0
0.904,0.5249017840334026,-0.0014013634218526091,0.5235987755982988,-0.0013030084351037807,0.002794733389934919,-0.024445001532912975,-0.024445001532912975,0.0
0.905,0.5249006646901653,-0.001119343237319057,0.5235987755982988,-0.0013018890918664594,0.0027900545132962754,0.005528294616922832,0.005528294616922832,0.0
0.906,0.5248981102753141,-0.0025544148512144913,0.5235987755982988,-0.0012993346770152625,0.0027663751491392805,-0.028790979736894214,-0.028790979736894214,0.0
0.907,0.5248956921244221,-0.002418150891950072,0.5235987755982988,-0.0012969165261232929,0.002760108694984984,0.002520925997191224,0.002520925997191224,0.0
0.908,0.5248940601396042,-0.001631984817933713,0.5235987755982988,-0.0012952845413053415,0.0027610667702947047,0.015529869408971176,0.015529869408971176,0.0
0.909,0.524892292986808,-0.0017671527961797661,0.5235987755982988,-0.0012935173885091356,0.002751848348022223,-0.0028339183503557613,-0.0028339183503557613,0.0
0.91,0.5248911245339005,-0.0011684529074485403,0.5235987755982988,-0.001292348935601706,0.002750780970632095,0.011832625550930136,0.011832625550930136,0.0
0.911,0.524890294481182,-0.0008300527185412645,0.5235987755982988,-0.001291518882883147,0.002746858877940898,0.006674527545549632,0.006674527545549632,0.0
0.912,0.5248890467426847,-0.0012477384973179277,0.5235987755982988,-0.0012902711443858461,0.00273458496426626,-0.008420119793016566,-0.008420119793016566,0.0
0.913,0.5248873186218203,-0.0017281208644323684,0.5235987755982988,-0.001288543023521438,0.002721631838923653,-0.00970746642207425,-0.00970746642207425,0.0
0.914,0.5248858954616268,-0.001423160193442553,0.5235987755982988,-0.001287119863327968,0.002717395165547489,0.005960963750641723,0.005960963750641723,0.0
0.915,0.5248837343542346,-0.0021611073921861657,0.5235987755982988,-0.0012849587559358167,0.0027016279785014585,-0.01487279679034766,-0.01487279679034766,0.0
0.916,0.5248807952941811,-0.0029390600536000266,0.5235987755982988,-0.0012820196958822638,0.0026854284872481846,-0.015731941819652116,-0.015731941819652116,0.0
0.917,0.5248769740176101,-0.0038212765709893237,0.5235987755982988,-0.001278198419311316,0.0026680841118529963,-0.017879455152073946,-0.017879455152073946,0.0
0.918,0.5248729234938704,-0.004050523739770293,0.5235987755982988,-0.0012741478955715646,0.0026579837982460357,-0.00489064550129854,-0.00489064550129854,0.0
0.919,0.5248681402460049,-0.004783247865470411,0.5235987755982988,-0.001269364647706106,0.0026423226107643656,-0.014978524413183978,-0.014978524413183978,0.0
0.92,0.5248647369417452,-0.003403304259748892,0.5235987755982988,-0.0012659613434463646,0.0026500813915019674,0.02721621228519274,0.02721621228519274,0.0
0.921,0.5248616031965969,-0.003133745148222478,0.5235987755982988,-0.0012628275982980997,0.0026455764114090246,0.005118917889748362,0.005118917889748362,0.0
0.922,0.5248590607081842,-0.0025424884127042543,0.5235987755982988,-0.0012602851098854062,0.0026446603743128815,0.011574435098506674,0.011574435098506674,0.0
0.923,0.5248564339686423,-0.0026267395418370365,0.5235987755982988,-0.0012576583703435285,0.0026362882283144126,-0.0018884216556719867,-0.0018884216556719867,0.0
0.924,0.5248541658915168,-0.0022680771255007095,0.5235987755982988,-0.0012553902932179728,0.002632843169046716,0.006963109163379573,0.006963109163379573,0.0
0.925,0.5248519680897122,-0.002197801804595851,0.5235987755982988,-0.001253192491413424,0.0026262281243945407,0.001224060248057112,0.001224060248057112,0.0
0.926,0.5248485432924098,-0.003424797302378638,0.5235987755982988,-0.0012497676941110036,0.002605260326764626,-0.02471573410002341,-0.02471573410002341,0.0
0.927,0.5248452971993698,-0.0032460930400366986,0.5235987755982988,-0.0012465216010709712,0.002599871850215499,0.003300101462648499,0.003300101462648499,0.0
0.928,0.5248418463143808,-0.0034508849890277837,0.5235987755982988,-0.0012430707160819843,0.002590256955105193,-0.004355526423024635,-0.004355526423024635,0.0
0.929,0.5248386170869943,-0.003229227386485769,0.5235987755982988,-0.0012398414886954923,0.002585384820188956,0.0041570812517180734,0.0041570812517180734,0.0
0.93,0.5248353956907328,-0.0032213962615609076,0.5235987755982988,-0.001236620092433971,0.002578166737200941,-0.00010171569242162747,-0.00010171569242162747,0.0
0.931,0.5248322258221535,-0.003169868579249176,0.5235987755982988,-0.0012334502238546818,0.002571453168369531,0.0007728419453097556,0.0007728419453097556,0.0
0.932,0.5248288245531267,-0.0034012690267065395,0.5235987755982988,-0.0012300489548279225,0.0025616255427311184,-0.004881598435487203,-0.004881598435487203,0.0
0.933,0.5248247619465822,-0.0040626065445366335,0.5235987755982988,-0.0012259863482834144,0.0025470510388018145,-0.013498851878738399,-0.013498851878738399,0.0
0.934,0.5248197958778997,-0.004966068682498069,0.5235987755982988,-0.001221020279600915,0.0025298047748257475,-0.018394251282791645,-0.018394251282791645,0.0
0.935,0.5248148536553184,-0.0049422225812698565,0.5235987755982988,-0.0012160780570196206,0.0025228411253275956,7.963652996441188e-05,7.963652996441188e-05,0.0
0.936,0.524809758486953,-0.005095168365468049,0.5235987755982988,-0.0012109828886541774,0.002513938909750253,-0.0034542934904654345,-0.0034542934904654345,0.0
0.937,0.5248056228114227,-0.004135675530235762,0.5235987755982988,-0.0012068472131239183,0.0025173807649783177,0.018782243235408298,0.018782243235408298,0.0
0.9380000000000001,0.5248016902927741,-0.003932518648611853,0.5235987755982988,-0.00120291469447531,0.0025124751582000174,0.0037322835900593116,0.0037322835900593116,0.0
0.9390000000000001,0.5247972955859785,-0.004394706795575317,0.5235987755982988,-0.0011985199876797248,0.0025002199004592095,-0.009558364431158237,-0.009558364431158237,0.0
0.9400000000000001,0.5247925291882996,-0.004766397679015432,0.5235987755982988,-0.0011937535900007346,0.0024889808457696006,-0.00778539421244831,-0.00778539421244831,0.0
0.9410000000000001,0.5247878390510762,-0.00469013722336071,0.5235987755982988,-0.0011890634527773614,0.002482719900101969,0.0011438972987732037,0.0011438972987732037,0.0
0.9420000000000001,0.5247827946506486,-0.005044400427557071,0.5235987755982988,-0.0011840190523497718,0.0024717093324774226,-0.0074604750617960815,-0.0074604750617960815,0.0
0.9430000000000001,0.5247776795361716,-0.005115114476947447,0.5235987755982988,-0.0011789039378727884,0.002463855382513767,-0.0018178330220120931,-0.0018178330220120931,0.0
0.9440000000000001,0.5247720550468423,-0.0056244893292325925,0.5235987755982988,-0.0011732794485435072,0.0024511595469922003,-0.010596706203858702,-0.010596706203858702,0.0
0.9450000000000001,0.5247665440330099,-0.005511013832398446,0.5235987755982988,-0.001167768434711114,0.002445377692729255,0.0018195507903443209,0.0018195507903443209,0.0
0.9460000000000001,0.5247615447604983,-0.004999272511681003,0.5235987755982988,-0.001162769162199484,0.0024440298017841637,0.009793945307756976,0.009793945307756976,0.0
0.9470000000000001,0.5247565765560975,-0.0049682044008020594,0.5235987755982988,-0.0011578009577987158,0.0024373823067191905,0.00022142041664439775,0.00022142041664439775,0.0
0.9480000000000001,0.5247536964798512,-0.0028800762464244014,0.5235987755982988,-0.0011549208815523349,0.0024535475118171923,0.04136510673548899,0.04136510673548899,0.0
0.9490000000000001,0.5247506261423275,-0.003070337523723499,0.5235987755982988,-0.0011518505440286653,0.002444515174307618,-0.004035631645695903,-0.004035631645695903,0.0
0.9500000000000001,0.5247499234098836,-0.0007027324439104875,0.5235987755982988,-0.0011511478115847629,0.0024638414339878526,0.047106474594362346,0.047106474594362346,0.0
0.9510000000000001,0.524750157633618,0.00023422373444690182,0.5235987755982988,-0.0011513820353191706,0.0024673670283378224,0.018682904971634946,0.018682904971634946,0.0
0.9520000000000001,0.5247498706826246,-0.00028695099345929064,0.5235987755982988,-0.0011510950843257595,0.0024547678085034418,-0.010404756659368098,-0.010404756659368098,0.0
0.9530000000000001,0.524749092504086,-0.0007781785385746836,0.5235987755982988,-0.001150316905787152,0.0024425122151381777,-0.009847506981784604,-0.009847506981784604,0.0
0.9540000000000001,0.5247489001724867,-0.00019233159934970584,0.5235987755982988,-0.0011501245741878385,0.0024422031422438413,0.01165468450141358,0.01165468450141358,0.0
0.9550000000000001,0.5247489547987447,5.462625808179823e-05,0.5235987755982988,-0.001150179200445911,0.002438165887346037,0.004923770620682106,0.004923770620682106,0.0
0.9560000000000001,0.5247479198602215,-0.001034938523160305,0.5235987755982988,-0.0011491442619226966,0.0024193416463704548,-0.021786925524195522,-0.021786925524195522,0.0
0.9570000000000001,0.5247470625878017,-0.0008572724198226539,0.5235987755982988,-0.001148286989502867,0.0024145625985882097,0.0034705269849001977,0.0034705269849001977,0.0
0.9580000000000001,0.524744647507721,-0.002415080080665378,0.5235987755982988,-0.0011458719094221692,0.0023905750373675,-0.031224735010440298,-0.031224735010440298,0.0
0.9590000000000001,0.5247422315828087,-0.0024159249122177873,0.5235987755982988,-0.0011434559845099335,0.0023838365452764536,-0.0002101030375014131,-0.0002101030375014131,0.0
0.96,0.5247395566538864,-0.0026749289223498823,0.5235987755982988,-0.0011407810555875697,0.0023742561924110788,-0.005373354195619321,-0.005373354195619321,0.0
0.961,0.5247358850230164,-0.0036716308700531996,0.5235987755982988,-0.001137109424717564,0.002356516960150741,-0.02014803326785434,-0.02014803326785434,0.0
0.962,0.5247322450241406,-0.00363999887575291,0.5235987755982988,-0.0011334694258418043,0.002350176973788219,0.00033890941640153834,0.00033890941640153834,0.0
0.963,0.5247293488151944,-0.0028962089462316303,0.5235987755982988,-0.0011305732168955807,0.0023517468983374847,0.014584598680365364,0.014584598680365364,0.0
0.964,0.5247265663721051,-0.0027824430893050515,0.5235987755982988,-0.0011277907738063142,0.0023463645636732995,0.002043620422833046,0.002043620422833046,0.0
0.965,0.5247238409375171,-0.0027254345880110557,0.5235987755982988,-0.0011250653392183008,0.002340373290410346,0.00091757457873551,0.00091757457873551,0.0
0.966,0.52472200504568,-0.0018358918371559607,0.5235987755982988,-0.001123229447381191,0.0023436258963926227,0.017572820250061016,0.017572820250061016,0.0
0.967,0.524720278312004,-0.0017267336760461375,0.5235987755982988,-0.001121502713705147,0.0023382619974415208,0.002036291875223988,0.002036291875223988,0.0
0.968,0.5247189567919325,-0.0013215200714305174,0.5235987755982988,-0.0011201811936336625,0.0023361981876969342,0.007966133398228714,0.007966133398228714,0.0
0.969,0.5247169526994364,-0.0020040924960592703,0.5235987755982988,-0.0011181771011375963,0.002322105023687641,-0.0137571700982895,-0.0137571700982895,0.0
0.97,0.524714888887356,-0.0020638120804544807,0.5235987755982988,-0.0011161132890571412,0.0023149220629086783,-0.0013547190875889473,-0.0013547190875889473,0.0
0.971,0.5247129706656664,-0.0019182216895526438,0.5235987755982988,-0.0011141950673675405,0.0023100312554499842,0.002746702851600377,0.002746702851600377,0.0
0.972,0.5247110731967434,-0.0018974689230177454,0.5235987755982988,-0.001112297598444556,0.0023037772063188395,0.00026159759553375656,0.00026159759553375656,0.0
0.973,0.5247089868485817,-0.002086348161684844,0.5235987755982988,-0.0011102112502828776,0.0022952186089123146,-0.003929382287183394,-0.003929382287183394,0.0
0.974,0.5247064807385282,-0.0025061100534636118,0.5235987755982988,-0.001107705140229398,0.0022841170916086738,-0.008562145688510143,-0.008562145688510143,0.0
0.975,0.5247046119780546,-0.001868760473612056,0.5235987755982988,-0.001105836379755809,0.002284740868525411,0.012546502792754027,0.012546502792754027,0.0
0.976,0.5247033483863309,-0.0012635917237221969,0.5235987755982988,-0.00110457278803211,0.002285034591415871,0.011953874159908218,0.011953874159908218,0.0
0.977,0.5247012816267715,-0.0020667595593537947,0.5235987755982988,-0.0011025060284727273,0.0022697494850404645,-0.016164444050529733,-0.016164444050529733,0.0
0.978,0.5246994408858807,-0.001840740890870008,0.5235987755982988,-0.0011006652875819034,0.0022658748507910047,0.00435503260492743,0.00435503260492743,0.0
0.979,0.5246984381241917,-0.0010027616890165279,0.5235987755982988,-0.001099662525892886,0.0022688016931798386,0.016612324765800005,0.016612324765800005,0.0
0.98,0.5246970234865227,-0.0014146376690040276,0.5235987755982988,-0.00109824788822388,0.00225790875744534,-0.008317740534871318,-0.008317740534871318,0.0
0.981,0.5246952217680995,-0.0018017184232189739,0.5235987755982988,-0.0010964461698006467,0.002247302480500716,-0.007854786097819248,-0.007854786097819248,0.0
0.982,0.5246943245014867,-0.0008972666127981054,0.5235987755982988,-0.0010955489031878596,0.002251019038025401,0.01794489873455985,0.01794489873455985,0.0
0.983,0.5246931389825681,-0.0011855189185756882,0.5235987755982988,-0.0010943633842692702,0.002241549828809499,-0.005836827444575501,-0.005836827444575501,0.0
0.984,0.5246913719915788,-0.001766990989282746,0.5235987755982988,-0.0010925963932799654,0.0022288451018999842,-0.01172428292762721,-0.01172428292762721,0.0
0.985,0.5246893040087969,-0.002067982781896499,0.5235987755982988,-0.0010905284104980595,0.002219257611240196,-0.00616119513141768,-0.00616119513141768,0.0
0.986,0.5246868001975895,-0.0025038112073597065,0.5235987755982988,-0.0010880245992906934,0.0022081893036568073,-0.008882007131815872,-0.008882007131815872,0.0
0.987,0.524685183643362,-0.0016165542274595756,0.5235987755982988,-0.001086408045063214,0.002211792565808126,0.017544834701413846,0.017544834701413846,0.0
0.988,0.5246832794344656,-0.001904208896465255,0.5235987755982988,-0.0010845038361667614,0.0022024067594107015,-0.0058824177183103565,-0.0058824177183103565,0.0
0.989,0.5246815129569515,-0.001766477514079126,0.5235987755982988,-0.001082737358652719,0.0021977476220915613,0.0026022909360053584,0.0026022909360053584,0.0
0.99,0.5246799848591067,-0.0015280978448432747,0.5235987755982988,-0.0010812092608079027,0.0021942227118827706,0.004626275183590695,0.004626275183590695,0.0
0.991,0.5246778202014478,-0.002164657658891369,0.5235987755982988,-0.0010790446031490042,0.0021810235109586914,-0.012853444108549349,-0.012853444108549349,0.0
0.992,0.5246746937110394,-0.0031264904084246873,0.5235987755982988,-0.0010759181127405482,0.0021642285274915607,-0.019409827603377672,-0.019409827603377672,0.0
0.993,0.5246704955688836,-0.004198142155769607,0.5235987755982988,-0.0010717199705847502,0.0021462206068173055,-0.021683154179572364,-0.021683154179572364,0.0
0.994,0.5246656274620363,-0.0048681068472834765,0.5235987755982988,-0.0010668518637374502,0.0021326658986528593,-0.013735145202738972,-0.013735145202738972,0.0
0.995,0.5246610502132304,-0.004577248805832148,0.5235987755982988,-0.0010622746149315798,0.0021297652796988314,0.0054277122812438775,0.0054277122812438775,0.0
0.996,0.524656447612945,-0.004602600285340537,0.5235987755982988,-0.0010576720146462382,0.0021233818803120565,-0.000873209494634342,-0.000873209494634342,0.0
0.997,0.5246515628666336,-0.0048847463114532535,0.5235987755982988,-0.0010527872683347983,0.002114169670923335,-0.006011128545081573,-0.006011128545081573,0.0
0.998,0.5246468305878256,-0.004732278808085759,0.5235987755982988,-0.0010480549895267588,0.0021097861374096603,0.0026585703624336255,0.0026585703624336255,0.0
0.999,0.5246422326873381,-0.004597900487495132,0.5235987755982988,-0.0010434570890393013,0.0021052210700523845,0.002308984107165686,0.002308984107165686,0.0
1.0,0.5245623220511428,-0.0799106361952576,0.5235987755982988,-0.0009635464528440219,0.002095720432077586,-0.006622546194249167,-0.006622546194249167,1.5
1.0010000000000001,0.5244148085938308,-0.14751345731200227,0.5235987755982988,-0.0008160329955320123,0.002168336567595092,0.14155072676948569,0.14155072676948569,1.5
1.002,0.5242066106855318,-0.20819790829906346,0.5235987755982988,-0.0006078350872329441,0.002314413144235447,0.27450990367381606,0.27450990367381606,1.5
1.0030000000000001,0.5239434363209426,-0.2631743645890855,0.5235987755982988,-0.0003446607226438303,0.0025206419397005198,0.3838150415356336,0.3838150415356336,1.5
1.004,0.5236300480516398,-0.31338826930285524,0.5235987755982988,-3.127245334100248e-05,0.0027766334892068774,0.4746679565574781,0.4746679565574781,1.5
1.0050000000000001,0.5232718663204151,-0.35818173122468155,0.5235987755982988,0.0003269092778837024,0.003089750681768213,0.5790597000192457,0.5790597000192457,1.5
1.006,0.5228732373295162,-0.398628990898905,0.5235987755982988,0.0007255382687826328,0.0034481725735181937,0.6624002680175557,0.6624002680175557,1.5
1.0070000000000001,0.5224381428100691,-0.43509451944706795,0.5235987755982988,0.001160632788229754,0.0038479278349571066,0.7387991097648291,0.7387991097648291,1.5
1.008,0.5219710920819707,-0.46705072809834575,0.5235987755982988,0.0016276835163281378,0.004294924303790288,0.8260682654186783,0.8260682654186783,1.5
1.0090000000000001,0.5214748333189333,-0.4962587630374085,0.5235987755982988,0.0021239422793655205,0.004769716891852297,0.8784752429708773,0.8784752429708773,1.5
1.01,0.5209528341648277,-0.5219991541055262,0.5235987755982988,0.0026459414334710774,0.0052803223728137335,0.9454914775946535,0.9454914775946535,1.5
1.0110000000000001,0.5204090418924047,-0.5437922724230272,0.5235987755982988,0.003189733705894149,0.0058321096799923864,1.0223777013215376,1.0223777013215376,1.5
1.012,0.5198443543126892,-0.5646875797154872,0.5235987755982988,0.003754421285609655,0.006391350635093215,1.0385904723569577,1.0385904723569577,1.5
1.0130000000000001,0.519262512568355,-0.5818417443342062,0.5235987755982988,0.004336263029943832,0.006989569442889844,1.1117417012483812,1.1117417012483812,1.5
1.014,0.5186664303984532,-0.5960821699018224,0.5235987755982988,0.004932345199845645,0.007617656036732775,1.1686441491009398,1.1686441491009398,1.5
1.0150000000000001,0.5180576529845816,-0.6087774138716054,0.5235987755982988,0.005541122613717198,0.008260492749657167,1.1984085470121921,1.1984085470121921,1.5
1.016,0.5174379619793371,-0.6196910052445527,0.5235987755982988,0.006160813618961702,0.008920727384384614,1.233025979431327,1.233025979431327,1.5
1.0170000000000001,0.5168083222680933,-0.6296397112438121,0.5235987755982988,0.006790453330205559,0.009589340660103907,1.251450599595246,1.251450599595246,1.5
1.018,0.5161704986854102,-0.6378235826830652,0.5235987755982988,0.0074282769128886095,0.010275215835181421,1.2859513943154333,1.2859513943154333,1.5
1.0190000000000001,0.5155259342209346,-0.6445644644755938,0.5235987755982988,0.008072841377364193,0.0109748171639121,1.314156477534782,1.314156477534782,1.5
1.02,0.5148753018011889,-0.6506324197457379,0.5235987755982988,0.008723473797109915,0.011679638023535097,1.3270757374390694,1.3270757374390694,1.5
1.0210000000000001,0.5142199956014096,-0.6553061997792882,0.5235987755982988,0.009378779996889186,0.012397685456018012,1.3544738057493366,1.3544738057493366,1.5
1.022,0.5135611237811399,-0.6588718202696467,0.5235987755982988,0.010037651817158877,0.013125815465397732,1.3762630942104852,1.3762630942104852,1.5
1.0230000000000001,0.5128996210503093,-0.6615027308306405,0.5235987755982988,0.010699154547989531,0.013862127357825191,1.3946720431585533,1.3946720431585533,1.5
1.024,0.5122362670690953,-0.6633539812139294,0.5235987755982988,0.011362508529203508,0.014604921893602834,1.4100547738677696,1.4100547738677696,1.5
1.025,0.5115736173074614,-0.6626497616338698,0.5235987755982988,0.01202515829083739,0.015373892233567412,1.461016073104077,1.461016073104077,1.5
1.026,0.5109111775425779,-0.6624397648835576,0.5235987755982988,0.01268759805572095,0.016135287520496883,1.4511879540755348,1.4511879540755348,1.5
1.027,0.5102507406647797,-0.6604368777981497,0.5235987755982988,0.013348034933519104,0.016914448807430395,1.4870625605174717,1.4870625605174717,1.5
1.028,0.5095913931360813,-0.6593475286984838,0.5235987755982988,0.014007382462217555,0.01768141821891644,1.4689520317694662,1.4689520317694662,1.5
1.029,0.5089337257157234,-0.6576674203578416,0.5235987755982988,0.014665049882575443,0.01845285715156042,1.480854364516964,1.480854364516964,1.5
1.03,0.5082775860779366,-0.6561396377867784,0.5235987755982988,0.01532118952036221,0.019220545778726533,1.4779422577926369,1.4779422577926369,1.5
1.031,0.5076234063507798,-0.6541797271567033,0.5235987755982988,0.015975369247518967,0.019990963680491036,1.486707041578561,1.486707041578561,1.5
1.032,0.5069722872591949,-0.6511190915849552,0.5235987755982988,0.016626488339103962,0.020771530724734786,1.5088783332624247,1.5088783332624247,1.5
1.033,0.5063250486086857,-0.6472386505092494,0.5235987755982988,0.01727372698961316,0.021559154902332373,1.5255192941873192,1.5255192941873192,1.5
1.034,0.5056813679381157,-0.6436806705699516,0.5235987755982988,0.017917407660183127,0.02234119630523185,1.5193805067452175,1.5193805067452175,1.5
1.035,0.5050422084599783,-0.6391594781374532,0.5235987755982988,0.018556567138320545,0.023131901797463546,1.5389293950043712,1.5389293950043712,1.5
1.036,0.5044074714570378,-0.634737002940424,0.5235987755982988,0.019191304141261023,0.023919523535248736,1.5373167456895873,1.5373167456895873,1.5
1.037,0.503776773090244,-0.6306983667938024,0.5235987755982988,0.01982200250805477,0.02470090644107752,1.5299937626971976,1.5299937626971976,1.5
1.038,0.5031513561885089,-0.625416901735172,0.5235987755982988,0.02044741940978989,0.025494074806520023,1.5551734318291064,1.5551734318291064,1.5
1.039,0.5025305137562844,-0.6208424322244748,0.5235987755982988,0.02106826184201438,0.026277446365546357,1.5414560380751305,1.5414560380751305,1.5
1.04,0.5019145395638174,-0.615974192467103,0.5235987755982988,0.02168423603448144,0.02706210573881048,1.5476974005694772,1.5476974005694772,1.5
1.041,0.5013046440636597,-0.609895500157715,0.5235987755982988,0.022294131534639106,0.02785821952390541,1.5722959107903938,1.5722959107903938,1.5
1.042,0.5006996785167472,-0.6049655469124958,0.5235987755982988,0.022899097081551578,0.028639669012698894,1.549807424891766,1.549807424891766,1.5
1.043,0.5000999838965693,-0.59969462017795,0.5235987755982988,0.023498791701729527,0.029422950423155635,1.5570212909379153,1.5570212909379153,1.5
1.044,0.4995060681397395,-0.5939157568297697,0.5235987755982988,0.024092707458559293,0.03020992380001635,1.5676016973493716,1.5676016973493716,1.5
1.045,0.49891855667118656,-0.5875114685529698,0.5235987755982988,0.024680218927112252,0.0310019032382377,1.5805725049896167,1.5805725049896167,1.5
1.046,0.49833752910708023,-0.5810275641063457,0.5235987755982988,0.02526124649121858,0.031792854847798396,1.582677171448244,1.582677171448244,1.5
1.047,0.4977627889863281,-0.5747401207521498,0.5235987755982988,0.02583598661197073,0.03257972597672716,1.5792666619554105,1.5792666619554105,1.5
1.048,0.4971936747666229,-0.5691142197051752,0.5235987755982988,0.02640510083167591,0.03335736596642006,1.56653881127932,1.56653881127932,1.5
1.049,0.4966312054912987,-0.5624692753242295,0.5235987755982988,0.026967570107000127,0.03414439251501308,1.587369750042498,1.587369750042498,1.5
1.05,0.49607447996826365,-0.5567255230350642,0.5235987755982988,0.027524295630035167,0.034919547939490814,1.5698775037573691,1.5698775037573691,1.5
1.051,0.49552461063948605,-0.5498693287775893,0.5235987755982988,0.028074164958812764,0.035705136916559646,1.5925858433066915,1.5925858433066915,1.5
1.052,0.4949808909025152,-0.5437197369708879,0.5235987755982988,0.028617884695783635,0.03648102423248708,1.5790022898318197,1.5790022898318197,1.5
1.053,0.49444313003447476,-0.5377608680403896,0.5235987755982988,0.02915564556382405,0.03725292156129033,1.5756797996522953,1.5756797996522953,1.5
1.054,0.49390987614659726,-0.5332538878775017,0.5235987755982988,0.029688899451701556,0.03800685736517292,1.547118733814527,1.547118733814527,1.5
1.055,0.493383686334216,-0.5261898123813109,0.5235987755982988,0.03021508926408284,0.038787237925875274,1.5986211988936159,1.5986211988936159,1.5
1.056,0.49286267455240207,-0.5210117818139329,0.5235987755982988,0.030736101045896747,0.03954487185204019,1.561465426357054,1.561465426357054,1.5
1.057,0.4923477514036525,-0.5149231487495687,0.5235987755982988,0.031251024194646315,0.040310726344827984,1.580091718742171,1.580091718742171,1.5
1.058,0.49183874161816155,-0.5090097854909565,0.5235987755982988,0.03176003398013727,0.04107278716563027,1.5770734132722768,1.5770734132722768,1.5
1.059,0.49133583037953504,-0.5029112386264961,0.5235987755982988,0.03226294521876377,0.04183505099866173,1.5812501544499313,1.5812501544499313,1.5
1.06,0.490838790928051,-0.49703945148403966,0.5235987755982988,0.03275998467024782,0.04259296102013857,1.5772028437590093,1.5772028437590093,1.5
1.061,0.49034799522548633,-0.4907957025646403,0.5235987755982988,0.03325078037281248,0.04335315327341756,1.5851118222692646,1.5851118222692646,1.5
1.062,0.48986238622516604,-0.4856090003203151,0.5235987755982988,0.03373638937313278,0.04409980403370246,1.5644703886813318,1.5644703886813318,1.5
1.063,0.4893832161032328,-0.47917012193320446,0.5235987755982988,0.034215559495065995,0.044858490918770644,1.5899288477165885,1.5899288477165885,1.5
1.064,0.488909412641892,-0.4738034613408074,0.5235987755982988,0.03468936295640679,0.04560348102818861,1.5689996020932848,1.5689996020932848,1.5
1.065,0.48844211773952917,-0.4672949023628655,0.5235987755982988,0.03515665785876965,0.04635929792431639,1.592266902651573,1.592266902651573,1.5
1.066,0.48798087627568004,-0.46124146384914144,0.5235987755982988,0.03561789932261877,0.047108266726789444,1.5836851780854528,1.5836851780854528,1.5
1.067,0.48752627541465476,-0.45460086102529385,0.5235987755982988,0.03607250018364405,0.04786193509561774,1.595912739369021,1.595912739369021,1.5
1.068,0.487077243819686,-0.4490315949687859,0.5235987755982988,0.03652153177861284,0.04860193929327427,1.5750172522481352,1.5750172522481352,1.5
1.069,0.4866331419616719,-0.44410185801406477,0.5235987755982988,0.036965633636626916,0.0493330542600502,1.56267221149692,1.56267221149692,1.5
1.07,0.48619496789415956,-0.43817406751233023,0.5235987755982988,0.03740380770413926,0.050073421235171146,1.583027661393565,1.583027661393565,1.5
1.071,0.48576273968754474,-0.4322282066148124,0.5235987755982988,0.03783603591075407,0.05081220028579359,1.5838632925493696,1.5838632925493696,1.5
1.072,0.48533697193726855,-0.42576775027621466,0.5235987755982988,0.03826180366103027,0.051554898274056085,1.59463087024277,1.59463087024277,1.5
1.073,0.484916991013282,-0.4199809239865453,0.5235987755982988,0.03868178458501681,0.052288361218322574,1.5816751057712897,1.5816751057712897,1.5
1.074,0.48450359719225555,-0.4133938210264329,0.5235987755982988,0.03909517840604326,0.05302891622064485,1.598143585283324,1.598143585283324,1.5
1.075,0.4840962248581532,-0.4073723341023716,0.5235987755982988,0.03950255074014564,0.05376144455953454,1.5873582327991107,1.5873582327991107,1.5
1.076,0.48369406567962264,-0.402159178530553,0.5235987755982988,0.03990470991867617,0.05448325403427721,1.571673324708183,1.571673324708183,1.5
1.077,0.4832964109551917,-0.3976547244309166,0.5235987755982988,0.0403023646431071,0.05519544244288602,1.5579163477102838,1.5579163477102838,1.5
1.078,0.48290236237418277,-0.3940485810089525,0.5235987755982988,0.040696413224116046,0.055895904092897304,1.5403104904848086,1.5403104904848086,1.5
1.079,0.48251417924436785,-0.38818312981492287,0.5235987755982988,0.04108459635393097,0.056619619116130206,1.5857851373998766,1.5857851373998766,1.5
1.08,0.48213049602712765,-0.38368321724020715,0.5235987755982988,0.04146827957117116,0.05732645873138144,1.5589436011091204,1.5589436011091204,1.5
1.081,0.4817520930860169,-0.378402941110767,0.5235987755982988,0.04184668251228191,0.058040186471853834,1.5749108652095865,1.5749108652095865,1.5
1.082,0.4813791732691738,-0.3729198168431278,0.5235987755982988,0.04221960232912503,0.05875441878083148,1.579390250063922,1.579390250063922,1.5
1.083,0.48101129974051493,-0.36787352865888373,0.5235987755982988,0.042587475857783885,0.05946207533730421,1.5710921783374314,1.5710921783374314,1.5
1.084,0.4806486729569971,-0.36262678351784344,0.5235987755982988,0.042950102641301724,0.06017021641422475,1.575505020528095,1.575505020528095,1.5
1.085,0.4802912067196794,-0.3574662373177145,0.5235987755982988,0.04330756887861942,0.06087567331131618,1.5742007813211516,1.5742007813211516,1.5
1.086,0.4799391759342558,-0.35203078542360516,0.5235987755982988,0.043659599664043036,0.06158245080291739,1.5801117388967691,1.5801117388967691,1.5
1.087,0.4795931227923854,-0.34605314187034664,0.5235987755982988,0.0440056528059134,0.062293519032400324,1.5913904082312822,1.5913904082312822,1.5
1.088,0.4792530032026738,-0.3401195897116476,0.5235987755982988,0.04434577239562504,0.0630023939335983,1.5909867918243532,1.5909867918243532,1.5
1.089,0.4789172965444528,-0.33570665822095036,0.5235987755982988,0.04468147905384601,0.06369271919286092,1.5610490626370124,1.5610490626370124,1.5
1.09,0.4785865877851711,-0.3307087592817186,0.5235987755982988,0.04501218781312771,0.06438780941455768,1.5731014461269588,1.5731014461269588,1.5
1.091,0.4782610196524794,-0.32556813269169754,0.5235987755982988,0.0453377559458194,0.06508277716191785,1.5763558310578838,1.5763558310578838,1.5
1.092,0.4779401355112893,-0.32088414119014935,0.5235987755982988,0.04565864008700954,0.06577098796169958,1.5676343794156278,1.5676343794156278,1.5
1.093,0.47762340212745585,-0.3167333838334198,0.5235987755982988,0.04597537347084296,0.06645159154952833,1.5573444158393792,1.5573444158393792,1.5
1.094,0.4773112143417799,-0.31218778567593164,0.5235987755982988,0.046287561256518894,0.06713486874326542,1.5655732924430903,1.5655732924430903,1.5
1.095,0.4770040669478227,-0.3071473939572196,0.5235987755982988,0.0465947086504761,0.06782193714648084,1.5758328115201654,1.5758328115201654,1.5
1.096,0.4767006924168051,-0.30337453101757894,0.5235987755982988,0.04689808318149369,0.06849328106977383,1.5508854672762364,1.5508854672762364,1.5
1.097,0.47640089968394683,-0.29979273285830677,0.5235987755982988,0.04719787591435198,0.06916081547163265,1.5473660007040373,1.5473660007040373,1.5
1.098,0.4761054178841633,-0.2954817997835687,0.5235987755982988,0.04749335771413554,0.06983473855501655,1.5622352428660973,1.5622352428660973,1.5
1.099,0.4758139206627274,-0.2914972214358776,0.5235987755982988,0.04778485493557144,0.07050336976288141,1.5560530229711367,1.5560530229711367,1.5
1.1,0.4755262410480065,-0.287679614720862,0.5235987755982988,0.04807253455029231,0.07116847530735289,1.5530323565854411,1.5530323565854411,1.5
1.101,0.4752424636910078,-0.283777356998714,0.5235987755982988,0.048356311907291005,0.07183284561689778,1.5550307852652918,1.5550307852652918,1.5
1.102,0.4749629168968096,-0.27954679419823447,0.5235987755982988,0.04863585870148923,0.07249918624812504,1.5619090674496934,1.5619090674496934,1.5
1.103,0.47468758027765895,-0.27533661915062674,0.5235987755982988,0.048911195320639866,0.07316364266151877,1.5618397574162963,1.5618397574162963,1.5
1.104,0.4744164715092034,-0.2711087684555147,0.5235987755982988,0.04918230408909541,0.07382664092803544,1.5625300843701913,1.5625300843701913,1.5
1.105,0.47415057241877007,-0.2658990904333287,0.5235987755982988,0.04944820317952875,0.07449886899137455,1.5825048589672779,1.5825048589672779,1.5
1.106,0.4738886191372166,-0.2619532815535042,0.5235987755982988,0.04971015646108223,0.07515546173675125,1.557644250361823,1.557644250361823,1.5
1.107,0.47363188880023266,-0.25673033698394987,0.5235987755982988,0.04996688679806616,0.07582456163712967,1.5835026288668066,1.5835026288668066,1.5
1.108,0.4733798881785868,-0.2520006216459027,0.5235987755982988,0.05021888741971203,0.07648657441918871,1.5740558798022277,1.5740558798022277,1.5
1.109,0.4731311969666145,-0.2486912119722947,0.5235987755982988,0.05046757863168433,0.0771312255392134,1.5460281437404877,1.5460281437404877,1.5
1.11,0.47288613590716855,-0.24506105944595805,0.5235987755982988,0.05071263969113027,0.0777777915369269,1.5527077535689497,1.5527077535689497,1.5
1.111,0.4726442936704089,-0.24184223675966263,0.5235987755982988,0.05095448192788993,0.07841816971492446,1.5447715689702317,1.5447715689702317,1.5
1.112,0.47240680991505535,-0.23748375535355606,0.5235987755982988,0.05119196568324347,0.07906954445210271,1.5678222491813583,1.5678222491813583,1.5
1.113,0.4721741629793328,-0.2326469357225766,0.5235987755982988,0.051424612618966026,0.07972460814735523,1.5777376921913044,1.5777376921913044,1.5
1.114,0.47194565423043827,-0.2285087488945267,0.5235987755982988,0.051653121367860544,0.08037033055232277,1.5641519817031924,1.5641519817031924,1.5
1.115,0.47172100428115976,-0.22464994927851945,0.5235987755982988,0.051877771317139054,0.0810113519593294,1.5588952924085826,1.5588952924085826,1.5
1.116,0.47150018641054603,-0.22081787061372432,0.5235987755982988,0.052098589187752786,0.0816504726338762,1.558669577353621,1.558669577353621,1.5
1.117,0.47128249413269124,-0.21769227785477158,0.5235987755982988,0.05231628146560757,0.082280164635184,1.544846425529957,1.544846425529957,1.5
1.118,0.4710688893718397,-0.2136047608515227,0.5235987755982988,0.0525298862264591,0.0829189093081262,1.564334957836596,1.564334957836596,1.5
1.119,0.47085885136068284,-0.21003801115687792,0.5235987755982988,0.052739924237615976,0.08355029549454401,1.5542466130247734,1.5542466130247734,1.5
1.12,0.4706531981294885,-0.20565323119430368,0.5235987755982988,0.05294557746881029,0.08418915481913472,1.5708925583589348,1.5708925583589348,1.5
1.121,0.47045091798232913,-0.20228014715939038,0.5235987755982988,0.053147857615969685,0.08481522886240732,1.5510094222027218,1.5510094222027218,1.5
1.122,0.4702522773408687,-0.19864064146041438,0.5235987755982988,0.0533464982574301,0.08544267016872019,1.556607702206769,1.556607702206769,1.5
1.123,0.4700577078494362,-0.19456949143254942,0.5235987755982988,0.053541067748862636,0.08607331748085141,1.5655317492404661,1.5655317492404661,1.5
1.124,0.46986680010041426,-0.19090774902191474,0.5235987755982988,0.053731975497884554,0.08669786191381199,1.5576692888980896,1.5576692888980896,1.5
1.125,0.4696794704010073,-0.1873296994069111,0.5235987755982988,0.05391930519729149,0.08731991125608858,1.5562883723783196,1.5562883723783196,1.5
1.1260000000000001,0.46949572645691956,-0.18374394408776012,0.5235987755982988,0.054103049141379256,0.08794048143567308,1.5567287304304664,1.5567287304304664,1.5
1.127,0.4693142318433006,-0.18149461361892125,0.5235987755982988,0.054284543754998194,0.08854468347815031,1.5302870938497568,1.5302870938497568,1.5
1.1280000000000001,0.4691362347357441,-0.17799710755647746,0.5235987755982988,0.0544625408625547,0.08916114172455951,1.555430552159362,1.555430552159362,1.5
1.129,0.46896177976563336,-0.17445497011076266,0.5235987755982988,0.05463699583266546,0.08977654187507861,1.556602980309778,1.556602980309778,1.5
1.1300000000000001,0.46879198075096196,-0.1697990146714199,0.5235987755982988,0.05480679484733686,0.09040273578189445,1.5791627111779947,1.5791627111779947,1.5
1.131,0.46862591989098434,-0.1660608599775877,0.5235987755982988,0.05497285570731447,0.09101723190033958,1.5611791727029298,1.5611791727029298,1.5
1.1320000000000001,0.4684631207299127,-0.1627991610716634,0.5235987755982988,0.05513565486838612,0.09162491220494821,1.5519491093202793,1.5519491093202793,1.5
1.133,0.4683038116916228,-0.15930903828992618,0.5235987755982988,0.05529496390667604,0.0922335847599201,1.5567785227490114,1.5567785227490114,1.5
1.1340000000000001,0.46814662832630266,-0.1571833653201342,0.5235987755982988,0.055452147271996155,0.09282560737074173,1.5297687363326455,1.5297687363326455,1.5
1.135,0.46799260626666844,-0.15402205963422583,0.5235987755982988,0.05560616933163037,0.09342755939713444,1.5506514444925568,1.5506514444925568,1.5
1.1360000000000001,0.46784079352810437,-0.15181273856406158,0.5235987755982988,0.055757982070194445,0.09401743577367011,1.5318646566325471,1.5318646566325471,1.5
1.137,0.46769201188428816,-0.1487816438162077,0.5235987755982988,0.055906763714010654,0.09461488158918457,1.5484768758719525,1.5484768758719525,1.5
1.1380000000000001,0.46754624785828613,-0.14576402600203225,0.5235987755982988,0.05605252774001268,0.09521065744338529,1.5484498247782124,1.5484498247782124,1.5
1.139,0.46740355062855654,-0.14269722972960838,0.5235987755982988,0.056195224969742275,0.09580546160745808,1.5496748033683148,1.5496748033683148,1.5
1.1400000000000001,0.46726382453867804,-0.13972608987852572,0.5235987755982988,0.056334951059620775,0.0963976941341096,1.5480070186432844,1.5480070186432844,1.5
1.141,0.467125957940355,-0.13786659832302203,0.5235987755982988,0.05647281765794382,0.09697610037967705,1.5260117439197916,1.5260117439197916,1.5
1.1420000000000001,0.466992564171256,-0.13339376909899595,0.5235987755982988,0.05660621142704281,0.0975819434570822,1.5784272566146802,1.5784272566146802,1.5
1.143,0.46686326903704684,-0.12929513420917335,0.5235987755982988,0.05673550656125198,0.09818216034294543,1.5713011962685322,1.5713011962685322,1.5
1.1440000000000001,0.4667370107773703,-0.1262582596765602,0.5235987755982988,0.05686176482092853,0.0987691315774057,1.550393879915529,1.550393879915529,1.5
1.145,0.46661338968226995,-0.12362109510035443,0.5235987755982988,0.05698538591602886,0.09935018253190042,1.5426426307499908,1.5426426307499908,1.5
1.1460000000000001,0.4664919660597895,-0.12142362248044901,0.5235987755982988,0.05710680953850933,0.09992486887657111,1.5340597647900802,1.5340597647900802,1.5
1.147,0.46637290087228767,-0.11906518750181026,0.5235987755982988,0.05722587472601115,0.1004998442036578,1.537454809774339,1.537454809774339,1.5
1.1480000000000001,0.466256741720774,-0.11615915151362194,0.5235987755982988,0.05734203387752479,0.10107939893149455,1.5485955047636217,1.5485955047636217,1.5
1.149,0.4661425593048802,-0.11418241589385687,0.5235987755982988,0.05745621629341863,0.10164718008696089,1.5302419802742115,1.5302419802742115,1.5
1.1500000000000001,0.4660303846759777,-0.11217462890250783,0.5235987755982988,0.05756839092232113,0.1022138201125125,1.5310211465554722,1.5310211465554722,1.5
1.151,0.46592078437093565,-0.1096003050420313,0.5235987755982988,0.05767799122736317,0.10278525690272566,1.54251250689733,1.54251250689733,1.5
1.1520000000000001,0.4658132471827897,-0.1075371881459323,0.5235987755982988,0.0577855284155091,0.10334956051990295,1.5324943135186175,1.5324943135186175,1.5
1.153,0.4657082321323454,-0.10501505044428529,0.5235987755982988,0.057890543465953404,0.1039174785123582,1.5418397789812657,1.5418397789812657,1.5
1.154,0.4656062448625792,-0.10198726976623959,0.5235987755982988,0.05799253073571964,0.10448953780153471,1.5521544095253712,1.5521544095253712,1.5
1.155,0.4655064232154588,-0.09982164712033104,0.5235987755982988,0.058092352382839996,0.10505059363662013,1.535153471336872,1.535153471336872,1.5
1.156,0.46540914539207817,-0.09727782338064721,0.5235987755982988,0.058189630206220644,0.10561438187752924,1.5428907430240502,1.5428907430240502,1.5
1.157,0.4653144516678404,-0.0946937242377654,0.5235987755982988,0.058284323930458404,0.10617716738866471,1.5438997569871844,1.5438997569871844,1.5
1.158,0.4652213803460238,-0.09307132181664965,0.5235987755982988,0.05837739525227503,0.10672785254852066,1.5248725504832938,1.5248725504832938,1.5
1.159,0.4651324556447512,-0.0889247012725588,0.5235987755982988,0.05846631995354762,0.10730505334763084,1.575486705136485,1.575486705136485,1.5
1.16,0.4650468442744774,-0.08561137027377959,0.5235987755982988,0.058551931323821416,0.10787160591114088,1.5591526438737797,1.5591526438737797,1.5
1.161,0.4649642921019204,-0.08255217255699239,0.5235987755982988,0.0586344834963784,0.10843392004696256,1.5543350447138415,1.5543350447138415,1.5
1.162,0.46488419192612884,-0.08010017579158853,0.5235987755982988,0.05871458367216997,0.10898808412522777,1.5424357615035178,1.5424357615035178,1.5
1.163,0.46480644056175446,-0.07775136437439616,0.5235987755982988,0.05879233503654435,0.10953967847074267,1.5405682142805204,1.5405682142805204,1.5
1.164,0.4647317999604023,-0.07464060135217258,0.5235987755982988,0.0588669756378965,0.11009829163359076,1.5559951512945198,1.5559951512945198,1.5
1.165,0.46465984147751904,-0.07195848288325528,0.5235987755982988,0.05893893412077977,0.1106507457405726,1.5476711212701724,1.5476711212701724,1.5
1.166,0.4645904240637487,-0.06941741377036725,0.5235987755982988,0.05900835153455014,0.11120022550507357,1.5450647036271001,1.5450647036271001,1.5
1.167,0.46452140499330136,-0.06901907044733302,0.5235987755982988,0.05907737060499746,0.11172455367451051,1.5024134733590553,1.5024134733590553,1.5
1.168,0.46445334075775285,-0.06806423554850478,0.5235987755982988,0.05914543484054596,0.11225361317809401,1.513575172340778,1.513575172340778,1.5
1.169,0.4643877174120816,-0.06562334567121383,0.5235987755982988,0.05921105818621719,0.1127977154455796,1.5433726587019387,1.5433726587019387,1.5
1.17,0.4643244579603031,-0.06325945177854564,0.5235987755982988,0.05927431763799573,0.11333956554694899,1.5420280101996668,1.5420280101996668,1.5
1.171,0.4642640157324824,-0.06044222782068658,0.5235987755982988,0.05933475986581643,0.1138850424972427,1.5512837230148975,1.5512837230148975,1.5
1.172,0.4642067833858947,-0.05723234658767269,0.5235987755982988,0.0593919922124041,0.11443348406729721,1.5593622464346228,1.5593622464346228,1.5
1.173,0.46415150821934853,-0.05527516654620257,0.5235987755982988,0.059447267378950286,0.11496666832921738,1.5345650131023887,1.5345650131023887,1.5
1.174,0.4640987340418515,-0.0527741774970765,0.5235987755982988,0.059500041556447336,0.11550448795581723,1.545597767658825,1.545597767658825,1.5
1.175,0.4640478224438297,-0.05091159802177067,0.5235987755982988,0.05955095315446912,0.1160338548342257,1.5330296553063505,1.5330296553063505,1.5
1.176,0.46399972174768156,-0.048100696148139464,0.5235987755982988,0.059599053850617256,0.11657234560179343,1.5521451096308825,1.5521451096308825,1.5
1.177,0.46395380823799437,-0.045913509687182295,0.5235987755982988,0.059644967360304446,0.11710255831399195,1.5398956735272922,1.5398956735272922,1.5
1.178,0.4639094677380465,-0.04434049994788951,0.5235987755982988,0.05968930786025234,0.1176245939496933,1.5277871140108812,1.5277871140108812,1.5
1.179,0.4638665774235485,-0.042890314498012935,0.5235987755982988,0.05973219817475034,0.11814389228722971,1.5254564690017003,1.5254564690017003,1.5
1.18,0.46382512910735213,-0.04144831619635334,0.5235987755982988,0.059773646490946686,0.1186617256830398,1.5254087408733508,1.5254087408733508,1.5
1.181,0.4637862412915309,-0.038887815821218405,0.5235987755982988,0.05981253430676792,0.11919058192336766,1.5478941422069905,1.5478941422069905,1.5
1.182,0.463748462441011,-0.03777885051992949,0.5235987755982988,0.05985031315728784,0.11970200318161876,1.5190682807600808,1.5190682807600808,1.5
1.183,0.4637128858585179,-0.03557658249310637,0.5235987755982988,0.05988588973978093,0.12022417106892445,1.541023052494868,1.541023052494868,1.5
1.184,0.46367855728318363,-0.03432857533426956,0.5235987755982988,0.05992021831511518,0.12073441658761291,1.5221140165772877,1.5221140165772877,1.5
1.185,0.4636459168808907,-0.03264040229294477,0.5235987755982988,0.05995285871740813,0.12124818118144211,1.531017174799754,1.531017174799754,1.5
1.186,0.46361581805782365,-0.03009882306702167,0.5235987755982988,0.05998295754047517,0.1217700534509312,1.5482203523350264,1.5482203523350264,1.5
1.187,0.4635875054822839,-0.028312575539735523,0.5235987755982988,0.060011270116014925,0.12228222341073491,1.5333170447003612,1.5333170447003612,1.5
1.188,0.4635605298573756,-0.026975624908284736,0.5235987755982988,0.0600382457409232,0.12278807542709622,1.5244740065858369,1.5244740065858369,1.5
1.189,0.463534755110063,-0.025774747312608794,0.5235987755982988,0.060064020488235836,0.12329107771229587,1.521859501920856,1.521859501920856,1.5
1.19,0.46351068745628404,-0.024067653778939938,0.5235987755982988,0.06008808814201477,0.12379834890472075,1.5320798908883684,1.5320798908883684,1.5
1.191,0.46348725624721804,-0.023431209065992886,0.5235987755982988,0.06011151935108078,0.12429242742961438,1.5108034819566258,1.5108034819566258,1.5
1.192,0.4634648722573101,-0.022383989907967142,0.5235987755982988,0.060133903340988726,0.12478971704140783,1.5190698864352354,1.5190698864352354,1.5
1.193,0.4634443737744067,-0.020498482903341112,0.5235987755982988,0.06015440182389209,0.1252949640417917,1.5359194208998832,1.5359194208998832,1.5
1.194,0.4634250898679999,-0.019283906406803792,0.5235987755982988,0.06017368573029891,0.12579146090112106,1.5226516512984791,1.5226516512984791,1.5
1.195,0.46340629832270686,-0.01879154529306745,0.5235987755982988,0.06019247727559196,0.1262786338680222,1.5083045097621826,1.5083045097621826,1.5
1.196,0.46338807127712267,-0.01822704558419537,0.5235987755982988,0.060210704321176145,0.12676527846703267,1.5097866705539962,1.5097866705539962,1.5
1.197,0.46337249929706636,-0.015571980056284912,0.5235987755982988,0.06022627630123245,0.12727376420364003,1.5516431469114735,1.5516431469114735,1.5
1.198,0.4633592805636992,-0.013218733367172686,0.5235987755982988,0.06023949503459963,0.12777761481547356,1.5458191753777417,1.5458191753777417,1.5
1.199,0.4633468094214082,-0.012471142290977948,0.5235987755982988,0.0602519661768906,0.12826238282033625,1.513894322854521,1.513894322854521,1.5
1.2,0.46333674798420676,-0.010061437201431041,0.5235987755982988,0.06026202761409205,0.12876425788754178,1.5471964104076599,1.5471964104076599,1.5
1.201,0.4633291683712422,-0.007579612964524003,0.5235987755982988,0.0602696072270566,0.12926564862456358,1.5488315697620263,1.5488315697620263,1.5
1.202,0.4633234405387244,-0.005727832517856736,0.5235987755982988,0.06027533505957444,0.1297587793706984,1.5364292398961834,1.5364292398961834,1.5
1.203,0.4633189462715144,-0.004494267209996631,0.5235987755982988,0.06027982932678444,0.1302437761478188,1.5242130795557736,1.5242130795557736,1.5
1.204,0.463316023086264,-0.002923185250345681,0.5235987755982988,0.0602827525120348,0.1307312239135125,1.5310620978162193,1.5310620978162193,1.5
1.205,0.4633149922611414,-0.0010308251226033897,0.5235987755982988,0.06028378333715739,0.13122095090972705,1.5376133477348182,1.5376133477348182,1.5
1.206,0.46331581351748957,0.0008212563481345672,0.5235987755982988,0.060282962080809244,0.13170895889247292,1.5369591634049509,1.5369591634049509,1.5
1.207,0.4633184577266128,0.002644209123187592,0.5235987755982988,0.06028031787168603,0.13219537438363443,1.5365247560089113,1.5365247560089113,1.5
1.208,0.4633229780993569,0.004520372744104228,0.5235987755982988,0.06027579749894191,0.13268111285301395,1.5377348091481877,1.5377348091481877,1.5
1.209,0.4633273242565597,0.004346157202769508,0.5235987755982988,0.06027145134173911,0.13314287005784928,1.496877318992834,1.496877318992834,1.5
1.21,0.4633328750428554,0.0055507862957092,0.5235987755982988,0.0602659005554434,0.13361861849227907,1.5244402744350154,1.5244402744350154,1.5
1.211,0.46333926058753416,0.006385544678756323,0.5235987755982988,0.06025951501076465,0.1340890041643584,1.5171392305645992,1.5171392305645992,1.5
1.212,0.4633473820655432,0.008121478009033647,0.5235987755982988,0.060251393532755604,0.13456810914461217,1.535229510179847,1.535229510179847,1.5
1.213,0.4633569987922485,0.00961672670529847,0.5235987755982988,0.06024177680605031,0.13504329703737836,1.5305546921660191,1.5305546921660191,1.5
1.214,0.463368414114151,0.01141532190243625,0.5235987755982988,0.06023036148414784,0.13552059607166772,1.5367412420791795,1.5367412420791795,1.5
1.215,0.4633827907575626,0.014376643411614497,0.5235987755982988,0.0602159848407362,0.1360095360581372,1.5601396559357599,1.5601396559357599,1.5
1.216,0.4633991589612463,0.01636820368365857,0.5235987755982988,0.06019961663705253,0.13648650761305306,1.5409813369138106,1.5409813369138106,1.5
1.217,0.46341771101724244,0.018552055996130083,0.5235987755982988,0.060181064581056376,0.13696437684545132,1.544986502544123,1.544986502544123,1.5
1.218,0.46343862387225104,0.020912855008611876,0.5235987755982988,0.06016015172604777,0.1374429797598569,1.5487001447293263,1.5487001447293263,1.5
1.219,0.46346111521765065,0.022491345399617658,0.5235987755982988,0.06013766038064816,0.13791169329859457,1.5332428362208046,1.5332428362208046,1.5
1.22,0.4634835492611762,0.0224340435255406,0.5235987755982988,0.06011522633712263,0.13836105330062085,1.5006532701504283,1.5006532701504283,1.5
1.221,0.46350689035046333,0.023341089287162983,0.5235987755982988,0.060091885247835486,0.13881985129076566,1.5199356387144909,1.5199356387144909,1.5
1.222,0.4635303097084712,0.023419358007852848,0.5235987755982988,0.060068465889827616,0.13926823544871741,1.5034326615567704,1.5034326615567704,1.5
1.223,0.46355444933795265,0.024139629481463497,0.5235987755982988,0.06004432626034617,0.13972249461817407,1.5162789781128412,1.5162789781128412,1.5
1.224,0.4635791033725356,0.024654034582966982,0.5235987755982988,0.06001967222576321,0.1401732463075357,1.5122192723885868,1.5122192723885868,1.5
1.225,0.46360537890192133,0.02627552938570481,0.5235987755982988,0.05999339669637749,0.1406350390982746,1.534402218821394,1.534402218821394,1.5
1.226,0.46363232183229114,0.026942930369820185,0.5235987755982988,0.05996645376600768,0.14108505287475204,1.515450062033164,1.515450062033164,1.5
1.227,0.4636598332978082,0.027511465517075073,0.5235987755982988,0.05993894230049063,0.14153275418943398,1.5135261373746833,1.5135261373746833,1.5
1.228,0.4636887742372074,0.028940939399191776,0.5235987755982988,0.059910001361091425,0.14198878001986973,1.5307903948837,1.5307903948837,1.5
1.229,0.46371838716289016,0.029612925682773024,0.5235987755982988,0.05988038843540866,0.14243521276265322,1.5157550008235603,1.5157550008235603,1.5
1.23,0.46374869477952374,0.03030761663356539,0.5235987755982988,0.059850080818775075,0.14288069020822508,1.5162628530704692,1.5162628530704692,1.5
1.231,0.4637804240874385,0.031729307914787806,0.5235987755982988,0.05981835151086029,0.14333301983920238,1.5308584349551335,1.5308584349551335,1.5
1.232,0.4638138924286453,0.033468341206750074,0.5235987755982988,0.059784883169653524,0.1437876757457267,1.5373190104724284,1.5373190104724284,1.5
1.233,0.46384906405974574,0.03517163110042956,0.5235987755982988,0.059749711538553074,0.14424075324514027,1.5367432651701298,1.5367432651701298,1.5
1.234,0.4638850657406414,0.03600168089568077,0.5235987755982988,0.05971370985765739,0.14468297538373714,1.5194147263930584,1.5194147263930584,1.5
1.235,0.4639217522683757,0.03668652773424811,0.5235987755982988,0.05967702332992314,0.14512240042214397,1.5165770712430013,1.5165770712430013,1.5
1.236,0.4639598478437046,0.03809557532889949,0.5235987755982988,0.05963892775459423,0.14556866295510854,1.5311158741117674,1.5311158741117674,1.5
1.237,0.46399878763217356,0.03893978846896926,0.5235987755982988,0.059599987966125256,0.1460074932011208,1.5199319088277075,1.5199319088277075,1.5
1.238,0.4640382309354239,0.039443303250346035,0.5235987755982988,0.059560544662874915,0.14644137021646675,1.513185478705053,1.513185478705053,1.5
1.239,0.4640781802635157,0.03994932809183409,0.5235987755982988,0.0595205953347831,0.14687409548516894,1.5132759610897888,1.5132759610897888,1.5
1.24,0.4641180789775592,0.039898714043491046,0.5235987755982988,0.059480696620739626,0.14729947675267843,1.5021836652804859,1.5021836652804859,1.5
1.241,0.4641581825904802,0.040103612920994854,0.5235987755982988,0.05944059300781862,0.14772650860359818,1.5072898746735555,1.5072898746735555,1.5
1.242,0.464199985050731,0.04180246025081218,0.5235987755982988,0.059398790547567804,0.14816892006764917,1.5371852356300262,1.5371852356300262,1.5
1.243,0.4642417150190697,0.041729968338655214,0.5235987755982988,0.059357060579229126,0.14859055428273985,1.5018943585769255,1.5018943585769255,1.5
1.244,0.4642848499233073,0.043134904237637085,0.5235987755982988,0.0593139256749915,0.1490273877143371,1.53143711544673,1.53143711544673,1.5
1.245,0.4643283425274891,0.04349260418177593,0.5235987755982988,0.0592704330708097,0.14945146962716263,1.510604791221788,1.510604791221788,1.5
1.246,0.4643728492378946,0.04450671040552111,0.5235987755982988,0.05922592636040419,0.14988166585135854,1.5237615328094456,1.5237615328094456,1.5
1.247,0.46441865240656777,0.04580316867312783,0.5235987755982988,0.05918012319173105,0.1503138438973019,1.5294897021845761,1.5294897021845761,1.5
1.248,0.46446658410097336,0.04793169440556491,0.5235987755982988,0.05913219149732546,0.150754101818995,1.5462347681425919,1.5462347681425919,1.5
1.249,0.46451548829749456,0.0489041965211967,0.5235987755982988,0.059083287300804255,0.15118042540280116,1.523284577865081,1.523284577865081,1.5
1.25,0.4645662190242959,0.05073072680136326,0.5235987755982988,0.059032556574002915,0.15161507405338898,1.540442941325027,1.540442941325027,1.5
1.2510000000000001,0.46461708419416575,0.05086516986983313,0.5235987755982988,0.05898169140413306,0.15202985075657266,1.5067473195135066,1.5067473195135066,1.5
1.252,0.4646677918894219,0.050707695256195694,0.5235987755982988,0.058930983708876894,0.152440249907561,1.500919721316838,1.500919721316838,1.5
1.2530000000000001,0.4647198807219289,0.05208883250696979,0.5235987755982988,0.058878894876369936,0.15286655357021928,1.5316793606359775,1.5316793606359775,1.5
1.254,0.46477259712161373,0.0527163996848532,0.5235987755982988,0.05882617847668509,0.15328338774324263,1.5167184501582258,1.5167184501582258,1.5
1.2550000000000001,0.4648265953914066,0.05399826979287928,0.5235987755982988,0.05877218020689223,0.1537063449595413,1.5298547141353098,1.5298547141353098,1.5
1.256,0.46488176041013574,0.055165018729166355,0.5235987755982988,0.05871701518816308,0.15412691178253934,1.5276548403091719,1.5276548403091719,1.5
1.2570000000000001,0.46493716355763853,0.05540314750278852,0.5235987755982988,0.05866161204066028,0.1545360758922668,1.5091757769707765,1.5091757769707765,1.5
1.258,0.4649933569429216,0.05619338528308696,0.5235987755982988,0.05860541865537722,0.15495023468891217,1.520237007406192,1.520237007406192,1.5
1.2590000000000001,0.46504920868322286,0.05585174030128013,0.5235987755982988,0.05854956691507596,0.1553507396184091,1.4976625711865104,1.4976625711865104,1.5
1.26,0.46510621070647495,0.05700202325210783,0.5235987755982988,0.05849256489182386,0.1557666510312338,1.5274737982406563,1.5274737982406563,1.5
1.2610000000000001,0.4651633839379382,0.05717323146325601,0.5235987755982988,0.0584353916603606,0.1561706128433817,1.5079843260831323,1.5079843260831323,1.5
1.262,0.4652213402216547,0.0579562837164886,0.5235987755982988,0.05837743537664414,0.15658024267128465,1.5202349035817124,1.5202349035817124,1.5
1.2630000000000001,0.46527962630367614,0.05828608202147125,0.5235987755982988,0.058319149294622674,0.15698375029202732,1.511232468796972,1.511232468796972,1.5
1.264,0.4653390530237104,0.05942672003426509,0.5235987755982988,0.05825972257458839,0.15739513915372122,1.5274756468175945,1.5274756468175945,1.5
1.2650000000000001,0.4653993223051012,0.060269281390800435,0.5235987755982988,0.05819945329319759,0.15780213620023914,1.521605364733448,1.521605364733448,1.5
1.266,0.4654604545177184,0.06113221261717917,0.5235987755982988,0.058138321080580424,0.15820826887948436,1.5220801670388386,1.5220801670388386,1.5
1.2670000000000001,0.46552287972370937,0.06242520599099652,0.5235987755982988,0.058075895874589445,0.15861808001526734,1.5307504444857214,1.5307504444857214,1.5
1.268,0.4655855895172137,0.06270979350432365,0.5235987755982988,0.05801318608108513,0.15901563977519503,1.5106857667458224,1.5106857667458224,1.5
1.2690000000000001,0.4656486186445762,0.06302912736248809,0.5235987755982988,0.05795015695372263,0.15941249587589734,1.5114034606436346,1.5114034606436346,1.5
1.27,0.46571202643661214,0.06340779203595892,0.5235987755982988,0.05788674916168668,0.1598089242106779,1.5126156236584158,1.5126156236584158,1.5
1.2710000000000001,0.4657752361216836,0.06320968507142904,0.5235987755982988,0.05782353947661523,0.1601978803674751,1.5011104840722793,1.5011104840722793,1.5
1.272,0.46583837317975113,0.06313705806753538,0.5235987755982988,0.057760402418547685,0.16058714066270527,1.5036042347278409,1.5036042347278409,1.5
1.2730000000000001,0.46590264560490624,0.06427242515509893,0.5235987755982988,0.057696129993392575,0.16098870443172641,1.5277583063966738,1.5277583063966738,1.5
1.274,0.4659675290891699,0.06488348426366755,0.5235987755982988,0.05763124650912893,0.1613833966500229,1.5173629761837804,1.5173629761837804,1.5
1.2750000000000001,0.46603364582244117,0.06611673327126971,0.5235987755982988,0.05756512977585765,0.1617839166919304,1.5298556588931367,1.5298556588931367,1.5
1.276,0.46610052434113214,0.06687851869098131,0.5235987755982988,0.05749825125716668,0.16217815794600035,1.5205250470559335,1.5205250470559335,1.5
1.2770000000000001,0.46616853571678357,0.06801137565145834,0.5235987755982988,0.057430239881515244,0.16257545247839636,1.528007420704819,1.528007420704819,1.5
1.278,0.4662362247688415,0.06768905205796677,0.5235987755982988,0.05736255082945729,0.16295557279739376,1.4989944381822853,1.4989944381822853,1.5
1.2790000000000001,0.4663044596295808,0.06823486073925242,0.5235987755982988,0.057294315968718035,0.1633442450598887,1.5163312977903503,1.5163312977903503,1.5
1.28,0.4663736032843638,0.06914365478300333,0.5235987755982988,0.057225172313935035,0.16373588685735946,1.5236346697341583,1.5236346697341583,1.5
1.281,0.4664427286398838,0.06912535551999095,0.5235987755982988,0.05715604695841503,0.1641162115514512,1.5051655071223928,1.5051655071223928,1.5
1.282,0.46651400227576145,0.07127363587767489,0.5235987755982988,0.05708477332253736,0.1645194883258767,1.5484956355952781,1.5484956355952781,1.5
1.283,0.4665871724631333,0.07317018737184226,0.5235987755982988,0.05701160313516551,0.1649189539652807,1.5436329207535615,1.5436329207535615,1.5
1.284,0.46666033704712523,0.0731645839919339,0.5235987755982988,0.05693843855117359,0.16529632060105087,1.50574154739158,1.50574154739158,1.5
1.285,0.4667340014028763,0.0736643557510778,0.5235987755982988,0.05686477419542252,0.16567824137606305,1.5158486019022326,1.5158486019022326,1.5
1.286,0.4668080410232483,0.07403962037199287,0.5235987755982988,0.05679073457505052,0.16605774676885976,1.5133984408783876,1.5133984408783876,1.5
1.287,0.4668834554707043,0.07541444745603915,0.5235987755982988,0.056715320127594504,0.1664472930167636,1.5334197113106849,1.5334197113106849,1.5
1.288,0.46695933702959547,0.07588155889116377,0.5235987755982988,0.05663943856870335,0.16682576333222904,1.5153753844989757,1.5153753844989757,1.5
1.289,0.4670344045281682,0.07506749857272985,0.5235987755982988,0.056564371070130626,0.16718901014756504,1.4897893183426145,1.4897893183426145,1.5
1.29,0.46710951434505615,0.0751098168879419,0.5235987755982988,0.05648926125324266,0.1675607036187297,1.5068517661900593,1.5068517661900593,1.5
1.291,0.467185113558271,0.07559921321488017,0.5235987755982988,0.05641366204002779,0.16793632311667772,1.5157967118898008,1.5157967118898008,1.5
1.292,0.4672615789224138,0.07646536414278358,0.5235987755982988,0.05633719667588499,0.1683150983743131,1.5233709556152588,1.5233709556152588,1.5
1.293,0.4673388402626738,0.07726134025998047,0.5235987755982988,0.05625993533562501,0.16869208522173904,1.5220367514753603,1.5220367514753603,1.5
1.294,0.46741795394687274,0.07911368419894241,0.5235987755982988,0.05618082165142607,0.16907976796960128,1.5432277860000374,1.5432277860000374,1.5
1.295,0.4674972813316426,0.07932738476983246,0.5235987755982988,0.05610149426665623,0.16944830218916124,1.5106031061537166,1.5106031061537166,1.5
1.296,0.4675764667564548,0.07918542481222125,0.5235987755982988,0.056022308841844004,0.16981188417291945,1.5035069916293624,1.5035069916293624,1.5
1.297,0.46765708277380064,0.08061601734583092,0.5235987755982988,0.05594169282449818,0.17019187711684886,1.5349466846571709,1.5349466846571709,1.5
1.298,0.4677384553378903,0.08137256408970298,0.5235987755982988,0.05586032026040849,0.17056341220309865,1.5215802162651075,1.5215802162651075,1.5
1.299,0.46782085981872734,0.08240448083700311,0.5235987755982988,0.055777915779571474,0.17093700282861538,1.527148140073179,1.527148140073179,1.5
1.3,0.46790411181604546,0.08325199731814657,0.5235987755982988,0.05569466378225335,0.17130756109672993,1.5235426880898295,1.5235426880898295,1.5
1.301,0.46798752205330113,0.08341023725564986,0.5235987755982988,0.055611253544997685,0.1716694930374789,1.5098249585355175,1.5098249585355175,1.5
1.302,0.46807245288048177,0.08493082718066322,0.5235987755982988,0.055526322717817045,0.17204552470079928,1.5370846174807191,1.5370846174807191,1.5
1.303,0.46815709333377464,0.08464045329289481,0.5235987755982988,0.05544168226452417,0.17240051603870238,1.500986988419085,1.500986988419085,1.5
1.304,0.4682414104711141,0.08431713733948319,0.5235987755982988,0.0553573651271847,0.17275414614230442,1.5003049171951992,1.5003049171951992,1.5
1.305,0.4683260954830826,0.08468501196850818,0.5235987755982988,0.05527268011521619,0.17311444095275103,1.5141028635676586,1.5141028635676586,1.5
1.306,0.46841254742273375,0.08645193965111109,0.5235987755982988,0.055186228175565066,0.17348925599421683,1.5421133546095387,1.5421133546095387,1.5
1.307,0.4684996958451797,0.08714842244595009,0.5235987755982988,0.05509907975311912,0.173851250194271,1.5208458110688687,1.5208458110688687,1.5
1.308,0.46858609806998885,0.08640222480917405,0.5235987755982988,0.05501267752830996,0.17419628713060828,1.4920479210601552,1.4920479210601552,1.5
1.309,0.46867437542386736,0.08827735387849313,0.5235987755982988,0.054924400174431454,0.1745693803847457,1.5444147593711155,1.5444147593711155,1.5
1.31,0.46876284936110746,0.08847393724008634,0.5235987755982988,0.05483592623719136,0.17492292440337087,1.5109938555421438,1.5109938555421438,1.5
1.311,0.468852050375452,0.08920101434455079,0.5235987755982988,0.05474672522284679,0.17528137583553244,1.5216194570684958,1.5216194570684958,1.5
1.312,0.4689406847430945,0.0886343676425204,0.5235987755982988,0.05465809085520429,0.17562453166264008,1.4958031471069564,1.4958031471069564,1.5
1.313,0.4690297599610025,0.08907521790793894,0.5235987755982988,0.054569015637296325,0.17597787520635563,1.5159077547197723,1.5159077547197723,1.5
1.314,0.46911857862088474,0.08881865988227527,0.5235987755982988,0.054480196977414075,0.17632253198247064,1.5019948569193617,1.5019948569193617,1.5
1.315,0.46920708518111204,0.0885065602273218,0.5235987755982988,0.05439169041718678,0.17666560723996602,1.5008634996915124,1.5008634996915124,1.5
1.316,0.46929453026078877,0.08744507967674242,0.5235987755982988,0.05430424533751005,0.17699941492839083,1.4858509138065983,1.4858509138065983,1.5
1.317,0.46938231902695615,0.08778876616737252,0.5235987755982988,0.054216456571342664,0.1773478206134572,1.5138693361867415,1.5138693361867415,1.5
1.318,0.46947007800674306,0.08775897978692586,0.5235987755982988,0.05412869759155575,0.17769113821490715,1.5064273736844564,1.5064273736844564,1.5
1.319,0.46955900508668735,0.088927079944288,0.5235987755982988,0.05403977051161146,0.17804677645892691,1.5303827215301968,1.5303827215301968,1.5
1.32,0.4696473291612064,0.08832407451900444,0.5235987755982988,0.05395144643709243,0.17838185688861957,1.4950540578898717,1.4950540578898717,1.5
1.321,0.4697363562693921,0.0890271081856787,0.5235987755982988,0.05386241932890673,0.17873045373895305,1.5211265992950056,1.5211265992950056,1.5
1.322,0.4698259171637546,0.08956089436250467,0.5235987755982988,0.05377285843454421,0.17907624078798165,1.5177978921913737,1.5177978921913737,1.5
1.323,0.4699156440253417,0.08972686158707233,0.5235987755982988,0.05368313157295712,0.17941701808000407,1.5104842160403535,1.5104842160403535,1.5
1.324,0.47000651232268315,0.09086829734147651,0.5235987755982988,0.05359226327561567,0.17976766726206225,1.5300068640150495,1.5300068640150495,1.5
1.325,0.47009730767417324,0.09079535149008233,0.5235987755982988,0.05350146792412558,0.18010393995483184,1.5058105467594345,1.5058105467594345,1.5
1.326,0.47018759004308097,0.09028236890775798,0.5235987755982988,0.053411185555217844,0.18043440215798895,1.4970039764727197,1.4970039764727197,1.5
1.327,0.470277850208214,0.09026016513301995,0.5235987755982988,0.05332092539008482,0.18076936420963877,1.50677851401786,1.50677851401786,1.5
1.328,0.47036929450889964,0.0914443006856664,0.5235987755982988,0.05322948108939918,0.18111676404521515,1.5309035242635707,1.5309035242635707,1.5
1.329,0.4704609090683654,0.09161455946578033,0.5235987755982988,0.05313786652993341,0.18145201994517696,1.5107207196571317,1.5107207196571317,1.5
1.33,0.47055214997462763,0.09124090626221718,0.5235987755982988,0.053046625623671184,0.18178032797894988,1.4998561006859994,1.4998561006859994,1.5
1.331,0.47064471942402053,0.09256944939289531,0.5235987755982988,0.052954056174278286,0.18212657091258966,1.53387013511454,1.53387013511454,1.5
1.332,0.47073800584531733,0.09328642129682149,0.5235987755982988,0.052860769752981485,0.18246513719484284,1.5217449940299552,1.5217449940299552,1.5
1.333,0.4708307295030207,0.09272365770334168,0.5235987755982988,0.05276804609527813,0.18278861750279848,1.4962076418341494,1.4962076418341494,1.5
1.334,0.47092333946227016,0.09260995924946053,0.5235987755982988,0.05267543613602865,0.1831161525920088,1.5051439235386443,1.5051439235386443,1.5
1.335,0.47101577206749334,0.09243260522317939,0.5235987755982988,0.05258300353080547,0.18344207001763446,1.5038617162143342,1.5038617162143342,1.5
1.336,0.4711071467452518,0.09137467775845959,0.5235987755982988,0.052491628853047034,0.18375731971793102,1.4862360591234582,1.4862360591234582,1.5
1.337,0.47119845242742064,0.09130568216888417,0.5235987755982988,0.05240032317087817,0.18408260695551523,1.5059300624291685,1.5059300624291685,1.5
1.338,0.4712895917226541,0.09113929523344011,0.5235987755982988,0.052309183875644705,0.1844059109339568,1.5039767158646296,1.5039767158646296,1.5
1.339,0.4713793019050132,0.08971018235911521,0.5235987755982988,0.05221947369328561,0.18471432053587503,1.4787088861321773,1.4787088861321773,1.5
1.34,0.47146957265335065,0.09027074833744124,0.5235987755982988,0.05212920294494816,0.18504385878046,1.5183881341552499,1.5183881341552499,1.5
1.341,0.47156073634997253,0.09116369662185306,0.5235987755982988,0.052038039248326284,0.18537619192819016,1.5250806255552316,1.5250806255552316,1.5
1.342,0.47165195384145714,0.09121749148461959,0.5235987755982988,0.05194682175684168,0.18569834596328386,1.508368992985079,1.508368992985079,1.5
1.343,0.4717432276837861,0.09127384232898698,0.5235987755982988,0.05185554791451269,0.18601963831031415,1.5084244162061173,1.5084244162061173,1.5
1.344,0.4718351754459804,0.09194776219429183,0.5235987755982988,0.0517636001523184,0.18634688601842542,1.520780304692416,1.520780304692416,1.5
1.345,0.47192806764845363,0.09289220247322257,0.5235987755982988,0.051670707949845185,0.1866762545483213,1.526244626554158,1.526244626554158,1.5
1.346,0.47201972472612813,0.09165707767447835,0.5235987755982988,0.051579050872170684,0.18698060225329713,1.4827288802229734,1.4827288802229734,1.5
1.347,0.4721115224172663,0.09179769113812962,0.5235987755982988,0.05148725318103253,0.18729929578472124,1.5101448354869837,1.5101448354869837,1.5
1.348,0.47220412818331153,0.0926057660452505,0.5235987755982988,0.05139464741498728,0.18762450843541922,1.5235053134334682,1.5235053134334682,1.5
1.349,0.47229644182386776,0.09231364055624351,0.5235987755982988,0.05130233377443105,0.18793666544889645,1.5015659515034803,1.5015659515034803,1.5
1.35,0.4723891481235644,0.09270629969667189,0.5235987755982988,0.0512096274747344,0.1882555324554386,1.515238274053067,1.515238274053067,1.5
1.351,0.4724823134201255,0.09316529656106186,0.5235987755982988,0.05111646217817334,0.188574268621082,1.516596441263533,1.516596441263533,1.5
1.352,0.4725753932725175,0.0930798523920588,0.5235987755982988,0.0510233823257813,0.1888861096167825,1.5057443403448239,1.5057443403448239,1.5
1.353,0.4726695747265936,0.09418145407606734,0.5235987755982988,0.050929200871705216,0.18921023586264824,1.5294784218715354,1.5294784218715354,1.5
1.354,0.4727637308429608,0.0941561163671995,0.5235987755982988,0.05083504475533801,0.18952102621324962,1.5070277621487285,1.5070277621487285,1.5
1.355,0.47285689062053693,0.09315977757614932,0.5235987755982988,0.050741884977761886,0.1898201955109904,1.4876057134883722,1.4876057134883722,1.5
1.356,0.47295006705721093,0.09317643667401543,0.5235987755982988,0.05064870854108788,0.19012971627919456,1.5077859641634141,1.5077859641634141,1.5
1.357,0.47304379944901515,0.09373239180423193,0.5235987755982988,0.05055497614928367,0.190444355966808,1.5185732175382514,1.5185732175382514,1.5
1.358,0.4731381288533737,0.09432940435856733,0.5235987755982988,0.05046064674492512,0.19075860364691716,1.5194388424310468,1.5194388424310468,1.5
1.359,0.47323294848962055,0.09481963624684488,0.5235987755982988,0.05036582710867826,0.19107082412995297,1.5173509901142364,1.5173509901142364,1.5
1.36,0.4733281232210613,0.09517473144075171,0.5235987755982988,0.05027065237723749,0.19138070410453917,1.5146874747778842,1.5146874747778842,1.5
1.361,0.47342370636334863,0.0955831422873108,0.5235987755982988,0.05017506923495019,0.19169033217928916,1.5157821954464419,1.5157821954464419,1.5
1.362,0.4735188524427843,0.09514607943569069,0.5235987755982988,0.050079923155514516,0.1919897525302333,1.4989053943505826,1.4989053943505826,1.5
1.363,0.4736152781793017,0.09642573651742137,0.5235987755982988,0.0499834974189971,0.19230734591823234,1.533204827989469,1.533204827989469,1.5
1.364,0.47371123759668937,0.09595941738767215,0.5235987755982988,0.049887538001609444,0.19260477026545408,1.4983876763264092,1.4983876763264092,1.5
1.365,0.47380756206074937,0.0963244640600207,0.5235987755982988,0.04979121353754945,0.192910561864075,1.5149776868379847,1.5149776868379847,1.5
1.366,0.473903747339535,0.09618527878563327,0.5235987755982988,0.04969502825876382,0.193209935516328,1.504922251637053,1.504922251637053,1.5
1.367,0.4740007595244298,0.09701218489483754,0.5235987755982988,0.04959801607386899,0.19351917832347776,1.5242329444869362,1.5242329444869362,1.5
1.368,0.4740969807506661,0.09622122623624758,0.5235987755982988,0.04950179484763273,0.19380967467250956,1.4919418016197878,1.4919418016197878,1.5
1.369,0.4741925410113066,0.09556026064047901,0.5235987755982988,0.049406234586992226,0.19410077163252118,1.4944783861835282,1.4944783861835282,1.5
1.37,0.474287686608351,0.09514559704440562,0.5235987755982988,0.04931108898994779,0.1943937620429185,1.4993515489297704,1.4993515489297704,1.5
1.371,0.4743840201718764,0.09633356352538426,0.5235987755982988,0.049214755426422396,0.1947036801410728,1.5313709773831254,1.5313709773831254,1.5
1.372,0.47447996087127026,0.0959406993938425,0.5235987755982988,0.04911881472702856,0.19499527626392368,1.4998494024511957,1.4998494024511957,1.5
1.373,0.47457581667848586,0.09585580721562464,0.5235987755982988,0.04902295891981295,0.195289459660637,1.5059774123871503,1.5059774123871503,1.5
1.374,0.4746728664405249,0.09704976203908507,0.5235987755982988,0.048925909157773895,0.1955969944322399,1.5315475610464584,1.5315475610464584,1.5
1.375,0.4747700083264152,0.09714188589028223,0.5235987755982988,0.04882876727188362,0.1958915215712016,1.5096064579870703,1.5096064579870703,1.5
1.3760000000000001,0.4748669921599162,0.09698383350097187,0.5235987755982988,0.048731783438382636,0.19618246489265811,1.5046103030850153,1.5046103030850153,1.5
1.377,0.4749637148680419,0.09672270812572197,0.5235987755982988,0.04863506073025692,0.19647145318889733,1.5025361991750796,1.5025361991750796,1.5
1.3780000000000001,0.47506044215209015,0.09672728404825948,0.5235987755982988,0.04853833344620867,0.19676257344881773,1.507829335100808,1.507829335100808,1.5
1.379,0.47515710471533656,0.09666256324643577,0.5235987755982988,0.04844167088296225,0.19705211965349545,1.5064437666873864,1.5064437666873864,1.5
1.3800000000000001,0.475252966279006,0.09586156366943464,0.5235987755982988,0.04834580931929283,0.19733270270903686,1.4917130135196923,1.4917130135196923,1.5
1.381,0.4753482592606476,0.09529298164164807,0.5235987755982988,0.048250516337651206,0.19761504828853416,1.4962972845378233,1.4962972845378233,1.5
1.3820000000000001,0.4754456179413484,0.09735868070076878,0.5235987755982988,0.04815315765695044,0.1979257752571054,1.548937419713746,1.548937419713746,1.5
1.383,0.47554324859659686,0.09763065524848051,0.5235987755982988,0.04805552700170196,0.1982158579768421,1.513228185410296,1.513228185410296,1.5
1.3840000000000001,0.4756410313582396,0.0977827616427128,0.5235987755982988,0.04795774424005922,0.1985038210186262,1.510852580304524,1.510852580304524,1.5
1.385,0.4757399534751832,0.09892211694364421,0.5235987755982988,0.047858822123115596,0.19880193216646938,1.5306097269500452,1.5306097269500452,1.5
1.3860000000000001,0.4758387473938782,0.09879391869500084,0.5235987755982988,0.0477600282044206,0.19908522310472437,1.5053498043826243,1.5053498043826243,1.5
1.387,0.47593669723473375,0.09794984085551786,0.5235987755982988,0.047662078363565064,0.19935979143778937,1.4910219567059404,1.4910219567059404,1.5
1.3880000000000001,0.4760353518786663,0.09865464393255774,0.5235987755982988,0.047563423719632514,0.19965072389852084,1.521932048809239,1.521932048809239,1.5
1.389,0.47613374984123447,0.09839796256819135,0.5235987755982988,0.04746502575706435,0.19993022812275058,1.5027587442272767,1.5027587442272767,1.5
1.3900000000000001,0.47623270312873306,0.0989532874985864,0.5235987755982988,0.047366072469565756,0.20021794402025728,1.5189783356133562,1.5189783356133562,1.5
1.391,0.4763320062066962,0.09930307796313463,0.5235987755982988,0.047266769391602625,0.200502610143354,1.5149120722908516,1.5149120722908516,1.5
1.3920000000000001,0.476430271377262,0.09826517056584491,0.5235987755982988,0.0471685042210368,0.20077112706721797,1.4871860982912564,1.4871860982912564,1.5
1.393,0.47652886534339084,0.09859396612880539,0.5235987755982988,0.047069910254907976,0.2010539976985578,1.514437124904477,1.514437124904477,1.5
1.3940000000000001,0.47662712357945575,0.09825823606489445,0.5235987755982988,0.04697165201884307,0.20132873616255742,1.5011729160120857,1.5011729160120857,1.5
1.395,0.47672654568047884,0.0994221010230721,0.5235987755982988,0.046872229917819974,0.20161931470950256,1.5311379580487445,1.5311379580487445,1.5
1.3960000000000001,0.4768246704481673,0.09812476768846491,0.5235987755982988,0.04677410515013153,0.2018818690185564,1.482007101389702,1.482007101389702,1.5
1.397,0.4769224086181476,0.09773816998032268,0.5235987755982988,0.04667636698015121,0.20215372978429572,1.5001180272522325,1.5001180272522325,1.5
1.3980000000000001,0.4770202887215683,0.09788010342072462,0.5235987755982988,0.046578486876730496,0.20243067663941205,1.5106577224064646,1.5106577224064646,1.5
1.399,0.4771178183308708,0.0975296093024922,0.5235987755982988,0.046480957267428014,0.20270140635836603,1.5008205259090097,1.5008205259090097,1.5
1.4000000000000001,0.47721627865350447,0.09846032263367123,0.5235987755982988,0.04638249694479435,0.20298556680356047,1.52641663536778,1.52641663536778,1.5
1.401,0.47731394857534126,0.09766992183679814,0.5235987755982988,0.04628482702295755,0.2032499108345053,1.492068809873232,1.492068809873232,1.5
1.4020000000000001,0.47741184736096237,0.09789878562110257,0.5235987755982988,0.046186928237336444,0.20352478136927568,1.5123908694330326,1.5123908694330326,1.5
1.403,0.47750987592039473,0.09802855943234252,0.5235987755982988,0.04608889967790408,0.20379780268352948,1.510427379074487,1.510427379074487,1.5
1.4040000000000001,0.47760820069877347,0.0983247783787127,0.5235987755982988,0.04599057489952535,0.20407191772522718,1.513766663681991,1.513766663681991,1.5
1.405,0.47770684738876285,0.0986466899893921,0.5235987755982988,0.04589192820953597,0.20434557125755834,1.5143042144838852,1.5143042144838852,1.5
1.4060000000000001,0.47780497930635546,0.09813191759259733,0.5235987755982988,0.045793796291943356,0.20460921027748935,1.497596287263256,1.497596287263256,1.5
1.407,0.47790291647654937,0.09793717019387953,0.5235987755982988,0.04569585912174945,0.2048756421633872,1.5039556054330516,1.5039556054330516,1.5
1.408,0.4780004237463295,0.09750726978015316,0.5235987755982988,0.04559835185196931,0.20513872180578277,1.499236965340983,1.499236965340983,1.5
1.409,0.4780979531876374,0.09752944130794701,0.5235987755982988,0.04550082241066139,0.20540606274933368,1.5082440121382892,1.5082440121382892,1.5
1.41,0.47819517023991603,0.09721705227860329,0.5235987755982988,0.04540360535838278,0.2056689570767415,1.5015545747177614,1.5015545747177614,1.5
1.411,0.4782926871288117,0.09751688889562318,0.5235987755982988,0.04530608846948714,0.20593789298318968,1.513774096522686,1.513774096522686,1.5
1.412,0.47838880364659897,0.0961165177872796,0.5235987755982988,0.045209971951699846,0.20618725833722226,1.4797939289447781,1.4797939289447781,1.5
1.413,0.47848603749320856,0.09723384660960067,0.5235987755982988,0.045112738105090255,0.20646376781433212,1.5300358978694037,1.5300358978694037,1.5
1.414,0.4785824999176034,0.0964624243948407,0.5235987755982988,0.04501627568069544,0.20671863286938028,1.4923502634335686,1.4923502634335686,1.5
1.415,0.47867819029870934,0.0956903811059534,0.5235987755982988,0.04492058529958948,0.20697275085487996,1.4922761281738413,1.4922761281738413,1.5
1.416,0.4787745746261627,0.09638432745333422,0.5235987755982988,0.04482420097213613,0.2072423743469363,1.5215341574360925,1.5215341574360925,1.5
1.417,0.47886964381270614,0.09506918654347662,0.5235987755982988,0.04472913178559268,0.20748902036148723,1.4814079279991148,1.4814079279991148,1.5
1.418,0.4789642921942072,0.09464838150109092,0.5235987755982988,0.044634483404091596,0.2077448343959849,1.499189434075764,1.499189434075764,1.5
1.419,0.4790585703917774,0.09427819757015792,0.5235987755982988,0.04454020520652141,0.2080004820524511,1.5001681919014271,1.5001681919014271,1.5
1.42,0.47915310336213146,0.09453297035406692,0.5235987755982988,0.044445672236167355,0.2082623298647622,1.5126377114837928,1.5126377114837928,1.5
1.421,0.4792480188242021,0.09491546207063423,0.5235987755982988,0.04435075677409672,0.20852487879697043,1.5152124719596716,1.5152124719596716,1.5
1.422,0.4793432729109966,0.09525408679449388,0.5235987755982988,0.04425550268730222,0.2087862313384984,1.5143657314428438,1.5143657314428438,1.5
1.423,0.4794384522716706,0.09517936067401517,0.5235987755982988,0.044160323326628226,0.2090422948553081,1.5061258045339854,1.5061258045339854,1.5
1.424,0.47953292246792373,0.09447019625315921,0.5235987755982988,0.04406585313037509,0.2092906159556739,1.493431060436802,1.493431060436802,1.5
1.425,0.4796275128085931,0.09459034066937695,0.5235987755982988,0.0439712627897057,0.2095474067724308,1.5099605040246076,1.5099605040246076,1.5
1.426,0.47972289638076904,0.09538357217590135,0.5235987755982988,0.04387587921752978,0.2098109496109471,1.523431857384038,1.523431857384038,1.5
1.427,0.47981790173176797,0.09500535099892407,0.5235987755982988,0.043780873866530845,0.21006081748583894,1.5000662622345264,1.5000662622345264,1.5
1.428,0.47991249743994346,0.09459570817548191,0.5235987755982988,0.04368627815835535,0.21030962828039954,1.4994075716110706,1.4994075716110706,1.5
1.429,0.4800068839252144,0.09438648527091423,0.5235987755982988,0.043591891673084415,0.21055995241179049,1.503383198562685,1.503383198562685,1.5
1.43,0.4801010181062208,0.09413418100639463,0.5235987755982988,0.043497757492078015,0.21080909649570867,1.5025048335312812,1.5025048335312812,1.5
1.431,0.480195558497724,0.09454039150321061,0.5235987755982988,0.04340321710057482,0.2110648358098019,1.5156549444168312,1.5156549444168312,1.5
1.432,0.4802908771115276,0.09531861380361249,0.5235987755982988,0.04330789848677119,0.21132400672297602,1.5231276773282945,1.5231276773282945,1.5
1.433,0.4803868582676725,0.09598115614492334,0.5235987755982988,0.04321191733062629,0.2115812124306301,1.520876335930506,1.520876335930506,1.5
1.434,0.4804839179535583,0.09705968588579869,0.5235987755982988,0.04311485764474049,0.2118423443005226,1.529249087309101,1.529249087309101,1.5
1.435,0.4805807699845872,0.0968520310288899,0.5235987755982988,0.04301800561371161,0.2120885492624229,1.503611677732688,1.503611677732688,1.5
1.436,0.4806776274271228,0.09685744253559277,0.5235987755982988,0.04292114817117604,0.21233642385871335,1.5078563926163686,1.5078563926163686,1.5
1.437,0.4807747064509951,0.097079023872338,0.5235987755982988,0.04282406914730369,0.21258600729519211,1.512180222137752,1.512180222137752,1.5
1.438,0.4808735634852207,0.0988570342255872,0.5235987755982988,0.042725212113078115,0.2128521549364657,1.543326528974771,1.543326528974771,1.5
1.439,0.48097294977550986,0.09938629028914901,0.5235987755982988,0.042625825822788954,0.21310380751781027,1.5184936840092833,1.5184936840092833,1.5
1.44,0.4810713145048755,0.09836472936566752,0.5235987755982988,0.04252746109342331,0.21333760289020054,1.4875196847535022,1.4875196847535022,1.5
1.441,0.4811698663429535,0.0985518380779937,0.5235987755982988,0.042428909255345315,0.21358409781438048,1.5116113525957768,1.5116113525957768,1.5
1.442,0.4812679321714443,0.09806582849079931,0.5235987755982988,0.0423308434268545,0.21382245984553308,1.4981639553023518,1.4981639553023518,1.5
1.443,0.48136665000014545,0.09871782870112675,0.5235987755982988,0.04223212559815337,0.21407274958030215,1.5208852704858127,1.5208852704858127,1.5
1.444,0.4814641669792389,0.09751697909341203,0.5235987755982988,0.04213460861905993,0.21430184469733277,1.4838804341417957,1.4838804341417957,1.5
1.445,0.48156158037827346,0.09741339903458661,0.5235987755982988,0.04203719522002536,0.21454241008994457,1.5057297571509645,1.5057297571509645,1.5
1.446,0.48165861627794865,0.09703589967516679,0.5235987755982988,0.04194015932035017,0.21477926938871722,1.5002430847343706,1.5002430847343706,1.5
1.447,0.4817540167666628,0.09540048871413921,0.5235987755982988,0.04184475883163602,0.21500151775758697,1.4750546527534616,1.4750546527534616,1.5
1.448,0.4818484326005283,0.09441583386547818,0.5235987755982988,0.04175034299777053,0.2152302885904601,1.4879389421239104,1.4879389421239104,1.5
1.449,0.48194309421776266,0.09466161723434326,0.5235987755982988,0.04165568138053616,0.21547201573236271,1.5124689340865398,1.5124689340865398,1.5
1.45,0.482038151150062,0.09505693229933324,0.5235987755982988,0.04156062444823683,0.21571474102433874,1.5154792306785472,1.5154792306785472,1.5
1.451,0.4821333895367464,0.09523838668438493,0.5235987755982988,0.04146538606155242,0.2159544418205511,1.5112336422849806,1.5112336422849806,1.5
1.452,0.48222825705621875,0.09486751947233148,0.5235987755982988,0.04137051854208007,0.2161873667610447,1.5002017266936818,1.5002017266936818,1.5
1.453,0.4823231659659826,0.09490890976389343,0.5235987755982988,0.04127560963231619,0.21642419799294707,1.5084172073890256,1.5084172073890256,1.5
1.454,0.4824182857797057,0.09511981372304816,0.5235987755982988,0.041180489818593125,0.21666225328491354,1.511810791964206,1.511810791964206,1.5
1.455,0.4825124140100735,0.09412823036780463,0.5235987755982988,0.04108636158822532,0.21688633453231987,1.4877779179929733,1.4877779179929733,1.5
1.456,0.48260662855095415,0.09421454088067775,0.5235987755982988,0.04099214704734466,0.21712169453011781,1.5092564686868868,1.5092564686868868,1.5
1.457,0.48269939123717726,0.09276268622308434,0.5235987755982988,0.04089938436112156,0.21733936300516934,1.478500070118586,1.478500070118586,1.5
1.458,0.48279221806287387,0.09282682569659786,0.5235987755982988,0.04080655753542495,0.21757316189123155,1.5087038043681174,1.5087038043681174,1.5
1.459,0.4828840267206632,0.09180865778933629,0.5235987755982988,0.0407147488776356,0.21779432365214807,1.4870627879104963,1.4870627879104963,1.5
1.46,0.4829758019080039,0.0917751873406648,0.5235987755982988,0.04062297369029494,0.21802573842521675,1.506675283649717,1.506675283649717,1.5
1.461,0.4830671567788926,0.09135487088872433,0.5235987755982988,0.0405316188194062,0.2182522242943704,1.498935685948444,1.498935685948444,1.5
1.462,0.4831591848892974,0.09202811040476085,0.5235987755982988,0.04043959070900144,0.21849018111349505,1.5207731799918283,1.5207731799918283,1.5
1.463,0.483251897202898,0.09271231360065313,0.5235987755982988,0.0403468783954008,0.21872763009254367,1.5210463127502265,1.5210463127502265,1.5
1.464,0.48334439409055796,0.09249688765994012,0.5235987755982988,0.040254381507740855,0.21895448345310384,1.5031084662737921,1.5031084662737921,1.5
1.465,0.4834363525791961,0.09195848863812182,0.5235987755982988,0.04016242301910272,0.2191771202139409,1.4966317705764294,1.4966317705764294,1.5
1.466,0.4835284101655863,0.0920575863902159,0.5235987755982988,0.04007036543271253,0.21940618006605347,1.5093386341329313,1.5093386341329313,1.5
1.467,0.4836213841832683,0.0929740176820144,0.5235987755982988,0.03997739141503054,0.21964366612279415,1.5256932327471873,1.5256932327471873,1.5
1.468,0.48371522704255293,0.09384285928465799,0.5235987755982988,0.039883548555745885,0.21988000763130022,1.524814753467433,1.524814753467433,1.5
1.469,0.48380989032338534,0.09466328083241801,0.5235987755982988,0.03978888527491348,0.22011519645209882,1.523915859697973,1.523915859697973,1.5
1.47,0.48390550167909224,0.09561135570692263,0.5235987755982988,0.03969327391920657,0.22035118458378647,1.5265345599566857,1.5265345599566857,1.5
1.471,0.4840007790216712,0.09527734257897719,0.5235987755982988,0.0395979965766276,0.2205723550674312,1.500968645897645,1.500968645897645,1.5
1.472,0.4840951004674914,0.09432144582014507,0.5235987755982988,0.039503675130807436,0.2207860074091999,1.4885042522296759,1.4885042522296759,1.5
1.473,0.48418925872514224,0.09415825765083176,0.5235987755982988,0.03940951687315658,0.22100780902428763,1.5042819522793454,1.5042819522793454,1.5
1.474,0.48428467239609513,0.09541367095287098,0.5235987755982988,0.03931410320220369,0.2212447075736125,1.5326409266528511,1.5326409266528511,1.5
1.475,0.48437990947923804,0.09523708314292313,0.5235987755982988,0.03921886611906078,0.22146513848752342,1.5041013374772727,1.5041013374772727,1.5
1.476,0.4844749553470188,0.09504586778076436,0.5235987755982988,0.03912382025128003,0.22168478888473706,1.5037946594082585,1.5037946594082585,1.5
1.477,0.48456839112414074,0.09343577712197766,0.5235987755982988,0.039030384474158075,0.22188810074724288,1.475401856246727,1.475401856246727,1.5
1.478,0.484662590631984,0.094199507843309,0.5235987755982988,0.03893618496631479,0.22211708078760864,1.522749476596385,1.522749476596385,1.5
1.479,0.484756799183794,0.09420855180995821,0.5235987755982988,0.03884197641450482,0.22233709820368752,1.507716839960449,1.507716839960449,1.5
1.48,0.4848496819649936,0.09288278119961883,0.5235987755982988,0.0387490936333052,0.2225417163648618,1.4810212719380091,1.4810212719380091,1.5
1.481,0.484942139303669,0.09245733867536467,0.5235987755982988,0.03865663629462984,0.22275568489128098,1.498921772010886,1.498921772010886,1.5
1.482,0.48503412662759227,0.09198732392328406,0.5235987755982988,0.03856464897070655,0.2229685479758217,1.497996292052417,1.497996292052417,1.5
1.483,0.4851259577642739,0.09183113668163558,0.5235987755982988,0.0384728178340249,0.22318427789338502,1.5042352410808932,1.5042352410808932,1.5
1.484,0.48521749937477326,0.09154161049936357,0.5235987755982988,0.03838127622352555,0.22339792585893747,1.5015559672890908,1.5015559672890908,1.5
1.485,0.485308484007719,0.09098463294572323,0.5235987755982988,0.03829029159057984,0.22360800571958703,1.4961837777671423,1.4961837777671423,1.5
1.486,0.48539995095904254,0.09146695132355967,0.5235987755982988,0.03819882463925628,0.22382899469997178,1.5169251381923865,1.5169251381923865,1.5
1.487,0.4854907807172909,0.09082975824834348,0.5235987755982988,0.03810799488100791,0.22403698834047134,1.494573494601561,1.494573494601561,1.5
1.488,0.4855824380697941,0.09165735250320978,0.5235987755982988,0.038016337528504696,0.22426060791058483,1.5238182657571935,1.5238182657571935,1.5
1.489,0.48567376277170465,0.09132470191055553,0.5235987755982988,0.03792501282659416,0.22447078881739604,1.5006795763471719,1.5006795763471719,1.5
1.49,0.48576486705870403,0.09110428699937471,0.5235987755982988,0.037833908539594785,0.22468161637077125,1.5028976779292282,1.5028976779292282,1.5
1.491,0.485856259556714,0.0913924980099828,0.5235987755982988,0.037742516041584795,0.22489748588950711,1.5130525631721117,1.5130525631721117,1.5
1.492,0.4859475270730131,0.09126751629907844,0.5235987755982988,0.03765124852528573,0.22510819189292827,1.5048117656227116,1.5048117656227116,1.5
1.493,0.48603904611536103,0.09151904234795462,0.5235987755982988,0.03755972948293779,0.22532248051498743,1.51233192228145,1.51233192228145,1.5
1.494,0.48613106347305785,0.09201735769682634,0.5235987755982988,0.03746771212524097,0.2255389211952037,1.5172878303652708,1.5172878303652708,1.5
1.495,0.486223067413114,0.09200394005616964,0.5235987755982988,0.03737570818518482,0.2257491142311187,1.5070930358026122,1.5070930358026122,1.5
1.496,0.4863155181050283,0.09245069191432569,0.5235987755982988,0.037283257493270494,0.22596382325118078,1.5162953523676144,1.5162953523676144,1.5
1.497,0.4864074614039364,0.09194329890812192,0.5235987755982988,0.03719131419436239,0.22616738506778641,1.4972481952290706,1.4972481952290706,1.5
1.498,0.4864998576493435,0.09239624540705041,0.5235987755982988,0.03709891794895531,0.22638100139385417,1.5164143938912196,1.5164143938912196,1.5
1.499,0.4865914776267372,0.09161997739372706,0.5235987755982988,0.037007297971561604,0.22658042595473885,1.491866339366097,1.491866339366097,1.5
1.5,0.48668357120414774,0.09209357741053507,0.5235987755982988,0.03691520439415108,0.22679311264102914,1.5168015985276584,1.5168015985276584,1.5
1.5010000000000001,0.48677569281958055,0.09212161543281984,0.5235987755982988,0.036823082778718264,0.2270002941830975,1.5079282466385382,1.5079282466385382,1.5
1.502,0.4868678618521052,0.0921690325246163,0.5235987755982988,0.03673091374619364,0.22720711778429145,1.5083180710705548,1.5083180710705548,1.5
1.5030000000000001,0.48695883052542216,0.09096867331697367,0.5235987755982988,0.036639945072876656,0.22739954479234,1.4833663384491167,1.4833663384491167,1.5
1.504,0.48704932122406164,0.0904906986395056,0.5235987755982988,0.03654945437423718,0.22759938982079114,1.4977180003159964,1.4977180003159964,1.5
1.5050000000000001,0.4871397051336847,0.09038390962304893,0.5235987755982988,0.03645907046461411,0.22780277293794243,1.5051034755620272,1.5051034755620272,1.5
1.506,0.48722953027683963,0.08982514315492914,0.5235987755982988,0.03636924532145919,0.22800057987352013,1.4960553834074481,1.4960553834074481,1.5
1.5070000000000001,0.48732047580608673,0.09094552924710912,0.5235987755982988,0.03627829979221209,0.22821641967071038,1.5295937332959941,1.5295937332959941,1.5
1.508,0.48741112393348596,0.0906481273992082,0.5235987755982988,0.03618765166481286,0.22841600166906395,1.5013276053817504,1.5013276053817504,1.5
1.5090000000000001,0.48750020139830386,0.08907746481787945,0.5235987755982988,0.03609857419999496,0.22860090947528003,1.4758385985653617,1.4758385985653617,1.5
1.51,0.48758901332325316,0.0888119249493313,0.5235987755982988,0.036009762275045654,0.228799696651146,1.5018153998144672,1.5018153998144672,1.5
1.5110000000000001,0.4876776109071679,0.08859758391471897,0.5235987755982988,0.035921164691130936,0.22899848870103406,1.5028181333037,1.5028181333037,1.5
1.512,0.48776569751599824,0.08808660883037542,0.5235987755982988,0.03583307808230057,0.22919343377666904,1.4968683050263065,1.4968683050263065,1.5
1.5130000000000001,0.4878530875142693,0.08738999827109004,0.5235987755982988,0.0357456880840295,0.22938575928837948,1.4931147175207224,1.4931147175207224,1.5
1.514,0.4879416543633968,0.08856684912748938,0.5235987755982988,0.035657121234902,0.22959827974297659,1.5305282169896741,1.5305282169896741,1.5
1.5150000000000001,0.4880310777715782,0.08942340818141263,0.5235987755982988,0.03556769782672059,0.2298067147182086,1.524216529008664,1.524216529008664,1.5
1.516,0.4881200720831064,0.0889943115281793,0.5235987755982988,0.03547870351519239,0.23000036478247388,1.4985719395898465,1.4985719395898465,1.5
1.5170000000000001,0.48820924481379263,0.089172730686225,0.5235987755982988,0.035389530784506185,0.2302001908789674,1.5106879280831684,1.5106879280831684,1.5
1.518,0.48829728764385677,0.08804283006411312,0.5235987755982988,0.035301487954442046,0.23038497473027922,1.4845358060126603,1.4845358060126603,1.5
1.5190000000000001,0.4883853149351657,0.08802729130889984,0.5235987755982988,0.035213460663133134,0.2305815441361792,1.5067326513008634,1.5067326513008634,1.5
1.52,0.4884743340368041,0.08901910163843577,0.5235987755982988,0.03512444156149469,0.23078873010250306,1.5268783898954306,1.5268783898954306,1.5
1.5210000000000001,0.4885638190471891,0.08948501038497979,0.5235987755982988,0.03503495655110972,0.2309895589404806,1.5164397030619554,1.5164397030619554,1.5
1.522,0.4886546451951969,0.09082614800781286,0.5235987755982988,0.0349441304031019,0.23119954994246678,1.5339815532874599,1.5339815532874599,1.5
1.5230000000000001,0.4887450880424314,0.09044284723447044,0.5235987755982988,0.03485368755586743,0.2313899113422792,1.4996000763737767,1.4996000763737767,1.5
1.524,0.4888351371855953,0.0900491431639087,0.5235987755982988,0.034763638412703524,0.23157961316480338,1.499361346367523,1.499361346367523,1.5
1.5250000000000001,0.4889249608858545,0.08982370025922182,0.5235987755982988,0.034673814712444295,0.23177063643767615,1.502695073359375,1.502695073359375,1.5
1.526,0.48901361609300437,0.08865520714982163,0.5235987755982988,0.03458515950529445,0.23195067125853175,1.483816033832734,1.483816033832734,1.5
1.5270000000000001,0.48910111855582333,0.08750246281895803,0.5235987755982988,0.03449765704247548,0.23213033008050518,1.4840375299547137,1.4840375299547137,1.5
1.528,0.4891884211580141,0.08730260219077798,0.5235987755982988,0.03441035444028473,0.23231999840962395,1.5030029844619157,1.5030029844619157,1.5
1.5290000000000001,0.4892767647587887,0.08834360077457487,0.5235987755982988,0.03432201083951014,0.23252288161616305,1.5278041798511999,1.5278041798511999,1.5
1.53,0.4893643042606051,0.08753950181644382,0.5235987755982988,0.034234471337693695,0.23270480466370794,1.4909855088993451,1.4909855088993451,1.5
1.5310000000000001,0.48945113674143786,0.08683248083273763,0.5235987755982988,0.03414763885686095,0.2328872637867842,1.4928627404711916,1.4928627404711916,1.5
1.532,0.48953746673570653,0.086329994268666,0.5235987755982988,0.03406130886259229,0.2330714524561755,1.4968968671851863,1.4968968671851863,1.5
1.5330000000000001,0.4896229018612089,0.08543512550234857,0.5235987755982988,0.033975873737089934,0.23325076091154073,1.4890090242151446,1.4890090242151446,1.5
1.534,0.48970886191328533,0.08596005207647359,0.5235987755982988,0.033889913685013484,0.2334452648101363,1.5173333415226884,1.5173333415226884,1.5
1.5350000000000001,0.48979328442016434,0.08442250687902662,0.5235987755982988,0.03380549117813447,0.2336164003093975,1.4761259002171787,1.4761259002171787,1.5
1.536,0.4898781662712315,0.08488185106714906,0.5235987755982988,0.03372060932706733,0.2338091198012345,1.5159406843127707,1.5159406843127707,1.5
1.537,0.48996237450943053,0.08420823819903196,0.5235987755982988,0.033636401088868284,0.23398877226201947,1.49331829072303,1.49331829072303,1.5
1.538,0.4900474919326324,0.08511742320189318,0.5235987755982988,0.0335512836656664,0.23418543514168874,1.5249203591131468,1.5249203591131468,1.5
1.539,0.49013294355044923,0.08545161781680385,0.5235987755982988,0.033465832047849586,0.23437522246049536,1.513493286154365,1.513493286154365,1.5
1.54,0.4902171420805578,0.08419853010854744,0.5235987755982988,0.03338163351774104,0.2345469112488376,1.481774375260216,1.481774375260216,1.5
1.541,0.49030130754996515,0.08416546940738065,0.5235987755982988,0.03329746804833367,0.23473158721124265,1.5060746683853479,1.5060746683853479,1.5
1.542,0.49038473488773593,0.08342733777077746,0.5235987755982988,0.03321404071056289,0.23490793772025334,1.4919706048205268,1.4919706048205268,1.5
1.543,0.49046785742371807,0.08312253598211401,0.5235987755982988,0.03313091817458075,0.23508856844748166,1.5005781512483933,1.5005781512483933,1.5
1.544,0.4905509044560587,0.08304703234062005,0.5235987755982988,0.033047871142240115,0.23527122600305578,1.50513973004869,1.50513973004869,1.5
1.545,0.49063294336226654,0.0820389062078284,0.5235987755982988,0.03296583223603228,0.23544304046838327,1.4864812399314165,1.4864812399314165,1.5
1.546,0.49071506130272835,0.08211794046180698,0.5235987755982988,0.032883714295570465,0.2356263804103413,1.508143797576198,1.508143797576198,1.5
1.547,0.49079821024285125,0.08314894012291545,0.5235987755982988,0.032800565355447564,0.23581976408148114,1.5271894284591139,1.5271894284591139,1.5
1.548,0.4908816654371274,0.08345519427615308,0.5235987755982988,0.0327171101611714,0.23600462733791724,1.512776998274586,1.512776998274586,1.5
1.549,0.4909645306037257,0.0828651665983007,0.5235987755982988,0.032634244994573125,0.2361790609807402,1.4948758619850446,1.4948758619850446,1.5
1.55,0.49104694322250914,0.08241261878347171,0.5235987755982988,0.03255183237578968,0.23635450859964746,1.497578257031284,1.497578257031284,1.5
1.551,0.49113016684886746,0.08322362635830503,0.5235987755982988,0.03246860874943136,0.23654345077028519,1.522813160999344,1.522813160999344,1.5
1.552,0.49121358122869485,0.0834143798274129,0.5235987755982988,0.032385194369603965,0.23672503287867266,1.5104729594908217,1.5104729594908217,1.5
1.553,0.4912970636933768,0.0834824646819083,0.5235987755982988,0.03230171190492204,0.2369047612349512,1.5080348474761012,1.5080348474761012,1.5
1.554,0.49138045623124965,0.08339253787289747,0.5235987755982988,0.032218319367049164,0.23708224392460192,1.504880060994336,1.504880060994336,1.5
1.555,0.4914643881234188,0.08393189216915849,0.5235987755982988,0.03213438747488001,0.23726620363060305,1.5174584889550522,1.5174584889550522,1.5
1.556,0.4915483229273414,0.08393480392260526,0.5235987755982988,0.03205045267095741,0.23744373369613736,1.506772786442468,1.506772786442468,1.5
1.557,0.49163230730738156,0.0839843800401227,0.5235987755982988,0.03196646829091726,0.23762128917435535,1.5077063066641572,1.5077063066641572,1.5
1.558,0.49171537515677877,0.08306784939722921,0.5235987755982988,0.03188340044152005,0.23778765022237394,1.48838813754534,1.48838813754534,1.5
1.559,0.49179757079094827,0.08219563416952645,0.5235987755982988,0.03180120480735055,0.23795400084413895,1.4892011233977234,1.4892011233977234,1.5
1.56,0.4918795603265793,0.08198953563104008,0.5235987755982988,0.0317192152717195,0.23812723279745926,1.5024536799638346,1.5024536799638346,1.5
1.561,0.4919615024402097,0.08194211363040864,0.5235987755982988,0.03163727315808912,0.2383017339380967,1.5056107228378544,1.5056107228378544,1.5
1.562,0.492043050893083,0.08154845287326232,0.5235987755982988,0.03155572470521584,0.23847191315375155,1.4986821539475064,1.4986821539475064,1.5
1.563,0.4921248291102627,0.0817782171797182,0.5235987755982988,0.03147394648803614,0.23864851126820597,1.5111191623589786,1.5111191623589786,1.5
1.564,0.492207008625103,0.08217951484037317,0.5235987755982988,0.03139176697319579,0.2388265310212511,1.514568210587477,1.514568210587477,1.5
1.565,0.4922894066085838,0.08239798348075135,0.5235987755982988,0.031309368989715036,0.23900204962451344,1.5109437339947935,1.5109437339947935,1.5
1.566,0.49237179443177065,0.0823878231868446,0.5235987755982988,0.031226981166528167,0.2391745584248889,1.5063886328003249,1.5063886328003249,1.5
1.567,0.49245448978542383,0.08269535365320888,0.5235987755982988,0.031144285812874983,0.23935010903046108,1.5127416351822331,1.5127416351822331,1.5
1.568,0.4925366126957384,0.08212291031457902,0.5235987755982988,0.03106216290256042,0.23951543657415492,1.4951667615196598,1.4951667615196598,1.5
1.569,0.4926178414950409,0.08122879930251392,0.5235987755982988,0.030980934103257918,0.23967671659061646,1.4886876125838642,1.4886876125838642,1.5
1.57,0.4926997018668609,0.0818603718200121,0.5235987755982988,0.03089907373143791,0.23985441530050072,1.5191297542941646,1.5191297542941646,1.5
1.571,0.4927811038010033,0.08140193414241481,0.5235987755982988,0.0308176717972955,0.24001957208703323,1.497380076193655,1.497380076193655,1.5
1.572,0.4928622274285083,0.08112362750500929,0.5235987755982988,0.03073654816979049,0.24018624696877733,1.5009460219832826,1.5009460219832826,1.5
1.573,0.49294272833136116,0.0805009028528227,0.5235987755982988,0.030656047266937658,0.24034863154623592,1.494035397156669,1.494035397156669,1.5
1.574,0.49302287100038356,0.08014266902240594,0.5235987755982988,0.03057590459791526,0.2405134693511604,1.4992753956198905,1.4992753956198905,1.5
1.575,0.49310358025368123,0.08070925329769303,0.5235987755982988,0.030495195344617587,0.2406880819562971,1.5177430990275345,1.5177430990275345,1.5
1.576,0.49318466759725793,0.08108734357669815,0.5235987755982988,0.030414108001040885,0.24086014740563916,1.514018545843918,1.514018545843918,1.5
1.577,0.49326526794279907,0.08060034554114812,0.5235987755982988,0.030333507655499747,0.2410221675107621,1.496747026775135,1.496747026775135,1.5
1.578,0.4933447798425006,0.07951189970149894,0.5235987755982988,0.030253995755798235,0.24117705298073247,1.4846791108503083,1.4846791108503083,1.5
1.579,0.4934253304732778,0.08055063077719699,0.5235987755982988,0.030173445125021015,0.24135503099102965,1.5271355734900809,1.5271355734900809,1.5
1.58,0.4935051953624089,0.07986488913110258,0.5235987755982988,0.030093580235889927,0.2415134542944009,1.4927292175402878,1.4927292175402878,1.5
1.581,0.49358388937641073,0.07869401400185357,0.5235987755982988,0.030014886221888082,0.24166603291881836,1.482971688545508,1.482971688545508,1.5
1.582,0.4936623501517491,0.07846077533832517,0.5235987755982988,0.02993642544654973,0.24182852631674384,1.5016307478495803,1.5016307478495803,1.5
1.583,0.49374014056705495,0.07779041530586897,0.5235987755982988,0.029858635031243863,0.24198571580693454,1.492869661377942,1.492869661377942,1.5
1.584,0.49381809657758147,0.0779560105265187,0.5235987755982988,0.02978067902071735,0.2421517028200109,1.509535137637464,1.509535137637464,1.5
1.585,0.4938958200184021,0.07772344082062171,0.5235987755982988,0.029702955579896717,0.2423128255749273,1.5015850867241818,1.5015850867241818,1.5
1.586,0.49397426304427583,0.0784430258737172,0.5235987755982988,0.029624512554022986,0.24248404188985967,1.5206095763275593,1.5206095763275593,1.5
1.587,0.49405379980949143,0.07953676521558473,0.5235987755982988,0.02954497578880738,0.24265896156822972,1.528150228907248,1.528150228907248,1.5
1.588,0.4941322424448373,0.0784426353458228,0.5235987755982988,0.029466533153461538,0.24280920286240193,1.4844803438220082,1.4844803438220082,1.5
1.589,0.4942108896091604,0.07864716432308977,0.5235987755982988,0.02938788598913844,0.24297336905412548,1.5103659903730051,1.5103659903730051,1.5
1.59,0.49428937268582607,0.0784830766656738,0.5235987755982988,0.02930940291247275,0.24313300516200742,1.5030100199975278,1.5030100199975278,1.5
1.591,0.494368276919867,0.07890423404096045,0.5235987755982988,0.029230498678431804,0.24329867650152484,1.5147017936389868,1.5147017936389868,1.5
1.592,0.4944475618899744,0.07928497010737609,0.5235987755982988,0.02915121370832441,0.24346345970238023,1.5139270600515897,1.5139270600515897,1.5
1.593,0.4945263968217245,0.07883493175008931,0.5235987755982988,0.029072378776574315,0.24361859805803174,1.4973420304628544,1.4973420304628544,1.5
1.594,0.4946051561483714,0.07875932664692074,0.5235987755982988,0.0289936194499274,0.2437774355661683,1.504794692476636,1.504794692476636,1.5
1.595,0.4946831320147503,0.07797586637888534,0.5235987755982988,0.028915643583548534,0.24392798645976396,1.4906315407710455,1.4906315407710455,1.5
1.596,0.4947603326189022,0.07720060415189327,0.5235987755982988,0.02883844297939664,0.2440781764278923,1.4907328247704692,1.4907328247704692,1.5
1.597,0.4948368958102842,0.07656319138204137,0.5235987755982988,0.028761879788014588,0.2442294434144827,1.4934277929351136,1.4934277929351136,1.5
1.598,0.49491291602520376,0.07602021491952607,0.5235987755982988,0.02868585957309505,0.24438130951364492,1.4952655260602572,1.4952655260602572,1.5
1.599,0.49498758375813195,0.07466773292820841,0.5235987755982988,0.02861119184016686,0.24452376127530642,1.479031977367209,1.479031977367209,1.5
1.6,0.4950626749303101,0.07509117217815774,0.5235987755982988,0.02853610066798873,0.244685436287637,1.5144422036332432,1.5144422036332432,1.5
1.601,0.4951374977957385,0.0748228654284125,0.5235987755982988,0.028461277802560303,0.24483901743851855,1.500641158779348,1.500641158779348,1.5
1.602,0.49521131373611293,0.0738159403743964,0.5235987755982988,0.02838746186218588,0.24498397712880185,1.4858473281539508,1.4858473281539508,1.5
1.603,0.4952841175250204,0.0728037889074487,0.5235987755982988,0.02831465807327843,0.24512843273004672,1.4856622458909976,1.4856622458909976,1.5
1.604,0.4953576806500276,0.07356312500721132,0.5235987755982988,0.028241094948271206,0.245292071988472,1.5210110251078484,1.5210110251078484,1.5
1.605,0.4954312203429279,0.0735396929003025,0.5235987755982988,0.028167555255370902,0.2454466182754083,1.5054164078624006,1.5054164078624006,1.5
1.606,0.49550367184621563,0.07245150328770997,0.5235987755982988,0.028095103752083184,0.2455889375506455,1.4841193831801736,1.4841193831801736,1.5
1.607,0.49557565657233293,0.07198472611731618,0.5235987755982988,0.02802311902596588,0.24573769981607593,1.4964605768551411,1.4964605768551411,1.5
1.608,0.49564740082672515,0.07174425439220314,0.5235987755982988,0.027951374771573667,0.24588853684904366,1.5009493435871244,1.5009493435871244,1.5
1.609,0.4957191733671964,0.07177254047127592,0.5235987755982988,0.02787960223110242,0.2460419233186767,1.5063052619328319,1.5063052619328319,1.5
1.61,0.4957910627184615,0.07188935126509718,0.5235987755982988,0.0278077128798373,0.2461958670319846,1.5080780191141274,1.5080780191141274,1.5
1.611,0.4958626210374117,0.07155831895019082,0.5235987755982988,0.027736154560887127,0.246344427235111,1.4991305018030805,1.4991305018030805,1.5
1.612,0.4959342056070179,0.07158456960621962,0.5235987755982988,0.02766456999128092,0.24649652005641903,1.506249678636591,1.506249678636591,1.5
1.613,0.4960056681077369,0.07146250071897141,0.5235987755982988,0.02759310749056193,0.24664654930159435,1.5032853878235335,1.5032853878235335,1.5
1.614,0.4960769296064925,0.07126149875562764,0.5235987755982988,0.027521845991806293,0.24679528293831604,1.5016969607906423,1.5016969607906423,1.5
1.615,0.4961484715308957,0.07154192440315037,0.5235987755982988,0.02745030406740312,0.24694893003978935,1.511309432850905,1.511309432850905,1.5
1.616,0.49621949170548313,0.0710201745874526,0.5235987755982988,0.027379283892815687,0.24709327558407707,1.495288357638297,1.495288357638297,1.5
1.617,0.49628852323025024,0.06903152476714178,0.5235987755982988,0.02731025236804857,0.24722094441490278,1.4659086175607796,1.4659086175607796,1.5
1.618,0.49635869138718264,0.07016815693238658,0.5235987755982988,0.027240084211116178,0.24738280061612813,1.5282551652862675,1.5282551652862675,1.5
1.619,0.49642855508769695,0.06986370051429673,0.5235987755982988,0.02717022051060186,0.24752829109873875,1.499524324192794,1.499524324192794,1.5
1.62,0.4964988120747227,0.07025698702570782,0.5235987755982988,0.02709996352357613,0.24768109629030421,1.5134548262693654,1.5134548262693654,1.5
1.621,0.49656856998796106,0.06975791323838251,0.5235987755982988,0.027030205610337754,0.2478236079810322,1.4956390832155504,1.4956390832155504,1.5
1.622,0.4966381955941413,0.06962560618023193,0.5235987755982988,0.02696058000415752,0.24796976668019613,1.502934491896059,1.502934491896059,1.5
1.623,0.4967072369502124,0.06904135607112585,0.5235987755982988,0.02689153864808641,0.24811050696435752,1.493885046312297,1.493885046312297,1.5
1.624,0.49677547383190784,0.06823688169541633,0.5235987755982988,0.026823301766390972,0.24824839133341553,1.4894338209714997,1.4894338209714997,1.5
1.625,0.49684358667161993,0.06811283971210878,0.5235987755982988,0.026755188926678886,0.24839339751302905,1.5029781108694822,1.5029781108694822,1.5
1.6260000000000001,0.49691098220673796,0.06739553511803788,0.5235987755982988,0.026687793391560855,0.24853142296883537,1.4911029352955507,1.4911029352955507,1.5
1.627,0.49697990421262195,0.06892200588395914,0.5235987755982988,0.026618871385676868,0.2486938960676075,1.5359210581278682,1.5359210581278682,1.5
1.6280000000000001,0.4970477205320948,0.06781631947283102,0.5235987755982988,0.026551055066204032,0.24882682158113112,1.4834000322481544,1.4834000322481544,1.5
1.629,0.4971152854175032,0.06756488540844847,0.5235987755982988,0.0264834901807956,0.24896879527440785,1.5003966242701754,1.5003966242701754,1.5
1.6300000000000001,0.4971821664810459,0.06688106354267617,0.5235987755982988,0.02641660911725291,0.24910557354429438,1.4917287535172299,1.4917287535172299,1.5
1.631,0.4972498617891389,0.06769530809298648,0.5235987755982988,0.026348913809159935,0.2492585416929748,1.5216353760896202,1.5216353760896202,1.5
1.6320000000000001,0.4973180388037159,0.06817701457703179,0.5235987755982988,0.026280736794582926,0.24940743756325925,1.5150497543283452,1.5150497543283452,1.5
1.633,0.49738602473558063,0.06798593186472603,0.5235987755982988,0.02621275086271818,0.24954848760154388,1.5016325069200471,1.5016325069200471,1.5
1.6340000000000001,0.49745392645634867,0.06790172076806414,0.5235987755982988,0.026144849141950144,0.2496903226234875,1.5037546526159402,1.5037546526159402,1.5
1.635,0.4975215492503835,0.06762279403483852,0.5235987755982988,0.026077226347915317,0.24982960350430716,1.4998536029969327,1.4998536029969327,1.5
1.6360000000000001,0.49758840044057134,0.06685119018783617,0.5235987755982988,0.026010375157727472,0.24996302717691724,1.48997774658274,1.48997774658274,1.5
1.637,0.49765633335526765,0.06793291469629752,0.5235987755982988,0.02594244224303116,0.25011658255060126,1.5269825853842538,1.5269825853842538,1.5
1.6380000000000001,0.4977235096134877,0.06717625822005048,0.5235987755982988,0.025875265984811102,0.25024939063420115,1.490301503650763,1.490301503650763,1.5
1.639,0.49779059358093797,0.06708396745023788,0.5235987755982988,0.025808182017360848,0.2503891586852207,1.503528285261352,1.503528285261352,1.5
1.6400000000000001,0.49785771407712986,0.06712049619190318,0.5235987755982988,0.02574106152116895,0.2505299628396823,1.5060972922293248,1.5060972922293248,1.5
1.641,0.49792565290022694,0.06793882309705855,0.5235987755982988,0.02567312269807187,0.25067904115746625,1.5217361777984597,1.5217361777984597,1.5
1.6420000000000001,0.49799307729133874,0.067424391111783,0.5235987755982988,0.02560569830696008,0.2508129753737294,1.4951464661422538,1.4951464661422538,1.5
1.643,0.4980618585337203,0.06878124238155853,0.5235987755982988,0.0255369170645785,0.25096725022127275,1.5325309766844533,1.5325309766844533,1.5
1.6440000000000001,0.49812992808104983,0.06806954732953635,0.5235987755982988,0.025468847517248983,0.25109823767126926,1.491268598350081,1.491268598350081,1.5
1.645,0.498198685262831,0.06875718178118201,0.5235987755982988,0.025400090335467806,0.25124433576792465,1.519198252819276,1.519198252819276,1.5
1.6460000000000001,0.49826707834749473,0.06839308466372535,0.5235987755982988,0.025331697250804086,0.25137840610219264,1.4982186321933613,1.4982186321933613,1.5
1.647,0.4983352345548472,0.06815620735243334,0.5235987755982988,0.02526354104345163,0.2515134985509662,1.500733900547258,1.500733900547258,1.5
1.6480000000000001,0.4984023488072083,0.06711425236111211,0.5235987755982988,0.02519642679109052,0.2516392857554022,1.48461339676177,1.48461339676177,1.5
1.649,0.4984693517470318,0.06700293982348776,0.5235987755982988,0.02512942385126704,0.2517749901657398,1.503142889436402,1.503142889436402,1.5
1.6500000000000001,0.49853656420296016,0.06721245592836397,0.5235987755982988,0.02506221139533865,0.25191386861806925,1.5095505572834034,1.5095505572834034,1.5
1.651,0.49860383446074935,0.06727025778916,0.5235987755982988,0.024994941137549465,0.2520506906073212,1.5065330336901896,1.5065330336901896,1.5
1.6520000000000001,0.49867002151946443,0.06618705871509944,0.5235987755982988,0.02492875407883438,0.25217449348050974,1.4837176391419216,1.4837176391419216,1.5
1.653,0.49873567473037217,0.06565321090775632,0.5235987755982988,0.024863100867926646,0.25230399239527307,1.4946180085503455,1.4946180085503455,1.5
1.6540000000000001,0.498801410254592,0.06573552421984218,0.5235987755982988,0.0247973653437068,0.25243993619645755,1.5068985231143377,1.5068985231143377,1.5
1.655,0.49886711286382546,0.06570260923343137,0.5235987755982988,0.02473166273447336,0.2525742303024005,1.5046005422093711,1.5046005422093711,1.5
1.6560000000000001,0.49893361024185545,0.06649737803002014,0.5235987755982988,0.024665165356443364,0.25271732195511987,1.5211515846704498,1.5211515846704498,1.5
1.657,0.4989995830583278,0.06597281647233783,0.5235987755982988,0.024599192539971004,0.25284543383839586,1.4948285590887553,1.4948285590887553,1.5
1.6580000000000001,0.4990664187085987,0.06683565027090242,0.5235987755982988,0.024532356889700124,0.2529885403935743,1.522534501289079,1.522534501289079,1.5
1.659,0.49913244091582115,0.0660222072224529,0.5235987755982988,0.024466334682477664,0.2531127150689676,1.489077991052682,1.489077991052682,1.5
1.6600000000000001,0.4991981023626038,0.0656614467826863,0.5235987755982988,0.024400673235695003,0.2532415255910937,1.4980665677824643,1.4980665677824643,1.5
1.661,0.49926199895343676,0.06389659083296383,0.5235987755982988,0.024336776644862057,0.25335440546300103,1.4699557967481653,1.4699557967481653,1.5
1.6620000000000001,0.49932647620034054,0.06447724690376898,0.5235987755982988,0.024272299397958275,0.2534928834803793,1.5167248486827403,1.5167248486827403,1.5
1.663,0.4993908389714324,0.06436277109186188,0.5235987755982988,0.024207936626866433,0.25362330134526145,1.5028686635141595,1.5028686635141595,1.5
1.6640000000000001,0.49945388647083955,0.06304749940718862,0.5235987755982988,0.024144889127459268,0.2537400476506729,1.478843587993884,1.478843587993884,1.5
1.665,0.4995161087137348,0.062222242895266795,0.5235987755982988,0.024082666884564008,0.2538618417955265,1.4885386697141385,1.4885386697141385,1.5
1.666,0.4995787583142293,0.06264960049450136,0.5235987755982988,0.024020017284069495,0.2539971413647446,1.5135249314163126,1.5135249314163126,1.5
1.667,0.4996412038139151,0.062445499685749355,0.5235987755982988,0.023957571784383735,0.2541250883149057,1.50092995186452,1.50092995186452,1.5
1.668,0.4997035912044403,0.062387390525197706,0.5235987755982988,0.023895184393858515,0.2542542894313541,1.503833456763827,1.503833456763827,1.5
1.669,0.49976573682869657,0.06214562425624862,0.5235987755982988,0.023833038769602244,0.2543810950926872,1.5001556658630342,1.5001556658630342,1.5
1.67,0.4998282681689239,0.06253134022730186,0.5235987755982988,0.02377050742937492,0.2545144914881986,1.5126859693615646,1.5126859693615646,1.5
1.671,0.49989075313712855,0.062484968204634776,0.5235987755982988,0.023708022461170264,0.2546427477814528,1.5040750667648424,1.5040750667648424,1.5
1.672,0.4999541336512902,0.0633805141616751,0.5235987755982988,0.023644641947008604,0.25478108350316464,1.5229097165971772,1.5229097165971772,1.5
1.673,0.5000172221179501,0.06308846665981355,0.5235987755982988,0.023581553480348738,0.25490591678492636,1.499229491095703,1.499229491095703,1.5
1.674,0.5000798333156736,0.0626111977236023,0.5235987755982988,0.023518942282625188,0.25502833900912797,1.49550169860856,1.49550169860856,1.5
1.675,0.5001424244578451,0.06259114217145738,0.5235987755982988,0.023456351140453746,0.25515546703667885,1.5046077847749897,1.5046077847749897,1.5
1.676,0.5002058583223477,0.06343386450254597,0.5235987755982988,0.023392917275951164,0.25529180188588224,1.5218617379954884,1.5218617379954884,1.5
1.677,0.5002684033436643,0.06254502131667351,0.5235987755982988,0.023330372254634524,0.2554086101052802,1.4872978454427546,1.4872978454427546,1.5
1.678,0.5003305205039635,0.062117160299252794,0.5235987755982988,0.023268255094335277,0.25553016319715305,1.4964463813569195,1.4964463813569195,1.5
1.679,0.5003929227787568,0.06240227479330107,0.5235987755982988,0.023205852819542017,0.2556592606191581,1.5106716627049057,1.5106716627049057,1.5
1.68,0.500455289876242,0.062367097485179004,0.5235987755982988,0.023143485722056822,0.25578446412759315,1.5042886358210228,1.5042886358210228,1.5
1.681,0.5005183801050689,0.06309022882687837,0.5235987755982988,0.023080395493229933,0.2559177215647094,1.5194519946328016,1.5194519946328016,1.5
1.682,0.5005818136296293,0.06343352456039345,0.5235987755982988,0.023016961968669536,0.25604643321299353,1.511913132976452,1.511913132976452,1.5
1.683,0.5006452372548373,0.06342362520802526,0.5235987755982988,0.022953538343461477,0.2561708900156819,1.504876694917468,1.504876694917468,1.5
1.684,0.5007075243969987,0.06228714216141284,0.5235987755982988,0.02289125120130009,0.2562825187021118,1.4823442290843936,1.4823442290843936,1.5
1.685,0.5007699420170292,0.062417620030494975,0.5235987755982988,0.022828833581269636,0.25640782614546026,1.5075925287545557,1.5075925287545557,1.5
1.686,0.5008316577752644,0.06171575823526424,0.5235987755982988,0.022767117823034422,0.25652356965957135,1.490956173697825,1.490956173697825,1.5
1.687,0.5008934647483537,0.061806973089378076,0.5235987755982988,0.022705310849945093,0.2566477489999831,1.5067615577410978,1.5067615577410978,1.5
1.688,0.5009548453631159,0.06138061476210431,0.5235987755982988,0.022643930235182963,0.25676585351316966,1.496417391301675,1.496417391301675,1.5
1.689,0.5010160703241406,0.06122496102473126,0.5235987755982988,0.022582705274158177,0.25688661146711295,1.5017973744335074,1.5017973744335074,1.5
1.69,0.5010765011172521,0.060430793111439125,0.5235987755982988,0.02252227448104671,0.2569999530633903,1.4890146386161358,1.4890146386161358,1.5
1.691,0.5011370843438501,0.06058322659796061,0.5235987755982988,0.022461691254448746,0.25712343415361877,1.5078831331793447,1.5078831331793447,1.5
1.692,0.5011984465941844,0.0613622503343274,0.5235987755982988,0.022400329004114372,0.25725352277527364,1.5204271328551726,1.5204271328551726,1.5
1.693,0.5012603825868005,0.06193599261608457,0.5235987755982988,0.022338393011498314,0.257381010981249,1.5163838256618896,1.5163838256618896,1.5
1.694,0.501322289801399,0.06190721459849972,0.5235987755982988,0.02227648579689978,0.25750149533811956,1.5043793190575898,1.5043793190575898,1.5
1.695,0.501384608245148,0.06231844374893902,0.5235987755982988,0.02221416735315085,0.2576265200935135,1.5131771601766661,1.5131771601766661,1.5
1.696,0.5014462399746599,0.06163172951195029,0.5235987755982988,0.022152535623638947,0.25773905116846785,1.4912511907601405,1.4912511907601405,1.5
1.697,0.5015077852708655,0.061545296205639255,0.5235987755982988,0.022090990327433335,0.25785789139915616,1.5032018722347353,1.5032018722347353,1.5
1.698,0.5015674479370011,0.05966266613563653,0.5235987755982988,0.022031327661297673,0.2579564961444751,1.4672710222963967,1.4672710222963967,1.5
1.699,0.5016279780106264,0.060530073625264386,0.5235987755982988,0.021970797587672397,0.25808521563608783,1.522121163083408,1.522121163083408,1.5
1.7,0.5016880590426732,0.060081032046807786,0.5235987755982988,0.021910716555625598,0.25819903031539004,1.4958615743208892,1.4958615743208892,1.5
1.701,0.5017485574148175,0.06049837214426086,0.5235987755982988,0.021850218183481318,0.25832210961341545,1.5131532845128062,1.5131532845128062,1.5
1.702,0.5018090210746721,0.06046365985452578,0.5235987755982988,0.021789754523626748,0.2584398575779084,1.5041456239768392,1.5041456239768392,1.5
1.703,0.5018690390984466,0.060018023774520465,0.5235987755982988,0.021729736499852215,0.25855272466006834,1.4959243711882557,1.4959243711882557,1.5
1.704,0.5019301926068626,0.061153508415998085,0.5235987755982988,0.021668582991436258,0.2586827786830219,1.527511134731514,1.527511134731514,1.5
1.705,0.5019907485931236,0.06055598626108128,0.5235987755982988,0.021608027005175168,0.25879332048034037,1.4929418375749437,1.4929418375749437,1.5
1.706,0.5020496975500766,0.058948956952949015,0.5235987755982988,0.02154907804822226,0.2588923439098897,1.4727038927382412,1.4727038927382412,1.5
1.707,0.5021086577832495,0.058960233172954415,0.5235987755982988,0.02149011781504928,0.25900895317382705,1.504941440956344,1.504941440956344,1.5
1.708,0.5021671654222607,0.058507639011214335,0.5235987755982988,0.02143161017603812,0.25912010008216496,1.4956649354190348,1.4956649354190348,1.5
1.709,0.5022247665977446,0.05760117548391525,0.5235987755982988,0.021374009000554195,0.259225890021314,1.4865513405749156,1.4865513405749156,1.5
1.71,0.502282280670618,0.0575140728733667,0.5235987755982988,0.02131649492768084,0.2593404255291928,1.5028660418277422,1.5028660418277422,1.5
1.711,0.502339965699862,0.05768502924401171,0.5235987755982988,0.02125880989843687,0.259457499282986,1.5080202532427696,1.5080202532427696,1.5
1.712,0.5023988610099299,0.05889531006798834,0.5235987755982988,0.021199914588368896,0.2595857723701905,1.5288204188190535,1.5288204188190535,1.5
1.713,0.5024570043533625,0.058143343432564734,0.5235987755982988,0.021141771244936325,0.2596920014174182,1.489672292096967,1.489672292096967,1.5
1.714,0.5025149263491948,0.057921995832304014,0.5235987755982988,0.021083849249104003,0.2598037823084887,1.5002245154693907,1.5002245154693907,1.5
1.715,0.5025732007371513,0.05827438795641791,0.5235987755982988,0.021025574861147533,0.25992160097364464,1.5116816021488622,1.5116816021488622,1.5
1.716,0.5026310638653241,0.05786312817274347,0.5235987755982988,0.020967711732974736,0.26003064737281073,1.4964367553630247,1.4964367553630247,1.5
1.717,0.5026889874992796,0.05792363395546592,0.5235987755982988,0.020909788099019222,0.2601446007961039,1.5058391659082684,1.5058391659082684,1.5
1.718,0.5027469177901491,0.05793029086955639,0.5235987755982988,0.020851857808149687,0.2602576445772772,1.5047670289982467,1.5047670289982467,1.5
1.719,0.5028041256014399,0.057207811290822516,0.5235987755982988,0.02079464999685887,0.26036229643811293,1.4901848316948871,1.4901848316948871,1.5
1.72,0.5028618891543121,0.05776355287211802,0.5235987755982988,0.020736886443986746,0.26048078949868836,1.515691456529176,1.515691456529176,1.5
1.721,0.5029186408462015,0.05675169188940161,0.5235987755982988,0.02068013475209729,0.26058160939734876,1.4843838645754412,1.4843838645754412,1.5
1.722,0.5029760007823096,0.05735993610813303,0.5235987755982988,0.020622774815989176,0.26070005647365846,1.5167050197257805,1.5167050197257805,1.5
1.723,0.5030334367461825,0.0574359638728578,0.5235987755982988,0.02056533885211631,0.2608123052646916,1.506109350183146,1.506109350183146,1.5
1.724,0.5030892990425262,0.05586229634369304,0.5235987755982988,0.02050947655577262,0.26090596731466564,1.4731215265265334,1.4731215265265334,1.5
1.725,0.5031442203458487,0.054921303322558596,0.5235987755982988,0.020454555252450102,0.26100631040979666,1.4856491232848066,1.4856491232848066,1.5
1.726,0.5031989235860795,0.05470324023086901,0.5235987755982988,0.020399852012219277,0.2611143441440809,1.500032442432013,1.500032442432013,1.5
1.727,0.5032540709192055,0.05514733312595323,0.5235987755982988,0.02034470467909333,0.26122940585953786,1.5132581171201538,1.5132581171201538,1.5
1.728,0.5033093503197801,0.05527940057455691,0.5235987755982988,0.020289425278518736,0.2613407111816013,1.50705313562215,1.50705313562215,1.5
1.729,0.5033643576115694,0.05500729178934419,0.5235987755982988,0.020234417986729425,0.26144723562505484,1.49898017634171,1.49898017634171,1.5
1.73,0.5034191278827677,0.054770271198277425,0.5235987755982988,0.020179647715531157,0.2615538417155792,1.4996601715218123,1.4996601715218123,1.5
1.731,0.5034737514764737,0.054623593706028095,0.5235987755982988,0.020125024121825152,0.2616611430248717,1.5014480718508756,1.5014480718508756,1.5
1.732,0.5035281917760979,0.054440299624249226,0.5235987755982988,0.02007058382220095,0.26176773487569527,1.500704005860905,1.500704005860905,1.5
1.733,0.5035825690427302,0.05437726663232312,0.5235987755982988,0.020016206555568572,0.26187535586724814,1.5030945641314177,1.5030945641314177,1.5
1.734,0.5036376503307706,0.05508128804032622,0.5235987755982988,0.019961125267528246,0.26199117516373255,1.518430609490648,1.518430609490648,1.5
1.735,0.5036927753683991,0.055125037628535774,0.5235987755982988,0.019906000229899745,0.2620993888030615,1.5052814948074171,1.5052814948074171,1.5
1.736,0.503747025579036,0.05425021063692609,0.5235987755982988,0.01985175001926287,0.2621971264868082,1.4869134631780891,1.4869134631780891,1.5
1.737,0.5038019070904451,0.05488151140925461,0.5235987755982988,0.01979686850785367,0.2623112430518295,1.5169660322975245,1.5169660322975245,1.5
1.738,0.5038566066013069,0.054699510861844124,0.5235987755982988,0.019742168996991882,0.2624160598355998,1.5007505099645306,1.5007505099645306,1.5
1.739,0.5039115250415693,0.054918440262435274,0.5235987755982988,0.019687250556729485,0.2625250206387592,1.5087545488807705,1.5087545488807705,1.5
1.74,0.5039660427110173,0.05451766944799679,0.5235987755982988,0.019632732887281512,0.26262682283030403,1.496378058932225,1.496378058932225,1.5
1.741,0.5040204984926941,0.05445578167689384,0.5235987755982988,0.01957827710560467,0.2627320801953912,1.5031236581337808,1.5031236581337808,1.5
1.742,0.5040737095007118,0.0532110080176964,0.5235987755982988,0.019525066097586974,0.2628239364770384,1.4794609893502026,1.4794609893502026,1.5
1.743,0.5041263892733281,0.052679772616221185,0.5235987755982988,0.019472386324970725,0.2629233893802111,1.4936321726119115,1.4936321726119115,1.5
1.744,0.5041797204074131,0.053331134084971886,0.5235987755982988,0.019419055190885715,0.26303564681194697,1.5172416111843117,1.5172416111843117,1.5
1.745,0.5042323816351495,0.052661227736348716,0.5235987755982988,0.01936639396314932,0.2631329820638553,1.4908683637543343,1.4908683637543343,1.5
1.746,0.5042853334042677,0.05295176911824068,0.5235987755982988,0.019313442194031083,0.2632406600780035,1.510023725856747,1.510023725856747,1.5
1.747,0.5043384124839911,0.05307907972337695,0.5235987755982988,0.019260363114307677,0.2633462440410186,1.5067823536321847,1.5067823536321847,1.5
1.748,0.5043910336776062,0.052621193615090135,0.5235987755982988,0.019207741920692634,0.2634450569961471,1.4950886042121339,1.4950886042121339,1.5
1.749,0.5044437344099162,0.05270073231005443,0.5235987755982988,0.019155041188382627,0.26354953078252263,1.505800469388493,1.505800469388493,1.5
1.75,0.5044956228644576,0.051888454541449885,0.5235987755982988,0.019103152733841222,0.26364383707022354,1.4879705032127135,1.4879705032127135,1.5
1.7510000000000001,0.5045478122584989,0.05218939404125427,0.5235987755982988,0.019050963339799942,0.26375018093781816,1.5101698663594036,1.5101698663594036,1.5
1.752,0.5046001651187716,0.052352860272694667,0.5235987755982988,0.018998610479527223,0.2638547203125899,1.5074444761521082,1.5074444761521082,1.5
1.7530000000000001,0.5046526779543867,0.05251283561511794,0.5235987755982988,0.018946097643912085,0.26395893866943604,1.5073877356702812,1.5073877356702812,1.5
1.754,0.5047052666609445,0.05258870655779201,0.5235987755982988,0.01889350893735431,0.26406194351838647,1.5057184457026909,1.5057184457026909,1.5
1.7550000000000001,0.5047568629203673,0.05159625942275312,0.5235987755982988,0.01884191267793156,0.26415282907862575,1.4843581538238455,1.4843581538238455,1.5
1.756,0.5048078421187426,0.050979198375395225,0.5235987755982988,0.018790933479556182,0.26424757829436735,1.4917864798066622,1.4917864798066622,1.5
1.7570000000000001,0.504857568102329,0.04972598358635006,0.5235987755982988,0.018741207495969858,0.2643349889030196,1.4790140400891283,1.4790140400891283,1.5
1.758,0.50490579355034,0.048225448011036766,0.5235987755982988,0.018692982047958773,0.2644193614363523,1.4739673671806421,1.4739673671806421,1.5
1.7590000000000001,0.5049547243408254,0.048930790485382535,0.5235987755982988,0.01864405125747337,0.2645278756070703,1.5179648853277983,1.5179648853277983,1.5
1.76,0.50500359200967,0.0488676688446173,0.5235987755982988,0.018595183588628772,0.2646276056083934,1.502652030423526,1.502652030423526,1.5
1.7610000000000001,0.5050531776059908,0.04958559632070432,0.5235987755982988,0.01854559799230804,0.26473571083553316,1.5182679630293097,1.5182679630293097,1.5
1.762,0.50510315355071,0.04997594471917758,0.5235987755982988,0.01849562204758881,0.26483991873663976,1.5117738156751215,1.5117738156751215,1.5
1.7630000000000001,0.5051533800736604,0.05022652295042092,0.5235987755982988,0.01844539552463842,0.2649423065740465,1.509009640202401,1.509009640202401,1.5
1.764,0.5052040919741156,0.05071190045523257,0.5235987755982988,0.018394683624183172,0.2650470235485961,1.5137256719322667,1.5137256719322667,1.5
1.7650000000000001,0.5052552297515722,0.05113777745655053,0.5235987755982988,0.018343545846726594,0.2651508126756431,1.5125744920627777,1.5125744920627777,1.5
1.766,0.5053061704451463,0.0509406935739794,0.5235987755982988,0.018292605153152564,0.2652474305599461,1.5001493445451015,1.5001493445451015,1.5
1.7670000000000001,0.5053575957072146,0.051425262068374916,0.5235987755982988,0.018241179891084203,0.26535132500458547,1.5137666253738287,1.5137666253738287,1.5
1.768,0.5054081515077031,0.05055580048848197,0.5235987755982988,0.018190624090595686,0.2654399500263831,1.486724789367611,1.486724789367611,1.5
1.7690000000000001,0.5054590142854318,0.05086277772873164,0.5235987755982988,0.018139761312866987,0.26554132634699923,1.5101840088440721,1.5101840088440721,1.5
1.77,0.5055077952777441,0.04878099231229058,0.5235987755982988,0.018090980320554673,0.26561596716813746,1.4624333138894772,1.4624333138894772,1.5
1.7710000000000001,0.505556728742144,0.048933464399834946,0.5235987755982988,0.018042046856154847,0.26571506527633426,1.5069519211358706,1.5069519211358706,1.5
1.772,0.5056054599759598,0.04873123381592655,0.5235987755982988,0.017993315622338968,0.2658099654087953,1.4998700654738188,1.4998700654738188,1.5
1.7730000000000001,0.5056548581038868,0.04939812792696995,0.5235987755982988,0.017943917494412043,0.2659142238874004,1.5172363809261422,1.5172363809261422,1.5
1.774,0.5057029595759008,0.04810147201408386,0.5235987755982988,0.01789581602239798,0.26599646633202056,1.4780187319764357,1.4780187319764357,1.5
1.7750000000000001,0.5057502420230086,0.047282447107749294,0.5235987755982988,0.01784853357529026,0.26608371579904233,1.4874676196344354,1.4874676196344354,1.5
1.776,0.5057972885937079,0.047046570699364236,0.5235987755982988,0.017801487004590943,0.2661771487567186,1.4990650676009187,1.4990650676009187,1.5
1.7770000000000001,0.5058451465575379,0.047857963829949245,0.5235987755982988,0.017753629040760943,0.2662819165375962,1.5199915882676494,1.5199915882676494,1.5
1.778,0.5058927497739926,0.0476032164546534,0.5235987755982988,0.01770602582430625,0.2663746168738358,1.498733689600479,1.498733689600479,1.5
1.7790000000000001,0.5059409503653335,0.0482005913409504,0.5235987755982988,0.01765782523296533,0.2664764909296104,1.5157557550423122,1.5157557550423122,1.5
1.78,0.5059880547462892,0.04710438095572083,0.5235987755982988,0.017610720852009654,0.2665593437744606,1.4819318396026846,1.4819318396026846,1.5
1.7810000000000001,0.5060345644713824,0.046509725093195536,0.5235987755982988,0.017564211126916418,0.26664747591537674,1.4918752332259517,1.4918752332259517,1.5
1.782,0.5060809737516091,0.04640928022665471,0.5235987755982988,0.017517801846689718,0.2667408135891162,1.5017118806766392,1.5017118806766392,1.5
1.7830000000000001,0.5061288770857597,0.04790333415059991,0.5235987755982988,0.017469898512539106,0.2668515558345187,1.5335938208970363,1.5335938208970363,1.5
1.784,0.5061772113012187,0.0483342154590577,0.5235987755982988,0.017421564297080083,0.26695027722716613,1.5124498929012038,1.5124498929012038,1.5
1.7850000000000001,0.5062248726221668,0.047661320948014875,0.5235987755982988,0.01737390297613206,0.26703651404759826,1.490408847015868,1.490408847015868,1.5
1.786,0.5062715807558956,0.04670813372882896,0.5235987755982988,0.017327194842403193,0.26711937642491357,1.4847491612921229,1.4847491612921229,1.5
1.7870000000000001,0.5063174778789902,0.04589712309453594,0.5235987755982988,0.01728129771930864,0.26720354238385424,1.487516438012446,1.487516438012446,1.5
1.788,0.5063643302506396,0.04685237164949353,0.5235987755982988,0.017234445347659166,0.26730700998996365,1.5227767409467148,1.5227767409467148,1.5
1.7890000000000001,0.5064108468110893,0.04651656044961787,0.5235987755982988,0.01718792878720954,0.2673959279488471,1.4970319657344462,1.4970319657344462,1.5
1.79,0.5064565980128509,0.04575120176166212,0.5235987755982988,0.017142177585447893,0.26747982518504243,1.4884141510768545,1.4884141510768545,1.5
1.7910000000000001,0.5065033286296671,0.04673061681615717,0.5235987755982988,0.017095446968631745,0.2675827887702533,1.523248397230834,1.523248397230834,1.5
1.792,0.5065498984761017,0.04656984643461785,0.5235987755982988,0.01704887712219716,0.26767287691311387,1.5005230417145061,1.5005230417145061,1.5
1.793,0.5065961340848218,0.04623560872016122,0.5235987755982988,0.017002641513476968,0.26776078630306405,1.4970408334256369,1.4970408334256369,1.5
1.794,0.5066424175920639,0.04628350724205052,0.5235987755982988,0.01695635800623496,0.26785267155936326,1.5046568191353988,1.5046568191353988,1.5
1.795,0.5066897115173666,0.04729392530273686,0.5235987755982988,0.01690906408093218,0.2679549694452338,1.5239110417930908,1.5239110417930908,1.5
1.796,0.5067369502874457,0.04723877007910926,0.5235987755982988,0.016861825310853118,0.26804522183433377,1.502680409551667,1.502680409551667,1.5
1.797,0.5067841285701007,0.04717828265495258,0.5235987755982988,0.016814647028198126,0.26813516268970855,1.5025693531231952,1.5025693531231952,1.5
1.798,0.506831127560513,0.04699899041227039,0.5235987755982988,0.016767648037785854,0.26822353532367543,1.5001884177587523,1.5001884177587523,1.5
1.799,0.5068782140447744,0.04708648426140004,0.5235987755982988,0.016720561553524416,0.2683146112902113,1.5055097962155746,1.5055097962155746,1.5
1.8,0.5069252926521056,0.04707860733124198,0.5235987755982988,0.016673482946193197,0.2684043821066582,1.5036093801377508,1.5036093801377508,1.5
1.801,0.5069720984684032,0.046805816297611116,0.5235987755982988,0.01662667712989563,0.2684909685650408,1.4983104679138821,1.4983104679138821,1.5
1.802,0.5070183412648875,0.046242796484341306,0.5235987755982988,0.016580434333411276,0.26857408724992343,1.4924840690384127,1.4924840690384127,1.5
1.803,0.5070645320815057,0.046190816618178566,0.5235987755982988,0.016534243516793112,0.26866261322784357,1.5026598263954924,1.5026598263954924,1.5
1.804,0.5071107308957687,0.04619881426304224,0.5235987755982988,0.01648804470253007,0.26875155624839064,1.5038552182267277,1.5038552182267277,1.5
1.805,0.507156609540183,0.04587864441424835,0.5235987755982988,0.01644216605811577,0.2688366170389298,1.4972925081651656,1.4972925081651656,1.5
1.806,0.5072034548202179,0.046845280034840224,0.5235987755982988,0.016395320778080924,0.2689356862460048,1.5230030039649773,1.5230030039649773,1.5
1.807,0.5072496557131791,0.04620089296123002,0.5235987755982988,0.016349119885119667,0.26901667319874745,1.490859880930583,1.490859880930583,1.5
1.808,0.5072955607596227,0.04590504644352175,0.5235987755982988,0.01630321483867614,0.26910126919602667,1.497779141082733,1.497779141082733,1.5
1.809,0.5073411604843948,0.04559972477216618,0.5235987755982988,0.016257615113904,0.2691855127552002,1.4975659702883704,1.4975659702883704,1.5
1.81,0.507385891487442,0.04473100304718227,0.5235987755982988,0.016212884110856862,0.26926326676057755,1.486273543482095,1.486273543482095,1.5
1.811,0.5074316585109608,0.045767023518843854,0.5235987755982988,0.01616711708733798,0.26936187205469064,1.5242988896770062,1.5242988896770062,1.5
1.812,0.5074783687604507,0.046710249489902704,0.5235987755982988,0.0161204068378481,0.26945922192783706,1.5225258813026845,1.5225258813026845,1.5
1.813,0.5075245077942374,0.046139033786708,0.5235987755982988,0.016074267804061404,0.26953956342160773,1.4923125058952982,1.4923125058952982,1.5
1.814,0.5075702932203728,0.04578542613545921,0.5235987755982988,0.01602848237792598,0.2696220682152753,1.4966189696779608,1.4966189696779608,1.5
1.815,0.507615634229084,0.04534100871117123,0.5235987755982988,0.01598314136921486,0.2697033225889754,1.494774485605077,1.494774485605077,1.5
1.816,0.5076609586760087,0.04532444692474477,0.5235987755982988,0.015937816922290127,0.26978907296682775,1.5032960449683646,1.5032960449683646,1.5
1.817,0.50770554708063,0.044588404621312215,0.5235987755982988,0.015893228517668834,0.269866612991676,1.4889051096853285,1.4889051096853285,1.5
1.818,0.5077492869703241,0.04373988969405825,0.5235987755982988,0.01584948862797475,0.2699426593677792,1.4865967738246257,1.4865967738246257,1.5
1.819,0.5077925284312935,0.04324146096944937,0.5235987755982988,0.015806247167005294,0.2700223365532886,1.493530616683347,1.493530616683347,1.5
1.82,0.5078357764177448,0.04324798645127048,0.5235987755982988,0.015762999180554016,0.27010736599580804,1.5035898265139782,1.5035898265139782,1.5
1.821,0.5078801839872915,0.044407569546727574,0.5235987755982988,0.015718591611007304,0.2702049364505705,1.5266515008252435,1.5266515008252435,1.5
1.822,0.5079238215327297,0.04363754543827526,0.5235987755982988,0.01567495406556907,0.2702809073320895,1.488152123394692,1.488152123394692,1.5
1.823,0.5079664640160996,0.04264248336981167,0.5235987755982988,0.015632311582199243,0.2703541401440592,1.48358976226579,1.48358976226579,1.5
1.824,0.5080085563964492,0.042092380349537564,0.5235987755982988,0.015590219201849664,0.2704320562867427,1.4924093382641028,1.4924093382641028,1.5
1.825,0.5080510999531893,0.04254355674019158,0.5235987755982988,0.015547675645109504,0.27052082672264705,1.5123909182410433,1.5123909182410433,1.5
1.826,0.5080930648747066,0.041964921517361795,0.5235987755982988,0.015505710723592192,0.27059796059880736,1.4918307800826196,1.4918307800826196,1.5
1.827,0.5081343770269937,0.041312152287073314,0.5235987755982988,0.015464398571305105,0.27067403373239274,1.4903018091156193,1.4903018091156193,1.5
1.828,0.5081746471593472,0.040270132353523704,0.5235987755982988,0.015424128438951579,0.27074555417829305,1.4824645735119737,1.4824645735119737,1.5
1.829,0.5082154964462046,0.04084928685731728,0.5235987755982988,0.015383279152094254,0.270834793474566,1.5148047006641534,1.5148047006641534,1.5
1.83,0.5082564537945417,0.04095734833711374,0.5235987755982988,0.015342321803757164,0.27091859137216806,1.5054291725445146,1.5054291725445146,1.5
1.831,0.5082968868878703,0.0404330933287065,0.5235987755982988,0.01530188871042848,0.2709951556551808,1.4927914876988244,1.4927914876988244,1.5
1.832,0.5083372697427043,0.04038285483399094,0.5235987755982988,0.015261505855594493,0.2710767368736274,1.5022298775719853,1.5022298775719853,1.5
1.833,0.5083783384926581,0.041068749953833084,0.5235987755982988,0.015220437105640694,0.2711662464838298,1.5169485307835622,1.5169485307835622,1.5
1.834,0.508419055995403,0.040717502744967146,0.5235987755982988,0.01517971960289577,0.2712440466629987,1.4962605558189879,1.4962605558189879,1.5
1.835,0.5084593420489507,0.040286053547680174,0.5235987755982988,0.015139433549348102,0.2713207270967709,1.494628416273858,1.494628416273858,1.5
1.836,0.5084995365725063,0.04019452355563815,0.5235987755982988,0.015099239025792466,0.2714009424147538,1.501392284442974,1.501392284442974,1.5
1.837,0.5085395562958703,0.040019723364019745,0.5235987755982988,0.015059219302428484,0.2714800088114177,1.499719558052083,1.499719558052083,1.5
1.838,0.5085797099200855,0.04015362421518523,0.5235987755982988,0.015019065678213317,0.27156226895038466,1.5058795948924313,1.5058795948924313,1.5
1.839,0.5086188819877433,0.039172067657822315,0.5235987755982988,0.014979893610555517,0.27163194751771874,1.4835811587899566,1.4835811587899566,1.5
1.84,0.5086586530516846,0.03977106394124016,0.5235987755982988,0.014940122546614254,0.2717189026166065,1.5151136910809826,1.5151136910809826,1.5
1.841,0.508698762236569,0.04010918488441075,0.5235987755982988,0.014900013361729858,0.27180275280546834,1.5099441039787111,1.5099441039787111,1.5
1.842,0.5087387927070515,0.04003047048253548,0.5235987755982988,0.014859982891247348,0.27188176703412537,1.5016344467532474,1.5016344467532474,1.5
1.843,0.5087781958579296,0.0394031508781413,0.5235987755982988,0.01482057974036921,0.27195448017007,1.4906560455507192,1.4906560455507192,1.5
1.844,0.5088185177811719,0.040321923242306185,0.5235987755982988,0.014780257817126885,0.2720440952938945,1.521527699353549,1.521527699353549,1.5
1.845,0.5088595473037439,0.04102952257201957,0.5235987755982988,0.014739228294554874,0.2721311630301738,1.5173777404536521,1.5173777404536521,1.5
1.846,0.508901668206489,0.042120902744973675,0.5235987755982988,0.01469710739180985,0.2722222733626469,1.5251099652648437,1.5251099652648437,1.5
1.847,0.508943465493948,0.04179728745897813,0.5235987755982988,0.014655310104350838,0.27229750106330425,1.496897366499687,1.496897366499687,1.5
1.848,0.5089856835003049,0.04221800635694985,0.5235987755982988,0.014613092097993885,0.27238075350410185,1.5117581609561526,1.5117581609561526,1.5
1.849,0.5090278105915602,0.042127091255253796,0.5235987755982988,0.014570965006738601,0.27245812490075233,1.501559138474635,1.501559138474635,1.5
1.85,0.5090691852619295,0.04137467036927365,0.5235987755982988,0.014529590336369358,0.27252794823874515,1.4883217495808174,1.4883217495808174,1.5
1.851,0.5091106869337819,0.04150167185250939,0.5235987755982988,0.014488088664516896,0.2726072891041748,1.5058500032942568,1.5058500032942568,1.5
1.852,0.5091517435729102,0.04105663912824824,0.5235987755982988,0.014447032025388662,0.27268007748851947,1.4944194792629777,1.4944194792629777,1.5
1.853,0.5091927200022927,0.040976429382465936,0.5235987755982988,0.014406055596006162,0.27275668687842086,1.5016803362146138,1.5016803362146138,1.5
1.854,0.509233001272126,0.04028126983337641,0.5235987755982988,0.014365774326172809,0.27282626665070714,1.4893749233688067,1.4893749233688067,1.5
1.855,0.5092727653269796,0.039764054853662974,0.5235987755982988,0.01432601027131919,0.27289759455582563,1.4928782019924014,1.4928782019924014,1.5
1.856,0.5093127853601337,0.0400200331540131,0.5235987755982988,0.014285990238165125,0.2729772691916241,1.5083006903952956,1.5083006903952956,1.5
1.857,0.5093526985687875,0.03991320865384212,0.5235987755982988,0.014246077029511306,0.27305271449172974,1.5010651126489014,1.5010651126489014,1.5
1.858,0.50939174117877,0.039042609982473234,0.5235987755982988,0.014207034419528863,0.27311948319577756,1.4857810832649296,1.4857810832649296,1.5
1.859,0.5094303935198621,0.03865234109217696,0.5235987755982988,0.014168382078436736,0.2731913505725165,1.4953180309926724,1.4953180309926724,1.5
1.86,0.5094698104626164,0.03941694275434252,0.5235987755982988,0.014128965135682403,0.27327579792302514,1.5183842205306854,1.5183842205306854,1.5
1.861,0.5095086193395786,0.03880887696217785,0.5235987755982988,0.014090156258720232,0.2733448356238351,1.490992039577054,1.490992039577054,1.5
1.862,0.5095479631555672,0.039343815988584586,0.5235987755982988,0.014050812442731653,0.27342632000752815,1.513803490685109,1.513803490685109,1.5
1.863,0.5095862101100472,0.03824695448007762,0.5235987755982988,0.014012565488251583,0.2734895214895621,1.4812102751089475,1.4812102751089475,1.5
1.864,0.5096236964940545,0.03748638400721822,0.5235987755982988,0.013975079104244337,0.27355622550033964,1.487848346901218,1.487848346901218,1.5
1.865,0.5096609462034954,0.03724970944097835,0.5235987755982988,0.01393782939480337,0.27362851596676296,1.49826541939578,1.49826541939578,1.5
1.866,0.5096980563029041,0.037110099408656436,0.5235987755982988,0.013900719295394715,0.2737016712001563,1.50018777610884,1.50018777610884,1.5
1.867,0.5097352622162449,0.03720591334079565,0.5235987755982988,0.013863513382053938,0.27377722617555506,1.5048850865954768,1.5048850865954768,1.5
1.868,0.5097719877220391,0.03672550579425793,0.5235987755982988,0.013826787876259683,0.2738461913784685,1.4933683221365093,1.4933683221365093,1.5
1.869,0.5098089299515282,0.03694222948906989,0.5235987755982988,0.01378984564677066,0.273922668695625,1.5072725143597798,1.5072725143597798,1.5
1.87,0.5098456788875567,0.036748936028615946,0.5235987755982988,0.013753096710742096,0.27399440064336567,1.4990895091500467,1.4990895091500467,1.5
1.871,0.509881843198018,0.03616431046131117,0.5235987755982988,0.013716932400280824,0.2740615892308002,1.4912474035361938,1.4912474035361938,1.5
1.872,0.5099183720187184,0.03652882070040892,0.5235987755982988,0.013680403579580447,0.27413908252911867,1.51018334961886,1.51018334961886,1.5
1.873,0.5099552582608607,0.036886242142379067,0.5235987755982988,0.013643517337438071,0.27421629877391085,1.5100707344954356,1.5100707344954356,1.5
1.874,0.5099928251954173,0.03756693455656829,0.5235987755982988,0.013605950402881484,0.2742968989145123,1.5165647476551747,1.5165647476551747,1.5
1.875,0.5100309198531187,0.038094657701375566,0.5235987755982988,0.013567855745180157,0.27437561100486585,1.513559817660671,1.513559817660671,1.5
1.8760000000000001,0.5100699659897384,0.039046136619739706,0.5235987755982988,0.0135288096085604,0.27445882380041103,1.5220771509833928,1.5220771509833928,1.5
1.877,0.5101082546957253,0.03828870598688666,0.5235987755982988,0.013490520902573522,0.2745229129745221,1.4879750782725183,1.4879750782725183,1.5
1.8780000000000001,0.5101451658438295,0.03691114810417161,0.5235987755982988,0.013453609754469298,0.27457991982989716,1.4755119388246498,1.4755119388246498,1.5
1.879,0.5101810585541692,0.035892710339700026,0.5235987755982988,0.01341771704412964,0.2746406868866337,1.482584136558902,1.482584136558902,1.5
1.8800000000000001,0.5102179406770564,0.036882122887248396,0.5235987755982988,0.013380834921242424,0.2747234881239439,1.5226596677781434,1.5226596677781434,1.5
1.881,0.5102542317899733,0.036291112916973185,0.5235987755982988,0.013344543808325504,0.2747885922401798,1.4911303704254757,1.4911303704254757,1.5
1.8820000000000001,0.5102895383563714,0.035306566398088685,0.5235987755982988,0.013309237241927452,0.2748491293024816,1.4832123586556678,1.4832123586556678,1.5
1.883,0.5103251266499604,0.0355882935891011,0.5235987755982988,0.013273648948338379,0.2749234857693069,1.5084590691320954,1.5084590691320954,1.5
1.8840000000000001,0.510360611274502,0.035484624541618486,0.5235987755982988,0.013238164323796764,0.27499337843063154,1.5007736825374758,1.5007736825374758,1.5
1.885,0.5103973228732761,0.0367115987740072,0.5235987755982988,0.013201452725022711,0.27507781685858607,1.5273782546111037,1.5273782546111037,1.5
1.8860000000000001,0.5104337072461281,0.03638437285207684,0.5235987755982988,0.013165068352170683,0.27514485471186606,1.4963924094633134,1.4963924094633134,1.5
1.887,0.5104706238954155,0.036916649287443,0.5235987755982988,0.013128151702883284,0.2752212159334595,1.5135562785354895,1.5135562785354895,1.5
1.8880000000000001,0.5105072191972105,0.036595301794981494,0.5235987755982988,0.013091556401088278,0.27528793078244923,1.4965263820937653,1.4965263820937653,1.5
1.889,0.5105446231357679,0.037403938557351,0.5235987755982988,0.013054152462530944,0.27536696718437653,1.5191003593909886,1.5191003593909886,1.5
1.8900000000000001,0.5105814265576419,0.03680342187403286,0.5235987755982988,0.013017349040656878,0.275430206600164,1.4909819814182252,1.4909819814182252,1.5
1.891,0.5106173718262509,0.035945268608930124,0.5235987755982988,0.012981403772047928,0.2754903895228493,1.4857812084478679,1.4857812084478679,1.5
1.8920000000000001,0.5106536678775243,0.0362960512733906,0.5235987755982988,0.012945107720774507,0.27556376311130565,1.5098912747779238,1.5098912747779238,1.5
1.893,0.5106904966683475,0.03682879082322685,0.5235987755982988,0.012908278929951278,0.2756389651387528,1.5135584750985962,1.5135584750985962,1.5
1.8940000000000001,0.5107284422965082,0.03794562816062378,0.5235987755982988,0.01287033330179066,0.2757204544597057,1.5252830500137968,1.5252830500137968,1.5
1.895,0.5107662019010131,0.03775960450493245,0.5235987755982988,0.012832573697285743,0.27578733141529604,1.4993151771390234,1.4993151771390234,1.5
1.8960000000000001,0.5108039810551759,0.03777915416277688,0.5235987755982988,0.012794794543122934,0.2758562926919946,1.503411761517283,1.503411761517283,1.5
1.897,0.5108423786801698,0.038397624993898025,0.5235987755982988,0.01275639691812902,0.2759317000523799,1.5153917489554452,1.5153917489554452,1.5
1.8980000000000001,0.5108800649418498,0.03768626167996508,0.5235987755982988,0.012718710656449028,0.2759921909351826,1.488844543720853,1.488844543720853,1.5
1.899,0.5109176637402698,0.03759879842004756,0.5235987755982988,0.012681111858029004,0.27605939574463423,1.5012656357360468,1.5012656357360468,1.5
1.9000000000000001,0.5109555672459868,0.03790350571702812,0.5235987755982988,0.01264320835231203,0.2761307558948226,1.509102049813215,1.509102049813215,1.5
1.901,0.5109934088477246,0.03784160173780871,0.5235987755982988,0.01260536675057422,0.2761978697016918,1.501794200872974,1.501794200872974,1.5
1.9020000000000001,0.5110301594304449,0.036750582720356445,0.5235987755982988,0.012568616167853874,0.27625339191736026,1.4812069477899794,1.4812069477899794,1.5
1.903,0.5110662042708183,0.0360448403733934,0.5235987755982988,0.012532571327480535,0.2763129809700426,1.4888251996783677,1.4888251996783677,1.5
1.9040000000000001,0.5111020605714497,0.035856300631361936,0.5235987755982988,0.012496715026849126,0.2763781044534437,1.4991127923892422,1.4991127923892422,1.5
1.905,0.5111372644944117,0.03520392296193706,0.5235987755982988,0.012461511103887157,0.27643789970463195,1.4898209506620115,1.4898209506620115,1.5
1.9060000000000001,0.5111729885822459,0.03572408783426248,0.5235987755982988,0.012425787016052903,0.27651049256488697,1.5132196112834633,1.5132196112834633,1.5
1.907,0.511208424320938,0.03543573869208421,0.5235987755982988,0.012390351277360767,0.2765739487872464,1.4970909441831757,1.4970909441831757,1.5
1.9080000000000001,0.5112435167396012,0.03509241866321061,0.5235987755982988,0.012355258858697593,0.27663660735488166,1.4959684585178947,1.4959684585178947,1.5
1.909,0.5112786773735443,0.03516063394300588,0.5235987755982988,0.01232009822475455,0.2767036370846958,1.5041716990889622,1.5041716990889622,1.5
1.9100000000000001,0.5113133207713676,0.03464339782331151,0.5235987755982988,0.01228545482693122,0.27676399716386374,1.492468128321553,1.492468128321553,1.5
1.911,0.5113482518495369,0.03493107816935594,0.5235987755982988,0.012250523748761899,0.27683308585800637,1.5085250787467537,1.5085250787467537,1.5
1.9120000000000001,0.5113826226035969,0.03437075405997105,0.5235987755982988,0.012216152994701912,0.2768925997498489,1.4915880040658507,1.4915880040658507,1.5
1.913,0.5114164494202186,0.033826816621705065,0.5235987755982988,0.012182326178080238,0.27695210551871885,1.491870911559478,1.491870911559478,1.5
1.9140000000000001,0.5114519597222685,0.03551030204994735,0.5235987755982988,0.012146815876030281,0.27703610292941194,1.5363758538945822,1.5363758538945822,1.5
1.915,0.5114864022365391,0.03444251427048799,0.5235987755982988,0.012112373361759743,0.2770894572529176,1.4814850685748084,1.4814850685748084,1.5
1.9160000000000001,0.5115225362448579,0.03613400831880613,0.5235987755982988,0.012076239353440932,0.27717319021460374,1.536585282108002,1.536585282108002,1.5
1.917,0.5115586651154864,0.036128870628566095,0.5235987755982988,0.012040110482812394,0.2772379669546523,1.5027879668607038,1.5027879668607038,1.5
1.9180000000000001,0.5115937452568252,0.0350801413388029,0.5235987755982988,0.0120050303414736,0.2772910006882156,1.4819157238550213,1.4819157238550213,1.5
1.919,0.5116287093878202,0.034964130995049095,0.5235987755982988,0.01197006621047858,0.27735417586882,1.5004862044320282,1.5004862044320282,1.5
1.92,0.5116642828720397,0.03557348421948759,0.5235987755982988,0.011934492726259127,0.27742520817664507,1.5149841949683738,1.5149841949683738,1.5
1.921,0.5117001656853589,0.035882813319221746,0.5235987755982988,0.011898609912939895,0.2774927463593869,1.509032460732242,1.509032460732242,1.5
1.922,0.5117349835102715,0.03481782491252135,0.5235987755982988,0.011863792088027347,0.27754488327081883,1.4815708569315298,1.4815708569315298,1.5
1.923,0.5117706823044527,0.03569879418124154,0.5235987755982988,0.011828093293846154,0.2776183904148705,1.5204048113674056,1.5204048113674056,1.5
1.924,0.5118052496317532,0.03456732730059454,0.5235987755982988,0.011793525966545593,0.2776694345222651,1.4802265659215592,1.4802265659215592,1.5
1.925,0.5118395259906754,0.03427635892214373,0.5235987755982988,0.011759249607623423,0.27772960008791814,1.4969460186150314,1.4969460186150314,1.5
1.926,0.5118742456662123,0.034719675536921735,0.5235987755982988,0.011724529932086503,0.2777977222156576,1.5116084410093316,1.5116084410093316,1.5
1.927,0.5119089749532281,0.03472928701570948,0.5235987755982988,0.011689800645070747,0.27786086969074925,1.5029698036187087,1.5029698036187087,1.5
1.928,0.5119439771747257,0.03500222149771297,0.5235987755982988,0.011654798423573087,0.2779267603744875,1.5082370326013266,1.5082370326013266,1.5
1.929,0.511978031114209,0.034053939483343815,0.5235987755982988,0.011620744484089784,0.2779789491476509,1.483834537432434,1.483834537432434,1.5
1.93,0.5120112989084076,0.03326779419849939,0.5235987755982988,0.01158747668989124,0.27803274785331494,1.487001409461779,1.487001409461779,1.5
1.931,0.5120453887394362,0.03408983102863733,0.5235987755982988,0.011553386858862646,0.27810418188149894,1.5191021601386387,1.5191021601386387,1.5
1.932,0.5120793874834809,0.03399874404471345,0.5235987755982988,0.011519388114817897,0.27816533674986255,1.5009054468038134,1.5009054468038134,1.5
1.933,0.5121135840403961,0.03419655691514747,0.5235987755982988,0.01148519155790273,0.2782295192834819,1.5066761569322573,1.5066761569322573,1.5
1.934,0.5121465922660641,0.033008225667932156,0.5235987755982988,0.011452183332234744,0.27827817385588716,1.4789690996089055,1.4789690996089055,1.5
1.935,0.5121801781349543,0.03358586889027876,0.5235987755982988,0.011418597463344504,0.27834620856681286,1.5141935225003667,1.5141935225003667,1.5
1.936,0.5122124185484299,0.03224041347563744,0.5235987755982988,0.0113863570498689,0.27839277184569616,1.475777761218396,1.475777761218396,1.5
1.937,0.512244460423499,0.03204187506908781,0.5235987755982988,0.01135431517479979,0.27845185472975076,1.4986084649470583,1.4986084649470583,1.5
1.938,0.5122770252239586,0.032564800459583036,0.5235987755982988,0.011321750374340245,0.27851875920851343,1.5130218578154315,1.5130218578154315,1.5
1.939,0.5123097515115339,0.032726287575307704,0.5235987755982988,0.01128902408676491,0.2785814966768285,1.50583492635126,1.50583492635126,1.5
1.94,0.5123426944671261,0.03294295559222308,0.5235987755982988,0.011256081131172713,0.2786446789371943,1.5069514633443322,1.5069514633443322,1.5
1.941,0.5123761237004552,0.033429233329026316,0.5235987755982988,0.01122265189784366,0.2787106831457802,1.5123609911834426,1.5123609911834426,1.5
1.942,0.5124091229070223,0.03299920656718088,0.5235987755982988,0.011189652691276475,0.27876637311126523,1.4940738034294134,1.4940738034294134,1.5
1.943,0.5124425561261031,0.03343321908072757,0.5235987755982988,0.011156219472195694,0.27883146359394667,1.5113201867963082,1.5113201867963082,1.5
1.944,0.5124769746905925,0.03441856448940182,0.5235987755982988,0.011121800907706314,0.27890250195834015,1.5223815656999433,1.5223815656999433,1.5
1.945,0.5125111440915465,0.034169400953989015,0.5235987755982988,0.011087631506752293,0.2789597084429159,1.497770214450896,1.497770214450896,1.5
1.946,0.5125459741380533,0.03483004650676265,0.5235987755982988,0.011052801460245565,0.2790268264046429,1.5159464631317918,1.5159464631317918,1.5
1.947,0.5125807321913121,0.034758053258814314,0.5235987755982988,0.011018043406986755,0.2790856698432791,1.5013465387615743,1.5013465387615743,1.5
1.948,0.512615513535727,0.034781344414938936,0.5235987755982988,0.01098326206257183,0.27914540287273437,1.5032464673831976,1.5032464673831976,1.5
1.949,0.5126502819261194,0.03476839039240111,0.5235987755982988,0.010948493672179427,0.27920456986040126,1.5025234271024386,1.5025234271024386,1.5
1.95,0.5126832186160782,0.032936689958885615,0.5235987755982988,0.010915556982220576,0.2792434200616528,1.4661474625610822,1.4661474625610822,1.5
1.951,0.5127157073672753,0.03248875119708237,0.5235987755982988,0.010883068231023474,0.2792974140005184,1.4936761599606458,1.4936761599606458,1.5
1.952,0.51274766138303,0.031954015754631825,0.5235987755982988,0.010851114215268853,0.2793502767823711,1.4919043912467558,1.4919043912467558,1.5
1.953,0.5127803950508262,0.032733667796213194,0.5235987755982988,0.010818380547472639,0.27941753327997787,1.518149362091998,1.518149362091998,1.5
1.954,0.5128131208630441,0.032725812217947015,0.5235987755982988,0.010785654735254724,0.2794759121805089,1.5024615818583735,1.5024615818583735,1.5
1.955,0.5128452828338184,0.03216197077430684,0.5235987755982988,0.010753492764480455,0.27952796851026074,1.4913412361046323,1.4913412361046323,1.5
1.956,0.5128777050713922,0.032422237573872664,0.5235987755982988,0.010721070526906629,0.2795889870427272,1.507778293653261,1.507778293653261,1.5
1.957,0.5129091372351755,0.03143216378336557,0.5235987755982988,0.01068963836312331,0.2796359938947949,1.482792303195768,1.482792303195768,1.5
1.958,0.5129409916105474,0.03185437537194688,0.5235987755982988,0.010657783987751412,0.2796984752440471,1.5109588048742955,1.5109588048742955,1.5
1.959,0.5129726436788437,0.031652068296241474,0.5235987755982988,0.010626131919455162,0.2797538823533521,1.4985022085156476,1.4985022085156476,1.5
1.96,0.5130042923274956,0.03164864865192927,0.5235987755982988,0.010594483270803257,0.2798113307526932,1.5024637725774552,1.5024637725774552,1.5
1.961,0.5130354566081128,0.031164280617257383,0.5235987755982988,0.010563318990186032,0.27986329079559363,1.4928445311987166,1.4928445311987166,1.5
1.962,0.5130666797439386,0.031223135825842314,0.5235987755982988,0.010532095854360213,0.27992110453113,1.5036702466210792,1.5036702466210792,1.5
1.963,0.5130977152288368,0.031035484898202896,0.5235987755982988,0.010501060369461968,0.27997602935642507,1.498744832313279,1.498744832313279,1.5
1.964,0.5131285501692463,0.030834940409481933,0.5235987755982988,0.010470225429052515,0.28003065085350837,1.498471949017437,1.498471949017437,1.5
1.965,0.5131595087931805,0.030958623934180626,0.5235987755982988,0.010439266805118308,0.2800887047102725,1.5049404657267325,1.5049404657267325,1.5
1.966,0.5131898032535045,0.030294460324012167,0.5235987755982988,0.01040897234479432,0.2801378736267046,1.4891934177113653,1.4891934177113653,1.5
1.967,0.5132196420074829,0.029838753978471858,0.5235987755982988,0.010379133590815881,0.2801891866803232,1.4933094299151148,1.4933094299151148,1.5
1.968,0.513249265322466,0.02962331498304705,0.5235987755982988,0.010349510275832863,0.28024299963711446,1.4980783204097816,1.4980783204097816,1.5
1.969,0.5132789009525794,0.029635630113464654,0.5235987755982988,0.010319874645719374,0.2802991775704227,1.5026161678069958,1.5026161678069958,1.5
1.97,0.5133077672948351,0.028866342255577996,0.5235987755982988,0.010291008303463745,0.2803465400110871,1.486985093251344,1.486985093251344,1.5
1.971,0.5133365783179649,0.028811023129828424,0.5235987755982988,0.010262197280333951,0.2804016481688766,1.5012029248654548,1.5012029248654548,1.5
1.972,0.5133653768595203,0.02879854155547541,0.5235987755982988,0.010233398738778487,0.28045707587498125,1.502055250363326,1.502055250363326,1.5
1.973,0.513393897959988,0.028521100467684597,0.5235987755982988,0.010204877638310794,0.2805094136490498,1.4967550615686218,1.4967550615686218,1.5
1.974,0.5134211572638495,0.027259303861481184,0.5235987755982988,0.010177618334449301,0.28055068716022324,1.4770457559133465,1.4770457559133465,1.5
1.975,0.5134491778005558,0.028020536706224206,0.5235987755982988,0.010149597797743048,0.28061420625462913,1.517405401203779,1.517405401203779,1.5
1.976,0.5134765539038454,0.027376103289624885,0.5235987755982988,0.010122221694453426,0.2806620078852836,1.4893529746045115,1.4893529746045115,1.5
1.977,0.5135050163741641,0.028462470318727673,0.5235987755982988,0.01009375922413469,0.2807288263835766,1.5239174288452257,1.5239174288452257,1.5
1.978,0.5135331292614463,0.0281128872821649,0.5235987755982988,0.010065646336852474,0.28077959713425604,1.4952853368942427,1.4952853368942427,1.5
1.979,0.5135600624022748,0.026933140828452124,0.5235987755982988,0.010038713196024007,0.2808210132651353,1.4786541019083177,1.4786541019083177,1.5
1.98,0.5135866024064473,0.026540004172410623,0.5235987755982988,0.010012173191851548,0.2808709782799939,1.4942919181454462,1.4942919181454462,1.5
1.981,0.5136129800441454,0.02637763769807931,0.5235987755982988,0.009985795554153465,0.28092334447359346,1.4988758708471666,1.4988758708471666,1.5
1.982,0.5136396652889545,0.02668524480916433,0.5235987755982988,0.009959110309344266,0.2809807658757373,1.5082623532375468,1.5082623532375468,1.5
1.983,0.5136662515568338,0.02658626787919729,0.5235987755982988,0.009932524041465052,0.28103353676305404,1.5001552809853924,1.5001552809853924,1.5
1.984,0.5136929205511844,0.026668994350710643,0.5235987755982988,0.009905855047114387,0.2810881704179268,1.5037814308606028,1.5037814308606028,1.5
1.985,0.5137199952782215,0.027074727037097866,0.5235987755982988,0.009878780320077274,0.28114623541581385,1.5102481732758013,1.5102481732758013,1.5
1.986,0.5137471198906296,0.027124612408096552,0.5235987755982988,0.009851655707669216,0.28120021464490186,1.5031636855829416,1.5031636855829416,1.5
1.987,0.5137739759646006,0.02685607397098993,0.5235987755982988,0.0098247996336982,0.2812505183163844,1.4967992002505153,1.4967992002505153,1.5
1.988,0.5138011903842621,0.0272144196614813,0.5235987755982988,0.00979758521403673,0.28130761682505234,1.5093153997275066,1.5093153997275066,1.5
1.989,0.5138287486146375,0.027558230375349543,0.5235987755982988,0.009770026983661362,0.28136441199609113,1.5090533678502833,1.5090533678502833,1.5
1.99,0.5138569615845119,0.028212969874485554,0.5235987755982988,0.009741814013786931,0.2814245102722309,1.5152994484127482,1.5152994484127482,1.5
1.991,0.5138846590175435,0.027697433031707724,0.5235987755982988,0.009714116580755272,0.2814715040391967,1.4919463007344023,1.4919463007344023,1.5
1.992,0.5139117838472138,0.0271248296702117,0.5235987755982988,0.009686991751085006,0.28151771246424745,1.4907637274126162,1.4907637274126162,1.5
1.993,0.5139385796369742,0.02679578976043649,0.5235987755982988,0.009660195961324614,0.28156646627358645,1.4955891881781127,1.4955891881781127,1.5
1.994,0.5139646080825561,0.026028445581814656,0.5235987755982988,0.009634167515742753,0.2816102138903402,1.4867967796083983,1.4867967796083983,1.5
1.995,0.5139904864073381,0.02587832478209031,0.5235987755982988,0.009608289190960684,0.2816606453530551,1.4990798596520583,1.4990798596520583,1.5
1.996,0.5140160310542193,0.025544646881170467,0.5235987755982988,0.00958274454407948,0.28170889658917636,1.4953967079641703,1.4953967079641703,1.5
1.997,0.5140413226468589,0.02529159263953608,0.5235987755982988,0.009557452951439949,0.2817578927132605,1.4969824869178059,1.4969824869178059,1.5
1.998,0.5140666281371593,0.025305490300491337,0.5235987755982988,0.009532147461139506,0.28180969981412696,1.502301280630268,1.502301280630268,1.5
1.999,0.5140922176720695,0.025589534910136557,0.5235987755982988,0.009506557926229342,0.2818643573389726,1.5077053314169437,1.5077053314169437,1.5
2.0,0.5141163301599282,0.024112487858665987,0.5235987755982988,0.009482445438370624,0.2818993625661574,1.4725062217633995,1.4725062217633995,1.5
2.001,0.514140775970033,0.024445810104908625,0.5235987755982988,0.009457999628265767,0.2819542648548681,1.508595443953546,1.508595443953546,1.5
2.0020000000000002,0.5141656545499619,0.024878579928787156,0.5235987755982988,0.009433121048336934,0.28201013174517925,1.5106110612859633,1.5106110612859633,1.5
2.003,0.514190228116161,0.024573566199061085,0.5235987755982988,0.009408547482137819,0.28205768817347504,1.4958900117997815,1.4958900117997815,1.5
2.004,0.5142146343327062,0.024406216545215687,0.5235987755982988,0.009384141265592616,0.28210662471162,1.498618892219017,1.498618892219017,1.5
2.005,0.5142399273778986,0.025293045192433666,0.5235987755982988,0.009358848220400229,0.28216709892032354,1.5196890702679768,1.5196890702679768,1.5
2.0060000000000002,0.5142644280577323,0.02450067983368604,0.5235987755982988,0.009334347540566501,0.2822088388881013,1.4861761364404422,1.4861761364404422,1.5
2.007,0.5142889705057357,0.0245424480034055,0.5235987755982988,0.009309805092563073,0.28225967059078305,1.502795417781084,1.502795417781084,1.5
2.008,0.5143141863824734,0.025215876737621046,0.5235987755982988,0.009284589215825423,0.28231736234566984,1.5154319705245833,1.5154319705245833,1.5
2.009,0.514338559466921,0.0243730844475803,0.5235987755982988,0.00926021613137784,0.28235812390390247,1.4851614243381948,1.4851614243381948,1.5
2.0100000000000002,0.5143625165796165,0.02395711269549735,0.5235987755982988,0.009236259018682302,0.28240346450899645,1.4936304117141475,1.4936304117141475,1.5
2.011,0.5143872819217877,0.024765342171221578,0.5235987755982988,0.009211493676511084,0.28246222563696605,1.5180811585301244,1.5180811585301244,1.5
2.012,0.5144108596466228,0.023577724835061657,0.5235987755982988,0.009187915951676007,0.28249874516741796,1.4782288806504993,1.4782288806504993,1.5
2.013,0.5144340584480883,0.023198801465469356,0.5235987755982988,0.0091647171502105,0.28254407149692373,1.494307750594959,1.494307750594959,1.5
2.0140000000000002,0.5144573301303763,0.02327168228799583,0.5235987755982988,0.009141445467922504,0.28259426161497536,1.503313520567767,1.503313520567767,1.5
2.015,0.5144796552062414,0.02232507586506933,0.5235987755982988,0.009119120392057423,0.28263301967483667,1.4829296061245096,1.4829296061245096,1.5
2.016,0.5145020180357713,0.022362829529995666,0.5235987755982988,0.00909675756252748,0.28268253545378047,1.5025410793677323,1.5025410793677323,1.5
2.017,0.5145245293555725,0.02251131980108816,0.5235987755982988,0.009074246242726347,0.2827331427416006,1.5047588317842495,1.5047588317842495,1.5
2.0180000000000002,0.5145475699061948,0.02304055062231959,0.5235987755982988,0.009051205692104047,0.2827878351561716,1.5123855220087157,1.5123855220087157,1.5
2.019,0.5145703042112859,0.022734305091194774,0.5235987755982988,0.009028471387012904,0.28283314216871813,1.4957183334272892,1.4957183334272892,1.5
2.02,0.5145928223597006,0.02251814841469187,0.5235987755982988,0.009005953238598208,0.28287930831832125,1.4974956108772375,1.4974956108772375,1.5
2.021,0.5146154310485195,0.022608688818851155,0.5235987755982988,0.008983344549779337,0.28292873530910506,1.503612259956361,1.503612259956361,1.5
2.0220000000000002,0.5146386247688608,0.023193720341331093,0.5235987755982988,0.008960150829438018,0.2829835085218528,1.5135093255551069,1.5135093255551069,1.5
2.023,0.5146617657229838,0.023140954123037936,0.5235987755982988,0.008937009875314983,0.28303108892664625,1.5008001732614433,1.5008001732614433,1.5
2.024,0.5146849799132348,0.023214190250959308,0.5235987755982988,0.008913795685064008,0.2830799313389759,1.5033159988882705,1.5033159988882705,1.5
2.025,0.5147090520833504,0.024072170115597608,0.5235987755982988,0.008889723514948433,0.2831373369211465,1.5190167325128427,1.5190167325128427,1.5
2.0260000000000002,0.5147339855018119,0.024933418461510783,0.5235987755982988,0.008864790096486885,0.2831946577277514,1.5191507405275113,1.5191507405275113,1.5
2.027,0.5147584119057457,0.024426403933783453,0.5235987755982988,0.008840363692553144,0.28323669711516614,1.4918543829223743,1.4918543829223743,1.5
2.028,0.5147843673937685,0.025955488022835253,0.5235987755982988,0.008814408204530277,0.28330115822791957,1.5325357940957387,1.5325357940957387,1.5
2.029,0.5148099364475763,0.02556905380783528,0.5235987755982988,0.008788839150722483,0.28334428396952743,1.4943477547418273,1.4943477547418273,1.5
2.0300000000000002,0.5148355784537787,0.02564200620240855,0.5235987755982988,0.008763197144520118,0.28339236327830775,1.5035045721960922,1.5035045721960922,1.5
2.031,0.5148601545411475,0.024576087368832655,0.5235987755982988,0.008738621057151286,0.2834276935649743,1.4807329838246748,1.4807329838246748,1.5
2.032,0.514884891456561,0.02473691541345896,0.5235987755982988,0.008713884141737793,0.2834764715040642,1.5051826478820327,1.5051826478820327,1.5
2.033,0.5149090419427534,0.024150486192467346,0.5235987755982988,0.008689733655545373,0.28351684159342316,1.4902503688132445,1.4902503688132445,1.5
2.0340000000000003,0.5149333195247868,0.024277582033376887,0.5235987755982988,0.00866545607351199,0.28356497995782565,1.5044739557135882,1.5044739557135882,1.5
2.035,0.5149573849803875,0.02406545560061271,0.5235987755982988,0.00864139061791136,0.2836092319124618,1.4976996779073866,1.4976996779073866,1.5
2.036,0.5149808594047331,0.023474424345662433,0.5235987755982988,0.008617916193565667,0.28364915349239905,1.4901046113490435,1.4901046113490435,1.5
2.037,0.5150045472280892,0.023687823356013757,0.5235987755982988,0.008594228370209622,0.2836978516456914,1.5061459341546795,1.5061459341546795,1.5
2.0380000000000003,0.5150275040766714,0.022956848582221877,0.5235987755982988,0.0085712715216274,0.2837359603837325,1.4872755303926435,1.4872755303926435,1.5
2.039,0.5150510457835294,0.0235417068579891,0.5235987755982988,0.008547729814769367,0.28378851102721353,1.5135337134019222,1.5135337134019222,1.5
2.04,0.5150743016608956,0.023255877366184747,0.5235987755982988,0.008524473937403187,0.2838312945128515,1.4961667467125521,1.4961667467125521,1.5
2.041,0.515096896843686,0.02259518279033897,0.5235987755982988,0.008501878754612835,0.2838697931865956,1.4886465786723793,1.4886465786723793,1.5
2.0420000000000003,0.515119052369486,0.022155525800025336,0.5235987755982988,0.008479723228812852,0.2839106051028748,1.4930144748169545,1.4930144748169545,1.5
2.043,0.5151400122657698,0.020959896283842795,0.5235987755982988,0.00845876333252904,0.28394290805369254,1.4778598517403512,1.4778598517403512,1.5
2.044,0.5151615706614915,0.02155839572172007,0.5235987755982988,0.00843720493680733,0.2839949480759595,1.513646780460253,1.513646780460253,1.5
2.045,0.5151840565295006,0.022485868009092976,0.5235987755982988,0.008414719068798204,0.2840505155978572,1.5202741174051957,1.5202741174051957,1.5
2.0460000000000003,0.5152071376551336,0.023081125632931725,0.5235987755982988,0.00839163794316522,0.28410228925100306,1.5137040219175024,1.5137040219175024,1.5
2.047,0.5152297115985905,0.022573943456971206,0.5235987755982988,0.00836906399970827,0.28414173046999275,1.4917028465314242,1.4917028465314242,1.5
2.048,0.5152519221214561,0.022210522865507894,0.5235987755982988,0.00834685347684272,0.2841826328806838,1.4945375036472914,1.4945375036472914,1.5
2.049,0.5152740469607463,0.022124839290196187,0.5235987755982988,0.008324728637552514,0.2842264832994758,1.5000631703230065,1.5000631703230065,1.5
2.05,0.5152968611434875,0.022814182741217118,0.5235987755982988,0.008301914454811321,0.2842787960084322,1.5155568561636343,1.5155568561636343,1.5
2.051,0.515319105595377,0.02224445188942182,0.5235987755982988,0.008279670002921846,0.28431704339765174,1.4904305175833914,1.4904305175833914,1.5
2.052,0.5153420823324869,0.02297673710989164,0.5235987755982988,0.00825669326581191,0.2843695863580796,1.5164252605605502,1.5164252605605502,1.5
2.053,0.5153642170290043,0.022134696517333408,0.5235987755982988,0.008234558569294559,0.2844045721726653,1.4849973271176267,1.4849973271176267,1.5
2.054,0.5153845116560225,0.020294627018260205,0.5235987755982988,0.008214263942276312,0.2844283652612396,1.4649693857399226,1.4649693857399226,1.5
2.055,0.515404700416702,0.020188760679524503,0.5235987755982988,0.00819407518159676,0.2844712264341374,1.4995062433867468,1.4995062433867468,1.5
2.056,0.5154246529202144,0.019952503512391664,0.5235987755982988,0.008174122678084372,0.28451251941216565,1.4968899575117052,1.4968899575117052,1.5
2.057,0.5154450652798258,0.020412359611381603,0.5235987755982988,0.008153710318473006,0.28456140070036506,1.51079332226079,1.51079332226079,1.5
2.058,0.5154667216535613,0.021656373735492045,0.5235987755982988,0.008132053944737483,0.28461885569634804,1.5265132712511194,1.5265132712511194,1.5
2.059,0.5154887427226328,0.022021069071455998,0.5235987755982988,0.008110032875666029,0.28466646352911057,1.5090264166181184,1.5090264166181184,1.5
2.06,0.5155113989593569,0.02265623672412942,0.5235987755982988,0.008087376638941879,0.28471695257117907,1.514465038579185,1.514465038579185,1.5
2.061,0.5155348498751348,0.0234509157777994,0.5235987755982988,0.008063925723164056,0.28476909734522643,1.51770608001133,1.51770608001133,1.5
2.062,0.5155570197740557,0.022169898920859386,0.5235987755982988,0.008041755824243157,0.284798133494477,1.4762557361234236,1.4762557361234236,1.5
2.063,0.5155789339202705,0.021914146214939267,0.5235987755982988,0.008019841678028272,0.2848383927024121,1.4966585377952664,1.4966585377952664,1.5
2.064,0.5156005433546492,0.021609434378701282,0.5235987755982988,0.007998232243649595,0.2848779865702572,1.4956588949724354,1.4956588949724354,1.5
2.065,0.5156223050239844,0.02176166933522271,0.5235987755982988,0.007976470574314387,0.28492252037692173,1.5047734538807247,1.5047734538807247,1.5
2.066,0.5156441142176552,0.021809193670746303,0.5235987755982988,0.007954661380643602,0.2849657773400091,1.5026914202572896,1.5026914202572896,1.5
2.067,0.5156652448761483,0.021130658493113505,0.5235987755982988,0.007933530722150528,0.2850008716033005,1.4881740319410037,1.4881740319410037,1.5
2.068,0.5156863825716105,0.02113769546218436,0.5235987755982988,0.007912393026688336,0.2850434349462614,1.5018311920608662,1.5018311920608662,1.5
2.069,0.5157071672747061,0.02078470309565259,0.5235987755982988,0.007891608323592703,0.28508189145239715,1.4946311683063394,1.4946311683063394,1.5
2.07,0.5157280847288322,0.020917454126093263,0.5235987755982988,0.007870690869466568,0.2851256079840284,1.5043177968564656,1.5043177968564656,1.5
2.071,0.5157492103318817,0.021125603049501732,0.5235987755982988,0.007849565266417113,0.2851700447346534,1.5058363747982568,1.5058363747982568,1.5
2.072,0.5157711911899197,0.021980858037932476,0.5235987755982988,0.007827584408379162,0.28522153776752834,1.518795148012575,1.518795148012575,1.5
2.073,0.5157943033606806,0.023112170760874462,0.5235987755982988,0.007804472237618265,0.28527598487792405,1.5243847231018743,1.5243847231018743,1.5
2.074,0.5158173558352233,0.02305247454270837,0.5235987755982988,0.007781419763075559,0.28531713453161267,1.5006550492975481,1.5006550492975481,1.5
2.075,0.5158401474862183,0.022791650995069218,0.5235987755982988,0.007758628112080501,0.28535593899385786,1.4966277270106336,1.4966277270106336,1.5
2.076,0.5158635420824078,0.023394596189523657,0.5235987755982988,0.007735233515891005,0.2854041952492592,1.5138822359686943,1.5138822359686943,1.5
2.077,0.5158866893466838,0.02314726427598725,0.5235987755982988,0.0077120862516150135,0.28544292320115844,1.4969249294244338,1.4969249294244338,1.5
2.078,0.5159095499708284,0.022860624144609674,0.5235987755982988,0.007689225627470431,0.28548109736321314,1.4961189785145275,1.4961189785145275,1.5
2.079,0.5159335362991176,0.023986328289243453,0.5235987755982988,0.00766523929918117,0.2855348023194504,1.5243429328242444,1.5243429328242444,1.5
2.08,0.5159577565062948,0.024220207177157452,0.5235987755982988,0.007641019092003987,0.2855785266809042,1.5065964840214194,1.5065964840214194,1.5
2.081,0.5159813488041393,0.02359229784444757,0.5235987755982988,0.007617426794159554,0.285612591388115,1.489379429919975,1.489379429919975,1.5
2.082,0.5160043765861873,0.02302778204794356,0.5235987755982988,0.007594399012111563,0.2856472363249332,1.4905970678974756,1.4905970678974756,1.5
2.083,0.5160278558538162,0.02347926762887579,0.5235987755982988,0.0075709197444826515,0.28569301790529766,1.5108719341824801,1.5108719341824801,1.5
2.084,0.5160509118266126,0.023055972796389337,0.5235987755982988,0.0075478637716862584,0.2857289998195548,1.493412444760581,1.493412444760581,1.5
2.085,0.516073032399728,0.022120573115503733,0.5235987755982988,0.0075257431985708,0.2857591890079804,1.483136484205999,1.483136484205999,1.5
2.086,0.5160944518870807,0.02141948735271476,0.5235987755982988,0.007504323711218119,0.2857918493877885,1.4877479305934609,1.4877479305934609,1.5
2.087,0.5161157787079477,0.021326820866937345,0.5235987755982988,0.007482996890351146,0.2858311297104111,1.4998602292726688,1.4998602292726688,1.5
2.088,0.5161372508370927,0.021472129145009088,0.5235987755982988,0.007461524761206095,0.28587293395566243,1.5046123112307899,1.5046123112307899,1.5
2.089,0.5161589511996474,0.021700362554645244,0.5235987755982988,0.007439824398651429,0.2859155476779594,1.5062824385243239,1.5062824385243239,1.5
2.09,0.5161801619868284,0.021210787180993843,0.5235987755982988,0.007418613611470448,0.28595009991238685,1.4919445215313436,1.4919445215313436,1.5
2.091,0.5162010944933607,0.020932506532350854,0.5235987755982988,0.007397681104938103,0.2859868759514116,1.4961312500016197,1.4961312500016197,1.5
2.092,0.5162214953911805,0.02040089781973022,0.5235987755982988,0.007377280207118364,0.28602073082482604,1.4910424262701754,1.4910424262701754,1.5
2.093,0.5162417219944727,0.020226603292241758,0.5235987755982988,0.0073570536038261025,0.2860584275157688,1.4981461812758092,1.4981461812758092,1.5
2.094,0.5162613527664106,0.019630771937890663,0.5235987755982988,0.007337422831888207,0.2860913412906151,1.4897015011763575,1.4897015011763575,1.5
2.095,0.5162808941933642,0.019541426953581444,0.5235987755982988,0.007317881404934612,0.2861297495208731,1.4997835620688469,1.4997835620688469,1.5
2.096,0.5162999153845806,0.019021191216425416,0.5235987755982988,0.007298860213718172,0.2861632729844791,1.491158599413166,1.491158599413166,1.5
2.097,0.5163184057498893,0.018490365308653403,0.5235987755982988,0.007280369848409518,0.2861965631851547,1.4909051771418738,1.4909051771418738,1.5
2.098,0.5163374658692486,0.019060119359241096,0.5235987755982988,0.007261309729050258,0.28624193243408025,1.5128743102364461,1.5128743102364461,1.5
2.099,0.5163576719673086,0.02020609806007835,0.5235987755982988,0.0072411036309901755,0.2862935860193407,1.5244443835654844,1.5244443835654844,1.5
2.1,0.5163768026148863,0.019130647577629077,0.5235987755982988,0.007221972983412539,0.28632053313740113,1.4801074781958208,1.4801074781958208,1.5
2.101,0.5163957628853175,0.01896027043124347,0.5235987755982988,0.007203012712981294,0.28635738645772885,1.4981229088784982,1.4981229088784982,1.5
2.102,0.516415806307655,0.020043422337483675,0.5235987755982988,0.00718296929064377,0.2864080196585436,1.5231798597593036,1.5231798597593036,1.5
2.103,0.5164361984980474,0.020392190392392377,0.5235987755982988,0.007162577100251366,0.2864504233907278,1.5085788348851727,1.5085788348851727,1.5
2.104,0.5164559663809134,0.019767882865909688,0.5235987755982988,0.007142809217385415,0.28648194311801206,1.4891452247017376,1.4891452247017376,1.5
2.105,0.5164758249491174,0.01985856820401702,0.5235987755982988,0.007122950649181448,0.28652127022150314,1.5033951373914194,1.5033951373914194,1.5
2.106,0.5164959075665867,0.020082617469275595,0.5235987755982988,0.007102868031712117,0.28656197012158846,1.506069670761493,1.506069670761493,1.5
2.107,0.5165149835155766,0.019075948989813987,0.5235987755982988,0.007083792082722251,0.28658893044801526,1.48147323980831,1.48147323980831,1.5
2.108,0.5165346831446518,0.019699629075196113,0.5235987755982988,0.007064092453647031,0.28663383627925443,1.5139996776268276,1.5139996776268276,1.5
2.109,0.5165547877050934,0.02010456044163844,0.5235987755982988,0.007043987893205372,0.28667622155141986,1.5096745976548622,1.5096745976548622,1.5
2.11,0.5165746190383818,0.019831333288347134,0.5235987755982988,0.007024156559917061,0.2867109931381303,1.496143821769505,1.496143821769505,1.5
2.111,0.5165940844462868,0.019465407905082194,0.5235987755982988,0.007004691152011966,0.28674462916766336,1.494267998997769,1.494267998997769,1.5
2.112,0.5166131460559925,0.019061609705609585,0.5235987755982988,0.006985629542306304,0.2867777361609069,1.4934812686429544,1.4934812686429544,1.5
2.113,0.5166315750293934,0.018428973400910497,0.5235987755982988,0.0069672005689054295,0.2868081979458808,1.488872202682467,1.488872202682467,1.5
2.114,0.5166498743231362,0.018299293742843694,0.5235987755982988,0.006948901275162567,0.28684412023672917,1.4988807247107367,1.4988807247107367,1.5
2.115,0.5166678687020901,0.01799437895385376,0.5235987755982988,0.006930906896208677,0.28687799560877125,1.4953656477196289,1.4953656477196289,1.5
2.116,0.5166860540428954,0.018185340805169325,0.5235987755982988,0.006912721555403456,0.2869172581069977,1.5052587873426195,1.5052587873426195,1.5
2.117,0.5167042062108844,0.018152167989077234,0.5235987755982988,0.006894569387414395,0.28695393682190495,1.5007913709425718,1.5007913709425718,1.5
2.118,0.5167222961469432,0.01808993605873433,0.5235987755982988,0.0068764794513556105,0.2869901904788151,1.500207534832268,1.500207534832268,1.5
2.119,0.5167402579467503,0.01796179980705007,0.5235987755982988,0.006858517651548546,0.28702561071009314,1.4988844698510135,1.4988844698510135,1.5
2.12,0.5167577483499343,0.017490403184029547,0.5235987755982988,0.006841027248364551,0.28705712370620046,1.4920090115241535,1.4920090115241535,1.5
2.121,0.5167749440079868,0.01719565805259537,0.5235987755982988,0.006823831590311968,0.2870904858730121,1.4955043296260389,1.4955043296260389,1.5
2.122,0.5167921905436089,0.017246535622074156,0.5235987755982988,0.006806585054689895,0.28712757217476764,1.5023932040337833,1.5023932040337833,1.5
2.123,0.5168100176417431,0.017827098134145767,0.5235987755982988,0.006788757956555758,0.28717042708458335,1.5129909730911981,1.5129909730911981,1.5
2.124,0.5168278159886798,0.017798346936718334,0.5235987755982988,0.006770959609619043,0.2872064376155968,1.500851143902183,1.500851143902183,1.5
2.125,0.5168456447366534,0.017828747973676347,0.5235987755982988,0.006753130861645418,0.28724300254657525,1.5020318884940977,1.5020318884940977,1.5
2.126,0.5168633579195174,0.017713182864061594,0.5235987755982988,0.006735417678781386,0.287277850183646,1.499114997645599,1.499114997645599,1.5
2.1270000000000002,0.5168796938171544,0.01633589763697985,0.5235987755982988,0.0067190817811444425,0.28729861588955696,1.47387135008749,1.47387135008749,1.5
2.128,0.516896495897756,0.016802080601668247,0.5235987755982988,0.006702279700542824,0.28733968926997633,1.5106305311047263,1.5106305311047263,1.5
2.129,0.5169131222814728,0.016626383716838382,0.5235987755982988,0.0066856533168260235,0.28737355729346753,1.4978302287515362,1.4978302287515362,1.5
2.13,0.5169291788602082,0.016056578735325674,0.5235987755982988,0.006669596738090644,0.2874029568638829,1.489934011067093,1.489934011067093,1.5
2.1310000000000002,0.5169453265469943,0.016147686786106643,0.5235987755982988,0.006653449051304494,0.28743957287662253,1.5031066873144454,1.5031066873144454,1.5
2.132,0.5169601430060152,0.014816459020912096,0.5235987755982988,0.006638632592283589,0.2874603315443543,1.4746672596389976,1.4746672596389976,1.5
2.133,0.5169754593782865,0.015316372271277693,0.5235987755982988,0.006623316220012332,0.2875012633582087,1.511183581728985,1.511183581728985,1.5
2.134,0.5169907853357152,0.015325957428723067,0.5235987755982988,0.0066079902625836295,0.28753667094609764,1.5014170129306097,1.5014170129306097,1.5
2.1350000000000002,0.5170068252569934,0.016039921278171013,0.5235987755982988,0.0065919503413054414,0.2875797856269025,1.5155053535832568,1.5155053535832568,1.5
2.136,0.5170232292332757,0.01640397628234929,0.5235987755982988,0.0065755463650231105,0.28761893541396694,1.5085642937858192,1.5085642937858192,1.5
2.137,0.5170395825688621,0.016353335586316027,0.5235987755982988,0.0065591930294367495,0.2876533979220623,1.5002995041819227,1.5002995041819227,1.5
2.138,0.5170555104638129,0.01592789495086476,0.5235987755982988,0.006543265134485887,0.28768360981376734,1.49279945413788,1.49279945413788,1.5
2.1390000000000002,0.5170713812444224,0.01587078060946526,0.5235987755982988,0.006527394353876392,0.28771780033770045,1.5001319447680792,1.5001319447680792,1.5
2.14,0.5170866051100053,0.015223865582826995,0.5235987755982988,0.006512170488293556,0.2877453584320093,1.488331361915992,1.488331361915992,1.5
2.141,0.5171020920871676,0.015486977162350255,0.5235987755982988,0.006496683511131196,0.28778289491327086,1.5064801408370914,1.5064801408370914,1.5
2.142,0.5171179650333418,0.01587294617422324,0.5235987755982988,0.006480810564956974,0.2878217003780044,1.5089583384104477,1.5089583384104477,1.5
2.1430000000000002,0.5171322728413675,0.014307808025709079,0.5235987755982988,0.0064665027569312805,0.2878387965391311,1.4699670727236547,1.4699670727236547,1.5
2.144,0.517146612257717,0.014339416349421643,0.5235987755982988,0.006452163340581851,0.2878734684551536,1.501776791116308,1.501776791116308,1.5
2.145,0.5171616803324411,0.015068074724212876,0.5235987755982988,0.006437095265857673,0.2879157692742827,1.5157203208037784,1.5157203208037784,1.5
2.146,0.517177392196729,0.015711864287858097,0.5235987755982988,0.006421383401569836,0.2879570448370968,1.5140812372508414,1.5140812372508414,1.5
2.1470000000000002,0.5171938426663786,0.016450469649602752,0.5235987755982988,0.0064049329319202375,0.2879992851873419,1.5160290563779217,1.5160290563779217,1.5
2.148,0.5172097767636339,0.0159340972553293,0.5235987755982988,0.006388998834664927,0.2880275356935745,1.4909885896864992,1.4909885896864992,1.5
2.149,0.5172260583942686,0.01628163063468365,0.5235987755982988,0.006372717204030209,0.2880652574203887,1.5082253953675133,1.5082253953675133,1.5
2.15,0.5172423426508993,0.016284256630741126,0.5235987755982988,0.006356432947399515,0.2880990683695687,1.5013550503719242,1.5013550503719242,1.5
2.1510000000000002,0.5172587462425435,0.016403591644270816,0.5235987755982988,0.006340029355755283,0.28813407895070625,1.503689440801053,1.503689440801053,1.5
2.152,0.5172747539296778,0.016007687134247755,0.5235987755982988,0.006324021668621005,0.2881632888135193,1.4933941971310805,1.4933941971310805,1.5
2.153,0.5172913931609994,0.01663923132153557,0.5235987755982988,0.006307382437299447,0.2882037846886711,1.513911498716496,1.513911498716496,1.5
2.154,0.517308746700287,0.017353539287660775,0.5235987755982988,0.006290028898011779,0.28824511342794246,1.515617297828227,1.515617297828227,1.5
2.1550000000000002,0.5173259260260911,0.01717932580400451,0.5235987755982988,0.00627284957220775,0.2882765142292334,1.4979040134698876,1.4979040134698876,1.5
2.156,0.5173427056836599,0.016779657568814423,0.5235987755982988,0.006256069914638895,0.28830532221273164,1.4933809813605186,1.4933809813605186,1.5
2.157,0.5173592875549416,0.016581871281747127,0.5235987755982988,0.0062394880433571664,0.28833626960098674,1.4973866468641592,1.4973866468641592,1.5
2.158,0.5173764055701636,0.017118015222016805,0.5235987755982988,0.0062223700281351935,0.288375254687138,1.5120494285079333,1.5120494285079333,1.5
2.1590000000000003,0.5173930697185684,0.016664148404764528,0.5235987755982988,0.006205705879730461,0.28840318589569036,1.4922921048727158,1.4922921048727158,1.5
2.16,0.5174102132669921,0.017143548423713063,0.5235987755982988,0.006188562331306713,0.28844136052326536,1.5109211322513518,1.5109211322513518,1.5
2.161,0.5174276481207626,0.01743485377045236,0.5235987755982988,0.006171127477536231,0.28847736650010325,1.507197590808683,1.507197590808683,1.5
2.162,0.5174456093862304,0.017961265467810173,0.5235987755982988,0.006153166212068406,0.28851589070494993,1.5119230222487925,1.5119230222487925,1.5
2.1630000000000003,0.5174626295482576,0.01702016202723478,0.5235987755982988,0.006136146050041202,0.2885380709702691,1.482614832425917,1.482614832425917,1.5
2.164,0.5174792112791834,0.016581730925739904,0.5235987755982988,0.0061195643191154225,0.28856571786006463,1.4925929909322813,1.4925929909322813,1.5
2.165,0.5174954087524113,0.016197473227866317,0.5235987755982988,0.006103366845887526,0.28859386899314843,1.4936413845165875,1.4936413845165875,1.5
2.166,0.5175108488890563,0.015440136644951469,0.5235987755982988,0.006087926709242519,0.28861779127638065,1.4861490661999324,1.4861490661999324,1.5
2.1670000000000003,0.5175246115750836,0.013762686027241237,0.5235987755982988,0.006074164023215256,0.2886314185573754,1.4676861985773915,1.4676861985773915,1.5
2.168,0.5175396974506135,0.015085875529868101,0.5235987755982988,0.0060590781476853595,0.2886781818328036,1.5275648049347166,1.5275648049347166,1.5
2.169,0.5175553709066542,0.015673456040664,0.5235987755982988,0.00604340469164466,0.2887167234234375,1.5129584802583074,1.5129584802583074,1.5
2.17,0.5175714978881581,0.016126981504007435,0.5235987755982988,0.006027277710140666,0.28875369891852504,1.5103243857501218,1.5103243857501218,1.5
2.1710000000000003,0.5175881810915872,0.016683203429025347,0.5235987755982988,0.006010594506711597,0.28879173000020264,1.5124145970206788,1.5124145970206788,1.5
2.172,0.5176055084310873,0.01732733950015634,0.5235987755982988,0.005993267167211491,0.28883065450308126,1.5142173776969419,1.5142173776969419,1.5
2.173,0.5176229262719263,0.017417840838958736,0.5235987755982988,0.005975849326372518,0.28886336527395146,1.5031962139360604,1.5031962139360604,1.5
2.174,0.5176409994238312,0.01807315190492339,0.5235987755982988,0.005957776174467577,0.28890224772393297,1.5144996485864097,1.5144996485864097,1.5
2.1750000000000003,0.5176586851594107,0.01768573557948753,0.5235987755982988,0.0059400904388881015,0.2889294977444449,1.4936975256436766,1.4936975256436766,1.5
2.176,0.5176761925609009,0.017507401490157025,0.5235987755982988,0.005922583037397899,0.28895897181000585,1.497848177059749,1.497848177059749,1.5
2.177,0.5176932626589289,0.01707009802793126,0.5235987755982988,0.005905512939369917,0.2889854868592162,1.4926545228746972,1.4926545228746972,1.5
2.178,0.5177099141509267,0.01665149199776744,0.5235987755982988,0.005888861447372107,0.2890121162514283,1.492993487238958,1.492993487238958,1.5
2.179,0.5177261210940058,0.016206943079175418,0.5235987755982988,0.005872654504292973,0.2890383658690077,1.492441140987981,1.492441140987981,1.5
2.18,0.5177425354521953,0.016414358189400877,0.5235987755982988,0.005856240146103531,0.2890717470481245,1.5054448576508432,1.5054448576508432,1.5
2.181,0.517757562443473,0.015026991277750732,0.5235987755982988,0.005841213154825775,0.2890873742365907,1.4735658104221492,1.4735658104221492,1.5
2.182,0.5177725146337057,0.014952190232606405,0.5235987755982988,0.005826260964593155,0.28911744031261083,1.4997061383993335,1.4997061383993335,1.5
2.183,0.5177887169848358,0.016202351130144926,0.5235987755982988,0.005810058613463065,0.28916210080657556,1.526199393169379,1.526199393169379,1.5
2.184,0.5178055092126239,0.01679222778821564,0.5235987755982988,0.0057932663856749,0.2891993768271955,1.5130937212518258,1.5130937212518258,1.5
2.185,0.5178232979835119,0.017788770887993115,0.5235987755982988,0.005775477614786917,0.28924108173361246,1.5212742402186068,1.5212742402186068,1.5
2.186,0.5178408794060916,0.01758142257972568,0.5235987755982988,0.005757896192207235,0.2892693757651015,1.4972761355056907,1.4972761355056907,1.5
2.187,0.5178583550696548,0.01747566356327103,0.5235987755982988,0.005740420528643986,0.2892987078729418,1.499291333477285,1.499291333477285,1.5
2.188,0.5178759480506205,0.01759298096567882,0.5235987755982988,0.0057228275476782775,0.28933042580189944,1.5037444011332175,1.5037444011332175,1.5
2.189,0.5178920803692016,0.016132318581066094,0.5235987755982988,0.0057066952290971695,0.28934457652864487,1.4721941907849998,1.4721941907849998,1.5
2.19,0.5179078027005753,0.015722331373667894,0.5235987755982988,0.0056909728977234675,0.2893702651484207,1.4930908413385213,1.4930908413385213,1.5
2.191,0.5179230371626,0.01523446202462735,0.5235987755982988,0.005675738435698796,0.28939500147738856,1.4915003995290825,1.4915003995290825,1.5
2.192,0.5179388690458545,0.015831883254452405,0.5235987755982988,0.005659906552444305,0.28943167304202655,1.5131671815584713,1.5131671815584713,1.5
2.193,0.5179552826699905,0.016413624135989457,0.5235987755982988,0.005643492928308347,0.2894680957584149,1.5129013682910972,1.5129013682910972,1.5
2.194,0.5179715677460707,0.016285076080188508,0.5235987755982988,0.005627207852228144,0.2894965731268486,1.4987421288148601,1.4987421288148601,1.5
2.195,0.5179876459355351,0.016078189464438696,0.5235987755982988,0.00561112966276367,0.28952409789589967,1.4971650737714188,1.4971650737714188,1.5
2.196,0.5180048106105644,0.01716467502918537,0.5235987755982988,0.005593964987734457,0.2895658682432529,1.5230159664520886,1.5230159664520886,1.5
2.197,0.5180219014296928,0.01709081912843593,0.5235987755982988,0.005576874168605972,0.28959471406861087,1.499896055987346,1.499896055987346,1.5
2.198,0.5180387977544745,0.016896324781609545,0.5235987755982988,0.0055599778438243375,0.2896221400011597,1.4974773785937472,1.4974773785937472,1.5
2.199,0.5180556569973628,0.01685924288832677,0.5235987755982988,0.005543118600936037,0.2896512255236589,1.5006100681168733,1.5006100681168733,1.5
2.2,0.5180728546825225,0.01719768515976057,0.5235987755982988,0.005525920915776306,0.28968438976589794,1.5081175848597421,1.5081175848597421,1.5
2.201,0.518090182239818,0.017327557295431624,0.5235987755982988,0.005508593358480862,0.2897151661142064,1.503973257526202,1.503973257526202,1.5
2.202,0.5181073941033578,0.01721186353988453,0.5235987755982988,0.0054913814949409945,0.2897431420138749,1.4990723294726926,1.4990723294726926,1.5
2.203,0.5181243271018885,0.016932998530706966,0.5235987755982988,0.005474448496410322,0.28976922729854543,1.4957996488996395,1.4957996488996395,1.5
2.204,0.5181406779666278,0.016350864739256447,0.5235987755982988,0.005458097631671044,0.2897918676462245,1.4897119640534462,1.4897119640534462,1.5
2.205,0.5181561954673344,0.015517500706638314,0.5235987755982988,0.005442580130964436,0.2898116357627318,1.4846407885267778,1.4846407885267778,1.5
2.206,0.5181718183532575,0.015622885923138655,0.5235987755982988,0.005426957245041275,0.2898417138378414,1.503349104386538,1.503349104386538,1.5
2.207,0.5181876348813065,0.015816528048934658,0.5235987755982988,0.005411140716992335,0.2898726911808888,1.5051226733897711,1.5051226733897711,1.5
2.208,0.5182030599669567,0.01542508565020804,0.5235987755982988,0.005395715631342113,0.2898971083655785,1.4934364742693824,1.4934364742693824,1.5
2.209,0.5182180163507557,0.01495638379902146,0.5235987755982988,0.00538075924754311,0.28992058450297487,1.491859969828285,1.491859969828285,1.5
2.21,0.5182332017236851,0.01518537292941494,0.5235987755982988,0.005365573874613672,0.28995170548402577,1.5057762933117913,1.5057762933117913,1.5
2.211,0.5182478197475594,0.01461802387430058,0.5235987755982988,0.005350955850739414,0.2899739267146695,1.489867848732066,1.489867848732066,1.5
2.212,0.5182617996931652,0.01397994560583414,0.5235987755982988,0.005336975905133601,0.28999527754179816,1.4884078765406152,1.4884078765406152,1.5
2.213,0.5182750002999262,0.013200606761018354,0.5235987755982988,0.0053237752983725795,0.29001497573074175,1.485531618752151,1.485531618752151,1.5
2.214,0.5182871838034634,0.012183503537149401,0.5235987755982988,0.005311591794835424,0.290031950304376,1.4807139840635024,1.4807139840635024,1.5
2.215,0.5183001078661408,0.01292406267740172,0.5235987755982988,0.0052986677321580355,0.29006830826092234,1.5157858630880183,1.5157858630880183,1.5
2.216,0.5183131477943193,0.01303992817848781,0.5235987755982988,0.0052856278039795646,0.290097676512297,1.503351235035914,1.503351235035914,1.5
2.217,0.5183262922460004,0.0131444516811512,0.5235987755982988,0.005272483352298463,0.29012684287337515,1.5031336643075468,1.5031336643075468,1.5
2.218,0.5183395980694204,0.013305823420061024,0.5235987755982988,0.005259177528878389,0.2901565629711845,1.5042789909126886,1.5042789909126886,1.5
2.219,0.518353395163003,0.013797093582630374,0.5235987755982988,0.005245380435295766,0.29018986327825874,1.510889869124992,1.510889869124992,1.5
2.22,0.5183681625099393,0.014767346936296754,0.5235987755982988,0.0052306130883594815,0.290228400407438,1.520508834559938,1.520508834559938,1.5
2.221,0.518382813243209,0.014650733269702091,0.5235987755982988,0.005215962355089809,0.29025483094061577,1.4988491144230105,1.4988491144230105,1.5
2.222,0.5183978968905563,0.015083647347248692,0.5235987755982988,0.005200878707742551,0.290287272040621,1.5098303402125082,1.5098303402125082,1.5
2.223,0.5184128315751938,0.014934684637502938,0.5235987755982988,0.005185944023105016,0.29031319507518594,1.4982274375928648,1.4982274375928648,1.5
2.224,0.5184281815142966,0.015349939102760654,0.5235987755982988,0.005170594084002222,0.290345291412416,1.5094998640761546,1.5094998640761546,1.5
2.225,0.5184440970684027,0.015915554106107004,0.5235987755982988,0.005154678529896151,0.290378983289498,1.5125402951951479,1.5125402951951479,1.5
2.226,0.5184596813823259,0.015584313923245448,0.5235987755982988,0.005139094215972917,0.29040266945250287,1.4946484406712575,1.4946484406712575,1.5
2.227,0.5184750128778493,0.01533149552330652,0.5235987755982988,0.005123762720449565,0.29042714426128546,1.496190377115081,1.496190377115081,1.5
2.228,0.5184898405380342,0.014827660184855238,0.5235987755982988,0.005108935060264663,0.29044875871644693,1.4911498128728389,1.4911498128728389,1.5
2.229,0.5185031942982772,0.013353760243013697,0.5235987755982988,0.005095581300021634,0.2904595423288545,1.4717082139779576,1.4717082139779576,1.5
2.23,0.5185164086517857,0.013214353508573596,0.5235987755982988,0.005082366946513095,0.2904850173728913,1.498280166130639,1.498280166130639,1.5
2.231,0.5185293626432642,0.012953991478441415,0.5235987755982988,0.005069412955034602,0.2905090754453642,1.4958499076780423,1.4958499076780423,1.5
2.232,0.5185430620385109,0.013699395246690206,0.5235987755982988,0.0050557135597879554,0.29054419955475835,1.5159443946832512,1.5159443946832512,1.5
2.233,0.5185575673747038,0.014505336192958445,0.5235987755982988,0.005041208223594995,0.29057993017679234,1.5172147705451,1.5172147705451,1.5
2.234,0.5185709930342113,0.01342565950749748,0.5235987755982988,0.005027782564087535,0.29059470427225065,1.4795668931862174,1.4795668931862174,1.5
2.235,0.5185850139116243,0.014020877413002036,0.5235987755982988,0.005013761686674556,0.29062794797835007,1.512978410870691,1.512978410870691,1.5
2.236,0.5185996479957047,0.014634084080457502,0.5235987755982988,0.004999127602594133,0.290661325298932,1.5133858035421495,1.5133858035421495,1.5
2.237,0.5186142021536316,0.014554157926905871,0.5235987755982988,0.004984573444667184,0.29068695719763604,1.499572203655404,1.499572203655404,1.5
2.238,0.5186287120104804,0.01450985684886237,0.5235987755982988,0.004970063587818374,0.29071290928909593,1.5002783110732825,1.5002783110732825,1.5
2.239,0.5186436895632871,0.014977552806638332,0.5235987755982988,0.004955086035011713,0.2907444606249729,1.5105147077034282,1.5105147077034282,1.5
2.24,0.5186587113216186,0.01502175833150215,0.5235987755982988,0.004940064276680256,0.2907712528751651,1.5020823147218074,1.5020823147218074,1.5
2.241,0.5186728022336439,0.014090912025300587,0.5235987755982988,0.004925973364654945,0.29078716896944024,1.482584814542489,1.482584814542489,1.5
2.242,0.5186873262496667,0.014524016022847662,0.5235987755982988,0.00491144934863208,0.2908181127412218,1.5097893529129656,1.5097893529129656,1.5
2.243,0.5187026100744595,0.015283824792744153,0.5235987755982988,0.004896165523839313,0.29085260998940665,1.5163580966797576,1.5163580966797576,1.5
2.244,0.5187171076885959,0.014497614136422414,0.5235987755982988,0.0048816679097029025,0.2908699149439274,1.4854984928569848,1.4854984928569848,1.5
2.245,0.5187311707670742,0.014063078478266024,0.5235987755982988,0.0048676048312246145,0.29089103379226433,1.492469095967786,1.492469095967786,1.5
2.246,0.5187455365358994,0.01436576882520687,0.5235987755982988,0.004853239062399428,0.2909202435896359,1.5071788532170782,1.5071788532170782,1.5
2.247,0.5187607792967706,0.015242760871192392,0.5235987755982988,0.004837996301528258,0.2909557493428091,1.518689102425727,1.518689102425727,1.5
2.248,0.5187762865583613,0.015507261590671614,0.5235987755982988,0.004822489039937539,0.290984409004053,1.5065094352592798,1.5065094352592798,1.5
2.249,0.5187915946671735,0.015308108812233377,0.5235987755982988,0.00480718093112531,0.29100786356379715,1.497257525358489,1.497257525358489,1.5
2.25,0.518805948289397,0.01435362222349117,0.5235987755982988,0.004792827308901848,0.2910228749760471,1.4821349169301345,1.4821349169301345,1.5
2.251,0.5188208183356272,0.014870046230230355,0.5235987755982988,0.004777957262671606,0.2910541006796662,1.511476769912663,1.511476769912663,1.5
2.2520000000000002,0.5188355533432366,0.014735007609384862,0.5235987755982988,0.004763222255062205,0.29107804435162365,1.4984888312815086,1.4984888312815086,1.5
2.253,0.5188496827496845,0.014129406447808208,0.5235987755982988,0.004749092848614356,0.29109670172315777,1.4890667773772177,1.4890667773772177,1.5
2.254,0.518865183830534,0.015501080849525199,0.5235987755982988,0.004733591767764778,0.291137189441681,1.5285638405501645,1.5285638405501645,1.5
2.255,0.5188797745338268,0.014590703292843947,0.5235987755982988,0.004719001064471984,0.2911523399060167,1.483032535334337,1.483032535334337,1.5
2.2560000000000002,0.5188949302864512,0.015155752624298949,0.5235987755982988,0.004703845311847643,0.2911837562735305,1.5124682428925276,1.5124682428925276,1.5
2.257,0.5189096405464121,0.014710259960891495,0.5235987755982988,0.004689135051886728,0.2912039135176159,1.4923026069417948,1.4923026069417948,1.5
2.258,0.5189239954721211,0.014354925709008223,0.5235987755982988,0.004674780126177724,0.2912249941648021,1.4940701357592059,1.4940701357592059,1.5
2.259,0.518937495527186,0.013500055064958862,0.5235987755982988,0.004661280071112772,0.29124046563868117,1.4840509811757334,1.4840509811757334,1.5
2.2600000000000002,0.5189505516451401,0.013056117954123477,0.5235987755982988,0.00464822395315867,0.2912604096464347,1.492201262188489,1.492201262188489,1.5
2.261,0.5189650461889064,0.014494543766227774,0.5235987755982988,0.00463372940939244,0.29130113593864865,1.5298130056784158,1.5298130056784158,1.5
2.262,0.5189798399195825,0.01479373067619153,0.5235987755982988,0.004618935678716296,0.2913291900228632,1.5071433017005733,1.5071433017005733,1.5
2.263,0.518994319432151,0.014479512568445771,0.5235987755982988,0.004604456166147797,0.29135038292379667,1.4948991362991801,1.4948991362991801,1.5
2.2640000000000002,0.5190087191135224,0.014399681371437968,0.5235987755982988,0.004590056484776395,0.29137410027695254,1.4995617370653196,1.4995617370653196,1.5
2.265,0.5190226182455159,0.013899131993476279,0.5235987755982988,0.004576157352782939,0.29139308669554853,1.4911409869504813,1.4911409869504813,1.5
2.266,0.5190358622902626,0.01324404474669296,0.5235987755982988,0.004562913308036265,0.2914102860042167,1.4880101856238117,1.4880101856238117,1.5
2.267,0.5190486217152517,0.012759424989114865,0.5235987755982988,0.004550153883047137,0.2914292974714782,1.4913671284281735,1.4913671284281735,1.5
2.2680000000000002,0.5190614561068044,0.012834391552719846,0.5235987755982988,0.004537319491494385,0.29145443519885433,1.5025200852712288,1.5025200852712288,1.5
2.269,0.5190753837206499,0.013927613845477586,0.5235987755982988,0.004523391877648941,0.2914907892272117,1.5228911971793724,1.5228911971793724,1.5
2.27,0.5190894242254067,0.014040504756807282,0.5235987755982988,0.004509351372892101,0.2915162286073769,1.5033720273342321,1.5033720273342321,1.5
2.271,0.5191030138829107,0.013589657503962604,0.5235987755982988,0.004495761715388125,0.291535356115569,1.492106295323651,1.492106295323651,1.5
2.2720000000000002,0.5191171395455874,0.014125662676650939,0.5235987755982988,0.004481636052711457,0.2915653453097387,1.5118072760540837,1.5118072760540837,1.5
2.273,0.519130663198721,0.013523653133705535,0.5235987755982988,0.004468112399577784,0.2915826656064736,1.489089862155224,1.489089862155224,1.5
2.274,0.5191434615453138,0.012798346592723144,0.5235987755982988,0.004455314052985049,0.2915985450709604,1.4865757614310486,1.4865757614310486,1.5
2.275,0.5191560900864574,0.01262854114356558,0.5235987755982988,0.00444268551184146,0.2916205035382122,1.4976277587442666,1.4976277587442666,1.5
2.2760000000000002,0.5191705715093909,0.014481422933551978,0.5235987755982988,0.004428204088907872,0.2916648056996527,1.5380679190912132,1.5380679190912132,1.5
2.277,0.5191856067002774,0.015035190886359025,0.5235987755982988,0.004413168898021458,0.29169467264945464,1.5122338728908251,1.5122338728908251,1.5
2.278,0.5191991463809076,0.013539680630176493,0.5235987755982988,0.004399629217391232,0.2917017747252995,1.471292610147258,1.471292610147258,1.5
2.279,0.5192128562763262,0.013709895418554188,0.5235987755982988,0.004385919321972631,0.29172724763199837,1.504487470217968,1.504487470217968,1.5
2.2800000000000002,0.5192276225966979,0.014766320371712927,0.5235987755982988,0.004371153001600958,0.29176247702398544,1.5222252906966591,1.5222252906966591,1.5
2.281,0.5192413154983602,0.013692901662338261,0.5235987755982988,0.004357460099938648,0.29177405627402553,1.4797129314422437,1.4797129314422437,1.5
2.282,0.519254799029426,0.013483531065767369,0.5235987755982988,0.004343976568872865,0.29179512981354433,1.4969080202015692,1.4969080202015692,1.5
2.283,0.5192674006881554,0.012601658729419854,0.5235987755982988,0.0043313749101434595,0.29180868415520117,1.483441235758311,1.483441235758311,1.5
2.2840000000000003,0.5192797195626215,0.012318874466136377,0.5235987755982988,0.004319056035677282,0.2918287999594431,1.495352447432684,1.495352447432684,1.5
2.285,0.5192916640200774,0.011944457455932754,0.5235987755982988,0.00430711157822139,0.29184783218656557,1.4934971697532184,1.4934971697532184,1.5
2.286,0.5193033256860164,0.011661665939012182,0.5235987755982988,0.0042954499122823675,0.2918678103391003,1.4952997262580632,1.4952997262580632,1.5
2.287,0.519314517045184,0.011191359167609483,0.5235987755982988,0.0042842585531147614,0.29188564288544466,1.491526797847067,1.491526797847067,1.5
2.2880000000000003,0.5193242833375276,0.009766292343542269,0.5235987755982988,0.0042744922607712565,0.291892826130777,1.4723939722520645,1.4723939722520645,1.5
2.289,0.5193335767507626,0.009293413235048124,0.5235987755982988,0.004265198847536178,0.29191047687347155,1.4913237212176005,1.4913237212176005,1.5
2.29,0.5193440470672772,0.010470316514595172,0.5235987755982988,0.004254728531021601,0.2919463379007748,1.5242815386497448,1.5242815386497448,1.5
2.291,0.5193543076296565,0.010260562379270897,0.5235987755982988,0.004244467968642307,0.29196678712687496,1.496642542614682,1.496642542614682,1.5
2.2920000000000003,0.5193639381309078,0.009630501251268398,0.5235987755982988,0.004234837467391062,0.29198251326914415,1.4882196224302917,1.4882196224302917,1.5
2.293,0.5193729563600723,0.009018229164525658,0.5235987755982988,0.004225819238226514,0.29199836503203586,1.4885249983652467,1.4885249983652467,1.5
2.294,0.5193824440422684,0.009487682196084212,0.5235987755982988,0.004216331556030406,0.29202613162140106,1.5101105189643331,1.5101105189643331,1.5
2.295,0.5193913542453126,0.008910203044119618,0.5235987755982988,0.00420742135298624,0.29204224174518467,1.4892094315363948,1.4892094315363948,1.5
2.2960000000000003,0.5193998884434157,0.00853419810304038,0.5235987755982988,0.004198887154883146,0.2920605140491714,1.4931927174219448,1.4931927174219448,1.5
2.297,0.5194070441681194,0.007155724703765346,0.5235987755982988,0.0041917314301793684,0.29206761138857135,1.4731132678627425,1.4731132678627425,1.5
2.298,0.5194150413476986,0.00799717957909156,0.5235987755982988,0.004183734250600257,0.2920992255151863,1.5174015554828255,1.5174015554828255,1.5
2.299,0.5194236499503758,0.008608602677208208,0.5235987755982988,0.004175125647922995,0.29212824053388586,1.5128682363286603,1.5128682363286603,1.5
2.3000000000000003,0.5194326865676513,0.009036617275431317,0.5235987755982988,0.004166089030647524,0.29215517005051145,1.5092489801786388,1.5092489801786388,1.5
2.301,0.5194422270638014,0.009540496150069938,0.5235987755982988,0.0041565485344974284,0.2921828845417149,1.510800506874807,1.510800506874807,1.5
2.302,0.5194524758872757,0.010248823474308852,0.5235987755982988,0.004146299711023094,0.2922128099508386,1.5149297861767839,1.5149297861767839,1.5
2.303,0.5194645462520096,0.0120703647338705,0.5235987755982988,0.004134229346289264,0.29225501863854775,1.5372507310691776,1.5372507310691776,1.5
2.3040000000000003,0.5194768015415433,0.012255289533705641,0.5235987755982988,0.004121974056755517,0.2922790568834135,1.5046641251754125,1.5046641251754125,1.5
2.305,0.5194887148803635,0.011913338820175503,0.5235987755982988,0.004110060717935293,0.2922971987806296,1.4941414088920937,1.4941414088920937,1.5
2.306,0.5195008579117932,0.012143031429677206,0.5235987755982988,0.004097917686505581,0.29232160926561157,1.505546919295648,1.505546919295648,1.5
2.307,0.5195116761476577,0.010818235864479312,0.5235987755982988,0.0040870994506411185,0.29232873806610044,1.4744755312104163,1.4744755312104163,1.5
2.308,0.5195224994074956,0.010823259837951618,0.5235987755982988,0.004076276190803196,0.2923505232450523,1.5009659383386045,1.5009659383386045,1.5
2.309,0.519532519846565,0.010020439069407656,0.5235987755982988,0.004066255751733805,0.29236329711164005,1.484809445416157,1.484809445416157,1.5
2.31,0.5195424578086285,0.009937962063459658,0.5235987755982988,0.004056317789670305,0.2923839816598109,1.4991520950065926,1.4991520950065926,1.5
2.311,0.519551963085247,0.009505276618490913,0.5235987755982988,0.004046812513051834,0.2924007248286567,1.4921413280657019,1.4921413280657019,1.5
2.312,0.5195614185293744,0.009455444127452108,0.5235987755982988,0.004037357068924385,0.2924216445783328,1.4997637723087032,1.4997637723087032,1.5
2.313,0.5195701407591126,0.008722229738141928,0.5235987755982988,0.004028634839186251,0.29243493207132576,1.4860921477439926,1.4860921477439926,1.5
2.314,0.5195790230807067,0.008882321594178089,0.5235987755982988,0.004019752517592123,0.29245804838996464,1.5038996154997746,1.5038996154997746,1.5
2.315,0.5195877724291774,0.008749348470774531,0.5235987755982988,0.0040110031691213965,0.29247786051257385,1.498051123259463,1.498051123259463,1.5
2.316,0.5195964817478289,0.008709318651447792,0.5235987755982988,0.004002293850469907,0.29249864170311585,1.4998993514911272,1.4998993514911272,1.5
2.317,0.5196055661680318,0.00908442020288419,0.5235987755982988,0.003993209430267042,0.2925239633474401,1.5081987765208438,1.5081987765208438,1.5
2.318,0.519614553304953,0.008987136921195626,0.5235987755982988,0.003984222293345829,0.2925439972927283,1.4987810879824595,1.4987810879824595,1.5
2.319,0.5196222982060154,0.007744901062406119,0.5235987755982988,0.003976477392283462,0.29255128497545085,1.4758742537779055,1.4758742537779055,1.5
2.32,0.5196304923554148,0.008194149399429886,0.5235987755982988,0.003968283242884008,0.2925772396202975,1.5096045588254678,1.5096045588254678,1.5
2.321,0.5196386593269703,0.008166971555455094,0.5235987755982988,0.003960116271328529,0.2925978633194504,1.5001119750724585,1.5001119750724585,1.5
2.322,0.5196462727501736,0.007613423203339393,0.5235987755982988,0.003952502848125206,0.2926125963244836,1.4895823906821224,1.4895823906821224,1.5
2.323,0.519653457031994,0.0071842818203583046,0.5235987755982988,0.003945318566304867,0.29262864245444165,1.4920262461966454,1.4920262461966454,1.5
2.324,0.5196609624937798,0.007505461785900564,0.5235987755982988,0.003937813104519017,0.29265293892512545,1.5069983418564739,1.5069983418564739,1.5
2.325,0.5196702685886712,0.009306094891322175,0.5235987755982988,0.0039285070096276575,0.29269357516026434,1.5366130990513043,1.5366130990513043,1.5
2.326,0.5196793818041976,0.009113215526453942,0.5235987755982988,0.0039193937941012225,0.2927120898552741,1.4968869002939411,1.4968869002939411,1.5
2.327,0.5196900423344624,0.010660530264738944,0.5235987755982988,0.00390873326383645,0.292749826643491,1.5316753520078163,1.5316753520078163,1.5
2.328,0.5196997815175014,0.00973918303900655,0.5235987755982988,0.0038989940807974133,0.29276017388154585,1.4824258979065312,1.4824258979065312,1.5
2.329,0.5197095011203743,0.00971960287285153,0.5235987755982988,0.0038892744779245314,0.29278044350033383,1.5003875313200201,1.5003875313200201,1.5
2.33,0.5197186779592529,0.009176838878555249,0.5235987755982988,0.003880097639045954,0.292794859052047,1.4899222883439025,1.4899222883439025,1.5
2.331,0.5197285584139514,0.00988045469849662,0.5235987755982988,0.0038702171843474353,0.29282302091811285,1.5148064635091119,1.5148064635091119,1.5
2.332,0.5197394858666824,0.010927452731048025,0.5235987755982988,0.003859289731616422,0.29285494074771745,1.5217303970269078,1.5217303970269078,1.5
2.333,0.5197502192574529,0.010733390770530208,0.5235987755982988,0.00384855634084591,0.29287306720382245,1.4969929570081275,1.4969929570081275,1.5
2.334,0.5197609591229354,0.010739865482542785,0.5235987755982988,0.003837816475363409,0.2928933568600456,1.500988165501894,1.500988165501894,1.5
2.335,0.5197719907009167,0.011031577981302106,0.5235987755982988,0.003826784897382085,0.29291675112869575,1.5066934392137898,1.5066934392137898,1.5
2.336,0.519782921337138,0.010930636221317687,0.5235987755982988,0.0038158542611608226,0.2929357427826544,1.4988636910388158,1.4988636910388158,1.5
2.337,0.5197920670820273,0.009145744889331916,0.5235987755982988,0.0038067085162715175,0.29293601863326085,1.46517662425799,1.46517662425799,1.5
2.338,0.5198008074842803,0.008740402252959157,0.5235987755982988,0.0037979681140185573,0.2929515004691043,1.4926248068636914,1.4926248068636914,1.5
2.339,0.5198090428605738,0.008235376293571843,0.5235987755982988,0.0037897327377249823,0.2929658169292965,1.4905987129924905,1.4905987129924905,1.5
2.34,0.5198169479597853,0.007905099211400817,0.5235987755982988,0.003781827638513535,0.29298200762393006,1.4940532884600652,1.4940532884600652,1.5
2.341,0.5198241518292279,0.007203869442676427,0.5235987755982988,0.003774623769070895,0.2929940285515992,1.4866078125624242,1.4866078125624242,1.5
2.342,0.5198317702767667,0.007618447538775254,0.5235987755982988,0.0037670053215320687,0.2930183486229119,1.5088678714773907,1.5088678714773907,1.5
2.343,0.5198409396814637,0.009169404696945988,0.5235987755982988,0.003757835916835095,0.2930552111580099,1.5316286189665167,1.5316286189665167,1.5
2.344,0.5198503406513963,0.009400969932612285,0.5235987755982988,0.003748434946902468,0.29307742102022544,1.5053648570890816,1.5053648570890816,1.5
2.345,0.5198593198598648,0.008979208468466324,0.5235987755982988,0.0037394557384340388,0.29309234054554983,1.4923168483116898,1.4923168483116898,1.5
2.346,0.5198690367862949,0.009716926430200138,0.5235987755982988,0.003729738812003891,0.2931200474669816,1.5154726959121536,1.5154726959121536,1.5
2.347,0.5198789218975096,0.009885111214703307,0.5235987755982988,0.0037198537007891996,0.2931413997176573,1.5041410498044794,1.5041410498044794,1.5
2.348,0.5198892822804082,0.01036038289858915,0.5235987755982988,0.003709493317890611,0.29316610289992134,1.5102962425748931,1.5102962425748931,1.5
2.349,0.5198986896027709,0.009407322362690452,0.5235987755982988,0.0037000859955279575,0.2931749323212035,1.4817676199139131,1.4817676199139131,1.5
2.35,0.51990770327439,0.009013671619073689,0.5235987755982988,0.0036910723239088616,0.2931898934897967,1.49287957091668,1.49287957091668,1.5
2.351,0.5199164193228508,0.008716048460915211,0.5235987755982988,0.0036823562754479955,0.29320585978515257,1.4947686305663563,1.4947686305663563,1.5
2.352,0.5199248823613988,0.008463038547932544,0.5235987755982988,0.0036738932369000388,0.2932222629910758,1.4956370856172199,1.4956370856172199,1.5
2.353,0.5199335293446362,0.008646983237442526,0.5235987755982988,0.003665246253662602,0.2932434511472634,1.5043559368740342,1.5043559368740342,1.5
2.354,0.5199421940472115,0.008664702575343738,0.5235987755982988,0.003656581551087279,0.29326274693102006,1.5010461454170196,1.5010461454170196,1.5
2.355,0.5199517445821534,0.009550534941846557,0.5235987755982988,0.0036470310161453856,0.2932916090301231,1.518409823536084,1.518409823536084,1.5
2.356,0.5199627286359009,0.010984053747492973,0.5235987755982988,0.003636046962397943,0.29332649898788354,1.529434418908276,1.529434418908276,1.5
2.357,0.5199735397325402,0.010811096639324667,0.5235987755982988,0.0036252358657585804,0.2933435555458874,1.4974195821364333,1.4974195821364333,1.5
2.358,0.5199840810579514,0.010541325411154984,0.5235987755982988,0.003614694540347463,0.2933594844574876,1.4954694631677523,1.4954694631677523,1.5
2.359,0.5199938166301133,0.009735572161952788,0.5235987755982988,0.0036049589681854677,0.2933694184291006,1.4847282410488485,1.4847282410488485,1.5
2.36,0.5200025897176718,0.008773087558400052,0.5235987755982988,0.0035961858806270453,0.293377552535226,1.4815291537019015,1.4815291537019015,1.5
2.361,0.5200104875767618,0.007897859090032613,0.5235987755982988,0.0035882880215369894,0.2933865882775868,1.4831972776373232,1.4831972776373232,1.5
2.362,0.5200192072722511,0.008719695489273167,0.5235987755982988,0.0035795683260476663,0.29341436424175527,1.5170685567120137,1.5170685567120137,1.5
2.363,0.5200282651253001,0.009057853048902782,0.5235987755982988,0.0035705104729987225,0.29343674036675416,1.5074607268317342,1.5074607268317342,1.5
2.364,0.5200371037280718,0.008838602771694652,0.5235987755982988,0.0035616718702270456,0.29345289323149987,1.4963396226997496,1.4963396226997496,1.5
2.365,0.5200444487812961,0.007345053224308706,0.5235987755982988,0.0035543268170027398,0.2934548719745007,1.4708360972740167,1.4708360972740167,1.5
2.366,0.520051098948192,0.006650166895988606,0.5235987755982988,0.0035476766501068013,0.29346562849406804,1.4866898776915427,1.4866898776915427,1.5
2.367,0.5200573448748262,0.006245926634212238,0.5235987755982988,0.0035414307234725717,0.29347954487392724,1.4924472081161517,1.4924472081161517,1.5
2.368,0.5200641732532522,0.006828378425888405,0.5235987755982988,0.0035346023450466557,0.29350433766373035,1.5121487099642603,1.5121487099642603,1.5
2.369,0.5200718425964892,0.007669343237031801,0.5235987755982988,0.003526933001809618,0.2935319520006712,1.517365566496939,1.517365566496939,1.5
2.37,0.5200792214754074,0.0073788789182502,0.5235987755982988,0.0035195541228913996,0.29354699050542465,1.4948042610833305,1.4948042610833305,1.5
2.371,0.5200875262475754,0.008304772167954663,0.5235987755982988,0.0035112493507234444,0.2935754521246936,1.5191081753075493,1.5191081753075493,1.5
2.372,0.5200961275101565,0.008601262581176449,0.5235987755982988,0.0035026480881422684,0.2935969019470839,1.506594190037872,1.506594190037872,1.5
2.373,0.5201049185585834,0.008791048426897883,0.5235987755982988,0.0034938570397153867,0.29361712317045535,1.5044838179209228,1.5044838179209228,1.5
2.374,0.5201128042599319,0.007885701348487083,0.5235987755982988,0.003485971338366922,0.2936251623540862,1.4825963423059358,1.4825963423059358,1.5
2.375,0.5201210933777749,0.008289117843040403,0.5235987755982988,0.0034776822205239144,0.2936476406777585,1.5086991859989454,1.5086991859989454,1.5
2.376,0.5201310609260366,0.009967548261704096,0.5235987755982988,0.0034677146722622565,0.29368420219266816,1.534231737800717,1.534231737800717,1.5
2.3770000000000002,0.5201406959410743,0.009635015037735643,0.5235987755982988,0.0034580796572245553,0.2936984546737863,1.4941467393815673,1.4941467393815673,1.5
2.378,0.5201507846315326,0.010088690458364878,0.5235987755982988,0.003447990966766179,0.2937213643891584,1.5098443096156036,1.5098443096156036,1.5
2.379,0.5201608153932228,0.01003076169014605,0.5235987755982988,0.0034379602050760294,0.29373856200573817,1.4996485198722926,1.4996485198722926,1.5
2.38,0.5201708722328916,0.010056839668839005,0.5235987755982988,0.0034279033654072144,0.2937566402386913,1.5013240205090708,1.5013240205090708,1.5
2.3810000000000002,0.5201810677727072,0.01019553981564409,0.5235987755982988,0.003417707825591587,0.2937759174403069,1.5035785501096088,1.5035785501096088,1.5
2.382,0.5201907159822677,0.009648209560524852,0.5235987755982988,0.0034080596160310783,0.2937875459449503,1.4898690380828667,1.4898690380828667,1.5
2.383,0.5202013281563682,0.010612174100526093,0.5235987755982988,0.003397447441930601,0.29381586362796425,1.5200511475648668,1.5200511475648668,1.5
2.384,0.520212172807998,0.010844651629854986,0.5235987755982988,0.0033866027903007856,0.29383604047360123,1.50549852451462,1.50549852451462,1.5
2.3850000000000002,0.5202224685009769,0.010295692978837633,0.5235987755982988,0.003376307097321951,0.2938475131587769,1.4898883991100413,1.4898883991100413,1.5
2.386,0.5202330803095303,0.01061180855344541,0.5235987755982988,0.003365695288768511,0.2938685150430631,1.5071459669304625,1.5071459669304625,1.5
2.387,0.520244602766852,0.011522457321728517,0.5235987755982988,0.003354172831446789,0.29389606038646177,1.5190619200499378,1.5190619200499378,1.5
2.388,0.5202555137278919,0.010910961039900352,0.5235987755982988,0.0033432618704068995,0.29390670391500295,1.488691870949175,1.488691870949175,1.5
2.3890000000000002,0.520265579220565,0.010065492673107697,0.5235987755982988,0.0033331963777337714,0.29391469836928125,1.483963509547339,1.483963509547339,1.5
2.39,0.520275609632785,0.010030412219917217,0.5235987755982988,0.0033231659655138523,0.29393161257343836,1.500103630350039,1.500103630350039,1.5
2.391,0.5202868123655702,0.011202732785227295,0.5235987755982988,0.003311963232728643,0.29396185677366915,1.524248844283795,1.524248844283795,1.5
2.392,0.5202973961364142,0.01058377084404152,0.5235987755982988,0.0033013794618845793,0.29397222114814603,1.4885169797991027,1.4885169797991027,1.5
2.3930000000000002,0.5203089048734805,0.011508737066190457,0.5235987755982988,0.0032898707248183445,0.2939996366164949,1.519346026110502,1.519346026110502,1.5
2.394,0.5203200095446313,0.011104671150813707,0.5235987755982988,0.0032787660536675034,0.2940122910195837,1.4928393806577602,1.4928393806577602,1.5
2.395,0.5203314971012548,0.011487556623491657,0.5235987755982988,0.0032672784970440016,0.2940336121431558,1.508546083145624,1.508546083145624,1.5
2.396,0.5203435001065946,0.012003005339716485,0.5235987755982988,0.003255275491704235,0.29405636002024094,1.5112279788543759,1.5112279788543759,1.5
2.3970000000000002,0.5203555146591222,0.012014552527635012,0.5235987755982988,0.0032432609391765954,0.29407348433275304,1.5011911841855479,1.5011911841855479,1.5
2.398,0.5203673723347213,0.011857675599104415,0.5235987755982988,0.0032314032635775147,0.294088695526087,1.4978236256315989,1.4978236256315989,1.5
2.399,0.5203793735637698,0.012001229048578697,0.5235987755982988,0.003219402034528973,0.2941071864986117,1.503819683037414,1.503819683037414,1.5
2.4,0.5203907239612143,0.011350397444487098,0.5235987755982988,0.003208051637084486,0.2941168305616305,1.4879434662420543,1.4879434662420543,1.5
2.4010000000000002,0.5204021310568164,0.011407095602132995,0.5235987755982988,0.003196644541482385,0.29413425872902127,1.502041994948477,1.502041994948477,1.5
2.402,0.5204126869928551,0.01055593603872762,0.5235987755982988,0.003186088605443671,0.2941415817665476,1.4838893763800631,1.4838893763800631,1.5
2.403,0.5204229066262869,0.010219633431780707,0.5235987755982988,0.0031758689720119415,0.2941545515803489,1.49411842274416,1.49411842274416,1.5
2.404,0.5204334341801468,0.01052755385985775,0.5235987755982988,0.0031653414181520567,0.2941746087666837,1.5069759792360833,1.5069759792360833,1.5
2.4050000000000002,0.5204443441381766,0.010909958029849714,0.5235987755982988,0.0031544314601221757,0.2941954493450079,1.508490287708628,1.508490287708628,1.5
2.406,0.5204560902223901,0.011746084213457806,0.5235987755982988,0.0031426853759086715,0.2942212765325921,1.5175953203145498,1.5175953203145498,1.5
2.407,0.5204673703956728,0.011280173282621203,0.5235987755982988,0.003131405202626003,0.29423264223090645,1.4916214681203446,1.4916214681203446,1.5
2.408,0.5204786298605363,0.011259464863470943,0.5235987755982988,0.0031201457377625363,0.29424888878731925,1.5004882454796045,1.5004882454796045,1.5
2.4090000000000003,0.5204911377229269,0.0125078623905987,0.5235987755982988,0.003107637875371938,0.2942791515373442,1.5258687077316329,1.5258687077316329,1.5
2.41,0.520503617756298,0.012480033371219777,0.5235987755982988,0.003095157842000762,0.29429524477330926,1.5004440486036694,1.5004440486036694,1.5
2.411,0.5205162977706578,0.012680014359674786,0.5235987755982988,0.003082477827641039,0.29431381640686727,1.5049980224387978,1.5049980224387978,1.5
2.412,0.5205275939192515,0.011296148593753545,0.5235987755982988,0.0030711816790472968,0.29431479591035536,1.4733370858303492,1.4733370858303492,1.5
2.4130000000000003,0.5205396943572551,0.012100438003538043,0.5235987755982988,0.003059081241043704,0.29433995685247805,1.5169894800831902,1.5169894800831902,1.5
2.414,0.5205523561178944,0.012661760639303889,0.5235987755982988,0.0030464194804044054,0.29436239159125543,1.5121944877556,1.5121944877556,1.5
2.415,0.5205639152685984,0.011559150703931178,0.5235987755982988,0.0030348603297004617,0.29436635213651163,1.47896074214369,1.47896074214369,1.5
2.416,0.5205743128791086,0.010397610510199459,0.5235987755982988,0.003024462719190213,0.2943695998747383,1.47769392818168,1.47769392818168,1.5
2.4170000000000003,0.5205849759637061,0.01066308459753384,0.5235987755982988,0.0030137996345926954,0.29438859892804237,1.5061412905875036,1.5061412905875036,1.5
2.418,0.5205958054200819,0.010829456375755582,0.5235987755982988,0.003002970178216935,0.2944064590320269,1.5041804823322376,1.5041804823322376,1.5
2.419,0.5206059956917684,0.010190271686417,0.5235987755982988,0.0029927799065304628,0.294415351202422,1.4880826627232888,1.4880826627232888,1.5
2.42,0.5206174563767221,0.011460684953686342,0.5235987755982988,0.0029813192215767392,0.29444534939137945,1.5262234870803002,1.5262234870803002,1.5
2.4210000000000003,0.5206297734128217,0.01231703609963258,0.5235987755982988,0.002969002185477132,0.29447073284332315,1.5180438777152196,1.5180438777152196,1.5
2.422,0.5206418677510278,0.012094338206152262,0.5235987755982988,0.002956907847270984,0.2944841277135734,1.4965314050183642,1.4965314050183642,1.5
2.423,0.5206526015872196,0.010733836191719448,0.5235987755982988,0.0029461740110792167,0.2944848683607756,1.473757506767836,1.473757506767836,1.5
2.424,0.5206633466518577,0.010745064638094062,0.5235987755982988,0.0029354289464411654,0.29450074588654784,1.5010832758228299,1.5010832758228299,1.5
2.4250000000000003,0.5206737599636999,0.010413311842311366,0.5235987755982988,0.0029250156345989042,0.29451277958174044,1.4942245492553936,1.4942245492553936,1.5
2.426,0.5206832175174393,0.009457553739329392,0.5235987755982988,0.002915558080859526,0.29451785105264294,1.4817179028877454,1.4817179028877454,1.5
2.427,0.5206911907205086,0.007973203069373507,0.5235987755982988,0.0029075848777901925,0.2945170091333282,1.4710695909000286,1.4710695909000286,1.5
2.428,0.5206995044291294,0.00831370862079479,0.5235987755982988,0.0028992711691694373,0.29453632377133776,1.5074479672739756,1.5074479672739756,1.5
2.4290000000000003,0.5207077725336507,0.008268104521407967,0.5235987755982988,0.0028910030646480678,0.2945513217745761,1.4997530147019271,1.4997530147019271,1.5
2.43,0.5207148384928315,0.007065959180750967,0.5235987755982988,0.0028839371054673046,0.2945534613494657,1.4766185415485726,1.4766185415485726,1.5
2.431,0.520722918136038,0.008079643206448486,0.5235987755982988,0.0028758574622608224,0.2945800938428181,1.5208389572484105,1.5208389572484105,1.5
2.432,0.520730310223725,0.0073920876869493155,0.5235987755982988,0.0028684653745738586,0.2945878471901048,1.4868952610665325,1.4868952610665325,1.5
2.433,0.5207383652047604,0.008054981035408422,0.5235987755982988,0.0028604103935384595,0.29461051200896,1.513849233984138,1.513849233984138,1.5
2.434,0.5207463142840044,0.00794907924403955,0.5235987755982988,0.0028524613142943966,0.2946246249189936,1.4985263626554552,1.4985263626554552,1.5
2.435,0.5207543826613219,0.008068377317462924,0.5235987755982988,0.002844392936976914,0.29464118933074596,1.5030218878079906,1.5030218878079906,1.5
2.436,0.5207630081515974,0.008625490275507873,0.5235987755982988,0.0028357674467014427,0.2946625642796061,1.511787729346296,1.511787729346296,1.5
2.437,0.5207721531715761,0.0091450199787488,0.5235987755982988,0.0028266224267227136,0.29468348827511237,1.5110806332868592,1.5110806332868592,1.5
2.438,0.5207809738081814,0.008820636605332517,0.5235987755982988,0.002817801790117369,0.294695026498245,1.4942439341299742,1.4942439341299742,1.5
2.439,0.5207890440559519,0.0080702477704508,0.5235987755982988,0.0028097315423468716,0.2947017981003168,1.4856978742307922,1.4856978742307922,1.5
2.44,0.5207971395006616,0.008095444709694009,0.5235987755982988,0.0028016360976371724,0.29471711143444695,1.5011495586065002,1.5011495586065002,1.5
2.441,0.5208051298330612,0.007990332399484476,0.5235987755982988,0.0027936457652376623,0.2947309395963308,1.4985453893725849,1.4985453893725849,1.5
2.442,0.5208127069476366,0.0075771145754929825,0.5235987755982988,0.002786068650662221,0.2947413108828297,1.4923748701121289,1.4923748701121289,1.5
2.443,0.5208208789703244,0.008172022687786787,0.5235987755982988,0.002777896627974452,0.2947628054961248,1.5125043314119155,1.5125043314119155,1.5
2.444,0.5208285110690962,0.007632098771851735,0.5235987755982988,0.002770264529202593,0.29477169261857117,1.489855283496322,1.489855283496322,1.5
2.445,0.5208356006582292,0.007089589132957903,0.5235987755982988,0.0027631749400696126,0.29478050254213406,1.4897603751238715,1.4897603751238715,1.5
2.446,0.5208410717406929,0.00547108246372839,0.5235987755982988,0.0027577038576058754,0.29477734161195973,1.4681970337460464,1.4681970337460464,1.5
2.447,0.5208469495408807,0.005877800187757396,0.5235987755982988,0.002751826057418083,0.2947965578629392,1.5085720410776784,1.5085720410776784,1.5
2.448,0.5208532479370681,0.006298396187389804,0.5235987755982988,0.0027455276612307067,0.29481589268548375,1.5088821440076687,1.5088821440076687,1.5
2.449,0.5208591544559524,0.005906518884280105,0.5235987755982988,0.0027396211423463823,0.2948261901160684,1.4926663256327972,1.4926663256327972,1.5
2.45,0.5208646727514913,0.005518295538841683,0.5235987755982988,0.002734102846807529,0.29483648214045716,1.492708054601974,1.492708054601974,1.5
2.451,0.5208706912295433,0.006018478052091011,0.5235987755982988,0.00272808436875549,0.29485657228073736,1.5104451139080939,1.5104451139080939,1.5
2.452,0.5208770803042558,0.006389074712534293,0.5235987755982988,0.0027216952940429806,0.2948751930840888,1.507893411453033,1.507893411453033,1.5
2.453,0.5208832101239653,0.006129819709524998,0.5235987755982988,0.0027155654743334923,0.2948867997658043,1.4953260259168168,1.4953260259168168,1.5
2.454,0.5208899659773023,0.00675585333699301,0.5235987755982988,0.0027088096209965107,0.29490817209782483,1.5130110581261222,1.5130110581261222,1.5
2.455,0.5208970265576622,0.007060580359935694,0.5235987755982988,0.0027017490406365807,0.2949259527893687,1.5066350087258131,1.5066350087258131,1.5
2.456,0.520904047380163,0.007020822500860476,0.5235987755982988,0.002694728218135767,0.2949398807258232,1.4997696892472905,1.4997696892472905,1.5
2.457,0.5209104595491261,0.006412168963055907,0.5235987755982988,0.0026883160491727454,0.29494746476538825,1.4883885950439775,1.4883885950439775,1.5
2.458,0.520917326137281,0.006866588154983349,0.5235987755982988,0.002681449461017782,0.2949667800194207,1.5096013573555933,1.5096013573555933,1.5
2.459,0.5209253840708838,0.008057933602783732,0.5235987755982988,0.00267339152741497,0.2949942272969339,1.5243762360084063,1.5243762360084063,1.5
2.46,0.5209345688685499,0.00918479766613906,0.5235987755982988,0.0026642067297488747,0.2950209368700479,1.5231819159553293,1.5231819159553293,1.5
2.461,0.5209443603011705,0.009791432620605486,0.5235987755982988,0.0026544152971282875,0.2950418580880824,1.5128674829026196,1.5128674829026196,1.5
2.462,0.5209547332231546,0.010372921983979268,0.5235987755982988,0.002644042375144262,0.29506246961796423,1.512413101877124,1.512413101877124,1.5
2.463,0.5209649005278922,0.010167304737699242,0.5235987755982988,0.002633875070406577,0.2950743284217001,1.4967174888331178,1.4967174888331178,1.5
2.464,0.5209755288744833,0.010628346591048339,0.5235987755982988,0.002623246723815531,0.2950935320667624,1.5100342214459979,1.5100342214459979,1.5
2.465,0.520986265647062,0.010736772578725637,0.5235987755982988,0.002612509951236852,0.2951087958491153,1.5030187874808298,1.5030187874808298,1.5
2.466,0.5209971416335129,0.01087598645089689,0.5235987755982988,0.0026016339647859654,0.295124363295101,1.503643219249723,1.503643219249723,1.5
2.467,0.5210079295768703,0.010787943357404465,0.5235987755982988,0.002590846021428561,0.2951373757053895,1.4991092170462232,1.4991092170462232,1.5
2.468,0.5210175224291361,0.009592852265841492,0.5235987755982988,0.0025812531691626894,0.29513808170822076,1.476961213637333,1.476961213637333,1.5
2.469,0.5210264422710378,0.00891984190167946,0.5235987755982988,0.002572333327261034,0.2951445176153437,1.4873072208980267,1.4873072208980267,1.5
2.47,0.5210351546093447,0.008712338306918838,0.5235987755982988,0.0025636209889541295,0.29515606383549897,1.496563515456922,1.496563515456922,1.5
2.471,0.521043976236077,0.008821626732282997,0.5235987755982988,0.0025547993622218046,0.29517107903571743,1.5028827555718367,1.5028827555718367,1.5
2.472,0.5210528767236281,0.008900487551111962,0.5235987755982988,0.0025458988746707156,0.29518572033839696,1.502282946515162,1.502282946515162,1.5
2.473,0.5210613664080936,0.008489684465583815,0.5235987755982988,0.0025374091902051754,0.29519489893983825,1.492495977293526,1.492495977293526,1.5
2.474,0.5210693186101474,0.007952202053762797,0.5235987755982988,0.002529456988151435,0.295202630259407,1.4899295265208263,1.4899295265208263,1.5
2.475,0.5210777200996571,0.008401489509764852,0.5235987755982988,0.0025210554986416778,0.2952212500787906,1.5096219252843421,1.5096219252843421,1.5
2.476,0.5210859322781646,0.008212178507490182,0.5235987755982988,0.0025128433201342393,0.2952327623495503,1.4968858991152878,1.4968858991152878,1.5
2.477,0.5210952729723797,0.009340694215110735,0.5235987755982988,0.0025035026259191406,0.2952588362978524,1.5232272884330103,1.5232272884330103,1.5
2.478,0.5211042221509313,0.008949178551650956,0.5235987755982988,0.002494553447367487,0.29526804558360237,1.4929169422680133,1.4929169422680133,1.5
2.479,0.5211124657456961,0.008243594764795832,0.5235987755982988,0.002486309852602675,0.29527373202716417,1.4866042585470296,1.4866042585470296,1.5
2.48,0.5211207223914949,0.008256645798691647,0.5235987755982988,0.002478053206803943,0.2952873341590884,1.5009205082591,1.5009205082591,1.5
2.481,0.5211276673083712,0.006944916876318186,0.5235987755982988,0.0024711082899275816,0.2952862201881305,1.474425953216426,1.474425953216426,1.5
2.482,0.5211351185985621,0.007451290190827138,0.5235987755982988,0.0024636569997367186,0.2953051963425347,1.5106830596402845,1.5106830596402845,1.5
2.483,0.5211423356627445,0.007217064182402627,0.5235987755982988,0.002456439935554333,0.29531593628787217,1.495911583046776,1.495911583046776,1.5
2.484,0.5211494976242113,0.007161961466817805,0.5235987755982988,0.0024492779740875603,0.29532862084708744,1.4994753108228958,1.4994753108228958,1.5
2.485,0.5211566482986544,0.007150674443132755,0.5235987755982988,0.0024421272996444365,0.29534175331922496,1.5003472164436444,1.5003472164436444,1.5
2.486,0.5211637957065378,0.007147407883471034,0.5235987755982988,0.002434979891761002,0.2953549377824749,1.5005067227622162,1.5005067227622162,1.5
2.487,0.5211707987781471,0.00700307160929737,0.5235987755982988,0.0024279768201517227,0.2953665224795579,1.4976850671472044,1.4976850671472044,1.5
2.488,0.5211772021719823,0.0064033938351596795,0.5235987755982988,0.002421573426316548,0.295373023353712,1.48856669024599,1.48856669024599,1.5
2.489,0.5211827256159897,0.0055234440073753084,0.5235987755982988,0.002416049982309154,0.2953763741338686,1.4829132749511253,1.4829132749511253,1.5
2.49,0.5211883183748178,0.005592758828111015,0.5235987755982988,0.0024104572234809885,0.2953901947993899,1.5018281719353042,1.5018281719353042,1.5
2.491,0.5211934582137501,0.005139838932229336,0.5235987755982988,0.002405317384548744,0.29539819371838805,1.4913890227886153,1.4913890227886153,1.5
2.492,0.5211991419684352,0.0056837546850707805,0.5235987755982988,0.002399633629863618,0.2954171956760498,1.5112895021714072,1.5112895021714072,1.5
2.493,0.5212043942627919,0.00525229435666213,0.5235987755982988,0.0023943813355069565,0.2954253616125741,1.4918254938066327,1.4918254938066327,1.5
2.494,0.5212102167154535,0.005822452661693125,0.5235987755982988,0.002388558882845282,0.2954445840732867,1.5118233496491529,1.5118233496491529,1.5
2.495,0.5212153889020743,0.005172186620819903,0.5235987755982988,0.00238338669622451,0.2954502558489261,1.487460475395471,1.487460475395471,1.5
2.496,0.5212192641343388,0.0038752322644998215,0.5235987755982988,0.0023795114639599824,0.29544871757111923,1.474474687803264,1.474474687803264,1.5
2.497,0.5212234312332779,0.004167098939022521,0.5235987755982988,0.0023753443650209594,0.2954647307368899,1.506147352071614,1.506147352071614,1.5
2.498,0.5212291682068726,0.005736973594757295,0.5235987755982988,0.0023696073914262206,0.2954948732340341,1.5317308610298173,1.5317308610298173,1.5
2.499,0.5212352943664991,0.00612615962643661,0.5235987755982988,0.0023634812317997467,0.2955119193904613,1.508242678521167,1.508242678521167,1.5
2.5,0.5212406513888755,0.005357022376505031,0.5235987755982988,0.0023581242094232735,0.29551610096986247,1.4851073477714833,1.4851073477714833,1.5
2.501,0.5212457366291194,0.005085240243898646,0.5235987755982988,0.0023530389691793774,0.2955257477367814,1.4949929191379927,1.4949929191379927,1.5
2.5020000000000002,0.5212507660850775,0.005029455958074124,0.5235987755982988,0.0023480095132213386,0.295537749063551,1.4992911335030215,1.4992911335030215,1.5
2.503,0.5212552656894681,0.0044996043906799146,0.5235987755982988,0.0023435099088306988,0.29554446185014993,1.4898053251287617,1.4898053251287617,1.5
2.504,0.5212596140991578,0.0043484096896665965,0.5235987755982988,0.0023391614991410403,0.2955553282019949,1.497336074330988,1.497336074330988,1.5
2.505,0.521263363133255,0.003749034097306734,0.5235987755982988,0.0023354124650437624,0.2955611917587362,1.488360360927976,1.488360360927976,1.5
2.5060000000000002,0.5212667559909975,0.003392857742427895,0.5235987755982988,0.002332019607301339,0.29556970723620796,1.4931763956302078,1.4931763956302078,1.5
2.507,0.5212694464484022,0.0026904574047585715,0.5235987755982988,0.0023293291498965862,0.2955743470620722,1.4862234218660078,1.4862234218660078,1.5
2.508,0.5212722326281628,0.002786179760535942,0.5235987755982988,0.002326542970136014,0.2955877863686636,1.502129683707928,1.502129683707928,1.5
2.509,0.5212747625498647,0.002529921701926916,0.5235987755982988,0.0023240130484341037,0.29559729262980783,1.4950977332086623,1.4950977332086623,1.5
2.5100000000000002,0.5212778247966938,0.0030622468291129114,0.5235987755982988,0.002320950801604993,0.29561549896395234,1.510848896279874,1.510848896279874,1.5
2.511,0.5212815569866996,0.0037321900057676223,0.5235987755982988,0.00231721861159917,0.29563520331212945,1.5136438432794233,1.5136438432794233,1.5
2.512,0.5212844438778553,0.0028868911557318297,0.5235987755982988,0.0023143317204434855,0.2956380933850597,1.4833925981997456,1.4833925981997456,1.5
2.513,0.5212875029276152,0.0030590497598260817,0.5235987755982988,0.0023112726706836506,0.2956522117542835,1.5036741233743436,1.5036741233743436,1.5
2.5140000000000002,0.5212903483275858,0.002845399970624064,0.5235987755982988,0.0023084272707130093,0.2956620237595053,1.4959717281967457,1.4959717281967457,1.5
2.515,0.5212934297749274,0.0030814473416095035,0.5235987755982988,0.0023053458233713853,0.2956767819094332,1.5049485794173587,1.5049485794173587,1.5
2.516,0.5212971739933339,0.003744218406445338,0.5235987755982988,0.0023016016049649535,0.29569623788036775,1.5135019370840455,1.5135019370840455,1.5
2.517,0.5213011442150607,0.0039702217268215954,0.5235987755982988,0.00229763138323813,0.2957108297997463,1.5048196038800408,1.5048196038800408,1.5
2.5180000000000002,0.5213044220727646,0.0032778577039744884,0.5235987755982988,0.0022943535255341985,0.29571521549962576,1.4864703372812036,1.4864703372812036,1.5
2.519,0.5213076264827959,0.0032044100313104217,0.5235987755982988,0.0022911491155028774,0.29572641616315204,1.4987932751630366,1.4987932751630366,1.5
2.52,0.5213121930282693,0.004566545473294234,0.5235987755982988,0.0022865825700295606,0.29575348928272344,1.527499061642181,1.527499061642181,1.5
2.521,0.5213170540795211,0.0048610512518238985,0.5235987755982988,0.002281721518777702,0.2957687180875959,1.5062554392084568,1.5062554392084568,1.5
2.5220000000000002,0.5213209236002443,0.0038695207231608285,0.5235987755982988,0.0022778519980545253,0.29576966805052607,1.4805582735268845,1.4805582735268845,1.5
2.523,0.5213251501504705,0.004226550226255055,0.5235987755982988,0.002273625447828276,0.29578551392945523,1.5074501517197374,1.5074501517197374,1.5
2.524,0.521330700700948,0.005550550477434525,0.5235987755982988,0.0022680748973508136,0.29581204609532474,1.5268181290416898,1.5268181290416898,1.5
2.525,0.5213351259319547,0.00442523100679112,0.5235987755982988,0.0022636496663440697,0.29581142416964534,1.4779376546253267,1.4779376546253267,1.5
2.5260000000000002,0.5213392913451819,0.004165413227169868,0.5235987755982988,0.00225948425311695,0.2958203441375345,1.4951576628881182,1.4951576628881182,1.5
2.527,0.5213436947144496,0.0044033692677188365,0.5235987755982988,0.002255080883849181,0.2958347433802943,1.505092353869153,1.505092353869153,1.5
2.528,0.5213485039372996,0.004809222849901608,0.5235987755982988,0.0022502716609992257,0.2958509736430553,1.508469341185073,1.508469341185073,1.5
2.529,0.5213527653796112,0.004261442311568291,0.5235987755982988,0.002246010218687644,0.29585661035155725,1.4894291270613258,1.4894291270613258,1.5
2.5300000000000002,0.5213575524371038,0.004787057492669746,0.5235987755982988,0.002241223161195016,0.29587410074892523,1.5108532190069546,1.5108532190069546,1.5
2.531,0.5213617515278623,0.0041990907585376614,0.5235987755982988,0.0022370240704364663,0.2958792271346162,1.4886236299167719,1.4886236299167719,1.5
2.532,0.5213657981748249,0.0040466469624726165,0.5235987755982988,0.0022329774234739475,0.29588913899925123,1.4972870513393821,1.4972870513393821,1.5
2.533,0.5213698937545223,0.004095579697378928,0.5235987755982988,0.0022288818437765645,0.29590124796958855,1.501302386455124,1.501302386455124,1.5
2.5340000000000003,0.5213740962068968,0.004202452374571893,0.5235987755982988,0.002224679391402029,0.295913967559656,1.5024650999196496,1.5024650999196496,1.5
2.535,0.5213785975295822,0.004501322685361559,0.5235987755982988,0.0022201780687166606,0.2959287840497432,1.506313602405759,1.506313602405759,1.5
2.536,0.5213826009471322,0.004003417550036315,0.5235987755982988,0.002216174651166636,0.29593474420645216,1.490402003108324,1.490402003108324,1.5
2.537,0.5213873560279729,0.00475508084069318,0.5235987755982988,0.00221141957032589,0.29595451141874296,1.5153535392171402,1.5153535392171402,1.5
2.5380000000000003,0.5213932701316348,0.005914103661906998,0.5235987755982988,0.0022055054666639817,0.29597877086793845,1.5235608628915318,1.5235608628915318,1.5
2.539,0.521398826762175,0.005556630540138111,0.5235987755982988,0.002199948836123844,0.2959862112067295,1.4933236658575748,1.4933236658575748,1.5
2.54,0.5214040468756905,0.005220113515550997,0.5235987755982988,0.0021947287226082857,0.29599384729200257,1.4937141899514688,1.4937141899514688,1.5
2.541,0.5214090554668737,0.005008591183165521,0.5235987755982988,0.0021897201314251546,0.29600283229254193,1.4961871624335346,1.4961871624335346,1.5
2.5420000000000003,0.5214139167894355,0.004861322561798935,0.5235987755982988,0.0021848588088633214,0.29601249498140875,1.4974553148673215,1.4974553148673215,1.5
2.543,0.5214191024850593,0.0051856956237493835,0.5235987755982988,0.002179673113239522,0.29602735032331284,1.506876367043953,1.506876367043953,1.5
2.544,0.5214238838260467,0.00478134098740893,0.5235987755982988,0.0021748917722521632,0.29603410434619737,1.4923277629230909,1.4923277629230909,1.5
2.545,0.5214288220281214,0.004938202074661553,0.5235987755982988,0.002169953570177463,0.2960470401951132,1.5035197290240452,1.5035197290240452,1.5
2.5460000000000003,0.5214341801838273,0.005358155705938567,0.5235987755982988,0.0021645954144715596,0.2960628623157868,1.5087941287915132,1.5087941287915132,1.5
2.547,0.5214398083982702,0.005628214442942957,0.5235987755982988,0.0021589672000286164,0.2960769983355196,1.5058298271965629,1.5058298271965629,1.5
2.548,0.521444211045356,0.004402647085776889,0.5235987755982988,0.002154564552942828,0.2960745351323808,1.475938910012114,1.475938910012114,1.5
2.549,0.5214498661180714,0.005655072715470422,0.5235987755982988,0.00214890948022739,0.29609948141974857,1.5254007243607328,1.5254007243607328,1.5
2.5500000000000003,0.521455249684761,0.00538356668954189,0.5235987755982988,0.002143525913537836,0.29610752844368204,1.495022285298667,1.495022285298667,1.5
2.551,0.5214617583049078,0.0065086201468906625,0.5235987755982988,0.002137017293390997,0.29613101548648746,1.5229317544821388,1.5229317544821388,1.5
2.552,0.5214682973618783,0.006539056970422287,0.5235987755982988,0.002130478236420541,0.2961423586159334,1.5011294260823838,1.5011294260823838,1.5
2.553,0.521475067120677,0.006769758798721274,0.5235987755982988,0.0021237084776217774,0.29615589067579157,1.5051371611236135,1.5051371611236135,1.5
2.5540000000000003,0.5214830848208755,0.008017700198481477,0.5235987755982988,0.0021156907774233513,0.2961806668283235,1.5255004086991018,1.5255004086991018,1.5
2.555,0.5214906744297527,0.0075896088772580104,0.5235987755982988,0.002108101168546095,0.29618685865959765,1.4920795895914092,1.4920795895914092,1.5
2.556,0.5214983569299503,0.007682500197566567,0.5235987755982988,0.002100418668348536,0.296198787026256,1.5024649951163518,1.5024649951163518,1.5
2.557,0.5215072041875904,0.008847257640125832,0.5235987755982988,0.0020915714107083705,0.29622256310034784,1.5239097488669906,1.5239097488669906,1.5
2.5580000000000003,0.5215152543650197,0.00805017742917796,0.5235987755982988,0.002083521233279151,0.29622458712300187,1.4847661763922526,1.4847661763922526,1.5
2.559,0.5215222021168058,0.006947751786067754,0.5235987755982988,0.002076573481493038,0.29622318688240196,1.4785955013321301,1.4785955013321301,1.5
2.56,0.5215281112522653,0.005909135459522706,0.5235987755982988,0.002070664346033535,0.2962224486880529,1.4797834936119845,1.4797834936119845,1.5
2.561,0.521533787918057,0.00567666579175595,0.5235987755982988,0.00206498768024177,0.29623059887865744,1.4958233374814267,1.4958233374814267,1.5
2.562,0.5215394491093541,0.005661191297106117,0.5235987755982988,0.0020593264889446905,0.2962411205678414,1.5001446433703438,1.5001446433703438,1.5
2.563,0.5215442870237512,0.004837914397128423,0.5235987755982988,0.002054488574547597,0.2962426617060492,1.4839873573042146,1.4839873573042146,1.5
2.564,0.521548152961798,0.0038659380468084015,0.5235987755982988,0.0020506226365007985,0.2962425144471102,1.4809475061453699,1.4809475061453699,1.5
2.565,0.5215514814926667,0.0033285308687537466,0.5235987755982988,0.0020472941056320915,0.2962471396876903,1.4895611314826516,1.4895611314826516,1.5
2.566,0.5215556294695832,0.0041479769165346176,0.5235987755982988,0.0020431461287155894,0.29626676268214275,1.5166552034251177,1.5166552034251177,1.5
2.567,0.5215598014817354,0.004172012152220813,0.5235987755982988,0.0020389741165633968,0.29627755422200774,1.5008125428670467,1.5008125428670467,1.5
2.568,0.5215638448863715,0.004043404636145882,0.5235987755982988,0.0020349307119272853,0.2962866256012546,1.497761610650679,1.497761610650679,1.5
2.569,0.5215691882507476,0.005343364376020534,0.5235987755982988,0.0020295873475512094,0.296311495152037,1.5263226671683847,1.5263226671683847,1.5
2.57,0.5215742755116952,0.005087260947598117,0.5235987755982988,0.002024500086603598,0.29631911173088543,1.4953054005816333,1.4953054005816333,1.5
2.571,0.5215779926352901,0.003717123594978211,0.5235987755982988,0.0020207829630086716,0.29631435199413697,1.4730042338234097,1.4730042338234097,1.5
2.572,0.5215814938126334,0.0035011773432239075,0.5235987755982988,0.0020172817856654035,0.29632233353700776,1.4959784448525122,1.4959784448525122,1.5
2.573,0.5215842737205121,0.0027799078787000514,0.5235987755982988,0.002014501877786734,0.2963246842501446,1.4858547048969808,1.4858547048969808,1.5
2.574,0.5215872120155306,0.002938295018523275,0.5235987755982988,0.0020115635827682166,0.29633674337157173,1.5033901354267605,1.5033901354267605,1.5
2.575,0.5215904560432131,0.003244027682509288,0.5235987755982988,0.002008319555085736,0.29635040874554586,1.5063497168812021,1.5063497168812021,1.5
2.576,0.5215936917048679,0.0032356616548631953,0.5235987755982988,0.0020050838934309034,0.2963605694978638,1.500092201661679,1.500092201661679,1.5
2.577,0.5215976742412443,0.003982536376313646,0.5235987755982988,0.0020011013570545577,0.2963790700518096,1.515196347361398,1.515196347361398,1.5
2.578,0.5216024282261744,0.00475398493020114,0.5235987755982988,0.0019963473721243963,0.2963978247463962,1.515747573987855,1.515747573987855,1.5
2.579,0.521606477114277,0.004048888102618463,0.5235987755982988,0.001992298484021826,0.2964002010669008,1.4862783822427625,1.4862783822427625,1.5
2.58,0.5216098182211344,0.0033411068573933,0.5235987755982988,0.0019889573771644242,0.2964025098097314,1.4861682861437062,1.4861682861437062,1.5
2.581,0.52161400554362,0.004187322485668327,0.5235987755982988,0.001984770054678786,0.296421999589269,1.517191601114092,1.517191601114092,1.5
2.582,0.5216177268137749,0.0037212701549485935,0.5235987755982988,0.0019810487845238756,0.29642693252070285,1.4910139391844588,1.4910139391844588,1.5
2.583,0.5216216891949083,0.003962381133343273,0.5235987755982988,0.00197708640339056,0.2964396667359808,1.5051199211802895,1.5051199211802895,1.5
2.584,0.5216256013935849,0.003912198676677037,0.5235987755982988,0.001973174204713879,0.2964491487346941,1.4993133413573427,1.4993133413573427,1.5
2.585,0.5216293918193634,0.003790425778484213,0.5235987755982988,0.0019693837789354074,0.29645780899744023,1.4978775179302777,1.4978775179302777,1.5
2.586,0.521632734840556,0.003343021192505301,0.5235987755982988,0.0019660407577428707,0.29646283176605825,1.4913551423427005,1.4913551423427005,1.5
2.587,0.5216362458536201,0.0035110130641580442,0.5235987755982988,0.0019625297446786982,0.2964746395889381,1.5036272791284553,1.5036272791284553,1.5
2.588,0.521639073067966,0.0028272143458095414,0.5235987755982988,0.001959702530332841,0.29647698402590955,1.4866049066781626,1.4866049066781626,1.5
2.589,0.5216419730187449,0.0028999507789469543,0.5235987755982988,0.0019568025795538846,0.29648767432268563,1.501680905810413,1.501680905810413,1.5
2.59,0.521644741103254,0.0027680845090949924,0.5235987755982988,0.001954034495044832,0.29649607116426563,1.4975946706652765,1.4975946706652765,1.5
2.591,0.5216483081351394,0.0035670318853979065,0.5235987755982988,0.001950467463159411,0.29651475262601934,1.5162003942867859,1.5162003942867859,1.5
2.592,0.5216507158069059,0.0024076717664593744,0.5235987755982988,0.0019480597913928976,0.29651171905097334,1.4770981601720612,1.4770981601720612,1.5
2.593,0.5216531349648359,0.002419157929970089,0.5235987755982988,0.0019456406334629195,0.2965216158608108,1.500422337011531,1.500422337011531,1.5
2.594,0.5216554120397235,0.00227707488767102,0.5235987755982988,0.0019433635585752729,0.29652978416689635,1.4973518717884162,1.4973518717884162,1.5
2.595,0.5216590233145938,0.0036112748702864803,0.5235987755982988,0.0019397522837050207,0.2965542812554331,1.526866165643323,1.526866165643323,1.5
2.596,0.5216633516530825,0.004328338488724673,0.5235987755982988,0.0019354239452162858,0.2965719315424587,1.5146301743583868,1.5146301743583868,1.5
2.597,0.5216670324588681,0.0036808057856183344,0.5235987755982988,0.001931743139430675,0.2965744445370873,1.4873956130169712,1.4873956130169712,1.5
2.598,0.521670723918664,0.0036914597958827146,0.5235987755982988,0.0019280516796348346,0.29658421479857355,1.500507544668137,1.500507544668137,1.5
2.599,0.5216758113688333,0.005087450169322915,0.5235987755982988,0.0019229642294654736,0.2966093084552271,1.5282151242524746,1.5282151242524746,1.5
2.6,0.5216803058451512,0.004494476317918135,0.5235987755982988,0.001918469753147578,0.29661235608775305,1.4885475189854502,1.4885475189854502,1.5
2.601,0.5216852575591526,0.004951714001362979,0.5235987755982988,0.0019135180391461892,0.296627005689601,1.5095043117743303,1.5095043117743303,1.5
2.602,0.5216893916657283,0.00413410657563331,0.5235987755982988,0.001909383932570563,0.2966275092686356,1.4840439886055157,1.4840439886055157,1.5
2.603,0.5216937269273623,0.004335261634059454,0.5235987755982988,0.0019050486709365488,0.2966392634422375,1.5043538296945735,1.5043538296945735,1.5
2.604,0.5216980598733035,0.004332945941273214,0.5235987755982988,0.0019007157249952833,0.2966487394477022,1.500300507075,1.500300507075,1.5
2.605,0.5217017761240327,0.0037162507291643304,0.5235987755982988,0.0018969994742661367,0.29665138157190973,1.4880127314331242,1.4880127314331242,1.5
2.606,0.5217062400750295,0.004463950996852361,0.5235987755982988,0.0018925355232692898,0.29666910699991667,1.5152513054120937,1.5152513054120937,1.5
2.607,0.5217114425429348,0.005202467905281793,0.5235987755982988,0.0018873330553640377,0.29668671471141184,1.5151274542483368,1.5151274542483368,1.5
2.608,0.521716812817937,0.0053702750022715205,0.5235987755982988,0.00188196278036179,0.29669798272571385,1.503772339372217,1.503772339372217,1.5
2.609,0.5217216890456422,0.004876227705167775,0.5235987755982988,0.001877086552656615,0.29670189339742,1.4905486760581068,1.4905486760581068,1.5
2.61,0.5217274749563855,0.005785910743255976,0.5235987755982988,0.0018713006419133205,0.29672132513813526,1.5185837589781774,1.5185837589781774,1.5
2.611,0.5217342979237077,0.006822967322265418,0.5235987755982988,0.0018644776745910807,0.29674215471084936,1.5212040044396493,1.5212040044396493,1.5
2.612,0.5217404905211318,0.0061925974240800916,0.5235987755982988,0.00185828507716701,0.29674449690800603,1.4879384394220747,1.4879384394220747,1.5
2.613,0.5217470071871445,0.006516666012671651,0.5235987755982988,0.0018517684111543087,0.29675738017394826,1.5069767795657576,1.5069767795657576,1.5
2.614,0.5217536831066575,0.0066759195129963336,0.5235987755982988,0.0018450924916413314,0.29676841590935976,1.5037064032875074,1.5037064032875074,1.5
2.615,0.5217614239906417,0.007740883984281903,0.5235987755982988,0.0018373516076570784,0.2967894637118196,1.521833362986751,1.521833362986751,1.5
2.616,0.5217693870304269,0.00796303978508961,0.5235987755982988,0.001829388567871959,0.29680116181053195,1.5050623867348967,1.5050623867348967,1.5
2.617,0.521777125430591,0.007738400164103706,0.5235987755982988,0.0018216501677078556,0.2968078867089865,1.496144250763089,1.496144250763089,1.5
2.618,0.5217840654921737,0.0069400615827642075,0.5235987755982988,0.0018147101061251059,0.2968082262474028,1.4846523003863383,1.4846523003863383,1.5
2.619,0.5217913496544663,0.007284162292526102,0.5235987755982988,0.0018074259438325413,0.29682118806894564,1.507437219121859,1.507437219121859,1.5
2.62,0.5217974132902157,0.006063635749399834,0.5235987755982988,0.0018013623080831431,0.29681679264610694,1.4761722021208767,1.4761722021208767,1.5
2.621,0.5218038415240546,0.006428233838942217,0.5235987755982988,0.0017949340742442477,0.29682991901143674,1.5077770526507996,1.5077770526507996,1.5
2.622,0.5218105977104659,0.006756186411310225,0.5235987755982988,0.0017881778878329202,0.2968426191306042,1.5070733101544755,1.5070733101544755,1.5
2.623,0.5218162502120923,0.005652501626406381,0.5235987755982988,0.0017825253862064905,0.29683943558687115,1.478466799214828,1.478466799214828,1.5
2.624,0.5218217335742662,0.005483362173846066,0.5235987755982988,0.0017770420240326157,0.2968465670179762,1.4970694110789062,1.4970694110789062,1.5
2.625,0.5218275426064826,0.0058090322163640035,0.5235987755982988,0.0017712329918162517,0.29685915385162404,1.5069520698242664,1.5069520698242664,1.5
2.626,0.521833395499875,0.005852893392409893,0.5235987755982988,0.0017653800984238632,0.29686859771690943,1.501341946098227,1.501341946098227,1.5
2.6270000000000002,0.5218383359891643,0.004940489289377069,0.5235987755982988,0.0017604396091345231,0.2968674216287245,1.4822201494107363,1.4822201494107363,1.5
2.628,0.5218423749287351,0.004038939570800677,0.5235987755982988,0.001756400669563729,0.2968663286296264,1.4823642447716223,1.4823642447716223,1.5
2.629,0.5218470325335555,0.00465760482041311,0.5235987755982988,0.0017517430647433496,0.2968820431875266,1.5126964201579127,1.5126964201579127,1.5
2.63,0.5218517631644214,0.004730630865890273,0.5235987755982988,0.0017470124338774262,0.2968916957711042,1.5018331292951763,1.5018331292951763,1.5
2.6310000000000002,0.5218564753956894,0.004712231267969802,0.5235987755982988,0.0017423002026094592,0.29690031182631493,1.5000104585108618,1.5000104585108618,1.5
2.632,0.5218618479121141,0.005372516424715956,0.5235987755982988,0.0017369276861847194,0.29691642325152534,1.5135826816363607,1.5135826816363607,1.5
2.633,0.5218672323216073,0.005384409493206294,0.5235987755982988,0.0017315432766915606,0.29692533491159523,1.500667662683784,1.500667662683784,1.5
2.634,0.5218725874047374,0.0053550831301436945,0.5235987755982988,0.0017261881935614065,0.2969337656877394,1.4998442254982045,1.4998442254982045,1.5
2.6350000000000002,0.5218771991157948,0.004611711057339687,0.5235987755982988,0.0017215764825040392,0.29693425994632977,1.4855609651943313,1.4855609651943313,1.5
2.636,0.521881091961418,0.003892845623171228,0.5235987755982988,0.0017176836368808512,0.29693499143024643,1.485991628201218,1.485991628201218,1.5
2.637,0.5218852992447288,0.0042072833108438585,0.5235987755982988,0.0017134763535699982,0.29694713836889025,1.5066001814033063,1.5066001814033063,1.5
2.638,0.5218897187102508,0.00441946552196975,0.5235987755982988,0.0017090568880480106,0.29695813257113013,1.5045802268873854,1.5045802268873854,1.5
2.6390000000000002,0.5218937765667913,0.004057856540494164,0.5235987755982988,0.0017049990315075592,0.29696274792556593,1.4931213776122458,1.4931213776122458,1.5
2.64,0.5218982923727279,0.004515805936637157,0.5235987755982988,0.0017004832255709257,0.29697641544734893,1.5094836164460994,1.5094836164460994,1.5
2.641,0.5219024835358196,0.004191163091671959,0.5235987755982988,0.0016962920624792321,0.296981394023714,1.493868407575627,1.493868407575627,1.5
2.642,0.5219068051398656,0.004321604046066684,0.5235987755982988,0.0016919704584331674,0.2969913869001775,1.5029441121352283,1.5029441121352283,1.5
2.6430000000000002,0.5219117996651361,0.004994525270497555,0.5235987755982988,0.0016869759331626932,0.2970073687385772,1.5138041528123027,1.5138041528123027,1.5
2.644,0.5219173961634409,0.005596498304820983,0.5235987755982988,0.0016813794348579103,0.2970225500011895,1.5124390227081084,1.5124390227081084,1.5
2.645,0.5219220230458451,0.00462688240423539,0.5235987755982988,0.0016767525524536975,0.29702030216287745,1.4810554018526738,1.4810554018526738,1.5
2.646,0.5219267780909873,0.004755045142160441,0.5235987755982988,0.0016719975073115068,0.29703018132882564,1.5029334053508399,1.5029334053508399,1.5
2.6470000000000002,0.5219305161728252,0.0037380818378753163,0.5235987755982988,0.0016682594254736616,0.2970273504318071,1.4800411375256703,1.4800411375256703,1.5
2.648,0.521934686885008,0.004170712182848646,0.5235987755982988,0.0016640887132908233,0.2970405442829359,1.5089516534464966,1.5089516534464966,1.5
2.649,0.5219387426378163,0.004055752808277838,0.5235987755982988,0.0016600329604825603,0.29704765328463595,1.4980344694832117,1.4980344694832117,1.5
2.65,0.5219413690539092,0.0026264160929612913,0.5235987755982988,0.0016574065443896169,0.29704017376081054,1.4717377259183313,1.4717377259183313,1.5
2.6510000000000002,0.5219448708424245,0.0035017885152768212,0.5235987755982988,0.001653904755874347,0.29705818854913724,1.5177175617337475,1.5177175617337475,1.5
2.652,0.5219496969980725,0.004826155648052,0.5235987755982988,0.0016490786002263391,0.2970811672433151,1.5267674857367257,1.5267674857367257,1.5
2.653,0.5219537185811666,0.00402158309410119,0.5235987755982988,0.0016450570171322454,0.2970805516229031,1.484294641372828,1.484294641372828,1.5
2.654,0.5219583399416625,0.004621360495980314,0.5235987755982988,0.0016404356566362965,0.2970954627124159,1.5123172746851106,1.5123172746851106,1.5
2.6550000000000002,0.5219629970454857,0.004657103823127119,0.5235987755982988,0.0016357785528131608,0.2971041093948649,1.5010845753826145,1.5010845753826145,1.5
2.656,0.5219680414426267,0.00504439714094779,0.5235987755982988,0.0016307341556721644,0.2971166290002322,1.5081184346622636,1.5081184346622636,1.5
2.657,0.5219728979929706,0.004856550343993468,0.5235987755982988,0.0016258776053281743,0.297122758346953,1.4966466158321894,1.4966466158321894,1.5
2.658,0.5219783502851743,0.005452292203598247,0.5235987755982988,0.0016204253131245627,0.2971375448120416,1.512303361219615,1.512303361219615,1.5
2.6590000000000003,0.5219838564058631,0.005506120688829355,0.5235987755982988,0.0016149191924357265,0.2971463121411389,1.50151275308091,1.50151275308091,1.5
2.66,0.5219890127119883,0.005156306125205998,0.5235987755982988,0.0016097628863105395,0.2971505850705998,1.4934441983826392,1.4934441983826392,1.5
2.661,0.5219947682303216,0.005755518333401209,0.5235987755982988,0.0016040073679771671,0.29716534619154217,1.5123967486539207,1.5123967486539207,1.5
2.662,0.5220008718185657,0.006103588244067797,0.5235987755982988,0.001597903779733123,0.29717731024069577,1.5074218396800039,1.5074218396800039,1.5
2.6630000000000003,0.5220070670310759,0.006195212510232239,0.5235987755982988,0.0015917085672229048,0.2971864150723741,1.5023207723828143,1.5023207723828143,1.5
2.664,0.5220140244071284,0.006957376052445806,0.5235987755982988,0.0015847511911704082,0.2972029285418939,1.51573888784509,1.51573888784509,1.5
2.665,0.5220210372133873,0.007012806258891593,0.5235987755982988,0.0015777383849114868,0.29721159920754686,1.5016651942131114,1.5016651942131114,1.5
2.666,0.5220277562401656,0.0067190267782988415,0.5235987755982988,0.0015710193581331966,0.2972163789520627,1.4946854348888563,1.4946854348888563,1.5
2.6670000000000003,0.522034532110733,0.006775870567416951,0.5235987755982988,0.0015642434875657862,0.2972250174579709,1.501674397924626,1.501674397924626,1.5
2.668,0.5220412759781826,0.006743867449595436,0.5235987755982988,0.0015574996201161984,0.2972326501006297,1.499902007288963,1.499902007288963,1.5
2.669,0.5220478294526996,0.006553474516944355,0.5235987755982988,0.0015509461455992524,0.29723850517001466,1.496731650742946,1.496731650742946,1.5
2.67,0.52205460783191,0.0067783792104387265,0.5235987755982988,0.001544167766388771,0.29724893721764967,1.505022371831243,1.505022371831243,1.5
2.6710000000000003,0.5220607390587639,0.006131226853865275,0.5235987755982988,0.0015380365395348816,0.2972496876537256,1.487599223205366,1.487599223205366,1.5
2.672,0.5220658105438617,0.005071485097716869,0.5235987755982988,0.0015329650544371187,0.29724583570068225,1.479295663025341,1.479295663025341,1.5
2.673,0.5220711148904859,0.0053043466241280745,0.5235987755982988,0.0015276607078129611,0.29725626992275017,1.5050629493360415,1.5050629493360415,1.5
2.674,0.5220760306350818,0.00491574459595438,0.5235987755982988,0.0015227449632170265,0.29725979953912285,1.4926523071664564,1.4926523071664564,1.5
2.6750000000000003,0.5220810484166076,0.005017781525879077,0.5235987755982988,0.0015177271816911864,0.2972687385975553,1.5024339981661703,1.5024339981661703,1.5
2.676,0.5220857759755319,0.004727558924253232,0.5235987755982988,0.001512999622766964,0.2972733110504649,1.4945969704895534,1.4945969704895534,1.5
2.677,0.5220894821344224,0.003706158890607261,0.5235987755982988,0.0015092934638764044,0.2972697562852509,1.4799502040410208,1.4799502040410208,1.5
2.678,0.5220929256487947,0.0034435143723187574,0.5235987755982988,0.00150584994950409,0.2972745733605524,1.4950436023454785,1.4950436023454785,1.5
2.6790000000000003,0.5220975678433508,0.0046421945560574055,0.5235987755982988,0.0015012077549479974,0.29729555741485814,1.5242490848245585,1.5242490848245585,1.5
2.68,0.5221018942261828,0.004326382831973843,0.5235987755982988,0.0014968813721160101,0.29729975539491826,1.4940551410828133,1.4940551410828133,1.5
2.681,0.5221054417517433,0.003547525560530141,0.5235987755982988,0.001493333846555478,0.29729879705044354,1.4847689651976839,1.4847689651976839,1.5
2.682,0.5221091974290578,0.003755677314497483,0.5235987755982988,0.0014895781692410015,0.29730874322876594,1.5044468371241893,1.5044468371241893,1.5
2.6830000000000003,0.5221123744815217,0.003177052463928456,0.5235987755982988,0.001486401116777114,0.2973099533345997,1.4887279571737793,1.4887279571737793,1.5
2.684,0.5221160875835925,0.003713102070853374,0.5235987755982988,0.0014826880147063015,0.29732348540643494,1.5109751563356126,1.5109751563356126,1.5
2.685,0.5221207880824285,0.004700498835890918,0.5235987755982988,0.0014779875158703604,0.29734200482828216,1.5200449834664191,1.5200449834664191,1.5
2.686,0.5221253592219457,0.004571139517218735,0.5235987755982988,0.0014734163763531205,0.29734814268390103,1.4977888535334276,1.4977888535334276,1.5
2.6870000000000003,0.5221310070663607,0.005647844415041941,0.5235987755982988,0.001467768531938085,0.29736762139619927,1.5218997891178416,1.5218997891178416,1.5
2.688,0.5221366753067187,0.005668240357926558,0.5235987755982988,0.0014621002915801151,0.29737538961749005,1.5008597464108957,1.5008597464108957,1.5
2.689,0.5221413980064346,0.004722699715906517,0.5235987755982988,0.0014573775918642617,0.29737243432568994,1.4815426463882333,1.4815426463882333,1.5
2.69,0.522147274199493,0.005876193058457541,0.5235987755982988,0.0014515013988057879,0.2973927033069641,1.523447682828293,1.523447682828293,1.5
2.691,0.5221537988858824,0.006524686389427974,0.5235987755982988,0.0014449767124163904,0.29740737169783904,1.5134399620640853,1.5134399620640853,1.5
2.692,0.5221607539829105,0.0069550970280514764,0.5235987755982988,0.0014380216153883074,0.2974196117694149,1.5091301876836243,1.5091301876836243,1.5
2.693,0.5221674866121475,0.006732629237041097,0.5235987755982988,0.0014312889861513023,0.29742460290132344,1.4961070519420365,1.4961070519420365,1.5
2.694,0.522174204657382,0.006718045234405399,0.5235987755982988,0.0014245709409168583,0.2974318737687914,1.5002469302862493,1.5002469302862493,1.5
2.695,0.5221797944902453,0.005589832863323182,0.5235987755982988,0.0014189811080534964,0.29742678447646625,1.477973196197108,1.477973196197108,1.5
2.696,0.5221846373814484,0.004842891203099239,0.5235987755982988,0.0014141382168504357,0.2974258838842459,1.485508353424587,1.485508353424587,1.5
2.697,0.522189089255335,0.004451873886699407,0.5235987755982988,0.0014096863429637896,0.2974288964413357,1.4925670849682513,1.4925670849682513,1.5
2.698,0.5221934048013599,0.004315546024852408,0.5235987755982988,0.0014053707969389206,0.29743470536680233,1.497629592673996,1.497629592673996,1.5
2.699,0.5221974392013579,0.004034399997956901,0.5235987755982988,0.0014013363969409554,0.29743888752542286,1.494722323144078,1.494722323144078,1.5
2.7,0.522202007949846,0.004568748488110492,0.5235987755982988,0.001396767648452868,0.29745208158867814,1.5110097218029084,1.5110097218029084,1.5
2.701,0.5222059774831642,0.003969533318292542,0.5235987755982988,0.001392798115134597,0.29745270252415695,1.4883811964826898,1.4883811964826898,1.5
2.702,0.5222106423227328,0.0046648395685708385,0.5235987755982988,0.0013881332755659725,0.29746763890922634,1.5142236876710293,1.5142236876710293,1.5
2.703,0.5222147103022711,0.004067979538185304,0.5235987755982988,0.0013840652960277477,0.29746824710424663,1.488435986557775,1.488435986557775,1.5
2.704,0.5222180138861342,0.0033035838631420783,0.5235987755982988,0.0013807617121646132,0.2974669708102527,1.4850375248621903,1.4850375248621903,1.5
2.705,0.5222212369017118,0.003223015577664959,0.5235987755982988,0.0013775386965869663,0.29747324120745394,1.498652920999509,1.498652920999509,1.5
2.706,0.5222246300667922,0.0033931650803776664,0.5235987755982988,0.0013741455315066098,0.29748226870067457,1.5036608313004673,1.5036608313004673,1.5
2.707,0.5222278139055067,0.0031838387144566115,0.5235987755982988,0.0013709616927921608,0.29748707400947494,1.4960849258880091,1.4960849258880091,1.5
2.708,0.5222328622095764,0.005048304069824997,0.5235987755982988,0.001365913388722384,0.29751483503116866,1.5375440142045242,1.5375440142045242,1.5
2.709,0.5222376091672323,0.00474695765585148,0.5235987755982988,0.0013611664310665406,0.29751860387376716,1.4943769360461157,1.4943769360461157,1.5
2.71,0.5222423425575181,0.004733390285882001,0.5235987755982988,0.0013564330407807024,0.2975255376077529,1.5001084092130785,1.5001084092130785,1.5
2.711,0.5222470224537713,0.004679896253159158,0.5235987755982988,0.0013517531445275122,0.29753200913270006,1.4993087905684137,1.4993087905684137,1.5
2.712,0.5222511750772538,0.004152623482549328,0.5235987755982988,0.0013476005210449893,0.2975332107341541,1.4898289362880561,1.4898289362880561,1.5
2.713,0.5222553396954283,0.004164618174381318,0.5235987755982988,0.00134343590287056,0.29754036090038377,1.5005721037152437,1.5005721037152437,1.5
2.714,0.5222601852524199,0.0048455569916759055,0.5235987755982988,0.0013385903458789095,0.29755490391495326,1.5139519457998423,1.5139519457998423,1.5
2.715,0.5222650183965861,0.004833144166265891,0.5235987755982988,0.001333757201712693,0.29756175425759945,1.5001393880511338,1.5001393880511338,1.5
2.716,0.5222697068639097,0.004688467323574077,0.5235987755982988,0.001329068734389094,0.2975671195447969,1.497493114679465,1.497493114679465,1.5
2.717,0.5222742323949965,0.004525531086780935,0.5235987755982988,0.0013245432033023308,0.2975722612372767,1.497116352650023,1.497116352650023,1.5
2.718,0.5222785787607389,0.0043463657424013796,0.5235987755982988,0.001320196837559906,0.2975772016413836,1.4967787355993514,1.4967787355993514,1.5
2.719,0.5222822080951648,0.003629334425867473,0.5235987755982988,0.0013165675031340252,0.2975761606855508,1.486007082928714,1.486007082928714,1.5
2.72,0.5222865242378523,0.004316142687424186,0.5235987755982988,0.001312251360446548,0.2975906458426464,1.5140265119852037,1.5140265119852037,1.5
2.721,0.5222906679885267,0.004143750674423943,0.5235987755982988,0.001308107609772069,0.29759560109025956,1.496897451154989,1.496897451154989,1.5
2.722,0.5222939518065819,0.0032838180551735823,0.5235987755982988,0.0013048237917169248,0.2975929167923192,1.4831328476689467,1.4831328476689467,1.5
2.723,0.5222983593527764,0.004407546194484052,0.5235987755982988,0.0013004162455224622,0.2976121814373436,1.5227372682306233,1.5227372682306233,1.5
2.724,0.5223025802447495,0.004220891973135896,0.5235987755982988,0.001296195353549301,0.2976169230506853,1.4966195192685956,1.4966195192685956,1.5
2.725,0.5223071122273006,0.004531982551096046,0.5235987755982988,0.001291663370998175,0.2976271584344325,1.5065594829170539,1.5065594829170539,1.5
2.726,0.5223117900122746,0.004677784973893446,0.5235987755982988,0.0012869855860242474,0.2976355478055615,1.5032786070600357,1.5032786070600357,1.5
2.727,0.5223169350930672,0.005145080792605849,0.5235987755982988,0.0012818405052316129,0.2976474826532869,1.5097201391721595,1.5097201391721595,1.5
2.728,0.5223220394372816,0.005104344214393999,0.5235987755982988,0.0012767361610172001,0.29765377598383136,1.4995968748991715,1.4995968748991715,1.5
2.729,0.5223258378359384,0.003798398656780799,0.5235987755982988,0.001272937762360371,0.29764603113976806,1.4742894363848875,1.4742894363848875,1.5
2.73,0.5223304054762452,0.004567640306767533,0.5235987755982988,0.001268370122053608,0.297661243632396,1.5156887048922771,1.5156887048922771,1.5
2.731,0.5223356106195821,0.005205143336898052,0.5235987755982988,0.001263164978716702,0.29767498837126866,1.5131154718271518,1.5131154718271518,1.5
2.732,0.5223414762322877,0.005865612705550844,0.5235987755982988,0.0012572993660111553,0.29768897776571945,1.5136257988400077,1.5136257988400077,1.5
2.733,0.5223460306417459,0.004554409458287357,0.5235987755982988,0.0012527449565529203,0.29768111089327765,1.4742451840711743,1.4742451840711743,1.5
2.734,0.5223507718612341,0.004741219488277207,0.5235987755982988,0.0012480037370646846,0.2976898061835215,1.50410055335646,1.50410055335646,1.5
2.735,0.522355405885275,0.004634024040880584,0.5235987755982988,0.0012433697130238563,0.2976952279883378,1.4982353886111297,1.4982353886111297,1.5
2.736,0.5223601784514544,0.0047725661795234575,0.5235987755982988,0.001238597146844378,0.29770335287739846,1.503141564696128,1.503141564696128,1.5
2.737,0.5223654163553552,0.005237903900689303,0.5235987755982988,0.0012333592429436546,0.29771508240389744,1.5096885597176788,1.5096885597176788,1.5
2.738,0.5223706280027116,0.00521164735650626,0.5235987755982988,0.0012281475955872034,0.2977213530351489,1.4998939014283943,1.4998939014283943,1.5
2.739,0.5223741166626726,0.0034886599609848705,0.5235987755982988,0.0012246589356261772,0.2977088047906627,1.4659571838780927,1.4659571838780927,1.5
2.74,0.5223767108278037,0.0025941651310251337,0.5235987755982988,0.0012220647704951348,0.2977053949137898,1.482389196197684,1.482389196197684,1.5
2.741,0.5223799065776576,0.003195749853961957,0.5235987755982988,0.0012188690206411668,0.2977185318961168,1.5122392276692185,1.5122392276692185,1.5
2.742,0.5223827027714558,0.0027961937981659463,0.5235987755982988,0.0012160728268429954,0.2977205661783283,1.4922645388723967,1.4922645388723967,1.5
2.743,0.5223860674825619,0.003364711106050143,0.5235987755982988,0.0012127081157369268,0.29773330369122025,1.5115940416615372,1.5115940416615372,1.5
2.744,0.5223905431958799,0.004475713317927549,0.5235987755982988,0.0012082324024189628,0.2977520420306496,1.5224892211260321,1.5224892211260321,1.5
2.745,0.5223942650705357,0.00372187465585316,0.5235987755982988,0.0012045105277631585,0.2977501146476417,1.4852812838239464,1.4852812838239464,1.5
2.746,0.5223972124111913,0.0029473406556190804,0.5235987755982988,0.0012015631871075128,0.29774792988128684,1.4848070699677867,1.4848070699677867,1.5
2.747,0.5223995273963625,0.0023149851712124434,0.5235987755982988,0.0011992482019362871,0.29774729222375657,1.4875886775643168,1.4875886775643168,1.5
2.748,0.5224022229195516,0.0026955231891506773,0.5235987755982988,0.001196552678747187,0.29775785150245665,1.5077959591724617,1.5077959591724617,1.5
2.749,0.5224050728429526,0.002849923400962009,0.5235987755982988,0.0011937027553462487,0.29776589271496584,1.5033036460913587,1.5033036460913587,1.5
2.75,0.5224074850874623,0.0024122445097145635,0.5235987755982988,0.0011912905108365512,0.2977673580625959,1.491474416047128,1.491474416047128,1.5
2.751,0.5224097252616869,0.0022401742246939637,0.5235987755982988,0.0011890503366118743,0.2977717429842288,1.4967515738603652,1.4967515738603652,1.5
2.7520000000000002,0.5224123037463246,0.0025784846377033196,0.5235987755982988,0.0011864718519741801,0.29778176332067036,1.5069454221981626,1.5069454221981626,1.5
2.753,0.522415961400933,0.0036576546084457935,0.5235987755982988,0.0011828141973657669,0.29779997986448337,1.5217896781858657,1.5217896781858657,1.5
2.754,0.5224195065597669,0.0035451588338457113,0.5235987755982988,0.0011792690385319382,0.2978049897246242,1.498042696876674,1.498042696876674,1.5
2.755,0.5224223404220794,0.0028338623124915443,0.5235987755982988,0.0011764351762194591,0.2978033458097525,1.4860576822796243,1.4860576822796243,1.5
2.7560000000000002,0.5224259619726186,0.0036215505392526016,0.5235987755982988,0.0011728136256802246,0.2978182841723406,1.5159804735202205,1.5159804735202205,1.5
2.757,0.5224291410752987,0.003179102680145198,0.5235987755982988,0.0011696345230001182,0.29781958574907147,1.4914407668609921,1.4914407668609921,1.5
2.758,0.522432111027674,0.0029699523752420155,0.5235987755982988,0.0011666645706248646,0.2978234491249003,1.496071322116348,1.496071322116348,1.5
2.759,0.5224346266148288,0.002515587154808711,0.5235987755982988,0.0011641489834700591,0.2978245754662614,1.4911502917813533,1.4911502917813533,1.5
2.7600000000000002,0.5224366523670777,0.0020257522489468124,0.5235987755982988,0.0011621232312211127,0.2978252855335876,1.4904045488551467,1.4904045488551467,1.5
2.761,0.5224392201239845,0.00256775690676464,0.5235987755982988,0.0011595554743143444,0.2978374050491933,1.5110021533362723,1.5110021533362723,1.5
2.762,0.5224428612077986,0.003641083814137673,0.5235987755982988,0.0011559143905002234,0.29785540224224266,1.5216719587000018,1.5216719587000018,1.5
2.763,0.5224467936915854,0.003932483786879663,0.5235987755982988,0.0011519819067133952,0.2978647331424913,1.5061192861599708,1.5061192861599708,1.5
2.7640000000000002,0.522450093246008,0.0032995544225549933,0.5235987755982988,0.0011486823522908196,0.29786380923429406,1.487656011416457,1.487656011416457,1.5
2.765,0.5224537186154647,0.0036253694567291573,0.5235987755982988,0.0011450569828340695,0.2978734830397599,1.5067802650372877,1.5067802650372877,1.5
2.766,0.5224577346873673,0.004016071902592863,0.5235987755982988,0.001141040910931479,0.29788386346262696,1.5081040784738124,1.5081040784738124,1.5
2.767,0.5224628146089233,0.005079921555913568,0.5235987755982988,0.0011359609893755174,0.2979016911421314,1.5215982788186215,1.5215982788186215,1.5
2.7680000000000002,0.522466607054609,0.0037924456857390786,0.5235987755982988,0.0011321685436898044,0.29789346312030884,1.4746568763209833,1.4746568763209833,1.5
2.769,0.5224698126014333,0.0032055468243355123,0.5235987755982988,0.0011289629968654902,0.29789296345428407,1.4885654184267878,1.4885654184267878,1.5
2.77,0.5224725192939831,0.0027066925497143636,0.5235987755982988,0.0011262563043157314,0.2978934147235262,1.4902793582535239,1.4902793582535239,1.5
2.771,0.5224746476627,0.0021283687169121332,0.5235987755982988,0.0011241279355987954,0.2978929620837092,1.4886500587479325,1.4886500587479325,1.5
2.7720000000000002,0.5224764969304594,0.0018492677594197002,0.5235987755982988,0.001122278667839427,0.297895800554584,1.4945882503475043,1.4945882503475043,1.5
2.773,0.5224786100828509,0.0021131523915215358,0.5235987755982988,0.0011201655154479129,0.29790463525335953,1.5054256340627903,1.5054256340627903,1.5
2.774,0.5224809121707886,0.002302087937682313,0.5235987755982988,0.0011178634275101906,0.297912626714217,1.5039477631145373,1.5039477631145373,1.5
2.775,0.5224835519338653,0.002639763076709289,0.5235987755982988,0.0011152236644335067,0.29792225249606985,1.506937669815554,1.506937669815554,1.5
2.7760000000000002,0.522484568598952,0.0010166650867232984,0.5235987755982988,0.001114206999346834,0.2979101405618682,1.467749221246417,1.467749221246417,1.5
2.777,0.522485421175868,0.0008525769160553763,0.5235987755982988,0.0011133544224307679,0.29791415655465725,1.4967995697935794,1.4967995697935794,1.5
2.778,0.5224867680023377,0.0013468264697091554,0.5235987755982988,0.0011120075959610842,0.29792544875103016,1.50995319722636,1.50995319722636,1.5
2.779,0.5224879788293904,0.00121082705264807,0.5235987755982988,0.001110796768908462,0.2979297482047815,1.497387757776355,1.497387757776355,1.5
2.7800000000000002,0.522489996880284,0.0020180508935937593,0.5235987755982988,0.0011087787180148467,0.2979444809482492,1.5162413429831256,1.5162413429831256,1.5
2.781,0.5224911634530418,0.0011665727578745926,0.5235987755982988,0.0011076121452570087,0.2979408296887566,1.4831318813571042,1.4831318813571042,1.5
2.782,0.5224929214954546,0.0017580424127240542,0.5235987755982988,0.0011058541028442503,0.29795313914608285,1.5119227189176192,1.5119227189176192,1.5
2.783,0.5224944848379968,0.0015633425422431836,0.5235987755982988,0.0011042907603020513,0.2979567297002396,1.4962466459834005,1.4962466459834005,1.5
2.7840000000000003,0.5224955156818784,0.001030843881601129,0.5235987755982988,0.0011032599164204626,0.29795655875602317,1.4894750941905384,1.4894750941905384,1.5
2.785,0.5224964926333187,0.000976951440265911,0.5235987755982988,0.0011022829649801613,0.29796166780029115,1.4990046186838237,1.4990046186838237,1.5
2.786,0.5224976042502087,0.001111616890108916,0.5235987755982988,0.0011011713480900687,0.29796884958761005,1.5027714651120814,1.5027714651120814,1.5
2.787,0.522498891549314,0.0012872991051610817,0.5235987755982988,0.0010998840489848671,0.29797647192872595,1.503602573652252,1.503602573652252,1.5
2.7880000000000003,0.5225003813162393,0.0014897669254101628,0.5235987755982988,0.0010983942820594894,0.29798437773520225,1.5041523403333945,1.5041523403333945,1.5
2.789,0.5225023831646134,0.002001848374113161,0.5235987755982988,0.0010963924336854225,0.2979957012375026,1.5103608103280928,1.5103608103280928,1.5
2.79,0.5225047700626895,0.0023868980761068874,0.5235987755982988,0.0010940055356093437,0.29800560851491104,1.5078611419098036,1.5078611419098036,1.5
2.791,0.5225062910333254,0.001520970635877156,0.5235987755982988,0.0010924845649734616,0.2980016441716794,1.482872403041494,1.482872403041494,1.5
2.7920000000000003,0.5225080262223873,0.001735189062013701,0.5235987755982988,0.0010907493759114706,0.2980096208062031,1.504406046173601,1.504406046173601,1.5
2.793,0.5225103828979618,0.002356675574517121,0.5235987755982988,0.0010883927003370042,0.29802209750500863,1.5125685453750295,1.5125685453750295,1.5
2.794,0.5225131341012261,0.0027512032642906786,0.5235987755982988,0.0010856414970726869,0.298032052408231,1.5080790878414325,1.5080790878414325,1.5
2.795,0.5225152245460473,0.0020904448210952438,0.5235987755982988,0.0010835510522515523,0.298030304300395,1.4870049273972346,1.4870049273972346,1.5
2.7960000000000003,0.5225169821910557,0.0017576450084149054,0.5235987755982988,0.0010817934072431257,0.2980321656399131,1.4935112393320809,1.4935112393320809,1.5
2.797,0.5225185102311072,0.0015280400514877208,0.5235987755982988,0.0010802653671916351,0.29803515050654056,1.4955485124621295,1.4955485124621295,1.5
2.798,0.5225203452474062,0.0018350162989914306,0.5235987755982988,0.0010784303508926119,0.29804406242655246,1.5062617681541932,1.5062617681541932,1.5
2.799,0.5225219357007679,0.0015904533616721323,0.5235987755982988,0.0010768398975309346,0.2980468520278958,1.4952555425575333,1.4952555425575333,1.5
2.8000000000000003,0.5225240709299197,0.002135229151838394,0.5235987755982988,0.0010747046683791117,0.2980583691979417,1.511022752072259,1.511022752072259,1.5
2.801,0.5225264590162128,0.002388086293026233,0.5235987755982988,0.0010723165820860636,0.29806664405398947,1.5052279611559038,1.5052279611559038,1.5
2.802,0.5225283018601997,0.0018428439869278058,0.5235987755982988,0.001070473738099098,0.2980660639877909,1.4892862007814736,1.4892862007814736,1.5
2.803,0.5225297095634077,0.0014077032079464547,0.5235987755982988,0.0010690660348910974,0.2980666813240792,1.4914446119393272,1.4914446119393272,1.5
2.8040000000000003,0.5225318917925043,0.0021822290964860175,0.5235987755982988,0.0010668838057945607,0.2980806811730582,1.515603134027427,1.515603134027427,1.5
2.805,0.5225346978432087,0.0028060507044118436,0.5235987755982988,0.0010640777550900982,0.2980930067157845,1.5126510104862354,1.5126510104862354,1.5
2.806,0.5225374624501544,0.002764606945648953,0.5235987755982988,0.0010613131481443938,0.2980979544029325,1.4993956088810951,1.4993956088810951,1.5
2.807,0.5225391696759624,0.0017072258079065777,0.5235987755982988,0.0010596059223364485,0.29809162962386665,1.4790735458008044,1.4790735458008044,1.5
2.8080000000000003,0.5225422108670014,0.003041191038950776,0.5235987755982988,0.001056564731297449,0.2981117724131,1.5268158826855165,1.5268158826855165,1.5
2.809,0.5225450808410979,0.002869974096534485,0.5235987755982988,0.0010536947572009625,0.29811524060942646,1.4968189564347902,1.4968189564347902,1.5
2.81,0.5225488368930759,0.0037560519779729893,0.5235987755982988,0.0010499387052229636,0.298130406788102,1.5179511555564928,1.5179511555564928,1.5
2.811,0.5225529292636314,0.0040923705555225036,0.5235987755982988,0.0010458463346674218,0.2981394787115196,1.5070268557092281,1.5070268557092281,1.5
2.8120000000000003,0.5225571555121693,0.004226248537940854,0.5235987755982988,0.0010416200861295133,0.2981462973019546,1.5030049492928088,1.5030049492928088,1.5
2.813,0.5225615370079202,0.004381495750932419,0.5235987755982988,0.0010372385903786308,0.29815333971615576,1.5034430441428666,1.5034430441428666,1.5
2.814,0.522566129094418,0.004592086497881854,0.5235987755982988,0.0010326465038807964,0.29816098272780023,1.5045623345990633,1.5045623345990633,1.5
2.815,0.522570569652313,0.004440557894932961,0.5235987755982988,0.0010282059459858495,0.2981646014985603,1.4973367948608527,1.4973367948608527,1.5
2.816,0.5225752124478823,0.004642795569357827,0.5235987755982988,0.0010235631504165177,0.29817212337702415,1.504399998120092,1.504399998120092,1.5
2.817,0.5225806211449531,0.0054086970707477216,0.5235987755982988,0.0010181544533457432,0.2981858789652725,1.5156894536733465,1.5156894536733465,1.5
2.818,0.5225853102819232,0.00468913697012168,0.5235987755982988,0.0010134653163755836,0.29818317098683855,1.486041493753139,1.486041493753139,1.5
2.819,0.5225893606248954,0.004050342972119314,0.5235987755982988,0.0010094149734034552,0.29818133353313403,1.4875992509975624,1.4875992509975624,1.5
2.82,0.522592772100376,0.0034114754806767096,0.5235987755982988,0.0010060034979227916,0.2981794720427979,1.4875466776089175,1.4875466776089175,1.5
2.821,0.5225971040079528,0.004331907576728817,0.5235987755982988,0.0010016715903460316,0.29819486495124414,1.5186815599594963,1.5186815599594963,1.5
2.822,0.5226011112188415,0.004007210888627941,0.5235987755982988,0.0009976643794573636,0.29819645957400753,1.4938526188441208,1.4938526188441208,1.5
2.823,0.5226045842688322,0.0034730499906934684,0.5235987755982988,0.0009941913294666538,0.29819571445547144,1.4896373589124008,1.4896373589124008,1.5
2.824,0.5226086464417706,0.004062172938461929,0.5235987755982988,0.0009901291565281856,0.2982073940846555,1.5120603029546247,1.5120603029546247,1.5
2.825,0.5226125866969497,0.003940255179030421,0.5235987755982988,0.000986188901349161,0.2982111889036157,1.4978866186464468,1.4978866186464468,1.5
2.826,0.5226164936641021,0.003906967152415378,0.5235987755982988,0.0009822819341966937,0.29821594985395583,1.4996494598820216,1.4996494598820216,1.5
2.827,0.5226191349220658,0.0026412579636908564,0.5235987755982988,0.0009796406762330179,0.29820704050455304,1.4749983735977028,1.4749983735977028,1.5
2.828,0.5226205737467592,0.001438824693415858,0.5235987755982988,0.0009782018515396285,0.29819880085508427,1.4761626352315953,1.4761626352315953,1.5
2.829,0.5226231815749893,0.0026078282301937646,0.5235987755982988,0.0009755940233094895,0.2982168070447993,1.5234951767110314,1.5234951767110314,1.5
2.83,0.5226242308627791,0.0010492877898199218,0.5235987755982988,0.0009745447355197223,0.29820459307373387,1.4690378174509386,1.4690378174509386,1.5
2.831,0.5226260126754129,0.001781812633726512,0.5235987755982988,0.0009727629228859502,0.2982177296247215,1.5147344399013174,1.5147344399013174,1.5
2.832,0.5226272654326412,0.0012527572283043205,0.5235987755982988,0.000971510165657663,0.29821688352432185,1.4895614369022543,1.4895614369022543,1.5
2.833,0.5226280442930175,0.0007788603763074053,0.5235987755982988,0.0009707313052813582,0.2982166274943588,1.490622283538326,1.490622283538326,1.5
2.834,0.522629632119107,0.0015878260895018153,0.5235987755982988,0.0009691434791918585,0.29823056571354006,1.5162416230939928,1.5162416230939928,1.5
2.835,0.5226310168653977,0.0013847462907428752,0.5235987755982988,0.0009677587329011139,0.2982332873764455,1.4960654301119813,1.4960654301119813,1.5
2.836,0.5226325958961258,0.0015790307280954474,0.5235987755982988,0.0009661797021730534,0.29824039542717573,1.5039964684503109,1.5039964684503109,1.5
2.837,0.5226339345205071,0.001338624381322593,0.5235987755982988,0.0009648410777917116,0.2982426758805757,1.4953181955227905,1.4953181955227905,1.5
2.838,0.5226352589254876,0.001324404980464641,0.5235987755982988,0.0009635166728112488,0.2982474455883488,1.4998227019333468,1.4998227019333468,1.5
2.839,0.5226359622554595,0.0007033299719260596,0.5235987755982988,0.0009628133428393193,0.2982454772915543,1.4876844522276655,1.4876844522276655,1.5
2.84,0.5226368083106108,0.0008460551512957137,0.5235987755982988,0.0009619672876880481,0.29825195008021216,1.5029107699851472,1.5029107699851472,1.5
2.841,0.52263793792435,0.0011296137392237612,0.5235987755982988,0.0009608376739488333,0.2982599717454585,1.5057388561706646,1.5057388561706646,1.5
2.842,0.5226385291992698,0.0005912749198033887,0.5235987755982988,0.00096024639902903,0.2982588768612388,1.4893235927107304,1.4893235927107304,1.5
2.843,0.5226389570771218,0.00042787785209078797,0.5235987755982988,0.0009598185211769916,0.2982619156292904,1.4967793606393323,1.4967793606393323,1.5
2.844,0.522639142006194,0.00018492907214478298,0.5235987755982988,0.0009596335921048249,0.29826405727831135,1.4951752546292472,1.4951752546292472,1.5
2.845,0.5226399871075181,0.0008451013241784903,0.5235987755982988,0.0009587884907806821,0.29827618910821435,1.5132182393664457,1.5132182393664457,1.5
2.846,0.5226416724329126,0.0016853253945060141,0.5235987755982988,0.0009571031653862194,0.29829031162565006,1.5168720895124848,1.5168720895124848,1.5
2.847,0.5226438202239855,0.0021477910728673194,0.5235987755982988,0.0009549553743133377,0.2983002465738332,1.5093841395987866,1.5093841395987866,1.5
2.848,0.5226464212822921,0.0026010583065746323,0.5235987755982988,0.0009523543160067094,0.2983100725766536,1.5092371679599756,1.5092371679599756,1.5
2.849,0.5226485469530677,0.0021256707755823697,0.5235987755982988,0.0009502286452310882,0.2983096016465491,1.4907003340446807,1.4907003340446807,1.5
2.85,0.5226501208125882,0.0015738595204769974,0.5235987755982988,0.0009486547857106009,0.2983082641508855,1.4891338285599391,1.4891338285599391,1.5
2.851,0.5226519060726309,0.001785260042696601,0.5235987755982988,0.0009468695256679149,0.2983153625433795,1.5043539192060302,1.5043539192060302,1.5
2.852,0.5226528839819876,0.0009779093567456112,0.5235987755982988,0.0009458916163112008,0.29831116254025897,1.483995807084396,1.483995807084396,1.5
2.853,0.522653168224661,0.00028424267343024373,0.5235987755982988,0.0009456073736378023,0.29830819804517916,1.4862048990822323,1.4862048990822323,1.5
2.854,0.5226535320986367,0.00036387397574378174,0.5235987755982988,0.000945243499662074,0.29831377941650006,1.5016153654601452,1.5016153654601452,1.5
2.855,0.5226546404324532,0.001108333816468285,0.5235987755982988,0.0009441351658455721,0.29832671537752503,1.5149183067325496,1.5149183067325496,1.5
2.856,0.522654915062349,0.00027462989573499993,0.5235987755982988,0.0009438605359498586,0.2983221619212386,1.4834145882906518,1.4834145882906518,1.5
2.857,0.522655464260992,0.0005491986430434706,0.5235987755982988,0.0009433113373068513,0.298329864157101,1.5055133453378282,1.5055133453378282,1.5
2.858,0.5226561457423571,0.0006814813650935401,0.5235987755982988,0.0009426298559417345,0.2983359806499248,1.5026895903324449,1.5026895903324449,1.5
2.859,0.5226572415408752,0.0010957985182014015,0.5235987755982988,0.0009415340574235875,0.2983452110977485,1.5083408615713647,1.5083408615713647,1.5
2.86,0.5226590607754745,0.0018192345993135225,0.5235987755982988,0.0009397148228242891,0.29835785948002824,1.5145563855036985,1.5145563855036985,1.5
2.861,0.5226619018228134,0.002841047338784302,0.5235987755982988,0.0009368737754854584,0.298373811001445,1.5205817935573607,1.5205817935573607,1.5
2.862,0.5226643462295979,0.0024444067845682334,0.5235987755982988,0.0009344293687009175,0.298374046689919,1.4922944727027814,1.4922944727027814,1.5
2.863,0.5226673220134116,0.0029757838137295855,0.5235987755982988,0.0009314535848872207,0.2983845468891857,1.5108230931259925,1.5108230931259925,1.5
2.864,0.5226683582757556,0.001036262344033173,0.5235987755982988,0.0009304173225431756,0.29836766317664565,1.4614476333111701,1.4614476333111701,1.5
2.865,0.5226702448431885,0.0018865674328167638,0.5235987755982988,0.0009285307551103461,0.29838165247685616,1.5170890027631945,1.5170890027631945,1.5
2.866,0.5226730116452208,0.0027668020323217287,0.5235987755982988,0.0009257639530779738,0.29839597234112236,1.5177556173847246,1.5177556173847246,1.5
2.867,0.5226754636508527,0.002452005631894234,0.5235987755982988,0.0009233119474461038,0.29839705021062285,1.4939254161540358,1.4939254161540358,1.5
2.868,0.5226769868835789,0.0015232327261399544,0.5235987755982988,0.0009217887147199288,0.2983913080783693,1.481620702335466,1.481620702335466,1.5
2.869,0.5226785892144836,0.0016023309047504095,0.5235987755982988,0.0009201863838151914,0.2983967082344903,1.5017038221903003,1.5017038221903003,1.5
2.87,0.5226799435280602,0.0013543135766142834,0.5235987755982988,0.0009188320702385733,0.29839847238891537,1.4951678399096575,1.4951678399096575,1.5
2.871,0.5226825947650361,0.002651236975840834,0.5235987755982988,0.0009161808332627253,0.2984173391208412,1.5260468130706601,1.5260468130706601,1.5
2.872,0.5226856888158085,0.0030940507723459442,0.5235987755982988,0.0009130867824903577,0.29842674725340845,1.5090683748881695,1.5090683748881695,1.5
2.873,0.5226894336342363,0.0037448184277853744,0.5235987755982988,0.00090934196406256,0.29843845314864587,1.5132628771705763,1.5132628771705763,1.5
2.874,0.5226942856616155,0.004852027379218338,0.5235987755982988,0.0009044899366833503,0.2984552129817537,1.522443764502882,1.522443764502882,1.5
2.875,0.5226988735253761,0.004587863760662313,0.5235987755982988,0.0008999020729226759,0.29845678019777055,1.495104889819217,1.495104889819217,1.5
2.876,0.522704706031952,0.005832506575830735,0.5235987755982988,0.0008940695663468556,0.29847504944121395,1.5252598854042214,1.5252598854042214,1.5
2.8770000000000002,0.5227110861732642,0.006380141312295279,0.5235987755982988,0.0008876894250345879,0.2984856001603548,1.5114192952553573,1.5114192952553573,1.5
2.878,0.5227174657644582,0.006379591193985596,0.5235987755982988,0.0008813098338406045,0.2984900718546135,1.50049940893879,1.50049940893879,1.5
2.879,0.5227240266660084,0.0065609015501765875,0.5235987755982988,0.0008747489322904478,0.29849654621203525,1.5041365744193387,1.5041365744193387,1.5
2.88,0.5227299751451986,0.005948479190171247,0.5235987755982988,0.0008688004531002269,0.29849421584852487,1.4882764249239073,1.4882764249239073,1.5
2.8810000000000002,0.5227354212730791,0.005446127880522272,0.5235987755982988,0.0008633543252196674,0.29849308442076844,1.4904288521422342,1.4904288521422342,1.5
2.882,0.522740037566047,0.004616292967879963,0.5235987755982988,0.0008587380322517824,0.29848830523510295,1.4838389919775956,1.4838389919775956,1.5
2.883,0.522743986808772,0.003949242724906806,0.5235987755982988,0.000854788789526828,0.2984853062170434,1.4870282985779673,1.4870282985779673,1.5
2.884,0.5227470835345208,0.003096725748811111,0.5235987755982988,0.0008516920637779979,0.29848023090890535,1.4832655998960786,1.4832655998960786,1.5
2.8850000000000002,0.5227501245819796,0.0030410474587726903,0.5235987755982988,0.0008486510163192573,0.2984839611126254,1.4991341722591365,1.4991341722591365,1.5
2.886,0.5227529215235004,0.0027969415208234155,0.5235987755982988,0.0008458540747984244,0.2984855906746612,1.4953611650377163,1.4953611650377163,1.5
2.887,0.5227553646712961,0.0024431477956960153,0.5235987755982988,0.0008434109270026857,0.29848598952643174,1.4931478808191179,1.4931478808191179,1.5
2.888,0.5227577187397174,0.0023540684213029335,0.5235987755982988,0.0008410568585813794,0.29848930471574125,1.498413864335794,1.498413864335794,1.5
2.8890000000000002,0.5227603307642009,0.0026120244834903173,0.5235987755982988,0.0008384448340978956,0.2984964520415799,1.505347446717452,1.505347446717452,1.5
2.89,0.5227631355355838,0.002804771382939916,0.5235987755982988,0.0008356400627149707,0.29850286846248836,1.5040638999476712,1.5040638999476712,1.5
2.891,0.522766420120505,0.003284584921204107,0.5235987755982988,0.0008323554777938114,0.2985124564459584,1.509820652475919,1.509820652475919,1.5
2.892,0.5227693585625366,0.0029384420315601203,0.5235987755982988,0.0008294170357622255,0.2985128872641141,1.4933399090008166,1.4933399090008166,1.5
2.8930000000000002,0.522772306352886,0.0029477903494119218,0.5235987755982988,0.000826469245412853,0.29851724050810247,1.5004220417195608,1.5004220417195608,1.5
2.894,0.5227756201767303,0.003313823844354083,0.5235987755982988,0.0008231554215685222,0.29852553429790096,1.5075564931267962,1.5075564931267962,1.5
2.895,0.5227792646309932,0.003644454262982254,0.5235987755982988,0.0008195109673055923,0.29853342905844976,1.5068777142801117,1.5068777142801117,1.5
2.896,0.5227835532681194,0.004288637126237516,0.5235987755982988,0.0008152223301793882,0.29854479086915,1.5131752136061438,1.5131752136061438,1.5
2.8970000000000002,0.5227870457568824,0.0034924887630115695,0.5235987755982988,0.0008117298414164198,0.2985401904089615,1.48442012370558,1.48442012370558,1.5
2.898,0.5227903806609749,0.0033349040925176035,0.5235987755982988,0.0008083949373238752,0.29854264290405647,1.4971277056911616,1.4971277056911616,1.5
2.899,0.5227941641913382,0.003783530363271849,0.5235987755982988,0.0008046114069606425,0.29855179863991366,1.5092393177424863,1.5092393177424863,1.5
2.9,0.5227973005663444,0.0031363750062567424,0.5235987755982988,0.0008014750319543795,0.29854880727265004,1.4873595752887596,1.4873595752887596,1.5
2.9010000000000002,0.522800710323338,0.0034097569935646753,0.5235987755982988,0.0007980652749608463,0.2985559953687073,1.5057185497466592,1.5057185497466592,1.5
2.902,0.5228049000979197,0.004189774581728056,0.5235987755982988,0.0007938755003791265,0.29856878936066256,1.5158731323227528,1.5158731323227528,1.5
2.903,0.5228082669264411,0.00336682852140755,0.5235987755982988,0.0007905086718577037,0.29856382111354723,1.4838762607601281,1.4838762607601281,1.5
2.904,0.5228118665393162,0.0035996128751558942,0.5235987755982988,0.0007869090589825989,0.2985705279987489,1.5049250333566795,1.5049250333566795,1.5
2.9050000000000002,0.5228155953015573,0.0037287622410648435,0.5235987755982988,0.0007831802967415147,0.29857607831251864,1.5028709563481915,1.5028709563481915,1.5
2.906,0.5228191561576669,0.003560856109644917,0.5235987755982988,0.0007796194406318735,0.298578327501875,1.4969401783508867,1.4969401783508867,1.5
2.907,0.5228218689660238,0.0027128083568449726,0.5235987755982988,0.0007769066322750318,0.2985730268237162,1.4833239134327727,1.4833239134327727,1.5
2.908,0.5228245176507146,0.0026486846908176658,0.5235987755982988,0.0007742579475842337,0.2985763893817381,1.4989345513480015,1.4989345513480015,1.5
2.9090000000000003,0.5228278753288219,0.003357678107355327,0.5235987755982988,0.000770900269476904,0.2985883061774153,1.5143917631060186,1.5143917631060186,1.5
2.91,0.522830777535062,0.00290220624009572,0.5235987755982988,0.0007679980632367966,0.2985873187236847,1.4911591769033963,1.4911591769033963,1.5
2.911,0.5228339131071443,0.0031355720822579033,0.5235987755982988,0.0007648624911544832,0.2985939463689612,1.5048994933424513,1.5048994933424513,1.5
2.912,0.5228357643562038,0.0018512490595222694,0.5235987755982988,0.0007630112420949908,0.2985837495010759,1.474564385311868,1.474564385311868,1.5
2.9130000000000003,0.5228376386620279,0.0018743058240906242,0.5235987755982988,0.0007611369362708897,0.2985880101590874,1.5006092352161289,1.5006092352161289,1.5
2.914,0.5228409410730288,0.0033024110009044648,0.5235987755982988,0.0007578345252700069,0.29860782844008843,1.528712048002204,1.528712048002204,1.5
2.915,0.5228439061826764,0.0029651096475637314,0.5235987755982988,0.0007548694156224167,0.29860809382713155,1.4935181658132577,1.4935181658132577,1.5
2.916,0.5228455636491235,0.0016574664470601988,0.5235987755982988,0.0007532119491753253,0.2985975918191682,1.4740843447617344,1.4740843447617344,1.5
2.9170000000000003,0.52284626518592,0.0007015367965127192,0.5235987755982988,0.0007525104123787818,0.2985909580492008,1.4810140043048152,1.4810140043048152,1.5
2.918,0.5228459380367769,-0.00032714914312623113,0.5235987755982988,0.0007528375615218907,0.29858349412338636,1.479482404150942,1.479482404150942,1.5
2.919,0.5228464736577294,0.0005356209525223954,0.5235987755982988,0.0007523019405694109,0.2985969632421479,1.5172292299815224,1.5172292299815224,1.5
2.92,0.5228465764849592,0.00010282722988914049,0.5235987755982988,0.0007521991133395689,0.2985960780116841,1.4913869752235367,1.4913869752235367,1.5
2.9210000000000003,0.5228473166306521,0.000740145692812305,0.5235987755982988,0.0007514589676467232,0.2986070332501209,1.5127545954368544,1.5127545954368544,1.5
2.922,0.5228480400126557,0.0007233820036858745,0.5235987755982988,0.000750735585643092,0.29861073894077034,1.4997239378728964,1.4997239378728964,1.5
2.923,0.5228496919730544,0.0016519603986801727,0.5235987755982988,0.0007490836252443955,0.29862490832789296,1.5186294384601808,1.5186294384601808,1.5
2.924,0.5228517913499318,0.0020993768773046894,0.5235987755982988,0.0007469842483670552,0.29863374818648847,1.5090804864043847,1.5090804864043847,1.5
2.9250000000000003,0.5228543166988168,0.002525348884991491,0.5235987755982988,0.0007444588994820478,0.29864234577616794,1.5086873903039204,1.5086873903039204,1.5
2.926,0.5228562359721306,0.0019192733138446078,0.5235987755982988,0.0007425396261682149,0.29863950299921893,1.4880805164878617,1.4880805164878617,1.5
2.927,0.522857665839114,0.0014298669833631044,0.5235987755982988,0.0007411097591848437,0.2986379339688917,1.4903654152554775,1.4903654152554775,1.5
2.928,0.5228589810917653,0.0013152526513567904,0.5235987755982988,0.0007397945065334977,0.2986405004136973,1.4978221027185428,1.4978221027185428,1.5
2.9290000000000003,0.5228612174903227,0.0022363985573550025,0.5235987755982988,0.0007375581079761551,0.298654531237112,1.5185281383320728,1.5185281383320728,1.5
2.93,0.5228636356108239,0.00241812050123545,0.5235987755982988,0.0007351399874748754,0.2986603709570991,1.5038133507621974,1.5038133507621974,1.5
2.931,0.5228664917883094,0.0028561774854517666,0.5235987755982988,0.0007322838099894646,0.29866904283218987,1.5089545893244252,1.5089545893244252,1.5
2.932,0.5228687267894214,0.0022350011121262422,0.5235987755982988,0.0007300488088773927,0.29866597344303275,1.4878049667323257,1.4878049667323257,1.5
2.9330000000000003,0.5228702023985834,0.0014756091619567504,0.5235987755982988,0.000728573199715421,0.29866135355044016,1.4849909610855803,1.4849909610855803,1.5
2.934,0.5228710647094397,0.0008623108562942859,0.5235987755982988,0.0007277108888591455,0.29865833156421717,1.4878520826197073,1.4878520826197073,1.5
2.935,0.5228725115741131,0.0014468646734230298,0.5235987755982988,0.000726264024185741,0.2986685633666493,1.5117600612110784,1.5117600612110784,1.5
2.936,0.5228757396560717,0.003228081958624286,0.5235987755982988,0.0007230359422271126,0.29869205216335,1.535740094877899,1.535740094877899,1.5
2.9370000000000003,0.5228799718351308,0.004232179059104674,0.5235987755982988,0.0007188037631680189,0.29870694409008103,1.5203401885662977,1.5203401885662977,1.5
2.938,0.5228831051278718,0.0031332927410647263,0.5235987755982988,0.0007156704704269767,0.2986985375125262,1.4783608479639294,1.4783608479639294,1.5
2.939,0.5228863872724657,0.0032821445939010983,0.5235987755982988,0.000712388325833091,0.29870393087148095,1.5032277004760126,1.5032277004760126,1.5
2.94,0.5228900234064715,0.0036361340058076335,0.5235987755982988,0.000708752191827311,0.2987115888800395,1.5073423598056428,1.5073423598056428,1.5
2.9410000000000003,0.5228924714702646,0.002448063793170163,0.5235987755982988,0.0007063041280341853,0.29870215483132345,1.4765294864677152,1.4765294864677152,1.5
2.942,0.5228940771627748,0.0016056925102057135,0.5235987755982988,0.0007046984355240093,0.29869652471790936,1.4833484194441646,1.4833484194441646,1.5
2.943,0.5228956990379597,0.0016218751849430694,0.5235987755982988,0.0007030765603390776,0.2987003859286052,1.5004521088955636,1.5004521088955636,1.5
2.944,0.5228975356318513,0.0018365938915622453,0.5235987755982988,0.0007012399664475533,0.29870643700589283,1.504424124147179,1.504424124147179,1.5
2.945,0.5228994652634759,0.00192963162458602,0.5235987755982988,0.0006993103348229557,0.2987111325721767,1.5020076821718005,1.5020076821718005,1.5
2.946,0.5229012525854551,0.0017873219791604907,0.5235987755982988,0.0006975230128437593,0.29871321152772273,1.4973081776214563,1.4973081776214563,1.5
2.947,0.5229020452348687,0.0007926494136225991,0.5235987755982988,0.0006967303634300981,0.29870583395254763,1.480249534447575,1.480249534447575,1.5
2.948,0.5229026764934296,0.0006312585608921617,0.5235987755982988,0.00069609910486923,0.2987076657670273,1.496835594898481,1.496835594898481,1.5
2.949,0.5229029703112116,0.00029381778199572917,0.5235987755982988,0.0006958052870872367,0.29870753466246874,1.4933016851069427,1.4933016851069427,1.5
2.95,0.5229026789769122,-0.0002913342993312144,0.5235987755982988,0.0006960966213865882,0.2987046442416841,1.4883204637960208,1.4883204637960208,1.5
2.951,0.5229033308142678,0.0006518373555643624,0.5235987755982988,0.0006954447840310518,0.2987186702279143,1.518840126353965,1.518840126353965,1.5
2.952,0.5229036273834459,0.00029656917813754654,0.5235987755982988,0.0006951482148529475,0.29871831201866245,1.4929467834399088,1.4929467834399088,1.5
2.953,0.5229042630731213,0.0006356896754791518,0.5235987755982988,0.0006945125251774931,0.2987256331130601,1.506806135481083,1.506806135481083,1.5
2.954,0.5229066069960174,0.0023439228961111246,0.5235987755982988,0.0006921686022813844,0.29874811918177,1.5342155195866778,1.5342155195866778,1.5
2.955,0.5229102576624232,0.003650666405736611,0.5235987755982988,0.0006885179358756544,0.2987661700339115,1.5263223840241986,1.5263223840241986,1.5
2.956,0.5229143943850906,0.004136722667393438,0.5235987755982988,0.0006843812132082405,0.29877513531279015,1.5100131785455955,1.5100131785455955,1.5
2.957,0.5229179944241528,0.0036000390622108777,0.5235987755982988,0.0006807811741460501,0.2987727650020676,1.4895972657097403,1.4895972657097403,1.5
2.958,0.5229213681737982,0.0033737496454484916,0.5235987755982988,0.0006774074245006201,0.29877381674155756,1.4957622147897291,1.4957622147897291,1.5
2.959,0.5229244903270863,0.0031221532880724018,0.5235987755982988,0.0006742852712124936,0.2987745751288796,1.495237972824114,1.495237972824114,1.5
2.96,0.5229262694761937,0.0017791491074172353,0.5235987755982988,0.000672506122105121,0.2987632271028439,1.4733896886499425,1.4733896886499425,1.5
2.961,0.522928856904195,0.002587428001304439,0.5235987755982988,0.0006699186941038215,0.2987756879196263,1.5163079098063375,1.5163079098063375,1.5
2.962,0.5229313953551492,0.0025384509542604335,0.5235987755982988,0.0006673802431496068,0.29877865136211995,1.4992274532992242,1.4992274532992242,1.5
2.963,0.5229336792546565,0.0022838995072934623,0.5235987755982988,0.000665096343642313,0.2987793265922177,1.4951120471370014,1.4951120471370014,1.5
2.964,0.5229363868269252,0.002707572268693459,0.5235987755982988,0.0006623887713735899,0.2987875036194905,1.5086561671885834,1.5086561671885834,1.5
2.965,0.522938996483447,0.002609656521823408,0.5235987755982988,0.0006597791148518217,0.29878989739940554,1.4982582908440945,1.4982582908440945,1.5
2.966,0.5229425420849656,0.0035456015186104504,0.5235987755982988,0.0006562335133332153,0.2988037357293005,1.5189276724574867,1.5189276724574867,1.5
2.967,0.5229450399171166,0.0024978321509815642,0.5235987755982988,0.0006537356811822104,0.2987955969936343,1.479328260768911,1.479328260768911,1.5
2.968,0.5229479026856936,0.0028627685769506005,0.5235987755982988,0.0006508729126052382,0.2988030876142012,1.5074985550914592,1.5074985550914592,1.5
2.969,0.5229493864286496,0.00148374295605836,0.5235987755982988,0.0006493891696491838,0.2987912499804047,1.4726485090683112,1.4726485090683112,1.5
2.97,0.5229509174612056,0.0015310325559154362,0.5235987755982988,0.0006478581370932268,0.29879518806435573,1.5010644914336262,1.5010644914336262,1.5
2.971,0.5229518230051365,0.000905543930915621,0.5235987755982988,0.0006469525931622755,0.2987916627290553,1.487612710104477,1.487612710104477,1.5
2.972,0.5229528418012179,0.0010187960813346272,0.5235987755982988,0.0006459337970808887,0.29879630493009546,1.5023374865228534,1.5023374865228534,1.5
2.973,0.5229539493867802,0.0011075855623047554,0.5235987755982988,0.0006448262115186232,0.29880066823682977,1.5018572933059093,1.5018572933059093,1.5
2.974,0.5229554862897632,0.0015369029830104644,0.5235987755982988,0.0006432893085356328,0.29880879655487685,1.5086749552590986,1.5086749552590986,1.5
2.975,0.5229569699379768,0.0014836482135941508,0.5235987755982988,0.0006418056603220146,0.298811574324448,1.4990578568503146,1.4990578568503146,1.5
2.976,0.5229582796701293,0.001309732152457322,0.5235987755982988,0.0006404959281695044,0.2988130050718231,1.496640370634351,1.496640370634351,1.5
2.977,0.5229601257822978,0.0018461121685189998,0.5235987755982988,0.0006386498160010357,0.2988222944643629,1.5108323788934301,1.5108323788934301,1.5
2.978,0.522962043363145,0.0019175808472084556,0.5235987755982988,0.000636732235153814,0.2988264305254297,1.5015770625472706,1.5015770625472706,1.5
2.979,0.522964330941549,0.0022875784040076036,0.5235987755982988,0.0006344446567497775,0.29883386609605384,1.5075533576037596,1.5075533576037596,1.5
2.98,0.5229651205160343,0.000789574485278368,0.5235987755982988,0.0006336550822645393,0.29882059939102196,1.470222927897736,1.470222927897736,1.5
2.981,0.5229660548580567,0.0009343420224435762,0.5235987755982988,0.0006327207402421209,0.29882550549614495,1.5029585167021264,1.5029585167021264,1.5
2.982,0.522966090744158,3.588610127401451e-05,0.5235987755982988,0.0006326848541408081,0.29881884516454255,1.4821056289384043,1.4821056289384043,1.5
2.983,0.5229664080123109,0.00031726815289571773,0.5235987755982988,0.0006323675859879474,0.29882523645877956,1.505630511920536,1.505630511920536,1.5
2.984,0.5229666948886799,0.00028687636899863404,0.5235987755982988,0.000632080709618954,0.2988281679620928,1.49941754577429,1.49941754577429,1.5
2.985,0.5229679506749614,0.0012557862814954978,0.5235987755982988,0.0006308249233374363,0.2988421625928679,1.5194011483594572,1.5194011483594572,1.5
2.986,0.5229695357839116,0.0015851089502481495,0.5235987755982988,0.000629239814387228,0.2988490745614625,1.5066869162775727,1.5066869162775727,1.5
2.987,0.5229710054258423,0.001469641930709084,0.5235987755982988,0.000627770172456521,0.2988510535617494,1.4978174683252385,1.4978174683252385,1.5
2.988,0.5229715032837803,0.0004978579380292335,0.5235987755982988,0.0006272723145185344,0.29884353368567856,1.4806818915008597,1.4806818915008597,1.5
2.989,0.5229719781293144,0.0004748455341263073,0.5235987755982988,0.0006267974689844191,0.29884650427411547,1.4995795805569838,1.4995795805569838,1.5
2.99,0.5229717005623061,-0.00027756700822075095,0.5235987755982988,0.0006270750359926858,0.29884138361784135,1.484989736795789,1.484989736795789,1.5
2.991,0.5229712085498125,-0.0004920124936142899,0.5235987755982988,0.0006275670484863216,0.298842204652103,1.4956888849314716,1.4956888849314716,1.5
2.992,0.5229699011972988,-0.00130735251371968,0.5235987755982988,0.0006288744010000125,0.2988363557963345,1.483653838598403,1.483653838598403,1.5
2.993,0.5229689173993934,-0.00098379790536213,0.5235987755982988,0.0006298581989053753,0.298843106336492,1.5063665039660534,1.5063665039660534,1.5
2.994,0.5229666858656972,-0.0022315336963100894,0.5235987755982988,0.0006320897326016484,0.2988324420975259,1.4749665803486118,1.4749665803486118,1.5
2.995,0.5229651349639682,-0.001550901728893496,0.5235987755982988,0.0006336406343305789,0.29884311905385,1.513434116652627,1.513434116652627,1.5
2.996,0.5229643814229306,-0.0007535410377185246,0.5235987755982988,0.000634394175368258,0.29885508999369265,1.515823141685188,1.515823141685188,1.5
2.997,0.5229646331187979,0.000251695867364662,0.5235987755982988,0.0006341424795008876,0.29886936645067336,1.5200444548186463,1.5200444548186463,1.5
2.998,0.5229635675904104,-0.0010655283875141057,0.5235987755982988,0.0006352080078884104,0.29885791427245645,1.4736756505718138,1.4736756505718138,1.5
2.999,0.5229622592825226,-0.0013083078878272018,0.5235987755982988,0.0006365163157762144,0.2988583406416312,1.495059167722737,1.495059167722737,1.5
3.0,0.5229614589499926,-0.0008003325300337424,0.5235987755982988,0.0006373166483062409,0.29886707368280385,1.510054842524843,1.510054842524843,1.5
3.001,0.5229601239957827,-0.0013349542098828257,0.5235987755982988,0.0006386516025160827,0.2988642527251233,1.4892435398006156,1.4892435398006156,1.5
3.0020000000000002,0.5229586587406528,-0.0014652551299341242,0.5235987755982988,0.0006401168576459781,0.29886589589500506,1.4972871852621834,1.4972871852621834,1.5
3.003,0.5229562714383,-0.002387302352777539,0.5235987755982988,0.0006425041599987802,0.2988587559258404,1.481441835132737,1.481441835132737,1.5
3.004,0.5229552629497082,-0.0010084885918625161,0.5235987755982988,0.0006435126485906384,0.29887708917315386,1.5273852910300783,1.5273852910300783,1.5
3.005,0.5229547005934058,-0.0005623563023824598,0.5235987755982988,0.0006440750048930521,0.2988850983259719,1.5088419667022521,1.5088419667022521,1.5
3.0060000000000002,0.5229546689539284,-3.163947736869663e-05,0.5235987755982988,0.0006441066443704235,0.2988940422907177,1.5105693479960847,1.5105693479960847,1.5
3.007,0.5229560723981671,0.0014034442387422668,0.5235987755982988,0.0006427032001317112,0.29891300568778717,1.5286991431640298,1.5286991431640298,1.5
3.008,0.5229568677770673,0.0007953789002107975,0.5235987755982988,0.0006419078212315243,0.29890934138880076,1.48795096876847,1.48795096876847,1.5
3.009,0.5229579493513979,0.001081574330669515,0.5235987755982988,0.0006408262469008719,0.29891556899654437,1.5057875389211912,1.5057875389211912,1.5
3.0100000000000002,0.5229586545412553,0.0007051898574359538,0.5235987755982988,0.0006401210570434746,0.29891445043227793,1.4925588364817823,1.4925588364817823,1.5
3.011,0.5229579972399664,-0.0006573012889614942,0.5235987755982988,0.0006407783583324278,0.2989023918949368,1.472806592260646,1.472806592260646,1.5
3.012,0.5229578126953563,-0.0001845446100444533,0.5235987755982988,0.0006409629029424657,0.2989106415292861,1.509402549475224,1.509402549475224,1.5
3.013,0.522958101332948,0.0002886375915884663,0.5235987755982988,0.0006406742653508601,0.2989188939796005,1.5094488804638548,1.5094488804638548,1.5
3.0140000000000002,0.5229584802907562,0.00037895780824674766,0.5235987755982988,0.0006402953075426154,0.29892290230394536,1.5018294953404927,1.5018294953404927,1.5
3.015,0.5229583945217011,-8.576905511405869e-05,0.5235987755982988,0.0006403810765976958,0.298920753421861,1.4907357793574436,1.4907357793574436,1.5
3.016,0.5229588664452685,0.00047192356731835794,0.5235987755982988,0.0006399091530303602,0.2989299186428111,1.5111469909242392,1.5111469909242392,1.5
3.017,0.5229598859302081,0.0010194849396696621,0.5235987755982988,0.0006388896680906697,0.29893897093539745,1.5109889813324116,1.5109889813324116,1.5
3.0180000000000002,0.5229603392530141,0.00045332280598768776,0.5235987755982988,0.0006384363452847097,0.2989356819943695,1.488758316121534,1.488758316121534,1.5
3.019,0.5229607061547316,0.000366901717500001,0.5235987755982988,0.0006380694435672574,0.2989376927611744,1.4983078440547253,1.4983078440547253,1.5
3.02,0.5229625218946727,0.001815739941157566,0.5235987755982988,0.0006362537036260774,0.29895670531120466,1.5290061166105513,1.5290061166105513,1.5
3.021,0.5229651371277134,0.0026152330406696723,0.5235987755982988,0.0006336384705853959,0.29896853444950355,1.5161351211855347,1.5161351211855347,1.5
3.0220000000000002,0.522966759621165,0.0016224934516357776,0.5235987755982988,0.0006320159771338041,0.29896050772075844,1.4803544268625757,1.4803544268625757,1.5
3.023,0.522968172396589,0.0014127754240355654,0.5235987755982988,0.0006306032017098229,0.29896113536636526,1.4959354389241266,1.4959354389241266,1.5
3.024,0.5229701278293929,0.0019554328039136453,0.5235987755982988,0.0006286477689059211,0.29897008854797175,1.5109661696314844,1.5109661696314844,1.5
3.025,0.5229722027374476,0.0020749080547024785,0.5235987755982988,0.0006265728608512156,0.29897435198115746,1.5025459396400898,1.5025459396400898,1.5
3.0260000000000002,0.5229742697190698,0.002066981622211834,0.5235987755982988,0.0006245058792290203,0.2989771972465806,1.5000074639945633,1.5000074639945633,1.5
3.027,0.5229758735212297,0.0016038021598815799,0.5235987755982988,0.0006229020770691651,0.2989749899241708,1.4909017692831719,1.4909017692831719,1.5
3.028,0.5229783754404941,0.002501919264422404,0.5235987755982988,0.0006204001578047347,0.2989878518059674,1.518090646263607,1.518090646263607,1.5
3.029,0.5229813662973936,0.002990856899525851,0.5235987755982988,0.0006174093009052584,0.29899618402049005,1.5099789062432227,1.5099789062432227,1.5
3.0300000000000002,0.5229840981019942,0.0027318046006158964,0.5235987755982988,0.0006146774963046164,0.29899622684734395,1.495058222573763,1.495058222573763,1.5
3.031,0.5229868281900365,0.002730088042318896,0.5235987755982988,0.0006119474082623144,0.29899910943956853,1.5001842132021093,1.5001842132021093,1.5
3.032,0.5229891322628655,0.0023040728290180832,0.5235987755982988,0.0006096433354333408,0.2989972826005544,1.4916981027773693,1.4916981027773693,1.5
3.033,0.5229921833281453,0.0030510652798505897,0.5235987755982988,0.0006065922701534721,0.2990084392553135,1.5151241748429716,1.5151241748429716,1.5
3.0340000000000003,0.5229949118860832,0.002728557937824794,0.5235987755982988,0.0006038637122156576,0.2990077476996932,1.4937939383818721,1.4937939383818721,1.5
3.035,0.5229968834365718,0.0019715504886238223,0.5235987755982988,0.0006018921617270134,0.2990022293601655,1.4850781356510065,1.4850781356510065,1.5
3.036,0.5229985475651348,0.001664128562955676,0.5235987755982988,0.000600228033164063,0.2990016743123677,1.494009285525727,1.494009285525727,1.5
3.037,0.5230001509835189,0.0016034183842126373,0.5235987755982988,0.0005986246147798857,0.2990038408249152,1.4989189267101757,1.4989189267101757,1.5
3.0380000000000003,0.5230018468596913,0.0016958761723441795,0.5235987755982988,0.0005969287386075051,0.29900769579727465,1.5019774292333679,1.5019774292333679,1.5
3.039,0.5230040918155728,0.002244955881506318,0.5235987755982988,0.0005946837827259799,0.2990166037115631,1.5111172642770303,1.5111172642770303,1.5
3.04,0.5230063540606926,0.002262245119756578,0.5235987755982988,0.0005924215376061914,0.2990196188709413,1.5005253812355257,1.5005253812355257,1.5
3.041,0.5230077920271456,0.0014379664530111017,0.5235987755982988,0.0005909835711531697,0.2990133015922266,1.483695406274671,1.483695406274671,1.5
3.0420000000000003,0.5230093494763572,0.001557449211558018,0.5235987755982988,0.000589426121941572,0.2990174224700804,1.5025046924871792,1.5025046924871792,1.5
3.043,0.5230115006905943,0.0021512142370725467,0.5235987755982988,0.0005872749077044936,0.29902679243356894,1.5119998964472152,1.5119998964472152,1.5
3.044,0.5230139400105821,0.0024393199877893084,0.5235987755982988,0.0005848355877167144,0.2990327759515664,1.505934212153301,1.505934212153301,1.5
3.045,0.5230162033214297,0.002263310847586364,0.5235987755982988,0.0005825722768690866,0.2990336131166839,1.4966749627949643,1.4966749627949643,1.5
3.0460000000000003,0.5230186676733638,0.0024643519340846625,0.5235987755982988,0.0005801079249350138,0.2990386180036725,1.5042018865977729,1.5042018865977729,1.5
3.047,0.5230207724804911,0.0021048071272365817,0.5235987755982988,0.0005780031178077571,0.29903740645907384,1.4930062520177652,1.4930062520177652,1.5
3.048,0.5230225261544543,0.001753673963259649,0.5235987755982988,0.0005762494438444898,0.2990362755388496,1.4931457212906403,1.4931457212906403,1.5
3.049,0.5230237295494556,0.0012033950012957115,0.5235987755982988,0.0005750460488431752,0.2990329255870399,1.489134714677782,1.489134714677782,1.5
3.0500000000000003,0.5230240960057461,0.00036645629045455855,0.5235987755982988,0.0005746795925527515,0.2990263842404738,1.4833574973832806,1.4833574973832806,1.5
3.051,0.5230239719836652,-0.00012402208083928795,0.5235987755982988,0.0005748036146335789,0.29902366281547377,1.4902197490773594,1.4902197490773594,1.5
3.052,0.52302461920485,0.0006472211848044213,0.5235987755982988,0.0005741563934488214,0.29903490748553974,1.515414943546407,1.515414943546407,1.5
3.053,0.5230259479776266,0.0013287727766214978,0.5235987755982988,0.0005728276206722338,0.29904516137590176,1.5136828095311259,1.5136828095311259,1.5
3.0540000000000003,0.523027374126324,0.0014261486974626316,0.5235987755982988,0.000571401471974764,0.29904894420878786,1.5020538202389524,1.5020538202389524,1.5
3.055,0.5230291249177088,0.0017507913847944713,0.5235987755982988,0.0005696506805900059,0.29905523907006126,1.5066069456424338,1.5066069456424338,1.5
3.056,0.523031603013096,0.0024780953871781806,0.5235987755982988,0.0005671725852027798,0.2990659925038608,1.5146861433584577,1.5146861433584577,1.5
3.057,0.5230343018387622,0.002698825666167584,0.5235987755982988,0.00056447375953661,0.2990711353795901,1.5046128532107623,1.5046128532107623,1.5
3.0580000000000003,0.5230372206074592,0.002918768696975738,0.5235987755982988,0.0005615549908396522,0.29907626506921425,1.5046147666694565,1.5046147666694565,1.5
3.059,0.5230404620981574,0.003241490698203193,0.5235987755982988,0.0005583135001414608,0.2990825291224964,1.5066879415203072,1.5066879415203072,1.5
3.06,0.5230437707805276,0.003308682370209574,0.5235987755982988,0.0005550048177712652,0.29908595876630995,1.5016031526959839,1.5016031526959839,1.5
3.061,0.5230461973234628,0.0024265429352904907,0.5235987755982988,0.0005525782748360131,0.29907886298351755,1.482621905891235,1.482621905891235,1.5
3.0620000000000003,0.5230484383092975,0.0022409858346314755,0.5235987755982988,0.0005503372890013347,0.29907946612285496,1.496482981421643,1.496482981421643,1.5
3.063,0.523049077894703,0.000639585405517688,0.5235987755982988,0.0005496977035958084,0.2990643713525892,1.4681512702844948,1.4681512702844948,1.5
3.064,0.5230497127427184,0.0006348480153503029,0.5235987755982988,0.0005490628555804289,0.29906693897711334,1.4999564190290937,1.4999564190290937,1.5
3.065,0.5230506336743954,0.000920931677080383,0.5235987755982988,0.0005481419239034002,0.29907272167306365,1.5057724610758296,1.5057724610758296,1.5
3.0660000000000003,0.5230516291431693,0.0009954687738460905,0.5235987755982988,0.0005471464551295435,0.29907615702381385,1.5015644164694806,1.5015644164694806,1.5
3.067,0.5230525332616818,0.0009041185124776938,0.5235987755982988,0.0005462423366170421,0.29907774807486953,1.4982526322745398,1.4982526322745398,1.5
3.068,0.5230532417532219,0.0007084915401069893,0.5235987755982988,0.0005455338450769398,0.299078175249196,1.4961597900335841,1.4961597900335841,1.5
3.069,0.5230527384279288,-0.0005033252931171734,0.5235987755982988,0.0005460371703700506,0.29906733284831666,1.4758203426587253,1.4758203426587253,1.5
3.0700000000000003,0.5230529762189687,0.00023779103992021362,0.5235987755982988,0.0005457993793300808,0.29907810592111206,1.5147820606372984,1.5147820606372984,1.5
3.071,0.52305281393796,-0.00016228100874985171,0.5235987755982988,0.0005459616603388229,0.29907623725225013,1.4920175823097923,1.4920175823097923,1.5
3.072,0.5230526992994247,-0.00011463853529252162,0.5235987755982988,0.0005460762988741541,0.29907931685376105,1.5009398669884466,1.5009398669884466,1.5
3.073,0.5230537494537806,0.00105015435596384,0.5235987755982988,0.0005450261445182347,0.2990947684340788,1.5232866867423038,1.5232866867423038,1.5
3.074,0.5230543822426238,0.000632788843259369,0.5235987755982988,0.0005443933556750213,0.29909269799636357,1.4917367020943877,1.4917367020943877,1.5
3.075,0.5230543229338268,-5.9308797034357996e-05,0.5235987755982988,0.000544452664472006,0.299087570672441,1.4862086703015862,1.4862086703015862,1.5
3.076,0.5230549742782494,0.0006513444225798732,0.5235987755982988,0.0005438013200493863,0.2990979698227603,1.5142083196885219,1.5142083196885219,1.5
3.077,0.5230557369793762,0.0007627011268023311,0.5235987755982988,0.0005430386189225755,0.299101731259062,1.5022792416382555,1.5022792416382555,1.5
3.078,0.5230576823859856,0.0019454066093641947,0.5235987755982988,0.0005410932123132151,0.2991173581119407,1.5237151257413815,1.5237151257413815,1.5
3.079,0.5230604075753063,0.0027251893206510606,0.5235987755982988,0.0005383680229925636,0.2991285295779766,1.5157512867544864,1.5157512867544864,1.5
3.08,0.5230623864240795,0.001978848773238213,0.5235987755982988,0.0005363891742192761,0.2991227947061248,1.4852912041973951,1.4852912041973951,1.5
3.081,0.5230646406102003,0.0022541861208022966,0.5235987755982988,0.0005341349880985113,0.29912836317223146,1.5056650548531407,1.5056650548531407,1.5
3.082,0.5230675486922161,0.002908082015720679,0.5235987755982988,0.0005312269060827601,0.2991381229710829,1.5132582527880318,1.5132582527880318,1.5
3.083,0.5230702061893878,0.0026574971717579256,0.5235987755982988,0.0005285694089109949,0.29913786276877075,1.4952209496820026,1.4952209496820026,1.5
3.084,0.5230731084634496,0.002902274061789239,0.5235987755982988,0.0005256671348492503,0.299143080953663,1.505108137574367,1.505108137574367,1.5
3.085,0.5230761991478019,0.003090684352302057,0.5235987755982988,0.0005225764504969144,0.2991476709719272,1.5040003877351995,1.5040003877351995,1.5
3.086,0.5230786969304847,0.0024977826828221092,0.5235987755982988,0.0005200786678141167,0.2991435994298213,1.4883892213585852,1.4883892213585852,1.5
3.087,0.5230818526600096,0.0031557295249714707,0.5235987755982988,0.0005169229382891993,0.2991533727053385,1.513358759457613,1.513358759457613,1.5
3.088,0.5230854429614652,0.0035903014556120357,0.5235987755982988,0.0005133326368336188,0.2991606730008776,1.508943896974809,1.508943896974809,1.5
3.089,0.5230887585911881,0.0033156297228392963,0.5235987755982988,0.0005100170071107302,0.29916011367924694,1.4947937894609942,1.4947937894609942,1.5
3.09,0.5230913091934338,0.0025506022457514287,0.5235987755982988,0.0005074664048649868,0.2991541104285211,1.4849647008360698,1.4849647008360698,1.5
3.091,0.5230929941997106,0.0016850062767146486,0.5235987755982988,0.0005057813985882564,0.29914697556794284,1.4828921287989245,1.4828921287989245,1.5
3.092,0.5230950913435621,0.0020971438515486047,0.5235987755982988,0.0005036842547366804,0.29915397981955455,1.5083775519988163,1.5083775519988163,1.5
3.093,0.5230965523792425,0.0014610356803218686,0.5235987755982988,0.0005022232190563525,0.29914936802397885,1.4874456080835892,1.4874456080835892,1.5
3.094,0.5230985197192003,0.0019673399577940847,0.5235987755982988,0.0005002558790985212,0.29915739911998107,1.51024296840387,1.51024296840387,1.5
3.095,0.5230993015433816,0.000781824181247736,0.5235987755982988,0.0004994740549172372,0.2991466844806823,1.4764470716656966,1.4764470716656966,1.5
3.096,0.5231008713201701,0.0015697767885807347,0.5235987755982988,0.0004979042781286802,0.2991578136638833,1.5158215980811598,1.5158215980811598,1.5
3.097,0.5231016050593138,0.0007337391436231628,0.5235987755982988,0.0004971705389850145,0.2991509525896032,1.483404829243935,1.483404829243935,1.5
3.098,0.5231028299669902,0.0012249076763596522,0.5235987755982988,0.0004959456313086141,0.2991587793523945,1.5098820697862196,1.5098820697862196,1.5
3.099,0.5231028187208696,-1.1246120616176681e-05,0.5235987755982988,0.0004959568774292045,0.29914746689805244,1.4753749166745922,1.4753749166745922,1.5
3.1,0.523102580912465,-0.00023780840463446783,0.5235987755982988,0.0004961946858338395,0.29914731760173097,1.4954678546299849,1.4954678546299849,1.5
3.101,0.5231031507547624,0.000569842297419338,0.5235987755982988,0.0004956248435363797,0.2991586181010994,1.5161339893687054,1.5161339893687054,1.5
3.102,0.5231041434286778,0.0009926739154373714,0.5235987755982988,0.0004946321696209788,0.29916565916992965,1.5085022197441542,1.5085022197441542,1.5
3.103,0.5231046988882502,0.0005554595723602286,0.5235987755982988,0.000494076710048641,0.2991631698797369,1.4913351270516921,1.4913351270516921,1.5
3.104,0.5231046862784074,-1.2609842682066068e-05,0.5235987755982988,0.0004940893198913665,0.2991592181894689,1.488683048464943,1.488683048464943,1.5
3.105,0.5231048659494174,0.00017967101000541404,0.5235987755982988,0.0004939096488814076,0.29916367720183396,1.503844608266335,1.503844608266335,1.5
3.106,0.5231051480709328,0.00028212151538398726,0.5235987755982988,0.0004936275273660362,0.2991671370343986,1.502063383788372,1.502063383788372,1.5
3.107,0.5231050739749897,-7.40959430495017e-05,0.5235987755982988,0.0004937016233090841,0.29916550963017735,1.492898220552561,1.492898220552561,1.5
3.108,0.5231050716511432,-2.3238465041201616e-06,0.5235987755982988,0.0004937039471556437,0.29916861321250676,1.5014295142554637,1.5014295142554637,1.5
3.109,0.5231060331445367,0.0009614933935715949,0.5235987755982988,0.0004927424537620739,0.29918159553540496,1.519276158893794,1.519276158893794,1.5
3.11,0.5231075674016654,0.0015342571287151653,0.5235987755982988,0.000491208196633397,0.29919025161102675,1.5115321941743571,1.5115321941743571,1.5
3.111,0.5231089611297015,0.0013937280361251208,0.5235987755982988,0.0004898144685973049,0.2991910055726131,1.4973121587184963,1.4973121587184963,1.5
3.112,0.5231096090647667,0.0006479350651396735,0.5235987755982988,0.0004891665335321482,0.2991850446922586,1.485195638823181,1.485195638823181,1.5
3.113,0.5231093271992384,-0.00028186552828754626,0.5235987755982988,0.0004894483990603993,0.2991770284038793,1.4814558229366668,1.4814558229366668,1.5
3.114,0.5231087283850654,-0.0005988141729697024,0.5235987755982988,0.0004900472132334244,0.2991757837145966,1.4936384778640939,1.4936384778640939,1.5
3.115,0.523108152757619,-0.0005756274463908965,0.5235987755982988,0.0004906228406797997,0.29917829723859923,1.5004158293977385,1.5004158293977385,1.5
3.116,0.5231073083864927,-0.0008443711263505494,0.5235987755982988,0.0004914672118061514,0.299177570141653,1.4945790762050957,1.4945790762050957,1.5
3.117,0.5231071129248216,-0.000195461671035049,0.5235987755982988,0.0004916626734772223,0.29918700104952445,1.512910639416202,1.512910639416202,1.5
3.118,0.523107184161416,7.123659438210551e-05,0.5235987755982988,0.0004915914368828211,0.29919219956649235,1.5053183283746603,1.5053183283746603,1.5
3.119,0.5231079209178539,0.0007367564378193162,0.5235987755982988,0.0004908546804449632,0.2992018145792147,1.5133160957962948,1.5133160957962948,1.5
3.12,0.5231095298733109,0.001608955457047752,0.5235987755982988,0.0004892457249878746,0.29921372252824713,1.5175029208995943,1.5175029208995943,1.5
3.121,0.5231109336935839,0.0014038202729596701,0.5235987755982988,0.0004878419047149585,0.299213698927202,1.4960260127548022,1.4960260127548022,1.5
3.122,0.5231122439651531,0.0013102715692192976,0.5235987755982988,0.0004865316331457148,0.29921490271496437,1.4982413315470293,1.4982413315470293,1.5
3.123,0.5231131524801661,0.0009085150129828297,0.5235987755982988,0.0004856231181327164,0.2992126839764746,1.4920696906008082,1.4920696906008082,1.5
3.124,0.5231137850731964,0.0006325930302709566,0.5235987755982988,0.00048499052510242446,0.2992118478665934,1.4945542415468012,1.4945542415468012,1.5
3.125,0.5231143582880732,0.0005732148767483916,0.5235987755982988,0.0004844173102256377,0.2992134012211856,1.4988630443719704,1.4988630443719704,1.5
3.126,0.5231146798730062,0.00032158493299033134,0.5235987755982988,0.00048409572529262146,0.29921281742739564,1.4950132583149787,1.4950132583149787,1.5
3.1270000000000002,0.5231151507631061,0.0004708900999283648,0.5235987755982988,0.0004836248351927086,0.29921666659249063,1.5030118301334,1.5030118301334,1.5
3.128,0.5231154704676471,0.0003197045409211308,0.5235987755982988,0.0004833051306517566,0.29921718217535237,1.4970139600278496,1.4970139600278496,1.5
3.129,0.5231163707992285,0.0009003315813573422,0.5235987755982988,0.00048240479907035727,0.29922579835612534,1.511638117171998,1.511638117171998,1.5
3.13,0.5231171080820697,0.0007372828412087801,0.5235987755982988,0.00048166751622913395,0.29922617622866987,1.4968110517235373,1.4968110517235373,1.5
3.1310000000000002,0.5231175090381801,0.0004009561104449909,0.5235987755982988,0.0004812665601187094,0.29922462585020376,1.493332448012021,1.493332448012021,1.5
3.132,0.5231184477771617,0.0009387389815153782,0.5235987755982988,0.0004803278211371609,0.299232750284918,1.5107877339102433,1.5107877339102433,1.5
3.133,0.5231194203667199,0.0009725895582333528,0.5235987755982988,0.00047935523157893734,0.2992352923121913,1.5007521106528807,1.5007521106528807,1.5
3.134,0.5231208491166718,0.0014287499519226336,0.5235987755982988,0.00047792648162703344,0.29924250813129244,1.5092010150384443,1.5092010150384443,1.5
3.1350000000000002,0.5231226306297349,0.0017815130630203899,0.5235987755982988,0.00047614496856396293,0.29924857850334874,1.507169562218109,1.507169562218109,1.5
3.136,0.5231251089338165,0.0024783040816357188,0.5235987755982988,0.00047366666448234174,0.29925845963847375,1.5140783414173482,1.5140783414173482,1.5
3.137,0.5231267127409446,0.0016038071281139078,0.5235987755982988,0.0004720628573542385,0.29925093389169466,1.4827083252560946,1.4827083252560946,1.5
3.138,0.5231276475023922,0.0009347614475266772,0.5235987755982988,0.00047112809590665883,0.29924566670138997,1.4867473909585045,1.4867473909585045,1.5
3.1390000000000002,0.5231283071160852,0.0006596136930116076,0.5235987755982988,0.00047046848221365956,0.2992447489686025,1.4945718258255007,1.4945718258255007,1.5
3.14,0.5231278128172798,-0.0004942988053435668,0.5235987755982988,0.0004709627810189909,0.29923408457762485,1.4769745191283374,1.4769745191283374,1.5
3.141,0.5231276328992832,-0.00017991799657652826,0.5235987755982988,0.00047114269901560313,0.29923966776287847,1.5062480722709133,1.5062480722709133,1.5
3.142,0.5231257098165975,-0.0019230826857635308,0.5235987755982988,0.00047306578170136504,0.2992224511279544,1.4651223127765338,1.4651223127765338,1.5
3.1430000000000002,0.5231242585087928,-0.0014513078045530173,0.5235987755982988,0.00047451708950596583,0.29922974719187106,1.5092816510093492,1.5092816510093492,1.5
3.144,0.5231229332367773,-0.0013252720156246172,0.5235987755982988,0.000475842361521539,0.29923321305070477,1.5024046111542038,1.5024046111542038,1.5
3.145,0.5231221353585847,-0.0007978781925939473,0.5235987755982988,0.0004766402397141656,0.2992411220753285,1.5104418546993634,1.5104418546993634,1.5
3.146,0.5231213325063041,-0.0008028522805703171,0.5235987755982988,0.00047744309199471147,0.29924313375267386,1.499836687985065,1.499836687985065,1.5
3.1470000000000002,0.5231202343294347,-0.0010981768694526258,0.5235987755982988,0.00047854126886415216,0.29924192245698217,1.4940292800399082,1.4940292800399082,1.5
3.148,0.5231194674177478,-0.0007669116868214317,0.5235987755982988,0.0004793081805509747,0.29924764425045486,1.5065374495030677,1.5065374495030677,1.5
3.149,0.5231178113120916,-0.0016561056563270888,0.5235987755982988,0.00048096428620725273,0.299239841783099,1.4821547676749411,1.4821547676749411,1.5
3.15,0.5231163178317324,-0.0014934803591914933,0.5235987755982988,0.00048245776656641315,0.29924367602607665,1.5031200174902057,1.5031200174902057,1.5
3.1510000000000002,0.5231149539423446,-0.001363889387798479,0.5235987755982988,0.00048382165595417526,0.2992471408243419,1.502472340999125,1.502472340999125,1.5
3.152,0.5231144524305694,-0.0005015117752082296,0.5235987755982988,0.00048432316772939465,0.2992587212880422,1.517138441100781,1.517138441100781,1.5
3.153,0.5231138988667858,-0.0005535637835877627,0.5235987755982988,0.00048487673151298427,0.29926017571045227,1.4989188388903927,1.4989188388903927,1.5
3.154,0.5231136470470247,-0.0002518197611347935,0.5235987755982988,0.0004851285512741388,0.29926554397460414,1.5059905953463724,1.5059905953463724,1.5
3.1550000000000002,0.5231139688399553,0.0003217929306782578,0.5235987755982988,0.0004848067583435034,0.29927392313714285,1.5114521082553702,1.5114521082553702,1.5
3.156,0.5231149180436289,0.00094920367354123,0.5235987755982988,0.00048385755466995306,0.2992829006122708,1.5125739582917137,1.5125739582917137,1.5
3.157,0.5231142644736158,-0.0006535700131272794,0.5235987755982988,0.00048451112468306246,0.2992671698419102,1.468020462560513,1.468020462560513,1.5
3.158,0.5231140051195621,-0.00025935405363085003,0.5235987755982988,0.0004847704787367402,0.29927353891912867,1.5078320335888784,1.5078320335888784,1.5
3.1590000000000003,0.5231148565925016,0.000851472939495597,0.5235987755982988,0.0004839190057972509,0.2992878481141107,1.5221957915382385,1.5221957915382385,1.5
3.16,0.5231162390897752,0.00138249727369492,0.5235987755982988,0.00048253650852359,0.2992957424985697,1.510688604519146,1.510688604519146,1.5
3.161,0.5231176961046967,0.001457014921439449,0.5235987755982988,0.000481079493602099,0.29929858030479906,1.5016009527367862,1.5016009527367862,1.5
3.162,0.5231188433452917,0.001147240594980988,0.5235987755982988,0.0004799322530071315,0.2992971554699739,1.493921074664546,1.493921074664546,1.5
3.1630000000000003,0.5231197037011768,0.0008603558850937311,0.5235987755982988,0.0004790718971220409,0.2992959744770099,1.4943540850498533,1.4943540850498533,1.5
3.164,0.5231202265416725,0.0005228404956943842,0.5235987755982988,0.00047854905662636504,0.29929422303562364,1.4933185206828206,1.4933185206828206,1.5
3.165,0.5231212754758031,0.0010489341307082902,0.5235987755982988,0.00047750012249569984,0.2993020305618075,1.5105636999399337,1.5105636999399337,1.5
3.166,0.523122181311401,0.0009058355978641852,0.5235987755982988,0.00047659428689783567,0.29930242490599834,1.4972219440735746,1.4972219440735746,1.5
3.1670000000000003,0.5231237234527029,0.0015421413019260197,0.5235987755982988,0.00047505214559595554,0.2993114478735325,1.5127985809290658,1.5127985809290658,1.5
3.168,0.5231256815114542,0.0019580587514081422,0.5235987755982988,0.0004730940868445943,0.29931803207349156,1.5084417202937965,1.5084417202937965,1.5
3.169,0.5231282043203762,0.002522808921969522,0.5235987755982988,0.00047057127792260456,0.299326265584707,1.5114516481113403,1.5114516481113403,1.5
3.17,0.523131409434285,0.003205113908782379,0.5235987755982988,0.0004673661640137716,0.2993358038653311,1.5138479244500147,1.5138479244500147,1.5
3.1710000000000003,0.5231338133356063,0.002403901321259245,0.5235987755982988,0.0004649622626925476,0.29932890809692975,1.48423215736224,1.48423215736224,1.5
3.172,0.5231357247296595,0.0019113940532909477,0.5235987755982988,0.000463050868639292,0.2993254164771301,1.4903421667463348,1.4903421667463348,1.5
3.173,0.5231370062901168,0.001281560457304133,0.5235987755982988,0.0004617693081819807,0.29932039107946745,1.487556239604527,1.487556239604527,1.5
3.174,0.5231383057889692,0.0012994988524503172,0.5235987755982988,0.0004604698093295667,0.2993225292164991,1.500461292739508,1.500461292739508,1.5
3.1750000000000003,0.5231391564631042,0.0008506741348695516,0.5235987755982988,0.00045961913519465547,0.2993194903353213,1.4911274655565807,1.4911274655565807,1.5
3.176,0.5231411984036021,0.002041940497908442,0.5235987755982988,0.0004575771946967455,0.2993346127339445,1.5238933811915674,1.5238933811915674,1.5
3.177,0.523142668114873,0.0014697112709261021,0.5235987755982988,0.0004561074834258383,0.29933020592343507,1.4887187707001859,1.4887187707001859,1.5
3.178,0.5231440495701367,0.001381455263765035,0.5235987755982988,0.00045472602816210017,0.2993311485423499,1.4983524567584527,1.4983524567584527,1.5
3.1790000000000003,0.5231450668034745,0.001017233337783882,0.5235987755982988,0.0004537087948243146,0.29932902684439405,1.4928260779014781,1.4928260779014781,1.5
3.18,0.5231459085580845,0.0008417546099821632,0.5235987755982988,0.0004528670402142998,0.2993289862182938,1.4965718041109883,1.4965718041109883,1.5
3.181,0.5231474521016608,0.001543543576267349,0.5235987755982988,0.00045132349663801197,0.29933865834494366,1.5141031196945023,1.5141031196945023,1.5
3.182,0.5231499545471291,0.0025024454682822717,0.5235987755982988,0.00044882105116972326,0.29935118367990304,1.5193015213263998,1.5193015213263998,1.5
3.1830000000000003,0.5231528316214273,0.0028770742982693422,0.5235987755982988,0.0004459439768714768,0.2993572428787051,1.507692772237204,1.507692772237204,1.5
3.184,0.5231552428797812,0.0024112583538344954,0.5235987755982988,0.000443532718517603,0.29935398948959796,1.4909138470551646,1.4909138470551646,1.5
3.185,0.5231571508033696,0.0019079235883736915,0.5235987755982988,0.0004416247949292629,0.2993503087460584,1.4901262053590907,1.4901262053590907,1.5
3.186,0.5231598972264396,0.0027464230701293186,0.5235987755982988,0.000438878371859186,0.2993614838595165,1.5169226235221824,1.5169226235221824,1.5
3.1870000000000003,0.5231631601955392,0.0032629690996169277,0.5235987755982988,0.00043561540275960375,0.2993690978291219,1.5105506344353625,1.5105506344353625,1.5
3.188,0.5231667281032473,0.0035679077080059494,0.5235987755982988,0.00043204749505154627,0.29937436892083946,1.5063598096957498,1.5063598096957498,1.5
3.189,0.5231703403911809,0.0036122879336173068,0.5235987755982988,0.0004284352071178832,0.29937675185298607,1.5011730371288676,1.5011730371288676,1.5
3.19,0.5231746239181635,0.004283526982617628,0.5235987755982988,0.0004241516801353207,0.2993860759553405,1.5137137640146958,1.5137137640146958,1.5
3.1910000000000003,0.5231795524626548,0.004928544491255031,0.5235987755982988,0.00041922313564402014,0.2993951134359802,1.5132430323313575,1.5132430323313575,1.5
3.192,0.5231846857580098,0.005133295354994236,0.5235987755982988,0.0004140898402890114,0.2993992761693066,1.5044893008340845,1.5044893008340845,1.5
3.193,0.5231894296867596,0.004743928749810933,0.5235987755982988,0.00040934591153918287,0.2993968534273001,1.4926233315247335,1.4926233315247335,1.5
3.194,0.5231946151111565,0.0051854243968597535,0.5235987755982988,0.00040416048714231323,0.2994036263691862,1.5092094272409613,1.5092094272409613,1.5
3.1950000000000003,0.5231995274833745,0.004912372217958981,0.5235987755982988,0.000399248114924311,0.2994024826897002,1.4949537903737333,1.4949537903737333,1.5
3.196,0.523203448786449,0.003921303074492503,0.5235987755982988,0.00039532681184983876,0.2993933742096224,1.4805716069081072,1.4805716069081072,1.5
3.197,0.5232079544805854,0.004505694136470019,0.5235987755982988,0.00039082111771338024,0.2994017036580642,1.5120015254855097,1.5120015254855097,1.5
3.198,0.5232122981858225,0.004343705237032435,0.5235987755982988,0.00038647741247632705,0.29940176579615385,1.497120677542166,1.497120677542166,1.5
3.1990000000000003,0.5232157163127986,0.003418126976089435,0.5235987755982988,0.00038305928550019797,0.29939335975860226,1.4818359312001026,1.4818359312001026,1.5
3.2,0.5232192007258475,0.0034844130489071943,0.5235987755982988,0.00037957487245132704,0.29939592617013766,1.5015991716144423,1.5015991716144423,1.5
3.201,0.5232228412161067,0.0036404902592652457,0.5235987755982988,0.000375934382192078,0.29939948332603816,1.5034002972510736,1.5034002972510736,1.5
3.202,0.5232255268089507,0.0026855928439623675,0.5235987755982988,0.0003732487893480796,0.29939072757771934,1.4811932909146837,1.4811932909146837,1.5
3.203,0.5232282693790533,0.0027425701025624557,0.5235987755982988,0.0003705062192455033,0.29939316566897195,1.5013543925995188,1.5013543925995188,1.5
3.204,0.5232301733564323,0.0019039773790343246,0.5235987755982988,0.00036860224186652246,0.29938567631871865,1.4834475511376424,1.4834475511376424,1.5
3.205,0.5232317401582516,0.001566801819245328,0.5235987755982988,0.00036703544004723643,0.29938372641589367,1.4934088069945428,1.4934088069945428,1.5
3.206,0.5232334862342164,0.001746075964847717,0.5235987755982988,0.00036528936408242174,0.2993874894048012,1.5037108270575874,1.5037108270575874,1.5
3.207,0.5232348761181264,0.0013898839099323128,0.5235987755982988,0.0003638994801724582,0.29938531677208924,1.4930158449788797,1.4930158449788797,1.5
3.208,0.5232360421664378,0.0011660483115058795,0.5235987755982988,0.0003627334318609954,0.29938460092437946,1.495634478744266,1.495634478744266,1.5
3.209,0.5232365631370941,0.0005209706562710248,0.5235987755982988,0.00036221246120471395,0.2993792096369215,1.4871917307602234,1.4871917307602234,1.5
3.21,0.5232374868187785,0.000923681684321262,0.5235987755982988,0.0003612887795203523,0.2993854145399846,1.5080958982135064,1.5080958982135064,1.5
3.211,0.5232384046851444,0.0009178663658895447,0.5235987755982988,0.0003603709131544397,0.2993870934959215,1.4999575881661114,1.4999575881661114,1.5
3.212,0.5232393817625851,0.0009770774407206262,0.5235987755982988,0.0003593938357137061,0.29938948805732113,1.5012576508058928,1.5012576508058928,1.5
3.213,0.5232399299465447,0.0005481839595348902,0.5235987755982988,0.0003588456517541472,0.29938647024916876,1.491500296571543,1.491500296571543,1.5
3.214,0.5232411780966493,0.0012481501046176062,0.5235987755982988,0.0003575975016495425,0.29939594993136964,1.5140431776184171,1.5140431776184171,1.5
3.215,0.523241775021001,0.0005969243517783192,0.5235987755982988,0.00035700057729781687,0.29939046272211467,1.4870753369515837,1.4870753369515837,1.5
3.216,0.5232421272384238,0.0003522174227568985,0.5235987755982988,0.0003566483598750336,0.29938946621339285,1.4951536153677139,1.4951536153677139,1.5
3.217,0.5232433808729188,0.0012536344950220466,0.5235987755982988,0.0003553947253800427,0.29940116105426384,1.5180565188391235,1.5180565188391235,1.5
3.218,0.5232438619548783,0.0004810819594789303,0.5235987755982988,0.0003549136434205513,0.29939431531175825,1.4846492400487394,1.4846492400487394,1.5
3.219,0.5232429949000316,-0.0008670548467334942,0.5235987755982988,0.00035578069826724956,0.29938107662692376,1.4730757504325098,1.4730757504325098,1.5
3.22,0.5232416804885471,-0.001314411484455505,0.5235987755982988,0.0003570951097516817,0.29937779580682583,1.490983502857821,1.490983502857821,1.5
3.221,0.5232396931404355,-0.001987348111657581,0.5235987755982988,0.0003590824578633134,0.2993720047461627,1.486436114537202,1.486436114537202,1.5
3.222,0.5232379415691822,-0.001751571253241685,0.5235987755982988,0.0003608340291165746,0.2993762687492589,1.5045565493193853,1.5045565493193853,1.5
3.223,0.523237506527079,-0.00043504210319547697,0.5235987755982988,0.0003612690712198052,0.2993925064853001,1.5261904573006648,1.5261904573006648,1.5
3.224,0.5232383833642344,0.0008768371554917697,0.5235987755982988,0.00036039223406436616,0.2994087060694436,1.5262027818054893,1.5262027818054893,1.5
3.225,0.5232391292212212,0.0007458569867784238,0.5235987755982988,0.00035964637707763814,0.29940893156154935,1.4974505435981724,1.4974505435981724,1.5
3.226,0.5232402896632142,0.0011604419930352512,0.5235987755982988,0.0003584859350845848,0.299415195667298,1.5083513686840788,1.5083513686840788,1.5
3.227,0.5232420296007715,0.0017399375573054951,0.5235987755982988,0.00035674599752733016,0.29942328805971263,1.5116827466448477,1.5116827466448477,1.5
3.228,0.523243758476257,0.0017288754855785834,0.5235987755982988,0.0003550171220417786,0.29942484014462756,1.4999179535700462,1.4999179535700462,1.5
3.229,0.5232450490795838,0.0012906033267256715,0.5235987755982988,0.00035372651871501404,0.29942165381007835,1.491372866861788,1.491372866861788,1.5
3.23,0.5232472441775735,0.0021950979897235063,0.5235987755982988,0.00035153142072530397,0.299433335179871,1.5181931415260947,1.5181931415260947,1.5
3.231,0.5232496273486246,0.0023831710510126593,0.5235987755982988,0.00034914824967424707,0.299437086090212,1.503937069064961,1.503937069064961,1.5
3.232,0.5232509459474122,0.001318598787606276,0.5235987755982988,0.0003478296508866441,0.2994269552192784,1.4788992084159533,1.4788992084159533,1.5
3.233,0.5232529256404242,0.0019796930120575935,0.5235987755982988,0.0003458499578745666,0.29943592618675524,1.5133273723920349,1.5133273723920349,1.5
3.234,0.5232542794274954,0.0013537870711064516,0.5235987755982988,0.0003444961708034544,0.2994306412148373,1.4876402566219418,1.4876402566219418,1.5
3.235,0.5232559174180087,0.0016379905133512983,0.5235987755982988,0.0003428581802901176,0.2994354274562425,1.5057923718105855,1.5057923718105855,1.5
3.236,0.5232571635434633,0.0012461254546207619,0.5235987755982988,0.00034161205483551615,0.299432721971913,1.4922937380664574,1.4922937380664574,1.5
3.237,0.5232577056595855,0.0005421161222545113,0.5235987755982988,0.00034106993871330094,0.29942654795170776,1.4860195033890446,1.4860195033890446,1.5
3.238,0.5232578325158955,0.0001268563099816151,0.5235987755982988,0.00034094308240328886,0.2994235592720877,1.4917381730443224,1.4917381730443224,1.5
3.239,0.5232574766381135,-0.00035587778201944323,0.5235987755982988,0.00034129896018531003,0.299419812829043,1.4903554666647774,1.4903554666647774,1.5
3.24,0.5232579812503357,0.0005046122222260342,0.5235987755982988,0.0003407943479630804,0.29943093873802756,1.517181329862348,1.517181329862348,1.5
3.241,0.5232578404143262,-0.00014083600950526732,0.5235987755982988,0.0003409351839726016,0.2994253856691373,1.487131404343152,1.487131404343152,1.5
3.242,0.5232583526048459,0.0005121905196811756,0.5235987755982988,0.0003404229934529379,0.2994342069075624,1.5130492637029684,1.5130492637029684,1.5
3.243,0.5232587573306506,0.00040472580472703033,0.5235987755982988,0.0003400182676481789,0.2994346061576481,1.4978916809424916,1.4978916809424916,1.5
3.244,0.5232590653441875,0.0003080135368806146,0.5235987755982988,0.00033971025411128064,0.299435118679487,1.4980981327074498,1.4980981327074498,1.5
3.245,0.52325914271973,7.737554236821257e-05,0.5235987755982988,0.00033963287856886293,0.2994341415536118,1.4954118811927024,1.4954118811927024,1.5
3.246,0.5232591042487302,-3.847099973588146e-05,0.5235987755982988,0.00033967134956858214,0.29943442883972443,1.4976892592013076,1.4976892592013076,1.5
3.247,0.5232597049077187,0.0006006589884577506,0.5235987755982988,0.0003390706905801455,0.29944307558647526,1.5127795220838938,1.5127795220838938,1.5
3.248,0.5232612050352049,0.0015001274862538627,0.5235987755982988,0.0003375705630939141,0.29945461134533546,1.5180374226749989,1.5180374226749989,1.5
3.249,0.5232621215190819,0.0009164838770277029,0.5235987755982988,0.0003366540792169026,0.2994497216396777,1.4884471380143771,1.4884471380143771,1.5
3.25,0.5232629400313574,0.00081851227550592,0.5235987755982988,0.0003358355669413893,0.29945020101833775,1.4981138866797266,1.4981138866797266,1.5
3.251,0.5232630622415759,0.00012221021848096074,0.5235987755982988,0.0003357133567228887,0.2994440450265094,1.4861394398415413,1.4861394398415413,1.5
3.2520000000000002,0.5232633045143866,0.00024227281075085976,0.5235987755982988,0.0003354710839121866,0.29944692081793894,1.5024110286628765,1.5024110286628765,1.5
3.253,0.5232645132365931,0.001208722206391654,0.5235987755982988,0.0003342623617057505,0.29945917221164975,1.519348369737676,1.519348369737676,1.5
3.254,0.5232651054438135,0.0005922072204542432,0.5235987755982988,0.00033367015448526605,0.29945389273076306,1.4877663980577631,1.4877663980577631,1.5
3.255,0.5232659795756737,0.0008741318600952932,0.5235987755982988,0.00033279602262514807,0.2994585555594149,1.5056858693704573,1.5056858693704573,1.5
3.2560000000000002,0.5232666607542056,0.0006811785319626117,0.5235987755982988,0.0003321148440932342,0.2994579561611817,1.496210863986154,1.496210863986154,1.5
3.257,0.5232677899484053,0.0011291941997419832,0.5235987755982988,0.00033098564989353374,0.29946445202092253,1.5090148076381444,1.5090148076381444,1.5
3.258,0.5232678817856137,9.183720836873307e-05,0.5235987755982988,0.0003308938126851402,0.29945449132042606,1.4793431957085144,1.4793431957085144,1.5
3.259,0.5232686197871447,0.0007380015309816513,0.5235987755982988,0.0003301558111541425,0.2994631662106348,1.5129306334289279,1.5129306334289279,1.5
3.2600000000000002,0.523269604998373,0.0009852112283379808,0.5235987755982988,0.00032917059992576547,0.29946742515967434,1.5050032340696051,1.5050032340696051,1.5
3.261,0.5232705341713618,0.0009291729887583227,0.5235987755982988,0.00032824142693699265,0.2994683231797897,1.4989580521066739,1.4989580521066739,1.5
3.262,0.5232721679855143,0.0016338141525578716,0.5235987755982988,0.0003266076127844686,0.29947764480927236,1.5141671571150916,1.5141671571150916,1.5
3.263,0.5232735447861718,0.0013768006574534286,0.5235987755982988,0.00032523081212698646,0.2994763163944157,1.4949904352301158,1.4949904352301158,1.5
3.2640000000000002,0.5232738801125749,0.00033532640308630733,0.5235987755982988,0.00032489548572389726,0.29946628818222354,1.4792806589652538,1.4792806589652538,1.5
3.265,0.5232745940035329,0.0007138909579795869,0.5235987755982988,0.00032418159476588215,0.2994719760915305,1.5075981172101125,1.5075981172101125,1.5
3.266,0.5232750936981926,0.0004996946596918792,0.5235987755982988,0.0003236819001062319,0.2994710970360475,1.4957731853108842,1.4957731853108842,1.5
3.267,0.5232773800890935,0.002286390900973684,0.5235987755982988,0.00032139550920529114,0.2994923814766116,1.5357739003984114,1.5357739003984114,1.5
3.2680000000000002,0.5232795806584613,0.0022005693676820553,0.5235987755982988,0.00031919493983756375,0.29949293802687377,1.4984664806062453,1.4984664806062453,1.5
3.269,0.5232818747540503,0.002294095589059597,0.5235987755982988,0.0003169008442485133,0.2994954764644597,1.5020465699769654,1.5020465699769654,1.5
3.27,0.5232845710084145,0.00269625436420475,0.5235987755982988,0.0003142045898842927,0.2995014317668573,1.5082267031500278,1.5082267031500278,1.5
3.271,0.5232864339716032,0.001862963188727356,0.5235987755982988,0.0003123416266955781,0.2994936992006552,1.4835498768395885,1.4835498768395885,1.5
3.2720000000000002,0.5232884258403194,0.0019918687161636344,0.5235987755982988,0.000310349757979389,0.2994966125810433,1.5027271476038238,1.5027271476038238,1.5
3.273,0.5232904400232302,0.0020141829107608424,0.5235987755982988,0.00030833557506859677,0.29949834253699015,1.5006056333892372,1.5006056333892372,1.5
3.274,0.5232925992289197,0.002159205689508651,0.5235987755982988,0.00030617636937912973,0.29950142834171195,1.503061590207817,1.503061590207817,1.5
3.275,0.5232958590623041,0.0032598333844119066,0.5235987755982988,0.0003029165359946795,0.29951510044622426,1.5221852903532258,1.5221852903532258,1.5
3.2760000000000002,0.5232996223609885,0.0037632986843403895,0.5235987755982988,0.0002991532373103345,0.29952216670131465,1.5103300926693226,1.5103300926693226,1.5
3.277,0.5233025219488129,0.002899587824350711,0.5235987755982988,0.0002962536494859336,0.2995140869302279,1.4830268466949537,1.4830268466949537,1.5
3.278,0.5233065700710012,0.004048122188306223,0.5235987755982988,0.0002922055272975843,0.29952828760593647,1.5232026543050583,1.5232026543050583,1.5
3.279,0.5233108125295726,0.00424245857138054,0.5235987755982988,0.0002879630687262491,0.29953192701835024,1.5042105774365508,1.5042105774365508,1.5
3.2800000000000002,0.5233149978766753,0.004185347102813231,0.5235987755982988,0.00028377772162346826,0.2995327788367561,1.4991971673143643,1.4991971673143643,1.5
3.281,0.5233177782439139,0.0027803672385434504,0.5235987755982988,0.00028099735438491535,0.29951869093442873,1.4722352304828294,1.4722352304828294,1.5
3.282,0.5233198948449084,0.0021166009945069206,0.5235987755982988,0.0002788807533904425,0.29951279267948483,1.4869471044983529,1.4869471044983529,1.5
3.283,0.5233222425593459,0.0023477144375333935,0.5235987755982988,0.0002765330389529197,0.29951679690859434,1.50479159694009,1.50479159694009,1.5
3.2840000000000003,0.5233236259308436,0.0013833714976811482,0.5235987755982988,0.0002751496674552323,0.2995075542348076,1.4809009583579578,1.4809009583579578,1.5
3.285,0.5233254210384525,0.0017951076088625,0.5235987755982988,0.0002733545598463394,0.29951354183634193,1.5083453919434415,1.5083453919434415,1.5
3.286,0.5233264869073031,0.00106586885058345,0.5235987755982988,0.0002722886909957145,0.29950688871958925,1.485558833443128,1.485558833443128,1.5
3.287,0.5233283818120721,0.0018949047690000253,0.5235987755982988,0.00027039378622673027,0.2995174879130953,1.5166659878763782,1.5166659878763782,1.5
3.2880000000000003,0.5233294964973862,0.001114685314212628,0.5235987755982988,0.00026927910091256724,0.2995102634054611,1.484547203285772,1.484547203285772,1.5
3.289,0.5233308339991042,0.0013375017179058672,0.5235987755982988,0.0002679415991946321,0.2995141383006809,1.5045455028990018,1.5045455028990018,1.5
3.29,0.523332765453047,0.0019314539428222453,0.5235987755982988,0.0002660101452518493,0.2995221246459066,1.51198604463576,1.51198604463576,1.5
3.291,0.523334724272285,0.0019588192380860024,0.5235987755982988,0.0002640513260138144,0.299523837221525,1.500701822220701,1.500701822220701,1.5
3.2920000000000003,0.5233363953326282,0.0016710603432495436,0.5235987755982988,0.00026238026567060313,0.2995220545852561,1.4944015276423177,1.4944015276423177,1.5
3.293,0.5233382905708381,0.0018952382098810492,0.5235987755982988,0.00026048502746067737,0.29952593656267096,1.50461724216009,1.50461724216009,1.5
3.294,0.523339727711093,0.0014371402548587651,0.5235987755982988,0.00025904788720576555,0.2995222578796477,1.4909896599563448,1.4909896599563448,1.5
3.295,0.5233414643213,0.0017366102069882494,0.5235987755982988,0.0002573112769987951,0.299526963187606,1.5061043702629784,1.5061043702629784,1.5
3.2960000000000003,0.5233427139013087,0.0012495800087366637,0.5235987755982988,0.0002560616969901064,0.29952295405127,1.4903983248515273,1.4903983248515273,1.5
3.297,0.5233436326953202,0.0009187940115913052,0.5235987755982988,0.0002551429029785668,0.29952066567243424,1.4934842464577918,1.4934842464577918,1.5
3.298,0.5233445676580053,0.0009349626850730295,0.5235987755982988,0.000254207940293516,0.29952221334480456,1.5003968769905618,1.5003968769905618,1.5
3.299,0.5233457566909698,0.0011890329645516868,0.5235987755982988,0.00025301890732898347,0.2995263934754862,1.505156202604379,1.505156202604379,1.5
3.3000000000000003,0.5233468024552187,0.0010457642488847436,0.5235987755982988,0.00025197314308011975,0.2995261706394454,1.4972297483238253,1.4972297483238253,1.5
3.301,0.523347466428459,0.0006639732402957429,0.5235987755982988,0.00025130916983984175,0.29952329916452625,1.4924478409681308,1.4924478409681308,1.5
3.302,0.5233468310271004,-0.0006354013584974629,0.5235987755982988,0.0002519445711983703,0.2995102515911527,1.4740656258833595,1.4740656258833595,1.5
3.303,0.5233457230843411,-0.0011079427593556049,0.5235987755982988,0.0002530525139576856,0.2995063441573125,1.4904983398741574,1.4904983398741574,1.5
3.3040000000000003,0.5233441639191462,-0.0015591651949572603,0.5235987755982988,0.0002546116791526387,0.2995026628249472,1.4908869158672184,1.4908869158672184,1.5
3.305,0.5233408652406943,-0.003298678451805823,0.5235987755982988,0.0002579103576044739,0.29948469700086006,1.4650850016474322,1.4650850016474322,1.5
3.306,0.5233376097614255,-0.0032554792687716034,0.5235987755982988,0.00026116583687330053,0.29948645689248343,1.50060008938454,1.50060008938454,1.5
3.307,0.5233344159306738,-0.0031938307517879647,0.5235987755982988,0.00026435966762505814,0.2994884182484589,1.500972531998171,1.500972531998171,1.5
3.3080000000000003,0.5233311425162572,-0.003273414416498779,0.5235987755982988,0.0002676330820415851,0.2994888120041394,1.4981528202456407,1.4981528202456407,1.5
3.309,0.5233288787682342,-0.0022637480230547277,0.5235987755982988,0.00026989683006461984,0.29950127039455204,1.5199314547155611,1.5199314547155611,1.5
3.31,0.5233271782479507,-0.0017005202834499376,0.5235987755982988,0.0002715973503480962,0.2995087923352598,1.5110834549502514,1.5110834549502514,1.5
3.311,0.5233260302120367,-0.0011480359139957562,0.5235987755982988,0.00027274538626209655,0.29951619936245655,1.5109136457664076,1.5109136457664076,1.5
3.3120000000000003,0.5233246583123549,-0.0013718996818633128,0.5235987755982988,0.00027411728594395335,0.2995150081629869,1.4954308817695292,1.4954308817695292,1.5
3.313,0.5233236021200361,-0.0010561923186683366,0.5235987755982988,0.00027517347826266914,0.2995197889687899,1.5062043952893505,1.5062043952893505,1.5
3.314,0.5233226370067521,-0.000965113284119047,0.5235987755982988,0.00027613859154673737,0.2995220815673835,1.5017370853054923,1.5017370853054923,1.5
3.315,0.5233211575819944,-0.0014794247576656906,0.5235987755982988,0.0002776180163044373,0.2995176639239649,1.4896365614663376,1.4896365614663376,1.5
3.3160000000000003,0.5233193536091227,-0.0018039728716534047,0.5235987755982988,0.0002794219891760763,0.29951533836392047,1.4933906837396325,1.4933906837396325,1.5
3.317,0.5233179021325208,-0.0014514766019217413,0.5235987755982988,0.00028087346577798655,0.2995205067382946,1.506905607564901,1.506905607564901,1.5
3.318,0.5233170925146124,-0.0008096179084262835,0.5235987755982988,0.0002816830836863682,0.29952888265078786,1.5127210557417554,1.5127210557417554,1.5
3.319,0.5233157295034615,-0.0013630111509943391,0.5235987755982988,0.0002830460948373137,0.29952402002057293,1.4888673657159648,1.4888673657159648,1.5
3.3200000000000003,0.5233140927195324,-0.0016367839290425085,0.5235987755982988,0.00028468287876637355,0.29952224462081894,1.494415503546957,1.494415503546957,1.5
3.321,0.5233137083490534,-0.00038437047901642026,0.5235987755982988,0.0002850672492453743,0.29953737265582286,1.5249173262861984,1.5249173262861984,1.5
3.322,0.5233136476741895,-6.067486394632771e-05,0.5235987755982988,0.0002851279241092852,0.29954222379121564,1.5064431626630805,1.5064431626630805,1.5
3.323,0.5233135798509296,-6.78232598947835e-05,0.5235987755982988,0.0002851957473691824,0.2995434099735624,1.4998521780919152,1.4998521780919152,1.5
3.3240000000000003,0.5233131194713772,-0.000460379552486932,0.5235987755982988,0.00028565612692166287,0.2995403221056508,1.4921434482873654,1.4921434482873654,1.5
3.325,0.5233122203847866,-0.0008990865904816628,0.5235987755982988,0.00028655521351217406,0.299536714027173,1.4911890288759064,1.4911890288759064,1.5
3.326,0.5233113182295673,-0.000902155219346303,0.5235987755982988,0.00028745736873148076,0.29953792351767694,1.4998667004954687,1.4998667004954687,1.5
3.327,0.5233102243842584,-0.0010938453089289523,0.5235987755982988,0.00028855121404036677,0.2995370395333016,1.4960940257907993,1.4960940257907993,1.5
3.3280000000000003,0.5233092858174485,-0.0009385668099762314,0.5235987755982988,0.00028948978085030497,0.2995399940289735,1.50301806235434,1.50301806235434,1.5
3.329,0.5233089542902851,-0.000331527163419806,0.5235987755982988,0.00028982130801369355,0.29954795288628183,1.5120657075863304,1.5120657075863304,1.5
3.33,0.5233089148620135,-3.942827162183818e-05,0.5235987755982988,0.00028986073628534115,0.2995524269534461,1.5058154556628858,1.5058154556628858,1.5
3.331,0.523308964570386,4.9708372580473166e-05,0.5235987755982988,0.0002898110279128119,0.29955465268411374,1.5017795786223165,1.5017795786223165,1.5
3.332,0.5233091293506198,0.0001647802337784366,0.5235987755982988,0.0002896462476790207,0.2995571635708025,1.5023054138937657,1.5023054138937657,1.5
3.333,0.5233105650471425,0.001435696522696921,0.5235987755982988,0.00028821055115635374,0.2995724797427377,1.525431508197072,1.525431508197072,1.5
3.334,0.5233122170771058,0.001652029963334141,0.5235987755982988,0.00028655852119297,0.2995761246877908,1.5044415245345601,1.5044415245345601,1.5
3.335,0.5233137789165186,0.0015618394127969893,0.5235987755982988,0.0002849966817801697,0.2995763727365151,1.4983283513863237,1.4983283513863237,1.5
3.336,0.5233154706944183,0.0016917778996944654,0.5235987755982988,0.0002833049038805102,0.29957905520366657,1.5027237168909733,1.5027237168909733,1.5
3.337,0.5233172578469458,0.0017871525275022903,0.5235987755982988,0.00028151775135298873,0.29958135302015954,1.502042834788132,1.502042834788132,1.5
3.338,0.5233186676886924,0.0014098417465790104,0.5235987755982988,0.0002801079096064196,0.2995784111871861,1.4925967565837346,1.4925967565837346,1.5
3.339,0.5233207213054919,0.002053616799511398,0.5235987755982988,0.0002780542928069174,0.2995867747508772,1.512988288398374,1.512988288398374,1.5
3.34,0.5233237045883568,0.00298328286480032,0.5235987755982988,0.0002750710099420628,0.2995983114472181,1.5187576106497394,1.5187576106497394,1.5
3.341,0.5233267242451448,0.003019656788110167,0.5235987755982988,0.0002720513531540014,0.2995999594161152,1.500966141095381,1.500966141095381,1.5
3.342,0.5233290742693398,0.00235002419505206,0.5235987755982988,0.00026970132895898224,0.29959378164525724,1.4868489206818867,1.4868489206818867,1.5
3.343,0.5233302327073434,0.0011584380035310517,0.5235987755982988,0.0002685428909554588,0.29958180788895744,1.476356278105184,1.476356278105184,1.5
3.344,0.5233308785117673,0.0006458044238926216,0.5235987755982988,0.0002678970865315211,0.29957733750890353,1.4898400034475139,1.4898400034475139,1.5
3.345,0.5233324763051299,0.0015977933626353114,0.5235987755982988,0.00026629929316890344,0.2995890852959308,1.5190914431287652,1.5190914431287652,1.5
3.346,0.5233341594520815,0.0016831469516314585,0.5235987755982988,0.00026461614621731133,0.2995912401262739,1.5018348952489338,1.5018348952489338,1.5
3.347,0.5233356111292733,0.0014516771918359236,0.5235987755982988,0.00026316446902552304,0.2995898822625226,1.4955052565602198,1.4955052565602198,1.5
3.348,0.5233369015674575,0.0012904381841515112,0.5235987755982988,0.00026187403084132477,0.29958929608119794,1.4968913540216586,1.4968913540216586,1.5
3.349,0.5233378169826051,0.0009154151475313393,0.5235987755982988,0.00026095861569375156,0.29958633557921255,1.4926027743223287,1.4926027743223287,1.5
3.35,0.5233393089152892,0.0014919326841952188,0.5235987755982988,0.0002594666830095793,0.2995939100423976,1.51160358394508,1.51160358394508,1.5
3.351,0.5233407051274812,0.0013962121920236352,0.5235987755982988,0.00025807047081760626,0.29959404045489585,1.498204944771304,1.498204944771304,1.5
3.352,0.5233417897534433,0.0010846259620219626,0.5235987755982988,0.00025698584485556175,0.29959177439955004,1.4938799723753284,1.4938799723753284,1.5
3.353,0.5233423354153603,0.0005456619170690253,0.5235987755982988,0.0002564401829384666,0.29958698138967754,1.489307489177903,1.489307489177903,1.5
3.354,0.5233434191976993,0.0010837823389878607,0.5235987755982988,0.0002553564005994824,0.2995941122231642,1.5108060613917422,1.5108060613917422,1.5
3.355,0.5233447011997979,0.0012820020986326372,0.5235987755982988,0.000254074398500892,0.2995974809415377,1.5040510977800146,1.5040510977800146,1.5
3.356,0.523347648762954,0.0029475631561043884,0.5235987755982988,0.00025112683534478375,0.2996171077429835,1.5334137813173256,1.5334137813173256,1.5
3.357,0.5233507956695197,0.003146906565622553,0.5235987755982988,0.00024797992877911845,0.2996205078175142,1.5042226732428516,1.5042226732428516,1.5
3.358,0.5233540605634761,0.0032648939564569527,0.5235987755982988,0.00024471503482270673,0.2996230058569903,1.5026115003419378,1.5026115003419378,1.5
3.359,0.5233577425802474,0.0036820167712360856,0.5235987755982988,0.00024103301805145083,0.2996288167259804,1.5086036478120992,1.5086036478120992,1.5
3.36,0.5233610544507278,0.0033118704804400065,0.5235987755982988,0.00023772114757103502,0.2996259067824324,1.4928916355257773,1.4928916355257773,1.5
3.361,0.5233641675379744,0.0031130872466772317,0.5235987755982988,0.00023460806032438164,0.29962488725392883,1.4962892849631797,1.4962892849631797,1.5
3.362,0.5233684862745973,0.00431873662292067,0.5235987755982988,0.00023028932370150468,0.29963942331943294,1.524362034504603,1.524362034504603,1.5
3.363,0.5233723383112321,0.0038520366347925563,0.5235987755982988,0.0002264372870667275,0.29963544236794826,1.4910114991672714,1.4910114991672714,1.5
3.364,0.5233764845452125,0.004146233980362153,0.5235987755982988,0.00022229105308635422,0.2996398827546532,1.5061921098421753,1.5061921098421753,1.5
3.365,0.5233800044464088,0.0035199011963313273,0.5235987755982988,0.00021877115189006258,0.2996341241005061,1.4878050430378125,1.4878050430378125,1.5
3.366,0.5233840667288592,0.0040622824504230855,0.5235987755982988,0.0002147088694396393,0.2996413033784424,1.5111292171775417,1.5111292171775417,1.5
3.367,0.5233877925808015,0.003725851942325579,0.5235987755982988,0.00021098301749733483,0.2996387492817897,1.4935963724340837,1.4935963724340837,1.5
3.368,0.5233914076992373,0.003615118435843975,0.5235987755982988,0.00020736789906150577,0.2996386881469513,1.498083398025754,1.498083398025754,1.5
3.369,0.5233945505108768,0.003142811639531311,0.5235987755982988,0.0002042250874220164,0.2996346159213634,1.4908430735486142,1.4908430735486142,1.5
3.37,0.5233973746497647,0.0028241388878840453,0.5235987755982988,0.00020140094853415835,0.299632236359198,1.4938779698982172,1.4938779698982172,1.5
3.371,0.523400146853862,0.002772204097384522,0.5235987755982988,0.00019862874443676848,0.2996328048098933,1.4991872353010403,1.4991872353010403,1.5
3.372,0.5234036773385433,0.003530484681313937,0.5235987755982988,0.00019509825975549955,0.2996423468397863,1.515387388006379,1.515387388006379,1.5
3.373,0.5234078572580484,0.004179919505030845,0.5235987755982988,0.0001909183402504233,0.2996506899982627,1.5132711352488433,1.5132711352488433,1.5
3.374,0.5234120616217399,0.004204363691534541,0.5235987755982988,0.00018671397655889432,0.29965211372529826,1.5008232772904764,1.5008232772904764,1.5
3.375,0.5234159227769316,0.0038611551916368112,0.5235987755982988,0.0001828528213672076,0.2996494608779137,1.4934721790973682,1.4934721790973682,1.5
3.376,0.5234198476382523,0.0039248613207572,0.5235987755982988,0.00017892796004648215,0.29965130891703184,1.5015830149977387,1.5015830149977387,1.5
3.3770000000000002,0.5234230506711678,0.0032030329154100817,0.5235987755982988,0.00017572492713102683,0.2996444506767069,1.4858774207987182,1.4858774207987182,1.5
3.378,0.5234261657313076,0.003115060139836821,0.5235987755982988,0.0001726098669911913,0.2996446027729608,1.4984967871217676,1.4984967871217676,1.5
3.379,0.5234296309916888,0.003465260381159867,0.5235987755982988,0.00016914460660999442,0.2996496056515053,1.5072532096376479,1.5072532096376479,1.5
3.38,0.5234329793935217,0.003348401832884204,0.5235987755982988,0.00016579620477708001,0.29964943502635705,1.4979400498649795,1.4979400498649795,1.5
3.3810000000000002,0.523435901965978,0.0029225724562886813,0.5235987755982988,0.00016287363232081464,0.29964583619504565,1.4917512846147203,1.4917512846147203,1.5
3.382,0.5234383734416715,0.002471475693594718,0.5235987755982988,0.00016040215662727064,0.2996419484884348,1.4912118705426238,1.4912118705426238,1.5
3.383,0.5234394547794539,0.0010813377822809437,0.5235987755982988,0.00015932081884495464,0.2996276466698126,1.472394959829212,1.472394959829212,1.5
3.384,0.5234408775980496,0.0014228185956895074,0.5235987755982988,0.00015789800024923473,0.2996325097667332,1.5069161232907538,1.5069161232907538,1.5
3.3850000000000002,0.5234422347420397,0.0013571439900533391,0.5235987755982988,0.00015654085625915748,0.2996328631099694,1.4988003333749318,1.4988003333749318,1.5
3.386,0.5234432167281856,0.0009819861459414174,0.5235987755982988,0.0001555588701132038,0.29962978338647195,1.4926054146369658,1.4926054146369658,1.5
3.387,0.5234441406794482,0.0009239512626110176,0.5235987755982988,0.00015463491885059355,0.29963020939439033,1.4989178612250673,1.4989178612250673,1.5
3.388,0.5234453121684658,0.0011714890175503231,0.5235987755982988,0.00015346342983302286,0.29963401749645563,1.505024671199795,1.505024671199795,1.5
3.3890000000000002,0.5234473686805705,0.0020565121047113567,0.5235987755982988,0.00015140691772830284,0.2996448895703517,1.5177941808646247,1.5177941808646247,1.5
3.39,0.5234495737629906,0.0022050824201123,0.5235987755982988,0.0001492018353081992,0.2996476106115842,1.5031359272763958,1.5031359272763958,1.5
3.391,0.5234522671438573,0.002693380866622082,0.5235987755982988,0.0001465084544415296,0.29965409500076196,1.5099423755238046,1.5099423755238046,1.5
3.392,0.5234558138489017,0.0035467050443947017,0.5235987755982988,0.00014296174939709694,0.29966462767611984,1.5172819540247822,1.5172819540247822,1.5
3.3930000000000002,0.52345954698078,0.00373313187833108,0.5235987755982988,0.0001392286175188051,0.2996677795513008,1.5040122730822791,1.5040122730822791,1.5
3.394,0.5234636054675799,0.004058486799804398,0.5235987755982988,0.00013517013071895345,0.29967247032760175,1.5068057489797329,1.5068057489797329,1.5
3.395,0.5234669293296109,0.0033238620310723035,0.5235987755982988,0.00013184626868789628,0.29966541760291,1.4856321835693425,1.4856321835693425,1.5
3.396,0.523469572738809,0.002643409198087597,0.5235987755982988,0.0001292028594898076,0.2996589520983605,1.4866568523027917,1.4866568523027917,1.5
3.3970000000000002,0.5234725445308535,0.0029717920444497533,0.5235987755982988,0.00012623106744535928,0.29966365257989586,1.5067791296630901,1.5067791296630901,1.5
3.398,0.5234754072441289,0.002862713275377346,0.5235987755982988,0.0001233683541699282,0.2996635073749555,1.4980561679821078,1.4980561679821078,1.5
3.399,0.523479175907018,0.0037686628890692313,0.5235987755982988,0.00011959969128083614,0.29967460458961537,1.5183480093358679,1.5183480093358679,1.5
3.4,0.5234829058412914,0.0037299342734304726,0.5235987755982988,0.00011586975700739188,0.29967524386815847,1.4995269207183504,1.4995269207183504,1.5
3.4010000000000002,0.5234860353141148,0.00312947282334272,0.5235987755982988,0.00011274028418406523,0.2996696554728118,1.4882891657401194,1.4882891657401194,1.5
3.402,0.523488348882927,0.0023135688121622205,0.5235987755982988,0.00011042671537186965,0.2996616687693427,1.4839322776022574,1.4839322776022574,1.5
3.403,0.523490888808356,0.0025399254290778667,0.5235987755982988,0.00010788678994277934,0.2996652166219724,1.504712217843286,1.504712217843286,1.5
3.404,0.5234925208084977,0.001632000141665835,0.5235987755982988,0.00010625478980108571,0.2996561964586351,1.4820446882860856,1.4820446882860856,1.5
3.4050000000000002,0.5234949447404015,0.00242393190380057,0.5235987755982988,0.0001038308578973357,0.29966599602260235,1.515969195254028,1.515969195254028,1.5
3.406,0.5234979177667953,0.0029730263938587335,0.5235987755982988,0.00010085783150348693,0.29967311282273557,1.5111758043534673,1.5111758043534673,1.5
3.407,0.5235001545507173,0.0022367839219305545,0.5235987755982988,9.862104758151524e-05,0.29966599228454127,1.4855129926729451,1.4855129926729451,1.5
3.408,0.5235011153071303,0.0009607564130277753,0.5235987755982988,9.766029116853314e-05,0.2996528778419446,1.4746583925356989,1.4746583925356989,1.5
3.4090000000000003,0.523501658348779,0.0005430416487062285,0.5235987755982988,9.711724951977363e-05,0.2996492535627296,1.4917225652266113,1.4917225652266113,1.5
3.41,0.523502158059077,0.0004997102979265567,0.5235987755982988,9.66175392218549e-05,0.29964976910206625,1.499176816316303,1.499176816316303,1.5
3.411,0.5235039759777628,0.0018179186858594987,0.5235987755982988,9.479962053604574e-05,0.29966536760570733,1.526404144582493,1.526404144582493,1.5
3.412,0.5235068816156386,0.0029056378758912523,0.5235987755982988,9.1893982660185e-05,0.2996784274280159,1.5218998172955038,1.5218998172955038,1.5
3.4130000000000003,0.5235094178151849,0.0025361995462423667,0.5235987755982988,8.935778311391918e-05,0.2996753534930004,1.4928436844370936,1.4928436844370936,1.5
3.414,0.5235119239349643,0.0025061197793663816,0.5235987755982988,8.685166333455285e-05,0.299676031904724,1.4996013006261797,1.4996013006261797,1.5
3.415,0.5235148723146149,0.00294837965062699,0.5235987755982988,8.390328368390598e-05,0.2996819407842165,1.5090456870075615,1.5090456870075615,1.5
3.416,0.5235174825831395,0.002610268524595965,0.5235987755982988,8.129301515935605e-05,0.2996792061271142,1.4934736478514297,1.4934736478514297,1.5
3.4170000000000003,0.5235197527888306,0.0022702056910649956,0.5235987755982988,7.902280946825435e-05,0.29967644243413677,1.4934075648113483,1.4934075648113483,1.5
3.418,0.5235211901504047,0.0014373615740997279,0.5235987755982988,7.758544789415733e-05,0.29966821114435577,1.4835247341159798,1.4835247341159798,1.5
3.419,0.5235223790419682,0.0011888915634939445,0.5235987755982988,7.639655633062681e-05,0.2996664408025231,1.4951455887138123,1.4951455887138123,1.5
3.42,0.5235226536821188,0.00027464015065474,0.5235987755982988,7.61219161800053e-05,0.299657287272914,1.4818100830682954,1.4818100830682954,1.5
3.4210000000000003,0.5235228666825279,0.00021300040905475667,0.5235987755982988,7.590891577091696e-05,0.2996575657992384,1.4987891763800527,1.4987891763800527,1.5
3.422,0.5235231014737474,0.00023479121951246914,0.5235987755982988,7.567412455145028e-05,0.2996587652603164,1.5004528562418786,1.5004528562418786,1.5
3.423,0.5235226128792831,-0.0004885944641971462,0.5235987755982988,7.616271901567107e-05,0.2996517055613257,1.4855510696233687,1.4855510696233687,1.5
3.424,0.5235227547309583,0.00014185167514763498,0.5235987755982988,7.602086734048719e-05,0.2996596342634992,1.5125698352297599,1.5125698352297599,1.5
3.4250000000000003,0.5235210797271191,-0.001675003839231199,0.5235987755982988,7.769587117967269e-05,0.29964045202888917,1.4636742378464351,1.4636742378464351,1.5
3.426,0.5235192923656428,-0.0017873614763500478,0.5235987755982988,7.94832326560524e-05,0.2996401288082831,1.4976188469504845,1.4976188469504845,1.5
3.427,0.5235174009353326,-0.0018914303101853357,0.5235987755982988,8.137466296620488e-05,0.29963989334588076,1.4977756344051862,1.4977756344051862,1.5
3.428,0.523515325654176,-0.002075281156537378,0.5235987755982988,8.344994412279316e-05,0.29963876991204075,1.4961716686481443,1.4961716686481443,1.5
3.4290000000000003,0.5235122331957528,-0.003092458423200132,0.5235987755982988,8.65424025460193e-05,0.2996284079079488,1.479490432174222,1.479490432174222,1.5
3.43,0.5235089024568488,-0.003330738904038984,0.5235987755982988,8.987314145003644e-05,0.29962665996012033,1.494986993709367,1.494986993709367,1.5
3.431,0.5235068684812502,-0.002033975598579216,0.5235987755982988,9.190711704865073e-05,0.2996419150887609,1.5256688069968722,1.5256688069968722,1.5
3.432,0.5235041187675945,-0.0027497136556907265,0.5235987755982988,9.465683070430941e-05,0.2996348862496286,1.4855225208098835,1.4855225208098835,1.5
3.4330000000000003,0.5235018200648597,-0.0022987027347734484,0.5235987755982988,9.695553343913588e-05,0.2996407731250179,1.5088002413258903,1.5088002413258903,1.5
3.434,0.5234996506954952,-0.002169369364427231,0.5235987755982988,9.912490280361563e-05,0.29964309938848777,1.5024027711881425,1.5024027711881425,1.5
3.435,0.5234984741439159,-0.0011765515792884636,0.5235987755982988,0.00010030145438288951,0.29965499263458817,1.5196828061536212,1.5196828061536212,1.5
3.436,0.5234970631072571,-0.0014110366588934787,0.5235987755982988,0.00010171249104173885,0.29965329801470375,1.4952161742815566,1.4952161742815566,1.5
3.4370000000000003,0.523496182229125,-0.0008808781321035208,0.5235987755982988,0.00010259336917384232,0.29966007020170077,1.5104902876030877,1.5104902876030877,1.5
3.438,0.523495310350451,-0.0008718786739500404,0.5235987755982988,0.00010346524784776712,0.29966107251078883,1.5001095189125013,1.5001095189125013,1.5
3.439,0.5234946896168947,-0.0006207335563580172,0.5235987755982988,0.00010408598140410064,0.2996647554966636,1.5049531520579245,1.5049531520579245,1.5
3.44,0.5234929058454324,-0.0017837714622871176,0.5235987755982988,0.00010586975286641653,0.29965276979345784,1.4766895831969093,1.4766895831969093,1.5
3.4410000000000003,0.5234900308742642,-0.0028749711682048776,0.5235987755982988,0.00010874472403465951,0.29964156173539547,1.4780333041646618,1.4780333041646618,1.5
3.442,0.5234873864669856,-0.0026444072785611877,0.5235987755982988,0.00011138913131325534,0.2996449819411697,1.5043812800994174,1.5043812800994174,1.5
3.443,0.5234849426534873,-0.0024438134982301776,0.5235987755982988,0.0001138329448114872,0.29964807081281425,1.5038003230243353,1.5038003230243353,1.5
3.444,0.5234829586674176,-0.0019839860698076077,0.5235987755982988,0.00011581693088125178,0.29965403241360344,1.509001043488593,1.509001043488593,1.5
3.4450000000000003,0.5234804619453691,-0.0024967220484102986,0.5235987755982988,0.00011831365292969132,0.29964922155458645,1.4895865615423616,1.4895865615423616,1.5
3.446,0.5234784055077429,-0.002056437626160101,0.5235987755982988,0.00012037009055587689,0.2996549610797434,1.5086059506811311,1.5086059506811311,1.5
3.447,0.523476809006228,-0.0015965015149625578,0.5235987755982988,0.00012196659207086569,0.2996609219671756,1.509034207213858,1.509034207213858,1.5
3.448,0.523474749689355,-0.002059316872925705,0.5235987755982988,0.00012402590894378118,0.2996566623344242,1.49061597271954,1.49061597271954,1.5
3.4490000000000003,0.523473227338193,-0.0015223511619763645,0.5235987755982988,0.0001255482601058011,0.29966347189519815,1.5105745688691528,1.5105745688691528,1.5
3.45,0.5234718787705284,-0.0013485676646223092,0.5235987755982988,0.00012689682777045075,0.29966626221230513,1.503353881854123,1.503353881854123,1.5
3.451,0.5234716618172037,-0.00021695332469168736,0.5235987755982988,0.00012711378109508953,0.2996796655864458,1.5225244013854426,1.5225244013854426,1.5
3.452,0.5234710333193895,-0.0006284978142840059,0.5235987755982988,0.00012774227890932632,0.299675983273986,1.4917517539421783,1.4917517539421783,1.5
3.4530000000000003,0.5234692524131227,-0.0017809062668120033,0.5235987755982988,0.00012952318517611694,0.29966408390265875,1.4769015511242973,1.4769015511242973,1.5
3.454,0.5234671944759446,-0.0020579371780996077,0.5235987755982988,0.00013158112235422958,0.2996618658914452,1.494316909272903,1.494316909272903,1.5
3.455,0.5234644199405627,-0.00277453538186722,0.5235987755982988,0.00013435565773611824,0.2996547711942115,1.4855034009503998,1.4855034009503998,1.5
3.456,0.5234624507011019,-0.0019692394608372033,0.5235987755982988,0.00013632489719694885,0.2996645274820891,1.515883955590051,1.515883955590051,1.5
3.457,0.5234605327215172,-0.0019179795846947147,0.5235987755982988,0.00013824287678165792,0.299665937465998,1.5008676583659828,1.5008676583659828,1.5
3.458,0.5234594060582144,-0.0011266633027829697,0.5235987755982988,0.00013936954008442193,0.2996755458870182,1.5156728872714593,1.5156728872714593,1.5
3.459,0.5234585486010465,-0.0008574571679846993,0.5235987755982988,0.00014022699725235732,0.29967937761011887,1.5052939896317428,1.5052939896317428,1.5
3.46,0.5234573065049669,-0.0012420960794944846,0.5235987755982988,0.00014146909333190294,0.2996759658301442,1.4922386251963655,1.4922386251963655,1.5
3.461,0.5234561384550973,-0.001168049869592166,0.5235987755982988,0.00014263714320150722,0.2996776288369924,1.5013815565116868,1.5013815565116868,1.5
3.462,0.52345599293921,-0.00014551588729036025,0.5235987755982988,0.00014278265908884702,0.29968980007880486,1.5203572356564687,1.5203572356564687,1.5
3.463,0.5234567152296088,0.0007222903988625363,0.5235987755982988,0.00014206036869002237,0.2997002684910254,1.5173444844520747,1.5173444844520747,1.5
3.464,0.5234582673003244,0.0015520707156500384,0.5235987755982988,0.00014050829797440656,0.2997103250268218,1.516653389567659,1.516653389567659,1.5
3.465,0.5234593924701072,0.001125169782736547,0.5235987755982988,0.0001393831281916169,0.29970646603616524,1.4915861469989822,1.4915861469989822,1.5
3.466,0.5234591384584077,-0.0002540116994022431,0.5235987755982988,0.00013963713989106896,0.29969204722938353,1.4725063839398431,1.4725063839398431,1.5
3.467,0.523458073781433,-0.001064676974644504,0.5235987755982988,0.00014070181686576255,0.2996839065852906,1.4837663735592026,1.4837663735592026,1.5
3.468,0.5234583266053744,0.00025282394133973696,0.5235987755982988,0.0001404489929244246,0.2996993333505179,1.5262648441617133,1.5262648441617133,1.5
3.469,0.5234576864695789,-0.0006401357954611282,0.5235987755982988,0.00014108912871990675,0.2996902831369039,1.4821610311792899,1.4821610311792899,1.5
3.47,0.5234565411116561,-0.0011453579227969704,0.5235987755982988,0.00014223448664274496,0.29968551467757154,1.4898443465896463,1.4898443465896463,1.5
3.471,0.5234565014133348,-3.969832132951195e-05,0.5235987755982988,0.00014227418496404187,0.2996985861401797,1.5220215633955254,1.5220215633955254,1.5
3.472,0.5234566838614578,0.00018244812301553573,0.5235987755982988,0.00014209173684098797,0.2997018807785843,1.5044397530211946,1.5044397530211946,1.5
3.473,0.5234561869251946,-0.0004969362632075138,0.5235987755982988,0.00014258867310423806,0.299695186875112,1.4864269081253803,1.4864269081253803,1.5
3.474,0.5234554167626524,-0.0007701625421935117,0.5235987755982988,0.00014335883564642327,0.2996929817699284,1.4944957195192234,1.4944957195192234,1.5
3.475,0.5234555707519334,0.00015398928100140703,0.5235987755982988,0.00014320484636543007,0.29970403801071005,1.518421423460523,1.518421423460523,1.5
3.476,0.5234553548245663,-0.00021592736710618582,0.5235987755982988,0.0001434207737325277,0.29970076587560024,1.4926139861803283,1.4926139861803283,1.5
3.477,0.5234565347514973,0.0011799269310323142,0.5235987755982988,0.00014224084680147797,0.29971705173842317,1.5278998117734015,1.5278998117734015,1.5
3.478,0.5234577758233413,0.001241071843921872,0.5235987755982988,0.0001409997749575176,0.2997185653305119,1.5013172924122737,1.5013172924122737,1.5
3.479,0.5234582143818994,0.00043855855816891107,0.5235987755982988,0.0001405612163993819,0.29971050781991904,1.4840490200324545,1.4840490200324545,1.5
3.48,0.5234586291289363,0.0004147470368205733,0.5235987755982988,0.00014014646936255648,0.29971106533524206,1.4995588542576868,1.4995588542576868,1.5
3.481,0.5234593481006682,0.0007189717319030595,0.5235987755982988,0.00013942749763062867,0.2997152550011636,1.5061176736645954,1.5061176736645954,1.5
3.482,0.5234594684447844,0.00012034411624758045,0.5235987755982988,0.00013930715351440082,0.29970944264128524,1.4880849654254427,1.4880849654254427,1.5
3.483,0.5234589912310017,-0.0004772137826744062,0.5235987755982988,0.0001397843672971133,0.29970363170297193,1.48805846955086,1.48805846955086,1.5
3.484,0.5234577604181914,-0.0012308128103240348,0.5235987755982988,0.00014101518010745107,0.2996960813893041,1.4848898423443935,1.4848898423443935,1.5
3.485,0.5234561205512304,-0.0016398669609885793,0.5235987755982988,0.00014265504706845178,0.2996923362618888,1.4917204519618832,1.4917204519618832,1.5
3.486,0.5234539799875632,-0.00214056366720095,0.5235987755982988,0.0001447956107356596,0.29968756794898543,1.4898548765188735,1.4898548765188735,1.5
3.487,0.523451605827245,-0.002374160318073203,0.5235987755982988,0.00014716977105377893,0.2996857502105612,1.4951568218891789,1.4951568218891789,1.5
3.488,0.5234493158256587,-0.002290001586344431,0.5235987755982988,0.000149459772640137,0.2996874479893736,1.5014932418091296,1.5014932418091296,1.5
3.489,0.5234472150322892,-0.0021007933695338646,0.5235987755982988,0.0001515605660096231,0.29969030877843866,1.5036009642093038,1.5036009642093038,1.5
3.49,0.5234454937313925,-0.0017213008967611378,0.5235987755982988,0.0001532818669063296,0.29969527844164845,1.5074217859858918,1.5074217859858918,1.5
3.491,0.5234447330216699,-0.0007607097224974384,0.5235987755982988,0.00015404257662887666,0.29970668992486466,1.519074119413533,1.519074119413533,1.5
3.492,0.523444683807317,-4.921435288460143e-05,0.5235987755982988,0.00015409179098180292,0.2997153523076847,1.514169050614457,1.514169050614457,1.5
3.493,0.5234448570108999,0.00017320358294409884,0.5235987755982988,0.00015391858739888242,0.2997186030888647,1.5044444215683432,1.5044444215683432,1.5
3.494,0.5234449025397578,4.5528857894772855e-05,0.5235987755982988,0.00015387305854097644,0.29971797557991253,1.497460361785649,1.497460361785649,1.5
3.495,0.5234440765638171,-0.0008259759407099875,0.5235987755982988,0.00015469903448173117,0.2997091022660272,1.4825735463365364,1.4825735463365364,1.5
3.496,0.5234433937393009,-0.00068282451616013,0.5235987755982988,0.00015538185899788282,0.2997114576339417,1.5027969504157404,1.5027969504157404,1.5
3.497,0.5234421830669609,-0.001210672340049634,0.5235987755982988,0.00015659253133792905,0.2997063779272332,1.489388417560917,1.489388417560917,1.5
3.498,0.5234404461169897,-0.0017369499711835739,0.5235987755982988,0.00015832948130911628,0.29970130629507474,1.4893775935901172,1.4893775935901172,1.5
3.499,0.5234390583412754,-0.001387775714395812,0.5235987755982988,0.00015971725702346173,0.29970592568436155,1.5068445291380606,1.5068445291380606,1.5
3.5,0.5234374684678926,-0.0015898733827194856,0.5235987755982988,0.00016130713040618527,0.29970443947724495,1.4958470245763749,1.4958470245763749,1.5
3.501,0.5234362244519116,-0.0012440159809532431,0.5235987755982988,0.00016255114638719093,0.2997090199541305,1.5067899581647073,1.5067899581647073,1.5
3.5020000000000002,0.5234343092713083,-0.0019151806033474244,0.5235987755982988,0.00016446632699052,0.29970233412947844,1.4864771862736401,1.4864771862736401,1.5
3.503,0.5234322183027892,-0.0020909685190707975,0.5235987755982988,0.0001665572955096284,0.29970112601678583,1.4963310272372647,1.4963310272372647,1.5
3.504,0.5234311200247143,-0.00109827807488009,0.5235987755982988,0.00016765557358455752,0.29971286058815333,1.5196865314022885,1.5196865314022885,1.5
3.505,0.5234300727509733,-0.001047273740968167,0.5235987755982988,0.0001687028473255081,0.29971417245601567,1.500932224432248,1.500932224432248,1.5
3.5060000000000002,0.5234281361134419,-0.0019366375314527288,0.5235987755982988,0.00017063948485696034,0.2997050633590688,1.4821289422910313,1.4821289422910313,1.5
3.507,0.5234265456586707,-0.0015904547711065682,0.5235987755982988,0.00017222993962806576,0.299709630343783,1.506768724204407,1.506768724204407,1.5
3.508,0.5234248747728042,-0.0016708858666008902,0.5235987755982988,0.00017390082549462171,0.2997094729975168,1.498264141708425,1.498264141708425,1.5
3.509,0.5234230703540483,-0.0018044187558733356,0.5235987755982988,0.00017570524425047918,0.29970872413677313,1.497195671345223,1.497195671345223,1.5
3.5100000000000002,0.523422143180606,-0.0009271734424106786,0.5235987755982988,0.00017663241769283466,0.2997191711905598,1.5174005527687833,1.5174005527687833,1.5
3.511,0.523421038936042,-0.0011042445640531047,0.5235987755982988,0.00017773666225684437,0.2997179460092517,1.4963844036917586,1.4963844036917586,1.5
3.512,0.5234209747840566,-6.415198537987354e-05,0.5235987755982988,0.00017780081424223493,0.299730202952167,1.5207135120083404,1.5207135120083404,1.5
3.513,0.5234213717844611,0.00039700040453732465,0.5235987755982988,0.00017740381383768433,0.299736057190881,1.5092179156395136,1.5092179156395136,1.5
3.5140000000000002,0.5234211156932637,-0.0002560911974381528,0.5235987755982988,0.0001776599050351546,0.29972956945793827,1.4869699279928534,1.4869699279928534,1.5
3.515,0.5234207196222321,-0.0003960710314970157,0.5235987755982988,0.00017805597606668222,0.2997287561996188,1.4971799160230277,1.4971799160230277,1.5
3.516,0.5234206134668228,-0.00010615540932689332,0.5235987755982988,0.000178162131476034,0.2997327023745566,1.5057666267608827,1.5057666267608827,1.5
3.517,0.523420297826259,-0.00031564056380258996,0.5235987755982988,0.00017847777203983117,0.2997311169410968,1.49580180447774,1.49580180447774,1.5
3.5180000000000002,0.5234201114369585,-0.00018638930040282498,0.5235987755982988,0.00017866416134026952,0.2997332799268682,1.502559774022891,1.502559774022891,1.5
3.519,0.5234199970050961,-0.00011443186237637402,0.5235987755982988,0.00017877859320269973,0.299734807814947,1.5014242376164968,1.5014242376164968,1.5
3.52,0.5234195423009186,-0.000454704177558478,0.5235987755982988,0.00017923329738023241,0.2997317670172033,1.4931853991473678,1.4931853991473678,1.5
3.521,0.5234196510889311,0.00010878801248077506,0.5235987755982988,0.00017912450936774515,0.2997387335725388,1.5112334674665804,1.5112334674665804,1.5
3.5220000000000002,0.5234197882204509,0.0001371315198209571,0.5235987755982988,0.00017898737784793894,0.2997397761793671,1.500575573187802,1.500575573187802,1.5
3.523,0.5234201733491607,0.00038512870976684576,0.5235987755982988,0.00017860224913812672,0.2997432509901281,1.5049709143205035,1.5049709143205035,1.5
3.524,0.5234215859744435,0.0014126252828590067,0.5235987755982988,0.00017718962385526726,0.2997553642792184,1.5205807417586246,1.5205807417586246,1.5
3.525,0.5234235121776785,0.001926203234891604,0.5235987755982988,0.00017526342062035294,0.2997617951643526,1.5103845690632807,1.5103845690632807,1.5
3.5260000000000002,0.523424335755032,0.0008235773535102478,0.5235987755982988,0.00017443984326681594,0.2997503229221417,1.4781015786311642,1.4781015786311642,1.5
3.527,0.5234249028362608,0.0005670812287055266,0.5235987755982988,0.00017387276203806312,0.29974820898811483,1.4949359636921864,1.4949359636921864,1.5
3.528,0.5234263130036191,0.001410167358308004,0.5235987755982988,0.00017246259467973424,0.2997582732785025,1.516907089090346,1.516907089090346,1.5
3.529,0.5234286248706406,0.0023118670215386246,0.5235987755982988,0.00017015072765824701,0.29976899651410405,1.518146806653277,1.518146806653277,1.5
3.5300000000000002,0.5234308546125691,0.002229741928511511,0.5235987755982988,0.00016792098572970815,0.29976882890464734,1.4985424475011808,1.4985424475011808,1.5
3.531,0.5234319540002855,0.0010993877163792533,0.5235987755982988,0.00016682159801328922,0.29975704339250797,1.4775712951116358,1.4775712951116358,1.5
3.532,0.5234331271463029,0.0011731460172951281,0.5235987755982988,0.0001656484519959589,0.29975858239531855,1.5015631170356278,1.5015631170356278,1.5
3.533,0.5234334254739056,0.00029832760273583816,0.5235987755982988,0.0001653501243932265,0.2997496098587056,1.4825974833901978,1.4825974833901978,1.5
3.5340000000000003,0.5234335307305263,0.00010525662076242665,0.5235987755982988,0.00016524486777247382,0.299748177391822,1.4961624465687506,1.4961624465687506,1.5
3.535,0.5234333854999706,-0.00014523055573928046,0.5235987755982988,0.00016539009832816642,0.29974610414530706,1.4949986769996269,1.4949986769996269,1.5
3.536,0.5234341514843021,0.0007659843313881048,0.5235987755982988,0.00016462411399675858,0.2997568975849589,1.5182126792980886,1.5182126792980886,1.5
3.537,0.5234343126583059,0.0001611740038104521,0.5235987755982988,0.0001644629399929487,0.2997509034488205,1.487965072194958,1.487965072194958,1.5
3.5380000000000003,0.523434726138337,0.00041348003106357395,0.5235987755982988,0.00016404945996184583,0.29975439624506495,1.5050590144653673,1.5050590144653673,1.5
3.539,0.5234346138872836,-0.00011225105334201392,0.5235987755982988,0.00016416171101518717,0.2997492696386877,1.4895184567143733,1.4895184567143733,1.5
3.54,0.5234350810371386,0.0004671498549821345,0.5235987755982988,0.0001636945611601659,0.2997563791621718,1.5115790380822156,1.5115790380822156,1.5
3.541,0.5234354498879882,0.00036885084954986816,0.5235987755982988,0.00016332571031063559,0.29975598553118504,1.4980713918797532,1.4980713918797532,1.5
3.5420000000000003,0.523435619107851,0.00016921986274333605,0.5235987755982988,0.00016315649044784664,0.2997544658418088,1.4960368883318333,1.4960368883318333,1.5
3.543,0.5234359258450142,0.00030673716323694676,0.5235987755982988,0.0001628497532846218,0.2997566772292824,1.5027638835988917,1.5027638835988917,1.5
3.544,0.5234360055297231,7.968470890690814e-05,0.5235987755982988,0.00016277006857567944,0.29975484903190847,1.4954834898864582,1.4954834898864582,1.5
3.545,0.5234363017835651,0.0002962538420584952,0.5235987755982988,0.00016247381473366573,0.29975793131018,1.5043377574397443,1.5043377574397443,1.5
3.5460000000000003,0.5234370358534978,0.0007340699325835941,0.5235987755982988,0.00016173974480104825,0.299763466138749,1.5087800221178667,1.5087800221178667,1.5
3.547,0.5234367468229123,-0.00028903058541268167,0.5235987755982988,0.0001620287753865135,0.29975281759832845,1.4795967152346812,1.4795967152346812,1.5
3.548,0.5234358793153431,-0.0008675075692278271,0.5235987755982988,0.00016289628295573788,0.2997470797866305,1.488407337876864,1.488407337876864,1.5
3.549,0.5234356273448034,-0.00025197053969664763,0.5235987755982988,0.0001631482534953932,0.29975456230244873,1.5122413399850854,1.5122413399850854,1.5
3.5500000000000003,0.5234350973998884,-0.0005299449150589709,0.5235987755982988,0.00016367819841045517,0.2997521509691176,1.4944203548495778,1.4944203548495778,1.5
3.551,0.523435141550789,4.415090062839799e-05,0.5235987755982988,0.000163634047509853,0.29975917521613976,1.5114395207205427,1.5114395207205427,1.5
3.552,0.5234359859050329,0.000844354244016577,0.5235987755982988,0.00016278969326588566,0.2997687107966711,1.5160075989398138,1.5160075989398138,1.5
3.553,0.52343615902478,0.00017311974710699032,0.5235987755982988,0.00016261657351879233,0.299761951408537,1.4866428584013296,1.4866428584013296,1.5
3.5540000000000003,0.523437447416597,0.0012883918170669625,0.5235987755982988,0.00016132818170178087,0.2997749760810779,1.522319290978968,1.522319290978968,1.5
3.555,0.5234380906220383,0.0006432054412275387,0.5235987755982988,0.0001606849762605389,0.2997685076397611,1.4871993438285769,1.4871993438285769,1.5
3.556,0.5234388905780252,0.000799955986951257,0.5235987755982988,0.00015988502027364238,0.299770914248709,1.5031864673497726,1.5031864673497726,1.5
3.557,0.5234398065915765,0.0009160135513013296,0.5235987755982988,0.0001589690067222982,0.29977287024678234,1.5023851477659576,1.5023851477659576,1.5
3.5580000000000003,0.5234404360946001,0.000629503023573189,0.5235987755982988,0.0001583395036987012,0.2997703653821262,1.4943430705295413,1.4943430705295413,1.5
3.559,0.523440696987064,0.0002608924639062023,0.5235987755982988,0.00015807861123484646,0.299766945061981,1.4926781490485461,1.4926781490485461,1.5
3.56,0.5234415098084076,0.0008128213436471335,0.5235987755982988,0.00015726578989117002,0.29977371776208184,1.5110594489919311,1.5110594489919311,1.5
3.561,0.523441850783713,0.000340975305379264,0.5235987755982988,0.00015692481458584595,0.29976915239705787,1.4906281049421344,1.4906281049421344,1.5
3.5620000000000003,0.5234421437792324,0.0002929955194526435,0.5235987755982988,0.00015663181906644397,0.2997692753446039,1.499067682305898,1.499067682305898,1.5
3.563,0.5234432559616647,0.0011121824323939127,0.5235987755982988,0.00015551963663407165,0.29977900432032545,1.5164071779003816,1.5164071779003816,1.5
3.564,0.5234444273889335,0.00117142726870858,0.5235987755982988,0.00015434820936532923,0.2997803222426076,1.5012738713208849,1.5012738713208849,1.5
3.565,0.5234446746351616,0.00024724622820481335,0.5235987755982988,0.00015410096313717148,0.29977074245432966,1.4816100933714214,1.4816100933714214,1.5
3.5660000000000003,0.5234438961631517,-0.0007784720100200125,0.5235987755982988,0.0001548794351471372,0.2997600231760261,1.4795054149337599,1.4795054149337599,1.5
3.567,0.5234427909155366,-0.0011052476150421845,0.5235987755982988,0.00015598468276223354,0.29975703264652953,1.493402210138755,1.493402210138755,1.5
3.568,0.5234425917090247,-0.00019920651188737022,0.5235987755982988,0.00015618388927407523,0.299767695936846,1.518032402253893,1.518032402253893,1.5
3.569,0.5234421568528002,-0.000434856224567973,0.5235987755982988,0.00015661874549866006,0.2997657195321597,1.495271069225437,1.495271069225437,1.5
3.5700000000000003,0.5234412813936866,-0.0008754591134940299,0.5235987755982988,0.00015749420461219632,0.2997614672086487,1.4911531537235134,1.4911531537235134,1.5
3.571,0.5234400852818393,-0.001196111847332055,0.5235987755982988,0.00015869031645954212,0.29975853622391235,1.49351690859416,1.49351690859416,1.5
3.572,0.523438561540669,-0.0015237411702885564,0.5235987755982988,0.0001602140576297817,0.2997555218435653,1.4933517245930834,1.4933517245930834,1.5
3.573,0.5234370070881766,-0.0015544524923885236,0.5235987755982988,0.0001617685101221733,0.299755791242483,1.4992638742643776,1.4992638742643776,1.5
3.5740000000000003,0.5234357005119044,-0.0013065762723386662,0.5235987755982988,0.00016307508639445967,0.2997591453765491,1.504833168201606,1.504833168201606,1.5
3.575,0.5234349579173749,-0.0007425945294118678,0.5235987755982988,0.00016381768092388338,0.2997660037598588,1.5111751087567489,1.5111751087567489,1.5
3.576,0.5234355409102642,0.0005829928893391468,0.5235987755982988,0.00016323468803458585,0.29978130698535094,1.5264523408126673,1.5264523408126673,1.5
3.577,0.5234359181422623,0.00037723199807894854,0.5235987755982988,0.0001628574560365026,0.29977965872312334,1.4959314216059432,1.4959314216059432,1.5
3.5780000000000003,0.5234362050927358,0.0002869504734689183,0.5235987755982988,0.0001625705055630089,0.29977928545689175,1.4982245480676457,1.4982245480676457,1.5
3.579,0.5234361758870086,-2.920572717456289e-05,0.5235987755982988,0.00016259971129017892,0.299776406456748,1.493699832025008,1.493699832025008,1.5
3.58,0.5234370536704692,0.0008777834606243565,0.5235987755982988,0.0001617219278295945,0.2997870742767004,1.5181374472978044,1.5181374472978044,1.5
3.581,0.5234375058529347,0.00045218246551729607,0.5235987755982988,0.0001612697453641232,0.29978298720267893,1.4915582027747087,1.4915582027747087,1.5
3.5820000000000003,0.5234366831061469,-0.0008227467878300337,0.5235987755982988,0.0001620924921519329,0.2997694817475636,1.4745375895302948,1.4745375895302948,1.5
3.583,0.5234359478758678,-0.0007352302790673884,0.5235987755982988,0.00016282772243103594,0.29977105354905637,1.5016845104322265,1.5016845104322265,1.5
3.584,0.5234353811191345,-0.0005667567333572407,0.5235987755982988,0.00016339447916435823,0.29977352190625667,1.5033106524918776,1.5033106524918776,1.5
3.585,0.5234347344392966,-0.0006466798379357728,0.5235987755982988,0.00016404115900225946,0.29977323857541927,1.4983561973697608,1.4983561973697608,1.5
3.586,0.5234329299542835,-0.0018044850131078345,0.5235987755982988,0.00016584564401533886,0.29976100919549264,1.476792162109524,1.476792162109524,1.5
3.587,0.5234320004982967,-0.0009294559867865483,0.5235987755982988,0.00016677510000207008,0.2997712868551868,1.517356221725377,1.517356221725377,1.5
3.588,0.5234310938435279,-0.0009066547688655178,0.5235987755982988,0.00016768175477088754,0.2997721318599533,1.5003816678794777,1.5003816678794777,1.5
3.589,0.5234308405754051,-0.00025326812282493746,0.5235987755982988,0.00016793502289369489,0.2997799626307231,1.5129952005393024,1.5129952005393024,1.5
3.59,0.5234310220654529,0.00018149004779711785,0.5235987755982988,0.00016775353284592676,0.29978537819239015,1.5086749019626151,1.5086749019626151,1.5
3.591,0.5234312851577233,0.0002630922704083341,0.5235987755982988,0.00016749044057551288,0.299786884936265,1.501646563656048,1.501646563656048,1.5
3.592,0.5234307422031972,-0.0005429545261546639,0.5235987755982988,0.00016803339510162996,0.29977855567685724,1.4839001114503727,1.4839001114503727,1.5
3.593,0.523429181642076,-0.0015605611212298179,0.5235987755982988,0.00016959395622284656,0.2997678696122324,1.4796044317364045,1.4796044317364045,1.5
3.594,0.5234275502199104,-0.0016314221655627798,0.5235987755982988,0.00017122537838842877,0.29976765830262714,1.4984579342236424,1.4984579342236424,1.5
3.595,0.5234263753773076,-0.0011748426027710097,0.5235987755982988,0.0001724002209911868,0.2997732886549648,1.5090010774825904,1.5090010774825904,1.5
3.596,0.5234238084740712,-0.0025669032363755547,0.5235987755982988,0.00017496712422759853,0.29975844009908936,1.4720647999196874,1.4720647999196874,1.5
3.597,0.5234218188243802,-0.001989649691025279,0.5235987755982988,0.00017695677391860176,0.29976539163269195,1.5113397186480955,1.5113397186480955,1.5
3.598,0.5234204456619703,-0.0013731624099369948,0.5235987755982988,0.0001783299363284918,0.2997727842174471,1.5121705736464837,1.5121705736464837,1.5
3.599,0.5234203921978519,-5.346411851962535e-05,0.5235987755982988,0.00017838340044695755,0.2997879754594129,1.5262841128355524,1.5262841128355524,1.5
3.6,0.5234195399325635,-0.0008522652883679051,0.5235987755982988,0.00017923566573530003,0.2997797094329179,1.4840196994735528,1.4840196994735528,1.5
3.601,0.5234182322722322,-0.0013076603313795004,0.5235987755982988,0.00018054332606665113,0.29977523595411015,1.4908239179166987,1.4908239179166987,1.5
3.602,0.5234155986482683,-0.0026336239639441618,0.5235987755982988,0.00018317695003056134,0.2997611084941388,1.4733761145221964,1.4733761145221964,1.5
3.603,0.5234141612626911,-0.00143738557707182,0.5235987755982988,0.00018461433560768015,0.29977490823671477,1.5237140778203313,1.5237140778203313,1.5
3.604,0.5234120176285867,-0.0021436341043969344,0.5235987755982988,0.00018675796971212577,0.29976764258431793,1.485760038607332,1.485760038607332,1.5
3.605,0.5234101085920414,-0.0019090365452642528,0.5235987755982988,0.00018866700625741473,0.29977079064389284,1.5045204604543019,1.5045204604543019,1.5
3.606,0.5234079505028159,-0.0021580892254994917,0.5235987755982988,0.00019082509548296045,0.2997685813753345,1.494866223471674,1.494866223471674,1.5
3.607,0.5234071139393885,-0.0008365634273251046,0.5235987755982988,0.00019166165891026932,0.2997837697199045,1.5262578688254478,1.5262578688254478,1.5
3.608,0.523405515558912,-0.0015983804765320982,0.5235987755982988,0.00019326003938680003,0.2997758904320054,1.4846967339416741,1.4846967339416741,1.5
3.609,0.5234036557763716,-0.0018597825404555808,0.5235987755982988,0.00019511982192721433,0.2997735439700239,1.4946440882834078,1.4946440882834078,1.5
3.61,0.5234020800566462,-0.0015757197253749387,0.5235987755982988,0.00019669554165258063,0.2997772363544274,1.5055324736983764,1.5055324736983764,1.5
3.611,0.5234003327095845,-0.0017473470616825046,0.5235987755982988,0.00019844288871428972,0.29977588190230753,1.4964413956958187,1.4964413956958187,1.5
3.612,0.5233993196071488,-0.0010131024357244195,0.5235987755982988,0.00019945599115001045,0.29978456095784367,1.514545104754227,1.514545104754227,1.5
3.613,0.5233988572213396,-0.0004623858091435776,0.5235987755982988,0.00019991837695920722,0.29979121496313316,1.5109332843367589,1.5109332843367589,1.5
3.614,0.5233988225599041,-3.466143553604962e-05,0.5235987755982988,0.0001999530383947068,0.29979651214972136,1.508517496607419,1.508517496607419,1.5
3.615,0.523400051996308,0.0012294364039217194,0.5235987755982988,0.0001987236019908023,0.299811080915996,1.5252791838743125,1.5252791838743125,1.5
3.616,0.5234007188441173,0.0006668478092703141,0.5235987755982988,0.00019805675418149704,0.2998054250591757,1.4888465830192856,1.4888465830192856,1.5
3.617,0.5234006664146899,-5.242942751104761e-05,0.5235987755982988,0.00019810918360896324,0.29979802377263454,1.4856678030891144,1.4856678030891144,1.5
3.618,0.5234011533591117,0.0004869444219197008,0.5235987755982988,0.00019762223918706745,0.29980455738137207,1.510783282634414,1.510783282634414,1.5
3.619,0.5234014688414876,0.00031548237591265133,0.5235987755982988,0.00019730675681117749,0.29980322049922625,1.4966097146336126,1.4966097146336126,1.5
3.62,0.5234020151577092,0.000546316221632285,0.5235987755982988,0.00019676044058958286,0.29980633729313666,1.5046419155044657,1.5046419155044657,1.5
3.621,0.5234023967954287,0.00038163771946028995,0.5235987755982988,0.0001963788028701563,0.29980507327584505,1.4967501352542907,1.4967501352542907,1.5
3.622,0.5234032309313468,0.0008341359180644337,0.5235987755982988,0.0001955446669520411,0.2998106439842165,1.5090804949896397,1.5090804949896397,1.5
3.623,0.523404636908464,0.0014059771172149392,0.5235987755982988,0.00019413868983486626,0.29981754167670144,1.5115035548564553,1.5115035548564553,1.5
3.624,0.5234053420514274,0.0007051429634915832,0.5235987755982988,0.00019343354687140213,0.29981034394080747,1.48609579509491,1.48609579509491,1.5
3.625,0.5234061132222201,0.0007711707926300775,0.5235987755982988,0.00019266237607873382,0.2998116321670212,1.5013769680198492,1.5013769680198492,1.5
3.626,0.5234056296626719,-0.0004835595481491447,0.5235987755982988,0.00019314593562691496,0.2997982853116266,1.474967086847826,1.474967086847826,1.5
3.6270000000000002,0.5234052515230694,-0.0003781396024771588,0.5235987755982988,0.00019352407522943427,0.29979999073411495,1.5020697141495878,1.5020697141495878,1.5
3.628,0.523405582233495,0.000330710425641141,0.5235987755982988,0.0001931933648038342,0.2998083823106931,1.5141467493941678,1.5141467493941678,1.5
3.629,0.5234052003045455,-0.0003819289494722898,0.5235987755982988,0.00019357529375330085,0.2998010314839775,1.4857736693317827,1.4857736693317827,1.5
3.63,0.5234045469472464,-0.0006533572991922938,0.5235987755982988,0.00019422865105245268,0.2997985581993624,1.4945408786896421,1.4945408786896421,1.5
3.6310000000000002,0.5234035870651863,-0.000959882060054613,0.5235987755982988,0.0001951885331125114,0.299795690855984,1.4938172361988182,1.4938172361988182,1.5
3.632,0.5234020573463859,-0.0015297188004012368,0.5235987755982988,0.00019671825191291958,0.29978990028553987,1.4885264746282632,1.4885264746282632,1.5
3.633,0.5234011726125843,-0.0008847338015221479,0.5235987755982988,0.00019760298571447343,0.29979756112822453,1.5127773224735497,1.5127773224735497,1.5
3.634,0.5234005435022924,-0.000629110291930601,0.5235987755982988,0.00019823209600644542,0.2998009150816021,1.5050416914877092,1.5050416914877092,1.5
3.6350000000000002,0.5234001750623318,-0.0003684399605768261,0.5235987755982988,0.00019860053596698624,0.2998043269942867,1.505163077803721,1.505163077803721,1.5
3.636,0.5234007490719184,0.0005740095865360293,0.5235987755982988,0.00019802652638045704,0.29981529534928614,1.518819515745411,1.518819515745411,1.5
3.637,0.5234015318587182,0.0007827867998325868,0.5235987755982988,0.00019724373958063257,0.29981814575830906,1.504221465032854,1.504221465032854,1.5
3.638,0.523401495809882,-3.604883611088344e-05,0.5235987755982988,0.00019727978841677096,0.2998096112327875,1.4836859102251172,1.4836859102251172,1.5
3.6390000000000002,0.5234014084593024,-8.735057966543731e-05,0.5235987755982988,0.00019736713899642933,0.29980956858739033,1.49897108122202,1.49897108122202,1.5
3.64,0.523402272337332,0.0008638780296486496,0.5235987755982988,0.00019650326096676274,0.2998206321559238,1.5190175841399085,1.5190175841399085,1.5
3.641,0.523404132106436,0.001859769103958573,0.5235987755982988,0.0001946434918628226,0.2998322021121282,1.5199869317285704,1.5199869317285704,1.5
3.642,0.5234048662602016,0.0007341537655086181,0.5235987755982988,0.00019390933809726452,0.29982027716154575,1.4776364747593176,1.4776364747593176,1.5
3.6430000000000002,0.5234056831985514,0.0008169383498276672,0.5235987755982988,0.00019309239974740766,0.2998217248281274,1.5017144239876217,1.5017144239876217,1.5
3.644,0.5234069258941546,0.0012426956031915627,0.5235987755982988,0.0001918497041442091,0.29982697240485573,1.5085805001352641,1.5085805001352641,1.5
3.645,0.5234083193565938,0.0013934624391871435,0.5235987755982988,0.00019045624170499487,0.299829177330254,1.503114752368167,1.503114752368167,1.5
3.646,0.5234106070871632,0.0022877305694145346,0.5235987755982988,0.00018816851113556687,0.29983962107149964,1.5179968395996828,1.5179968395996828,1.5
3.6470000000000002,0.5234118783212364,0.001271234073154966,0.5235987755982988,0.00018689727706244774,0.29982890361064807,1.4798530885203618,1.4798530885203618,1.5
3.648,0.5234133695556858,0.0014912344494923929,0.5235987755982988,0.00018540604261296778,0.2998318715819496,1.504501706252601,1.504501706252601,1.5
3.649,0.5234139505220621,0.0005809663761871782,0.5235987755982988,0.00018482507623673872,0.2998223173322987,1.481913937289855,1.481913937289855,1.5
3.65,0.5234145332115169,0.0005826894547665869,0.5235987755982988,0.00018424238678194094,0.2998228543695398,1.5000809388816831,1.5000809388816831,1.5
3.6510000000000002,0.5234142490226523,-0.0002841888645534851,0.5235987755982988,0.0001845265756464931,0.29981376560329176,1.4827090487699799,1.4827090487699799,1.5
3.652,0.5234139165542498,-0.00033246840252984994,0.5235987755982988,0.00018485904404896836,0.29981373393908944,1.4990116741313084,1.4990116741313084,1.5
3.653,0.5234131647316438,-0.0007518226060403227,0.5235987755982988,0.00018561086665502824,0.29980958859214324,1.4915863184575882,1.4915863184575882,1.5
3.654,0.5234121171019719,-0.0010476296719544897,0.5235987755982988,0.0001866584963269302,0.29980680508516955,1.4940237128732334,1.4940237128732334,1.5
3.6550000000000002,0.5234108619669271,-0.001255135044824622,0.5235987755982988,0.00018791363137171668,0.2998049945902903,1.495766082168841,1.495766082168841,1.5
3.656,0.52340959282971,-0.0012691372171407325,0.5235987755982988,0.00018918276858881367,0.29980532399350285,1.4996195457500918,1.4996195457500918,1.5
3.657,0.5234086779404539,-0.0009148892561397599,0.5235987755982988,0.00019009765784494537,0.2998097321975334,1.5069834282426482,1.5069834282426482,1.5
3.658,0.5234067321168931,-0.0019458235606946478,0.5235987755982988,0.00019204348140566818,0.2997987956112623,1.479308122768411,1.479308122768411,1.5
3.6590000000000003,0.523405629469717,-0.001102647176127126,0.5235987755982988,0.00019314612858178926,0.2998086093972735,1.5167078618064949,1.5167078618064949,1.5
3.66,0.5234047196368017,-0.0009098329153853324,0.5235987755982988,0.00019405596149713045,0.2998112271404615,1.5037680734407457,1.5037680734407457,1.5
3.661,0.5234039790917759,-0.0007405450257902512,0.5235987755982988,0.00019479650652287628,0.29981358549805504,1.5033129711586708,1.5033129711586708,1.5
3.662,0.5234031488191966,-0.0008302725793510545,0.5235987755982988,0.00019562677910223147,0.29981307484865694,1.4981462053267207,1.4981462053267207,1.5
3.6630000000000003,0.5234027619062476,-0.0003869129490469967,0.5235987755982988,0.00019601369205124453,0.29981846842015636,1.508800770799733,1.508800770799733,1.5
3.664,0.5234023092885625,-0.00045261768511336843,0.5235987755982988,0.00019646630973635393,0.29981822609890535,1.4986549522427488,1.4986549522427488,1.5
3.665,0.5234021021169055,-0.00020717165697550023,0.5235987755982988,0.00019667348139329466,0.2998214291906801,1.5048727111479483,1.5048727111479483,1.5
3.666,0.5234030085578378,0.0009064409323534331,0.5235987755982988,0.00019576704046098126,0.299834253862204,1.5222556780540206,1.5222556780540206,1.5
3.6670000000000003,0.5234039234554307,0.000914897592896039,0.5235987755982988,0.00019485214286807384,0.2998348468700569,1.5002416484854404,1.5002416484854404,1.5
3.668,0.5234055449453321,0.0016214899013076425,0.5235987755982988,0.00019323065296672493,0.2998431741850848,1.5142050379756637,1.5142050379756637,1.5
3.669,0.523408206689676,0.0026617443439843546,0.5235987755982988,0.0001905689086227902,0.299855206837229,1.5209348080456389,1.5209348080456389,1.5
3.67,0.5234106327181441,0.0024260284681407555,0.5235987755982988,0.00018814288015467362,0.2998531140881124,1.4954986220306468,1.4954986220306468,1.5
3.6710000000000003,0.5234126218134489,0.0019890953048325192,0.5235987755982988,0.000186153784849874,0.29984878713441193,1.4914554190112865,1.4914554190112865,1.5
3.672,0.5234141881829362,0.0015663694871726017,0.5235987755982988,0.000184587415362647,0.29984461022338654,1.4917046112711883,1.4917046112711883,1.5
3.673,0.5234153439930039,0.0011558100678134395,0.5235987755982988,0.00018343160529488145,0.2998405609547189,1.4919141211717906,1.4919141211717906,1.5
3.674,0.5234177011003288,0.002357107324898391,0.5235987755982988,0.00018107449797000186,0.2998543646140948,1.524118409947124,1.524118409947124,1.5
3.6750000000000003,0.5234207879048085,0.0030868044796682637,0.5235987755982988,0.0001779876934903113,0.2998629577933806,1.5147825116813893,1.5147825116813893,1.5
3.676,0.5234224345799948,0.0016466751862903965,0.5235987755982988,0.00017634101830399374,0.2998475171116764,1.4714443584908161,1.4714443584908161,1.5
3.677,0.5234246750619315,0.0022404819366831277,0.5235987755982988,0.0001741005363673498,0.29985459206096415,1.5120078690227579,1.5120078690227579,1.5
3.678,0.5234264088581903,0.001733796258746546,0.5235987755982988,0.0001723667401085649,0.2998494799084386,1.490045524996203,1.490045524996203,1.5
3.6790000000000003,0.5234284988774845,0.0020900192942896567,0.5235987755982988,0.00017027672081426637,0.29985392077540224,1.507263164411562,1.507263164411562,1.5
3.68,0.523430428133533,0.0019292560484431853,0.5235987755982988,0.00016834746476579454,0.29985263674922474,1.4969519366266137,1.4969519366266137,1.5
3.681,0.5234326592538427,0.0022311203097685798,0.5235987755982988,0.0001661163444560687,0.2998564752212271,1.5061916257103833,1.5061916257103833,1.5
3.682,0.5234344103390819,0.0017510852391691705,0.5235987755982988,0.00016436525921692535,0.2998516527348596,1.4905777882127933,1.4905777882127933,1.5
3.6830000000000003,0.5234359917930098,0.0015814539279488031,0.5235987755982988,0.00016278380528900183,0.2998502617082227,1.4967474605947262,1.4967474605947262,1.5
3.684,0.5234377867414247,0.0017949484148835641,0.5235987755982988,0.00016098885687410025,0.29985311217775834,1.5043964060529311,1.5043964060529311,1.5
3.685,0.52344015370345,0.002366962025240739,0.5235987755982988,0.0001586218948488316,0.29985993672467887,1.5115838680803342,1.5115838680803342,1.5
3.686,0.5234422083736491,0.002054670199137345,0.5235987755982988,0.0001565672246497396,0.2998569693212531,1.4939435204399514,1.4939435204399514,1.5
3.6870000000000003,0.5234449107653361,0.002702391686966053,0.5235987755982988,0.00015386483296275788,0.29986463356322884,1.5131188033725052,1.5131188033725052,1.5
3.688,0.5234471663650513,0.002255599715211792,0.5235987755982988,0.0001516092332475294,0.2998601777095356,1.491280351899872,1.491280351899872,1.5
3.689,0.5234476290275671,0.0004626625158995754,0.5235987755982988,0.00015114657073167503,0.2998407986599197,1.4643217039909726,1.4643217039909726,1.5
3.69,0.5234472667182759,-0.000362309291285632,0.5235987755982988,0.0001515088800229103,0.29983211920482716,1.4835375768575678,1.4835375768575678,1.5
3.6910000000000003,0.5234465533708055,-0.0007133474704209738,0.5235987755982988,0.00015222222749333714,0.29982867857083817,1.4929502516739903,1.4929502516739903,1.5
3.692,0.5234460282684895,-0.000525102315917145,0.5235987755982988,0.00015274732980929961,0.29983120734781227,1.503707835292443,1.503707835292443,1.5
3.693,0.5234468422804397,0.000814011950134229,0.5235987755982988,0.0001519333178591209,0.2998464894754559,1.526740277135754,1.526740277135754,1.5
3.694,0.5234484840148584,0.0016417344187749307,0.5235987755982988,0.00015029158344037619,0.2998561222305537,1.5166195703288248,1.5166195703288248,1.5
3.6950000000000003,0.5234492353154707,0.000751300612232553,0.5235987755982988,0.00014954028282809784,0.29984672724521844,1.4823226626226544,1.4823226626226544,1.5
3.696,0.5234504830526601,0.0012477371893101553,0.5235987755982988,0.00014829254563875072,0.2998526858044231,1.5099888355905307,1.5099888355905307,1.5
3.697,0.5234521240027644,0.0016409501043325816,0.5235987755982988,0.00014665159553439722,0.29985750610816464,1.5079640772755933,1.5079640772755933,1.5
3.698,0.5234537849226786,0.0016609199141296921,0.5235987755982988,0.00014499067562023793,0.2998581948293078,1.5005306722042888,1.5005306722042888,1.5
3.6990000000000003,0.5234560276898312,0.002242767152660608,0.5235987755982988,0.00014274790846757757,0.2998651083164088,1.5117698183637487,1.5117698183637487,1.5
3.7,0.5234589013598929,0.002873670061720201,0.5235987755982988,0.00013987423840589042,0.29987257199395523,1.5127974795534047,1.5127974795534047,1.5
3.701,0.5234616051206391,0.002703760746148965,0.5235987755982988,0.00013717047765970936,0.2998711696933036,1.496831707293513,1.496831707293513,1.5
3.702,0.5234646826019326,0.00307748129350532,0.5235987755982988,0.00013409299636624183,0.2998757873461237,1.507690711806819,1.507690711806819,1.5
3.7030000000000003,0.5234680026816207,0.0033200796881881042,0.5235987755982988,0.000130772916678068,0.2998789558944154,1.5050981663971361,1.5050981663971361,1.5
3.704,0.5234715662010511,0.0035635194303311837,0.5235987755982988,0.0001272093972477517,0.29988213574025796,1.5051344012179166,1.5051344012179166,1.5
3.705,0.5234745271176023,0.0029609165512778863,0.5235987755982988,0.0001242484806964761,0.2998759431337605,1.4882330239733605,1.4882330239733605,1.5
3.706,0.5234774139149637,0.002886797361374856,0.5235987755982988,0.00012136168333509723,0.29987559674808584,1.4987544895260416,1.4987544895260416,1.5
3.7070000000000003,0.5234801976657395,0.0027837507758279763,0.5235987755982988,0.00011857793255931615,0.29987492751170775,1.4981700120779724,1.4981700120779724,1.5
3.708,0.5234823972791137,0.002199613374193523,0.5235987755982988,0.00011637831918509534,0.2998689249158467,1.4885399520293772,1.4885399520293772,1.5
3.709,0.5234845303293266,0.0021330502129185192,0.5235987755982988,0.00011424526897219067,0.29986864795255874,1.4988447058444354,1.4988447058444354,1.5
3.71,0.5234866873042727,0.002156974946095114,0.5235987755982988,0.00011208829402609144,0.2998693714422639,1.5006491386805654,1.5006491386805654,1.5
3.7110000000000003,0.5234883928411721,0.0017055368993233178,0.5235987755982988,0.00011038275712671464,0.2998648268106012,1.4911437970602517,1.4911437970602517,1.5
3.712,0.5234895625269594,0.001169685787317529,0.5235987755982988,0.00010921307133937574,0.29985933943478893,1.48941942071183,1.48941942071183,1.5
3.713,0.5234907583222543,0.0011957952948648484,0.5235987755982988,0.00010801727604448086,0.29986007022029587,1.5006157650139318,1.5006157650139318,1.5
3.714,0.5234918336318248,0.0010753095704481718,0.5235987755982988,0.00010694196647398346,0.2998591758147744,1.4976859491352557,1.4976859491352557,1.5
3.715,0.5234933421772916,0.0015085454667493894,0.5235987755982988,0.0001054334210072172,0.2998644139663632,1.5087507426916602,1.5087507426916602,1.5
3.716,0.5234952930540501,0.001950876758451715,0.5235987755982988,0.00010348254424874526,0.29986975758943224,1.5089673094713865,1.5089673094713865,1.5
3.717,0.5234966176024244,0.001324548374296046,0.5235987755982988,0.00010215799587443009,0.29986326491049065,1.4876295024575628,1.4876295024575628,1.5
3.718,0.5234975765445017,0.0009589420772710552,0.5235987755982988,0.00010119905379712968,0.2998596513444945,1.4927938379294439,1.4927938379294439,1.5
3.719,0.5234981962177496,0.0006196732479037497,0.5235987755982988,0.0001005793805491928,0.29985632341211577,1.4932913387788356,1.4932913387788356,1.5
3.72,0.5234986172297846,0.00042101203502391304,0.5235987755982988,0.00010015836851418047,0.2998545476406707,1.4960763496022356,1.4960763496022356,1.5
3.721,0.5234990054016733,0.0003881718886556485,0.5235987755982988,9.97701966255482e-05,0.29985460533586855,1.4993768780354366,1.4993768780354366,1.5
3.722,0.5234989538898133,-5.151185997799085e-05,0.5235987755982988,9.982170848554794e-05,0.29985015345337496,1.4912373787784197,1.4912373787784197,1.5
3.723,0.5234983526643475,-0.0006012254657645395,0.5235987755982988,0.00010042293395129409,0.2998444752482052,1.4890016069354708,1.4890016069354708,1.5
3.724,0.523497267596718,-0.0010850676295169007,0.5235987755982988,0.00010150800158081896,0.29983951828557176,1.4902750586876916,1.4902750586876916,1.5
3.725,0.5234963814615838,-0.0008861351341792323,0.5235987755982988,0.00010239413671497832,0.29984211897979257,1.503891844496392,1.503891844496392,1.5
3.726,0.5234947394090046,-0.0016420525792849223,0.5235987755982988,0.00010403618929422098,0.2998341412320852,1.4848107602871519,1.4848107602871519,1.5
3.727,0.5234931418244986,-0.0015975845059830577,0.5235987755982988,0.00010563377380023997,0.29983502061773576,1.5007579972596945,1.5007579972596945,1.5
3.728,0.5234913313976866,-0.0018104268120142817,0.5235987755982988,0.00010744420061226112,0.2998330484537636,1.4956153471188969,1.4956153471188969,1.5
3.729,0.5234895497070425,-0.0017816906440485942,0.5235987755982988,0.00010922589125628157,0.29983374908919047,1.5004298892143526,1.5004298892143526,1.5
3.73,0.5234878176091079,-0.0017320979346208557,0.5235987755982988,0.00011095798919091848,0.2998346801548365,1.5008493189370309,1.5008493189370309,1.5
3.731,0.5234867511138495,-0.0010664952584186827,0.5235987755982988,0.00011202448444935786,0.29984243643456787,1.5131734856892738,1.5131734856892738,1.5
3.732,0.5234853847307391,-0.001366383110297132,0.5235987755982988,0.00011339086755968175,0.2998395027731656,1.4939169233417575,1.4939169233417575,1.5
3.733,0.5234823961559675,-0.0029885747716861108,0.5235987755982988,0.00011637944233133801,0.29982191238106454,1.4674468561233966,1.4674468561233966,1.5
3.734,0.5234799649032522,-0.0024312527153080845,0.5235987755982988,0.00011881069504660058,0.299828448554605,1.5109073551458256,1.5109073551458256,1.5
3.735,0.5234777609583614,-0.0022039448908575845,0.5235987755982988,0.00012101463993741124,0.2998313346562664,1.5043516562717854,1.5043516562717854,1.5
3.736,0.5234760910793218,-0.0016698790396035682,0.5235987755982988,0.00012268451897701205,0.29983762181867774,1.5105050014338117,1.5105050014338117,1.5
3.737,0.523474934053762,-0.001157025559830101,0.5235987755982988,0.00012384154453681795,0.29984368019550817,1.510123479272301,1.510123479272301,1.5
3.738,0.5234729633097055,-0.001970744056497686,0.5235987755982988,0.00012581228859331883,0.29983504566201474,1.483633068021862,1.483633068021862,1.5
3.739,0.5234716519208813,-0.0013113888242271565,0.5235987755982988,0.00012712367741751773,0.29984272112839194,1.5130294451208908,1.5130294451208908,1.5
3.74,0.5234708152950039,-0.000836625877367302,0.5235987755982988,0.00012796030329487174,0.29984835921270736,1.509390347831259,1.509390347831259,1.5
3.741,0.5234711122201139,0.00029692510992388333,0.5235987755982988,0.0001276633781849279,0.2998613023116614,1.5226040896756343,1.5226040896756343,1.5
3.742,0.5234719160023367,0.0008037822228001653,0.5235987755982988,0.0001268595959621477,0.2998673158211949,1.5101608962663196,1.5101608962663196,1.5
3.743,0.5234737788506995,0.0018628483628129065,0.5235987755982988,0.00012499674759935964,0.29987945379696895,1.5212456253780788,1.5212456253780788,1.5
3.744,0.5234751281593976,0.0013493086980963958,0.5235987755982988,0.00012364743890125318,0.29987418009369465,1.4898782345746948,1.4898782345746948,1.5
3.745,0.5234746441261868,-0.0004840332107276903,0.5235987755982988,0.00012413147211198794,0.29985427439067575,1.463441106519366,1.463441106519366,1.5
3.746,0.5234744899356828,-0.00015419050398562912,0.5235987755982988,0.00012428566261601937,0.29985831137656194,1.506558131477983,1.506558131477983,1.5
3.747,0.5234754547536633,0.0009648179804637562,0.5235987755982988,0.00012332084463551052,0.29987109601787265,1.5223678344486689,1.5223678344486689,1.5
3.748,0.5234758183919409,0.0003636382775537659,0.5235987755982988,0.00012295720635790985,0.2998648345836848,1.4880535913802373,1.4880535913802373,1.5
3.749,0.5234766607502053,0.00084235826433375,0.5235987755982988,0.00012211484809354634,0.29987052949663734,1.509603490797804,1.509603490797804,1.5
3.75,0.5234766608439552,9.374989579525456e-08,0.5235987755982988,0.0001221147543436496,0.2998615929043322,1.4832220983723876,1.4832220983723876,1.5
3.751,0.5234768921902583,0.0002313463031613697,0.5235987755982988,0.0001218834080405351,0.2998645386628051,1.5046250585653032,1.5046250585653032,1.5
3.7520000000000002,0.5234775539508906,0.0006617606322522378,0.5235987755982988,0.00012122164740824282,0.2998696932893824,1.5086267942860703,1.5086267942860703,1.5
3.753,0.5234783204105595,0.0007664596689170996,0.5235987755982988,0.00012045518773928787,0.29987124368004,1.5021469215838774,1.5021469215838774,1.5
3.754,0.5234785919632192,0.00027155265968504714,0.5235987755982988,0.00012018363507959595,0.29986615058208355,1.4901631765888723,1.4901631765888723,1.5
3.755,0.5234790345217912,0.0004425585720081825,0.5235987755982988,0.00011974107650758459,0.29986842819402193,1.5034418424592375,1.5034418424592375,1.5
3.7560000000000002,0.5234798018976071,0.0007673758159247039,0.5235987755982988,0.00011897370069169355,0.29987241135667786,1.506531749564091,1.506531749564091,1.5
3.757,0.5234806762267107,0.0008743291036026047,0.5235987755982988,0.00011809937158813177,0.2998739838769191,1.502200455818832,1.502200455818832,1.5
3.758,0.5234823232639987,0.0016470372879775672,0.5235987755982988,0.00011645233430013224,0.2998829335670195,1.5155241100157875,1.5155241100157875,1.5
3.759,0.5234836197247356,0.0012964607368319014,0.5235987755982988,0.00011515587356325518,0.2998794463449281,1.4931202319601249,1.4931202319601249,1.5
3.7600000000000002,0.5234859727500293,0.0023530252937550384,0.5235987755982988,0.00011280284826953313,0.29989154483593794,1.5212350079974093,1.5212350079974093,1.5
3.761,0.5234884381574324,0.002465407403089692,0.5235987755982988,0.00011033744086641484,0.29989319478609333,1.5024358842101935,1.5024358842101935,1.5
3.762,0.5234902457013407,0.0018075439082948317,0.5235987755982988,0.00010852989695808724,0.2998863105693431,1.48703996269635,1.48703996269635,1.5
3.763,0.5234917418806927,0.0014961793519727383,0.5235987755982988,0.0001070337176061198,0.29988325558847856,1.4939173123862217,1.4939173123862217,1.5
3.7640000000000002,0.5234927731977231,0.0010313170304455243,0.5235987755982988,0.00010600240057567767,0.2998784944638111,1.4908224479176135,1.4908224479176135,1.5
3.765,0.5234937944534003,0.001021255677122301,0.5235987755982988,0.0001049811448985416,0.2998787652704465,1.4998812782959712,1.4998812782959712,1.5
3.766,0.5234940279286401,0.00023347523980380325,0.5235987755982988,0.0001047476696587335,0.2998704174950202,1.4843260917077998,1.4843260917077998,1.5
3.767,0.5234937000114845,-0.00032791715552731905,0.5235987755982988,0.00010507558681427387,0.299864566382908,1.4887908301125619,1.4887908301125619,1.5
3.7680000000000002,0.5234931639093671,-0.0005361021174379449,0.5235987755982988,0.00010561168893175044,0.2998626202529771,1.4958100673893453,1.4958100673893453,1.5
3.769,0.5234921358285041,-0.0010280808629659318,0.5235987755982988,0.00010663976979474743,0.2998575257574952,1.4901175369200452,1.4901175369200452,1.5
3.77,0.5234907732048543,-0.0013626236497628437,0.5235987755982988,0.00010800239344455065,0.299854168011793,1.4932268977950245,1.4932268977950245,1.5
3.771,0.523489857418292,-0.0009157865622185779,0.5235987755982988,0.00010891818000680065,0.29985946268869046,1.5088277318589043,1.5088277318589043,1.5
3.7720000000000002,0.5234899181913472,6.0773055120575065e-05,0.5235987755982988,0.0001088574069516568,0.29987063200502195,1.5194579294218056,1.5194579294218056,1.5
3.773,0.5234897546346073,-0.0001635567398456255,0.5235987755982988,0.00010902096369147518,0.2998685074099638,1.4955182659450856,1.4955182659450856,1.5
3.774,0.5234893082619898,-0.0004463726175071517,0.5235987755982988,0.0001094673363090104,0.29986573071237804,1.4943305979075818,1.4943305979075818,1.5
3.775,0.5234882623610945,-0.001045900895320841,0.5235987755982988,0.00011051323720434603,0.2998594398930276,1.4879737246343256,1.4879737246343256,1.5
3.7760000000000002,0.5234879496290857,-0.00031273200869009175,0.5235987755982988,0.00011082596921307974,0.299867906655463,1.5145797056609893,1.5145797056609893,1.5
3.777,0.5234882844745345,0.00033484544877529835,0.5235987755982988,0.00011049112376426695,0.2998754340777961,1.5129265305886126,1.5129265305886126,1.5
3.778,0.5234883466273735,6.2152839040578e-05,0.5235987755982988,0.00011042897092528037,0.29987277245178623,1.4945729354412076,1.4945729354412076,1.5
3.779,0.5234884956848852,0.0001490575116197086,0.5235987755982988,0.00011027991341361343,0.29987409057002434,1.5017430656787059,1.5017430656787059,1.5
3.7800000000000002,0.5234898669887057,0.0013713038204755986,0.5235987755982988,0.00010890860959311688,0.29988798885142487,1.5244568507780474,1.5244568507780474,1.5
3.781,0.5234909233342725,0.0010563455668150914,0.5235987755982988,0.0001078522640263202,0.29988487006747766,1.493810539232428,1.493810539232428,1.5
3.782,0.5234930963508533,0.002173016580755591,0.5235987755982988,0.0001056792474455337,0.2998976088916255,1.5224179279241552,1.5224179279241552,1.5
3.783,0.5234957108352526,0.002614484399313887,0.5235987755982988,0.00010306476304622336,0.29990288044466673,1.5090031976976264,1.5090031976976264,1.5
3.7840000000000003,0.5234972773917841,0.0015665565315311674,0.5235987755982988,0.00010149820651472741,0.29989165396221407,1.4792506013962907,1.4792506013962907,1.5
3.785,0.5234975927052402,0.0003153134561569731,0.5235987755982988,0.0001011828930586045,0.2998781593324102,1.4751004630150386,1.4751004630150386,1.5
3.786,0.5234986868354289,0.001094130188724592,0.5235987755982988,0.00010008876286993207,0.2998871403645796,1.515601559727845,1.515601559727845,1.5
3.787,0.5234999294307288,0.0012425952998826968,0.5235987755982988,9.884616757005471e-05,0.2998891465312363,1.50305683263826,1.50305683263826,1.5
3.7880000000000003,0.523501071710076,0.0011422793472512175,0.5235987755982988,9.770388822283316e-05,0.2998883971439317,1.498093088571361,1.498093088571361,1.5
3.789,0.5235010266843746,-4.502570141920741e-05,0.5235987755982988,9.774891392422269e-05,0.29987560118584566,1.4763452813743716,1.4763452813743716,1.5
3.79,0.5235013359162696,0.00030923189497717926,0.5235987755982988,9.743968202924336e-05,0.2998798690772266,1.5070815498718142,1.5070815498718142,1.5
3.791,0.5235019567891664,0.000620872896917476,0.5235987755982988,9.681880913237073e-05,0.29988366864132865,1.506257558590404,1.506257558590404,1.5
3.7920000000000003,0.52350158416913,-0.0003726200364864423,0.5235987755982988,9.719142916886359e-05,0.2998730101748229,1.480179811163675,1.480179811163675,1.5
3.793,0.5235015212343878,-6.293474224487727e-05,0.5235987755982988,9.725436391105902e-05,0.299876776848179,1.5061638962819124,1.5061638962819124,1.5
3.794,0.5235010486099113,-0.0004726244764325032,0.5235987755982988,9.772698838750316e-05,0.2998725758987585,1.491801170536868,1.491801170536868,1.5
3.795,0.5235015899275505,0.0005413176391038983,0.5235987755982988,9.718567074834539e-05,0.29988414274244757,1.5202410323526134,1.5202410323526134,1.5
3.7960000000000003,0.5235022293173057,0.000639389755201761,0.5235987755982988,9.654628099309281e-05,0.29988557434024304,1.5020047477330856,1.5020047477330856,1.5
3.797,0.5235038951965664,0.0016658792606570726,0.5235987755982988,9.48804017324445e-05,0.29989729349236954,1.5205809412895224,1.5205809412895224,1.5
3.798,0.5235061118844119,0.00221668784545575,0.5235987755982988,9.266371388694239e-05,0.2999037549741285,1.511149442036826,1.511149442036826,1.5
3.799,0.5235076337409277,0.001521856515856603,0.5235987755982988,9.114185737113534e-05,0.2998964208653003,1.4862807084356535,1.4862807084356535,1.5
3.8000000000000003,0.5235090835156876,0.0014497747599300371,0.5235987755982988,8.969208261122574e-05,0.299895976548999,1.4986801134027372,1.4986801134027372,1.5
3.801,0.5235106364579919,0.0015529423043348695,0.5235987755982988,8.813914030691983e-05,0.29989747208923384,1.502179332868891,1.502179332868891,1.5
3.802,0.5235125528000439,0.0019163420520004473,0.5235987755982988,8.622279825487578e-05,0.2999018515185366,1.5073922303376583,1.5073922303376583,1.5
3.803,0.5235144652700148,0.0019124699708018358,0.5235987755982988,8.431032828404295e-05,0.2999021654288676,1.5000758657401878,1.5000758657401878,1.5
3.8040000000000003,0.5235160441825807,0.0015789125659376889,0.5235987755982988,8.273141571812914e-05,0.29989882527504824,1.4934818495003812,1.4934818495003812,1.5
3.805,0.5235168894210591,0.0008452384784404108,0.5235987755982988,8.188617723969838e-05,0.2998910461641785,1.4854528312553295,1.4854528312553295,1.5
3.806,0.5235193408892247,0.002451468165629348,0.5235987755982988,7.943470907412209e-05,0.2999091829963121,1.532192212822054,1.532192212822054,1.5
3.807,0.5235221200167808,0.0027791275560822525,0.5235987755982988,7.665558151803697e-05,0.29991317379425153,1.5067493052623084,1.5067493052623084,1.5
3.8080000000000003,0.5235245706095507,0.002450592769879836,0.5235987755982988,7.420498874810555e-05,0.2999098972100461,1.4936516344804383,1.4936516344804383,1.5
3.809,0.5235268835743329,0.0023129647821534902,0.5235987755982988,7.189202396595817e-05,0.29990873045193905,1.4974434876670635,1.4974434876670635,1.5
3.81,0.5235287534780462,0.0018699037133376572,0.5235987755982988,7.00221202526441e-05,0.29990417652592605,1.4913238158062556,1.4913238158062556,1.5
3.811,0.5235303051759714,0.0015516979252872885,0.5235987755982988,6.847042232738243e-05,0.2999009990156249,1.4937854765360596,1.4937854765360596,1.5
3.8120000000000003,0.5235319273979886,0.0016222220171962381,0.5235987755982988,6.68482003102211e-05,0.29990212346027534,1.501534617672202,1.501534617672202,1.5
3.813,0.5235337524720046,0.0018250740160726173,0.5235987755982988,6.502312629419471e-05,0.2999047141530385,1.5041868177389033,1.5041868177389033,1.5
3.814,0.5235355833396463,0.0018308676417571348,0.5235987755982988,6.319225865247802e-05,0.2999051231877586,1.5002618784349762,1.5002618784349762,1.5
3.815,0.5235365397725815,0.0009564329351716588,0.5235987755982988,6.223582571729391e-05,0.2998957781236815,1.482657775279631,1.482657775279631,1.5
3.8160000000000003,0.5235378861522534,0.0013463796718540424,0.5235987755982988,6.088944604543123e-05,0.299900429956784,1.5078754493684614,1.5078754493684614,1.5
3.817,0.5235391642775569,0.0012781253034380006,0.5235987755982988,5.961132074194797e-05,0.29990000916632503,1.4987426230054275,1.4987426230054275,1.5
3.818,0.5235402244639126,0.0010601863556945804,0.5235987755982988,5.8551134386242154e-05,0.29989792796147063,1.4957434710694066,1.4957434710694066,1.5
3.819,0.5235402183628839,-6.101028720528886e-06,0.5235987755982988,5.8557235414924413e-05,0.2998864428797049,1.4787590672201534,1.4787590672201534,1.5
3.8200000000000003,0.5235404159393013,0.00019757641749396955,0.5235987755982988,5.835965899747553e-05,0.2998890139857678,1.5040730608419923,1.5040730608419923,1.5
3.821,0.5235400051738891,-0.0004107654122637524,0.5235987755982988,5.877042440971536e-05,0.29988258955340735,1.487848969518245,1.487848969518245,1.5
3.822,0.5235388699770535,-0.0011351968356090297,0.5235987755982988,5.99056212453597e-05,0.2998748696434534,1.4854785103001134,1.4854785103001134,1.5
3.823,0.5235378939110473,-0.0009760660061576227,0.5235987755982988,6.088168725149057e-05,0.2998769291739935,1.5030918008421794,1.5030918008421794,1.5
3.8240000000000003,0.5235371557945473,-0.0007381165000596593,0.5235987755982988,6.161980375152254e-05,0.2998798633894902,1.5046809048414667,1.5046809048414667,1.5
3.825,0.5235367090256998,-0.0004467688475024206,0.5235987755982988,6.20665725989955e-05,0.29988339169241746,1.50576790373114,1.50576790373114,1.5
3.826,0.5235364812097162,-0.00022781598367664174,0.5235987755982988,6.229438858262881e-05,0.29988612097624384,1.5043433157687154,1.5043433157687154,1.5
3.827,0.5235357531465177,-0.0007280631984966615,0.5235987755982988,6.302245178113619e-05,0.2998808834280686,1.4899768304249055,1.4899768304249055,1.5
3.8280000000000003,0.5235349638753048,-0.000789271212795457,0.5235987755982988,6.38117229939672e-05,0.29988050291699814,1.4987175946581444,1.4987175946581444,1.5
3.829,0.5235341169431548,-0.0008469321501058991,0.5235987755982988,6.465865514404534e-05,0.2998801600499465,1.4987836395567675,1.4987836395567675,1.5
3.83,0.5235340755205896,-4.142256518140813e-05,0.5235987755982988,6.470007770920105e-05,0.2998893797933685,1.5160424371264813,1.5160424371264813,1.5
3.831,0.5235346666410383,0.0005911204486664808,0.5235987755982988,6.410895726050025e-05,0.29989669317148754,1.5126475464717433,1.5126475464717433,1.5
3.8320000000000003,0.5235338719999646,-0.0007946410736687979,0.5235987755982988,6.490359833422055e-05,0.2998816508409234,1.4723320591891877,1.4723320591891877,1.5
3.833,0.5235332815684832,-0.0005904314813653536,0.5235987755982988,6.549402981559371e-05,0.2998842061685442,1.5040206205601754,1.5040206205601754,1.5
3.834,0.5235332532792347,-2.8289248452286115e-05,0.5235987755982988,6.5522319064093e-05,0.2998907294811742,1.5111956101397521,1.5111956101397521,1.5
3.835,0.5235323459618684,-0.0009073173663946009,0.5235987755982988,6.642963643044286e-05,0.29988129099203037,1.4824171745012775,1.4824171745012775,1.5
3.8360000000000003,0.5235313648867274,-0.0009810751410616822,0.5235987755982988,6.741071157145839e-05,0.29988076235167427,1.4984522591173468,1.4984522591173468,1.5
3.837,0.5235301308645214,-0.0012340222059278466,0.5235987755982988,6.86447337774343e-05,0.2998782464297535,1.4948625726913918,1.4948625726913918,1.5
3.838,0.5235291192504867,-0.0010116140346796605,0.5235987755982988,6.965634781208596e-05,0.2998809933602243,1.5043494416484895,1.5043494416484895,1.5
3.839,0.5235284243056955,-0.00069494479121986,0.5235987755982988,7.035129260335449e-05,0.29988478698290866,1.5062524557464216,1.5062524557464216,1.5
3.84,0.5235279237000743,-0.0005006056212022448,0.5235987755982988,7.08518982245332e-05,0.29988722867426737,1.5038311878170547,1.5038311878170547,1.5
3.841,0.5235283644521209,0.00044075204658503985,0.5235987755982988,7.041114617789557e-05,0.2998979494285802,1.5187871049060495,1.5187871049060495,1.5
3.842,0.5235288443873748,0.00047993525385139706,0.5235987755982988,6.993121092402355e-05,0.2998986858148219,1.500818924309054,1.500818924309054,1.5
3.843,0.5235291177307757,0.00027334340096642765,0.5235987755982988,6.965786752310965e-05,0.2998966986284997,1.4959065577626087,1.4959065577626087,1.5
3.844,0.5235282238691907,-0.000893861584941393,0.5235987755982988,7.05517291080815e-05,0.2998840638775919,1.476677767753921,1.476677767753921,1.5
3.845,0.5235273820234752,-0.0008418457155948926,0.5235987755982988,7.139357482366382e-05,0.29988492176627457,1.5009688084601347,1.5009688084601347,1.5
3.846,0.5235281129789179,0.0007309554427583454,0.5235987755982988,7.066261938093454e-05,0.29990263039047316,1.5313886755098172,1.5313886755098172,1.5
3.847,0.5235288609346436,0.0007479557256535033,0.5235987755982988,6.991466365524612e-05,0.29990312087808585,1.5003984820933238,1.5003984820933238,1.5
3.848,0.5235278385916002,-0.0010223430433218103,0.5235987755982988,7.093700669857927e-05,0.29988380689287153,1.464653861078546,1.464653861078546,1.5
3.849,0.5235263889065767,-0.0014496850235957211,0.5235987755982988,7.238669172215939e-05,0.29987934835463703,1.491371372951056,1.491371372951056,1.5
3.85,0.5235256088664646,-0.0007800401120976012,0.5235987755982988,7.316673183421774e-05,0.2998870382059694,1.5132769234280747,1.5132769234280747,1.5
3.851,0.5235245544962128,-0.001054370251794787,0.5235987755982988,7.422110208599175e-05,0.2998842768779734,1.4944509939970885,1.4944509939970885,1.5
3.852,0.5235240916730551,-0.000462823157729989,0.5235987755982988,7.468392524367928e-05,0.29989110524798523,1.5117465922611524,1.5117465922611524,1.5
3.853,0.5235245521542775,0.00046048122232649196,0.5235987755982988,7.42234440213041e-05,0.2999016169020066,1.5184290617485112,1.5184290617485112,1.5
3.854,0.5235252177236424,0.0006655693648973619,0.5235987755982988,7.355787465646024e-05,0.299904182285297,1.5041386013492035,1.5041386013492035,1.5
3.855,0.5235257920499499,0.0005743263074907052,0.5235987755982988,7.298354834894827e-05,0.2999034662038425,1.4982283844010587,1.4982283844010587,1.5
3.856,0.523527520384198,0.001728334248203566,0.5235987755982988,7.125521410078495e-05,0.2999165458569725,1.5231261049188565,1.5231261049188565,1.5
3.857,0.5235298404494105,0.0023200652124550185,0.5235987755982988,6.893514888828278e-05,0.29992341020973706,1.5119728860248853,1.5119728860248853,1.5
3.858,0.5235319659601418,0.0021255107312748425,0.5235987755982988,6.680963815697272e-05,0.29992156946987264,1.4962945155933929,1.4962945155933929,1.5
3.859,0.5235341769455797,0.002210985437866254,0.5235987755982988,6.459865271912779e-05,0.2999228280225823,1.5018795349903302,1.5018795349903302,1.5
3.86,0.5235359581365595,0.0017811909798000891,0.5235987755982988,6.281746173930625e-05,0.299918377523724,1.491580989673706,1.491580989673706,1.5
3.861,0.5235383617174927,0.002403580933146056,0.5235987755982988,6.041388080613164e-05,0.2999255788570906,1.5125902943453033,1.5125902943453033,1.5
3.862,0.5235401138371942,0.0017521197015380285,0.5235987755982988,5.8661761104583654e-05,0.29991867313274545,1.4871630618424911,1.4871630618424911,1.5
3.863,0.5235424686855146,0.0023548483203393532,0.5235987755982988,5.6306912784243046e-05,0.2999256545046504,1.5121947419521495,1.5121947419521495,1.5
3.864,0.5235435886290827,0.001119943568156217,0.5235987755982988,5.518696921613664e-05,0.29991228166271067,1.4754902928219644,1.4754902928219644,1.5
3.865,0.5235457019706644,0.0021133415817445045,0.5235987755982988,5.3073627634403486e-05,0.2999235814673886,1.5199575557572182,1.5199575557572182,1.5
3.866,0.5235483237232889,0.0026217526244897526,0.5235987755982988,5.045187500996029e-05,0.29992952018253793,1.5103372881814445,1.5103372881814445,1.5
3.867,0.5235504542117687,0.002130488479830446,0.5235987755982988,4.832138653010354e-05,0.2999243882470277,1.490384457316773,1.490384457316773,1.5
3.868,0.5235513513135858,0.0008971018171067614,0.5235987755982988,4.742428471304905e-05,0.29991102578973616,1.4755027058239127,1.4755027058239127,1.5
3.869,0.5235519773631062,0.0006260495204540115,0.5235987755982988,4.679823519260218e-05,0.29990830866689056,1.4946507222123135,1.4946507222123135,1.5
3.87,0.5235522006365181,0.00022327341187876283,0.5235987755982988,4.657496178073206e-05,0.2999041275136804,1.4919945617901313,1.4919945617901313,1.5
3.871,0.5235524014760438,0.00020083952567568448,0.5235987755982988,4.6374122255055106e-05,0.29990415440929286,1.4995691841488887,1.4995691841488887,1.5
3.872,0.5235532396037346,0.0008381276908389974,0.5235987755982988,4.5535994564249727e-05,0.2999114901757299,1.5127618304653203,1.5127618304653203,1.5
3.873,0.5235543183058822,0.0010787021475993303,0.5235987755982988,4.44572924166442e-05,0.29991443814718244,1.5048785393504738,1.5048785393504738,1.5
3.874,0.5235560696285704,0.0017513226882144538,0.5235987755982988,4.270596972844043e-05,0.2999221758293144,1.5135387069841104,1.5135387069841104,1.5
3.875,0.5235584729357008,0.002403307130403291,0.5235987755982988,4.0302662598024064e-05,0.29992969323403035,1.513179794658834,1.513179794658834,1.5
3.876,0.5235604081254902,0.0019351897894195674,0.5235987755982988,3.836747280860919e-05,0.2999248076116373,1.4908299177507578,1.4908299177507578,1.5
3.8770000000000002,0.5235628775007151,0.0024693752248719208,0.5235987755982988,3.5898097583753064e-05,0.2999310206231797,1.5108385238922006,1.5108385238922006,1.5
3.878,0.5235649214714763,0.0020439707612345554,0.5235987755982988,3.385412682255229e-05,0.29992660752491346,1.4916894607452424,1.4916894607452424,1.5
3.879,0.5235675991240223,0.0026776525460466215,0.5235987755982988,3.117647427652859e-05,0.2999339228244883,1.51283715335714,1.51283715335714,1.5
3.88,0.5235698436577068,0.002244533684449215,0.5235987755982988,2.8931940592058503e-05,0.29992942543991724,1.4915518349717356,1.4915518349717356,1.5
3.8810000000000002,0.5235721877905383,0.002344132831475651,0.5235987755982988,2.6587807760547477e-05,0.29993082400968774,1.5021715456352847,1.5021715456352847,1.5
3.882,0.5235734266336374,0.0012388430991053191,0.5235987755982988,2.534896466144243e-05,0.29991887255036953,1.4780817359791114,1.4780817359791114,1.5
3.883,0.5235743427722875,0.0009161386501988324,0.5235987755982988,2.4432826011278053e-05,0.2999155765147562,1.4936450184697987,1.4936450184697987,1.5
3.884,0.5235743904773594,4.7705071845161105e-05,0.5235987755982988,2.4385120939385274e-05,0.2999062284465851,1.4827046195249425,1.4827046195249425,1.5
3.8850000000000002,0.5235749039550841,0.0005134777247084129,0.5235987755982988,2.3871643214712357e-05,0.2999116512317541,1.5093192694630126,1.5093192694630126,1.5
3.886,0.5235753288117779,0.00042485669383153654,0.5235987755982988,2.3446786520886498e-05,0.299910936772719,1.4982686576004391,1.4982686576004391,1.5
3.887,0.5235763264360632,0.000997624285295921,0.5235987755982988,2.244916223559379e-05,0.29991754877078064,1.5114893403647942,1.5114893403647942,1.5
3.888,0.5235774862274633,0.0011597913999837248,0.5235987755982988,2.128937083556437e-05,0.299919618249109,1.5033231522365798,1.5033231522365798,1.5
3.8890000000000002,0.5235786971264101,0.0012108989468485336,0.5235987755982988,2.0078471888673732e-05,0.2999204586053438,1.5011149342492949,1.5011149342492949,1.5
3.89,0.5235802458464716,0.0015487200614609266,0.5235987755982988,1.852975182725647e-05,0.29992447578051346,1.5068532942079957,1.5068532942079957,1.5
3.891,0.5235824089415162,0.002163095044668629,0.5235987755982988,1.6366656782618172e-05,0.29993156110924835,1.512411397269071,1.512411397269071,1.5
3.892,0.5235852534780375,0.002844536521295439,0.5235987755982988,1.3522120261288961e-05,0.29993939715999063,1.5138018771361097,1.5138018771361097,1.5
3.8930000000000002,0.5235892987199816,0.004045241944126624,0.5235987755982988,9.476878317205006e-06,0.299952995323746,1.5242416713783273,1.5242416713783273,1.5
3.894,0.5235936233547398,0.004324634758238653,0.5235987755982988,5.152243559014558e-06,0.2999564005863604,1.5059114756377707,1.5059114756377707,1.5
3.895,0.5235971378515119,0.003514496772074077,0.5235987755982988,1.637746786964378e-06,0.29994773643573747,1.4841432110573676,1.4841432110573676,1.5
3.896,0.5236013163796805,0.0041785281686594,0.5235987755982988,-2.5407813817324154e-06,0.29995539466592847,1.5135617876734724,1.5135617876734724,1.5
3.8970000000000002,0.5236059501005531,0.0046337208725077995,0.5235987755982988,-7.174502254292392e-06,0.2999607471108043,1.5094381363304608,1.5094381363304608,1.5
3.898,0.5236090037195539,0.0030536190007370194,0.5235987755982988,-1.0228121255062561e-05,0.29994355316325877,1.468768660234385,1.468768660234385,1.5
3.899,0.523612149071709,0.003145352155206139,0.5235987755982988,-1.3373473410238645e-05,0.29994486129998627,1.5020789526094414,1.5020789526094414,1.5
3.9,0.5236147722546131,0.0026231829040127357,0.5235987755982988,-1.5996656314243296e-05,0.2999393676360797,1.4898082431485484,1.4898082431485484,1.5
3.9010000000000002,0.5236167167940309,0.0019445394178223257,0.5235987755982988,-1.7941195732062987e-05,0.2999321322603058,1.4866369849085128,1.4866369849085128,1.5
3.902,0.5236180307063597,0.0013139123287897836,0.5235987755982988,-1.925510806088937e-05,0.299925418886384,1.487543021372775,1.487543021372775,1.5
3.903,0.5236201473901653,0.0021166838055981583,0.5235987755982988,-2.137179186645355e-05,0.2999345786914203,1.5161605425224707,1.5161605425224707,1.5
3.904,0.5236221783731151,0.002030982949851971,0.5235987755982988,-2.3402774816272398e-05,0.29993390413415294,1.498455317589524,1.498455317589524,1.5
3.9050000000000002,0.5236250041016718,0.0028257285566936565,0.5235987755982988,-2.6228503372971446e-05,0.29994298328656405,1.5160573907728219,1.5160573907728219,1.5
3.906,0.5236259889776813,0.0009848760095320691,0.5235987755982988,-2.7213379382495795e-05,0.29992286920950506,1.4634090073413037,1.4634090073413037,1.5
3.907,0.5236278469716344,0.0018579939531126973,0.5235987755982988,-2.907137333563181e-05,0.29993280095626673,1.5175411489523751,1.5175411489523751,1.5
3.908,0.5236301522666179,0.002305294983480932,0.5235987755982988,-3.1376668319094136e-05,0.29993802569606853,1.5090946601236137,1.5090946601236137,1.5
3.9090000000000003,0.52363285778501,0.002705518392069775,0.5235987755982988,-3.40821867111929e-05,0.2999427341521849,1.5081888917704553,1.5081888917704553,1.5
3.91,0.5236362123761699,0.0033545911598837986,0.5235987755982988,-3.7436777871047155e-05,0.29995020463754046,1.513197896827646,1.513197896827646,1.5
3.911,0.523638359098379,0.002146722209076613,0.5235987755982988,-3.9583500080153655e-05,0.2999371076652906,1.476110988276647,1.476110988276647,1.5
3.912,0.523638732892774,0.0003737943950004577,0.5235987755982988,-3.9957294475145844e-05,0.29991773239834807,1.464713181495203,1.464713181495203,1.5
3.9130000000000003,0.5236393217933067,0.0005889005327397538,0.5235987755982988,-4.054619500792889e-05,0.2999203603010155,1.504332026306386,1.504332026306386,1.5
3.914,0.5236406379565914,0.0013161632846777009,0.5235987755982988,-4.1862358292621416e-05,0.29992866532349544,1.5145923670813781,1.5145923670813781,1.5
3.915,0.5236431914191089,0.0025534625174746224,0.5235987755982988,-4.441582081005091e-05,0.2999426309473742,1.5248512777187126,1.5248512777187126,1.5
3.916,0.5236456116113798,0.002420192270869731,0.5235987755982988,-4.683601308097529e-05,0.29994142635863874,1.4975388720693001,1.4975388720693001,1.5
3.9170000000000003,0.523647954571937,0.002342960557228648,0.5235987755982988,-4.917897363820867e-05,0.2999408401255726,1.498648981108848,1.498648981108848,1.5
3.918,0.5236504367694255,0.0024821974884936967,0.5235987755982988,-5.166117112664903e-05,0.29994265063795045,1.5029721754698793,1.5029721754698793,1.5
3.919,0.5236524939025475,0.0020571331221200546,0.5235987755982988,-5.371830424871771e-05,0.29993820966026724,1.4916972884716067,1.4916972884716067,1.5
3.92,0.5236540539343566,0.0015600318090453497,0.5235987755982988,-5.527833605778465e-05,0.29993296395172814,1.4902225443882755,1.4902225443882755,1.5
3.9210000000000003,0.5236552067001123,0.0011527657557511943,0.5235987755982988,-5.643110181352551e-05,0.29992870614658695,1.4919794814788405,1.4919794814788405,1.5
3.922,0.5236563914298338,0.0011847297214748777,0.5235987755982988,-5.761583153496286e-05,0.299929308899962,1.5007315005749338,1.5007315005749338,1.5
3.923,0.5236580993194758,0.0017078896420202072,0.5235987755982988,-5.9323721177007016e-05,0.2999353540148034,1.5105579767886246,1.5105579767886246,1.5
3.924,0.5236591677299244,0.001068410448568883,0.5235987755982988,-6.0392131625564005e-05,0.29992852314346174,1.4873470473023351,1.4873470473023351,1.5
3.9250000000000003,0.5236600660858874,0.0008983559630602161,0.5235987755982988,-6.129048758862776e-05,0.2999268842334387,1.4966843831257122,1.4966843831257122,1.5
3.926,0.5236602575191561,0.0001914332687314703,0.5235987755982988,-6.148192085730919e-05,0.2999192936480777,1.48593341459047,1.48593341459047,1.5
3.927,0.523659868545254,-0.00038897390204989076,0.5235987755982988,-6.109294695522127e-05,0.299913094591571,1.4884071712458713,1.4884071712458713,1.5
3.928,0.5236603461975796,0.00047765232559548554,0.5235987755982988,-6.157059928080244e-05,0.29992292059361136,1.5173014066407435,1.5173014066407435,1.5
3.9290000000000003,0.5236616187589294,0.0012725613497168657,0.5235987755982988,-6.284316063054352e-05,0.29993196313638165,1.5159363926684752,1.5159363926684752,1.5
3.93,0.5236631850382956,0.0015662793662381898,0.5235987755982988,-6.440943999674875e-05,0.2999354624990168,1.5059761652384038,1.5059761652384038,1.5
3.931,0.5236652065725009,0.002021534205350098,0.5235987755982988,-6.643097420211408e-05,0.2999407550677905,1.5092303991315372,1.5092303991315372,1.5
3.932,0.5236664989458618,0.0012923733608474625,0.5235987755982988,-6.772334756299792e-05,0.2999329294337226,1.4855785058463753,1.4855785058463753,1.5
3.9330000000000003,0.5236673825016044,0.0008835557425767233,0.5235987755982988,-6.860690330556807e-05,0.29992864266936514,1.491927037503453,1.491927037503453,1.5
3.934,0.5236674228525915,4.035098705253398e-05,0.5235987755982988,-6.864725429267526e-05,0.2999195365064854,1.4832065893489224,1.4832065893489224,1.5
3.935,0.5236671399092925,-0.0002829432990651618,0.5235987755982988,-6.836431099366269e-05,0.2999161789773021,1.4935373423566103,1.4935373423566103,1.5
3.936,0.5236666818565502,-0.00045805274228112185,0.5235987755982988,-6.79062582513712e-05,0.2999144583572385,1.4964751756717556,1.4964751756717556,1.5
3.9370000000000003,0.5236654406551734,-0.0012412013767925958,0.5235987755982988,-6.666505687458191e-05,0.2999059974659943,1.484300383090388,1.484300383090388,1.5
3.938,0.523663948846001,-0.0014918091724019636,0.5235987755982988,-6.517324770216604e-05,0.2999034260314501,1.4948885479776692,1.4948885479776692,1.5
3.939,0.5236624835333102,-0.0014653126907714746,0.5235987755982988,-6.370793501142558e-05,0.29990392102022656,1.5004105848988176,1.5004105848988176,1.5
3.94,0.5236601535295135,-0.002330003796753269,0.5235987755982988,-6.137793121463453e-05,0.2998945411574919,1.4825889528651024,1.4825889528651024,1.5
3.9410000000000003,0.5236578998776857,-0.002253651827703805,0.5235987755982988,-5.9124279386923995e-05,0.29989557602358047,1.501340639077249,1.501340639077249,1.5
3.942,0.5236559815928352,-0.0019182848504841676,0.5235987755982988,-5.7205994536402294e-05,0.2998994813794144,1.5065270473981764,1.5065270473981764,1.5
3.943,0.523654705556105,-0.0012760367301262823,0.5235987755982988,-5.592995780623333e-05,0.2999067911260748,1.512691499619119,1.512691499619119,1.5
3.944,0.5236530431512544,-0.0016624048507087675,0.5235987755982988,-5.4267552955566956e-05,0.29990271167954824,1.4921705546499402,1.4921705546499402,1.5
3.9450000000000003,0.5236506945039682,-0.0023486472862513366,0.5235987755982988,-5.1918905669356974e-05,0.29989530370198775,1.486142158901092,1.486142158901092,1.5
3.946,0.5236485354304576,-0.0021590735105092244,0.5235987755982988,-4.97598321588244e-05,0.2998975901647146,1.5036035837319421,1.5036035837319421,1.5
3.947,0.5236456942502015,-0.002841180256215375,0.5235987755982988,-4.691865190264988e-05,0.2998902201859786,1.4861851392050363,1.4861851392050363,1.5
3.948,0.5236443007662395,-0.0013934839620069887,0.5235987755982988,-4.552516794065209e-05,0.2999064393164682,1.5287266314636705,1.5287266314636705,1.5
3.9490000000000003,0.5236430172979661,-0.00128346827334495,0.5235987755982988,-4.42416996673245e-05,0.2999078557366754,1.5020888350562802,1.5020888350562802,1.5
3.95,0.5236418250803596,-0.0011922176064890007,0.5235987755982988,-4.3049482060797395e-05,0.2999090651866432,1.5017223358752514,1.5017223358752514,1.5
3.951,0.5236411494667136,-0.0006756136460057005,0.5235987755982988,-4.237386841476898e-05,0.29991498838657,1.5102367018011469,1.5102367018011469,1.5
3.952,0.5236389836981301,-0.0021657685834434513,0.5235987755982988,-4.020809983129592e-05,0.29989868251965957,1.4701428521595645,1.4701428521595645,1.5
3.9530000000000003,0.5236370093992031,-0.0019742989269610793,0.5235987755982988,-3.8233800904285964e-05,0.29990098873519677,1.503656131642972,1.503656131642972,1.5
3.954,0.5236354257167534,-0.0015836824497586315,0.5235987755982988,-3.6650118454550906e-05,0.29990550366148705,1.507654385629892,1.507654385629892,1.5
3.955,0.5236339248531149,-0.00150086363842634,0.5235987755982988,-3.514925481606923e-05,0.29990661289324505,1.5015296816306651,1.5015296816306651,1.5
3.956,0.5236337786218906,-0.00014623122426918626,0.5235987755982988,-3.500302359182861e-05,0.2999218148404616,1.526972579192069,1.526972579192069,1.5
3.9570000000000003,0.5236340801198045,0.00030149791380791895,0.5235987755982988,-3.530452150568575e-05,0.29992698592636813,1.5089428842636006,1.5089428842636006,1.5
3.958,0.5236336899541866,-0.0003901656179334772,0.5235987755982988,-3.4914355887760706e-05,0.2999195376823606,1.4861908491982767,1.4861908491982767,1.5
3.959,0.5236336875136718,-2.4405147657081245e-06,0.5235987755982988,-3.491191537297045e-05,0.2999240394000349,1.5077232888139207,1.5077232888139207,1.5
3.96,0.5236341633509072,0.0004758372353697854,0.5235987755982988,-3.5387752608362355e-05,0.2999295491854983,1.5095653597615286,1.5095653597615286,1.5
3.9610000000000003,0.5236337260930448,-0.00043725786234634714,0.5235987755982988,-3.495049474599998e-05,0.2999196480326435,1.481776165024507,1.481776165024507,1.5
3.962,0.5236324402786258,-0.0012858144190699568,0.5235987755982988,-3.366468032695025e-05,0.2999104489457035,1.48299388823654,1.48299388823654,1.5
3.963,0.5236309032215405,-0.0015370570853021968,0.5235987755982988,-3.21276232416734e-05,0.2999078561683037,1.4948722815218296,1.4948722815218296,1.5
3.964,0.5236297515529678,-0.0011516685726956739,0.5235987755982988,-3.097595466894365e-05,0.29991231352278774,1.5075848056853063,1.5075848056853063,1.5
3.9650000000000003,0.5236288150249631,-0.0009365280046517736,0.5235987755982988,-3.0039426664241198e-05,0.29991488920714293,1.5042106778750624,1.5042106778750624,1.5
3.966,0.5236284304643873,-0.000384560575690046,0.5235987755982988,-2.96548660885243e-05,0.299921199445538,1.5109644263388624,1.5109644263388624,1.5
3.967,0.5236286678082851,0.00023734389780929272,0.5235987755982988,-2.9892209986281948e-05,0.29992829159368,1.5124073246239316,1.5124073246239316,1.5
3.968,0.5236295013223274,0.0008335140422952494,0.5235987755982988,-3.072572402862406e-05,0.2999351065146956,1.5119423904015439,1.5119423904015439,1.5
3.969,0.5236306072840724,0.0011059617449404435,0.5235987755982988,-3.183168577358675e-05,0.299938342028603,1.5055156351762875,1.5055156351762875,1.5
3.97,0.5236322225522543,0.0016152681818827576,0.5235987755982988,-3.344695395546271e-05,0.29994420512862263,1.5102746056784415,1.5102746056784415,1.5
3.971,0.5236346327180743,0.0024101658199847846,0.5235987755982988,-3.585711977549533e-05,0.29995323900594867,1.5160271742165912,1.5160271742165912,1.5
3.972,0.5236366399089838,0.0020071909094633174,0.5235987755982988,-3.786431068497631e-05,0.2999490102635805,1.4921333150551694,1.4921333150551694,1.5
3.973,0.5236382700264864,0.001630117502595754,0.5235987755982988,-3.9494428187625275e-05,0.29994506237206664,1.4926191071354058,1.4926191071354058,1.5
3.974,0.5236386326479799,0.0003626214934521687,0.5235987755982988,-3.985704968112458e-05,0.299931242525727,1.474780489217336,1.474780489217336,1.5
3.975,0.5236393362220914,0.0007035741113835911,0.5235987755982988,-4.056062379254044e-05,0.29993522692985414,1.5068480620781046,1.5068480620781046,1.5
3.976,0.5236397414440244,0.00040522193303066395,0.5235987755982988,-4.0965845725549066e-05,0.29993213169866995,1.4940892423618521,1.4940892423618521,1.5
3.977,0.5236398649004795,0.00012345645513914884,0.5235987755982988,-4.1089302180719045e-05,0.29992921560432284,1.4943971081968122,1.4943971081968122,1.5
3.978,0.5236400892924622,0.00022439198271382487,0.5235987755982988,-4.131369416338071e-05,0.29993053555393295,1.5020285870679047,1.5020285870679047,1.5
3.979,0.5236397763632078,-0.00031292925438785717,0.5235987755982988,-4.1000764908982745e-05,0.29992478422365426,1.4892715266165835,1.4892715266165835,1.5
3.98,0.5236389560771455,-0.0008202860623401393,0.5235987755982988,-4.01804788466853e-05,0.29991935702608213,1.4898278295006033,1.4898278295006033,1.5
3.981,0.5236379576420969,-0.0009984350486123325,0.5235987755982988,-3.918204379804724e-05,0.2999175701076662,1.496371397389569,1.496371397389569,1.5
3.982,0.5236371654819822,-0.0007921601146599138,0.5235987755982988,-3.838988368343177e-05,0.2999200397881852,1.5040456238751594,1.5040456238751594,1.5
3.983,0.5236366255422097,-0.0005399397725790471,0.5235987755982988,-3.7849943910872597e-05,0.29992302086025807,1.5049810340324445,1.5049810340324445,1.5
3.984,0.5236369516916172,0.00032614940751063437,0.5235987755982988,-3.817609331835392e-05,0.2999328067240357,1.5172785884199873,1.5172785884199873,1.5
3.985,0.523637710519651,0.0007588280339027748,0.5235987755982988,-3.893492135220722e-05,0.29993780153337657,1.5086796644804437,1.5086796644804437,1.5
3.986,0.5236387460719742,0.0010355523232795608,0.5235987755982988,-3.9970473675432494e-05,0.2999410736576776,1.505595192030248,1.505595192030248,1.5
3.987,0.5236403486072106,0.00160253523637457,0.5235987755982988,-4.157300891183269e-05,0.29994756514474646,1.5114225024477626,1.5114225024477626,1.5
3.988,0.5236414797988822,0.001131191671551738,0.5235987755982988,-4.270420058338775e-05,0.2999425587767679,1.4907013315224533,1.4907013315224533,1.5
3.989,0.523641705231026,0.00022543214379689444,0.5235987755982988,-4.292963272722883e-05,0.2999327319129977,1.4819753047786273,1.4819753047786273,1.5
3.99,0.5236424337412949,0.0007285102688674486,0.5235987755982988,-4.365814299611692e-05,0.29993850251549514,1.5100795970729148,1.5100795970729148,1.5
3.991,0.5236428681077155,0.0004343664205747152,0.5235987755982988,-4.40925094167266e-05,0.29993544594556615,1.4941754038556547,1.4941754038556547,1.5
3.992,0.5236438651178518,0.000997010136235071,0.5235987755982988,-4.508951955295437e-05,0.2999418782967567,1.511287623626853,1.511287623626853,1.5
3.993,0.5236449131951637,0.0010480773119799095,0.5235987755982988,-4.6137596864892494e-05,0.29994264932880216,1.5011011043257956,1.5011011043257956,1.5
3.994,0.5236462497938956,0.0013365987319018478,0.5235987755982988,-4.747419559680832e-05,0.29994605156034754,1.5058542745833972,1.5058542745833972,1.5
3.995,0.5236470334220222,0.000783628126624756,0.5235987755982988,-4.82578237234188e-05,0.2999401331437222,1.4890475157930103,1.4890475157930103,1.5
3.996,0.5236481210642321,0.0010876422098068791,0.5235987755982988,-4.934546593327038e-05,0.29994370228842865,1.5061429719137724,1.5061429719137724,1.5
3.997,0.5236484190836441,0.00029801941199305334,0.5235987755982988,-4.96434853453076e-05,0.29993515716043884,1.484294555420508,1.484294555420508,1.5
3.998,0.5236487917811994,0.0003726975552274936,0.5235987755982988,-5.001618290056964e-05,0.2999361774477604,1.5015174044176482,1.5015174044176482,1.5
3.999,0.5236494865765087,0.0006947953092481878,0.5235987755982988,-5.071097820985582e-05,0.2999399397101682,1.506471770884832,1.506471770884832,1.5
4.0,0.5236508539213126,0.0013673448039364746,0.5235987755982988,-5.207832301379334e-05,0.2999475889483774,1.5135065735185056,1.5135065735185056,1.5
