time_s,q_ref_rad,q_rad,dq_rad_s,q_measured_rad,dq_est_rad_s,state_error_q_rad,state_error_dq_rad_s,torque_unsat_nm,torque_applied_nm,saturated,requested_pole_1_real,requested_pole_1_imag,requested_pole_2_real,requested_pole_2_imag,computed_pole_1_real,computed_pole_1_imag,computed_pole_2_real,computed_pole_2_imag
0.000000000000000000e+00,5.235987755982988157e-01,0.000000000000000000e+00,0.000000000000000000e+00,5.807252786428039197e-05,0.000000000000000000e+00,-5.235407030704345432e-01,0.000000000000000000e+00,3.923332686237316902e-01,3.923332686237316902e-01,0.000000000000000000e+00,9.505606696868273975e-01,3.566274359173497027e-02,9.505606696868273975e-01,-3.566274359173497027e-02,9.505606696868272865e-01,3.566274359173491476e-02,9.505606696868272865e-01,-3.566274359173491476e-02
1.000000000000000021e-02,5.235987755982988157e-01,1.527147161310875431e-03,1.527147161310875301e-01,1.483291734266237302e-03,1.425219206401956429e-02,-5.221154838640326146e-01,1.425219206401956429e-02,3.896209641552848546e-01,3.896209641552848546e-01,0.000000000000000000e+00,9.505606696868273975e-01,3.566274359173497027e-02,9.505606696868273975e-01,-3.566274359173497027e-02,9.505606696868272865e-01,3.566274359173491476e-02,9.505606696868272865e-01,-3.566274359173491476e-02
2.000000000000000042e-02,5.235987755982988157e-01,4.523176089426543707e-03,2.996028928115668233e-01,4.102119062451975440e-03,3.901524613947497666e-02,-5.194966565358468680e-01,3.901524613947497666e-02,3.848015560991054906e-01,3.848015560991054906e-01,0.000000000000000000e+00,9.505606696868273975e-01,3.566274359173497027e-02,9.505606696868273975e-01,-3.566274359173497027e-02,9.505606696868272865e-01,3.566274359173491476e-02,9.505606696868272865e-01,-3.566274359173491476e-02
2.999999999999999889e-02,5.235987755982988157e-01,8.923439744371198384e-03,4.400263654944654990e-01,7.796572988042833191e-03,7.205826078143605373e-02,-5.158022026102559998e-01,7.205826078143605373e-02,3.782208358146102456e-01,3.782208358146102456e-01,0.000000000000000000e+00,9.505606696868273975e-01,3.566274359173497027e-02,9.505606696868273975e-01,-3.566274359173497027e-02,9.505606696868272865e-01,3.566274359173491476e-02,9.505606696868272865e-01,-3.566274359173491476e-02
4.000000000000000083e-02,5.235987755982988157e-01,1.465845478620102227e-02,5.735015041829822913e-01,1.529297897026392350e-02,1.398164945255033209e-01,-5.083057966280348783e-01,1.398164945255033209e-01,3.647859165334826903e-01,3.647859165334826903e-01,0.000000000000000000e+00,9.505606696868273975e-01,3.566274359173497027e-02,9.505606696868273975e-01,-3.566274359173497027e-02,9.505606696868272865e-01,3.566274359173491476e-02,9.505606696868272865e-01,-3.566274359173491476e-02
5.000000000000000278e-02,5.235987755982988157e-01,2.163422872938881164e-02,6.975773943187787429e-01,2.138187344471081247e-02,1.867237898174218813e-01,-5.022169021535880518e-01,1.867237898174218813e-01,3.548113254857839793e-01,3.548113254857839793e-01,0.000000000000000000e+00,9.505606696868273975e-01,3.566274359173497027e-02,9.505606696868273975e-01,-3.566274359173497027e-02,9.505606696868272865e-01,3.566274359173491476e-02,9.505606696868272865e-01,-3.566274359173491476e-02
5.999999999999999778e-02,5.235987755982988157e-01,2.977317463644642628e-02,8.138945907057614226e-01,2.967120033897511708e-02,2.509446797783227434e-01,-4.939275752593236812e-01,2.509446797783227434e-01,3.411903049446883829e-01,3.411903049446883829e-01,0.000000000000000000e+00,9.505606696868273975e-01,3.566274359173497027e-02,9.505606696868273975e-01,-3.566274359173497027e-02,9.505606696868272865e-01,3.566274359173491476e-02,9.505606696868272865e-01,-3.566274359173491476e-02
7.000000000000000666e-02,5.235987755982988157e-01,3.898593573963965442e-02,9.212761103193228829e-01,3.852370522199709268e-02,3.143752606307101960e-01,-4.850750703763017091e-01,3.143752606307101960e-01,3.272384250838494824e-01,3.272384250838494824e-01,0.000000000000000000e+00,9.505606696868273975e-01,3.566274359173497027e-02,9.505606696868273975e-01,-3.566274359173497027e-02,9.505606696868272865e-01,3.566274359173491476e-02,9.505606696868272865e-01,-3.566274359173491476e-02
8.000000000000000167e-02,5.235987755982988157e-01,4.918465890015327052e-02,1.019872316051361638e+00,4.887925541350586489e-02,3.864932364827269318e-01,-4.747195201847929646e-01,3.864932364827269318e-01,3.111579265732735688e-01,3.111579265732735688e-01,0.000000000000000000e+00,9.505606696868273975e-01,3.566274359173497027e-02,9.505606696868273975e-01,-3.566274359173497027e-02,9.505606696868272865e-01,3.566274359173491476e-02,9.505606696868272865e-01,-3.566274359173491476e-02
8.999999999999999667e-02,5.235987755982988157e-01,6.027594990300587374e-02,1.109129100285260128e+00,5.972851302817168417e-02,4.563364889811124536e-01,-4.638702625701271454e-01,4.563364889811124536e-01,2.949698849374740028e-01,2.949698849374740028e-01,0.000000000000000000e+00,9.505606696868273975e-01,3.566274359173497027e-02,9.505606696868273975e-01,-3.566274359173497027e-02,9.505606696868272865e-01,3.566274359173491476e-02,9.505606696868272865e-01,-3.566274359173491476e-02
1.000000000000000056e-01,5.235987755982988157e-01,7.216891354385011892e-02,1.189296364084424074e+00,7.213015060670059653e-02,5.347192158682902985e-01,-4.514686249915982330e-01,5.347192158682902985e-01,2.766333195449345306e-01,2.766333195449345306e-01,0.000000000000000000e+00,9.505606696868273975e-01,3.566274359173497027e-02,9.505606696868273975e-01,-3.566274359173497027e-02,9.505606696868272865e-01,3.566274359173491476e-02,9.505606696868272865e-01,-3.566274359173491476e-02
1.100000000000000006e-01,5.235987755982988157e-01,8.476713109566806625e-02,1.259821755181794734e+00,8.482465768542259144e-02,6.081923650686812399e-01,-4.387741179128762381e-01,6.081923650686812399e-01,2.586436975006263794e-01,2.586436975006263794e-01,0.000000000000000000e+00,9.505606696868273975e-01,3.566274359173497027e-02,9.505606696868273975e-01,-3.566274359173497027e-02,9.505606696868272865e-01,3.566274359173491476e-02,9.505606696868272865e-01,-3.566274359173491476e-02
1.199999999999999956e-01,5.235987755982988157e-01,9.797854640423361849e-02,1.321141530856555502e+00,9.784351734223536989e-02,6.775617251299408395e-01,-4.257552582560634180e-01,6.775617251299408395e-01,2.408844625060560241e-01,2.408844625060560241e-01,0.000000000000000000e+00,9.505606696868273975e-01,3.566274359173497027e-02,9.505606696868273975e-01,-3.566274359173497027e-02,9.505606696868272865e-01,3.566274359173491476e-02,9.505606696868272865e-01,-3.566274359173491476e-02
1.300000000000000044e-01,5.235987755982988157e-01,1.117148759096809191e-01,1.373632950544730003e+00,1.120286663688510598e-01,7.516570428831036432e-01,-4.115701092294477559e-01,7.516570428831036432e-01,2.217059973120183991e-01,2.217059973120183991e-01,0.000000000000000000e+00,9.505606696868273975e-01,3.566274359173497027e-02,9.505606696868273975e-01,-3.566274359173497027e-02,9.505606696868272865e-01,3.566274359173491476e-02,9.505606696868272865e-01,-3.566274359173491476e-02
1.400000000000000133e-01,5.235987755982988157e-01,1.258850696985632234e-01,1.417019378888229264e+00,1.251373077186296034e-01,8.075777520925786490e-01,-3.984614678796691845e-01,8.075777520925786490e-01,2.054310445552400277e-01,2.054310445552400277e-01,0.000000000000000000e+00,9.505606696868273975e-01,3.566274359173497027e-02,9.505606696868273975e-01,-3.566274359173497027e-02,9.505606696868272865e-01,3.566274359173491476e-02,9.505606696868272865e-01,-3.566274359173491476e-02
1.499999999999999944e-01,5.235987755982988157e-01,1.404122240888476258e-01,1.452715439028439137e+00,1.408880765172692284e-01,8.843276648697170339e-01,-3.827106990810296150e-01,8.843276648697170339e-01,1.847730691023549143e-01,1.847730691023549143e-01,0.000000000000000000e+00,9.505606696868273975e-01,3.566274359173497027e-02,9.505606696868273975e-01,-3.566274359173497027e-02,9.505606696868272865e-01,3.566274359173491476e-02,9.505606696868272865e-01,-3.566274359173491476e-02
1.600000000000000033e-01,5.235987755982988157e-01,1.552047770533663551e-01,1.479255296451873924e+00,1.546819979362825948e-01,9.338341125728789605e-01,-3.689167776620162487e-01,9.338341125728789605e-01,1.687245878316153413e-01,1.687245878316153413e-01,0.000000000000000000e+00,9.505606696868273975e-01,3.566274359173497027e-02,9.505606696868273975e-01,-3.566274359173497027e-02,9.505606696868272865e-01,3.566274359173491476e-02,9.505606696868272865e-01,-3.566274359173491476e-02
1.700000000000000122e-01,5.235987755982988157e-01,1.701919692847931320e-01,1.498719223142678025e+00,1.699749145844821896e-01,9.933798677975870239e-01,-3.536238610138165983e-01,9.933798677975870239e-01,1.503945535944930523e-01,1.503945535944930523e-01,0.000000000000000000e+00,9.505606696868273975e-01,3.566274359173497027e-02,9.505606696868273975e-01,-3.566274359173497027e-02,9.505606696868272865e-01,3.566274359173491476e-02,9.505606696868272865e-01,-3.566274359173491476e-02
1.799999999999999933e-01,5.235987755982988157e-01,1.852963710983344947e-01,1.510440181354137046e+00,1.848242011383052774e-01,1.042534746556059044e+00,-3.387745744599935382e-01,1.042534746556059044e+00,1.335957583992827546e-01,1.335957583992827546e-01,0.000000000000000000e+00,9.505606696868273975e-01,3.566274359173497027e-02,9.505606696868273975e-01,-3.566274359173497027e-02,9.505606696868272865e-01,3.566274359173491476e-02,9.505606696868272865e-01,-3.566274359173491476e-02
1.900000000000000022e-01,5.235987755982988157e-01,2.004489320080602432e-01,1.515256090972574743e+00,2.001713196660286354e-01,1.091752457177686653e+00,-3.234274559322701803e-01,1.091752457177686653e+00,1.164166467811310890e-01,1.164166467811310890e-01,0.000000000000000000e+00,9.505606696868273975e-01,3.566274359173497027e-02,9.505606696868273975e-01,-3.566274359173497027e-02,9.505606696868272865e-01,3.566274359173491476e-02,9.505606696868272865e-01,-3.566274359173491476e-02
2.000000000000000111e-01,5.235987755982988157e-01,2.155812782816464990e-01,1.513234627358624573e+00,2.153433450954928552e-01,1.134297465754560141e+00,-3.082554305028059605e-01,1.134297465754560141e+00,1.001385730718833966e-01,1.001385730718833966e-01,0.000000000000000000e+00,9.505606696868273975e-01,3.566274359173497027e-02,9.505606696868273975e-01,-3.566274359173497027e-02,9.505606696868272865e-01,3.566274359173491476e-02,9.505606696868272865e-01,-3.566274359173491476e-02
2.099999999999999922e-01,5.235987755982988157e-01,2.306306794375008185e-01,1.504940115585432059e+00,2.308723797454299009e-01,1.176158065678474696e+00,-2.927263958528689147e-01,1.176158065678474696e+00,8.367192203892823144e-02,8.367192203892823144e-02,0.000000000000000000e+00,9.505606696868273975e-01,3.566274359173497027e-02,9.505606696868273975e-01,-3.566274359173497027e-02,9.505606696868272865e-01,3.566274359173491476e-02,9.505606696868272865e-01,-3.566274359173491476e-02
2.200000000000000011e-01,5.235987755982988157e-01,2.455356306512844478e-01,1.490495121378363486e+00,2.468064116800482988e-01,1.217882578456811249e+00,-2.767923639182505169e-01,1.217882578456811249e+00,6.691747263030789483e-02,6.691747263030789483e-02,0.000000000000000000e+00,9.505606696868273975e-01,3.566274359173497027e-02,9.505606696868273975e-01,-3.566274359173497027e-02,9.505606696868272865e-01,3.566274359173491476e-02,9.505606696868272865e-01,-3.566274359173491476e-02
2.300000000000000100e-01,5.235987755982988157e-01,2.602354282511931682e-01,1.469979759990869495e+00,2.597002691146462761e-01,1.225032894957109875e+00,-2.638985064836525396e-01,1.225032894957109875e+00,5.643008822967771065e-02,5.643008822967771065e-02,0.000000000000000000e+00,9.505606696868273975e-01,3.566274359173497027e-02,9.505606696868273975e-01,-3.566274359173497027e-02,9.505606696868272865e-01,3.566274359173491476e-02,9.505606696868272865e-01,-3.566274359173491476e-02
2.399999999999999911e-01,5.235987755982988157e-01,2.746956593272841807e-01,1.446023107609099689e+00,2.746232249266925551e-01,1.251759163581861678e+00,-2.489755506716062605e-01,1.251759163581861678e+00,4.216366250470832133e-02,4.216366250470832133e-02,0.000000000000000000e+00,9.505606696868273975e-01,3.566274359173497027e-02,9.505606696868273975e-01,-3.566274359173497027e-02,9.505606696868272865e-01,3.566274359173491476e-02,9.505606696868272865e-01,-3.566274359173491476e-02
2.500000000000000000e-01,5.235987755982988157e-01,2.888682762019058603e-01,1.417261687462168407e+00,2.877826994471327504e-01,1.258177992428077596e+00,-2.358160761511660652e-01,1.258177992428077596e+00,3.156162010383881111e-02,3.156162010383881111e-02,0.000000000000000000e+00,9.505606696868273975e-01,3.566274359173497027e-02,9.505606696868273975e-01,-3.566274359173497027e-02,9.505606696868272865e-01,3.566274359173491476e-02,9.505606696868272865e-01,-3.566274359173491476e-02
2.600000000000000089e-01,5.235987755982988157e-01,3.027209957166106524e-01,1.385271951470477880e+00,3.026626200910191300e-01,1.281159399624133499e+00,-2.209361555072796857e-01,1.281159399624133499e+00,1.775948681056091494e-02,1.775948681056091494e-02,0.000000000000000000e+00,9.505606696868273975e-01,3.566274359173497027e-02,9.505606696868273975e-01,-3.566274359173497027e-02,9.505606696868272865e-01,3.566274359173491476e-02,9.505606696868272865e-01,-3.566274359173491476e-02
2.700000000000000178e-01,5.235987755982988157e-01,3.162100869618370558e-01,1.348909124522642777e+00,3.162975898763802918e-01,1.289393157515331900e+00,-2.073011857219185239e-01,1.289393157515331900e+00,6.591728308356775701e-03,6.591728308356775701e-03,0.000000000000000000e+00,9.505606696868273975e-01,3.566274359173497027e-02,9.505606696868273975e-01,-3.566274359173497027e-02,9.505606696868272865e-01,3.566274359173491476e-02,9.505606696868272865e-01,-3.566274359173491476e-02
2.800000000000000266e-01,5.235987755982988157e-01,3.293034394103889761e-01,1.309335244855193592e+00,3.299578366049826794e-01,1.297056309049822609e+00,-1.936409389933161362e-01,1.297056309049822609e+00,-4.529141809688636000e-03,-4.529141809688636000e-03,0.000000000000000000e+00,9.505606696868273975e-01,3.566274359173497027e-02,9.505606696868273975e-01,-3.566274359173497027e-02,9.505606696868272865e-01,3.566274359173491476e-02,9.505606696868272865e-01,-3.566274359173491476e-02
2.899999999999999800e-01,5.235987755982988157e-01,3.419701281743401933e-01,1.266668876395121934e+00,3.427357917813886878e-01,1.295130229908900477e+00,-1.808629838169101278e-01,1.295130229908900477e+00,-1.388253222637630957e-02,-1.388253222637630957e-02,0.000000000000000000e+00,9.505606696868273975e-01,3.566274359173497027e-02,9.505606696868273975e-01,-3.566274359173497027e-02,9.505606696868272865e-01,3.566274359173491476e-02,9.505606696868272865e-01,-3.566274359173491476e-02
2.999999999999999889e-01,5.235987755982988157e-01,3.541870743233302421e-01,1.221694614899002884e+00,3.548817167374360704e-01,1.287076456478484232e+00,-1.687170588608627453e-01,1.287076456478484232e+00,-2.205534039081799569e-02,-2.205534039081799569e-02,0.000000000000000000e+00,9.505606696868273975e-01,3.566274359173497027e-02,9.505606696868273975e-01,-3.566274359173497027e-02,9.505606696868272865e-01,3.566274359173491476e-02,9.505606696868272865e-01,-3.566274359173491476e-02
3.099999999999999978e-01,5.235987755982988157e-01,3.659365152949450306e-01,1.174944097161477297e+00,3.660518568861201305e-01,1.270070212317476299e+00,-1.575469187121786852e-01,1.270070212317476299e+00,-2.846406909583192035e-02,-2.846406909583192035e-02,0.000000000000000000e+00,9.505606696868273975e-01,3.566274359173497027e-02,9.505606696868273975e-01,-3.566274359173497027e-02,9.505606696868272865e-01,3.566274359173491476e-02,9.505606696868272865e-01,-3.566274359173491476e-02
3.200000000000000067e-01,5.235987755982988157e-01,3.772081100601585302e-01,1.127159476521351955e+00,3.774632099923976858e-01,1.257176722148504178e+00,-1.461355656059011299e-01,1.257176722148504178e+00,-3.552804514583797479e-02,-3.552804514583797479e-02,0.000000000000000000e+00,9.505606696868273975e-01,3.566274359173497027e-02,9.505606696868273975e-01,-3.566274359173497027e-02,9.505606696868272865e-01,3.566274359173491476e-02,9.505606696868272865e-01,-3.566274359173491476e-02
3.300000000000000155e-01,5.235987755982988157e-01,3.879892901084989187e-01,1.078118004834037524e+00,3.877635569595623277e-01,1.234462519605300290e+00,-1.358352186387364879e-01,1.234462519605300290e+00,-4.062644042390199661e-02,-4.062644042390199661e-02,0.000000000000000000e+00,9.505606696868273975e-01,3.566274359173497027e-02,9.505606696868273975e-01,-3.566274359173497027e-02,9.505606696868272865e-01,3.566274359173491476e-02,9.505606696868272865e-01,-3.566274359173491476e-02
3.400000000000000244e-01,5.235987755982988157e-01,3.982755305402563284e-01,1.028624043175739411e+00,3.994997453034865309e-01,1.228378151084012382e+00,-1.240990302948122848e-01,1.228378151084012382e+00,-4.871940746796861454e-02,-4.871940746796861454e-02,0.000000000000000000e+00,9.505606696868273975e-01,3.566274359173497027e-02,9.505606696868273975e-01,-3.566274359173497027e-02,9.505606696868272865e-01,3.566274359173491476e-02,9.505606696868272865e-01,-3.566274359173491476e-02
3.500000000000000333e-01,5.235987755982988157e-01,4.080507915192133628e-01,9.775260978957054370e-01,4.078841642112876476e-01,1.189384525053622133e+00,-1.157146113870111681e-01,1.189384525053622133e+00,-5.050388814443301788e-02,-5.050388814443301788e-02,0.000000000000000000e+00,9.505606696868273975e-01,3.566274359173497027e-02,9.505606696868273975e-01,-3.566274359173497027e-02,9.505606696868272865e-01,3.566274359173491476e-02,9.505606696868272865e-01,-3.566274359173491476e-02
3.599999999999999867e-01,5.235987755982988157e-01,4.173240899119199931e-01,9.273298392706641469e-01,4.166628548802980836e-01,1.158232979238364102e+00,-1.069359207180007321e-01,1.158232979238364102e+00,-5.348856631266854511e-02,-5.348856631266854511e-02,0.000000000000000000e+00,9.505606696868273975e-01,3.566274359173497027e-02,9.505606696868273975e-01,-3.566274359173497027e-02,9.505606696868272865e-01,3.566274359173491476e-02,9.505606696868272865e-01,-3.566274359173491476e-02
3.699999999999999956e-01,5.235987755982988157e-01,4.260994891616599056e-01,8.775399249739898044e-01,4.260278385394400402e-01,1.136059517905947391e+00,-9.757093705885877544e-02,1.136059517905947391e+00,-5.794839986814911970e-02,-5.794839986814911970e-02,0.000000000000000000e+00,9.505606696868273975e-01,3.566274359173497027e-02,9.505606696868273975e-01,-3.566274359173497027e-02,9.505606696868272865e-01,3.566274359173491476e-02,9.505606696868272865e-01,-3.566274359173491476e-02
3.800000000000000044e-01,5.235987755982988157e-01,4.343751837660166926e-01,8.275694604356813588e-01,4.355162527635084158e-01,1.117337708356036297e+00,-8.808252283479039990e-02,1.117337708356036297e+00,-6.289894548548301267e-02,-6.289894548548301267e-02,0.000000000000000000e+00,9.505606696868273975e-01,3.566274359173497027e-02,9.505606696868273975e-01,-3.566274359173497027e-02,9.505606696868272865e-01,3.566274359173491476e-02,9.505606696868272865e-01,-3.566274359173491476e-02
3.900000000000000133e-01,5.235987755982988157e-01,4.421475145420796227e-01,7.772330776062925661e-01,4.424858148540549152e-01,1.075299558425897528e+00,-8.111296074424390046e-02,1.075299558425897528e+00,-6.327190944510519000e-02,-6.327190944510519000e-02,0.000000000000000000e+00,9.505606696868273975e-01,3.566274359173497027e-02,9.505606696868273975e-01,-3.566274359173497027e-02,9.505606696868272865e-01,3.566274359173491476e-02,9.505606696868272865e-01,-3.566274359173491476e-02
4.000000000000000222e-01,5.235987755982988157e-01,4.494307547381072299e-01,7.283240196027607194e-01,4.502194801084363762e-01,1.045106255127122408e+00,-7.337929548986243944e-02,1.045106255127122408e+00,-6.558401370142902254e-02,-6.558401370142902254e-02,0.000000000000000000e+00,9.505606696868273975e-01,3.566274359173497027e-02,9.505606696868273975e-01,-3.566274359173497027e-02,9.505606696868272865e-01,3.566274359173491476e-02,9.505606696868272865e-01,-3.566274359173491476e-02
4.100000000000000311e-01,5.235987755982988157e-01,4.562311836547459087e-01,6.800428916638695531e-01,4.568725675233001882e-01,1.007126503763048353e+00,-6.672620807499862750e-02,1.007126503763048353e+00,-6.618803160370828609e-02,-6.618803160370828609e-02,0.000000000000000000e+00,9.505606696868273975e-01,3.566274359173497027e-02,9.505606696868273975e-01,-3.566274359173497027e-02,9.505606696868272865e-01,3.566274359173491476e-02,9.505606696868272865e-01,-3.566274359173491476e-02
4.199999999999999845e-01,5.235987755982988157e-01,4.625615331105702444e-01,6.330349455824330063e-01,4.627360126988588340e-01,9.650483051423299763e-01,-6.086276289943998163e-02,9.650483051423299763e-01,-6.572746833820375389e-02,-6.572746833820375389e-02,0.000000000000000000e+00,9.505606696868273975e-01,3.566274359173497027e-02,9.505606696868273975e-01,-3.566274359173497027e-02,9.505606696868272865e-01,3.566274359173491476e-02,9.505606696868272865e-01,-3.566274359173491476e-02
4.299999999999999933e-01,5.235987755982988157e-01,4.684382810391207186e-01,5.876747928550489775e-01,4.675675770650315477e-01,9.168591182898241376e-01,-5.603119853326726796e-02,9.168591182898241376e-01,-6.378860836994920680e-02,-6.378860836994920680e-02,0.000000000000000000e+00,9.505606696868273975e-01,3.566274359173497027e-02,9.505606696868273975e-01,-3.566274359173497027e-02,9.505606696868272865e-01,3.566274359173491476e-02,9.505606696868272865e-01,-3.566274359173491476e-02
4.400000000000000022e-01,5.235987755982988157e-01,4.738831448379891009e-01,5.444863798868361249e-01,4.747481371707054087e-01,8.969788075175803010e-01,-4.885063842759340691e-02,8.969788075175803010e-01,-6.687602833722289253e-02,-6.687602833722289253e-02,0.000000000000000000e+00,9.505606696868273975e-01,3.566274359173497027e-02,9.505606696868273975e-01,-3.566274359173497027e-02,9.505606696868272865e-01,3.566274359173491476e-02,9.505606696868272865e-01,-3.566274359173491476e-02
4.500000000000000111e-01,5.235987755982988157e-01,4.788975987915140009e-01,5.014453953524925511e-01,4.785427485934121705e-01,8.452270409928899220e-01,-4.505602700488664514e-02,8.452270409928899220e-01,-6.374907914214147930e-02,-6.374907914214147930e-02,0.000000000000000000e+00,9.505606696868273975e-01,3.566274359173497027e-02,9.505606696868273975e-01,-3.566274359173497027e-02,9.505606696868272865e-01,3.566274359173491476e-02,9.505606696868272865e-01,-3.566274359173491476e-02
4.600000000000000200e-01,5.235987755982988157e-01,4.835072603998350482e-01,4.609661608321051207e-01,4.829370623818205477e-01,8.046474747776847236e-01,-4.066171321647826797e-02,8.046474747776847236e-01,-6.236046801416367247e-02,-6.236046801416367247e-02,0.000000000000000000e+00,9.505606696868273975e-01,3.566274359173497027e-02,9.505606696868273975e-01,-3.566274359173497027e-02,9.505606696868272865e-01,3.566274359173491476e-02,9.505606696868272865e-01,-3.566274359173491476e-02
4.700000000000000289e-01,5.235987755982988157e-01,4.877301804404851615e-01,4.222920040650128826e-01,4.870133503835841204e-01,7.649456073175520121e-01,-3.658542521471469522e-02,7.649456073175520121e-01,-6.083479291187841170e-02,-6.083479291187841170e-02,0.000000000000000000e+00,9.505606696868273975e-01,3.566274359173497027e-02,9.505606696868273975e-01,-3.566274359173497027e-02,9.505606696868272865e-01,3.566274359173491476e-02,9.505606696868272865e-01,-3.566274359173491476e-02
4.799999999999999822e-01,5.235987755982988157e-01,4.915843793057554922e-01,3.854198865270324070e-01,4.908478520215529550e-01,7.267960629654851568e-01,-3.275092357674586063e-02,7.267960629654851568e-01,-5.930701750434175940e-02,-5.930701750434175940e-02,0.000000000000000000e+00,9.505606696868273975e-01,3.566274359173497027e-02,9.505606696868273975e-01,-3.566274359173497027e-02,9.505606696868272865e-01,3.566274359173491476e-02,9.505606696868272865e-01,-3.566274359173491476e-02
4.899999999999999911e-01,5.235987755982988157e-01,4.950873226093132073e-01,3.502943303557706223e-01,4.949399308068559433e-01,6.950372445219665796e-01,-2.865884479144287234e-02,6.950372445219665796e-01,-5.870956084315374218e-02,-5.870956084315374218e-02,0.000000000000000000e+00,9.505606696868273975e-01,3.566274359173497027e-02,9.505606696868273975e-01,-3.566274359173497027e-02,9.505606696868272865e-01,3.566274359173491476e-02,9.505606696868272865e-01,-3.566274359173491476e-02
5.000000000000000000e-01,5.235987755982988157e-01,4.982523091002059035e-01,3.164986490892697235e-01,4.983162854177820011e-01,6.592970661790304998e-01,-2.528249018051681452e-02,6.592970661790304998e-01,-5.711642436576377935e-02,-5.711642436576377935e-02,0.000000000000000000e+00,9.505606696868273975e-01,3.566274359173497027e-02,9.505606696868273975e-01,-3.566274359173497027e-02,9.505606696868272865e-01,3.566274359173491476e-02,9.505606696868272865e-01,-3.566274359173491476e-02
5.100000000000000089e-01,5.235987755982988157e-01,5.010960977348954959e-01,2.843788634689567441e-01,5.004441660336144126e-01,6.146461657194516315e-01,-2.315460956468440301e-02,6.146461657194516315e-01,-5.355967590241809961e-02,-5.355967590241809961e-02,0.000000000000000000e+00,9.505606696868273975e-01,3.566274359173497027e-02,9.505606696868273975e-01,-3.566274359173497027e-02,9.505606696868272865e-01,3.566274359173491476e-02,9.505606696868272865e-01,-3.566274359173491476e-02
5.200000000000000178e-01,5.235987755982988157e-01,5.036425672320489211e-01,2.546469497153479589e-01,5.030835231602518443e-01,5.795751204138808177e-01,-2.051525243804697141e-02,5.795751204138808177e-01,-5.149144246116592327e-02,-5.149144246116592327e-02,0.000000000000000000e+00,9.505606696868273975e-01,3.566274359173497027e-02,9.505606696868273975e-01,-3.566274359173497027e-02,9.505606696868272865e-01,3.566274359173491476e-02,9.505606696868272865e-01,-3.566274359173491476e-02
5.300000000000000266e-01,5.235987755982988157e-01,5.059090563367457660e-01,2.266489104696819967e-01,5.056105397674687252e-01,5.468877744446615230e-01,-1.798823583083009048e-02,5.468877744446615230e-01,-4.961402882454923891e-02,-4.961402882454923891e-02,0.000000000000000000e+00,9.505606696868273975e-01,3.566274359173497027e-02,9.505606696868273975e-01,-3.566274359173497027e-02,9.505606696868272865e-01,3.566274359173491476e-02,9.505606696868272865e-01,-3.566274359173491476e-02
5.400000000000000355e-01,5.235987755982988157e-01,5.079116193734172224e-01,2.002563036671493601e-01,5.075475027997871091e-01,5.115686273233791548e-01,-1.605127279851170652e-02,5.115686273233791548e-01,-4.699080879594148136e-02,-4.699080879594148136e-02,0.000000000000000000e+00,9.505606696868273975e-01,3.566274359173497027e-02,9.505606696868273975e-01,-3.566274359173497027e-02,9.505606696868272865e-01,3.566274359173491476e-02,9.505606696868272865e-01,-3.566274359173491476e-02
5.500000000000000444e-01,5.235987755982988157e-01,5.096687121643204144e-01,1.757092790903174162e-01,5.092304564165152092e-01,4.772413007583222733e-01,-1.436831918178360645e-02,4.772413007583222733e-01,-4.429166383453467248e-02,-4.429166383453467248e-02,0.000000000000000000e+00,9.505606696868273975e-01,3.566274359173497027e-02,9.505606696868273975e-01,-3.566274359173497027e-02,9.505606696868272865e-01,3.566274359173491476e-02,9.505606696868272865e-01,-3.566274359173491476e-02
5.600000000000000533e-01,5.235987755982988157e-01,5.111985095107945964e-01,1.529797346474136843e-01,5.105277559356734551e-01,4.424901658740725274e-01,-1.307101966262536052e-02,4.424901658740725274e-01,-4.125462115819890363e-02,-4.125462115819890363e-02,0.000000000000000000e+00,9.505606696868273975e-01,3.566274359173497027e-02,9.505606696868273975e-01,-3.566274359173497027e-02,9.505606696868272865e-01,3.566274359173491476e-02,9.505606696868272865e-01,-3.566274359173491476e-02
5.700000000000000622e-01,5.235987755982988157e-01,5.125199336946263395e-01,1.321424183831783616e-01,5.120965483180764943e-01,4.139290731106956556e-01,-1.150222728022232133e-02,4.139290731106956556e-01,-3.913517267440909386e-02,-3.913517267440909386e-02,0.000000000000000000e+00,9.505606696868273975e-01,3.566274359173497027e-02,9.505606696868273975e-01,-3.566274359173497027e-02,9.505606696868272865e-01,3.566274359173491476e-02,9.505606696868272865e-01,-3.566274359173491476e-02
5.799999999999999600e-01,5.235987755982988157e-01,5.136477441569156088e-01,1.127810462289321192e-01,5.124108385621448658e-01,3.756790682403098325e-01,-1.118793703615394985e-02,3.756790682403098325e-01,-3.495781546865578404e-02,-3.495781546865578404e-02,0.000000000000000000e+00,9.505606696868273975e-01,3.566274359173497027e-02,9.505606696868273975e-01,-3.566274359173497027e-02,9.505606696868272865e-01,3.566274359173491476e-02,9.505606696868272865e-01,-3.566274359173491476e-02
5.899999999999999689e-01,5.235987755982988157e-01,5.146042496131099098e-01,9.565054561942856748e-02,5.145326815736506187e-01,3.593295915313363675e-01,-9.066094024648196914e-03,3.593295915313363675e-01,-3.466166177209270560e-02,-3.466166177209270560e-02,0.000000000000000000e+00,9.505606696868273975e-01,3.566274359173497027e-02,9.505606696868273975e-01,-3.566274359173497027e-02,9.505606696868272865e-01,3.566274359173491476e-02,9.505606696868272865e-01,-3.566274359173491476e-02
5.999999999999999778e-01,5.235987755982988157e-01,5.153959543732835602e-01,7.917047601736743045e-02,5.151101833042028844e-01,3.291716496837254202e-01,-8.488592294095931301e-03,3.291716496837254202e-01,-3.161512789966862413e-02,-3.161512789966862413e-02,0.000000000000000000e+00,9.505606696868273975e-01,3.566274359173497027e-02,9.505606696868273975e-01,-3.566274359173497027e-02,9.505606696868272865e-01,3.566274359173491476e-02,9.505606696868272865e-01,-3.566274359173491476e-02
6.099999999999999867e-01,5.235987755982988157e-01,5.160398653380869893e-01,6.439109648034047062e-02,5.161189968143559126e-01,3.063426198168831549e-01,-7.479778783942903075e-03,3.063426198168831549e-01,-2.973734480430505547e-02,-2.973734480430505547e-02,0.000000000000000000e+00,9.505606696868273975e-01,3.566274359173497027e-02,9.505606696868273975e-01,-3.566274359173497027e-02,9.505606696868272865e-01,3.566274359173491476e-02,9.505606696868272865e-01,-3.566274359173491476e-02
6.199999999999999956e-01,5.235987755982988157e-01,5.165479087831185145e-01,5.080434450314735145e-02,5.166520933681700845e-01,2.810393233733365914e-01,-6.946682230128731206e-03,2.810393233733365914e-01,-2.721761207732316390e-02,-2.721761207732316390e-02,0.000000000000000000e+00,9.505606696868273975e-01,3.566274359173497027e-02,9.505606696868273975e-01,-3.566274359173497027e-02,9.505606696868272865e-01,3.566274359173491476e-02,9.505606696868272865e-01,-3.566274359173491476e-02
6.300000000000000044e-01,5.235987755982988157e-01,5.169341371815799890e-01,3.862283984614740817e-02,5.161261680768861604e-01,2.476761381231636916e-01,-7.472607521412655274e-03,2.476761381231636916e-01,-2.297440001990278674e-02,-2.297440001990278674e-02,0.000000000000000000e+00,9.505606696868273975e-01,3.566274359173497027e-02,9.505606696868273975e-01,-3.566274359173497027e-02,9.505606696868272865e-01,3.566274359173491476e-02,9.505606696868272865e-01,-3.566274359173491476e-02
6.400000000000000133e-01,5.235987755982988157e-01,5.172188726087700861e-01,2.847354271901334291e-02,5.178206920852509443e-01,2.398537643944951558e-01,-5.778083513047871378e-03,2.398537643944951558e-01,-2.334178715040858762e-02,-2.334178715040858762e-02,0.000000000000000000e+00,9.505606696868273975e-01,3.566274359173497027e-02,9.505606696868273975e-01,-3.566274359173497027e-02,9.505606696868272865e-01,3.566274359173491476e-02,9.505606696868272865e-01,-3.566274359173491476e-02
6.500000000000000222e-01,5.235987755982988157e-01,5.174038556429899627e-01,1.849830342199091510e-02,5.179519981198363876e-01,2.171814483009000818e-01,-5.646777478462428057e-03,2.171814483009000818e-01,-2.082449356609521185e-02,-2.082449356609521185e-02,0.000000000000000000e+00,9.505606696868273975e-01,3.566274359173497027e-02,9.505606696868273975e-01,-3.566274359173497027e-02,9.505606696868272865e-01,3.566274359173491476e-02,9.505606696868272865e-01,-3.566274359173491476e-02
6.600000000000000311e-01,5.235987755982988157e-01,5.175020010326868425e-01,9.814538969687761766e-03,5.178225971373429104e-01,1.941692936458753183e-01,-5.776178460955905258e-03,1.941692936458753183e-01,-1.807262321113696502e-02,-1.807262321113696502e-02,0.000000000000000000e+00,9.505606696868273975e-01,3.566274359173497027e-02,9.505606696868273975e-01,-3.566274359173497027e-02,9.505606696868272865e-01,3.566274359173491476e-02,9.505606696868272865e-01,-3.566274359173491476e-02
6.700000000000000400e-01,5.235987755982988157e-01,5.175267331557990014e-01,2.473212311210654275e-03,5.171512313800914473e-01,1.680387067087731612e-01,-6.447544218207368338e-03,1.680387067087731612e-01,-1.455484110557679622e-02,-1.455484110557679622e-02,0.000000000000000000e+00,9.505606696868273975e-01,3.566274359173497027e-02,9.505606696868273975e-01,-3.566274359173497027e-02,9.505606696868272865e-01,3.566274359173491476e-02,9.505606696868272865e-01,-3.566274359173491476e-02
6.800000000000000488e-01,5.235987755982988157e-01,5.174940383067655469e-01,-3.269484903349392270e-03,5.176131821401072086e-01,1.558543436380534497e-01,-5.985593458191607041e-03,1.558543436380534497e-01,-1.349531675058452188e-02,-1.349531675058452188e-02,0.000000000000000000e+00,9.505606696868273975e-01,3.566274359173497027e-02,9.505606696868273975e-01,-3.566274359173497027e-02,9.505606696868272865e-01,3.566274359173491476e-02,9.505606696868272865e-01,-3.566274359173491476e-02
6.900000000000000577e-01,5.235987755982988157e-01,5.174098346657977077e-01,-8.420364096788396369e-03,5.172011429405162231e-01,1.361485172783382658e-01,-6.397632657782592602e-03,1.361485172783382658e-01,-1.091309093278824104e-02,-1.091309093278824104e-02,0.000000000000000000e+00,9.505606696868273975e-01,3.566274359173497027e-02,9.505606696868273975e-01,-3.566274359173497027e-02,9.505606696868272865e-01,3.566274359173491476e-02,9.505606696868272865e-01,-3.566274359173491476e-02
7.000000000000000666e-01,5.235987755982988157e-01,5.172857826064531928e-01,-1.240520593445364889e-02,5.177167563363639369e-01,1.276897995089815718e-01,-5.882019261934878784e-03,1.276897995089815718e-01,-1.032360611489819766e-02,-1.032360611489819766e-02,0.000000000000000000e+00,9.505606696868273975e-01,3.566274359173497027e-02,9.505606696868273975e-01,-3.566274359173497027e-02,9.505606696868272865e-01,3.566274359173491476e-02,9.505606696868272865e-01,-3.566274359173491476e-02
7.099999999999999645e-01,5.235987755982988157e-01,5.171254215410822086e-01,-1.603610653709303807e-02,5.168257517825461944e-01,1.060107740199059956e-01,-6.773023815752621246e-03,1.060107740199059956e-01,-7.154804234623337103e-03,-7.154804234623337103e-03,0.000000000000000000e+00,9.505606696868273975e-01,3.566274359173497027e-02,9.505606696868273975e-01,-3.566274359173497027e-02,9.505606696868272865e-01,3.566274359173491476e-02,9.505606696868272865e-01,-3.566274359173491476e-02
7.199999999999999734e-01,5.235987755982988157e-01,5.169422202367434105e-01,-1.832013043387857934e-02,5.161957579700842125e-01,8.910975849329558218e-02,-7.403017628214603185e-03,8.910975849329558218e-02,-4.732836055999991784e-03,-4.732836055999991784e-03,0.000000000000000000e+00,9.505606696868273975e-01,3.566274359173497027e-02,9.505606696868273975e-01,-3.566274359173497027e-02,9.505606696868272865e-01,3.566274359173491476e-02,9.505606696868272865e-01,-3.566274359173491476e-02
7.299999999999999822e-01,5.235987755982988157e-01,5.167463196675070591e-01,-1.959005692363288698e-02,5.162021574420784242e-01,8.026277736390814710e-02,-7.396618156220391427e-03,8.026277736390814710e-02,-3.716960510952165182e-03,-3.716960510952165182e-03,0.000000000000000000e+00,9.505606696868273975e-01,3.566274359173497027e-02,9.505606696868273975e-01,-3.566274359173497027e-02,9.505606696868272865e-01,3.566274359173491476e-02,9.505606696868272865e-01,-3.566274359173491476e-02
7.399999999999999911e-01,5.235987755982988157e-01,5.165420708257024707e-01,-2.042488418046307583e-02,5.161175465296719000e-01,7.139039050345209747e-02,-7.481229068626915613e-03,7.139039050345209747e-02,-2.629952153037249177e-03,-2.629952153037249177e-03,0.000000000000000000e+00,9.505606696868273975e-01,3.566274359173497027e-02,9.505606696868273975e-01,-3.566274359173497027e-02,9.505606696868272865e-01,3.566274359173491476e-02,9.505606696868272865e-01,-3.566274359173491476e-02
7.500000000000000000e-01,5.235987755982988157e-01,5.163339656620393736e-01,-2.081051636630763466e-02,5.166280148966500008e-01,6.935603512288789074e-02,-6.970760701648814894e-03,6.935603512288789074e-02,-2.777786786270214706e-03,-2.777786786270214706e-03,0.000000000000000000e+00,9.505606696868273975e-01,3.566274359173497027e-02,9.505606696868273975e-01,-3.566274359173497027e-02,9.505606696868272865e-01,3.566274359173491476e-02,9.505606696868272865e-01,-3.566274359173491476e-02
7.600000000000000089e-01,5.235987755982988157e-01,5.161215492048515374e-01,-2.124164571877875871e-02,5.155583599582223009e-01,5.172388222632210569e-02,-8.040415640076514769e-03,5.172388222632210569e-02,5.800751404616902307e-05,5.800751404616902307e-05,0.000000000000000000e+00,9.505606696868273975e-01,3.566274359173497027e-02,9.505606696868273975e-01,-3.566274359173497027e-02,9.505606696868272865e-01,3.566274359173491476e-02,9.505606696868272865e-01,-3.566274359173491476e-02
7.700000000000000178e-01,5.235987755982988157e-01,5.159159943946260984e-01,-2.055548102254815476e-02,5.158420284138723888e-01,4.938817856019077357e-02,-7.756747184426426855e-03,4.938817856019077357e-02,1.148995918633698501e-04,1.148995918633698501e-04,0.000000000000000000e+00,9.505606696868273975e-01,3.566274359173497027e-02,9.505606696868273975e-01,-3.566274359173497027e-02,9.505606696868272865e-01,3.566274359173491476e-02,9.505606696868272865e-01,-3.566274359173491476e-02
7.800000000000000266e-01,5.235987755982988157e-01,5.157173083256222368e-01,-1.986860690038284166e-02,5.162352076825147407e-01,4.838115339059521902e-02,-7.363567915784074991e-03,4.838115339059521902e-02,-6.356291888315844518e-05,-6.356291888315844518e-05,0.000000000000000000e+00,9.505606696868273975e-01,3.566274359173497027e-02,9.505606696868273975e-01,-3.566274359173497027e-02,9.505606696868272865e-01,3.566274359173491476e-02,9.505606696868272865e-01,-3.566274359173491476e-02
7.900000000000000355e-01,5.235987755982988157e-01,5.155245817587909007e-01,-1.927265668313572766e-02,5.153384921321395584e-01,3.457588254778387604e-02,-8.260283466159257237e-03,3.457588254778387604e-02,2.201128072546982423e-03,2.201128072546982423e-03,0.000000000000000000e+00,9.505606696868273975e-01,3.566274359173497027e-02,9.505606696868273975e-01,-3.566274359173497027e-02,9.505606696868272865e-01,3.566274359173491476e-02,9.505606696868272865e-01,-3.566274359173491476e-02
8.000000000000000444e-01,5.235987755982988157e-01,5.153464437717512059e-01,-1.781379870396614454e-02,5.154524057155671635e-01,3.225743012728153614e-02,-8.146369882731652190e-03,3.225743012728153614e-02,2.383241547671886493e-03,2.383241547671886493e-03,0.000000000000000000e+00,9.505606696868273975e-01,3.566274359173497027e-02,9.505606696868273975e-01,-3.566274359173497027e-02,9.505606696868272865e-01,3.566274359173491476e-02,9.505606696868272865e-01,-3.566274359173491476e-02
8.100000000000000533e-01,5.235987755982988157e-01,5.151831474917570874e-01,-1.632962799940646317e-02,5.167547179663254386e-01,4.205480962213613283e-02,-6.844057631973377021e-03,4.205480962213613283e-02,2.769908490868645823e-04,2.769908490868645823e-04,0.000000000000000000e+00,9.505606696868273975e-01,3.566274359173497027e-02,9.505606696868273975e-01,-3.566274359173497027e-02,9.505606696868272865e-01,3.566274359173491476e-02,9.505606696868272865e-01,-3.566274359173491476e-02
8.200000000000000622e-01,5.235987755982988157e-01,5.150260307396971049e-01,-1.571167520599750164e-02,5.154003829177177254e-01,2.430597817384539186e-02,-8.198392680581090275e-03,2.430597817384539186e-02,3.339581139425183958e-03,3.339581139425183958e-03,0.000000000000000000e+00,9.505606696868273975e-01,3.566274359173497027e-02,9.505606696868273975e-01,-3.566274359173497027e-02,9.505606696868272865e-01,3.566274359173491476e-02,9.505606696868272865e-01,-3.566274359173491476e-02
8.300000000000000711e-01,5.235987755982988157e-01,5.148868215221300559e-01,-1.392092175670751712e-02,5.155683422188479526e-01,2.355497336776312539e-02,-8.030433379450863107e-03,2.355497336776312539e-02,3.300358048528234580e-03,3.300358048528234580e-03,0.000000000000000000e+00,9.505606696868273975e-01,3.566274359173497027e-02,9.505606696868273975e-01,-3.566274359173497027e-02,9.505606696868272865e-01,3.566274359173491476e-02,9.505606696868272865e-01,-3.566274359173491476e-02
8.399999999999999689e-01,5.235987755982988157e-01,5.147648077358334406e-01,-1.220137862966637690e-02,5.148469953957277578e-01,1.398600779978486676e-02,-8.751780202571057821e-03,1.398600779978486676e-02,4.944890296531364096e-03,4.944890296531364096e-03,0.000000000000000000e+00,9.505606696868273975e-01,3.566274359173497027e-02,9.505606696868273975e-01,-3.566274359173497027e-02,9.505606696868272865e-01,3.566274359173491476e-02,9.505606696868272865e-01,-3.566274359173491476e-02
8.499999999999999778e-01,5.235987755982988157e-01,5.146658534979365873e-01,-9.895423789681129928e-03,5.145182772188420239e-01,9.300225250949041567e-03,-9.080498379456791724e-03,9.300225250949041567e-03,5.731822673842091632e-03,5.731822673842091632e-03,0.000000000000000000e+00,9.505606696868273975e-01,3.566274359173497027e-02,9.505606696868273975e-01,-3.566274359173497027e-02,9.505606696868272865e-01,3.566274359173491476e-02,9.505606696868272865e-01,-3.566274359173491476e-02
8.599999999999999867e-01,5.235987755982988157e-01,5.145923015460935890e-01,-7.355195184303858769e-03,5.137023364423926042e-01,2.107949613599415656e-04,-9.896439155906211482e-03,2.107949613599415656e-04,7.391918446872256139e-03,7.391918446872256139e-03,0.000000000000000000e+00,9.505606696868273975e-01,3.566274359173497027e-02,9.505606696868273975e-01,-3.566274359173497027e-02,9.505606696868272865e-01,3.566274359173491476e-02,9.505606696868272865e-01,-3.566274359173491476e-02
8.699999999999999956e-01,5.235987755982988157e-01,5.145498201972990016e-01,-4.248134879453472484e-03,5.150269703730741000e-01,1.343605477203890265e-02,-8.571805225224715663e-03,1.343605477203890265e-02,4.873467614593817929e-03,4.873467614593817929e-03,0.000000000000000000e+00,9.505606696868273975e-01,3.566274359173497027e-02,9.505606696868273975e-01,-3.566274359173497027e-02,9.505606696868272865e-01,3.566274359173491476e-02,9.505606696868272865e-01,-3.566274359173491476e-02
8.800000000000000044e-01,5.235987755982988157e-01,5.145276358060516531e-01,-2.218439124736137653e-03,5.144838047247893842e-01,6.660792811987855007e-03,-9.114970873509431470e-03,6.660792811987855007e-03,6.062165653170159887e-03,6.062165653170159887e-03,0.000000000000000000e+00,9.505606696868273975e-01,3.566274359173497027e-02,9.505606696868273975e-01,-3.566274359173497027e-02,9.505606696868272865e-01,3.566274359173491476e-02,9.505606696868272865e-01,-3.566274359173491476e-02
8.900000000000000133e-01,5.235987755982988157e-01,5.145297412753836452e-01,2.105469332010492453e-04,5.153310976135331289e-01,1.446764241822651523e-02,-8.267677984765686716e-03,1.446764241822651523e-02,4.526545702443774896e-03,4.526545702443774896e-03,0.000000000000000000e+00,9.505606696868273975e-01,3.566274359173497027e-02,9.505606696868273975e-01,-3.566274359173497027e-02,9.505606696868272865e-01,3.566274359173491476e-02,9.505606696868272865e-01,-3.566274359173491476e-02
9.000000000000000222e-01,5.235987755982988157e-01,5.145494004329799198e-01,1.965915759630116125e-03,5.151512588781314017e-01,1.122249082238659101e-02,-8.447516720167413951e-03,1.122249082238659101e-02,5.035705361077128829e-03,5.035705361077128829e-03,0.000000000000000000e+00,9.505606696868273975e-01,3.566274359173497027e-02,9.505606696868273975e-01,-3.566274359173497027e-02,9.505606696868272865e-01,3.566274359173491476e-02,9.505606696868272865e-01,-3.566274359173491476e-02
9.100000000000000311e-01,5.235987755982988157e-01,5.145880467954681015e-01,3.864636248819350826e-03,5.144089726903102733e-01,2.677379861936649355e-03,-9.189802907988542380e-03,2.677379861936649355e-03,6.577807716571018419e-03,6.577807716571018419e-03,0.000000000000000000e+00,9.505606696868273975e-01,3.566274359173497027e-02,9.505606696868273975e-01,-3.566274359173497027e-02,9.505606696868272865e-01,3.566274359173491476e-02,9.505606696868272865e-01,-3.566274359173491476e-02
9.200000000000000400e-01,5.235987755982988157e-01,5.146510897995495437e-01,6.304300408142031117e-03,5.140997260658379808e-01,-6.828243689799393286e-04,-9.499049532460834833e-03,-6.828243689799393286e-04,7.197217194108715757e-03,7.197217194108715757e-03,0.000000000000000000e+00,9.505606696868273975e-01,3.566274359173497027e-02,9.505606696868273975e-01,-3.566274359173497027e-02,9.505606696868272865e-01,3.566274359173491476e-02,9.505606696868272865e-01,-3.566274359173491476e-02
9.300000000000000488e-01,5.235987755982988157e-01,5.147401783337324233e-01,8.908853418290670761e-03,5.141964446017172063e-01,3.526434267103095883e-04,-9.402330996581609313e-03,3.526434267103095883e-04,7.005276492005720404e-03,7.005276492005720404e-03,0.000000000000000000e+00,9.505606696868273975e-01,3.566274359173497027e-02,9.505606696868273975e-01,-3.566274359173497027e-02,9.505606696868272865e-01,3.566274359173491476e-02,9.505606696868272865e-01,-3.566274359173491476e-02
9.400000000000000577e-01,5.235987755982988157e-01,5.148537516158122607e-01,1.135732820798572226e-02,5.145841603835470401e-01,4.194536902337615662e-03,-9.014615214751775518e-03,4.194536902337615662e-03,6.271491231353264369e-03,6.271491231353264369e-03,0.000000000000000000e+00,9.505606696868273975e-01,3.566274359173497027e-02,9.505606696868273975e-01,-3.566274359173497027e-02,9.505606696868272865e-01,3.566274359173491476e-02,9.505606696868272865e-01,-3.566274359173491476e-02
9.500000000000000666e-01,5.235987755982988157e-01,5.149881885061432518e-01,1.344368903309878065e-02,5.148710995866351281e-01,6.644475242984733410e-03,-8.727676011663687561e-03,6.644475242984733410e-03,5.773815449815492863e-03,5.773815449815492863e-03,0.000000000000000000e+00,9.505606696868273975e-01,3.566274359173497027e-02,9.505606696868273975e-01,-3.566274359173497027e-02,9.505606696868272865e-01,3.566274359173491476e-02,9.505606696868272865e-01,-3.566274359173491476e-02
9.599999999999999645e-01,5.235987755982988157e-01,5.151409000389469695e-01,1.527115328036668558e-02,5.153264258966264721e-01,1.053329081859969915e-02,-8.272349701672343514e-03,1.053329081859969915e-02,4.983950533683128084e-03,4.983950533683128084e-03,0.000000000000000000e+00,9.505606696868273975e-01,3.566274359173497027e-02,9.505606696868273975e-01,-3.566274359173497027e-02,9.505606696868272865e-01,3.566274359173491476e-02,9.505606696868272865e-01,-3.566274359173491476e-02
9.699999999999999734e-01,5.235987755982988157e-01,5.153082407886037108e-01,1.673407496567599559e-02,5.147900928490927175e-01,4.116631261402184556e-03,-8.808682749206098173e-03,4.116631261402184556e-03,6.126156570987252928e-03,6.126156570987252928e-03,0.000000000000000000e+00,9.505606696868273975e-01,3.566274359173497027e-02,9.505606696868273975e-01,-3.566274359173497027e-02,9.505606696868272865e-01,3.566274359173491476e-02,9.505606696868272865e-01,-3.566274359173491476e-02
9.799999999999999822e-01,5.235987755982988157e-01,5.154941997484870919e-01,1.859589598833292015e-02,5.147244674659073871e-01,3.048714303408662021e-03,-8.874308132391428572e-03,3.048714303408662021e-03,6.298540189061008210e-03,6.298540189061008210e-03,0.000000000000000000e+00,9.505606696868273975e-01,3.566274359173497027e-02,9.505606696868273975e-01,-3.566274359173497027e-02,9.505606696868272865e-01,3.566274359173491476e-02,9.505606696868272865e-01,-3.566274359173491476e-02
9.899999999999999911e-01,5.235987755982988157e-01,5.156988662876590412e-01,2.046665391719615021e-02,5.163028985498683276e-01,1.852815371267719710e-02,-7.295877048430488010e-03,1.852815371267719710e-02,3.329834287812684975e-03,3.329834287812684975e-03,0.000000000000000000e+00,9.505606696868273975e-01,3.566274359173497027e-02,9.505606696868273975e-01,-3.566274359173497027e-02,9.505606696868272865e-01,3.566274359173491476e-02,9.505606696868272865e-01,-3.566274359173491476e-02
1.000000000000000000e+00,5.235987755982988157e-01,5.159101003731101365e-01,2.112340854510685526e-02,5.155403030543919130e-01,9.049383386645333191e-03,-8.058472543906902708e-03,9.049383386645333191e-03,4.994871875940554151e-03,4.994871875940554151e-03,0.000000000000000000e+00,9.505606696868273975e-01,3.566274359173497027e-02,9.505606696868273975e-01,-3.566274359173497027e-02,9.505606696868272865e-01,3.566274359173491476e-02,9.505606696868272865e-01,-3.566274359173491476e-02
1.010000000000000009e+00,5.235987755982988157e-01,5.161341779518090478e-01,2.240775786989332094e-02,5.164976685234291542e-01,1.771809973835321295e-02,-7.101107074869661417e-03,1.771809973835321295e-02,3.277332164701691510e-03,3.277332164701691510e-03,0.000000000000000000e+00,9.505606696868273975e-01,3.566274359173497027e-02,9.505606696868273975e-01,-3.566274359173497027e-02,9.505606696868272865e-01,3.566274359173491476e-02,9.505606696868272865e-01,-3.566274359173491476e-02
1.020000000000000018e+00,5.235987755982988157e-01,5.163640123160300188e-01,2.298343642210216864e-02,5.168639524868794410e-01,1.960912939902076033e-02,-6.734823111419374619e-03,1.960912939902076033e-02,2.784677630875353419e-03,2.784677630875353419e-03,0.000000000000000000e+00,9.505606696868273975e-01,3.566274359173497027e-02,9.505606696868273975e-01,-3.566274359173497027e-02,9.505606696868272865e-01,3.566274359173491476e-02,9.505606696868272865e-01,-3.566274359173491476e-02
1.030000000000000027e+00,5.235987755982988157e-01,5.165975059796599211e-01,2.334936636299366278e-02,5.170418952866863149e-01,1.942764445718742419e-02,-6.556880311612500734e-03,1.942764445718742419e-02,2.672267876508799874e-03,2.672267876508799874e-03,0.000000000000000000e+00,9.505606696868273975e-01,3.566274359173497027e-02,9.505606696868273975e-01,-3.566274359173497027e-02,9.505606696868272865e-01,3.566274359173491476e-02,9.505606696868272865e-01,-3.566274359173491476e-02
1.040000000000000036e+00,5.235987755982988157e-01,5.168341070747251020e-01,2.366010950652243025e-02,5.177539077840224158e-01,2.460500498482968978e-02,-5.844867814276399898e-03,2.460500498482968978e-02,1.541387617272673913e-03,1.541387617272673913e-03,0.000000000000000000e+00,9.505606696868273975e-01,3.566274359173497027e-02,9.505606696868273975e-01,-3.566274359173497027e-02,9.505606696868272865e-01,3.566274359173491476e-02,9.505606696868272865e-01,-3.566274359173491476e-02
1.050000000000000044e+00,5.235987755982988157e-01,5.170693166032586108e-01,2.352095285335267447e-02,5.171108657980165724e-01,1.571408462628828828e-02,-6.487909800282243289e-03,1.571408462628828828e-02,3.049013744587043655e-03,3.049013744587043655e-03,0.000000000000000000e+00,9.505606696868273975e-01,3.566274359173497027e-02,9.505606696868273975e-01,-3.566274359173497027e-02,9.505606696868272865e-01,3.566274359173491476e-02,9.505606696868272865e-01,-3.566274359173491476e-02
1.060000000000000053e+00,5.235987755982988157e-01,5.173090464335033944e-01,2.397298302447966808e-02,5.173998278252860406e-01,1.703229643635413917e-02,-6.198947773012775109e-03,1.703229643635413917e-02,2.680388739878453337e-03,2.680388739878453337e-03,0.000000000000000000e+00,9.505606696868273975e-01,3.566274359173497027e-02,9.505606696868273975e-01,-3.566274359173497027e-02,9.505606696868272865e-01,3.566274359173491476e-02,9.505606696868272865e-01,-3.566274359173491476e-02
1.070000000000000062e+00,5.235987755982988157e-01,5.175517204886447287e-01,2.426740551413844940e-02,5.174768776824295591e-01,1.609956536415391160e-02,-6.121897915869256579e-03,1.609956536415391160e-02,2.730257430400050492e-03,2.730257430400050492e-03,0.000000000000000000e+00,9.505606696868273975e-01,3.566274359173497027e-02,9.505606696868273975e-01,-3.566274359173497027e-02,9.505606696868272865e-01,3.566274359173491476e-02,9.505606696868272865e-01,-3.566274359173491476e-02
1.080000000000000071e+00,5.235987755982988157e-01,5.177974409041905535e-01,2.457204155457808070e-02,5.187526098386935347e-01,2.724693039037827391e-02,-4.846165759605280954e-03,2.724693039037827391e-02,4.881783743162352619e-04,4.881783743162352619e-04,0.000000000000000000e+00,9.505606696868273975e-01,3.566274359173497027e-02,9.505606696868273975e-01,-3.566274359173497027e-02,9.505606696868272865e-01,3.566274359173491476e-02,9.505606696868272865e-01,-3.566274359173491476e-02
1.090000000000000080e+00,5.235987755982988157e-01,5.180373852772743870e-01,2.399443730838315275e-02,5.181494163772429884e-01,1.849030273683498898e-02,-5.449359221055827263e-03,1.849030273683498898e-02,1.950449363022658308e-03,1.950449363022658308e-03,0.000000000000000000e+00,9.505606696868273975e-01,3.566274359173497027e-02,9.505606696868273975e-01,-3.566274359173497027e-02,9.505606696868272865e-01,3.566274359173491476e-02,9.505606696868272865e-01,-3.566274359173491476e-02
1.100000000000000089e+00,5.235987755982988157e-01,5.182774259027149721e-01,2.400406254405836048e-02,5.189872104698347588e-01,2.501921338906919201e-02,-4.611565128464056862e-03,2.501921338906919201e-02,5.693827569989793475e-04,5.693827569989793475e-04,0.000000000000000000e+00,9.505606696868273975e-01,3.566274359173497027e-02,9.505606696868273975e-01,-3.566274359173497027e-02,9.505606696868272865e-01,3.566274359173491476e-02,9.505606696868272865e-01,-3.566274359173491476e-02
1.110000000000000098e+00,5.235987755982988157e-01,5.185121840073479982e-01,2.347581046329749385e-02,5.182330844871153586e-01,1.497603222296827429e-02,-5.365691111183457096e-03,1.497603222296827429e-02,2.293189183302214718e-03,2.293189183302214718e-03,0.000000000000000000e+00,9.505606696868273975e-01,3.566274359173497027e-02,9.505606696868273975e-01,-3.566274359173497027e-02,9.505606696868272865e-01,3.566274359173491476e-02,9.505606696868272865e-01,-3.566274359173491476e-02
1.120000000000000107e+00,5.235987755982988157e-01,5.187485344884258387e-01,2.363504810778588663e-02,5.192983140492448690e-01,2.413072462196655041e-02,-4.300461549053946619e-03,2.413072462196655041e-02,4.387510148289716291e-04,4.387510148289716291e-04,0.000000000000000000e+00,9.505606696868273975e-01,3.566274359173497027e-02,9.505606696868273975e-01,-3.566274359173497027e-02,9.505606696868272865e-01,3.566274359173491476e-02,9.505606696868272865e-01,-3.566274359173491476e-02
1.130000000000000115e+00,5.235987755982988157e-01,5.189792092474840857e-01,2.306747590582968604e-02,5.191370847009298961e-01,2.010535867662016640e-02,-4.461690897368919551e-03,2.010535867662016640e-02,1.023977976205273002e-03,1.023977976205273002e-03,0.000000000000000000e+00,9.505606696868273975e-01,3.566274359173497027e-02,9.505606696868273975e-01,-3.566274359173497027e-02,9.505606696868272865e-01,3.566274359173491476e-02,9.505606696868272865e-01,-3.566274359173491476e-02
1.140000000000000124e+00,5.235987755982988157e-01,5.192066635740201219e-01,2.274543265360167224e-02,5.203684157159361723e-01,3.040813295902090874e-02,-3.230359882362643376e-03,3.040813295902090874e-02,-1.087387597981948235e-03,-1.087387597981948235e-03,0.000000000000000000e+00,9.505606696868273975e-01,3.566274359173497027e-02,9.505606696868273975e-01,-3.566274359173497027e-02,9.505606696868272865e-01,3.566274359173491476e-02,9.505606696868272865e-01,-3.566274359173491476e-02
1.150000000000000133e+00,5.235987755982988157e-01,5.194227796375865402e-01,2.161160635664400795e-02,5.195711232930809720e-01,1.939439543456681486e-02,-4.027652305217843676e-03,1.939439543456681486e-02,7.807396260954418965e-04,7.807396260954418965e-04,0.000000000000000000e+00,9.505606696868273975e-01,3.566274359173497027e-02,9.505606696868273975e-01,-3.566274359173497027e-02,9.505606696868272865e-01,3.566274359173491476e-02,9.505606696868272865e-01,-3.566274359173491476e-02
1.159999999999999920e+00,5.235987755982988157e-01,5.196351832807919457e-01,2.124036432054141055e-02,5.202158974498746202e-01,2.390269745904661375e-02,-3.382878148424195430e-03,2.390269745904661375e-02,-2.225643642635296779e-04,-2.225643642635296779e-04,0.000000000000000000e+00,9.505606696868273975e-01,3.566274359173497027e-02,9.505606696868273975e-01,-3.566274359173497027e-02,9.505606696868272865e-01,3.566274359173491476e-02,9.505606696868272865e-01,-3.566274359173491476e-02
1.169999999999999929e+00,5.235987755982988157e-01,5.198400851440329040e-01,2.049018632410021246e-02,5.199218528280193929e-01,1.857198149458967953e-02,-3.676922770279422714e-03,1.857198149458967953e-02,6.127897930812238256e-04,6.127897930812238256e-04,0.000000000000000000e+00,9.505606696868273975e-01,3.566274359173497027e-02,9.505606696868273975e-01,-3.566274359173497027e-02,9.505606696868272865e-01,3.566274359173491476e-02,9.505606696868272865e-01,-3.566274359173491476e-02
1.179999999999999938e+00,5.235987755982988157e-01,5.200409711762278286e-01,2.008860321948915256e-02,5.194472234263356469e-01,1.196848932829325252e-02,-4.151552171963168725e-03,1.196848932829325252e-02,1.730310849333472137e-03,1.730310849333472137e-03,0.000000000000000000e+00,9.505606696868273975e-01,3.566274359173497027e-02,9.505606696868273975e-01,-3.566274359173497027e-02,9.505606696868272865e-01,3.566274359173491476e-02,9.505606696868272865e-01,-3.566274359173491476e-02
1.189999999999999947e+00,5.235987755982988157e-01,5.202423167532397308e-01,2.013455770118554450e-02,5.192385608125238416e-01,8.685014257345875094e-03,-4.360214785774974011e-03,8.685014257345875094e-03,2.265492032261675129e-03,2.265492032261675129e-03,0.000000000000000000e+00,9.505606696868273975e-01,3.566274359173497027e-02,9.505606696868273975e-01,-3.566274359173497027e-02,9.505606696868272865e-01,3.566274359173491476e-02,9.505606696868272865e-01,-3.566274359173491476e-02
1.199999999999999956e+00,5.235987755982988157e-01,5.204461906979612751e-01,2.038739447215921763e-02,5.200985105237088124e-01,1.641600994346099213e-02,-3.500265074590003245e-03,1.641600994346099213e-02,7.291384793162939554e-04,7.291384793162939554e-04,0.000000000000000000e+00,9.505606696868273975e-01,3.566274359173497027e-02,9.505606696868273975e-01,-3.566274359173497027e-02,9.505606696868272865e-01,3.566274359173491476e-02,9.505606696868272865e-01,-3.566274359173491476e-02
1.209999999999999964e+00,5.235987755982988157e-01,5.206465338079073746e-01,2.003431099460875608e-02,5.206612559170739063e-01,2.040186288276583243e-02,-2.937519681224909363e-03,2.040186288276583243e-02,-1.524197746992574272e-04,-1.524197746992574272e-04,0.000000000000000000e+00,9.505606696868273975e-01,3.566274359173497027e-02,9.505606696868273975e-01,-3.566274359173497027e-02,9.505606696868272865e-01,3.566274359173491476e-02,9.505606696868272865e-01,-3.566274359173491476e-02
1.219999999999999973e+00,5.235987755982988157e-01,5.208400249429202544e-01,1.934911350128684995e-02,5.213764578077010325e-01,2.551369550076051235e-02,-2.222317790597783116e-03,2.551369550076051235e-02,-1.278130197834016464e-03,-1.278130197834016464e-03,0.000000000000000000e+00,9.505606696868273975e-01,3.566274359173497027e-02,9.505606696868273975e-01,-3.566274359173497027e-02,9.505606696868272865e-01,3.566274359173491476e-02,9.505606696868272865e-01,-3.566274359173491476e-02
1.229999999999999982e+00,5.235987755982988157e-01,5.210224963586579383e-01,1.824714157376985946e-02,5.204262992004025090e-01,1.346073987769922688e-02,-3.172476397896306644e-03,1.346073987769922688e-02,8.244465741404458526e-04,8.244465741404458526e-04,0.000000000000000000e+00,9.505606696868273975e-01,3.566274359173497027e-02,9.505606696868273975e-01,-3.566274359173497027e-02,9.505606696868272865e-01,3.566274359173491476e-02,9.505606696868272865e-01,-3.566274359173491476e-02
1.239999999999999991e+00,5.235987755982988157e-01,5.212024765353153732e-01,1.799801766574684811e-02,5.208726876609863776e-01,1.657855049576799009e-02,-2.726087937312438036e-03,1.657855049576799009e-02,1.302299494355639575e-04,1.302299494355639575e-04,0.000000000000000000e+00,9.505606696868273975e-01,3.566274359173497027e-02,9.505606696868273975e-01,-3.566274359173497027e-02,9.505606696868272865e-01,3.566274359173491476e-02,9.505606696868272865e-01,-3.566274359173491476e-02
1.250000000000000000e+00,5.235987755982988157e-01,5.213773410784167117e-01,1.748645431013651566e-02,5.213315451170957848e-01,1.950927000728526137e-02,-2.267230481203030834e-03,1.950927000728526137e-02,-5.517461516223777247e-04,-5.517461516223777247e-04,0.000000000000000000e+00,9.505606696868273975e-01,3.566274359173497027e-02,9.505606696868273975e-01,-3.566274359173497027e-02,9.505606696868272865e-01,3.566274359173491476e-02,9.505606696868272865e-01,-3.566274359173491476e-02
1.260000000000000009e+00,5.235987755982988157e-01,5.215445952250493677e-01,1.672541466326528392e-02,5.227866089650523573e-01,3.210898148612245651e-02,-8.121666332464583249e-04,3.210898148612245651e-02,-3.095769980118655458e-03,-3.095769980118655458e-03,0.000000000000000000e+00,9.505606696868273975e-01,3.566274359173497027e-02,9.505606696868273975e-01,-3.566274359173497027e-02,9.505606696868272865e-01,3.566274359173491476e-02,9.505606696868272865e-01,-3.566274359173491476e-02
1.270000000000000018e+00,5.235987755982988157e-01,5.216945741753660215e-01,1.499789503166915929e-02,5.214684322944954653e-01,1.571631663194129544e-02,-2.130343303803350352e-03,1.571631663194129544e-02,-2.167363895490561319e-04,-2.167363895490561319e-04,0.000000000000000000e+00,9.505606696868273975e-01,3.566274359173497027e-02,9.505606696868273975e-01,-3.566274359173497027e-02,9.505606696868272865e-01,3.566274359173491476e-02,9.505606696868272865e-01,-3.566274359173491476e-02
1.280000000000000027e+00,5.235987755982988157e-01,5.218390241678105834e-01,1.444499924445293015e-02,5.219419080951674950e-01,1.887944297546746350e-02,-1.656867503131320696e-03,1.887944297546746350e-02,-9.364798956797144684e-04,-9.364798956797144684e-04,0.000000000000000000e+00,9.505606696868273975e-01,3.566274359173497027e-02,9.505606696868273975e-01,-3.566274359173497027e-02,9.505606696868272865e-01,3.566274359173491476e-02,9.505606696868272865e-01,-3.566274359173491476e-02
1.290000000000000036e+00,5.235987755982988157e-01,5.219753163429988740e-01,1.362921751882496813e-02,5.231404978450477916e-01,2.897739617672367984e-02,-4.582777532510240448e-04,2.897739617672367984e-02,-2.999679582177528295e-03,-2.999679582177528295e-03,0.000000000000000000e+00,9.505606696868273975e-01,3.566274359173497027e-02,9.505606696868273975e-01,-3.566274359173497027e-02,9.505606696868272865e-01,3.566274359173491476e-02,9.505606696868272865e-01,-3.566274359173491476e-02
1.300000000000000044e+00,5.235987755982988157e-01,5.220956745980273039e-01,1.203582550284018615e-02,5.220106398370031320e-01,1.478107647860471725e-02,-1.588135761295683679e-03,1.478107647860471725e-02,-5.151601700078259263e-04,-5.151601700078259263e-04,0.000000000000000000e+00,9.505606696868273975e-01,3.566274359173497027e-02,9.505606696868273975e-01,-3.566274359173497027e-02,9.505606696868272865e-01,3.566274359173491476e-02,9.505606696868272865e-01,-3.566274359173491476e-02
1.310000000000000053e+00,5.235987755982988157e-01,5.222102676338027383e-01,1.145930357754872814e-02,5.227663855387253422e-01,2.086042584796634486e-02,-8.323900595734734509e-04,2.086042584796634486e-02,-1.782875355722337175e-03,-1.782875355722337175e-03,0.000000000000000000e+00,9.505606696868273975e-01,3.566274359173497027e-02,9.505606696868273975e-01,-3.566274359173497027e-02,9.505606696868272865e-01,3.566274359173491476e-02,9.505606696868272865e-01,-3.566274359173491476e-02
1.320000000000000062e+00,5.235987755982988157e-01,5.223143410060322456e-01,1.040733722294990074e-02,5.220883256498529690e-01,1.199378437444597982e-02,-1.510449948445846680e-03,1.199378437444597982e-02,-2.518083973084785012e-04,-2.518083973084785012e-04,0.000000000000000000e+00,9.505606696868273975e-01,3.566274359173497027e-02,9.505606696868273975e-01,-3.566274359173497027e-02,9.505606696868272865e-01,3.566274359173491476e-02,9.505606696868272865e-01,-3.566274359173491476e-02
1.330000000000000071e+00,5.235987755982988157e-01,5.224141829859983988e-01,9.984197996613899256e-03,5.232045897717768623e-01,2.195704715624031272e-02,-3.941858265219533308e-04,2.195704715624031272e-02,-2.237775379783969905e-03,-2.237775379783969905e-03,0.000000000000000000e+00,9.505606696868273975e-01,3.566274359173497027e-02,9.505606696868273975e-01,-3.566274359173497027e-02,9.505606696868272865e-01,3.566274359173491476e-02,9.505606696868272865e-01,-3.566274359173491476e-02
1.340000000000000080e+00,5.235987755982988157e-01,5.225021954362595311e-01,8.801245026111764735e-03,5.230482189597817078e-01,1.819763432066473507e-02,-5.505566385171078991e-04,1.819763432066473507e-02,-1.686872189916447653e-03,-1.686872189916447653e-03,0.000000000000000000e+00,9.505606696868273975e-01,3.566274359173497027e-02,9.505606696868273975e-01,-3.566274359173497027e-02,9.505606696868272865e-01,3.566274359173491476e-02,9.505606696868272865e-01,-3.566274359173491476e-02
1.350000000000000089e+00,5.235987755982988157e-01,5.225808922858262706e-01,7.869684956678937512e-03,5.232874142734948997e-01,1.876982402573018280e-02,-3.113613248039159842e-04,1.876982402573018280e-02,-1.932134644333334365e-03,-1.932134644333334365e-03,0.000000000000000000e+00,9.505606696868273975e-01,3.566274359173497027e-02,9.505606696868273975e-01,-3.566274359173497027e-02,9.505606696868272865e-01,3.566274359173491476e-02,9.505606696868272865e-01,-3.566274359173491476e-02
1.360000000000000098e+00,5.235987755982988157e-01,5.226496098746911123e-01,6.871758886481465871e-03,5.231732762120723246e-01,1.575146100893141249e-02,-4.254993862264910831e-04,1.575146100893141249e-02,-1.498374520103003434e-03,-1.498374520103003434e-03,0.000000000000000000e+00,9.505606696868273975e-01,3.566274359173497027e-02,9.505606696868273975e-01,-3.566274359173497027e-02,9.505606696868272865e-01,3.566274359173491476e-02,9.505606696868272865e-01,-3.566274359173491476e-02
1.370000000000000107e+00,5.235987755982988157e-01,5.227103483534025763e-01,6.073847871146928305e-03,5.225150954823879479e-01,7.594507611194506805e-03,-1.083680115910867769e-03,7.594507611194506805e-03,-6.408100669662330270e-05,-6.408100669662330270e-05,0.000000000000000000e+00,9.505606696868273975e-01,3.566274359173497027e-02,9.505606696868273975e-01,-3.566274359173497027e-02,9.505606696868272865e-01,3.566274359173491476e-02,9.505606696868272865e-01,-3.566274359173491476e-02
1.380000000000000115e+00,5.235987755982988157e-01,5.227689399386382663e-01,5.859158523567944803e-03,5.227797533981007883e-01,9.481636007203459934e-03,-8.190222001980274058e-04,9.481636007203459934e-03,-4.801284726159629887e-04,-4.801284726159629887e-04,0.000000000000000000e+00,9.505606696868273975e-01,3.566274359173497027e-02,9.505606696868273975e-01,-3.566274359173497027e-02,9.505606696868272865e-01,3.566274359173491476e-02,9.505606696868272865e-01,-3.566274359173491476e-02
1.390000000000000124e+00,5.235987755982988157e-01,5.228238322449226816e-01,5.489230628446010833e-03,5.234125532058759855e-01,1.486147048423508595e-02,-1.862223924228301186e-04,1.486147048423508595e-02,-1.575007278065592483e-03,-1.575007278065592483e-03,0.000000000000000000e+00,9.505606696868273975e-01,3.566274359173497027e-02,9.505606696868273975e-01,-3.566274359173497027e-02,9.505606696868272865e-01,3.566274359173491476e-02,9.505606696868272865e-01,-3.566274359173491476e-02
1.400000000000000133e+00,5.235987755982988157e-01,5.228708790495038006e-01,4.704680458106359417e-03,5.232260524031421278e-01,1.151031540847300035e-02,-3.727231951566878365e-04,1.151031540847300035e-02,-1.048625608148472631e-03,-1.048625608148472631e-03,0.000000000000000000e+00,9.505606696868273975e-01,3.566274359173497027e-02,9.505606696868273975e-01,-3.566274359173497027e-02,9.505606696868272865e-01,3.566274359173491476e-02,9.505606696868272865e-01,-3.566274359173491476e-02
1.409999999999999920e+00,5.235987755982988157e-01,5.229123743716450612e-01,4.149532214128127602e-03,5.218377280747784619e-01,-3.523959416010954970e-03,-1.761047523520353764e-03,-3.523959416010954970e-03,1.726258857739731284e-03,1.726258857739731284e-03,0.000000000000000000e+00,9.505606696868273975e-01,3.566274359173497027e-02,9.505606696868273975e-01,-3.566274359173497027e-02,9.505606696868272865e-01,3.566274359173491476e-02,9.505606696868272865e-01,-3.566274359173491476e-02
1.419999999999999929e+00,5.235987755982988157e-01,5.229592928051610690e-01,4.691843351598817130e-03,5.222143829294395578e-01,5.949850722010989641e-04,-1.384392668859257824e-03,5.949850722010989641e-04,9.687992654041704347e-04,9.687992654041704347e-04,0.000000000000000000e+00,9.505606696868273975e-01,3.566274359173497027e-02,9.505606696868273975e-01,-3.566274359173497027e-02,9.505606696868272865e-01,3.566274359173491476e-02,9.505606696868272865e-01,-3.566274359173491476e-02
1.429999999999999938e+00,5.235987755982988157e-01,5.230085165409803505e-01,4.922373581930107253e-03,5.230208930871276252e-01,8.600588141861660596e-03,-5.778825111711904938e-04,8.600588141861660596e-03,-5.591888149907453141e-04,-5.591888149907453141e-04,0.000000000000000000e+00,9.505606696868273975e-01,3.566274359173497027e-02,9.505606696868273975e-01,-3.566274359173497027e-02,9.505606696868272865e-01,3.566274359173491476e-02,9.505606696868272865e-01,-3.566274359173491476e-02
1.439999999999999947e+00,5.235987755982988157e-01,5.230540259075301401e-01,4.550936654977949698e-03,5.233589553242090631e-01,1.112115169848987284e-02,-2.398202740897525942e-04,1.112115169848987284e-02,-1.103323395133226940e-03,-1.103323395133226940e-03,0.000000000000000000e+00,9.505606696868273975e-01,3.566274359173497027e-02,9.505606696868273975e-01,-3.566274359173497027e-02,9.505606696868272865e-01,3.566274359173491476e-02,9.505606696868272865e-01,-3.566274359173491476e-02
1.449999999999999956e+00,5.235987755982988157e-01,5.230938189112146475e-01,3.979300368456111826e-03,5.226368156621679084e-01,2.787639908229340435e-03,-9.619599361309072449e-04,2.787639908229340435e-03,3.992693903524574994e-04,3.992693903524574994e-04,0.000000000000000000e+00,9.505606696868273975e-01,3.566274359173497027e-02,9.505606696868273975e-01,-3.566274359173497027e-02,9.505606696868272865e-01,3.566274359173491476e-02,9.505606696868272865e-01,-3.566274359173491476e-02
1.459999999999999964e+00,5.235987755982988157e-01,5.231339229340294938e-01,4.010402281483162884e-03,5.229448733919112025e-01,5.589453214839345402e-03,-6.539022063876132052e-04,5.589453214839345402e-03,-1.548279027798862882e-04,-1.548279027798862882e-04,0.000000000000000000e+00,9.505606696868273975e-01,3.566274359173497027e-02,9.505606696868273975e-01,-3.566274359173497027e-02,9.505606696868272865e-01,3.566274359173491476e-02,9.505606696868272865e-01,-3.566274359173491476e-02
1.469999999999999973e+00,5.235987755982988157e-01,5.231721714503217990e-01,3.824851629227131108e-03,5.216351310023398247e-01,-8.066916002358363869e-03,-1.963644595958990990e-03,-8.066916002358363869e-03,2.402200288398453724e-03,2.402200288398453724e-03,0.000000000000000000e+00,9.505606696868273975e-01,3.566274359173497027e-02,9.505606696868273975e-01,-3.566274359173497027e-02,9.505606696868272865e-01,3.566274359173491476e-02,9.505606696868272865e-01,-3.566274359173491476e-02
1.479999999999999982e+00,5.235987755982988157e-01,5.232185755922950099e-01,4.640414197322688394e-03,5.237317202670076499e-01,1.370566824455572014e-02,1.329446687088342571e-04,1.370566824455572014e-02,-1.680841863989865521e-03,-1.680841863989865521e-03,0.000000000000000000e+00,9.505606696868273975e-01,3.566274359173497027e-02,9.505606696868273975e-01,-3.566274359173497027e-02,9.505606696868272865e-01,3.566274359173491476e-02,9.505606696868272865e-01,-3.566274359173491476e-02
1.489999999999999991e+00,5.235987755982988157e-01,5.232569874429779944e-01,3.841185068293240853e-03,5.231848245203069014e-01,6.866143953092664586e-03,-4.139510779919142180e-04,6.866143953092664586e-03,-4.819346387804553404e-04,-4.819346387804553404e-04,0.000000000000000000e+00,9.505606696868273975e-01,3.566274359173497027e-02,9.505606696868273975e-01,-3.566274359173497027e-02,9.505606696868272865e-01,3.566274359173491476e-02,9.505606696868272865e-01,-3.566274359173491476e-02
1.500000000000000000e+00,5.235987755982988157e-01,5.232923233957496034e-01,3.533595277160894547e-03,5.230460923028656950e-01,4.792207383371333528e-03,-5.526832954331206693e-04,4.792207383371333528e-03,-1.387019812757999543e-04,-1.387019812757999543e-04,0.000000000000000000e+00,9.505606696868273975e-01,3.566274359173497027e-02,9.505606696868273975e-01,-3.566274359173497027e-02,9.505606696868272865e-01,3.566274359173491476e-02,9.505606696868272865e-01,-3.566274359173491476e-02
1.510000000000000009e+00,5.235987755982988157e-01,5.233260155654354540e-01,3.369216968583086964e-03,5.237819131435100806e-01,1.167119505147805325e-02,1.831375452112649072e-04,1.167119505147805325e-02,-1.483739604002306482e-03,-1.483739604002306482e-03,0.000000000000000000e+00,9.505606696868273975e-01,3.566274359173497027e-02,9.505606696868273975e-01,-3.566274359173497027e-02,9.505606696868272865e-01,3.566274359173491476e-02,9.505606696868272865e-01,-3.566274359173491476e-02
1.520000000000000018e+00,5.235987755982988157e-01,5.233528797791753284e-01,2.686421373988223671e-03,5.235915991463271357e-01,8.600935574500799888e-03,-7.176451971679931319e-06,8.600935574500799888e-03,-9.869071517960910801e-04,-9.869071517960910801e-04,0.000000000000000000e+00,9.505606696868273975e-01,3.566274359173497027e-02,9.505606696868273975e-01,-3.566274359173497027e-02,9.505606696868272865e-01,3.566274359173491476e-02,9.505606696868272865e-01,-3.566274359173491476e-02
1.530000000000000027e+00,5.235987755982988157e-01,5.233750632487051968e-01,2.218346952990557508e-03,5.218590321655175446e-01,-9.584827791045188311e-03,-1.739743432781271082e-03,-9.584827791045188311e-03,2.409532860149760265e-03,2.409532860149760265e-03,0.000000000000000000e+00,9.505606696868273975e-01,3.566274359173497027e-02,9.505606696868273975e-01,-3.566274359173497027e-02,9.505606696868272865e-01,3.566274359173491476e-02,9.505606696868272865e-01,-3.566274359173491476e-02
1.540000000000000036e+00,5.235987755982988157e-01,5.234059327551074947e-01,3.086950640231648710e-03,5.237952939449811440e-01,1.073627278269532158e-02,1.965183466823283709e-04,1.073627278269532158e-02,-1.385905515275937146e-03,-1.385905515275937146e-03,0.000000000000000000e+00,9.505606696868273975e-01,3.566274359173497027e-02,9.505606696868273975e-01,-3.566274359173497027e-02,9.505606696868272865e-01,3.566274359173491476e-02,9.505606696868272865e-01,-3.566274359173491476e-02
1.550000000000000044e+00,5.235987755982988157e-01,5.234304433017625824e-01,2.451054665513654855e-03,5.232158323616347140e-01,3.868029670961490619e-03,-3.829432366641016827e-04,3.868029670961490619e-03,-1.592806840058367049e-04,-1.592806840058367049e-04,0.000000000000000000e+00,9.505606696868273975e-01,3.566274359173497027e-02,9.505606696868273975e-01,-3.566274359173497027e-02,9.505606696868272865e-01,3.566274359173491476e-02,9.505606696868272865e-01,-3.566274359173491476e-02
1.560000000000000053e+00,5.235987755982988157e-01,5.234535681471172985e-01,2.312484535467658996e-03,5.224254966045847048e-01,-4.422130866634748150e-03,-1.173278993714110818e-03,-4.422130866634748150e-03,1.389415786011302233e-03,1.389415786011302233e-03,0.000000000000000000e+00,9.505606696868273975e-01,3.566274359173497027e-02,9.505606696868273975e-01,-3.566274359173497027e-02,9.505606696868272865e-01,3.566274359173491476e-02,9.505606696868272865e-01,-3.566274359173491476e-02
1.570000000000000062e+00,5.235987755982988157e-01,5.234813788414387492e-01,2.781069432141257403e-03,5.233767093565834250e-01,5.532209740015925879e-03,-2.220662417153906887e-04,5.532209740015925879e-03,-4.718349179462491463e-04,-4.718349179462491463e-04,0.000000000000000000e+00,9.505606696868273975e-01,3.566274359173497027e-02,9.505606696868273975e-01,-3.566274359173497027e-02,9.505606696868272865e-01,3.566274359173491476e-02,9.505606696868272865e-01,-3.566274359173491476e-02
1.580000000000000071e+00,5.235987755982988157e-01,5.235064841290847371e-01,2.510528764596859936e-03,5.236182718078281617e-01,7.394613278461701147e-03,1.949620952934605356e-05,7.394613278461701147e-03,-8.677225087924968737e-04,-8.677225087924968737e-04,0.000000000000000000e+00,9.505606696868273975e-01,3.566274359173497027e-02,9.505606696868273975e-01,-3.566274359173497027e-02,9.505606696868272865e-01,3.566274359173491476e-02,9.505606696868272865e-01,-3.566274359173491476e-02
1.590000000000000080e+00,5.235987755982988157e-01,5.235274275442332037e-01,2.094341514842962965e-03,5.237360112912501364e-01,7.832546784835277623e-03,1.372356929513207646e-04,7.832546784835277623e-03,-1.006478789328390079e-03,-1.006478789328390079e-03,0.000000000000000000e+00,9.505606696868273975e-01,3.566274359173497027e-02,9.505606696868273975e-01,-3.566274359173497027e-02,9.505606696868272865e-01,3.566274359173491476e-02,9.505606696868272865e-01,-3.566274359173491476e-02
1.600000000000000089e+00,5.235987755982988157e-01,5.235437989978225515e-01,1.637145358939581189e-03,5.241171561686172042e-01,1.086074088002242713e-02,5.183805703183885782e-04,1.086074088002242713e-02,-1.641463878894091743e-03,-1.641463878894091743e-03,0.000000000000000000e+00,9.505606696868273975e-01,3.566274359173497027e-02,9.505606696868273975e-01,-3.566274359173497027e-02,9.505606696868272865e-01,3.566274359173491476e-02,9.505606696868272865e-01,-3.566274359173491476e-02
1.610000000000000098e+00,5.235987755982988157e-01,5.235532696540231568e-01,9.470656200597939557e-04,5.237731020459519549e-01,6.334125565367692244e-03,1.743264476531392049e-04,6.334125565367692244e-03,-8.614020158893790496e-04,-8.614020158893790496e-04,0.000000000000000000e+00,9.505606696868273975e-01,3.566274359173497027e-02,9.505606696868273975e-01,-3.566274359173497027e-02,9.505606696868272865e-01,3.566274359173491476e-02,9.505606696868272865e-01,-3.566274359173491476e-02
1.620000000000000107e+00,5.235987755982988157e-01,5.235590914633250215e-01,5.821809301893674394e-04,5.237039713357667381e-01,5.009405906978755749e-03,1.051957374679224344e-04,5.009405906978755749e-03,-6.567643779014596932e-04,-6.567643779014596932e-04,0.000000000000000000e+00,9.505606696868273975e-01,3.566274359173497027e-02,9.505606696868273975e-01,-3.566274359173497027e-02,9.505606696868272865e-01,3.566274359173491476e-02,9.505606696868272865e-01,-3.566274359173491476e-02
1.630000000000000115e+00,5.235987755982988157e-01,5.235621749618329934e-01,3.083498508001480780e-04,5.238534806273004163e-01,6.003558231617661667e-03,2.547050290016006358e-04,6.003558231617661667e-03,-8.834991095500870388e-04,-8.834991095500870388e-04,0.000000000000000000e+00,9.505606696868273975e-01,3.566274359173497027e-02,9.505606696868273975e-01,-3.566274359173497027e-02,9.505606696868272865e-01,3.566274359173491476e-02,9.505606696868272865e-01,-3.566274359173491476e-02
1.640000000000000124e+00,5.235987755982988157e-01,5.235617231347996503e-01,-4.518270333473187444e-05,5.239273520995364475e-01,6.141917130816207902e-03,3.285765012376318239e-04,6.141917130816207902e-03,-9.548196310605604501e-04,-9.548196310605604501e-04,0.000000000000000000e+00,9.505606696868273975e-01,3.566274359173497027e-02,9.505606696868273975e-01,-3.566274359173497027e-02,9.505606696868272865e-01,3.566274359173491476e-02,9.505606696868272865e-01,-3.566274359173491476e-02
1.650000000000000133e+00,5.235987755982988157e-01,5.235575688119007420e-01,-4.154322898913031040e-04,5.243230448285302048e-01,9.484652707672160121e-03,7.242692302313891162e-04,9.484652707672160121e-03,-1.636995127472177809e-03,-1.636995127472177809e-03,0.000000000000000000e+00,9.505606696868273975e-01,3.566274359173497027e-02,9.505606696868273975e-01,-3.566274359173497027e-02,9.505606696868272865e-01,3.566274359173491476e-02,9.505606696868272865e-01,-3.566274359173491476e-02
1.660000000000000142e+00,5.235987755982988157e-01,5.235471723078998219e-01,-1.039650400088173565e-03,5.236520521340983780e-01,1.826260492586679468e-03,5.327653579956237451e-05,1.826260492586679468e-03,-2.506192484499461027e-04,-2.506192484499461027e-04,0.000000000000000000e+00,9.505606696868273975e-01,3.566274359173497027e-02,9.505606696868273975e-01,-3.566274359173497027e-02,9.505606696868272865e-01,3.566274359173491476e-02,9.505606696868272865e-01,-3.566274359173491476e-02
1.669999999999999929e+00,5.235987755982988157e-01,5.235361250599447347e-01,-1.104724795505201496e-03,5.239486693417618746e-01,4.609806519962976468e-03,3.498937434630589038e-04,4.609806519962976468e-03,-7.940357064121473206e-04,-7.940357064121473206e-04,0.000000000000000000e+00,9.505606696868273975e-01,3.566274359173497027e-02,9.505606696868273975e-01,-3.566274359173497027e-02,9.505606696868272865e-01,3.566274359173491476e-02,9.505606696868272865e-01,-3.566274359173491476e-02
1.679999999999999938e+00,5.235987755982988157e-01,5.235223321625751547e-01,-1.379289736962110383e-03,5.236285679669686610e-01,9.478121200345440700e-04,2.979236866984535936e-05,9.478121200345440700e-04,-1.316744864976943433e-04,-1.316744864976943433e-04,0.000000000000000000e+00,9.505606696868273975e-01,3.566274359173497027e-02,9.505606696868273975e-01,-3.566274359173497027e-02,9.505606696868272865e-01,3.566274359173491476e-02,9.505606696868272865e-01,-3.566274359173491476e-02
1.689999999999999947e+00,5.235987755982988157e-01,5.235084576134337864e-01,-1.387454914139103594e-03,5.242575970927099149e-01,7.143322165443627240e-03,6.588214944110992732e-04,7.143322165443627240e-03,-1.317831630475572134e-03,-1.317831630475572134e-03,0.000000000000000000e+00,9.505606696868273975e-01,3.566274359173497027e-02,9.505606696868273975e-01,-3.566274359173497027e-02,9.505606696868272865e-01,3.566274359173491476e-02,9.505606696868272865e-01,-3.566274359173491476e-02
1.699999999999999956e+00,5.235987755982988157e-01,5.234898868771210578e-01,-1.857073631269692219e-03,5.238510566938384683e-01,2.363585960184798503e-03,2.522810955396526111e-04,2.363585960184798503e-03,-4.617411089226582154e-04,-4.617411089226582154e-04,0.000000000000000000e+00,9.505606696868273975e-01,3.566274359173497027e-02,9.505606696868273975e-01,-3.566274359173497027e-02,9.505606696868272865e-01,3.566274359173491476e-02,9.505606696868272865e-01,-3.566274359173491476e-02
1.709999999999999964e+00,5.235987755982988157e-01,5.234700989720754150e-01,-1.978790504561030780e-03,5.239114613065872783e-01,2.731273491654419208e-03,3.126857082884626493e-04,2.731273491654419208e-03,-5.494272897879664197e-04,-5.494272897879664197e-04,0.000000000000000000e+00,9.505606696868273975e-01,3.566274359173497027e-02,9.505606696868273975e-01,-3.566274359173497027e-02,9.505606696868272865e-01,3.566274359173491476e-02,9.505606696868272865e-01,-3.566274359173491476e-02
1.719999999999999973e+00,5.235987755982988157e-01,5.234487906062377238e-01,-2.130836583774210497e-03,5.238543445424023171e-01,1.886978500639364693e-03,2.555689441035013942e-04,1.886978500639364693e-03,-4.092190384667222661e-04,-4.092190384667222661e-04,0.000000000000000000e+00,9.505606696868273975e-01,3.566274359173497027e-02,9.505606696868273975e-01,-3.566274359173497027e-02,9.505606696868272865e-01,3.566274359173491476e-02,9.505606696868272865e-01,-3.566274359173491476e-02
1.729999999999999982e+00,5.235987755982988157e-01,5.234265550355594598e-01,-2.223557067827815984e-03,5.230856443513036691e-01,-5.988721260411049296e-03,-5.131312469951465616e-04,-5.988721260411049296e-03,1.075447969165858235e-03,1.075447969165858235e-03,0.000000000000000000e+00,9.505606696868273975e-01,3.566274359173497027e-02,9.505606696868273975e-01,-3.566274359173497027e-02,9.505606696868272865e-01,3.566274359173491476e-02,9.505606696868272865e-01,-3.566274359173491476e-02
1.739999999999999991e+00,5.235987755982988157e-01,5.234092002539197930e-01,-1.735478163964723894e-03,5.229271723923472059e-01,-6.974568723934575915e-03,-6.716032059516097164e-04,-6.974568723934575915e-03,1.307941057397581010e-03,1.307941057397581010e-03,0.000000000000000000e+00,9.505606696868273975e-01,3.566274359173497027e-02,9.505606696868273975e-01,-3.566274359173497027e-02,9.505606696868272865e-01,3.566274359173491476e-02,9.505606696868272865e-01,-3.566274359173491476e-02
1.750000000000000000e+00,5.235987755982988157e-01,5.233974787596631373e-01,-1.172149425670212337e-03,5.238628677155783286e-01,3.079841380770107113e-03,2.640921172795129834e-04,3.079841380770107113e-03,-5.532260879371950473e-04,-5.532260879371950473e-04,0.000000000000000000e+00,9.505606696868273975e-01,3.566274359173497027e-02,9.505606696868273975e-01,-3.566274359173497027e-02,9.505606696868272865e-01,3.566274359173491476e-02,9.505606696868272865e-01,-3.566274359173491476e-02
1.760000000000000009e+00,5.235987755982988157e-01,5.233839700245810356e-01,-1.350873508206696825e-03,5.221534630037263369e-01,-1.432218987582681638e-02,-1.445312594572478737e-03,-1.432218987582681638e-02,2.735437749315115016e-03,2.735437749315115016e-03,0.000000000000000000e+00,9.505606696868273975e-01,3.566274359173497027e-02,9.505606696868273975e-01,-3.566274359173497027e-02,9.505606696868272865e-01,3.566274359173491476e-02,9.505606696868272865e-01,-3.566274359173491476e-02
1.770000000000000018e+00,5.235987755982988157e-01,5.233815309212104250e-01,-2.439103370611183427e-04,5.233317308893826736e-01,-1.107292031680771893e-03,-2.670447089161420706e-04,-1.107292031680771893e-03,3.278668113070068273e-04,3.278668113070068273e-04,0.000000000000000000e+00,9.505606696868273975e-01,3.566274359173497027e-02,9.505606696868273975e-01,-3.566274359173497027e-02,9.505606696868272865e-01,3.566274359173491476e-02,9.505606696868272865e-01,-3.566274359173491476e-02
1.780000000000000027e+00,5.235987755982988157e-01,5.233804442281503322e-01,-1.086693060114266062e-04,5.241130715103574644e-01,6.816843381235212183e-03,5.142959120586487742e-04,6.816843381235212183e-03,-1.171860731845647931e-03,-1.171860731845647931e-03,0.000000000000000000e+00,9.505606696868273975e-01,3.566274359173497027e-02,9.505606696868273975e-01,-3.566274359173497027e-02,9.505606696868272865e-01,3.566274359173491476e-02,9.505606696868272865e-01,-3.566274359173491476e-02
1.790000000000000036e+00,5.235987755982988157e-01,5.233748300454272862e-01,-5.614182723076941318e-04,5.225472715959120773e-01,-9.522840101342177135e-03,-1.051504002386738357e-03,-9.522840101342177135e-03,1.886625439488146027e-03,1.886625439488146027e-03,0.000000000000000000e+00,9.505606696868273975e-01,3.566274359173497027e-02,9.505606696868273975e-01,-3.566274359173497027e-02,9.505606696868272865e-01,3.566274359173491476e-02,9.505606696868272865e-01,-3.566274359173491476e-02
1.800000000000000044e+00,5.235987755982988157e-01,5.233767348898415994e-01,1.904844414353655709e-04,5.234156292043941061e-01,1.130199936123267579e-04,-1.831463939047095479e-04,1.130199936123267579e-04,1.242080092945226175e-04,1.242080092945226175e-04,0.000000000000000000e+00,9.505606696868273975e-01,3.566274359173497027e-02,9.505606696868273975e-01,-3.566274359173497027e-02,9.505606696868272865e-01,3.566274359173491476e-02,9.505606696868272865e-01,-3.566274359173491476e-02
1.810000000000000053e+00,5.235987755982988157e-01,5.233790637037213367e-01,2.328813879754403440e-04,5.230558642703979633e-01,-3.495931345710333489e-03,-5.429113279008523918e-04,-3.495931345710333489e-03,8.101729363162769610e-04,8.101729363162769610e-04,0.000000000000000000e+00,9.505606696868273975e-01,3.566274359173497027e-02,9.505606696868273975e-01,-3.566274359173497027e-02,9.505606696868272865e-01,3.566274359173491476e-02,9.505606696868272865e-01,-3.566274359173491476e-02
1.820000000000000062e+00,5.235987755982988157e-01,5.233844733431745055e-01,5.409639453160755172e-04,5.239541649248941058e-01,5.836668333822122440e-03,3.553893265952901004e-04,5.836668333822122440e-03,-9.396963647013652004e-04,-9.396963647013652004e-04,0.000000000000000000e+00,9.505606696868273975e-01,3.566274359173497027e-02,9.505606696868273975e-01,-3.566274359173497027e-02,9.505606696868272865e-01,3.566274359173491476e-02,9.505606696868272865e-01,-3.566274359173491476e-02
1.830000000000000071e+00,5.235987755982988157e-01,5.233860562424657026e-01,1.582899291153649283e-04,5.225350517485598534e-01,-8.938130262902610132e-03,-1.063723849738962279e-03,-8.938130262902610132e-03,1.828325159826516607e-03,1.828325159826516607e-03,0.000000000000000000e+00,9.505606696868273975e-01,3.566274359173497027e-02,9.505606696868273975e-01,-3.566274359173497027e-02,9.505606696868272865e-01,3.566274359173491476e-02,9.505606696868272865e-01,-3.566274359173491476e-02
1.840000000000000080e+00,5.235987755982988157e-01,5.233947064009294436e-01,8.650158463712892543e-04,5.231231745655106069e-01,-2.163089067104816479e-03,-4.756010327882087552e-04,-2.163089067104816479e-03,6.059623869988893519e-04,6.059623869988893519e-04,0.000000000000000000e+00,9.505606696868273975e-01,3.566274359173497027e-02,9.505606696868273975e-01,-3.566274359173497027e-02,9.505606696868272865e-01,3.566274359173491476e-02,9.505606696868272865e-01,-3.566274359173491476e-02
1.850000000000000089e+00,5.235987755982988157e-01,5.234054450229176370e-01,1.073862198817969764e-03,5.230658666092310449e-01,-2.519859723189954697e-03,-5.329089890677707331e-04,-2.519859723189954697e-03,6.900685078793090911e-04,6.900685078793090911e-04,0.000000000000000000e+00,9.505606696868273975e-01,3.566274359173497027e-02,9.505606696868273975e-01,-3.566274359173497027e-02,9.505606696868272865e-01,3.566274359173491476e-02,9.505606696868272865e-01,-3.566274359173491476e-02
1.860000000000000098e+00,5.235987755982988157e-01,5.234185342460960788e-01,1.308922317845464482e-03,5.231314170540243280e-01,-1.612369302938128357e-03,-4.673585442744876417e-04,-1.612369302938128357e-03,5.362493664103246431e-04,5.362493664103246431e-04,0.000000000000000000e+00,9.505606696868273975e-01,3.566274359173497027e-02,9.505606696868273975e-01,-3.566274359173497027e-02,9.505606696868272865e-01,3.566274359173491476e-02,9.505606696868272865e-01,-3.566274359173491476e-02
1.870000000000000107e+00,5.235987755982988157e-01,5.234333019010275478e-01,1.476765493149661840e-03,5.239918871417352797e-01,7.153568504465199554e-03,3.931115434364640393e-04,7.153568504465199554e-03,-1.119894835892019415e-03,-1.119894835892019415e-03,0.000000000000000000e+00,9.505606696868273975e-01,3.566274359173497027e-02,9.505606696868273975e-01,-3.566274359173497027e-02,9.505606696868272865e-01,3.566274359173491476e-02,9.505606696868272865e-01,-3.566274359173491476e-02
1.880000000000000115e+00,5.235987755982988157e-01,5.234432490550595674e-01,9.947154032040272063e-04,5.234176423535792377e-01,6.957637724582608346e-04,-1.811332447195779238e-04,6.957637724582608346e-04,5.546856634952243310e-05,5.546856634952243310e-05,0.000000000000000000e+00,9.505606696868273975e-01,3.566274359173497027e-02,9.505606696868273975e-01,-3.566274359173497027e-02,9.505606696868272865e-01,3.566274359173491476e-02,9.505606696868272865e-01,-3.566274359173491476e-02
1.890000000000000124e+00,5.235987755982988157e-01,5.234531013716500203e-01,9.852316590464663126e-04,5.232382097194611115e-01,-1.168138945968827565e-03,-3.605658788377041901e-04,-1.168138945968827565e-03,4.049699970993498959e-04,4.049699970993498959e-04,0.000000000000000000e+00,9.505606696868273975e-01,3.566274359173497027e-02,9.505606696868273975e-01,-3.566274359173497027e-02,9.505606696868272865e-01,3.566274359173491476e-02,9.505606696868272865e-01,-3.566274359173491476e-02
1.900000000000000133e+00,5.235987755982988157e-01,5.234642222388381505e-01,1.112086718811227531e-03,5.237675287782227462e-01,4.241865536244402227e-03,1.687531799239305741e-04,4.241865536244402227e-03,-6.158426392576408712e-04,-6.158426392576408712e-04,0.000000000000000000e+00,9.505606696868273975e-01,3.566274359173497027e-02,9.505606696868273975e-01,-3.566274359173497027e-02,9.505606696868272865e-01,3.566274359173491476e-02,9.505606696868272865e-01,-3.566274359173491476e-02
1.910000000000000142e+00,5.235987755982988157e-01,5.234725985403756443e-01,8.376301537449100474e-04,5.239481125553921981e-01,5.623516754314480080e-03,3.493369570933824164e-04,5.623516754314480080e-03,-9.105696358417350198e-04,-9.105696358417350198e-04,0.000000000000000000e+00,9.505606696868273975e-01,3.566274359173497027e-02,9.505606696868273975e-01,-3.566274359173497027e-02,9.505606696868272865e-01,3.566274359173491476e-02,9.505606696868272865e-01,-3.566274359173491476e-02
1.919999999999999929e+00,5.235987755982988157e-01,5.234771687987724853e-01,4.570258396802948683e-04,5.237055134353935104e-01,2.635173878896156143e-03,1.067378370946947541e-04,2.635173878896156143e-03,-3.840061969499235965e-04,-3.840061969499235965e-04,0.000000000000000000e+00,9.505606696868273975e-01,3.566274359173497027e-02,9.505606696868273975e-01,-3.566274359173497027e-02,9.505606696868272865e-01,3.566274359173491476e-02,9.505606696868272865e-01,-3.566274359173491476e-02
1.929999999999999938e+00,5.235987755982988157e-01,5.234801015488208531e-01,2.932750048359763053e-04,5.236954057961777931e-01,2.270580098849367401e-03,9.663019787897741963e-05,2.270580098849367401e-03,-3.343687109378599412e-04,-3.343687109378599412e-04,0.000000000000000000e+00,9.505606696868273975e-01,3.566274359173497027e-02,9.505606696868273975e-01,-3.566274359173497027e-02,9.505606696868272865e-01,3.566274359173491476e-02,9.505606696868272865e-01,-3.566274359173491476e-02
1.939999999999999947e+00,5.235987755982988157e-01,5.234816411586428186e-01,1.539609821969640027e-04,5.233278213306307158e-01,-1.632322566506340823e-03,-2.709542676680998241e-04,-1.632322566506340823e-03,3.913690497910483727e-04,3.913690497910483727e-04,0.000000000000000000e+00,9.505606696868273975e-01,3.566274359173497027e-02,9.505606696868273975e-01,-3.566274359173497027e-02,9.505606696868272865e-01,3.566274359173491476e-02,9.505606696868272865e-01,-3.566274359173491476e-02
1.949999999999999956e+00,5.235987755982988157e-01,5.234846560652786085e-01,3.014906635757043287e-04,5.234755793274443736e-01,8.489658280870331086e-06,-1.231962708544420693e-04,8.489658280870331086e-06,9.134192420163588075e-05,9.134192420163588075e-05,0.000000000000000000e+00,9.505606696868273975e-01,3.566274359173497027e-02,9.505606696868273975e-01,-3.566274359173497027e-02,9.505606696868272865e-01,3.566274359173491476e-02,9.505606696868272865e-01,-3.566274359173491476e-02
1.959999999999999964e+00,5.235987755982988157e-01,5.234879323328324174e-01,3.276267553816724926e-04,5.237761073611015838e-01,3.012921029024884928e-03,1.773317628027681891e-04,3.012921029024884928e-03,-4.804886631514335583e-04,-4.804886631514335583e-04,0.000000000000000000e+00,9.505606696868273975e-01,3.566274359173497027e-02,9.505606696868273975e-01,-3.566274359173497027e-02,9.505606696868272865e-01,3.566274359173491476e-02,9.505606696868272865e-01,-3.566274359173491476e-02
1.969999999999999973e+00,5.235987755982988157e-01,5.234892359605737289e-01,1.303627741363529993e-04,5.236442209800172831e-01,1.392765115279389352e-03,4.544538171846745911e-05,1.392765115279389352e-03,-1.947385867158890529e-04,-1.947385867158890529e-04,0.000000000000000000e+00,9.505606696868273975e-01,3.566274359173497027e-02,9.505606696868273975e-01,-3.566274359173497027e-02,9.505606696868272865e-01,3.566274359173491476e-02,9.505606696868272865e-01,-3.566274359173491476e-02
1.979999999999999982e+00,5.235987755982988157e-01,5.234897408482628300e-01,5.048876890496473157e-05,5.242657670325580055e-01,7.468949129158672373e-03,6.669914342591898304e-04,7.468949129158672373e-03,-1.361521455123123519e-03,-1.361521455123123519e-03,0.000000000000000000e+00,9.505606696868273975e-01,3.566274359173497027e-02,9.505606696868273975e-01,-3.566274359173497027e-02,9.505606696868272865e-01,3.566274359173491476e-02,9.505606696868272865e-01,-3.566274359173491476e-02
1.989999999999999991e+00,5.235987755982988157e-01,5.234849302760862244e-01,-4.810572176617675826e-04,5.233533173542136430e-01,-2.402442567200817856e-03,-2.454582440851726943e-04,-2.402442567200817856e-03,4.611110348274195369e-04,4.611110348274195369e-04,0.000000000000000000e+00,9.505606696868273975e-01,3.566274359173497027e-02,9.505606696868273975e-01,-3.566274359173497027e-02,9.505606696868272865e-01,3.566274359173491476e-02,9.505606696868272865e-01,-3.566274359173491476e-02
2.000000000000000000e+00,5.235987755982988157e-01,5.234820648482190197e-01,-2.865427867238759139e-04,5.246661543884842960e-01,1.096617203222579121e-02,1.067378790185480320e-03,1.096617203222579121e-02,-2.065038147479949637e-03,-2.065038147479949637e-03,0.000000000000000000e+00,9.505606696868273975e-01,3.566274359173497027e-02,9.505606696868273975e-01,-3.566274359173497027e-02,9.505606696868272865e-01,3.566274359173491476e-02,9.505606696868272865e-01,-3.566274359173491476e-02
2.010000000000000231e+00,5.235987755982988157e-01,5.234712508279364407e-01,-1.081402028254183469e-03,5.233964259377259509e-01,-2.827729678580234718e-03,-2.023496605728647424e-04,-2.827729678580234718e-03,4.778712656618776342e-04,4.778712656618776342e-04,0.000000000000000000e+00,9.505606696868273975e-01,3.566274359173497027e-02,9.505606696868273975e-01,-3.566274359173497027e-02,9.505606696868272865e-01,3.566274359173491476e-02,9.505606696868272865e-01,-3.566274359173491476e-02
2.020000000000000018e+00,5.235987755982988157e-01,5.234626347374345956e-01,-8.616090501830315010e-04,5.232198345379260873e-01,-4.310870708720847266e-03,-3.789410603727283444e-04,-4.310870708720847266e-03,7.813152589009223848e-04,7.813152589009223848e-04,0.000000000000000000e+00,9.505606696868273975e-01,3.566274359173497027e-02,9.505606696868273975e-01,-3.566274359173497027e-02,9.505606696868272865e-01,3.566274359173491476e-02,9.505606696868272865e-01,-3.566274359173491476e-02
2.030000000000000249e+00,5.235987755982988157e-01,5.234573290617009489e-01,-5.305675733621468410e-04,5.234369249309415162e-01,-1.708879707694474157e-03,-1.618506673572994714e-04,-1.708879707694474157e-03,3.184408609477163516e-04,3.184408609477163516e-04,0.000000000000000000e+00,9.505606696868273975e-01,3.566274359173497027e-02,9.505606696868273975e-01,-3.566274359173497027e-02,9.505606696868272865e-01,3.566274359173491476e-02,9.505606696868272865e-01,-3.566274359173491476e-02
2.040000000000000036e+00,5.235987755982988157e-01,5.234534286572443129e-01,-3.900404456644511160e-04,5.237664177925104303e-01,1.756936878764113518e-03,1.676421942116146369e-04,1.756936878764113518e-03,-3.283252698393132997e-04,-3.283252698393132997e-04,0.000000000000000000e+00,9.505606696868273975e-01,3.566274359173497027e-02,9.505606696868273975e-01,-3.566274359173497027e-02,9.505606696868272865e-01,3.566274359173491476e-02,9.505606696868272865e-01,-3.566274359173491476e-02
2.049999999999999822e+00,5.235987755982988157e-01,5.234483721030916969e-01,-5.056554152609656246e-04,5.232068461873190524e-01,-4.014472861026076658e-03,-3.919294109797633041e-04,-4.014472861026076658e-03,7.568532749700675882e-04,7.568532749700675882e-04,0.000000000000000000e+00,9.505606696868273975e-01,3.566274359173497027e-02,9.505606696868273975e-01,-3.566274359173497027e-02,9.505606696868272865e-01,3.566274359173491476e-02,9.505606696868272865e-01,-3.566274359173491476e-02
2.060000000000000053e+00,5.235987755982988157e-01,5.234464195467500858e-01,-1.952556341610041726e-04,5.246075967845093002e-01,1.039448039697900630e-02,1.008821186210484555e-03,1.039448039697900630e-02,-1.955200248204246039e-03,-1.955200248204246039e-03,0.000000000000000000e+00,9.505606696868273975e-01,3.566274359173497027e-02,9.505606696868273975e-01,-3.566274359173497027e-02,9.505606696868272865e-01,3.566274359173491476e-02,9.505606696868272865e-01,-3.566274359173491476e-02
2.069999999999999840e+00,5.235987755982988157e-01,5.234369174212400999e-01,-9.502125509996091953e-04,5.238552275233910871e-01,1.831339746098977275e-03,2.564519250922714377e-04,1.831339746098977275e-03,-4.034617190532003694e-04,-4.034617190532003694e-04,0.000000000000000000e+00,9.505606696868273975e-01,3.566274359173497027e-02,9.505606696868273975e-01,-3.566274359173497027e-02,9.505606696868272865e-01,3.566274359173491476e-02,9.505606696868272865e-01,-3.566274359173491476e-02
2.080000000000000071e+00,5.235987755982988157e-01,5.234261416761558650e-01,-1.077574508426693304e-03,5.241045213338044739e-01,4.141143875622947321e-03,5.057457355056582671e-04,4.141143875622947321e-03,-8.567594235259876241e-04,-8.567594235259876241e-04,0.000000000000000000e+00,9.505606696868273975e-01,3.566274359173497027e-02,9.505606696868273975e-01,-3.566274359173497027e-02,9.505606696868272865e-01,3.566274359173491476e-02,9.505606696868272865e-01,-3.566274359173491476e-02
2.089999999999999858e+00,5.235987755982988157e-01,5.234123676494970567e-01,-1.377402665886303789e-03,5.237248521535589063e-01,-6.966231439502245174e-05,1.260765552600906503e-04,-6.966231439502245174e-05,-8.644290984145397828e-05,-8.644290984145397828e-05,0.000000000000000000e+00,9.505606696868273975e-01,3.566274359173497027e-02,9.505606696868273975e-01,-3.566274359173497027e-02,9.505606696868272865e-01,3.566274359173491476e-02,9.505606696868272865e-01,-3.566274359173491476e-02
2.100000000000000089e+00,5.235987755982988157e-01,5.233986874442978499e-01,-1.368020519920626473e-03,5.232765838520823110e-01,-4.545379097721472840e-03,-3.221917462165047041e-04,-4.545379097721472840e-03,7.658433048114840968e-04,7.658433048114840968e-04,0.000000000000000000e+00,9.505606696868273975e-01,3.566274359173497027e-02,9.505606696868273975e-01,-3.566274359173497027e-02,9.505606696868272865e-01,3.566274359173491476e-02,9.505606696868272865e-01,-3.566274359173491476e-02
2.109999999999999876e+00,5.235987755982988157e-01,5.233884156317701875e-01,-1.027181252765030969e-03,5.225839995477509214e-01,-1.101668423126321919e-02,-1.014776050547894215e-03,-1.101668423126321919e-02,2.031446035523156585e-03,2.031446035523156585e-03,0.000000000000000000e+00,9.505606696868273975e-01,3.566274359173497027e-02,9.505606696868273975e-01,-3.566274359173497027e-02,9.505606696868272865e-01,3.566274359173491476e-02,9.505606696868272865e-01,-3.566274359173491476e-02
2.120000000000000107e+00,5.235987755982988157e-01,5.233863720603942893e-01,-2.043571375920416643e-04,5.239106847118846222e-01,3.351835833200107057e-03,3.119091135858065300e-04,3.351835833200107057e-03,-6.204392482000198631e-04,-6.204392482000198631e-04,0.000000000000000000e+00,9.505606696868273975e-01,3.566274359173497027e-02,9.505606696868273975e-01,-3.566274359173497027e-02,9.505606696868272865e-01,3.566274359173491476e-02,9.505606696868272865e-01,-3.566274359173491476e-02
2.129999999999999893e+00,5.235987755982988157e-01,5.233819772860203168e-01,-4.394774373936404790e-04,5.239828015511071024e-01,3.737820642104898970e-03,3.840259528082867746e-04,3.737820642104898970e-03,-7.190133361623036231e-04,-7.190133361623036231e-04,0.000000000000000000e+00,9.505606696868273975e-01,3.566274359173497027e-02,9.505606696868273975e-01,-3.566274359173497027e-02,9.505606696868272865e-01,3.566274359173491476e-02,9.505606696868272865e-01,-3.566274359173491476e-02
2.140000000000000124e+00,5.235987755982988157e-01,5.233749210627294257e-01,-7.056223290930955898e-04,5.230900986831231725e-01,-5.562990101944888591e-03,-5.086769151756431739e-04,-5.562990101944888591e-03,1.022993599105953035e-03,1.022993599105953035e-03,0.000000000000000000e+00,9.505606696868273975e-01,3.566274359173497027e-02,9.505606696868273975e-01,-3.566274359173497027e-02,9.505606696868272865e-01,3.566274359173491476e-02,9.505606696868272865e-01,-3.566274359173491476e-02
2.149999999999999911e+00,5.235987755982988157e-01,5.233720672509445393e-01,-2.853811784886029369e-04,5.234427639851759739e-01,-1.480038071222385988e-03,-1.560116131228417302e-04,-1.480038071222385988e-03,2.876638342359672126e-04,2.876638342359672126e-04,0.000000000000000000e+00,9.505606696868273975e-01,3.566274359173497027e-02,9.505606696868273975e-01,-3.566274359173497027e-02,9.505606696868272865e-01,3.566274359173491476e-02,9.505606696868272865e-01,-3.566274359173491476e-02
2.160000000000000142e+00,5.235987755982988157e-01,5.233704223158363034e-01,-1.644935108288647077e-04,5.238638099387461500e-01,2.878425271601612288e-03,2.650343404473343156e-04,2.878425271601612288e-03,-5.306949127258236976e-04,-5.306949127258236976e-04,0.000000000000000000e+00,9.505606696868273975e-01,3.566274359173497027e-02,9.505606696868273975e-01,-3.566274359173497027e-02,9.505606696868272865e-01,3.566274359173491476e-02,9.505606696868272865e-01,-3.566274359173491476e-02
2.169999999999999929e+00,5.235987755982988157e-01,5.233667630519189817e-01,-3.659263917375362146e-04,5.231126985049773248e-01,-4.920531593246798598e-03,-4.860770933214908496e-04,-4.920531593246798598e-03,9.319375689037551376e-04,9.319375689037551376e-04,0.000000000000000000e+00,9.505606696868273975e-01,3.566274359173497027e-02,9.505606696868273975e-01,-3.566274359173497027e-02,9.505606696868272865e-01,3.566274359173491476e-02,9.505606696868272865e-01,-3.566274359173491476e-02
2.180000000000000160e+00,5.235987755982988157e-01,5.233668456458147045e-01,8.259389569803760392e-06,5.238782403903506912e-01,3.226940419811543358e-03,2.794647920518755768e-04,3.226940419811543358e-03,-5.817168645159361863e-04,-5.817168645159361863e-04,0.000000000000000000e+00,9.505606696868273975e-01,3.566274359173497027e-02,9.505606696868273975e-01,-3.566274359173497027e-02,9.505606696868272865e-01,3.566274359173491476e-02,9.505606696868272865e-01,-3.566274359173491476e-02
2.189999999999999947e+00,5.235987755982988157e-01,5.233646613415517956e-01,-2.184304262946135762e-04,5.237278144883824593e-01,1.399987358148070335e-03,1.290388900836436648e-04,1.399987358148070335e-03,-2.582154891671416957e-04,-2.582154891671416957e-04,0.000000000000000000e+00,9.505606696868273975e-01,3.566274359173497027e-02,9.505606696868273975e-01,-3.566274359173497027e-02,9.505606696868272865e-01,3.566274359173491476e-02,9.505606696868272865e-01,-3.566274359173491476e-02
2.200000000000000178e+00,5.235987755982988157e-01,5.233615401774317499e-01,-3.121164120030107871e-04,5.232815299038335866e-01,-3.202857223155463652e-03,-3.172456944652291000e-04,-3.202857223155463652e-03,6.072508210030667887e-04,6.072508210030667887e-04,0.000000000000000000e+00,9.505606696868273975e-01,3.566274359173497027e-02,9.505606696868273975e-01,-3.566274359173497027e-02,9.505606696868272865e-01,3.566274359173491476e-02,9.505606696868272865e-01,-3.566274359173491476e-02
2.209999999999999964e+00,5.235987755982988157e-01,5.233608802261595638e-01,-6.599512722134257209e-05,5.238307046513407395e-01,2.609175974231610785e-03,2.319290530419237939e-04,2.609175974231610785e-03,-4.748231855242365752e-04,-4.748231855242365752e-04,0.000000000000000000e+00,9.505606696868273975e-01,3.566274359173497027e-02,9.505606696868273975e-01,-3.566274359173497027e-02,9.505606696868272865e-01,3.566274359173491476e-02,9.505606696868272865e-01,-3.566274359173491476e-02
2.220000000000000195e+00,5.235987755982988157e-01,5.233583926546114817e-01,-2.487571548107462573e-04,5.232529281074004279e-01,-3.429507062594664736e-03,-3.458474908983877327e-04,-3.429507062594664736e-03,6.548330266693408452e-04,6.548330266693408452e-04,0.000000000000000000e+00,9.505606696868273975e-01,3.566274359173497027e-02,9.505606696868273975e-01,-3.566274359173497027e-02,9.505606696868272865e-01,3.566274359173491476e-02,9.505606696868272865e-01,-3.566274359173491476e-02
2.229999999999999982e+00,5.235987755982988157e-01,5.233585317150986072e-01,1.390604871232713939e-05,5.226354890018944932e-01,-9.260947411394543707e-03,-9.632865964043224594e-04,-9.260947411394543707e-03,1.790302274540659213e-03,1.790302274540659213e-03,0.000000000000000000e+00,9.505606696868273975e-01,3.566274359173497027e-02,9.505606696868273975e-01,-3.566274359173497027e-02,9.505606696868272865e-01,3.566274359173491476e-02,9.505606696868272865e-01,-3.566274359173491476e-02
2.240000000000000213e+00,5.235987755982988157e-01,5.233656351369350146e-01,7.103421836368343460e-04,5.227594355543997429e-01,-7.095387145202592880e-03,-8.393400438990727963e-04,-7.095387145202592880e-03,1.447579190565346542e-03,1.447579190565346542e-03,0.000000000000000000e+00,9.505606696868273975e-01,3.566274359173497027e-02,9.505606696868273975e-01,-3.566274359173497027e-02,9.505606696868272865e-01,3.566274359173491476e-02,9.505606696868272865e-01,-3.566274359173491476e-02
2.250000000000000000e+00,5.235987755982988157e-01,5.233781513138566766e-01,1.251617692162600680e-03,5.241374716531047584e-01,7.394512556367817922e-03,5.386960548059427367e-04,7.394512556367817922e-03,-1.256791185778465469e-03,-1.256791185778465469e-03,0.000000000000000000e+00,9.505606696868273975e-01,3.566274359173497027e-02,9.505606696868273975e-01,-3.566274359173497027e-02,9.505606696868272865e-01,3.566274359173491476e-02,9.505606696868272865e-01,-3.566274359173491476e-02
2.260000000000000231e+00,5.235987755982988157e-01,5.233853844601488170e-01,7.233146292141450547e-04,5.232325961551713700e-01,-2.393693678602846348e-03,-3.661794431274456585e-04,-2.393693678602846348e-03,5.505682714131425893e-04,5.505682714131425893e-04,0.000000000000000000e+00,9.505606696868273975e-01,3.566274359173497027e-02,9.505606696868273975e-01,-3.566274359173497027e-02,9.505606696868272865e-01,3.566274359173491476e-02,9.505606696868272865e-01,-3.566274359173491476e-02
2.270000000000000018e+00,5.235987755982988157e-01,5.233945347170153584e-01,9.150256866500566669e-04,5.238489752037429614e-01,4.009466174973350637e-03,2.501996054441457673e-04,4.009466174973350637e-03,-6.500655422204891206e-04,-6.500655422204891206e-04,0.000000000000000000e+00,9.505606696868273975e-01,3.566274359173497027e-02,9.505606696868273975e-01,-3.566274359173497027e-02,9.505606696868272865e-01,3.566274359173491476e-02,9.505606696868272865e-01,-3.566274359173491476e-02
2.280000000000000249e+00,5.235987755982988157e-01,5.234008687579945196e-01,6.334040979156703183e-04,5.247697653252716421e-01,1.281642077276282099e-02,1.170989726972826439e-03,1.281642077276282099e-02,-2.356144724584721337e-03,-2.356144724584721337e-03,0.000000000000000000e+00,9.505606696868273975e-01,3.566274359173497027e-02,9.505606696868273975e-01,-3.566274359173497027e-02,9.505606696868272865e-01,3.566274359173491476e-02,9.505606696868272865e-01,-3.566274359173491476e-02
2.290000000000000036e+00,5.235987755982988157e-01,5.233978336918400087e-01,-3.035066154468589938e-04,5.233797566581888105e-01,-2.365307975341773145e-03,-2.190189401100051114e-04,-2.365307975341773145e-03,4.370136343529900974e-04,4.370136343529900974e-04,0.000000000000000000e+00,9.505606696868273975e-01,3.566274359173497027e-02,9.505606696868273975e-01,-3.566274359173497027e-02,9.505606696868272865e-01,3.566274359173491476e-02,9.505606696868272865e-01,-3.566274359173491476e-02
2.300000000000000266e+00,5.235987755982988157e-01,5.233965945049752211e-01,-1.239186864810470988e-04,5.236227179405994470e-01,3.008356462987677067e-04,2.394234230063130298e-05,3.008356462987677067e-04,-5.264925771867595282e-05,-5.264925771867595282e-05,0.000000000000000000e+00,9.505606696868273975e-01,3.566274359173497027e-02,9.505606696868273975e-01,-3.566274359173497027e-02,9.505606696868272865e-01,3.566274359173491476e-02,9.505606696868272865e-01,-3.566274359173491476e-02
2.310000000000000053e+00,5.235987755982988157e-01,5.233951890942164509e-01,-1.405410758755207864e-04,5.243078848772997347e-01,7.122421448671766714e-03,7.091092790009190239e-04,7.122421448671766714e-03,-1.353105211050740966e-03,-1.353105211050740966e-03,0.000000000000000000e+00,9.505606696868273975e-01,3.566274359173497027e-02,9.505606696868273975e-01,-3.566274359173497027e-02,9.505606696868272865e-01,3.566274359173491476e-02,9.505606696868272865e-01,-3.566274359173491476e-02
2.319999999999999840e+00,5.235987755982988157e-01,5.233885606610062524e-01,-6.628433210251863427e-04,5.237480927977316014e-01,8.122585081232584769e-04,1.493171994327857632e-04,8.122585081232584769e-04,-2.056057940622567381e-04,-2.056057940622567381e-04,0.000000000000000000e+00,9.505606696868273975e-01,3.566274359173497027e-02,9.505606696868273975e-01,-3.566274359173497027e-02,9.505606696868272865e-01,3.566274359173491476e-02,9.505606696868272865e-01,-3.566274359173491476e-02
2.330000000000000071e+00,5.235987755982988157e-01,5.233813389836613483e-01,-7.221677344864283962e-04,5.237930894832498740e-01,1.180999512493658907e-03,1.943138849510583910e-04,1.180999512493658907e-03,-2.818670522269473119e-04,-2.818670522269473119e-04,0.000000000000000000e+00,9.505606696868273975e-01,3.566274359173497027e-02,9.505606696868273975e-01,-3.566274359173497027e-02,9.505606696868272865e-01,3.566274359173491476e-02,9.505606696868272865e-01,-3.566274359173491476e-02
2.339999999999999858e+00,5.235987755982988157e-01,5.233732457500416269e-01,-8.093233619767439650e-04,5.235996289429800665e-01,-8.717058414537818319e-04,8.533446812508671542e-07,-8.717058414537818319e-04,9.992872673336479375e-05,9.992872673336479375e-05,0.000000000000000000e+00,9.505606696868273975e-01,3.566274359173497027e-02,9.505606696868273975e-01,-3.566274359173497027e-02,9.505606696868272865e-01,3.566274359173491476e-02,9.505606696868272865e-01,-3.566274359173491476e-02
2.350000000000000089e+00,5.235987755982988157e-01,5.233657943176712735e-01,-7.451432370300583186e-04,5.224664989276603944e-01,-1.211583541050512310e-02,-1.132276670638421301e-03,-1.211583541050512310e-02,2.246307624590061433e-03,2.246307624590061433e-03,0.000000000000000000e+00,9.505606696868273975e-01,3.566274359173497027e-02,9.505606696868273975e-01,-3.566274359173497027e-02,9.505606696868272865e-01,3.566274359173491476e-02,9.505606696868272865e-01,-3.566274359173491476e-02
2.359999999999999876e+00,5.235987755982988157e-01,5.233673193614648556e-01,1.525043793605215412e-04,5.229284608694990677e-01,-6.284632451067878427e-03,-6.703147287997479609e-04,-6.284632451067878427e-03,1.227377934997231964e-03,1.227377934997231964e-03,0.000000000000000000e+00,9.505606696868273975e-01,3.566274359173497027e-02,9.505606696868273975e-01,-3.566274359173497027e-02,9.505606696868272865e-01,3.566274359173491476e-02,9.505606696868272865e-01,-3.566274359173491476e-02
2.370000000000000107e+00,5.235987755982988157e-01,5.233735743002045915e-01,6.254938739705714467e-04,5.233936039483789715e-01,-1.004738417162053844e-03,-2.051716499198441568e-04,-1.004738417162053844e-03,2.696685497045518774e-04,2.696685497045518774e-04,0.000000000000000000e+00,9.505606696868273975e-01,3.566274359173497027e-02,9.505606696868273975e-01,-3.566274359173497027e-02,9.505606696868272865e-01,3.566274359173491476e-02,9.505606696868272865e-01,-3.566274359173491476e-02
2.379999999999999893e+00,5.235987755982988157e-01,5.233806835136123325e-01,7.109213407721626504e-04,5.232744037651092528e-01,-2.096266408143035269e-03,-3.243718331895628637e-04,-2.096266408143035269e-03,4.849242820930609000e-04,4.849242820930609000e-04,0.000000000000000000e+00,9.505606696868273975e-01,3.566274359173497027e-02,9.505606696868273975e-01,-3.566274359173497027e-02,9.505606696868272865e-01,3.566274359173491476e-02,9.505606696868272865e-01,-3.566274359173491476e-02
2.390000000000000124e+00,5.235987755982988157e-01,5.233894581916960220e-01,8.774678083699258410e-04,5.231399822668080235e-01,-3.230854750341024574e-03,-4.587933314907921556e-04,-3.230854750341024574e-03,7.165544798417442440e-04,7.165544798417442440e-04,0.000000000000000000e+00,9.505606696868273975e-01,3.566274359173497027e-02,9.505606696868273975e-01,-3.566274359173497027e-02,9.505606696868272865e-01,3.566274359173491476e-02,9.505606696868272865e-01,-3.566274359173491476e-02
2.399999999999999911e+00,5.235987755982988157e-01,5.234007479202104074e-01,1.128972851438362962e-03,5.234689980613383975e-01,3.823886699968167061e-04,-1.297775369604181606e-04,3.823886699968167061e-04,5.313730522639237486e-05,5.313730522639237486e-05,0.000000000000000000e+00,9.505606696868273975e-01,3.566274359173497027e-02,9.505606696868273975e-01,-3.566274359173497027e-02,9.505606696868272865e-01,3.566274359173491476e-02,9.505606696868272865e-01,-3.566274359173491476e-02
2.410000000000000142e+00,5.235987755982988157e-01,5.234118917951093852e-01,1.114387489900876046e-03,5.232255136124892569e-01,-2.090694685494270001e-03,-3.732619858095587162e-04,-2.090694685494270001e-03,5.209189963685048348e-04,5.209189963685048348e-04,0.000000000000000000e+00,9.505606696868273975e-01,3.566274359173497027e-02,9.505606696868273975e-01,-3.566274359173497027e-02,9.505606696868272865e-01,3.566274359173491476e-02,9.505606696868272865e-01,-3.566274359173491476e-02
2.419999999999999929e+00,5.235987755982988157e-01,5.234247152010415016e-01,1.282340593211631812e-03,5.238754143968118449e-01,4.617382626281034581e-03,2.766387985130291938e-04,4.617382626281034581e-03,-7.400136399310511606e-04,-7.400136399310511606e-04,0.000000000000000000e+00,9.505606696868273975e-01,3.566274359173497027e-02,9.505606696868273975e-01,-3.566274359173497027e-02,9.505606696868272865e-01,3.566274359173491476e-02,9.505606696868272865e-01,-3.566274359173491476e-02
2.430000000000000160e+00,5.235987755982988157e-01,5.234342575218727811e-01,9.542320831260607842e-04,5.235737876499890753e-01,1.139376895425236666e-03,-2.498794830974038206e-05,1.139376895425236666e-03,-1.127236878825249464e-04,-1.127236878825249464e-04,0.000000000000000000e+00,9.505606696868273975e-01,3.566274359173497027e-02,9.505606696868273975e-01,-3.566274359173497027e-02,9.505606696868272865e-01,3.566274359173491476e-02,9.505606696868272865e-01,-3.566274359173491476e-02
2.439999999999999947e+00,5.235987755982988157e-01,5.234430629681577907e-01,8.805446285014224871e-04,5.232193595872897118e-01,-2.518841421110920402e-03,-3.794160110091038263e-04,-2.518841421110920402e-03,5.749257740091036654e-04,5.749257740091036654e-04,0.000000000000000000e+00,9.505606696868273975e-01,3.566274359173497027e-02,9.505606696868273975e-01,-3.566274359173497027e-02,9.505606696868272865e-01,3.566274359173491476e-02,9.505606696868272865e-01,-3.566274359173491476e-02
2.450000000000000178e+00,5.235987755982988157e-01,5.234538312175838204e-01,1.076824942608319621e-03,5.241067466986061296e-01,6.606913834164347687e-03,5.079711003073139608e-04,6.606913834164347687e-03,-1.142901563057407543e-03,-1.142901563057407543e-03,0.000000000000000000e+00,9.505606696868273975e-01,3.566274359173497027e-02,9.505606696868273975e-01,-3.566274359173497027e-02,9.505606696868272865e-01,3.566274359173491476e-02,9.505606696868272865e-01,-3.566274359173491476e-02
2.459999999999999964e+00,5.235987755982988157e-01,5.234598143537682047e-01,5.983136184367068497e-04,5.235033380113058854e-01,-8.786442225452734817e-05,-9.543758699293025671e-05,-8.786442225452734817e-05,8.165631358593202079e-05,8.165631358593202079e-05,0.000000000000000000e+00,9.505606696868273975e-01,3.566274359173497027e-02,9.505606696868273975e-01,-3.566274359173497027e-02,9.505606696868272865e-01,3.566274359173491476e-02,9.505606696868272865e-01,-3.566274359173491476e-02
2.470000000000000195e+00,5.235987755982988157e-01,5.234659284228910803e-01,6.114069122916800190e-04,5.244510607740671126e-01,9.398149647583196875e-03,8.522851757682969875e-04,9.398149647583196875e-03,-1.722948478947479954e-03,-1.722948478947479954e-03,0.000000000000000000e+00,9.505606696868273975e-01,3.566274359173497027e-02,9.505606696868273975e-01,-3.566274359173497027e-02,9.505606696868272865e-01,3.566274359173491476e-02,9.505606696868272865e-01,-3.566274359173491476e-02
2.479999999999999982e+00,5.235987755982988157e-01,5.234651449568707982e-01,-7.834660203156400358e-05,5.239743138608999873e-01,3.690865551153625114e-03,3.755382626011716241e-04,3.690865551153625114e-03,-7.072356107044657988e-04,-7.072356107044657988e-04,0.000000000000000000e+00,9.505606696868273975e-01,3.566274359173497027e-02,9.505606696868273975e-01,-3.566274359173497027e-02,9.505606696868272865e-01,3.566274359173491476e-02,9.505606696868272865e-01,-3.566274359173491476e-02
2.490000000000000213e+00,5.235987755982988157e-01,5.234616330697646758e-01,-3.511887106102732064e-04,5.222859763214092732e-01,-1.356159639886887411e-02,-1.312799276889542455e-03,-1.356159639886887411e-02,2.548385088583092050e-03,2.548385088583092050e-03,0.000000000000000000e+00,9.505606696868273975e-01,3.566274359173497027e-02,9.505606696868273975e-01,-3.566274359173497027e-02,9.505606696868272865e-01,3.566274359173491476e-02,9.505606696868272865e-01,-3.566274359173491476e-02
2.500000000000000000e+00,5.235987755982988157e-01,5.234681504168567923e-01,6.517347092127518445e-04,5.239926075755509949e-01,4.860875782435226597e-03,3.938319772521792217e-04,4.860875782435226597e-03,-8.559280549767400064e-04,-8.559280549767400064e-04,0.000000000000000000e+00,9.505606696868273975e-01,3.566274359173497027e-02,9.505606696868273975e-01,-3.566274359173497027e-02,9.505606696868272865e-01,3.566274359173491476e-02,9.505606696868272865e-01,-3.566274359173491476e-02
2.510000000000000231e+00,5.235987755982988157e-01,5.234711324851795133e-01,2.982068322717586965e-04,5.229264915126264901e-01,-6.286372425053341623e-03,-6.722840856723255598e-04,-6.286372425053341623e-03,1.229054480254371685e-03,1.229054480254371685e-03,0.000000000000000000e+00,9.505606696868273975e-01,3.566274359173497027e-02,9.505606696868273975e-01,-3.566274359173497027e-02,9.505606696868272865e-01,3.566274359173491476e-02,9.505606696868272865e-01,-3.566274359173491476e-02
2.520000000000000018e+00,5.235987755982988157e-01,5.234788054571577476e-01,7.672971978205342684e-04,5.233422603735889966e-01,-1.500046572922943133e-03,-2.565152247098190230e-04,-1.500046572922943133e-03,3.652880487599981718e-04,3.652880487599981718e-04,0.000000000000000000e+00,9.505606696868273975e-01,3.566274359173497027e-02,9.505606696868273975e-01,-3.566274359173497027e-02,9.505606696868272865e-01,3.566274359173491476e-02,9.505606696868272865e-01,-3.566274359173491476e-02
2.530000000000000249e+00,5.235987755982988157e-01,5.234876606011270583e-01,8.855143969340292711e-04,5.225087835519456325e-01,-9.684810132064288618e-03,-1.089992046353183142e-03,-9.684810132064288618e-03,1.934154172497862343e-03,1.934154172497862343e-03,0.000000000000000000e+00,9.505606696868273975e-01,3.566274359173497027e-02,9.505606696868273975e-01,-3.566274359173497027e-02,9.505606696868272865e-01,3.566274359173491476e-02,9.505606696868272865e-01,-3.566274359173491476e-02
2.540000000000000036e+00,5.235987755982988157e-01,5.235037677572857984e-01,1.610715615879140849e-03,5.240609805395645138e-01,6.805640757330949642e-03,4.622049412656981104e-04,6.805640757330949642e-03,-1.131532127286602463e-03,-1.131532127286602463e-03,0.000000000000000000e+00,9.505606696868273975e-01,3.566274359173497027e-02,9.505606696868273975e-01,-3.566274359173497027e-02,9.505606696868272865e-01,3.566274359173491476e-02,9.505606696868272865e-01,-3.566274359173491476e-02
2.550000000000000266e+00,5.235987755982988157e-01,5.235149672688956812e-01,1.119951160992834188e-03,5.231748829236306797e-01,-2.735899477740484295e-03,-4.238926746681359603e-04,-2.735899477740484295e-03,6.332977599678761777e-04,6.332977599678761777e-04,0.000000000000000000e+00,9.505606696868273975e-01,3.566274359173497027e-02,9.505606696868273975e-01,-3.566274359173497027e-02,9.505606696868272865e-01,3.566274359173491476e-02,9.505606696868272865e-01,-3.566274359173491476e-02
2.560000000000000053e+00,5.235987755982988157e-01,5.235282820049053099e-01,1.331473600967017154e-03,5.233368449371853526e-01,-8.426893944197075964e-04,-2.619306611134630813e-04,-8.426893944197075964e-04,2.935073667126138685e-04,2.935073667126138685e-04,0.000000000000000000e+00,9.505606696868273975e-01,3.566274359173497027e-02,9.505606696868273975e-01,-3.566274359173497027e-02,9.505606696868272865e-01,3.566274359173491476e-02,9.505606696868272865e-01,-3.566274359173491476e-02
2.569999999999999840e+00,5.235987755982988157e-01,5.235423232606922772e-01,1.404125578701988014e-03,5.230274096613179990e-01,-3.852773213651271463e-03,-5.713659369808166133e-04,-3.852773213651271463e-03,8.726650227716017776e-04,8.726650227716017776e-04,0.000000000000000000e+00,9.505606696868273975e-01,3.566274359173497027e-02,9.505606696868273975e-01,-3.566274359173497027e-02,9.505606696868272865e-01,3.566274359173491476e-02,9.505606696868272865e-01,-3.566274359173491476e-02
2.580000000000000071e+00,5.235987755982988157e-01,5.235593226961878788e-01,1.699943549555808613e-03,5.235113205438166606e-01,1.371612932700470161e-03,-8.745505448215507016e-05,1.371612932700470161e-03,-9.270474936000193270e-05,-9.270474936000193270e-05,0.000000000000000000e+00,9.505606696868273975e-01,3.566274359173497027e-02,9.505606696868273975e-01,-3.566274359173497027e-02,9.505606696868272865e-01,3.566274359173491476e-02,9.505606696868272865e-01,-3.566274359173491476e-02
2.589999999999999858e+00,5.235987755982988157e-01,5.235754302213395661e-01,1.610752515163189251e-03,5.230741591724185069e-01,-3.137162074551112876e-03,-5.246164258803087677e-04,-3.137162074551112876e-03,7.550720130604626204e-04,7.550720130604626204e-04,0.000000000000000000e+00,9.505606696868273975e-01,3.566274359173497027e-02,9.505606696868273975e-01,-3.566274359173497027e-02,9.505606696868272865e-01,3.566274359173491476e-02,9.505606696868272865e-01,-3.566274359173491476e-02
2.600000000000000089e+00,5.235987755982988157e-01,5.235939736485271112e-01,1.854342718759450321e-03,5.246589659361389213e-01,1.302462177010813883e-02,1.060190337840105634e-03,1.302462177010813883e-02,-2.297133415186014289e-03,-2.297133415186014289e-03,0.000000000000000000e+00,9.505606696868273975e-01,3.566274359173497027e-02,9.505606696868273975e-01,-3.566274359173497027e-02,9.505606696868272865e-01,3.566274359173491476e-02,9.505606696868272865e-01,-3.566274359173491476e-02
2.609999999999999876e+00,5.235987755982988157e-01,5.236029962494250789e-01,9.022600897957470077e-04,5.247648090145398125e-01,1.278059037710623826e-02,1.166033416240996878e-03,1.278059037710623826e-02,-2.348296809843719579e-03,-2.348296809843719579e-03,0.000000000000000000e+00,9.505606696868273975e-01,3.566274359173497027e-02,9.505606696868273975e-01,-3.566274359173497027e-02,9.505606696868272865e-01,3.566274359173491476e-02,9.505606696868272865e-01,-3.566274359173491476e-02
2.620000000000000107e+00,5.235987755982988157e-01,5.236025963008384965e-01,-3.999485865639382763e-05,5.232918868647472577e-01,-3.226690158529931310e-03,-3.068887335515579906e-04,-3.226690158529931310e-03,6.022390676872020534e-04,6.022390676872020534e-04,0.000000000000000000e+00,9.505606696868273975e-01,3.566274359173497027e-02,9.505606696868273975e-01,-3.566274359173497027e-02,9.505606696868272865e-01,3.566274359173491476e-02,9.505606696868272865e-01,-3.566274359173491476e-02
2.629999999999999893e+00,5.235987755982988157e-01,5.236045530466656439e-01,1.956745827184235465e-04,5.233397450804725404e-01,-2.425438985424111047e-03,-2.590305178262752861e-04,-2.425438985424111047e-03,4.739349696623981929e-04,4.739349696623981929e-04,0.000000000000000000e+00,9.505606696868273975e-01,3.566274359173497027e-02,9.505606696868273975e-01,-3.566274359173497027e-02,9.505606696868272865e-01,3.566274359173491476e-02,9.505606696868272865e-01,-3.566274359173491476e-02
2.640000000000000124e+00,5.235987755982988157e-01,5.236082934437686909e-01,3.740397103048425601e-04,5.239856847192021494e-01,4.276501300414388071e-03,3.869091209033337364e-04,4.276501300414388071e-03,-7.833212204622965477e-04,-7.833212204622965477e-04,0.000000000000000000e+00,9.505606696868273975e-01,3.566274359173497027e-02,9.505606696868273975e-01,-3.566274359173497027e-02,9.505606696868272865e-01,3.566274359173491476e-02,9.505606696868272865e-01,-3.566274359173491476e-02
2.649999999999999911e+00,5.235987755982988157e-01,5.236088679337870255e-01,5.744900183862056272e-05,5.238723507950449054e-01,2.715511928800509907e-03,2.735751967460897660e-04,2.715511928800509907e-03,-5.183000775052342942e-04,-5.183000775052342942e-04,0.000000000000000000e+00,9.505606696868273975e-01,3.566274359173497027e-02,9.505606696868273975e-01,-3.566274359173497027e-02,9.505606696868272865e-01,3.566274359173491476e-02,9.505606696868272865e-01,-3.566274359173491476e-02
2.660000000000000142e+00,5.235987755982988157e-01,5.236074070071080611e-01,-1.460926678949771545e-04,5.226335544314811843e-01,-9.944002899716749416e-03,-9.652211668176313708e-04,-9.944002899716749416e-03,1.870555736970963513e-03,1.870555736970963513e-03,0.000000000000000000e+00,9.505606696868273975e-01,3.566274359173497027e-02,9.505606696868273975e-01,-3.566274359173497027e-02,9.505606696868272865e-01,3.566274359173491476e-02,9.505606696868272865e-01,-3.566274359173491476e-02
2.669999999999999929e+00,5.235987755982988157e-01,5.236132728096460909e-01,5.865802538033136095e-04,5.237910423973216600e-01,2.625277048659680965e-03,1.922667990228443813e-04,2.625277048659680965e-03,-4.469584804467968339e-04,-4.469584804467968339e-04,0.000000000000000000e+00,9.505606696868273975e-01,3.566274359173497027e-02,9.505606696868273975e-01,-3.566274359173497027e-02,9.505606696868272865e-01,3.566274359173491476e-02,9.505606696868272865e-01,-3.566274359173491476e-02
2.680000000000000160e+00,5.235987755982988157e-01,5.236172155911107406e-01,3.942781464658869127e-04,5.226929404216078545e-01,-8.618270413344340450e-03,-9.058351766909611413e-04,-8.618270413344340450e-03,1.673103791399404346e-03,1.673103791399404346e-03,0.000000000000000000e+00,9.505606696868273975e-01,3.566274359173497027e-02,9.505606696868273975e-01,-3.566274359173497027e-02,9.505606696868272865e-01,3.566274359173491476e-02,9.505606696868272865e-01,-3.566274359173491476e-02
2.689999999999999947e+00,5.235987755982988157e-01,5.236275477142420254e-01,1.033212313125479037e-03,5.243909153935141232e-01,9.223306347052775966e-03,7.921397952153075295e-04,9.223306347052775966e-03,-1.657704892532113400e-03,-1.657704892532113400e-03,0.000000000000000000e+00,9.505606696868273975e-01,3.566274359173497027e-02,9.505606696868273975e-01,-3.566274359173497027e-02,9.505606696868272865e-01,3.566274359173491476e-02,9.505606696868272865e-01,-3.566274359173491476e-02
2.700000000000000178e+00,5.235987755982988157e-01,5.236311044899187861e-01,3.556775676751488483e-04,5.241234123774840548e-01,5.625945552046814763e-03,5.246367791852390994e-04,5.625945552046814763e-03,-1.042216807903140544e-03,-1.042216807903140544e-03,0.000000000000000000e+00,9.505606696868273975e-01,3.566274359173497027e-02,9.505606696868273975e-01,-3.566274359173497027e-02,9.505606696868272865e-01,3.566274359173491476e-02,9.505606696868272865e-01,-3.566274359173491476e-02
2.709999999999999964e+00,5.235987755982988157e-01,5.236304933503952430e-01,-6.111395235631989983e-05,5.237716878305883617e-01,1.546105527885203307e-03,1.729122322895459973e-04,1.546105527885203307e-03,-3.079510607684603522e-04,-3.079510607684603522e-04,0.000000000000000000e+00,9.505606696868273975e-01,3.566274359173497027e-02,9.505606696868273975e-01,-3.566274359173497027e-02,9.505606696868272865e-01,3.566274359173491476e-02,9.505606696868272865e-01,-3.566274359173491476e-02
2.720000000000000195e+00,5.235987755982988157e-01,5.236287026111803300e-01,-1.790739214867408330e-04,5.238378219413067916e-01,2.052836082280981665e-03,2.390463430079758922e-04,2.052836082280981665e-03,-4.159721533191264049e-04,-4.159721533191264049e-04,0.000000000000000000e+00,9.505606696868273975e-01,3.566274359173497027e-02,9.505606696868273975e-01,-3.566274359173497027e-02,9.505606696868272865e-01,3.566274359173491476e-02,9.505606696868272865e-01,-3.566274359173491476e-02
2.729999999999999982e+00,5.235987755982988157e-01,5.236253486534434565e-01,-3.353957736826276717e-04,5.232168870622738721e-01,-4.361796316276309211e-03,-3.818885360249435479e-04,-4.361796316276309211e-03,7.893993099049873962e-04,7.893993099049873962e-04,0.000000000000000000e+00,9.505606696868273975e-01,3.566274359173497027e-02,9.505606696868273975e-01,-3.566274359173497027e-02,9.505606696868272865e-01,3.566274359173491476e-02,9.505606696868272865e-01,-3.566274359173491476e-02
2.740000000000000213e+00,5.235987755982988157e-01,5.236251721892977162e-01,-1.764641457329037006e-05,5.234254101316870855e-01,-1.840385990516545025e-03,-1.733654666117301346e-04,-1.840385990516545025e-03,3.422416780858425402e-04,3.422416780858425402e-04,0.000000000000000000e+00,9.505606696868273975e-01,3.566274359173497027e-02,9.505606696868273975e-01,-3.566274359173497027e-02,9.505606696868272865e-01,3.566274359173491476e-02,9.505606696868272865e-01,-3.566274359173491476e-02
2.750000000000000000e+00,5.235987755982988157e-01,5.236263334047950302e-01,1.161215497328181405e-04,5.233082387091205767e-01,-2.828061617129978399e-03,-2.905368891782389440e-04,-2.828061617129978399e-03,5.439957001756461118e-04,5.439957001756461118e-04,0.000000000000000000e+00,9.505606696868273975e-01,3.566274359173497027e-02,9.505606696868273975e-01,-3.566274359173497027e-02,9.505606696868272865e-01,3.566274359173491476e-02,9.505606696868272865e-01,-3.566274359173491476e-02
2.760000000000000231e+00,5.235987755982988157e-01,5.236295758333935346e-01,3.242428598457541443e-04,5.244895792731139039e-01,9.268150184516286971e-03,8.908036748150882644e-04,9.268150184516286971e-03,-1.736815679131469220e-03,-1.736815679131469220e-03,0.000000000000000000e+00,9.505606696868273975e-01,3.566274359173497027e-02,9.505606696868273975e-01,-3.566274359173497027e-02,9.505606696868272865e-01,3.566274359173491476e-02,9.505606696868272865e-01,-3.566274359173491476e-02
2.770000000000000018e+00,5.235987755982988157e-01,5.236259564586930315e-01,-3.619374700547193244e-04,5.232525847461575452e-01,-4.028610103498924885e-03,-3.461908521412704332e-04,-4.028610103498924885e-03,7.242085152864421527e-04,7.242085152864421527e-04,0.000000000000000000e+00,9.505606696868273975e-01,3.566274359173497027e-02,9.505606696868273975e-01,-3.566274359173497027e-02,9.505606696868272865e-01,3.566274359173491476e-02,9.505606696868272865e-01,-3.566274359173491476e-02
2.780000000000000249e+00,5.235987755982988157e-01,5.236252691156726424e-01,-6.873430203971624564e-05,5.234699071546077276e-01,-1.452525008647209334e-03,-1.288684436910880748e-04,-1.452525008647209334e-03,2.641489983168441961e-04,2.641489983168441961e-04,0.000000000000000000e+00,9.505606696868273975e-01,3.566274359173497027e-02,9.505606696868273975e-01,-3.566274359173497027e-02,9.505606696868272865e-01,3.566274359173491476e-02,9.505606696868272865e-01,-3.566274359173491476e-02
2.790000000000000036e+00,5.235987755982988157e-01,5.236256314383167521e-01,3.623226440701745449e-05,5.245343339048107456e-01,9.336994994247690624e-03,9.355583065119299491e-04,9.336994994247690624e-03,-1.778296691538900536e-03,-1.778296691538900536e-03,0.000000000000000000e+00,9.505606696868273975e-01,3.566274359173497027e-02,9.505606696868273975e-01,-3.566274359173497027e-02,9.505606696868272865e-01,3.566274359173491476e-02,9.505606696868272865e-01,-3.566274359173491476e-02
2.800000000000000266e+00,5.235987755982988157e-01,5.236190604679105132e-01,-6.570970406241669406e-04,5.235687001675944918e-01,-1.253041877339614030e-03,-3.007543070432383558e-05,-1.253041877339614030e-03,1.671007932813228965e-04,1.671007932813228965e-04,0.000000000000000000e+00,9.505606696868273975e-01,3.566274359173497027e-02,9.505606696868273975e-01,-3.566274359173497027e-02,9.505606696868272865e-01,3.566274359173491476e-02,9.505606696868272865e-01,-3.566274359173491476e-02
2.810000000000000053e+00,5.235987755982988157e-01,5.236133452090504514e-01,-5.715258860109244865e-04,5.242740969341790347e-01,5.926229976239774655e-03,6.753213358802190314e-04,5.926229976239774655e-03,-1.189781117711230518e-03,-1.189781117711230518e-03,0.000000000000000000e+00,9.505606696868273975e-01,3.566274359173497027e-02,9.505606696868273975e-01,-3.566274359173497027e-02,9.505606696868272865e-01,3.566274359173491476e-02,9.505606696868272865e-01,-3.566274359173491476e-02
2.819999999999999840e+00,5.235987755982988157e-01,5.236031773014990787e-01,-1.016790755137239903e-03,5.238053488490286291e-01,6.461261271117424779e-04,2.065732507298134735e-04,6.461261271117424779e-04,-2.293459904669201989e-04,-2.293459904669201989e-04,0.000000000000000000e+00,9.505606696868273975e-01,3.566274359173497027e-02,9.505606696868273975e-01,-3.566274359173497027e-02,9.505606696868272865e-01,3.566274359173491476e-02,9.505606696868272865e-01,-3.566274359173491476e-02
2.830000000000000071e+00,5.235987755982988157e-01,5.235924343142889237e-01,-1.074298721020430867e-03,5.240410136183630829e-01,2.938161207745105738e-03,4.422380200642672676e-04,2.938161207745105738e-03,-6.703802981875893550e-04,-6.703802981875893550e-04,0.000000000000000000e+00,9.505606696868273975e-01,3.566274359173497027e-02,9.505606696868273975e-01,-3.566274359173497027e-02,9.505606696868272865e-01,3.566274359173491476e-02,9.505606696868272865e-01,-3.566274359173491476e-02
2.839999999999999858e+00,5.235987755982988157e-01,5.235794174981073246e-01,-1.301681618163608905e-03,5.230784738099170106e-01,-6.981052997490126699e-03,-5.203017883818050748e-04,-6.981052997490126699e-03,1.195306212815688612e-03,1.195306212815688612e-03,0.000000000000000000e+00,9.505606696868273975e-01,3.566274359173497027e-02,9.505606696868273975e-01,-3.566274359173497027e-02,9.505606696868272865e-01,3.566274359173491476e-02,9.505606696868272865e-01,-3.566274359173491476e-02
2.850000000000000089e+00,5.235987755982988157e-01,5.235714600237645344e-01,-7.957474342813151968e-04,5.236212983135336563e-01,-8.547026615746584899e-04,2.252271523484061788e-05,-8.547026615746584899e-04,8.172838987037617741e-05,8.172838987037617741e-05,0.000000000000000000e+00,9.505606696868273975e-01,3.566274359173497027e-02,9.505606696868273975e-01,-3.566274359173497027e-02,9.505606696868272865e-01,3.566274359173491476e-02,9.505606696868272865e-01,-3.566274359173491476e-02
2.859999999999999876e+00,5.235987755982988157e-01,5.235640692652310246e-01,-7.390758533515230785e-04,5.236061690870750240e-01,-9.205246600035150951e-04,7.393488776208378965e-06,-9.205246600035150951e-04,1.006598438519412854e-04,1.006598438519412854e-04,0.000000000000000000e+00,9.505606696868273975e-01,3.566274359173497027e-02,9.505606696868273975e-01,-3.566274359173497027e-02,9.505606696868272865e-01,3.566274359173491476e-02,9.505606696868272865e-01,-3.566274359173491476e-02
2.870000000000000107e+00,5.235987755982988157e-01,5.235573012085986688e-01,-6.768056632374835381e-04,5.225343628702140419e-01,-1.154653436261298197e-02,-1.064412728084773718e-03,-1.154653436261298197e-02,2.129771500487422260e-03,2.129771500487422260e-03,0.000000000000000000e+00,9.505606696868273975e-01,3.566274359173497027e-02,9.505606696868273975e-01,-3.566274359173497027e-02,9.505606696868272865e-01,3.566274359173491476e-02,9.505606696868272865e-01,-3.566274359173491476e-02
2.879999999999999893e+00,5.235987755982988157e-01,5.235590346657207350e-01,1.733457122079607804e-04,5.230620602592748192e-01,-5.114907035743912304e-03,-5.367153390239964850e-04,-5.114907035743912304e-03,9.923100683478958562e-04,9.923100683478958562e-04,0.000000000000000000e+00,9.505606696868273975e-01,3.566274359173497027e-02,9.505606696868273975e-01,-3.566274359173497027e-02,9.505606696868272865e-01,3.566274359173491476e-02,9.505606696868272865e-01,-3.566274359173491476e-02
2.890000000000000124e+00,5.235987755982988157e-01,5.235645765113643435e-01,5.541845643652562343e-04,5.233383811430065702e-01,-1.840207494852011318e-03,-2.603944552922454747e-04,-1.840207494852011318e-03,4.074392570888565510e-04,4.074392570888565510e-04,0.000000000000000000e+00,9.505606696868273975e-01,3.566274359173497027e-02,9.505606696868273975e-01,-3.566274359173497027e-02,9.505606696868272865e-01,3.566274359173491476e-02,9.505606696868272865e-01,-3.566274359173491476e-02
2.899999999999999911e+00,5.235987755982988157e-01,5.235715311775201997e-01,6.954666155849996943e-04,5.242156933650259365e-01,7.116935474826851030e-03,6.169177667271208421e-04,7.116935474826851030e-03,-1.283385410433053814e-03,-1.283385410433053814e-03,0.000000000000000000e+00,9.505606696868273975e-01,3.566274359173497027e-02,9.505606696868273975e-01,-3.566274359173497027e-02,9.505606696868272865e-01,3.566274359173491476e-02,9.505606696868272865e-01,-3.566274359173491476e-02
2.910000000000000142e+00,5.235987755982988157e-01,5.235732730363668042e-01,1.741858846561544164e-04,5.230924776030967394e-01,-4.826915691947803941e-03,-5.062979952020763008e-04,-4.826915691947803941e-03,9.362903850076124837e-04,9.362903850076124837e-04,0.000000000000000000e+00,9.505606696868273975e-01,3.566274359173497027e-02,9.505606696868273975e-01,-3.566274359173497027e-02,9.505606696868272865e-01,3.566274359173491476e-02,9.505606696868272865e-01,-3.566274359173491476e-02
2.919999999999999929e+00,5.235987755982988157e-01,5.235786049660893227e-01,5.331929722534715661e-04,5.241940473012456359e-01,6.671472858735939468e-03,5.952717029468201915e-04,6.671472858735939468e-03,-1.215771416441809461e-03,-1.215771416441809461e-03,0.000000000000000000e+00,9.505606696868273975e-01,3.566274359173497027e-02,9.505606696868273975e-01,-3.566274359173497027e-02,9.505606696868272865e-01,3.566274359173491476e-02,9.505606696868272865e-01,-3.566274359173491476e-02
2.930000000000000160e+00,5.235987755982988157e-01,5.235790379682476736e-01,4.330021583051667580e-05,5.239906421756446164e-01,3.970274316852151486e-03,3.918665773458007706e-04,3.970274316852151486e-03,-7.517070273739438280e-04,-7.517070273739438280e-04,0.000000000000000000e+00,9.505606696868273975e-01,3.566274359173497027e-02,9.505606696868273975e-01,-3.566274359173497027e-02,9.505606696868272865e-01,3.566274359173491476e-02,9.505606696868272865e-01,-3.566274359173491476e-02
2.939999999999999947e+00,5.235987755982988157e-01,5.235765314432139217e-01,-2.506525033725590470e-04,5.233324644951170557e-01,-3.008529920108669615e-03,-2.663111031817599894e-04,-3.008529920108669615e-03,5.466617986060369212e-04,5.466617986060369212e-04,0.000000000000000000e+00,9.505606696868273975e-01,3.566274359173497027e-02,9.505606696868273975e-01,-3.566274359173497027e-02,9.505606696868272865e-01,3.566274359173491476e-02,9.505606696868272865e-01,-3.566274359173491476e-02
2.950000000000000178e+00,5.235987755982988157e-01,5.235762310885949677e-01,-3.003546189855359140e-05,5.239784389834825085e-01,3.752067955556723580e-03,3.796633851836928031e-04,3.752067955556723580e-03,-7.173878002617751354e-04,-7.173878002617751354e-04,0.000000000000000000e+00,9.505606696868273975e-01,3.566274359173497027e-02,9.505606696868273975e-01,-3.566274359173497027e-02,9.505606696868272865e-01,3.566274359173491476e-02,9.505606696868272865e-01,-3.566274359173491476e-02
2.959999999999999964e+00,5.235987755982988157e-01,5.235731477034348824e-01,-3.083385160102453983e-04,5.243413948230748467e-01,7.006419555924433065e-03,7.426192247760310394e-04,7.006419555924433065e-03,-1.364833971003024055e-03,-1.364833971003024055e-03,0.000000000000000000e+00,9.505606696868273975e-01,3.566274359173497027e-02,9.505606696868273975e-01,-3.566274359173497027e-02,9.505606696868272865e-01,3.566274359173491476e-02,9.505606696868272865e-01,-3.566274359173491476e-02
2.970000000000000195e+00,5.235987755982988157e-01,5.235648480615633371e-01,-8.299641871598448977e-04,5.239564006072867652e-01,2.455835442451176354e-03,3.576250089879495775e-04,2.455835442451176354e-03,-5.513269715333635104e-04,-5.513269715333635104e-04,0.000000000000000000e+00,9.505606696868273975e-01,3.566274359173497027e-02,9.505606696868273975e-01,-3.566274359173497027e-02,9.505606696868272865e-01,3.566274359173491476e-02,9.505606696868272865e-01,-3.566274359173491476e-02
2.979999999999999982e+00,5.235987755982988157e-01,5.235546616730382130e-01,-1.018638852510002574e-03,5.237352088001422379e-01,-1.666173239214200491e-06,1.364332018434222249e-04,-1.666173239214200491e-06,-1.020486962330222400e-04,-1.020486962330222400e-04,0.000000000000000000e+00,9.505606696868273975e-01,3.566274359173497027e-02,9.505606696868273975e-01,-3.566274359173497027e-02,9.505606696868272865e-01,3.566274359173491476e-02,9.505606696868272865e-01,-3.566274359173491476e-02
2.990000000000000213e+00,5.235987755982988157e-01,5.235443962836417997e-01,-1.026538939641921146e-03,5.237331664064468484e-01,-2.192349286918777079e-05,1.343908081480327255e-04,-2.192349286918777079e-05,-9.818108262018861827e-05,-9.818108262018861827e-05,0.000000000000000000e+00,9.505606696868273975e-01,3.566274359173497027e-02,9.505606696868273975e-01,-3.566274359173497027e-02,9.505606696868272865e-01,3.566274359173491476e-02,9.505606696868272865e-01,-3.566274359173491476e-02
3.000000000000000000e+00,5.235987755982988157e-01,5.235340694159344999e-01,-1.032686770732416147e-03,5.226201230087058613e-01,-1.115016512099213826e-02,-9.786525895929543140e-04,-1.115016512099213826e-02,2.019775289898719309e-03,2.019775289898719309e-03,0.000000000000000000e+00,9.505606696868273975e-01,3.566274359173497027e-02,9.505606696868273975e-01,-3.566274359173497027e-02,9.505606696868272865e-01,3.566274359173491476e-02,9.505606696868272865e-01,-3.566274359173491476e-02
3.010000000000000231e+00,5.235987755982988157e-01,5.235319270812160974e-01,-2.142334718381157591e-04,5.223545838414089815e-01,-1.269054028186172335e-02,-1.244191756889834188e-03,-1.269054028186172335e-02,2.396478427413969731e-03,2.396478427413969731e-03,0.000000000000000000e+00,9.505606696868273975e-01,3.566274359173497027e-02,9.505606696868273975e-01,-3.566274359173497027e-02,9.505606696868272865e-01,3.566274359173491476e-02,9.505606696868272865e-01,-3.566274359173491476e-02
3.020000000000000018e+00,5.235987755982988157e-01,5.235391799033378701e-01,7.252822121720987371e-04,5.237671614920934582e-01,2.704290253169212843e-03,1.683858937946425272e-04,2.704290253169212843e-03,-4.381782098289664900e-04,-4.381782098289664900e-04,0.000000000000000000e+00,9.505606696868273975e-01,3.566274359173497027e-02,9.505606696868273975e-01,-3.566274359173497027e-02,9.505606696868272865e-01,3.566274359173491476e-02,9.505606696868272865e-01,-3.566274359173491476e-02
3.030000000000000249e+00,5.235987755982988157e-01,5.235445005511065730e-01,5.320647768723148034e-04,5.239430182295389260e-01,4.192428602306969704e-03,3.442426312401103417e-04,4.192428602306969704e-03,-7.416481963808014026e-04,-7.416481963808014026e-04,0.000000000000000000e+00,9.505606696868273975e-01,3.566274359173497027e-02,9.505606696868273975e-01,-3.566274359173497027e-02,9.505606696868272865e-01,3.566274359173491476e-02,9.505606696868272865e-01,-3.566274359173491476e-02
3.040000000000000036e+00,5.235987755982988157e-01,5.235467681362018233e-01,2.267585095300795597e-04,5.226853936413330404e-01,-8.803060139982579052e-03,-9.133819569657752879e-04,-8.803060139982579052e-03,1.700078317546653518e-03,1.700078317546653518e-03,0.000000000000000000e+00,9.505606696868273975e-01,3.566274359173497027e-02,9.505606696868273975e-01,-3.566274359173497027e-02,9.505606696868272865e-01,3.566274359173491476e-02,9.505606696868272865e-01,-3.566274359173491476e-02
3.050000000000000266e+00,5.235987755982988157e-01,5.235555823934645581e-01,8.814257262736738220e-04,5.240049454293663755e-01,5.272763754349027443e-03,4.061698310675598833e-04,5.272763754349027443e-03,-9.126931333297669431e-04,-9.126931333297669431e-04,0.000000000000000000e+00,9.505606696868273975e-01,3.566274359173497027e-02,9.505606696868273975e-01,-3.566274359173497027e-02,9.505606696868272865e-01,3.566274359173491476e-02,9.505606696868272865e-01,-3.566274359173491476e-02
3.060000000000000053e+00,5.235987755982988157e-01,5.235605686602644582e-01,4.986266799908648916e-04,5.234909726460402757e-01,-3.942404543468731870e-04,-1.078029522585399747e-04,-3.942404543468731870e-04,1.262691557620914643e-04,1.262691557620914643e-04,0.000000000000000000e+00,9.505606696868273975e-01,3.566274359173497027e-02,9.505606696868273975e-01,-3.566274359173497027e-02,9.505606696868272865e-01,3.566274359173491476e-02,9.505606696868272865e-01,-3.566274359173491476e-02
3.070000000000000284e+00,5.235987755982988157e-01,5.235658906563751547e-01,5.321996110652908339e-04,5.228929718642832958e-01,-6.334824226481983525e-03,-7.058037340155198791e-04,-6.334824226481983525e-03,1.259763440858982682e-03,1.259763440858982682e-03,0.000000000000000000e+00,9.505606696868273975e-01,3.566274359173497027e-02,9.505606696868273975e-01,-3.566274359173497027e-02,9.505606696868272865e-01,3.566274359173491476e-02,9.505606696868272865e-01,-3.566274359173491476e-02
3.080000000000000071e+00,5.235987755982988157e-01,5.235759499910325188e-01,1.005933465733424570e-03,5.239410341997270404e-01,4.779281550603658828e-03,3.422586014282247291e-04,4.779281550603658828e-03,-8.078662880454470525e-04,-8.078662880454470525e-04,0.000000000000000000e+00,9.505606696868273975e-01,3.566274359173497027e-02,9.505606696868273975e-01,-3.566274359173497027e-02,9.505606696868272865e-01,3.566274359173491476e-02,9.505606696868272865e-01,-3.566274359173491476e-02
3.089999999999999858e+00,5.235987755982988157e-01,5.235825504750198922e-01,6.600483987420680031e-04,5.228595002029050587e-01,-6.513986572676521911e-03,-7.392753953937569733e-04,-6.513986572676521911e-03,1.305516442410486772e-03,1.305516442410486772e-03,0.000000000000000000e+00,9.505606696868273975e-01,3.566274359173497027e-02,9.505606696868273975e-01,-3.566274359173497027e-02,9.505606696868272865e-01,3.566274359173491476e-02,9.505606696868272865e-01,-3.566274359173491476e-02
3.100000000000000089e+00,5.235987755982988157e-01,5.235940264501911523e-01,1.147597517124918174e-03,5.229570030784107537e-01,-4.887559160351919764e-03,-6.417725198880619430e-04,-4.887559160351919764e-03,1.044809291594131495e-03,1.044809291594131495e-03,0.000000000000000000e+00,9.505606696868273975e-01,3.566274359173497027e-02,9.505606696868273975e-01,-3.566274359173497027e-02,9.505606696868272865e-01,3.566274359173491476e-02,9.505606696868272865e-01,-3.566274359173491476e-02
3.109999999999999876e+00,5.235987755982988157e-01,5.236092108111441989e-01,1.518436095306135124e-03,5.245095259085884587e-01,1.112642505746031830e-02,9.107503102896430391e-04,1.112642505746031830e-02,-1.966151499082559317e-03,-1.966151499082559317e-03,0.000000000000000000e+00,9.505606696868273975e-01,3.566274359173497027e-02,9.505606696868273975e-01,-3.566274359173497027e-02,9.505606696868272865e-01,3.566274359173491476e-02,9.505606696868272865e-01,-3.566274359173491476e-02
3.120000000000000107e+00,5.235987755982988157e-01,5.236162676210677214e-01,7.056809923565956393e-04,5.227665608631526517e-01,-7.415867902643780499e-03,-8.322147351461639531e-04,-7.415867902643780499e-03,1.479213278646106678e-03,1.479213278646106678e-03,0.000000000000000000e+00,9.505606696868273975e-01,3.566274359173497027e-02,9.505606696868273975e-01,-3.566274359173497027e-02,9.505606696868272865e-01,3.566274359173491476e-02,9.505606696868272865e-01,-3.566274359173491476e-02
3.129999999999999893e+00,5.235987755982988157e-01,5.236288617770993303e-01,1.259415603164651312e-03,5.234038170566497339e-01,-3.017191774085823883e-04,-1.949585416490817735e-04,-3.017191774085823883e-04,1.809080729144710883e-04,1.809080729144710883e-04,0.000000000000000000e+00,9.505606696868273975e-01,3.566274359173497027e-02,9.505606696868273975e-01,-3.566274359173497027e-02,9.505606696868272865e-01,3.566274359173491476e-02,9.505606696868272865e-01,-3.566274359173491476e-02
3.140000000000000124e+00,5.235987755982988157e-01,5.236417666738487631e-01,1.290489674946270230e-03,5.235431553742383448e-01,1.121835916218384861e-03,-5.562022406047084644e-05,1.121835916218384861e-03,-8.774464351723403977e-05,-8.774464351723403977e-05,0.000000000000000000e+00,9.505606696868273975e-01,3.566274359173497027e-02,9.505606696868273975e-01,-3.566274359173497027e-02,9.505606696868272865e-01,3.566274359173491476e-02,9.505606696868272865e-01,-3.566274359173491476e-02
3.149999999999999911e+00,5.235987755982988157e-01,5.236539268800368685e-01,1.216020618809240776e-03,5.244925029870928235e-01,1.050312845314133048e-02,8.937273887940078154e-04,1.050312845314133048e-02,-1.881485409432840945e-03,-1.881485409432840945e-03,0.000000000000000000e+00,9.505606696868273975e-01,3.566274359173497027e-02,9.505606696868273975e-01,-3.566274359173497027e-02,9.505606696868272865e-01,3.566274359173491476e-02,9.505606696868272865e-01,-3.566274359173491476e-02
3.160000000000000142e+00,5.235987755982988157e-01,5.236583835698561673e-01,4.456689819317000969e-04,5.235306942292242693e-01,-1.652719708583414576e-04,-6.808136907454631626e-05,-1.652719708583414576e-04,7.008645402020339740e-05,7.008645402020339740e-05,0.000000000000000000e+00,9.505606696868273975e-01,3.566274359173497027e-02,9.505606696868273975e-01,-3.566274359173497027e-02,9.505606696868272865e-01,3.566274359173491476e-02,9.505606696868272865e-01,-3.566274359173491476e-02
3.169999999999999929e+00,5.235987755982988157e-01,5.236629738431595182e-01,4.590273303304571962e-04,5.241500493969124541e-01,6.044806903109338839e-03,5.512737986136384549e-04,6.044806903109338839e-03,-1.110501973609225642e-03,-1.110501973609225642e-03,0.000000000000000000e+00,9.505606696868273975e-01,3.566274359173497027e-02,9.505606696868273975e-01,-3.566274359173497027e-02,9.505606696868272865e-01,3.566274359173491476e-02,9.505606696868272865e-01,-3.566274359173491476e-02
3.180000000000000160e+00,5.235987755982988157e-01,5.236630981167195165e-01,1.242735599760506036e-05,5.233685035329569413e-01,-2.375132426756721392e-03,-2.302720653418743879e-04,-2.375132426756721392e-03,4.465799929658488218e-04,4.465799929658488218e-04,0.000000000000000000e+00,9.505606696868273975e-01,3.566274359173497027e-02,9.505606696868273975e-01,-3.566274359173497027e-02,9.505606696868272865e-01,3.566274359173491476e-02,9.505606696868272865e-01,-3.566274359173491476e-02
3.189999999999999947e+00,5.235987755982988157e-01,5.236649568091356066e-01,1.858692416116230616e-04,5.226355405168180424e-01,-9.467249345470036756e-03,-9.632350814807733030e-04,-9.467249345470036756e-03,1.814064607527932473e-03,1.814064607527932473e-03,0.000000000000000000e+00,9.505606696868273975e-01,3.566274359173497027e-02,9.505606696868273975e-01,-3.566274359173497027e-02,9.505606696868272865e-01,3.566274359173491476e-02,9.505606696868272865e-01,-3.566274359173491476e-02
3.200000000000000178e+00,5.235987755982988157e-01,5.236738186361604708e-01,8.861827024898852800e-04,5.240232563847940783e-01,5.356634268837322937e-03,4.244807864952626630e-04,5.356634268837322937e-03,-9.360911726575437590e-04,-9.360911726575437590e-04,0.000000000000000000e+00,9.505606696868273975e-01,3.566274359173497027e-02,9.505606696868273975e-01,-3.566274359173497027e-02,9.505606696868272865e-01,3.566274359173491476e-02,9.505606696868272865e-01,-3.566274359173491476e-02
3.209999999999999964e+00,5.235987755982988157e-01,5.236787599103847057e-01,4.941274224219714467e-04,5.230333376574115567e-01,-5.078216431871623512e-03,-5.654379408872589607e-04,-5.078216431871623512e-03,1.009601365700648311e-03,1.009601365700648311e-03,0.000000000000000000e+00,9.505606696868273975e-01,3.566274359173497027e-02,9.505606696868273975e-01,-3.566274359173497027e-02,9.505606696868272865e-01,3.566274359173491476e-02,9.505606696868272865e-01,-3.566274359173491476e-02
3.220000000000000195e+00,5.235987755982988157e-01,5.236874766673970116e-01,8.716757012318584194e-04,5.243082302713019116e-01,8.178531350219083937e-03,7.094546730030959480e-04,8.178531350219083937e-03,-1.475206846061188730e-03,-1.475206846061188730e-03,0.000000000000000000e+00,9.505606696868273975e-01,3.566274359173497027e-02,9.505606696868273975e-01,-3.566274359173497027e-02,9.505606696868272865e-01,3.566274359173491476e-02,9.505606696868272865e-01,-3.566274359173491476e-02
3.229999999999999982e+00,5.235987755982988157e-01,5.236901789096731763e-01,2.702242276131207408e-04,5.241606343871151319e-01,5.884719373329379624e-03,5.618587888163162347e-04,5.884719373329379624e-03,-1.099964993026758845e-03,-1.099964993026758845e-03,0.000000000000000000e+00,9.505606696868273975e-01,3.566274359173497027e-02,9.505606696868273975e-01,-3.566274359173497027e-02,9.505606696868272865e-01,3.566274359173491476e-02,9.505606696868272865e-01,-3.566274359173491476e-02
3.240000000000000213e+00,5.235987755982988157e-01,5.236885151489020229e-01,-1.663760771140188727e-04,5.244742072535061306e-01,8.431976099906427630e-03,8.754316552073149182e-04,8.431976099906427630e-03,-1.628827195187443474e-03,-1.628827195187443474e-03,0.000000000000000000e+00,9.505606696868273975e-01,3.566274359173497027e-02,9.505606696868273975e-01,-3.566274359173497027e-02,9.505606696868272865e-01,3.566274359173491476e-02,9.505606696868272865e-01,-3.566274359173491476e-02
3.250000000000000000e+00,5.235987755982988157e-01,5.236805631957556217e-01,-7.951953146431165256e-04,5.235603060205912263e-01,-1.550233839233256493e-03,-3.846957770758940853e-05,-1.550233839233256493e-03,2.076781052073055269e-04,2.076781052073055269e-04,0.000000000000000000e+00,9.505606696868273975e-01,3.566274359173497027e-02,9.505606696868273975e-01,-3.566274359173497027e-02,9.505606696868272865e-01,3.566274359173491476e-02,9.505606696868272865e-01,-3.566274359173491476e-02
3.260000000000000231e+00,5.235987755982988157e-01,5.236736680419660228e-01,-6.895153789566716264e-04,5.232651329430393350e-01,-4.346941230828842151e-03,-3.336426552594806694e-04,-4.346941230828842151e-03,7.515307736485649526e-04,7.515307736485649526e-04,0.000000000000000000e+00,9.505606696868273975e-01,3.566274359173497027e-02,9.505606696868273975e-01,-3.566274359173497027e-02,9.505606696868272865e-01,3.566274359173491476e-02,9.505606696868272865e-01,-3.566274359173491476e-02
3.270000000000000018e+00,5.235987755982988157e-01,5.236699136058297066e-01,-3.754436136349233546e-04,5.222526009697227023e-01,-1.403756684091228210e-02,-1.346174628576113363e-03,-1.403756684091228210e-02,2.628308499321200479e-03,2.628308499321200479e-03,0.000000000000000000e+00,9.505606696868273975e-01,3.566274359173497027e-02,9.505606696868273975e-01,-3.566274359173497027e-02,9.505606696868272865e-01,3.566274359173491476e-02,9.505606696868272865e-01,-3.566274359173491476e-02
3.280000000000000249e+00,5.235987755982988157e-01,5.236765070809037415e-01,6.593475074057292100e-04,5.241135590803662758e-01,5.975770949614676864e-03,5.147834820674601630e-04,5.975770949614676864e-03,-1.075192058425077264e-03,-1.075192058425077264e-03,0.000000000000000000e+00,9.505606696868273975e-01,3.566274359173497027e-02,9.505606696868273975e-01,-3.566274359173497027e-02,9.505606696868272865e-01,3.566274359173491476e-02,9.505606696868272865e-01,-3.566274359173491476e-02
3.290000000000000036e+00,5.235987755982988157e-01,5.236787094194869097e-01,2.202338583173704288e-04,5.238341727846657081e-01,2.584330897647532394e-03,2.353971863668924414e-04,2.584330897647532394e-03,-4.745557883179251377e-04,-4.745557883179251377e-04,0.000000000000000000e+00,9.505606696868273975e-01,3.566274359173497027e-02,9.505606696868273975e-01,-3.566274359173497027e-02,9.505606696868272865e-01,3.566274359173491476e-02,9.505606696868272865e-01,-3.566274359173491476e-02
3.300000000000000266e+00,5.235987755982988157e-01,5.236789957611798219e-01,2.863416929301814567e-05,5.235228302153570601e-01,-7.875278852036999427e-04,-7.594538294175556814e-05,-7.875278852036999427e-04,1.477689367814732197e-04,1.477689367814732197e-04,0.000000000000000000e+00,9.505606696868273975e-01,3.566274359173497027e-02,9.505606696868273975e-01,-3.566274359173497027e-02,9.505606696868272865e-01,3.566274359173491476e-02,9.505606696868272865e-01,-3.566274359173491476e-02
3.310000000000000053e+00,5.235987755982988157e-01,5.236798483443939611e-01,8.525832141734513456e-05,5.231706781094468406e-01,-4.230296155785523947e-03,-4.280974888519750721e-04,-4.230296155785523947e-03,8.088564820520813530e-04,8.088564820520813530e-04,0.000000000000000000e+00,9.505606696868273975e-01,3.566274359173497027e-02,9.505606696868273975e-01,-3.566274359173497027e-02,9.505606696868272865e-01,3.566274359173491476e-02,9.505606696868272865e-01,-3.566274359173491476e-02
3.320000000000000284e+00,5.235987755982988157e-01,5.236838227461135808e-01,3.974401719580446897e-04,5.238676564114854717e-01,3.162516480179337463e-03,2.688808131866560203e-04,3.162516480179337463e-03,-5.663528417140838503e-04,-5.663528417140838503e-04,0.000000000000000000e+00,9.505606696868273975e-01,3.566274359173497027e-02,9.505606696868273975e-01,-3.566274359173497027e-02,9.505606696868272865e-01,3.566274359173491476e-02,9.505606696868272865e-01,-3.566274359173491476e-02
3.330000000000000071e+00,5.235987755982988157e-01,5.236854684743199595e-01,1.645728206330773432e-04,5.234254384192493781e-01,-1.575915090199531219e-03,-1.733371790494375730e-04,-1.575915090199531219e-03,3.117086216148243433e-04,3.117086216148243433e-04,0.000000000000000000e+00,9.505606696868273975e-01,3.566274359173497027e-02,9.505606696868273975e-01,-3.566274359173497027e-02,9.505606696868272865e-01,3.566274359173491476e-02,9.505606696868272865e-01,-3.566274359173491476e-02
3.339999999999999858e+00,5.235987755982988157e-01,5.236882761080510207e-01,2.807633731111337403e-04,5.234128742314684279e-01,-1.543965458989079607e-03,-1.859013668303877154e-04,-1.543965458989079607e-03,3.174380178427137623e-04,3.174380178427137623e-04,0.000000000000000000e+00,9.505606696868273975e-01,3.566274359173497027e-02,9.505606696868273975e-01,-3.566274359173497027e-02,9.505606696868272865e-01,3.566274359173491476e-02,9.505606696868272865e-01,-3.566274359173491476e-02
3.350000000000000089e+00,5.235987755982988157e-01,5.236922316511023467e-01,3.955543051278766339e-04,5.240859878948780359e-01,5.341567721005906211e-03,4.872122965792202720e-04,5.341567721005906211e-03,-9.813629725511673670e-04,-9.813629725511673670e-04,0.000000000000000000e+00,9.505606696868273975e-01,3.566274359173497027e-02,9.505606696868273975e-01,-3.566274359173497027e-02,9.505606696868272865e-01,3.566274359173491476e-02,9.505606696868272865e-01,-3.566274359173491476e-02
3.359999999999999876e+00,5.235987755982988157e-01,5.236922436935175229e-01,1.204241517912152826e-06,5.231643776806711443e-01,-4.408691193163598136e-03,-4.343979176276713261e-04,-4.408691193163598136e-03,8.341592600667176258e-04,8.341592600667176258e-04,0.000000000000000000e+00,9.505606696868273975e-01,3.566274359173497027e-02,9.505606696868273975e-01,-3.566274359173497027e-02,9.505606696868272865e-01,3.566274359173491476e-02,9.505606696868272865e-01,-3.566274359173491476e-02
3.370000000000000107e+00,5.235987755982988157e-01,5.236955023032033862e-01,3.258609685913221388e-04,5.235929727800021638e-01,3.181289194629554132e-04,-5.802818296651857111e-06,3.181289194629554132e-04,-3.235381166354634450e-05,-3.235381166354634450e-05,0.000000000000000000e+00,9.505606696868273975e-01,3.566274359173497027e-02,9.505606696868273975e-01,-3.566274359173497027e-02,9.505606696868272865e-01,3.566274359173491476e-02,9.505606696868272865e-01,-3.566274359173491476e-02
3.379999999999999893e+00,5.235987755982988157e-01,5.236985331780935615e-01,3.030874890230053111e-04,5.232875177377374065e-01,-2.768234395130911990e-03,-3.112578605614091387e-04,-2.768234395130911990e-03,5.526214414184977761e-04,5.526214414184977761e-04,0.000000000000000000e+00,9.505606696868273975e-01,3.566274359173497027e-02,9.505606696868273975e-01,-3.566274359173497027e-02,9.505606696868272865e-01,3.566274359173491476e-02,9.505606696868272865e-01,-3.566274359173491476e-02
3.390000000000000124e+00,5.235987755982988157e-01,5.237036204337176537e-01,5.087255624085932400e-04,5.227592463010475310e-01,-7.774125322516575731e-03,-8.395292972512846674e-04,-7.774125322516575731e-03,1.526026653777493285e-03,1.526026653777493285e-03,0.000000000000000000e+00,9.505606696868273975e-01,3.566274359173497027e-02,9.505606696868273975e-01,-3.566274359173497027e-02,9.505606696868272865e-01,3.566274359173491476e-02,9.505606696868272865e-01,-3.566274359173491476e-02
3.399999999999999911e+00,5.235987755982988157e-01,5.237144887838522944e-01,1.086835013458886754e-03,5.232425139472973719e-01,-2.164036327766510372e-03,-3.562616510014438020e-04,-2.164036327766510372e-03,5.166405933919456742e-04,5.166405933919456742e-04,0.000000000000000000e+00,9.505606696868273975e-01,3.566274359173497027e-02,9.505606696868273975e-01,-3.566274359173497027e-02,9.505606696868272865e-01,3.566274359173491476e-02,9.505606696868272865e-01,-3.566274359173491476e-02
3.410000000000000142e+00,5.235987755982988157e-01,5.237270286187934998e-01,1.253983494115926958e-03,5.247817640210313828e-01,1.344486804235024702e-02,1.182988422732567102e-03,1.344486804235024702e-02,-2.437639966868726700e-03,-2.437639966868726700e-03,0.000000000000000000e+00,9.505606696868273975e-01,3.566274359173497027e-02,9.505606696868273975e-01,-3.566274359173497027e-02,9.505606696868272865e-01,3.566274359173491476e-02,9.505606696868272865e-01,-3.566274359173491476e-02
3.419999999999999929e+00,5.235987755982988157e-01,5.237296882605115833e-01,2.659641718128320179e-04,5.243783120197557102e-01,8.065861225358496311e-03,7.795364214568945016e-04,8.065861225358496311e-03,-1.514726330901387764e-03,-1.514726330901387764e-03,0.000000000000000000e+00,9.505606696868273975e-01,3.566274359173497027e-02,9.505606696868273975e-01,-3.566274359173497027e-02,9.505606696868272865e-01,3.566274359173491476e-02,9.505606696868272865e-01,-3.566274359173491476e-02
3.430000000000000160e+00,5.235987755982988157e-01,5.237263687821723801e-01,-3.319478339163336360e-04,5.239783234924512145e-01,3.259389829777691559e-03,3.795478941523988681e-04,3.259389829777691559e-03,-6.604612563155490713e-04,-6.604612563155490713e-04,0.000000000000000000e+00,9.505606696868273975e-01,3.566274359173497027e-02,9.505606696868273975e-01,-3.566274359173497027e-02,9.505606696868272865e-01,3.566274359173491476e-02,9.505606696868272865e-01,-3.566274359173491476e-02
3.439999999999999947e+00,5.235987755982988157e-01,5.237205821753153634e-01,-5.786606857021720646e-04,5.244349656569411433e-01,7.499872491699209436e-03,8.361900586423276494e-04,7.499872491699209436e-03,-1.491883886244238858e-03,-1.491883886244238858e-03,0.000000000000000000e+00,9.505606696868273975e-01,3.566274359173497027e-02,9.505606696868273975e-01,-3.566274359173497027e-02,9.505606696868272865e-01,3.566274359173491476e-02,9.505606696868272865e-01,-3.566274359173491476e-02
3.450000000000000178e+00,5.235987755982988157e-01,5.237091692214068672e-01,-1.141295390844068117e-03,5.238992028603300932e-01,1.392257276418788943e-03,3.004272620312775643e-04,1.392257276418788943e-03,-3.857594570840649920e-04,-3.857594570840649920e-04,0.000000000000000000e+00,9.505606696868273975e-01,3.566274359173497027e-02,9.505606696868273975e-01,-3.566274359173497027e-02,9.505606696868272865e-01,3.566274359173491476e-02,9.505606696868272865e-01,-3.566274359173491476e-02
3.459999999999999964e+00,5.235987755982988157e-01,5.236966112474797930e-01,-1.255797392705096209e-03,5.230811566987494388e-01,-6.927430067029632758e-03,-5.176188995493768985e-04,-6.927430067029632758e-03,1.187109250445265649e-03,1.187109250445265649e-03,0.000000000000000000e+00,9.505606696868273975e-01,3.566274359173497027e-02,9.505606696868273975e-01,-3.566274359173497027e-02,9.505606696868272865e-01,3.566274359173491476e-02,9.505606696868272865e-01,-3.566274359173491476e-02
3.470000000000000195e+00,5.235987755982988157e-01,5.236890663747718611e-01,-7.544872707960716303e-04,5.234623718827638994e-01,-2.422535220182064387e-03,-1.364037155349162589e-04,-2.422535220182064387e-03,3.817053435252373145e-04,3.817053435252373145e-04,0.000000000000000000e+00,9.505606696868273975e-01,3.566274359173497027e-02,9.505606696868273975e-01,-3.566274359173497027e-02,9.505606696868272865e-01,3.566274359173491476e-02,9.505606696868272865e-01,-3.566274359173491476e-02
3.479999999999999982e+00,5.235987755982988157e-01,5.236832429808476741e-01,-5.823393924212895510e-04,5.232328737236765503e-01,-4.475263289037348033e-03,-3.659018746222653107e-04,-4.475263289037348033e-03,7.905097747166357899e-04,7.905097747166357899e-04,0.000000000000000000e+00,9.505606696868273975e-01,3.566274359173497027e-02,9.505606696868273975e-01,-3.566274359173497027e-02,9.505606696868272865e-01,3.566274359173491476e-02,9.505606696868272865e-01,-3.566274359173491476e-02
3.490000000000000213e+00,5.235987755982988157e-01,5.236806785477392534e-01,-2.564433108450744230e-04,5.233864582459217818e-01,-2.491891737681299710e-03,-2.123173523770338633e-04,-2.491891737681299710e-03,4.465954657065610857e-04,4.465954657065610857e-04,0.000000000000000000e+00,9.505606696868273975e-01,3.566274359173497027e-02,9.505606696868273975e-01,-3.566274359173497027e-02,9.505606696868272865e-01,3.566274359173491476e-02,9.505606696868272865e-01,-3.566274359173491476e-02
3.500000000000000000e+00,5.235987755982988157e-01,5.236799325884559098e-01,-7.459592833744351143e-05,5.232579358927208490e-01,-3.527926095922497181e-03,-3.408397055779666118e-04,-3.527926095922497181e-03,6.624348183753201412e-04,6.624348183753201412e-04,0.000000000000000000e+00,9.505606696868273975e-01,3.566274359173497027e-02,9.505606696868273975e-01,-3.566274359173497027e-02,9.505606696868272865e-01,3.566274359173491476e-02,9.505606696868272865e-01,-3.566274359173491476e-02
3.510000000000000231e+00,5.235987755982988157e-01,5.236817884433139225e-01,1.855854857968695481e-04,5.237313170883350910e-01,1.558678469812171345e-03,1.325414900362753556e-04,1.558678469812171345e-03,-2.791483869646126472e-04,-2.791483869646126472e-04,0.000000000000000000e+00,9.505606696868273975e-01,3.566274359173497027e-02,9.505606696868273975e-01,-3.566274359173497027e-02,9.505606696868272865e-01,3.566274359173491476e-02,9.505606696868272865e-01,-3.566274359173491476e-02
3.520000000000000018e+00,5.235987755982988157e-01,5.236824997436605456e-01,7.113003465979527546e-05,5.235129077857439972e-01,-7.812824030799833501e-04,-8.586781255481845676e-05,-7.812824030799833501e-04,1.544841136278178009e-04,1.544841136278178009e-04,0.000000000000000000e+00,9.505606696868273975e-01,3.566274359173497027e-02,9.505606696868273975e-01,-3.566274359173497027e-02,9.505606696868272865e-01,3.566274359173491476e-02,9.505606696868272865e-01,-3.566274359173491476e-02
3.530000000000000249e+00,5.235987755982988157e-01,5.236837901485451585e-01,1.290404884585102095e-04,5.235549178110635582e-01,-2.830539095763751718e-04,-4.385778723525746159e-05,-2.830539095763751718e-04,6.552211381611900559e-05,6.552211381611900559e-05,0.000000000000000000e+00,9.505606696868273975e-01,3.566274359173497027e-02,9.505606696868273975e-01,-3.566274359173497027e-02,9.505606696868272865e-01,3.566274359173491476e-02,9.505606696868272865e-01,-3.566274359173491476e-02
3.540000000000000036e+00,5.235987755982988157e-01,5.236852952845427733e-01,1.505135997653323020e-04,5.238643705453571719e-01,2.839778824317398895e-03,2.655949470583562899e-04,2.839778824317398895e-03,-5.266564038413502468e-04,-5.266564038413502468e-04,0.000000000000000000e+00,9.505606696868273975e-01,3.566274359173497027e-02,9.505606696868273975e-01,-3.566274359173497027e-02,9.505606696868272865e-01,3.566274359173491476e-02,9.505606696868272865e-01,-3.566274359173491476e-02
3.550000000000000266e+00,5.235987755982988157e-01,5.236847034038346616e-01,-5.918807081367973878e-05,5.242127487496591742e-01,6.039582984905681254e-03,6.139731513603585711e-04,6.039582984905681254e-03,-1.156885213908102027e-03,-1.156885213908102027e-03,0.000000000000000000e+00,9.505606696868273975e-01,3.566274359173497027e-02,9.505606696868273975e-01,-3.566274359173497027e-02,9.505606696868272865e-01,3.566274359173491476e-02,9.505606696868272865e-01,-3.566274359173491476e-02
3.560000000000000053e+00,5.235987755982988157e-01,5.236796268674278609e-01,-5.076536406753445361e-04,5.240635017985028066e-01,3.943155174851437419e-03,4.647262002039909135e-04,3.943155174851437419e-03,-8.031781766464129784e-04,-8.031781766464129784e-04,0.000000000000000000e+00,9.505606696868273975e-01,3.566274359173497027e-02,9.505606696868273975e-01,-3.566274359173497027e-02,9.505606696868272865e-01,3.566274359173491476e-02,9.505606696868272865e-01,-3.566274359173491476e-02
3.570000000000000284e+00,5.235987755982988157e-01,5.236715825707569660e-01,-8.044296670845105203e-04,5.239230778194334803e-01,2.144599866673031589e-03,3.243022211346646699e-04,2.144599866673031589e-03,-4.904483196787293338e-04,-4.904483196787293338e-04,0.000000000000000000e+00,9.505606696868273975e-01,3.566274359173497027e-02,9.505606696868273975e-01,-3.566274359173497027e-02,9.505606696868272865e-01,3.566274359173491476e-02,9.505606696868272865e-01,-3.566274359173491476e-02
3.580000000000000071e+00,5.235987755982988157e-01,5.236618805190789150e-01,-9.702051678075484815e-04,5.227519272957226182e-01,-9.781365357102890859e-03,-8.468483025761974758e-04,-9.781365357102890859e-03,1.763085550348966008e-03,1.763085550348966008e-03,0.000000000000000000e+00,9.505606696868273975e-01,3.566274359173497027e-02,9.505606696868273975e-01,-3.566274359173497027e-02,9.505606696868272865e-01,3.566274359173491476e-02,9.505606696868272865e-01,-3.566274359173491476e-02
3.589999999999999858e+00,5.235987755982988157e-01,5.236593443230309619e-01,-2.536196047994066947e-04,5.230413266275381057e-01,-5.909235503237726325e-03,-5.574489707607099831e-04,-5.909235503237726325e-03,1.099488755934935769e-03,1.099488755934935769e-03,0.000000000000000000e+00,9.505606696868273975e-01,3.566274359173497027e-02,9.505606696868273975e-01,-3.566274359173497027e-02,9.505606696868272865e-01,3.566274359173491476e-02,9.505606696868272865e-01,-3.566274359173491476e-02
3.600000000000000089e+00,5.235987755982988157e-01,5.236611670890335413e-01,1.822766002550964834e-04,5.222785519560610989e-01,-1.294605866768401906e-02,-1.320223642237716710e-03,-1.294605866768401906e-02,2.482934552662222853e-03,2.482934552662222853e-03,0.000000000000000000e+00,9.505606696868273975e-01,3.566274359173497027e-02,9.505606696868273975e-01,-3.566274359173497027e-02,9.505606696868272865e-01,3.566274359173491476e-02,9.505606696868272865e-01,-3.566274359173491476e-02
3.609999999999999876e+00,5.235987755982988157e-01,5.236725976710449038e-01,1.143058201134620425e-03,5.232758386002311912e-01,-1.678586359214697191e-03,-3.229369980676244367e-04,-1.678586359214697191e-03,4.356615278988377636e-04,4.356615278988377636e-04,0.000000000000000000e+00,9.505606696868273975e-01,3.566274359173497027e-02,9.505606696868273975e-01,-3.566274359173497027e-02,9.505606696868272865e-01,3.566274359173491476e-02,9.505606696868272865e-01,-3.566274359173491476e-02
3.620000000000000107e+00,5.235987755982988157e-01,5.236853669649035314e-01,1.276929385867704323e-03,5.223267214107842893e-01,-1.100189961776224488e-02,-1.272054187514526369e-03,-1.100189961776224488e-02,2.222540581533996584e-03,2.222540581533996584e-03,0.000000000000000000e+00,9.505606696868273975e-01,3.566274359173497027e-02,9.505606696868273975e-01,-3.566274359173497027e-02,9.505606696868272865e-01,3.566274359173491476e-02,9.505606696868272865e-01,-3.566274359173491476e-02
3.629999999999999893e+00,5.235987755982988157e-01,5.237063885302537525e-01,2.102156535024365946e-03,5.233199217603387021e-01,3.029383955810600881e-05,-2.788538379601135375e-04,3.029383955810600881e-05,2.054737504737206189e-04,2.054737504737206189e-04,0.000000000000000000e+00,9.505606696868273975e-01,3.566274359173497027e-02,9.505606696868273975e-01,-3.566274359173497027e-02,9.505606696868272865e-01,3.566274359173491476e-02,9.505606696868272865e-01,-3.566274359173491476e-02
3.640000000000000124e+00,5.235987755982988157e-01,5.237275531867480183e-01,2.116465649425068943e-03,5.236718070193375762e-01,3.546117045591035827e-03,7.303142103876059110e-05,3.546117045591035827e-03,-4.638421304579733715e-04,-4.638421304579733715e-04,0.000000000000000000e+00,9.505606696868273975e-01,3.566274359173497027e-02,9.505606696868273975e-01,-3.566274359173497027e-02,9.505606696868272865e-01,3.566274359173491476e-02,9.505606696868272865e-01,-3.566274359173491476e-02
3.649999999999999911e+00,5.235987755982988157e-01,5.237462511693845579e-01,1.869798263656001318e-03,5.244055047375961731e-01,1.052848252361789951e-02,8.067291392973574560e-04,1.052848252361789951e-02,-1.819215357725903048e-03,-1.819215357725903048e-03,0.000000000000000000e+00,9.505606696868273975e-01,3.566274359173497027e-02,9.505606696868273975e-01,-3.566274359173497027e-02,9.505606696868272865e-01,3.566274359173491476e-02,9.505606696868272865e-01,-3.566274359173491476e-02
3.660000000000000142e+00,5.235987755982988157e-01,5.237572837811969029e-01,1.103261181232024091e-03,5.244356839176849139e-01,9.777426072143517374e-03,8.369083193860982206e-04,9.777426072143517374e-03,-1.755182208305827761e-03,-1.755182208305827761e-03,0.000000000000000000e+00,9.505606696868273975e-01,3.566274359173497027e-02,9.505606696868273975e-01,-3.566274359173497027e-02,9.505606696868272865e-01,3.566274359173491476e-02,9.505606696868272865e-01,-3.566274359173491476e-02
3.669999999999999929e+00,5.235987755982988157e-01,5.237611397344612563e-01,3.855953264337841618e-04,5.247390093833596003e-01,1.183293812167602807e-02,1.140233785060784655e-03,1.183293812167602807e-02,-2.219632862274551702e-03,-2.219632862274551702e-03,0.000000000000000000e+00,9.505606696868273975e-01,3.566274359173497027e-02,9.505606696868273975e-01,-3.566274359173497027e-02,9.505606696868272865e-01,3.566274359173491476e-02,9.505606696868272865e-01,-3.566274359173491476e-02
3.680000000000000160e+00,5.235987755982988157e-01,5.237562353645475177e-01,-4.904369913743435302e-04,5.244906360817553903e-01,8.165911293466325549e-03,8.918604834565746486e-04,8.165911293466325549e-03,-1.610442957563158880e-03,-1.610442957563158880e-03,0.000000000000000000e+00,9.505606696868273975e-01,3.566274359173497027e-02,9.505606696868273975e-01,-3.566274359173497027e-02,9.505606696868272865e-01,3.566274359173491476e-02,9.505606696868272865e-01,-3.566274359173491476e-02
3.689999999999999947e+00,5.235987755982988157e-01,5.237452155985123925e-01,-1.101976603507352553e-03,5.229760299060171036e-01,-7.796741593263170622e-03,-6.227456922817120599e-04,-7.796741593263170622e-03,1.366181614748919471e-03,1.366181614748919471e-03,0.000000000000000000e+00,9.505606696868273975e-01,3.566274359173497027e-02,9.505606696868273975e-01,-3.566274359173497027e-02,9.505606696868272865e-01,3.566274359173491476e-02,9.505606696868272865e-01,-3.566274359173491476e-02
3.700000000000000178e+00,5.235987755982988157e-01,5.237398579149160627e-01,-5.357683596295882049e-04,5.242214269710387953e-01,5.436903216280059709e-03,6.226513727399796139e-04,5.436903216280059709e-03,-1.093857714085308842e-03,-1.093857714085308842e-03,0.000000000000000000e+00,9.505606696868273975e-01,3.566274359173497027e-02,9.505606696868273975e-01,-3.566274359173497027e-02,9.505606696868272865e-01,3.566274359173491476e-02,9.505606696868272865e-01,-3.566274359173491476e-02
3.709999999999999964e+00,5.235987755982988157e-01,5.237304097914201595e-01,-9.448123495895412952e-04,5.240619138032720503e-01,3.298081216984604779e-03,4.631382049732346573e-04,3.298081216984604779e-03,-7.275663399632613382e-04,-7.275663399632613382e-04,0.000000000000000000e+00,9.505606696868273975e-01,3.566274359173497027e-02,9.505606696868273975e-01,-3.566274359173497027e-02,9.505606696868272865e-01,3.566274359173491476e-02,9.505606696868272865e-01,-3.566274359173491476e-02
3.720000000000000195e+00,5.235987755982988157e-01,5.237184247924320246e-01,-1.198499898818540868e-03,5.239972719687624458e-01,2.321854750190099643e-03,3.984963704636301784e-04,2.321854750190099643e-03,-5.664980581043681284e-04,-5.664980581043681284e-04,0.000000000000000000e+00,9.505606696868273975e-01,3.566274359173497027e-02,9.505606696868273975e-01,-3.566274359173497027e-02,9.505606696868272865e-01,3.566274359173491476e-02,9.505606696868272865e-01,-3.566274359173491476e-02
3.729999999999999982e+00,5.235987755982988157e-01,5.237046091236591261e-01,-1.381566877295060903e-03,5.243007334086916549e-01,5.124283674463179193e-03,7.019578103928392210e-04,5.124283674463179193e-03,-1.117221986524295687e-03,-1.117221986524295687e-03,0.000000000000000000e+00,9.505606696868273975e-01,3.566274359173497027e-02,9.505606696868273975e-01,-3.566274359173497027e-02,9.505606696868272865e-01,3.566274359173491476e-02,9.505606696868272865e-01,-3.566274359173491476e-02
3.740000000000000213e+00,5.235987755982988157e-01,5.236868762961836010e-01,-1.773282747556256204e-03,5.247244967642074043e-01,8.849488862174355319e-03,1.125721165908588617e-03,8.849488862174355319e-03,-1.864558477035772530e-03,-1.864558477035772530e-03,0.000000000000000000e+00,9.505606696868273975e-01,3.566274359173497027e-02,9.505606696868273975e-01,-3.566274359173497027e-02,9.505606696868272865e-01,3.566274359173491476e-02,9.505606696868272865e-01,-3.566274359173491476e-02
3.750000000000000000e+00,5.235987755982988157e-01,5.236624396933055037e-01,-2.443660287810337471e-03,5.242449145247778386e-01,3.168717581661264875e-03,6.461389264790229348e-04,3.168717581661264875e-03,-8.497796279234719500e-04,-8.497796279234719500e-04,0.000000000000000000e+00,9.505606696868273975e-01,3.566274359173497027e-02,9.505606696868273975e-01,-3.566274359173497027e-02,9.505606696868272865e-01,3.566274359173491476e-02,9.505606696868272865e-01,-3.566274359173491476e-02
3.760000000000000231e+00,5.235987755982988157e-01,5.236354587404152827e-01,-2.698095289018825546e-03,5.234653644256652694e-01,-4.943655167630551725e-03,-1.334111726335462933e-04,-4.943655167630551725e-03,6.703229610144995293e-04,6.703229610144995293e-04,0.000000000000000000e+00,9.505606696868273975e-01,3.566274359173497027e-02,9.505606696868273975e-01,-3.566274359173497027e-02,9.505606696868272865e-01,3.566274359173491476e-02,9.505606696868272865e-01,-3.566274359173491476e-02
3.770000000000000018e+00,5.235987755982988157e-01,5.236119298828231239e-01,-2.352885759219878244e-03,5.230738540468889974e-01,-8.364393438630214964e-03,-5.249215514098182211e-04,-8.364393438630214964e-03,1.358363395867205571e-03,1.358363395867205571e-03,0.000000000000000000e+00,9.505606696868273975e-01,3.566274359173497027e-02,9.505606696868273975e-01,-3.566274359173497027e-02,9.505606696868272865e-01,3.566274359173491476e-02,9.505606696868272865e-01,-3.566274359173491476e-02
3.780000000000000249e+00,5.235987755982988157e-01,5.235944234573588485e-01,-1.750642546431965384e-03,5.239444161093890218e-01,1.177666530233047529e-03,3.456405110902061040e-04,1.177666530233047529e-03,-3.948843504136823057e-04,-3.948843504136823057e-04,0.000000000000000000e+00,9.505606696868273975e-01,3.566274359173497027e-02,9.505606696868273975e-01,-3.566274359173497027e-02,9.505606696868272865e-01,3.566274359173491476e-02,9.505606696868272865e-01,-3.566274359173491476e-02
3.790000000000000036e+00,5.235987755982988157e-01,5.235759268524843302e-01,-1.849660487455021375e-03,5.237539140445096608e-01,-8.451207715838662295e-04,1.551384462108451601e-04,-8.451207715838662295e-04,-1.875723570075579826e-05,-1.875723570075579826e-05,0.000000000000000000e+00,9.505606696868273975e-01,3.566274359173497027e-02,9.505606696868273975e-01,-3.566274359173497027e-02,9.505606696868272865e-01,3.566274359173491476e-02,9.505606696868272865e-01,-3.566274359173491476e-02
3.800000000000000266e+00,5.235987755982988157e-01,5.235579350663607245e-01,-1.799178612356377646e-03,5.229238693024816920e-01,-9.061056114705166864e-03,-6.749062958171236914e-04,-9.061056114705166864e-03,1.551133211987717857e-03,1.551133211987717857e-03,0.000000000000000000e+00,9.505606696868273975e-01,3.566274359173497027e-02,9.505606696868273975e-01,-3.566274359173497027e-02,9.505606696868272865e-01,3.566274359173491476e-02,9.505606696868272865e-01,-3.566274359173491476e-02
3.810000000000000053e+00,5.235987755982988157e-01,5.235465430867417558e-01,-1.139197961892938126e-03,5.236391610644812733e-01,-1.002032883238839628e-03,4.038546618245764108e-05,-1.002032883238839628e-03,8.533972620216591050e-05,8.533972620216591050e-05,0.000000000000000000e+00,9.505606696868273975e-01,3.566274359173497027e-02,9.505606696868273975e-01,-3.566274359173497027e-02,9.505606696868272865e-01,3.566274359173491476e-02,9.505606696868272865e-01,-3.566274359173491476e-02
3.820000000000000284e+00,5.235987755982988157e-01,5.235358391733300198e-01,-1.070391341171815372e-03,5.234966371616126546e-01,-2.327068623601142791e-03,-1.021384366861610715e-04,-2.327068623601142791e-03,3.450135486747652608e-04,3.450135486747652608e-04,0.000000000000000000e+00,9.505606696868273975e-01,3.566274359173497027e-02,9.505606696868273975e-01,-3.566274359173497027e-02,9.505606696868272865e-01,3.566274359173491476e-02,9.505606696868272865e-01,-3.566274359173491476e-02
3.830000000000000071e+00,5.235987755982988157e-01,5.235268126047313286e-01,-9.026568598661270301e-04,5.227095027442503206e-01,-9.965705934864366525e-03,-8.892728540484950983e-04,-9.965705934864366525e-03,1.816145118283403383e-03,1.816145118283403383e-03,0.000000000000000000e+00,9.505606696868273975e-01,3.566274359173497027e-02,9.505606696868273975e-01,-3.566274359173497027e-02,9.505606696868272865e-01,3.566274359173491476e-02,9.505606696868272865e-01,-3.566274359173491476e-02
3.839999999999999858e+00,5.235987755982988157e-01,5.235251373227896021e-01,-1.675281941729632029e-04,5.242144122442843335e-01,6.079959658962194938e-03,6.156366459855178164e-04,6.079959658962194938e-03,-1.162790044987363361e-03,-1.162790044987363361e-03,0.000000000000000000e+00,9.505606696868273975e-01,3.566274359173497027e-02,9.505606696868273975e-01,-3.566274359173497027e-02,9.505606696868272865e-01,3.566274359173491476e-02,9.505606696868272865e-01,-3.566274359173491476e-02
3.850000000000000089e+00,5.235987755982988157e-01,5.235189882460173916e-01,-6.149076772164203519e-04,5.234685385573265570e-01,-1.986773176511786795e-03,-1.302370409722586331e-04,-1.986773176511786795e-03,3.268105128647632684e-04,3.268105128647632684e-04,0.000000000000000000e+00,9.505606696868273975e-01,3.566274359173497027e-02,9.505606696868273975e-01,-3.566274359173497027e-02,9.505606696868272865e-01,3.566274359173491476e-02,9.505606696868272865e-01,-3.566274359173491476e-02
3.859999999999999876e+00,5.235987755982988157e-01,5.235143033668829826e-01,-4.684879134447990368e-04,5.232726381002470450e-01,-3.747100429655727399e-03,-3.261374980517706135e-04,-3.747100429655727399e-03,6.767032314233046349e-04,6.767032314233046349e-04,0.000000000000000000e+00,9.505606696868273975e-01,3.566274359173497027e-02,9.505606696868273975e-01,-3.566274359173497027e-02,9.505606696868272865e-01,3.566274359173491476e-02,9.505606696868272865e-01,-3.566274359173491476e-02
3.870000000000000107e+00,5.235987755982988157e-01,5.235123988925109995e-01,-1.904474372034329634e-04,5.240394955489999784e-01,4.296184100839177053e-03,4.407199507011627659e-04,4.296184100839177053e-03,-8.259170138077661424e-04,-8.259170138077661424e-04,0.000000000000000000e+00,9.505606696868273975e-01,3.566274359173497027e-02,9.505606696868273975e-01,-3.566274359173497027e-02,9.505606696868272865e-01,3.566274359173491476e-02,9.505606696868272865e-01,-3.566274359173491476e-02
3.879999999999999893e+00,5.235987755982988157e-01,5.235073390528541815e-01,-5.059839656769330547e-04,5.233635240606612227e-01,-2.893149192632296206e-03,-2.352515376375929890e-04,-2.893149192632296206e-03,5.100748334788510500e-04,5.100748334788510500e-04,0.000000000000000000e+00,9.505606696868273975e-01,3.566274359173497027e-02,9.505606696868273975e-01,-3.566274359173497027e-02,9.505606696868272865e-01,3.566274359173491476e-02,9.505606696868272865e-01,-3.566274359173491476e-02
3.890000000000000124e+00,5.235987755982988157e-01,5.235044227349081591e-01,-2.916317946057300509e-04,5.240201061531268856e-01,3.961986651287561015e-03,4.213305548280699142e-04,3.961986651287561015e-03,-7.728307310275233039e-04,-7.728307310275233039e-04,0.000000000000000000e+00,9.505606696868273975e-01,3.566274359173497027e-02,9.505606696868273975e-01,-3.566274359173497027e-02,9.505606696868272865e-01,3.566274359173491476e-02,9.505606696868272865e-01,-3.566274359173491476e-02
3.899999999999999911e+00,5.235987755982988157e-01,5.234985892984903577e-01,-5.833436417746755594e-04,5.241826844737986768e-01,5.191571192876717061e-03,5.839088754998611464e-04,5.191571192876717061e-03,-1.036520871791298849e-03,-1.036520871791298849e-03,0.000000000000000000e+00,9.505606696868273975e-01,3.566274359173497027e-02,9.505606696868273975e-01,-3.566274359173497027e-02,9.505606696868272865e-01,3.566274359173491476e-02,9.505606696868272865e-01,-3.566274359173491476e-02
3.910000000000000142e+00,5.235987755982988157e-01,5.234889034667952190e-01,-9.685831695137663792e-04,5.238338247282274818e-01,1.183816617877095703e-03,2.350491299286661118e-04,1.183816617877095703e-03,-3.127184197642638450e-04,-3.127184197642638450e-04,0.000000000000000000e+00,9.505606696868273975e-01,3.566274359173497027e-02,9.505606696868273975e-01,-3.566274359173497027e-02,9.505606696868272865e-01,3.566274359173491476e-02,9.505606696868272865e-01,-3.566274359173491476e-02
3.919999999999999929e+00,5.235987755982988157e-01,5.234783029704355162e-01,-1.060049635975662081e-03,5.238916003833090640e-01,1.643191506905208356e-03,2.928247850102483341e-04,1.643191506905208356e-03,-4.090124191922371762e-04,-4.090124191922371762e-04,0.000000000000000000e+00,9.505606696868273975e-01,3.566274359173497027e-02,9.505606696868273975e-01,-3.566274359173497027e-02,9.505606696868272865e-01,3.566274359173491476e-02,9.505606696868272865e-01,-3.566274359173491476e-02
3.930000000000000160e+00,5.235987755982988157e-01,5.234664415614634914e-01,-1.186140897198731349e-03,5.234649842501293282e-01,-2.787288975582669515e-03,-1.337913481694874562e-04,-2.787288975582669515e-03,4.218291105023660764e-04,4.218291105023660764e-04,0.000000000000000000e+00,9.505606696868273975e-01,3.566274359173497027e-02,9.505606696868273975e-01,-3.566274359173497027e-02,9.505606696868272865e-01,3.566274359173491476e-02,9.505606696868272865e-01,-3.566274359173491476e-02
3.939999999999999947e+00,5.235987755982988157e-01,5.234565926598696572e-01,-9.848901593845717142e-04,5.243981129929520257e-01,6.822727350202570720e-03,7.993373946532100760e-04,6.822727350202570720e-03,-1.386145220381966234e-03,-1.386145220381966234e-03,0.000000000000000000e+00,9.505606696868273975e-01,3.566274359173497027e-02,9.505606696868273975e-01,-3.566274359173497027e-02,9.505606696868272865e-01,3.566274359173491476e-02,9.505606696868272865e-01,-3.566274359173491476e-02
3.950000000000000178e+00,5.235987755982988157e-01,5.234416559016634718e-01,-1.493675820622627224e-03,5.238438425556273259e-01,5.977502419353165897e-04,2.450669573285102487e-04,5.977502419353165897e-04,-2.526114775986186100e-04,-2.526114775986186100e-04,0.000000000000000000e+00,9.505606696868273975e-01,3.566274359173497027e-02,9.505606696868273975e-01,-3.566274359173497027e-02,9.505606696868272865e-01,3.566274359173491476e-02,9.505606696868272865e-01,-3.566274359173491476e-02
3.959999999999999964e+00,5.235987755982988157e-01,5.234262024815760084e-01,-1.545342008747041833e-03,5.234906776311616383e-01,-2.993674026915089936e-03,-1.080979671371773421e-04,-2.993674026915089936e-03,4.263854166165985784e-04,4.263854166165985784e-04,0.000000000000000000e+00,9.505606696868273975e-01,3.566274359173497027e-02,9.505606696868273975e-01,-3.566274359173497027e-02,9.505606696868272865e-01,3.566274359173491476e-02,9.505606696868272865e-01,-3.566274359173491476e-02
3.970000000000000195e+00,5.235987755982988157e-01,5.234128915179909747e-01,-1.331096358504303212e-03,5.238240071776563145e-01,6.389888407231799315e-04,2.252315793574988234e-04,6.389888407231799315e-04,-2.425048273513504557e-04,-2.425048273513504557e-04,0.000000000000000000e+00,9.505606696868273975e-01,3.566274359173497027e-02,9.505606696868273975e-01,-3.566274359173497027e-02,9.505606696868272865e-01,3.566274359173491476e-02,9.505606696868272865e-01,-3.566274359173491476e-02
3.979999999999999982e+00,5.235987755982988157e-01,5.233990524428518976e-01,-1.383907513910121248e-03,5.233461998226419665e-01,-4.202983593492617444e-03,-2.525757756568491885e-04,-4.202983593492617444e-03,6.741722023998202203e-04,6.741722023998202203e-04,0.000000000000000000e+00,9.505606696868273975e-01,3.566274359173497027e-02,9.505606696868273975e-01,-3.566274359173497027e-02,9.505606696868272865e-01,3.566274359173491476e-02,9.505606696868272865e-01,-3.566274359173491476e-02
3.990000000000000213e+00,5.235987755982988157e-01,5.233882698960451441e-01,-1.078254680677847698e-03,5.237665373570558058e-01,4.206901099950369899e-04,1.677617587569901758e-04,4.206901099950369899e-04,-1.742528355862953983e-04,-1.742528355862953983e-04,0.000000000000000000e+00,9.505606696868273975e-01,3.566274359173497027e-02,9.505606696868273975e-01,-3.566274359173497027e-02,9.505606696868272865e-01,3.566274359173491476e-02,9.505606696868272865e-01,-3.566274359173491476e-02
4.000000000000000000e+00,5.235987755982988157e-01,5.233771459194949127e-01,-1.112397655026104749e-03,5.235637113939412002e-01,-1.649638532150522795e-03,-3.506420435761548049e-05,-1.649638532150522795e-03,2.165944345366895560e-04,2.165944345366895560e-04,0.000000000000000000e+00,9.505606696868273975e-01,3.566274359173497027e-02,9.505606696868273975e-01,-3.566274359173497027e-02,9.505606696868272865e-01,3.566274359173491476e-02,9.505606696868272865e-01,-3.566274359173491476e-02
