time_s,q_ref_rad,q_rad,dq_rad_s,q_measured_rad,dq_est_rad_s,state_error_q_rad,state_error_dq_rad_s,torque_unsat_nm,torque_applied_nm,saturated,requested_pole_1_real,requested_pole_1_imag,requested_pole_2_real,requested_pole_2_imag,computed_pole_1_real,computed_pole_1_imag,computed_pole_2_real,computed_pole_2_imag
0.000000000000000000e+00,5.235987755982988157e-01,0.000000000000000000e+00,0.000000000000000000e+00,5.807252786428039197e-05,0.000000000000000000e+00,-5.235407030704345432e-01,0.000000000000000000e+00,1.142241150540648925e-01,1.142241150540648925e-01,0.000000000000000000e+00,9.734910186944261135e-01,1.947241676536179758e-02,9.734910186944261135e-01,-1.947241676536179758e-02,9.734910186944260024e-01,1.947241676536182881e-02,9.734910186944260024e-01,-1.947241676536182881e-02
1.000000000000000021e-02,5.235987755982988157e-01,5.779987605205186632e-04,5.779987605205186979e-02,5.341433334758804259e-04,4.760708056115999648e-03,-5.230646322648229152e-01,4.760708056115999648e-03,1.139985604023830146e-01,1.139985604023830146e-01,0.000000000000000000e+00,9.734910186944261135e-01,1.947241676536179758e-02,9.734910186944261135e-01,-1.947241676536179758e-02,9.734910186944260024e-01,1.947241676536182881e-02,9.734910186944260024e-01,-1.947241676536182881e-02
2.000000000000000042e-02,5.235987755982988157e-01,1.709381367565040522e-03,1.131382607044521815e-01,1.288324340590472038e-03,1.182644732165031437e-02,-5.223104512577083636e-01,1.182644732165031437e-02,1.136534103668663531e-01,1.136534103668663531e-01,0.000000000000000000e+00,9.734910186944261135e-01,1.947241676536179758e-02,9.734910186944261135e-01,-1.947241676536179758e-02,9.734910186944260024e-01,1.947241676536182881e-02,9.734910186944260024e-01,-1.947241676536182881e-02
2.999999999999999889e-02,5.235987755982988157e-01,3.369927384069683167e-03,1.660546016504642897e-01,2.243060627741318407e-03,2.019116546099374368e-02,-5.213557149705575489e-01,2.019116546099374368e-02,1.132313010515887536e-01,1.132313010515887536e-01,0.000000000000000000e+00,9.734910186944261135e-01,1.947241676536179758e-02,9.734910186944261135e-01,-1.947241676536179758e-02,9.734910186944260024e-01,1.947241676536182881e-02,9.734910186944260024e-01,-1.947241676536182881e-02
4.000000000000000083e-02,5.235987755982988157e-01,5.536010577413347233e-03,2.166083193343664448e-01,6.170534761476248464e-03,5.744679025224365410e-02,-5.174282408368225950e-01,5.744679025224365410e-02,1.114221374601066239e-01,1.114221374601066239e-01,0.000000000000000000e+00,9.734910186944261135e-01,1.947241676536179758e-02,9.734910186944261135e-01,-1.947241676536179758e-02,9.734910186944260024e-01,1.947241676536182881e-02,9.734910186944260024e-01,-1.947241676536182881e-02
5.000000000000000278e-02,5.235987755982988157e-01,8.177945423298700611e-03,2.641934845885352545e-01,7.925590138620699707e-03,6.925266499846380319e-02,-5.156731854596781073e-01,6.925266499846380319e-02,1.107374589823363481e-01,1.107374589823363481e-01,0.000000000000000000e+00,9.734910186944261135e-01,1.947241676536179758e-02,9.734910186944261135e-01,-1.947241676536179758e-02,9.734910186944260024e-01,1.947241676536182881e-02,9.734910186944260024e-01,-1.947241676536182881e-02
5.999999999999999778e-02,5.235987755982988157e-01,1.127294211762912106e-02,3.094996694330420239e-01,1.117096782015781359e-02,9.478117531398855267e-02,-5.124278077781410090e-01,9.478117531398855267e-02,1.093768666073653834e-01,1.093768666073653834e-01,0.000000000000000000e+00,9.734910186944261135e-01,1.947241676536179758e-02,9.734910186944261135e-01,-1.947241676536179758e-02,9.734910186944260024e-01,1.947241676536182881e-02,9.734910186944260024e-01,-1.947241676536182881e-02
7.000000000000000666e-02,5.235987755982988157e-01,1.479571612011497915e-02,3.522774002485858369e-01,1.433348560247241742e-02,1.169282356057357308e-01,-5.092652899958264312e-01,1.169282356057357308e-01,1.081207847374161257e-01,1.081207847374161257e-01,0.000000000000000000e+00,9.734910186944261135e-01,1.947241676536179758e-02,9.734910186944261135e-01,-1.947241676536179758e-02,9.734910186944260024e-01,1.947241676536182881e-02,9.734910186944260024e-01,-1.947241676536182881e-02
8.000000000000000167e-02,5.235987755982988157e-01,1.872253858644895574e-02,3.926822466333977912e-01,1.841713509980155011e-02,1.460719070184534896e-01,-5.051816404984972309e-01,1.460719070184534896e-01,1.064848951310843617e-01,1.064848951310843617e-01,0.000000000000000000e+00,9.734910186944261135e-01,1.947241676536179758e-02,9.734910186944261135e-01,-1.947241676536179758e-02,9.734910186944260024e-01,1.947241676536182881e-02,9.734910186944260024e-01,-1.947241676536182881e-02
8.999999999999999667e-02,5.235987755982988157e-01,2.302872243352895032e-02,4.306183847079994576e-01,2.248128555869475728e-02,1.721062209055402026e-01,-5.011174900396040410e-01,1.721062209055402026e-01,1.049327373063832641e-01,1.049327373063832641e-01,0.000000000000000000e+00,9.734910186944261135e-01,1.947241676536179758e-02,9.734910186944261135e-01,-1.947241676536179758e-02,9.734910186944260024e-01,1.947241676536182881e-02,9.734910186944260024e-01,-1.947241676536182881e-02
1.000000000000000056e-01,5.235987755982988157e-01,2.769100686559464175e-02,4.662284432065690876e-01,2.765224392844512283e-02,2.066051825124898267e-01,-4.959465316698536963e-01,2.066051825124898267e-01,1.029227374827010877e-01,1.029227374827010877e-01,0.000000000000000000e+00,9.734910186944261135e-01,1.947241676536179758e-02,9.734910186944261135e-01,-1.947241676536179758e-02,9.734910186944260024e-01,1.947241676536182881e-02,9.734910186944260024e-01,-1.947241676536182881e-02
1.100000000000000006e-01,5.235987755982988157e-01,3.268475896953702137e-02,4.993752103942381004e-01,3.274228555929154655e-02,2.368450805697050743e-01,-4.908564900390072760e-01,2.368450805697050743e-01,1.010392566854694252e-01,1.010392566854694252e-01,0.000000000000000000e+00,9.734910186944261135e-01,1.947241676536179758e-02,9.734910186944261135e-01,-1.947241676536179758e-02,9.734910186944260024e-01,1.947241676536182881e-02,9.734910186944260024e-01,-1.947241676536182881e-02
1.199999999999999956e-01,5.235987755982988157e-01,3.798698643237455319e-02,5.302227462837528771e-01,3.785195737037629765e-02,2.642572906235820529e-01,-4.857468182279225388e-01,2.642572906235820529e-01,9.922377091773174063e-02,9.922377091773174063e-02,0.000000000000000000e+00,9.734910186944261135e-01,1.947241676536179758e-02,9.734910186944261135e-01,-1.947241676536179758e-02,9.734910186944260024e-01,1.947241676536182881e-02,9.734910186944260024e-01,-1.947241676536182881e-02
1.300000000000000044e-01,5.235987755982988157e-01,4.357597476946183795e-02,5.588988337087283931e-01,4.388976522863198559e-02,2.982096401437807076e-01,-4.797090103696668439e-01,2.982096401437807076e-01,9.703861699962737508e-02,9.703861699962737508e-02,0.000000000000000000e+00,9.734910186944261135e-01,1.947241676536179758e-02,9.734910186944261135e-01,-1.947241676536179758e-02,9.734910186944260024e-01,1.947241676536182881e-02,9.734910186944260024e-01,-1.947241676536182881e-02
1.400000000000000133e-01,5.235987755982988157e-01,4.942902075912813942e-02,5.853045989666304516e-01,4.868125877919451255e-02,3.163036116350279037e-01,-4.749175168191043239e-01,3.163036116350279037e-01,9.553073145431334456e-02,9.553073145431334456e-02,0.000000000000000000e+00,9.734910186944261135e-01,1.947241676536179758e-02,9.734910186944261135e-01,-1.947241676536179758e-02,9.734910186944260024e-01,1.947241676536182881e-02,9.734910186944260024e-01,-1.947241676536182881e-02
1.499999999999999944e-01,5.235987755982988157e-01,5.552777032259794548e-02,6.098749563469808566e-01,5.600362275101954806e-02,3.578968901897754962e-01,-4.675951528472792607e-01,3.578968901897754962e-01,9.287000999127605072e-02,9.287000999127605072e-02,0.000000000000000000e+00,9.734910186944261135e-01,1.947241676536179758e-02,9.734910186944261135e-01,-1.947241676536179758e-02,9.734910186944260024e-01,1.947241676536182881e-02,9.734910186944260024e-01,-1.947241676536182881e-02
1.600000000000000033e-01,5.235987755982988157e-01,6.184878117348672349e-02,6.321010850888776345e-01,6.132600205640296315e-02,3.753309942246320641e-01,-4.622727735418958317e-01,3.753309942246320641e-01,9.126316453222893532e-02,9.126316453222893532e-02,0.000000000000000000e+00,9.734910186944261135e-01,1.947241676536179758e-02,9.734910186944261135e-01,-1.947241676536179758e-02,9.734910186944260024e-01,1.947241676536182881e-02,9.734910186944260024e-01,-1.947241676536182881e-02
1.700000000000000122e-01,5.235987755982988157e-01,6.837489589921737221e-02,6.526114725730649546e-01,6.815784119890642978e-02,4.061162862272035268e-01,-4.554409343993923720e-01,4.061162862272035268e-01,8.898572430673862277e-02,8.898572430673862277e-02,0.000000000000000000e+00,9.734910186944261135e-01,1.947241676536179758e-02,9.734910186944261135e-01,-1.947241676536179758e-02,9.734910186944260024e-01,1.947241676536182881e-02,9.734910186944260024e-01,-1.947241676536182881e-02
1.799999999999999933e-01,5.235987755982988157e-01,7.508626052552712371e-02,6.711364626309751502e-01,7.461409056549790642e-02,4.300671512703979626e-01,-4.489846850328009231e-01,4.300671512703979626e-01,8.696492200558458840e-02,8.696492200558458840e-02,0.000000000000000000e+00,9.734910186944261135e-01,1.947241676536179758e-02,9.734910186944261135e-01,-1.947241676536179758e-02,9.734910186944260024e-01,1.947241676536182881e-02,9.734910186944260024e-01,-1.947241676536182881e-02
1.900000000000000022e-01,5.235987755982988157e-01,8.196512602687083815e-02,6.878865501343707223e-01,8.168751368483923025e-02,4.577946673367713770e-01,-4.419112619134595854e-01,4.577946673367713770e-01,8.471293299973872704e-02,8.471293299973872704e-02,0.000000000000000000e+00,9.734910186944261135e-01,1.947241676536179758e-02,9.734910186944261135e-01,-1.947241676536179758e-02,9.734910186944260024e-01,1.947241676536182881e-02,9.734910186944260024e-01,-1.947241676536182881e-02
2.000000000000000111e-01,5.235987755982988157e-01,8.899329434243175019e-02,7.028168315560914259e-01,8.875536115627812028e-02,4.826936753174831396e-01,-4.348434144420206815e-01,4.826936753174831396e-01,8.253445929682658166e-02,8.253445929682658166e-02,0.000000000000000000e+00,9.734910186944261135e-01,1.947241676536179758e-02,9.734910186944261135e-01,-1.947241676536179758e-02,9.734910186944260024e-01,1.947241676536182881e-02,9.734910186944260024e-01,-1.947241676536182881e-02
2.099999999999999922e-01,5.235987755982988157e-01,9.615367847039338334e-02,7.160384127961629819e-01,9.639537877832245194e-02,5.108244840061780812e-01,-4.272033968199763776e-01,5.108244840061780812e-01,8.014854439424662358e-02,8.014854439424662358e-02,0.000000000000000000e+00,9.734910186944261135e-01,1.947241676536179758e-02,9.734910186944261135e-01,-1.947241676536179758e-02,9.734910186944260024e-01,1.947241676536182881e-02,9.734910186944260024e-01,-1.947241676536182881e-02
2.200000000000000011e-01,5.235987755982988157e-01,1.034288356451036478e-01,7.275157174710263908e-01,1.046996166738674988e-01,5.427844145610106752e-01,-4.188991589244313030e-01,5.427844145610106752e-01,7.751983716153636184e-02,7.751983716153636184e-02,0.000000000000000000e+00,9.734910186944261135e-01,1.947241676536179758e-02,9.734910186944261135e-01,-1.947241676536179758e-02,9.734910186944260024e-01,1.947241676536182881e-02,9.734910186944260024e-01,-1.947241676536182881e-02
2.300000000000000100e-01,5.235987755982988157e-01,1.108008029009011769e-01,7.371967255797523544e-01,1.102656437643542847e-01,5.441662440097774223e-01,-4.133331318339445448e-01,5.441662440097774223e-01,7.627014196930527457e-02,7.627014196930527457e-02,0.000000000000000000e+00,9.734910186944261135e-01,1.947241676536179758e-02,9.734910186944261135e-01,-1.947241676536179758e-02,9.734910186944260024e-01,1.947241676536182881e-02,9.734910186944260024e-01,-1.947241676536182881e-02
2.399999999999999911e-01,5.235987755982988157e-01,1.182593248797249724e-01,7.458521978823791088e-01,1.181868904791333469e-01,5.689620867565903239e-01,-4.054118851191654826e-01,5.689620867565903239e-01,7.390811385457857208e-02,7.390811385457857208e-02,0.000000000000000000e+00,9.734910186944261135e-01,1.947241676536179758e-02,9.734910186944261135e-01,-1.947241676536179758e-02,9.734910186944260024e-01,1.947241676536182881e-02,9.734910186944260024e-01,-1.947241676536182881e-02
2.500000000000000000e-01,5.235987755982988157e-01,1.257889340663674582e-01,7.529609186642496343e-01,1.247033573115943622e-01,5.772305464055413893e-01,-3.988954182867044396e-01,5.772305464055413893e-01,7.227502780878007627e-02,7.227502780878007627e-02,0.000000000000000000e+00,9.734910186944261135e-01,1.947241676536179758e-02,9.734910186944261135e-01,-1.947241676536179758e-02,9.734910186944260024e-01,1.947241676536182881e-02,9.734910186944260024e-01,-1.947241676536182881e-02
2.600000000000000089e-01,5.235987755982988157e-01,1.333784797136897682e-01,7.589545647322303301e-01,1.333201040880982180e-01,6.056749595300257027e-01,-3.902786715102005699e-01,6.056749595300257027e-01,6.966799789304878310e-02,6.966799789304878310e-02,0.000000000000000000e+00,9.734910186944261135e-01,1.947241676536179758e-02,9.734910186944261135e-01,-1.947241676536179758e-02,9.734910186944260024e-01,1.947241676536182881e-02,9.734910186944260024e-01,-1.947241676536182881e-02
2.700000000000000178e-01,5.235987755982988157e-01,1.410123355593287109e-01,7.633855845638942705e-01,1.410998384738719469e-01,6.229048074347603992e-01,-3.824989371244268410e-01,6.229048074347603992e-01,6.753023701194162121e-02,6.753023701194162121e-02,0.000000000000000000e+00,9.734910186944261135e-01,1.947241676536179758e-02,9.734910186944261135e-01,-1.947241676536179758e-02,9.734910186944260024e-01,1.947241676536182881e-02,9.734910186944260024e-01,-1.947241676536182881e-02
2.800000000000000266e-01,5.235987755982988157e-01,1.486778845542015282e-01,7.665548994872811717e-01,1.493322817487952314e-01,6.429387594405172601e-01,-3.742664938495036120e-01,6.429387594405172601e-01,6.522203078613703076e-02,6.522203078613703076e-02,0.000000000000000000e+00,9.734910186944261135e-01,1.947241676536179758e-02,9.734910186944261135e-01,-1.947241676536179758e-02,9.734910186944260024e-01,1.947241676536182881e-02,9.734910186944260024e-01,-1.947241676536182881e-02
2.899999999999999800e-01,5.235987755982988157e-01,1.563621595596906000e-01,7.684275005489076271e-01,1.571278231667390946e-01,6.566002976759042209e-01,-3.664709524315596934e-01,6.566002976759042209e-01,6.317202991045420268e-02,6.317202991045420268e-02,0.000000000000000000e+00,9.734910186944261135e-01,1.947241676536179758e-02,9.734910186944261135e-01,-1.947241676536179758e-02,9.734910186944260024e-01,1.947241676536182881e-02,9.734910186944260024e-01,-1.947241676536182881e-02
2.999999999999999889e-01,5.235987755982988157e-01,1.640540266307545236e-01,7.691867071063919203e-01,1.647486690448603797e-01,6.671487266895266277e-01,-3.588501065534384082e-01,6.671487266895266277e-01,6.123971689374510530e-02,6.123971689374510530e-02,0.000000000000000000e+00,9.734910186944261135e-01,1.947241676536179758e-02,9.734910186944261135e-01,-1.947241676536179758e-02,9.734910186944260024e-01,1.947241676536182881e-02,9.734910186944260024e-01,-1.947241676536182881e-02
3.099999999999999978e-01,5.235987755982988157e-01,1.717433995177354011e-01,7.689372886980867516e-01,1.718587411089104733e-01,6.715345746610749122e-01,-3.517400344893883424e-01,6.715345746610749122e-01,5.957636284421188866e-02,5.957636284421188866e-02,0.000000000000000000e+00,9.734910186944261135e-01,1.947241676536179758e-02,9.734910186944261135e-01,-1.947241676536179758e-02,9.734910186944260024e-01,1.947241676536182881e-02,9.734910186944260024e-01,-1.947241676536182881e-02
3.200000000000000067e-01,5.235987755982988157e-01,1.794219625821536213e-01,7.678563064418220119e-01,1.796770625143928046e-01,6.825643312497907678e-01,-3.439217130839060110e-01,6.825643312497907678e-01,5.758866226880717670e-02,5.758866226880717670e-02,0.000000000000000000e+00,9.734910186944261135e-01,1.947241676536179758e-02,9.734910186944261135e-01,-1.947241676536179758e-02,9.734910186944260024e-01,1.947241676536182881e-02,9.734910186944260024e-01,-1.947241676536182881e-02
3.300000000000000155e-01,5.235987755982988157e-01,1.870800966347446193e-01,7.658134052591005769e-01,1.868543634858080560e-01,6.860809078389641380e-01,-3.367444121124907319e-01,6.860809078389641380e-01,5.593285971368874149e-02,5.593285971368874149e-02,0.000000000000000000e+00,9.734910186944261135e-01,1.947241676536179758e-02,9.734910186944261135e-01,-1.947241676536179758e-02,9.734910186944260024e-01,1.947241676536182881e-02,9.734910186944260024e-01,-1.947241676536182881e-02
3.400000000000000244e-01,5.235987755982988157e-01,1.947102526145080281e-01,7.630155979763403318e-01,1.959344673777382029e-01,7.082738559743692042e-01,-3.276643082205605850e-01,7.082738559743692042e-01,5.338452853360473038e-02,5.338452853360473038e-02,0.000000000000000000e+00,9.734910186944261135e-01,1.947241676536179758e-02,9.734910186944261135e-01,-1.947241676536179758e-02,9.734910186944260024e-01,1.947241676536182881e-02,9.734910186944260024e-01,-1.947241676536182881e-02
3.500000000000000333e-01,5.235987755982988157e-01,2.023006716531056404e-01,7.590419038597618906e-01,2.021340443451799251e-01,6.994422400513494731e-01,-3.214647312531189183e-01,6.994422400513494731e-01,5.225767131690592371e-02,5.225767131690592371e-02,0.000000000000000000e+00,9.734910186944261135e-01,1.947241676536179758e-02,9.734910186944261135e-01,-1.947241676536179758e-02,9.734910186944260024e-01,1.947241676536182881e-02,9.734910186944260024e-01,-1.947241676536182881e-02
3.599999999999999867e-01,5.235987755982988157e-01,2.098472653968891377e-01,7.546593743783496233e-01,2.091860303652672282e-01,7.000178762470875560e-01,-3.144127452330315875e-01,7.000178762470875560e-01,5.070438218529267627e-02,5.070438218529267627e-02,0.000000000000000000e+00,9.734910186944261135e-01,1.947241676536179758e-02,9.734910186944261135e-01,-1.947241676536179758e-02,9.734910186944260024e-01,1.947241676536182881e-02,9.734910186944260024e-01,-1.947241676536182881e-02
3.699999999999999956e-01,5.235987755982988157e-01,2.173439536896849267e-01,7.496688292795790076e-01,2.172723030674650613e-01,7.108788156443570649e-01,-3.063264725308337821e-01,7.108788156443570649e-01,4.866253611379074695e-02,4.866253611379074695e-02,0.000000000000000000e+00,9.734910186944261135e-01,1.947241676536179758e-02,9.734910186944261135e-01,-1.947241676536179758e-02,9.734910186944260024e-01,1.947241676536182881e-02,9.734910186944260024e-01,-1.947241676536182881e-02
3.800000000000000044e-01,5.235987755982988157e-01,2.247824310973592643e-01,7.438477407674343178e-01,2.259235000948509875e-01,7.263029043537806428e-01,-2.976752755034478559e-01,7.263029043537806428e-01,4.638079942092989544e-02,4.638079942092989544e-02,0.000000000000000000e+00,9.734910186944261135e-01,1.947241676536179758e-02,9.734910186944261135e-01,-1.947241676536179758e-02,9.734910186944260024e-01,1.947241676536182881e-02,9.734910186944260024e-01,-1.947241676536182881e-02
3.900000000000000133e-01,5.235987755982988157e-01,2.321535155857448740e-01,7.371084488385596378e-01,2.324918158977201665e-01,7.193557719470943246e-01,-2.911069597005786491e-01,7.193557719470943246e-01,4.512532333107219934e-02,4.512532333107219934e-02,0.000000000000000000e+00,9.734910186944261135e-01,1.947241676536179758e-02,9.734910186944261135e-01,-1.947241676536179758e-02,9.734910186944260024e-01,1.947241676536182881e-02,9.734910186944260024e-01,-1.947241676536182881e-02
4.000000000000000222e-01,5.235987755982988157e-01,2.394535911203435896e-01,7.300075534598712279e-01,2.402423164906727360e-01,7.249252006819105754e-01,-2.833564591076260797e-01,7.249252006819105754e-01,4.329198979691109561e-02,4.329198979691109561e-02,0.000000000000000000e+00,9.734910186944261135e-01,1.947241676536179758e-02,9.734910186944261135e-01,-1.947241676536179758e-02,9.734910186944260024e-01,1.947241676536182881e-02,9.734910186944260024e-01,-1.947241676536182881e-02
4.100000000000000311e-01,5.235987755982988157e-01,2.466762644364365042e-01,7.222673316092904638e-01,2.473176483049907559e-01,7.231859987568997061e-01,-2.762811272933080597e-01,7.231859987568997061e-01,4.179277620117316516e-02,4.179277620117316516e-02,0.000000000000000000e+00,9.734910186944261135e-01,1.947241676536179758e-02,9.734910186944261135e-01,-1.947241676536179758e-02,9.734910186944260024e-01,1.947241676536182881e-02,9.734910186944260024e-01,-1.947241676536182881e-02
4.199999999999999845e-01,5.235987755982988157e-01,2.538170926304172959e-01,7.140828193980802707e-01,2.539915722187058855e-01,7.176066380183609983e-01,-2.696072033795929301e-01,7.176066380183609983e-01,4.047929764660348345e-02,4.047929764660348345e-02,0.000000000000000000e+00,9.734910186944261135e-01,1.947241676536179758e-02,9.734910186944261135e-01,-1.947241676536179758e-02,9.734910186944260024e-01,1.947241676536182881e-02,9.734910186944260024e-01,-1.947241676536182881e-02
4.299999999999999933e-01,5.235987755982988157e-01,2.608727530924386251e-01,7.055660462021343671e-01,2.600020491183494542e-01,7.059507432129605853e-01,-2.635967264799493615e-01,7.059507432129605853e-01,3.946588828957513923e-02,3.946588828957513923e-02,0.000000000000000000e+00,9.734910186944261135e-01,1.947241676536179758e-02,9.734910186944261135e-01,-1.947241676536179758e-02,9.734910186944260024e-01,1.947241676536182881e-02,9.734910186944260024e-01,-1.947241676536182881e-02
4.400000000000000022e-01,5.235987755982988157e-01,2.678415765648816116e-01,6.968823472443014255e-01,2.687065688975979194e-01,7.224008666841491566e-01,-2.548922067007008962e-01,7.224008666841491566e-01,3.714629160894975662e-02,3.714629160894975662e-02,0.000000000000000000e+00,9.734910186944261135e-01,1.947241676536179758e-02,9.734910186944261135e-01,-1.947241676536179758e-02,9.734910186944260024e-01,1.947241676536182881e-02,9.734910186944260024e-01,-1.947241676536182881e-02
4.500000000000000111e-01,5.235987755982988157e-01,2.747153519909030228e-01,6.873775426021416779e-01,2.743605017928011924e-01,7.067001089677670267e-01,-2.492382738054976232e-01,7.067001089677670267e-01,3.631406145247555867e-02,3.631406145247555867e-02,0.000000000000000000e+00,9.734910186944261135e-01,1.947241676536179758e-02,9.734910186944261135e-01,-1.947241676536179758e-02,9.734910186944260024e-01,1.947241676536182881e-02,9.734910186944260024e-01,-1.947241676536182881e-02
4.600000000000000200e-01,5.235987755982988157e-01,2.814937281760371834e-01,6.778376185134135090e-01,2.809235301580226829e-01,7.016603817232052176e-01,-2.426752454402761328e-01,7.016603817232052176e-01,3.501098422127778970e-02,3.501098422127778970e-02,0.000000000000000000e+00,9.734910186944261135e-01,1.947241676536179758e-02,9.734910186944261135e-01,-1.947241676536179758e-02,9.734910186944260024e-01,1.947241676536182881e-02,9.734910186944260024e-01,-1.947241676536182881e-02
4.700000000000000289e-01,5.235987755982988157e-01,2.881739856002779043e-01,6.680257424240737540e-01,2.874571555433768633e-01,6.968305974044265438e-01,-2.361416200549219524e-01,6.968305974044265438e-01,3.370895571845038824e-02,3.370895571845038824e-02,0.000000000000000000e+00,9.734910186944261135e-01,1.947241676536179758e-02,9.734910186944261135e-01,-1.947241676536179758e-02,9.734910186944260024e-01,1.947241676536182881e-02,9.734910186944260024e-01,-1.947241676536182881e-02
4.799999999999999822e-01,5.235987755982988157e-01,2.947535204949605081e-01,6.579534894682603774e-01,2.940169932107579709e-01,6.927459143377949768e-01,-2.295817823875408448e-01,6.927459143377949768e-01,3.238216296213780598e-02,3.238216296213780598e-02,0.000000000000000000e+00,9.734910186944261135e-01,1.947241676536179758e-02,9.734910186944261135e-01,-1.947241676536179758e-02,9.734910186944260024e-01,1.947241676536182881e-02,9.734910186944260024e-01,-1.947241676536182881e-02
4.899999999999999911e-01,5.235987755982988157e-01,3.012297095226149080e-01,6.476189027654386532e-01,3.010823177201576439e-01,6.941245679980122540e-01,-2.225164578781411717e-01,6.941245679980122540e-01,3.080543794939421404e-02,3.080543794939421404e-02,0.000000000000000000e+00,9.734910186944261135e-01,1.947241676536179758e-02,9.734910186944261135e-01,-1.947241676536179758e-02,9.734910186944260024e-01,1.947241676536182881e-02,9.734910186944260024e-01,-1.947241676536182881e-02
5.000000000000000000e-01,5.235987755982988157e-01,3.075987711728284668e-01,6.369061650213583281e-01,3.076627474904045645e-01,6.905164089006802230e-01,-2.159360281078942512e-01,6.905164089006802230e-01,2.946197216956563877e-02,2.946197216956563877e-02,0.000000000000000000e+00,9.734910186944261135e-01,1.947241676536179758e-02,9.734910186944261135e-01,-1.947241676536179758e-02,9.734910186944260024e-01,1.947241676536182881e-02,9.734910186944260024e-01,-1.947241676536182881e-02
5.100000000000000089e-01,5.235987755982988157e-01,3.138582578512955079e-01,6.259486678467032217e-01,3.132063261500144802e-01,6.769005546067113910e-01,-2.103924494482843355e-01,6.769005546067113910e-01,2.860052695400482417e-02,2.860052695400482417e-02,0.000000000000000000e+00,9.734910186944261135e-01,1.947241676536179758e-02,9.734910186944261135e-01,-1.947241676536179758e-02,9.734910186944260024e-01,1.947241676536182881e-02,9.734910186944260024e-01,-1.947241676536182881e-02
5.200000000000000178e-01,5.235987755982988157e-01,3.200082604933220387e-01,6.150002642026550781e-01,3.194492164215249619e-01,6.716394018611451244e-01,-2.041495591767738538e-01,6.716394018611451244e-01,2.737295603695196963e-02,2.737295603695196963e-02,0.000000000000000000e+00,9.734910186944261135e-01,1.947241676536179758e-02,9.734910186944261135e-01,-1.947241676536179758e-02,9.734910186944260024e-01,1.947241676536182881e-02,9.734910186944260024e-01,-1.947241676536182881e-02
5.300000000000000266e-01,5.235987755982988157e-01,3.260470136658254470e-01,6.038753172503422695e-01,3.257484970965484061e-01,6.674682684252650766e-01,-1.978502785017504095e-01,6.674682684252650766e-01,2.610522034962325932e-02,2.610522034962325932e-02,0.000000000000000000e+00,9.734910186944261135e-01,1.947241676536179758e-02,9.734910186944261135e-01,-1.947241676536179758e-02,9.734910186944260024e-01,1.947241676536182881e-02,9.734910186944260024e-01,-1.947241676536182881e-02
5.400000000000000355e-01,5.235987755982988157e-01,3.319726203906669948e-01,5.925606724841558925e-01,3.316085038170368260e-01,6.593215087876227454e-01,-1.919902717812619897e-01,6.593215087876227454e-01,2.503494382479911837e-02,2.503494382479911837e-02,0.000000000000000000e+00,9.734910186944261135e-01,1.947241676536179758e-02,9.734910186944261135e-01,-1.947241676536179758e-02,9.734910186944260024e-01,1.947241676536182881e-02,9.734910186944260024e-01,-1.947241676536182881e-02
5.500000000000000444e-01,5.235987755982988157e-01,3.377842599154946002e-01,5.811639524827583170e-01,3.373460041676894505e-01,6.507643614153867384e-01,-1.862527714306093651e-01,6.507643614153867384e-01,2.400188509707292320e-02,2.400188509707292320e-02,0.000000000000000000e+00,9.734910186944261135e-01,1.947241676536179758e-02,9.734910186944261135e-01,-1.947241676536179758e-02,9.734910186944260024e-01,1.947241676536182881e-02,9.734910186944260024e-01,-1.947241676536182881e-02
5.600000000000000533e-01,5.235987755982988157e-01,3.434813331502840628e-01,5.697073234789450380e-01,3.428105795751629215e-01,6.403336793485827627e-01,-1.807881960231358942e-01,6.403336793485827627e-01,2.307626107244595270e-02,2.307626107244595270e-02,0.000000000000000000e+00,9.734910186944261135e-01,1.947241676536179758e-02,9.734910186944261135e-01,-1.947241676536179758e-02,9.734910186944260024e-01,1.947241676536182881e-02,9.734910186944260024e-01,-1.947241676536182881e-02
5.700000000000000622e-01,5.235987755982988157e-01,3.490638089779891651e-01,5.582475827705127847e-01,3.486404236014393199e-01,6.345987516764884928e-01,-1.749583519968594958e-01,6.345987516764884928e-01,2.195091706016708347e-02,2.195091706016708347e-02,0.000000000000000000e+00,9.734910186944261135e-01,1.947241676536179758e-02,9.734910186944261135e-01,-1.947241676536179758e-02,9.734910186944260024e-01,1.947241676536182881e-02,9.734910186944260024e-01,-1.947241676536182881e-02
5.799999999999999600e-01,5.235987755982988157e-01,3.545306469188900800e-01,5.466837940900928228e-01,3.532937413241193370e-01,6.176720537356398255e-01,-1.703050342741794787e-01,6.176720537356398255e-01,2.136833327754480982e-02,2.136833327754480982e-02,0.000000000000000000e+00,9.734910186944261135e-01,1.947241676536179758e-02,9.734910186944261135e-01,-1.947241676536179758e-02,9.734910186944260024e-01,1.947241676536182881e-02,9.734910186944260024e-01,-1.947241676536182881e-02
5.899999999999999689e-01,5.235987755982988157e-01,3.598835952333122035e-01,5.352948314422111276e-01,3.598120271938529680e-01,6.210877070594121863e-01,-1.637867484044458477e-01,6.210877070594121863e-01,1.985889180122043032e-02,1.985889180122043032e-02,0.000000000000000000e+00,9.734910186944261135e-01,1.947241676536179758e-02,9.734910186944261135e-01,-1.947241676536179758e-02,9.734910186944260024e-01,1.947241676536182881e-02,9.734910186944260024e-01,-1.947241676536182881e-02
5.999999999999999778e-01,5.235987755982988157e-01,3.651196410809504078e-01,5.236045847638197692e-01,3.648338700118697875e-01,6.091973645336391519e-01,-1.587649055864290282e-01,6.091973645336391519e-01,1.906717152280690275e-02,1.906717152280690275e-02,0.000000000000000000e+00,9.734910186944261135e-01,1.947241676536179758e-02,9.734910186944261135e-01,-1.947241676536179758e-02,9.734910186944260024e-01,1.947241676536182881e-02,9.734910186944260024e-01,-1.947241676536182881e-02
6.099999999999999867e-01,5.235987755982988157e-01,3.702395258030113379e-01,5.119884722060913385e-01,3.703186572792803166e-01,6.031255007543805391e-01,-1.532801183190184990e-01,6.031255007543805391e-01,1.802572302346781841e-02,1.802572302346781841e-02,0.000000000000000000e+00,9.734910186944261135e-01,1.947241676536179758e-02,9.734910186944261135e-01,-1.947241676536179758e-02,9.734910186944260024e-01,1.947241676536182881e-02,9.734910186944260024e-01,-1.947241676536182881e-02
6.199999999999999956e-01,5.235987755982988157e-01,3.752426969546321378e-01,5.003171151620793289e-01,3.753468815396837632e-01,5.930951932829769957e-01,-1.482518940586150524e-01,5.930951932829769957e-01,1.718506654811879919e-02,1.718506654811879919e-02,0.000000000000000000e+00,9.734910186944261135e-01,1.947241676536179758e-02,9.734910186944261135e-01,-1.947241676536179758e-02,9.734910186944260024e-01,1.947241676536182881e-02,9.734910186944260024e-01,-1.947241676536182881e-02
6.300000000000000044e-01,5.235987755982988157e-01,3.801296405778477050e-01,4.886943623215549981e-01,3.793216714731538208e-01,5.735335732893799277e-01,-1.442771041251449948e-01,5.735335732893799277e-01,1.681787199456246870e-02,1.681787199456246870e-02,0.000000000000000000e+00,9.734910186944261135e-01,1.947241676536179758e-02,9.734910186944261135e-01,-1.947241676536179758e-02,9.734910186944260024e-01,1.947241676536182881e-02,9.734910186944260024e-01,-1.947241676536182881e-02
6.400000000000000133e-01,5.235987755982988157e-01,3.849032187955259698e-01,4.773578217678263180e-01,3.855050382720068836e-01,5.780138839489725733e-01,-1.380937373262919321e-01,5.780138839489725733e-01,1.535428842900327107e-02,1.535428842900327107e-02,0.000000000000000000e+00,9.734910186944261135e-01,1.947241676536179758e-02,9.734910186944261135e-01,-1.947241676536179758e-02,9.734910186944260024e-01,1.947241676536182881e-02,9.734910186944260024e-01,-1.947241676536182881e-02
6.500000000000000222e-01,5.235987755982988157e-01,3.895606295287764587e-01,4.657410733250486601e-01,3.901087720056229391e-01,5.662498328902358935e-01,-1.334900035926758766e-01,5.662498328902358935e-01,1.465056149048944885e-02,1.465056149048944885e-02,0.000000000000000000e+00,9.734910186944261135e-01,1.947241676536179758e-02,9.734910186944261135e-01,-1.947241676536179758e-02,9.734910186944260024e-01,1.947241676536182881e-02,9.734910186944260024e-01,-1.947241676536182881e-02
6.600000000000000311e-01,5.235987755982988157e-01,3.941030295352211388e-01,4.542400006444702876e-01,3.944236256398771512e-01,5.527733859437544695e-01,-1.291751499584216645e-01,5.527733859437544695e-01,1.405363145912769465e-02,1.405363145912769465e-02,0.000000000000000000e+00,9.734910186944261135e-01,1.947241676536179758e-02,9.734910186944261135e-01,-1.947241676536179758e-02,9.734910186944260024e-01,1.947241676536182881e-02,9.734910186944260024e-01,-1.947241676536182881e-02
6.700000000000000400e-01,5.235987755982988157e-01,3.985320690099757313e-01,4.429039474754613015e-01,3.981565672342681772e-01,5.348254632932892827e-01,-1.254422083640306385e-01,5.348254632932892827e-01,1.369795511644402580e-02,1.369795511644402580e-02,0.000000000000000000e+00,9.734910186944261135e-01,1.947241676536179758e-02,9.734910186944261135e-01,-1.947241676536179758e-02,9.734910186944260024e-01,1.947241676536182881e-02,9.734910186944260024e-01,-1.947241676536182881e-02
6.800000000000000488e-01,5.235987755982988157e-01,4.028505519267094326e-01,4.318482916733693555e-01,4.029696957600510943e-01,5.294742022217895361e-01,-1.206290798382477214e-01,5.294742022217895361e-01,1.278462740506269152e-02,1.278462740506269152e-02,0.000000000000000000e+00,9.734910186944261135e-01,1.947241676536179758e-02,9.734910186944261135e-01,-1.947241676536179758e-02,9.734910186944260024e-01,1.947241676536182881e-02,9.734910186944260024e-01,-1.947241676536182881e-02
6.900000000000000577e-01,5.235987755982988157e-01,4.070583465480288599e-01,4.207794621319429496e-01,4.068496548227473752e-01,5.153263726265733258e-01,-1.167491207755514404e-01,5.153263726265733258e-01,1.229974206750364396e-02,1.229974206750364396e-02,0.000000000000000000e+00,9.734910186944261135e-01,1.947241676536179758e-02,9.734910186944261135e-01,-1.947241676536179758e-02,9.734910186944260024e-01,1.947241676536182881e-02,9.734910186944260024e-01,-1.947241676536182881e-02
7.000000000000000666e-01,5.235987755982988157e-01,4.111574944978331758e-01,4.099147949804300972e-01,4.115884682277438644e-01,5.111818694138808850e-01,-1.120103073705549512e-01,5.111818694138808850e-01,1.137178249236438926e-02,1.137178249236438926e-02,0.000000000000000000e+00,9.734910186944261135e-01,1.947241676536179758e-02,9.734910186944261135e-01,-1.947241676536179758e-02,9.734910186944260024e-01,1.947241676536182881e-02,9.734910186944260024e-01,-1.947241676536182881e-02
7.099999999999999645e-01,5.235987755982988157e-01,4.151477124344384873e-01,3.990217936605333082e-01,4.148480426759025286e-01,4.926594269540794380e-01,-1.087507329223962871e-01,4.926594269540794380e-01,1.113406875494712782e-02,1.113406875494712782e-02,0.000000000000000000e+00,9.734910186944261135e-01,1.947241676536179758e-02,9.734910186944261135e-01,-1.947241676536179758e-02,9.734910186944260024e-01,1.947241676536182881e-02,9.734910186944260024e-01,-1.947241676536182881e-02
7.199999999999999734e-01,5.235987755982988157e-01,4.190322213166016163e-01,3.884508882163139609e-01,4.182857590499424183e-01,4.777706479990703747e-01,-1.053130165483563974e-01,4.777706479990703747e-01,1.076460947369590505e-02,1.076460947369590505e-02,0.000000000000000000e+00,9.734910186944261135e-01,1.947241676536179758e-02,9.734910186944261135e-01,-1.947241676536179758e-02,9.734910186944260024e-01,1.947241676536182881e-02,9.734910186944260024e-01,-1.947241676536182881e-02
7.299999999999999822e-01,5.235987755982988157e-01,4.228134446332254548e-01,3.781223316623817388e-01,4.222692824077967644e-01,4.698288167777068258e-01,-1.013294931905020513e-01,4.698288167777068258e-01,1.009849880946985141e-02,1.009849880946985141e-02,0.000000000000000000e+00,9.734910186944261135e-01,1.947241676536179758e-02,9.734910186944261135e-01,-1.947241676536179758e-02,9.734910186944260024e-01,1.947241676536182881e-02,9.734910186944260024e-01,-1.947241676536182881e-02
7.399999999999999911e-01,5.235987755982988157e-01,4.264922063307683975e-01,3.678761697542965448e-01,4.260676820347377713e-01,4.608299313693462462e-01,-9.753109356356104431e-02,4.608299313693462462e-01,9.499796848467625607e-03,9.499796848467625607e-03,0.000000000000000000e+00,9.734910186944261135e-01,1.947241676536179758e-02,9.734910186944261135e-01,-1.947241676536179758e-02,9.734910186944260024e-01,1.947241676536182881e-02,9.734910186944260024e-01,-1.947241676536182881e-02
7.500000000000000000e-01,5.235987755982988157e-01,4.300696379963940275e-01,3.577431665625634416e-01,4.303636872310047101e-01,4.577069901950810427e-01,-9.323508836729410554e-02,4.577069901950810427e-01,8.642335573708024785e-03,8.642335573708024785e-03,0.000000000000000000e+00,9.734910186944261135e-01,1.947241676536179758e-02,9.734910186944261135e-01,-1.947241676536179758e-02,9.734910186944260024e-01,1.947241676536182881e-02,9.734910186944260024e-01,-1.947241676536182881e-02
7.600000000000000089e-01,5.235987755982988157e-01,4.335455158833277367e-01,3.475877886933682048e-01,4.329823266366984447e-01,4.381226852325103005e-01,-9.061644896160037099e-02,4.381226852325103005e-01,8.571600618313791192e-03,8.571600618313791192e-03,0.000000000000000000e+00,9.734910186944261135e-01,1.947241676536179758e-02,9.734910186944261135e-01,-1.947241676536179758e-02,9.734910186944260024e-01,1.947241676536182881e-02,9.734910186944260024e-01,-1.947241676536182881e-02
7.700000000000000178e-01,5.235987755982988157e-01,4.369236063371126910e-01,3.378090453784963199e-01,4.368496403563590369e-01,4.329835539058651817e-01,-8.674913524193977876e-02,4.329835539058651817e-01,7.859204977767661818e-03,7.859204977767661818e-03,0.000000000000000000e+00,9.734910186944261135e-01,1.947241676536179758e-02,9.734910186944261135e-01,-1.947241676536179758e-02,9.734910186944260024e-01,1.947241676536182881e-02,9.734910186944260024e-01,-1.947241676536182881e-02
7.800000000000000266e-01,5.235987755982988157e-01,4.402042758032588821e-01,3.280669466146189928e-01,4.407221751601514415e-01,4.284105465532027091e-01,-8.287660043814737421e-02,4.284105465532027091e-01,7.131199659357118775e-03,7.131199659357118775e-03,0.000000000000000000e+00,9.734910186944261135e-01,1.947241676536179758e-02,9.734910186944261135e-01,-1.947241676536179758e-02,9.734910186944260024e-01,1.947241676536182881e-02,9.734910186944260024e-01,-1.947241676536182881e-02
7.900000000000000355e-01,5.235987755982988157e-01,4.433877968569210348e-01,3.183521053662168310e-01,4.432017072302696370e-01,4.103648125990643769e-01,-8.039706836802917866e-02,4.103648125990643769e-01,7.051487560857511855e-03,7.051487560857511855e-03,0.000000000000000000e+00,9.734910186944261135e-01,1.947241676536179758e-02,9.734910186944261135e-01,-1.947241676536179758e-02,9.734910186944260024e-01,1.947241676536182881e-02,9.734910186944260024e-01,-1.947241676536182881e-02
8.000000000000000444e-01,5.235987755982988157e-01,4.464777115075899694e-01,3.089914650668954543e-01,4.465836734514059270e-01,4.031479935505208334e-01,-7.701510214689288869e-02,4.031479935505208334e-01,6.498090474332791563e-03,6.498090474332791563e-03,0.000000000000000000e+00,9.734910186944261135e-01,1.947241676536179758e-02,9.734910186944261135e-01,-1.947241676536179758e-02,9.734910186944260024e-01,1.947241676536182881e-02,9.734910186944260024e-01,-1.947241676536182881e-02
8.100000000000000533e-01,5.235987755982988157e-01,4.494750209688168630e-01,2.997309461226888572e-01,4.510465914433852697e-01,4.074623741152622047e-01,-7.255218415491354600e-02,4.074623741152622047e-01,5.414109171841667914e-03,5.414109171841667914e-03,0.000000000000000000e+00,9.734910186944261135e-01,1.947241676536179758e-02,9.734910186944261135e-01,-1.947241676536179758e-02,9.734910186944260024e-01,1.947241676536182881e-02,9.734910186944260024e-01,-1.947241676536182881e-02
8.200000000000000622e-01,5.235987755982988157e-01,4.523780009220428888e-01,2.902979953226043630e-01,4.527523531000635093e-01,3.837737532705183807e-01,-7.084642249823530635e-02,3.837737532705183807e-01,5.647451856257292013e-03,5.647451856257292013e-03,0.000000000000000000e+00,9.734910186944261135e-01,1.947241676536179758e-02,9.734910186944261135e-01,-1.947241676536179758e-02,9.734910186944260024e-01,1.947241676536182881e-02,9.734910186944260024e-01,-1.947241676536182881e-02
8.300000000000000711e-01,5.235987755982988157e-01,4.551916630210317560e-01,2.813662098988876648e-01,4.558731837177496526e-01,3.766046841203279927e-01,-6.772559188054916302e-02,3.766046841203279927e-01,5.149807816430687982e-03,5.149807816430687982e-03,0.000000000000000000e+00,9.734910186944261135e-01,1.947241676536179758e-02,9.734910186944261135e-01,-1.947241676536179758e-02,9.734910186944260024e-01,1.947241676536182881e-02,9.734910186944260024e-01,-1.947241676536182881e-02
8.399999999999999689e-01,5.235987755982988157e-01,4.579171164362263458e-01,2.725453415194603046e-01,4.579993040961206630e-01,3.602054194920052965e-01,-6.559947150217815270e-02,3.602054194920052965e-01,5.105116718916379373e-03,5.105116718916379373e-03,0.000000000000000000e+00,9.734910186944261135e-01,1.947241676536179758e-02,9.734910186944261135e-01,-1.947241676536179758e-02,9.734910186944260024e-01,1.947241676536182881e-02,9.734910186944260024e-01,-1.947241676536182881e-02
8.499999999999999778e-01,5.235987755982988157e-01,4.605577173326707574e-01,2.640600896444421086e-01,4.604101410535762495e-01,3.482932471173606492e-01,-6.318863454472256613e-02,3.482932471173606492e-01,4.883613734607956253e-03,4.883613734607956253e-03,0.000000000000000000e+00,9.734910186944261135e-01,1.947241676536179758e-02,9.734910186944261135e-01,-1.947241676536179758e-02,9.734910186944260024e-01,1.947241676536182881e-02,9.734910186944260024e-01,-1.947241676536182881e-02
8.599999999999999867e-01,5.235987755982988157e-01,4.631157908691314606e-01,2.558073536460684361e-01,4.622258257654304758e-01,3.316207695241668585e-01,-6.137294983286833983e-02,3.316207695241668585e-01,4.913635839828128446e-03,4.913635839828128446e-03,0.000000000000000000e+00,9.734910186944261135e-01,1.947241676536179758e-02,9.734910186944261135e-01,-1.947241676536179758e-02,9.734910186944260024e-01,1.947241676536182881e-02,9.734910186944260024e-01,-1.947241676536182881e-02
8.699999999999999956e-01,5.235987755982988157e-01,4.655948405469657603e-01,2.479049677834308518e-01,4.660719907227408587e-01,3.369203421448540015e-01,-5.752678487555795694e-02,3.369203421448540015e-01,3.939033101387790295e-03,3.939033101387790295e-03,0.000000000000000000e+00,9.734910186944261135e-01,1.947241676536179758e-02,9.734910186944261135e-01,-1.947241676536179758e-02,9.734910186944260024e-01,1.947241676536182881e-02,9.734910186944260024e-01,-1.947241676536182881e-02
8.800000000000000044e-01,5.235987755982988157e-01,4.679931439648162272e-01,2.398303417850465580e-01,4.679493128835539584e-01,3.220015295384995868e-01,-5.564946271474485728e-02,3.220015295384995868e-01,3.910782365029688568e-03,3.910782365029688568e-03,0.000000000000000000e+00,9.734910186944261135e-01,1.947241676536179758e-02,9.734910186944261135e-01,-1.947241676536179758e-02,9.734910186944260024e-01,1.947241676536182881e-02,9.734910186944260024e-01,-1.947241676536182881e-02
8.900000000000000133e-01,5.235987755982988157e-01,4.703138374171995650e-01,2.320693452383342792e-01,4.711151937553489932e-01,3.214601853026000100e-01,-5.248358184294982243e-02,3.214601853026000100e-01,3.233899716155778925e-03,3.233899716155778925e-03,0.000000000000000000e+00,9.734910186944261135e-01,1.947241676536179758e-02,9.734910186944261135e-01,-1.947241676536179758e-02,9.734910186944260024e-01,1.947241676536182881e-02,9.734910186944260024e-01,-1.947241676536182881e-02
9.000000000000000222e-01,5.235987755982988157e-01,4.725566476101727420e-01,2.242810192973175853e-01,4.731585060553242239e-01,3.097472897720923157e-01,-5.044026954297459175e-02,3.097472897720923157e-01,3.087488192247739641e-03,3.087488192247739641e-03,0.000000000000000000e+00,9.734910186944261135e-01,1.947241676536179758e-02,9.734910186944261135e-01,-1.947241676536179758e-02,9.734910186944260024e-01,1.947241676536182881e-02,9.734910186944260024e-01,-1.947241676536182881e-02
9.100000000000000311e-01,5.235987755982988157e-01,4.747239966475265693e-01,2.167349037353820118e-01,4.745449225423687412e-01,2.926367256653282789e-01,-4.905385305593007450e-02,2.926367256653282789e-01,3.222364228791256037e-03,3.222364228791256037e-03,0.000000000000000000e+00,9.734910186944261135e-01,1.947241676536179758e-02,9.734910186944261135e-01,-1.947241676536179758e-02,9.734910186944260024e-01,1.947241676536182881e-02,9.734910186944260024e-01,-1.947241676536182881e-02
9.200000000000000400e-01,5.235987755982988157e-01,4.768196316430814985e-01,2.095634995554916669e-01,4.762682679093699356e-01,2.806065067688073844e-01,-4.733050768892888005e-02,2.806065067688073844e-01,3.153872898583397200e-03,3.153872898583397200e-03,0.000000000000000000e+00,9.734910186944261135e-01,1.947241676536179758e-02,9.734910186944261135e-01,-1.947241676536179758e-02,9.734910186944260024e-01,1.947241676536182881e-02,9.734910186944260024e-01,-1.947241676536182881e-02
9.300000000000000488e-01,5.235987755982988157e-01,4.788461184507746271e-01,2.026486807693153314e-01,4.783023847187593547e-01,2.728870241858208368e-01,-4.529639087953946097e-02,2.728870241858208368e-01,2.907392923487821766e-03,2.907392923487821766e-03,0.000000000000000000e+00,9.734910186944261135e-01,1.947241676536179758e-02,9.734910186944261135e-01,-1.947241676536179758e-02,9.734910186944260024e-01,1.947241676536182881e-02,9.734910186944260024e-01,-1.947241676536182881e-02
9.400000000000000577e-01,5.235987755982988157e-01,4.808050180595556666e-01,1.958899608781023427e-01,4.805354268272904461e-01,2.679287428525496395e-01,-4.306334877100836955e-02,2.679287428525496395e-01,2.546933769716987553e-03,2.546933769716987553e-03,0.000000000000000000e+00,9.734910186944261135e-01,1.947241676536179758e-02,9.734910186944261135e-01,-1.947241676536179758e-02,9.734910186944260024e-01,1.947241676536182881e-02,9.734910186944260024e-01,-1.947241676536182881e-02
9.500000000000000666e-01,5.235987755982988157e-01,4.826972513045046931e-01,1.892233244949038384e-01,4.825801623849966249e-01,2.615832241443564743e-01,-4.101861321330219079e-02,2.615832241443564743e-01,2.263017469425645037e-03,2.263017469425645037e-03,0.000000000000000000e+00,9.734910186944261135e-01,1.947241676536179758e-02,9.734910186944261135e-01,-1.947241676536179758e-02,9.734910186944260024e-01,1.947241676536182881e-02,9.734910186944260024e-01,-1.947241676536182881e-02
9.599999999999999645e-01,5.235987755982988157e-01,4.845240889473660939e-01,1.826837642861386113e-01,4.847096148050456521e-01,2.567194259304110826e-01,-3.888916079325316355e-02,2.567194259304110826e-01,1.922744058271492334e-03,1.922744058271492334e-03,0.000000000000000000e+00,9.734910186944261135e-01,1.947241676536179758e-02,9.734910186944261135e-01,-1.947241676536179758e-02,9.734910186944260024e-01,1.947241676536182881e-02,9.734910186944260024e-01,-1.947241676536182881e-02
9.699999999999999734e-01,5.235987755982988157e-01,4.862864649628009239e-01,1.762376015434804211e-01,4.857683170232898751e-01,2.416345055198122205e-01,-3.783045857500894060e-02,2.416345055198122205e-01,2.077342543190583042e-03,2.077342543190583042e-03,0.000000000000000000e+00,9.734910186944261135e-01,1.947241676536179758e-02,9.734910186944261135e-01,-1.947241676536179758e-02,9.734910186944260024e-01,1.947241676536182881e-02,9.734910186944260024e-01,-1.947241676536182881e-02
9.799999999999999822e-01,5.235987755982988157e-01,4.879877795540686902e-01,1.701314591267794052e-01,4.872180472714889854e-01,2.319683574498221101e-01,-3.638072832680983026e-02,2.319683574498221101e-01,2.008120058806348203e-03,2.008120058806348203e-03,0.000000000000000000e+00,9.734910186944261135e-01,1.947241676536179758e-02,9.734910186944261135e-01,-1.947241676536179758e-02,9.734910186944260024e-01,1.947241676536182881e-02,9.734910186944260024e-01,-1.947241676536182881e-02
9.899999999999999911e-01,5.235987755982988157e-01,4.896301622535425002e-01,1.642382699473787511e-01,4.902341945157517311e-01,2.389329941474673535e-01,-3.336458108254708455e-02,2.389329941474673535e-01,1.172047110377679932e-03,1.172047110377679932e-03,0.000000000000000000e+00,9.734910186944261135e-01,1.947241676536179758e-02,9.734910186944261135e-01,-1.947241676536179758e-02,9.734910186944260024e-01,1.947241676536182881e-02,9.734910186944260024e-01,-1.947241676536182881e-02
1.000000000000000000e+00,5.235987755982988157e-01,4.912117756800641888e-01,1.581613426521712440e-01,4.908419783613460208e-01,2.211175331886635065e-01,-3.275679723695279488e-02,2.211175331886635065e-01,1.494819951272918605e-03,1.494819951272918605e-03,0.000000000000000000e+00,9.734910186944261135e-01,1.947241676536179758e-02,9.734910186944261135e-01,-1.947241676536179758e-02,9.734910186944260024e-01,1.947241676536182881e-02,9.734910186944260024e-01,-1.947241676536182881e-02
1.010000000000000009e+00,5.235987755982988157e-01,4.927367210824690757e-01,1.524945402404910555e-01,4.931002116540891267e-01,2.215881127972282316e-01,-3.049856394420968897e-02,2.215881127972282316e-01,9.900988444083236653e-04,9.900988444083236653e-04,0.000000000000000000e+00,9.734910186944261135e-01,1.947241676536179758e-02,9.734910186944261135e-01,-1.947241676536179758e-02,9.734910186944260024e-01,1.947241676536182881e-02,9.734910186944260024e-01,-1.947241676536182881e-02
1.020000000000000018e+00,5.235987755982988157e-01,4.942047458519842618e-01,1.468024769515158534e-01,4.947046860228336285e-01,2.154740452049504207e-01,-2.889408957546518719e-02,2.154740452049504207e-01,7.963209847245637102e-04,7.963209847245637102e-04,0.000000000000000000e+00,9.734910186944261135e-01,1.947241676536179758e-02,9.734910186944261135e-01,-1.947241676536179758e-02,9.734910186944260024e-01,1.947241676536182881e-02,9.734910186944260024e-01,-1.947241676536182881e-02
1.030000000000000027e+00,5.235987755982988157e-01,4.956171810789026799e-01,1.412435226918390685e-01,4.960615703859290182e-01,2.074954843154092898e-01,-2.753720521236979746e-02,2.074954843154092898e-01,7.042192430089530900e-04,7.042192430089530900e-04,0.000000000000000000e+00,9.734910186944261135e-01,1.947241676536179758e-02,9.734910186944261135e-01,-1.947241676536179758e-02,9.734910186944260024e-01,1.947241676536182881e-02,9.734910186944260024e-01,-1.947241676536182881e-02
1.040000000000000036e+00,5.235987755982988157e-01,4.969758182987485395e-01,1.358637219845877930e-01,4.978956190080458533e-01,2.050864221050367198e-01,-2.570315659025296240e-02,2.050864221050367198e-01,3.656509773935700744e-04,3.656509773935700744e-04,0.000000000000000000e+00,9.734910186944261135e-01,1.947241676536179758e-02,9.734910186944261135e-01,-1.947241676536179758e-02,9.734910186944260024e-01,1.947241676536182881e-02,9.734910186944260024e-01,-1.947241676536182881e-02
1.050000000000000044e+00,5.235987755982988157e-01,4.982811291156092892e-01,1.305310816860737189e-01,4.983226783103672508e-01,1.888483729177470316e-01,-2.527609728793156485e-02,1.888483729177470316e-01,6.875337593278329704e-04,6.875337593278329704e-04,0.000000000000000000e+00,9.734910186944261135e-01,1.947241676536179758e-02,9.734910186944261135e-01,-1.947241676536179758e-02,9.734910186944260024e-01,1.947241676536182881e-02,9.734910186944260024e-01,-1.947241676536182881e-02
1.060000000000000053e+00,5.235987755982988157e-01,4.995369080062300182e-01,1.255778890620724009e-01,4.996276893980126088e-01,1.830136465024259085e-01,-2.397108620028620685e-02,1.830136465024259085e-01,5.519514828066871687e-04,5.519514828066871687e-04,0.000000000000000000e+00,9.734910186944261135e-01,1.947241676536179758e-02,9.734910186944261135e-01,-1.947241676536179758e-02,9.734910186944260024e-01,1.947241676536182881e-02,9.734910186944260024e-01,-1.947241676536182881e-02
1.070000000000000062e+00,5.235987755982988157e-01,5.007444804746280509e-01,1.207572468398033644e-01,5.006696376684128813e-01,1.751317645561860370e-01,-2.292913792988593435e-02,1.751317645561860370e-01,5.260901096655933376e-04,5.260901096655933376e-04,0.000000000000000000e+00,9.734910186944261135e-01,1.947241676536179758e-02,9.734910186944261135e-01,-1.947241676536179758e-02,9.734910186944260024e-01,1.947241676536182881e-02,9.734910186944260024e-01,-1.947241676536182881e-02
1.080000000000000071e+00,5.235987755982988157e-01,5.019056734052771418e-01,1.161192930649038030e-01,5.028608423397801230e-01,1.795306348142398645e-01,-2.073793325851869263e-02,1.795306348142398645e-01,-6.441706061933744759e-05,-6.441706061933744759e-05,0.000000000000000000e+00,9.734910186944261135e-01,1.947241676536179758e-02,9.734910186944261135e-01,-1.947241676536179758e-02,9.734910186944260024e-01,1.947241676536182881e-02,9.734910186944260024e-01,-1.947241676536182881e-02
1.090000000000000080e+00,5.235987755982988157e-01,5.030193822595971920e-01,1.113708854320076824e-01,5.031314133595657934e-01,1.642832815306725924e-01,-2.046736223873302229e-02,1.642832815306725924e-01,2.662847935454336692e-04,2.662847935454336692e-04,0.000000000000000000e+00,9.734910186944261135e-01,1.947241676536179758e-02,9.734910186944261135e-01,-1.947241676536179758e-02,9.734910186944260024e-01,1.947241676536182881e-02,9.734910186944260024e-01,-1.947241676536182881e-02
1.100000000000000089e+00,5.235987755982988157e-01,5.040892088734629795e-01,1.069826613865815096e-01,5.047989934405827661e-01,1.645307541877750745e-01,-1.879978215771604955e-02,1.645307541877750745e-01,-1.038670626690788024e-04,-1.038670626690788024e-04,0.000000000000000000e+00,9.734910186944261135e-01,1.947241676536179758e-02,9.734910186944261135e-01,-1.947241676536179758e-02,9.734910186944260024e-01,1.947241676536182881e-02,9.734910186944260024e-01,-1.947241676536182881e-02
1.110000000000000098e+00,5.235987755982988157e-01,5.051150623342188783e-01,1.025853460755947882e-01,5.048359628139862387e-01,1.484473725030323044e-01,-1.876281278431257693e-02,1.484473725030323044e-01,2.991706334564462298e-04,2.991706334564462298e-04,0.000000000000000000e+00,9.734910186944261135e-01,1.947241676536179758e-02,9.734910186944261135e-01,-1.947241676536179758e-02,9.734910186944260024e-01,1.947241676536182881e-02,9.734910186944260024e-01,-1.947241676536182881e-02
1.120000000000000107e+00,5.235987755982988157e-01,5.061007679279242444e-01,9.857055937053833816e-02,5.066505474887432747e-01,1.517484820002994450e-01,-1.694822810955554093e-02,1.517484820002994450e-01,-1.811074171172151297e-04,-1.811074171172151297e-04,0.000000000000000000e+00,9.734910186944261135e-01,1.947241676536179758e-02,9.734910186944261135e-01,-1.947241676536179758e-02,9.734910186944260024e-01,1.947241676536182881e-02,9.734910186944260024e-01,-1.947241676536182881e-02
1.130000000000000115e+00,5.235987755982988157e-01,5.070455258199774162e-01,9.447578920531289615e-02,5.072034012734232267e-01,1.421021716470690366e-01,-1.639537432487558899e-02,1.421021716470690366e-01,-5.515988045747682866e-05,-5.515988045747682866e-05,0.000000000000000000e+00,9.734910186944261135e-01,1.947241676536179758e-02,9.734910186944261135e-01,-1.947241676536179758e-02,9.734910186944260024e-01,1.947241676536182881e-02,9.734910186944260024e-01,-1.947241676536182881e-02
1.140000000000000124e+00,5.235987755982988157e-01,5.079516362912497307e-01,9.061104712722956034e-02,5.091133884331657811e-01,1.469918260797876686e-01,-1.448538716513303459e-02,1.469918260797876686e-01,-5.968569047068942451e-04,-5.968569047068942451e-04,0.000000000000000000e+00,9.734910186944261135e-01,1.947241676536179758e-02,9.734910186944261135e-01,-1.947241676536179758e-02,9.734910186944260024e-01,1.947241676536182881e-02,9.734910186944260024e-01,-1.947241676536182881e-02
1.150000000000000133e+00,5.235987755982988157e-01,5.088179277780366938e-01,8.662914867869350721e-02,5.089662714335311255e-01,1.308214734754623576e-01,-1.463250416476769011e-02,1.308214734754623576e-01,-1.514329021786108530e-04,-1.514329021786108530e-04,0.000000000000000000e+00,9.734910186944261135e-01,1.947241676536179758e-02,9.734910186944261135e-01,-1.947241676536179758e-02,9.734910186944260024e-01,1.947241676536182881e-02,9.734910186944260024e-01,-1.947241676536182881e-02
1.159999999999999920e+00,5.235987755982988157e-01,5.096482713421048860e-01,8.303435640681590402e-02,5.102289855111875605e-01,1.303664669044804769e-01,-1.336979008711125516e-02,1.303664669044804769e-01,-4.152967307976254338e-04,-4.152967307976254338e-04,0.000000000000000000e+00,9.734910186944261135e-01,1.947241676536179758e-02,9.734910186944261135e-01,-1.947241676536179758e-02,9.734910186944260024e-01,1.947241676536182881e-02,9.734910186944260024e-01,-1.947241676536182881e-02
1.169999999999999929e+00,5.235987755982988157e-01,5.104427916844700430e-01,7.945203423651965580e-02,5.105245593684565319e-01,1.202855587867221465e-01,-1.307421622984228371e-02,1.202855587867221465e-01,-2.221081890787664735e-04,-2.221081890787664735e-04,0.000000000000000000e+00,9.734910186944261135e-01,1.947241676536179758e-02,9.734910186944261135e-01,-1.947241676536179758e-02,9.734910186944260024e-01,1.947241676536182881e-02,9.734910186944260024e-01,-1.947241676536182881e-02
1.179999999999999938e+00,5.235987755982988157e-01,5.112039212257989407e-01,7.611295413288686473e-02,5.106101734759067590e-01,1.091131439825522020e-01,-1.298860212239205669e-02,1.091131439825522020e-01,4.478831603023716856e-05,4.478831603023716856e-05,0.000000000000000000e+00,9.734910186944261135e-01,1.947241676536179758e-02,9.734910186944261135e-01,-1.947241676536179758e-02,9.734910186944260024e-01,1.947241676536182881e-02,9.734910186944260024e-01,-1.947241676536182881e-02
1.189999999999999947e+00,5.235987755982988157e-01,5.119343665800829557e-01,7.304453542839700608e-02,5.109306106393670666e-01,1.014062012189000661e-01,-1.266816495893174910e-02,1.014062012189000661e-01,1.718719068059433586e-04,1.718719068059433586e-04,0.000000000000000000e+00,9.734910186944261135e-01,1.947241676536179758e-02,9.734910186944261135e-01,-1.947241676536179758e-02,9.734910186944260024e-01,1.947241676536182881e-02,9.734910186944260024e-01,-1.947241676536182881e-02
1.199999999999999956e+00,5.235987755982988157e-01,5.126360169572741210e-01,7.016503771912116494e-02,5.122883367830216583e-01,1.048428425335559827e-01,-1.131043881527715733e-02,1.048428425335559827e-01,-2.121947877051877200e-04,-2.121947877051877200e-04,0.000000000000000000e+00,9.734910186944261135e-01,1.947241676536179758e-02,9.734910186944261135e-01,-1.947241676536179758e-02,9.734910186944260024e-01,1.947241676536182881e-02,9.734910186944260024e-01,-1.947241676536182881e-02
1.209999999999999964e+00,5.235987755982988157e-01,5.133080983119983065e-01,6.720813547242109054e-02,5.133228204211648382e-01,1.047033946616321848e-01,-1.027595517713397744e-02,1.047033946616321848e-01,-4.343300905823507807e-04,-4.343300905823507807e-04,0.000000000000000000e+00,9.734910186944261135e-01,1.947241676536179758e-02,9.734910186944261135e-01,-1.947241676536179758e-02,9.734910186944260024e-01,1.947241676536182881e-02,9.734910186944260024e-01,-1.947241676536182881e-02
1.219999999999999973e+00,5.235987755982988157e-01,5.139506874421542193e-01,6.425891301558855906e-02,5.144871203069349974e-01,1.058760540531705624e-01,-9.111655291363818243e-03,1.058760540531705624e-01,-7.183266724376338210e-04,-7.183266724376338210e-04,0.000000000000000000e+00,9.734910186944261135e-01,1.947241676536179758e-02,9.734910186944261135e-01,-1.947241676536179758e-02,9.734910186944260024e-01,1.947241676536182881e-02,9.734910186944260024e-01,-1.947241676536182881e-02
1.229999999999999982e+00,5.235987755982988157e-01,5.145635449952716822e-01,6.128575531174799279e-02,5.139673478370162529e-01,9.009072394866605993e-02,-9.631427761282562727e-03,9.009072394866605993e-02,-2.014395893072781947e-04,-2.014395893072781947e-04,0.000000000000000000e+00,9.734910186944261135e-01,1.947241676536179758e-02,9.734910186944261135e-01,-1.947241676536179758e-02,9.734910186944260024e-01,1.947241676536182881e-02,9.734910186944260024e-01,-1.947241676536182881e-02
1.239999999999999991e+00,5.235987755982988157e-01,5.151504939842086461e-01,5.869489889369200464e-02,5.148207051098796505e-01,8.961522428243343108e-02,-8.778070488419165152e-03,8.961522428243343108e-02,-3.754676913884846465e-04,-3.754676913884846465e-04,0.000000000000000000e+00,9.734910186944261135e-01,1.947241676536179758e-02,9.734910186944261135e-01,-1.947241676536179758e-02,9.734910186944260024e-01,1.947241676536182881e-02,9.734910186944260024e-01,-1.947241676536182881e-02
1.250000000000000000e+00,5.235987755982988157e-01,5.157117059819913418e-01,5.612119977826870304e-02,5.156659100206704149e-01,8.910575096209773227e-02,-7.932865577628400722e-03,8.910575096209773227e-02,-5.468487496115581083e-04,-5.468487496115581083e-04,0.000000000000000000e+00,9.734910186944261135e-01,1.947241676536179758e-02,9.734910186944261135e-01,-1.947241676536179758e-02,9.734910186944260024e-01,1.947241676536182881e-02,9.734910186944260024e-01,-1.947241676536182881e-02
1.260000000000000009e+00,5.235987755982988157e-01,5.162473589883752600e-01,5.356530063839618633e-02,5.174893727283782496e-01,9.842980294296631294e-02,-6.109402869920566026e-03,9.842980294296631294e-02,-1.183014790554501447e-03,-1.183014790554501447e-03,0.000000000000000000e+00,9.734910186944261135e-01,1.947241676536179758e-02,9.734910186944261135e-01,-1.947241676536179758e-02,9.734910186944260024e-01,1.947241676536182881e-02,9.734910186944260024e-01,-1.947241676536182881e-02
1.270000000000000018e+00,5.235987755982988157e-01,5.167552718615546770e-01,5.079128731793759732e-02,5.165291299806841208e-01,7.898439517172839430e-02,-7.069645617614694899e-03,7.898439517172839430e-02,-4.764731974964337476e-04,-4.764731974964337476e-04,0.000000000000000000e+00,9.734910186944261135e-01,1.947241676536179758e-02,9.734910186944261135e-01,-1.947241676536179758e-02,9.734910186944260024e-01,1.947241676536182881e-02,9.734910186944260024e-01,-1.947241676536182881e-02
1.280000000000000027e+00,5.235987755982988157e-01,5.172401464312031960e-01,4.848745696484977469e-02,5.173430303585601076e-01,7.922495943331542279e-02,-6.255745239738708108e-03,7.922495943331542279e-02,-6.601958861167055419e-04,-6.601958861167055419e-04,0.000000000000000000e+00,9.734910186944261135e-01,1.947241676536179758e-02,9.734910186944261135e-01,-1.947241676536179758e-02,9.734910186944260024e-01,1.947241676536182881e-02,9.734910186944260024e-01,-1.947241676536182881e-02
1.290000000000000036e+00,5.235987755982988157e-01,5.177019886472450372e-01,4.618422160418554634e-02,5.188671701492939548e-01,8.654386139732235528e-02,-4.731605449004860908e-03,8.654386139732235528e-02,-1.179803626387134104e-03,-1.179803626387134104e-03,0.000000000000000000e+00,9.734910186944261135e-01,1.947241676536179758e-02,9.734910186944261135e-01,-1.947241676536179758e-02,9.734910186944260024e-01,1.947241676536182881e-02,9.734910186944260024e-01,-1.947241676536182881e-02
1.300000000000000044e+00,5.235987755982988157e-01,5.181391045668610751e-01,4.371159196160167432e-02,5.180540698058369031e-01,6.975847182301959937e-02,-5.544705792461912530e-03,6.975847182301959937e-02,-5.733571011782131934e-04,-5.733571011782131934e-04,0.000000000000000000e+00,9.734910186944261135e-01,1.947241676536179758e-02,9.734910186944261135e-01,-1.947241676536179758e-02,9.734910186944260024e-01,1.947241676536182881e-02,9.734910186944260024e-01,-1.947241676536182881e-02
1.310000000000000053e+00,5.235987755982988157e-01,5.185555671197266125e-01,4.164625528654829906e-02,5.191116850246492165e-01,7.335877682884077433e-02,-4.487090573649599179e-03,7.335877682884077433e-02,-8.961301071004168332e-04,-8.961301071004168332e-04,0.000000000000000000e+00,9.734910186944261135e-01,1.947241676536179758e-02,9.734910186944261135e-01,-1.947241676536179758e-02,9.734910186944260024e-01,1.947241676536182881e-02,9.734910186944260024e-01,-1.947241676536182881e-02
1.320000000000000062e+00,5.235987755982988157e-01,5.189505817745168059e-01,3.950146547902227967e-02,5.187245664183375293e-01,6.215171308283982954e-02,-4.874209179961286331e-03,6.215171308283982954e-02,-5.252089269380463832e-04,-5.252089269380463832e-04,0.000000000000000000e+00,9.734910186944261135e-01,1.947241676536179758e-02,9.734910186944261135e-01,-1.947241676536179758e-02,9.734910186944260024e-01,1.947241676536182881e-02,9.734910186944260024e-01,-1.947241676536182881e-02
1.330000000000000071e+00,5.235987755982988157e-01,5.193268965100584778e-01,3.763147355417260226e-02,5.201173032958369413e-01,6.986391054954996238e-02,-3.481472302461874335e-03,6.986391054954996238e-02,-1.026200614217905602e-03,-1.026200614217905602e-03,0.000000000000000000e+00,9.734910186944261135e-01,1.947241676536179758e-02,9.734910186944261135e-01,-1.947241676536179758e-02,9.734910186944260024e-01,1.947241676536182881e-02,9.734910186944260024e-01,-1.947241676536182881e-02
1.340000000000000080e+00,5.235987755982988157e-01,5.196827356369206896e-01,3.558391268621635684e-02,5.202287591604428663e-01,6.399207814065421829e-02,-3.370016437855949398e-03,6.399207814065421829e-02,-9.004291039967914382e-04,-9.004291039967914382e-04,0.000000000000000000e+00,9.734910186944261135e-01,1.947241676536179758e-02,9.734910186944261135e-01,-1.947241676536179758e-02,9.734910186944260024e-01,1.947241676536182881e-02,9.734910186944260024e-01,-1.947241676536182881e-02
1.350000000000000089e+00,5.235987755982988157e-01,5.200195671371030670e-01,3.368315001824020993e-02,5.207260891247716961e-01,6.256616996987708623e-02,-2.872686473527119588e-03,6.256616996987708623e-02,-9.724873568934645036e-04,-9.724873568934645036e-04,0.000000000000000000e+00,9.734910186944261135e-01,1.947241676536179758e-02,9.734910186944261135e-01,-1.947241676536179758e-02,9.734910186944260024e-01,1.947241676536182881e-02,9.734910186944260024e-01,-1.947241676536182881e-02
1.360000000000000098e+00,5.235987755982988157e-01,5.203377983137964513e-01,3.182311766933455105e-02,5.208614646511776636e-01,5.766330823694905405e-02,-2.737310947121152083e-03,5.766330823694905405e-02,-8.767021786568763306e-04,-8.767021786568763306e-04,0.000000000000000000e+00,9.734910186944261135e-01,1.947241676536179758e-02,9.734910186944261135e-01,-1.947241676536179758e-02,9.734910186944260024e-01,1.947241676536182881e-02,9.734910186944260024e-01,-1.947241676536182881e-02
1.370000000000000107e+00,5.235987755982988157e-01,5.206386692529964000e-01,3.008709391999508237e-02,5.204434163819817716e-01,4.771649472129523006e-02,-3.155359216317044080e-03,4.771649472129523006e-02,-5.312458420047984180e-04,-5.312458420047984180e-04,0.000000000000000000e+00,9.734910186944261135e-01,1.947241676536179758e-02,9.734910186944261135e-01,-1.947241676536179758e-02,9.734910186944260024e-01,1.947241676536182881e-02,9.734910186944260024e-01,-1.947241676536182881e-02
1.380000000000000115e+00,5.235987755982988157e-01,5.209246330687333781e-01,2.859638157370328684e-02,5.209354465281959001e-01,4.786514671130699672e-02,-2.663329070102915530e-03,4.786514671130699672e-02,-6.423947623933962603e-04,-6.423947623933962603e-04,0.000000000000000000e+00,9.734910186944261135e-01,1.947241676536179758e-02,9.734910186944261135e-01,-1.947241676536179758e-02,9.734910186944260024e-01,1.947241676536182881e-02,9.734910186944260024e-01,-1.947241676536182881e-02
1.390000000000000124e+00,5.235987755982988157e-01,5.211957327282192853e-01,2.710996594858735773e-02,5.217844536891725893e-01,5.156870364994319000e-02,-1.814321909126226373e-03,5.156870364994319000e-02,-9.222936557415596041e-04,-9.222936557415596041e-04,0.000000000000000000e+00,9.734910186944261135e-01,1.947241676536179758e-02,9.734910186944261135e-01,-1.947241676536179758e-02,9.734910186944260024e-01,1.947241676536182881e-02,9.734910186944260024e-01,-1.947241676536182881e-02
1.400000000000000133e+00,5.235987755982988157e-01,5.214511555422801647e-01,2.554228140609300646e-02,5.218063288959184920e-01,4.663058535240789670e-02,-1.792446702380323664e-03,4.663058535240789670e-02,-8.008442256341333308e-04,-8.008442256341333308e-04,0.000000000000000000e+00,9.734910186944261135e-01,1.947241676536179758e-02,9.734910186944261135e-01,-1.947241676536179758e-02,9.734910186944260024e-01,1.947241676536182881e-02,9.734910186944260024e-01,-1.947241676536182881e-02
1.409999999999999920e+00,5.235987755982988157e-01,5.216921527359360544e-01,2.409971936558954683e-02,5.206175064390694551e-01,3.007930224867674460e-02,-2.981269159229360532e-03,3.007930224867674460e-02,-1.184080222218266689e-04,-1.184080222218266689e-04,0.000000000000000000e+00,9.734910186944261135e-01,1.947241676536179758e-02,9.734910186944261135e-01,-1.947241676536179758e-02,9.734910186944260024e-01,1.947241676536182881e-02,9.734910186944260024e-01,-1.947241676536182881e-02
1.419999999999999929e+00,5.235987755982988157e-01,5.219227634343012179e-01,2.306106983652065484e-02,5.211778535585797067e-01,3.267484321891158533e-02,-2.420922039719108909e-03,3.267484321891158533e-02,-3.070064326537649954e-04,-3.070064326537649954e-04,0.000000000000000000e+00,9.734910186944261135e-01,1.947241676536179758e-02,9.734910186944261135e-01,-1.947241676536179758e-02,9.734910186944260024e-01,1.947241676536182881e-02,9.734910186944260024e-01,-1.947241676536182881e-02
1.429999999999999938e+00,5.235987755982988157e-01,5.221424551026364602e-01,2.196916683352328342e-02,5.221548316487837349e-01,3.917713979906070620e-02,-1.443943949515080760e-03,3.917713979906070620e-02,-6.863634606967977149e-04,-6.863634606967977149e-04,0.000000000000000000e+00,9.734910186944261135e-01,1.947241676536179758e-02,9.734910186944261135e-01,-1.947241676536179758e-02,9.734910186944260024e-01,1.947241676536182881e-02,9.734910186944260024e-01,-1.947241676536182881e-02
1.439999999999999947e+00,5.235987755982988157e-01,5.223497515534670788e-01,2.072964508306539624e-02,5.226546809701460017e-01,4.025791903277730482e-02,-9.440946281528139750e-04,4.025791903277730482e-02,-8.230442239623922407e-04,-8.230442239623922407e-04,0.000000000000000000e+00,9.734910186944261135e-01,1.947241676536179758e-02,9.734910186944261135e-01,-1.947241676536179758e-02,9.734910186944260024e-01,1.947241676536182881e-02,9.734910186944260024e-01,-1.947241676536182881e-02
1.449999999999999956e+00,5.235987755982988157e-01,5.225444645443777514e-01,1.947129909106358817e-02,5.220874612953310123e-01,3.055993038134968004e-02,-1.511314302967803336e-03,3.055993038134968004e-02,-4.514023923974289478e-04,-4.514023923974289478e-04,0.000000000000000000e+00,9.734910186944261135e-01,1.947241676536179758e-02,9.734910186944261135e-01,-1.947241676536179758e-02,9.734910186944260024e-01,1.947241676536182881e-02,9.734910186944260024e-01,-1.947241676536182881e-02
1.459999999999999964e+00,5.235987755982988157e-01,5.227289857002335172e-01,1.845211558557379936e-02,5.225399361581152258e-01,3.202868597105684723e-02,-1.058839440183589886e-03,3.202868597105684723e-02,-5.876641491673062229e-04,-5.876641491673062229e-04,0.000000000000000000e+00,9.734910186944261135e-01,1.947241676536179758e-02,9.734910186944261135e-01,-1.947241676536179758e-02,9.734910186944260024e-01,1.947241676536182881e-02,9.734910186944260024e-01,-1.947241676536182881e-02
1.469999999999999973e+00,5.235987755982988157e-01,5.229030394155987915e-01,1.740537153653083646e-02,5.213659989676168172e-01,1.708644546896707916e-02,-2.232776630681998498e-03,1.708644546896707916e-02,5.039608440922312442e-05,5.039608440922312442e-05,0.000000000000000000e+00,9.734910186944261135e-01,1.947241676536179758e-02,9.734910186944261135e-01,-1.947241676536179758e-02,9.734910186944260024e-01,1.947241676536182881e-02,9.734910186944260024e-01,-1.947241676536182881e-02
1.479999999999999982e+00,5.235987755982988157e-01,5.230702795148371997e-01,1.672400992384075885e-02,5.235834241895498398e-01,3.755205314140059453e-02,-1.535140874897589214e-05,3.755205314140059453e-02,-9.565098784798575695e-04,-9.565098784798575695e-04,0.000000000000000000e+00,9.734910186944261135e-01,1.947241676536179758e-02,9.734910186944261135e-01,-1.947241676536179758e-02,9.734910186944260024e-01,1.947241676536182881e-02,9.734910186944260024e-01,-1.947241676536182881e-02
1.489999999999999991e+00,5.235987755982988157e-01,5.232258875487839633e-01,1.556080339467491233e-02,5.231537246261128704e-01,2.949985219289084221e-02,-4.450509721859452483e-04,2.949985219289084221e-02,-6.569392526841402605e-04,-6.569392526841402605e-04,0.000000000000000000e+00,9.734910186944261135e-01,1.947241676536179758e-02,9.734910186944261135e-01,-1.947241676536179758e-02,9.734910186944260024e-01,1.947241676536182881e-02,9.734910186944260024e-01,-1.947241676536182881e-02
1.500000000000000000e+00,5.235987755982988157e-01,5.233718518085644922e-01,1.459642597805181456e-02,5.231256207156805837e-01,2.626882786927889346e-02,-4.731548826182319090e-04,2.626882786927889346e-02,-5.682201964979137834e-04,-5.682201964979137834e-04,0.000000000000000000e+00,9.734910186944261135e-01,1.947241676536179758e-02,9.734910186944261135e-01,-1.947241676536179758e-02,9.734910186944260024e-01,1.947241676536182881e-02,9.734910186944260024e-01,-1.947241676536182881e-02
1.510000000000000009e+00,5.235987755982988157e-01,5.235090128826541678e-01,1.371610740897053794e-02,5.239649104607287944e-01,3.203484253283311184e-02,3.661348624299787247e-04,3.203484253283311184e-02,-8.987169774673736764e-04,-8.987169774673736764e-04,0.000000000000000000e+00,9.734910186944261135e-01,1.947241676536179758e-02,9.734910186944261135e-01,-1.947241676536179758e-02,9.734910186944260024e-01,1.947241676536182881e-02,9.734910186944260024e-01,-1.947241676536182881e-02
1.520000000000000018e+00,5.235987755982988157e-01,5.236360558988054636e-01,1.270430161512926467e-02,5.238747752659572710e-01,2.793000633183456705e-02,2.759996676584552944e-04,2.793000633183456705e-02,-7.741288724077801438e-04,-7.741288724077801438e-04,0.000000000000000000e+00,9.734910186944261135e-01,1.947241676536179758e-02,9.734910186944261135e-01,-1.947241676536179758e-02,9.734910186944260024e-01,1.947241676536182881e-02,9.734910186944260024e-01,-1.947241676536182881e-02
1.530000000000000027e+00,5.235987755982988157e-01,5.237540222121578326e-01,1.179663133523188058e-02,5.222379911289701804e-01,8.769164328780207351e-03,-1.360784469328635282e-03,8.769164328780207351e-03,7.274422363111364767e-05,7.274422363111364767e-05,0.000000000000000000e+00,9.734910186944261135e-01,1.947241676536179758e-02,9.734910186944261135e-01,-1.947241676536179758e-02,9.734910186944260024e-01,1.947241676536182881e-02,9.734910186944260024e-01,-1.947241676536182881e-02
1.540000000000000036e+00,5.235987755982988157e-01,5.238675658050494510e-01,1.135435928916336996e-02,5.242569269949231003e-01,2.808160655543138345e-02,6.581513966242846791e-04,2.808160655543138345e-02,-8.613802976413106015e-04,-8.613802976413106015e-04,0.000000000000000000e+00,9.734910186944261135e-01,1.947241676536179758e-02,9.734910186944261135e-01,-1.947241676536179758e-02,9.734910186944260024e-01,1.947241676536182881e-02,9.734910186944260024e-01,-1.947241676536182881e-02
1.550000000000000044e+00,5.235987755982988157e-01,5.239721394196438231e-01,1.045736145943373940e-02,5.237575284795159547e-01,2.027946074581678942e-02,1.587528812171390413e-04,2.027946074581678942e-02,-5.529946207116829106e-04,-5.529946207116829106e-04,0.000000000000000000e+00,9.734910186944261135e-01,1.947241676536179758e-02,9.734910186944261135e-01,-1.947241676536179758e-02,9.734910186944260024e-01,1.947241676536182881e-02,9.734910186944260024e-01,-1.947241676536182881e-02
1.560000000000000053e+00,5.235987755982988157e-01,5.240696678410423637e-01,9.752842139849964356e-03,5.230415962985097700e-01,1.109219286117326710e-02,-5.571792997890456789e-04,1.109219286117326710e-02,-1.619616746749843810e-04,-1.619616746749843810e-04,0.000000000000000000e+00,9.734910186944261135e-01,1.947241676536179758e-02,9.734910186944261135e-01,-1.947241676536179758e-02,9.734910186944260024e-01,1.947241676536182881e-02,9.734910186944260024e-01,-1.947241676536182881e-02
1.570000000000000062e+00,5.235987755982988157e-01,5.241624158984782289e-01,9.274805743587985138e-03,5.240577464136229047e-01,2.014447472618728641e-02,4.589708153240890098e-04,2.014447472618728641e-02,-6.150446793852945787e-04,-6.150446793852945787e-04,0.000000000000000000e+00,9.734910186944261135e-01,1.947241676536179758e-02,9.734910186944261135e-01,-1.947241676536179758e-02,9.734910186944260024e-01,1.947241676536182881e-02,9.734910186944260024e-01,-1.947241676536182881e-02
1.580000000000000071e+00,5.235987755982988157e-01,5.242482850329106547e-01,8.586913443239621926e-03,5.243600727116540794e-01,2.115329023388030569e-02,7.612971133552637326e-04,2.115329023388030569e-02,-7.067911744444706039e-04,-7.067911744444706039e-04,0.000000000000000000e+00,9.734910186944261135e-01,1.947241676536179758e-02,9.734910186944261135e-01,-1.947241676536179758e-02,9.734910186944260024e-01,1.947241676536182881e-02,9.734910186944260024e-01,-1.947241676536182881e-02
1.590000000000000080e+00,5.235987755982988157e-01,5.243270903525132365e-01,7.880531960262922644e-03,5.245356740995301692e-01,2.079397508925317356e-02,9.368985012313535421e-04,2.079397508925317356e-02,-7.359188460978243005e-04,-7.359188460978243005e-04,0.000000000000000000e+00,9.734910186944261135e-01,1.947241676536179758e-02,9.734910186944261135e-01,-1.947241676536179758e-02,9.734910186944260024e-01,1.947241676536182881e-02,9.734910186944260024e-01,-1.947241676536182881e-02
1.600000000000000089e+00,5.235987755982988157e-01,5.243989713390542207e-01,7.188098654103299706e-03,5.249723285098488734e-01,2.308112168351490051e-02,1.373552911550057765e-03,2.308112168351490051e-02,-8.896476566627937229e-04,-8.896476566627937229e-04,0.000000000000000000e+00,9.734910186944261135e-01,1.947241676536179758e-02,9.734910186944261135e-01,-1.947241676536179758e-02,9.734910186944260024e-01,1.947241676536182881e-02,9.734910186944260024e-01,-1.947241676536182881e-02
1.610000000000000098e+00,5.235987755982988157e-01,5.244634313009503002e-01,6.445996189603167212e-03,5.246832636928790983e-01,1.788236134546565895e-02,1.084488094580282613e-03,1.788236134546565895e-02,-6.936963075278624897e-04,-6.936963075278624897e-04,0.000000000000000000e+00,9.734910186944261135e-01,1.947241676536179758e-02,9.734910186944261135e-01,-1.947241676536179758e-02,9.734910186944260024e-01,1.947241676536182881e-02,9.734910186944260024e-01,-1.947241676536182881e-02
1.620000000000000107e+00,5.235987755982988157e-01,5.245217631754881538e-01,5.833187453788551101e-03,5.246666430479298704e-01,1.592791876142681320e-02,1.067867449631054733e-03,1.592791876142681320e-02,-6.401130317636101767e-04,-6.401130317636101767e-04,0.000000000000000000e+00,9.734910186944261135e-01,1.947241676536179758e-02,9.734910186944261135e-01,-1.947241676536179758e-02,9.734910186944260024e-01,1.947241676536182881e-02,9.734910186944260024e-01,-1.947241676536182881e-02
1.630000000000000115e+00,5.235987755982988157e-01,5.245744869781848729e-01,5.272380269676458370e-03,5.248657926436522958e-01,1.632662284250838494e-02,1.267017045353480142e-03,1.632662284250838494e-02,-6.937539126331156419e-04,-6.937539126331156419e-04,0.000000000000000000e+00,9.734910186944261135e-01,1.947241676536179758e-02,9.734910186944261135e-01,-1.947241676536179758e-02,9.734910186944260024e-01,1.947241676536182881e-02,9.734910186944260024e-01,-1.947241676536182881e-02
1.640000000000000124e+00,5.235987755982988157e-01,5.246215590283468400e-01,4.707205016191720603e-03,5.249871879930836371e-01,1.590791405257096017e-02,1.388412394784821480e-03,1.590791405257096017e-02,-7.095369704457002305e-04,-7.095369704457002305e-04,0.000000000000000000e+00,9.734910186944261135e-01,1.947241676536179758e-02,9.734910186944261135e-01,-1.947241676536179758e-02,9.734910186944260024e-01,1.947241676536182881e-02,9.734910186944260024e-01,-1.947241676536182881e-02
1.650000000000000133e+00,5.235987755982988157e-01,5.246631289880147042e-01,4.156995966788725599e-03,5.254286050046441670e-01,1.873129276291916195e-02,1.829829406345351295e-03,1.873129276291916195e-02,-8.780113700827831512e-04,-8.780113700827831512e-04,0.000000000000000000e+00,9.734910186944261135e-01,1.947241676536179758e-02,9.734910186944261135e-01,-1.947241676536179758e-02,9.734910186944260024e-01,1.947241676536182881e-02,9.734910186944260024e-01,-1.947241676536182881e-02
1.660000000000000142e+00,5.235987755982988157e-01,5.246985677899284051e-01,3.543880191366528647e-03,5.248034476161269613e-01,1.060658960145519254e-02,1.204672017828145592e-03,1.060658960145519254e-02,-5.339432890255835706e-04,-5.339432890255835706e-04,0.000000000000000000e+00,9.734910186944261135e-01,1.947241676536179758e-02,9.734910186944261135e-01,-1.947241676536179758e-02,9.734910186944260024e-01,1.947241676536182881e-02,9.734910186944260024e-01,-1.947241676536182881e-02
1.669999999999999929e+00,5.235987755982988157e-01,5.247298654903262971e-01,3.129770039790733243e-03,5.251424097721434370e-01,1.293555220147443036e-02,1.543634173844621316e-03,1.293555220147443036e-02,-6.674268249927024516e-04,-6.674268249927024516e-04,0.000000000000000000e+00,9.734910186944261135e-01,1.947241676536179758e-02,9.734910186944261135e-01,-1.947241676536179758e-02,9.734910186944260024e-01,1.947241676536182881e-02,9.734910186944260024e-01,-1.947241676536182881e-02
1.679999999999999938e+00,5.235987755982988157e-01,5.247565148111114075e-01,2.664932078513439738e-03,5.248627506155049138e-01,8.845405414941756930e-03,1.263975017206098173e-03,8.845405414941756930e-03,-5.018645769927734162e-04,-5.018645769927734162e-04,0.000000000000000000e+00,9.734910186944261135e-01,1.947241676536179758e-02,9.734910186944261135e-01,-1.947241676536179758e-02,9.734910186944260024e-01,1.947241676536182881e-02,9.734910186944260024e-01,-1.947241676536182881e-02
1.689999999999999947e+00,5.235987755982988157e-01,5.247795423120866776e-01,2.302750097530732298e-03,5.255286817913628061e-01,1.462017663202650267e-02,1.929906193063990472e-03,1.462017663202650267e-02,-7.947624703179192313e-04,-7.947624703179192313e-04,0.000000000000000000e+00,9.734910186944261135e-01,1.947241676536179758e-02,9.734910186944261135e-01,-1.947241676536179758e-02,9.734910186944260024e-01,1.947241676536182881e-02,9.734910186944260024e-01,-1.947241676536182881e-02
1.699999999999999956e+00,5.235987755982988157e-01,5.247976129550269153e-01,1.807064294021247823e-03,5.251587827717443258e-01,9.459168772639050399e-03,1.560007173445510098e-03,9.459168772639050399e-03,-5.821400051787890178e-04,-5.821400051787890178e-04,0.000000000000000000e+00,9.734910186944261135e-01,1.947241676536179758e-02,9.734910186944261135e-01,-1.947241676536179758e-02,9.734910186944260024e-01,1.947241676536182881e-02,9.734910186944260024e-01,-1.947241676536182881e-02
1.709999999999999964e+00,5.235987755982988157e-01,5.248120039624837307e-01,1.439100745684008479e-03,5.252533662969955941e-01,9.459087147887828423e-03,1.654590698696778439e-03,9.459087147887828423e-03,-6.027737918099479279e-04,-6.027737918099479279e-04,0.000000000000000000e+00,9.734910186944261135e-01,1.947241676536179758e-02,9.734910186944261135e-01,-1.947241676536179758e-02,9.734910186944260024e-01,1.947241676536182881e-02,9.734910186944260024e-01,-1.947241676536182881e-02
1.719999999999999973e+00,5.235987755982988157e-01,5.248227603595754243e-01,1.075639709171353131e-03,5.252283142957400175e-01,8.262658420543279869e-03,1.629538697441201833e-03,8.262658420543279869e-03,-5.667264086130691970e-04,-5.667264086130691970e-04,0.000000000000000000e+00,9.734910186944261135e-01,1.947241676536179758e-02,9.734910186944261135e-01,-1.947241676536179758e-02,9.734910186944260024e-01,1.947241676536182881e-02,9.734910186944260024e-01,-1.947241676536182881e-02
1.729999999999999982e+00,5.235987755982988157e-01,5.248302121618652061e-01,7.451802289810715348e-04,5.244893014776094153e-01,4.626439718293223063e-05,8.905258793105996773e-04,4.626439718293223063e-05,-1.954740953609883174e-04,-1.954740953609883174e-04,0.000000000000000000e+00,9.734910186944261135e-01,1.947241676536179758e-02,9.734910186944261135e-01,-1.947241676536179758e-02,9.734910186944260024e-01,1.947241676536182881e-02,9.734910186944260024e-01,-1.947241676536182881e-02
1.739999999999999991e+00,5.235987755982988157e-01,5.248363721919406810e-01,6.160030075468430916e-04,5.243543443303680940e-01,-1.307933514948574289e-03,7.555687320692783260e-04,-1.307933514948574289e-03,-1.314153253380031345e-04,-1.314153253380031345e-04,0.000000000000000000e+00,9.734910186944261135e-01,1.947241676536179758e-02,9.734910186944261135e-01,-1.947241676536179758e-02,9.734910186944260024e-01,1.947241676536182881e-02,9.734910186944260024e-01,-1.947241676536182881e-02
1.750000000000000000e+00,5.235987755982988157e-01,5.248416170622209886e-01,5.244870280332866513e-04,5.253070060181361800e-01,8.349476714227140745e-03,1.708230419837364344e-03,8.349476714227140745e-03,-5.861142106291848761e-04,-5.861142106291848761e-04,0.000000000000000000e+00,9.734910186944261135e-01,1.947241676536179758e-02,9.734910186944261135e-01,-1.947241676536179758e-02,9.734910186944260024e-01,1.947241676536182881e-02,9.734910186944260024e-01,-1.947241676536182881e-02
1.760000000000000009e+00,5.235987755982988157e-01,5.248436830641376449e-01,2.066001916614354007e-04,5.236131760432829463e-01,-9.423770705727908120e-03,1.440044498413062257e-05,-9.423770705727908120e-03,2.377369503889275790e-04,2.377369503889275790e-04,0.000000000000000000e+00,9.734910186944261135e-01,1.947241676536179758e-02,9.734910186944261135e-01,-1.947241676536179758e-02,9.734910186944260024e-01,1.947241676536182881e-02,9.734910186944260024e-01,-1.947241676536182881e-02
1.770000000000000018e+00,5.235987755982988157e-01,5.248468681624959276e-01,3.185098358304242643e-04,5.247970681306681762e-01,3.357527238697177382e-03,1.198292532369360508e-03,3.357527238697177382e-03,-3.472598606308006106e-04,-3.472598606308006106e-04,0.000000000000000000e+00,9.734910186944261135e-01,1.947241676536179758e-02,9.734910186944261135e-01,-1.947241676536179758e-02,9.734910186944260024e-01,1.947241676536182881e-02,9.734910186944260024e-01,-1.947241676536182881e-02
1.780000000000000027e+00,5.235987755982988157e-01,5.248481666982364180e-01,1.298535740527484027e-04,5.255807939804435502e-01,1.085903301258119881e-02,1.982018382144734581e-03,1.085903301258119881e-02,-7.099944024426580076e-04,-7.099944024426580076e-04,0.000000000000000000e+00,9.734910186944261135e-01,1.947241676536179758e-02,9.734910186944261135e-01,-1.947241676536179758e-02,9.734910186944260024e-01,1.947241676536182881e-02,9.734910186944260024e-01,-1.947241676536182881e-02
1.790000000000000036e+00,5.235987755982988157e-01,5.248458197726838526e-01,-2.346925552537030917e-04,5.240182613231686437e-01,-5.852196861425983110e-03,4.194857248698280472e-04,-5.852196861425983110e-03,5.806482979711915181e-05,5.806482979711915181e-05,0.000000000000000000e+00,9.734910186944261135e-01,1.947241676536179758e-02,9.734910186944261135e-01,-1.947241676536179758e-02,9.734910186944260024e-01,1.947241676536182881e-02,9.734910186944260024e-01,-1.947241676536182881e-02
1.800000000000000044e+00,5.235987755982988157e-01,5.248438619805703143e-01,-1.957792113593019242e-04,5.248827562951228209e-01,3.377972544258385675e-03,1.283980696824005285e-03,3.377972544258385675e-03,-3.664775753826794713e-04,-3.664775753826794713e-04,0.000000000000000000e+00,9.734910186944261135e-01,1.947241676536179758e-02,9.734910186944261135e-01,-1.947241676536179758e-02,9.734910186944260024e-01,1.947241676536182881e-02,9.734910186944260024e-01,-1.947241676536182881e-02
1.810000000000000053e+00,5.235987755982988157e-01,5.248401292419775377e-01,-3.732738592778405340e-04,5.245169298086541643e-01,-6.180895748540186051e-04,9.181542103553486101e-04,-6.180895748540186051e-04,-1.845205438338560968e-04,-1.845205438338560968e-04,0.000000000000000000e+00,9.734910186944261135e-01,1.947241676536179758e-02,9.734910186944261135e-01,-1.947241676536179758e-02,9.734910186944260024e-01,1.947241676536182881e-02,9.734910186944260024e-01,-1.947241676536182881e-02
1.820000000000000062e+00,5.235987755982988157e-01,5.248356143826292675e-01,-4.514859348318302234e-04,5.254053059643488677e-01,8.327480939578415023e-03,1.806530366050052017e-03,8.327480939578415023e-03,-6.069986893933127046e-04,-6.069986893933127046e-04,0.000000000000000000e+00,9.734910186944261135e-01,1.947241676536179758e-02,9.734910186944261135e-01,-1.947241676536179758e-02,9.734910186944260024e-01,1.947241676536182881e-02,9.734910186944260024e-01,-1.947241676536182881e-02
1.830000000000000071e+00,5.235987755982988157e-01,5.248282113349259648e-01,-7.403047703350761153e-04,5.239772068410201156e-01,-6.786258387666943559e-03,3.784312427212999097e-04,-6.786258387666943559e-03,9.089726701543179952e-05,9.089726701543179952e-05,0.000000000000000000e+00,9.734910186944261135e-01,1.947241676536179758e-02,9.734910186944261135e-01,-1.947241676536179758e-02,9.734910186944260024e-01,1.947241676536182881e-02,9.734910186944260024e-01,-1.947241676536182881e-02
1.840000000000000080e+00,5.235987755982988157e-01,5.248215688980260030e-01,-6.642436899949212417e-04,5.245500370626071662e-01,-3.793303330297433107e-04,9.512614643083505683e-04,-3.793303330297433107e-04,-1.978466270834674308e-04,-1.978466270834674308e-04,0.000000000000000000e+00,9.734910186944261135e-01,1.947241676536179758e-02,9.734910186944261135e-01,-1.947241676536179758e-02,9.734910186944260024e-01,1.947241676536182881e-02,9.734910186944260024e-01,-1.947241676536182881e-02
1.850000000000000089e+00,5.235987755982988157e-01,5.248141950755311758e-01,-7.373822494805729955e-04,5.244746166618445837e-01,-1.095601307352593763e-03,8.758410635457680726e-04,-1.095601307352593763e-03,-1.630832577601346717e-04,-1.630832577601346717e-04,0.000000000000000000e+00,9.734910186944261135e-01,1.947241676536179758e-02,9.734910186944261135e-01,-1.947241676536179758e-02,9.734910186944260024e-01,1.947241676536182881e-02,9.734910186944260024e-01,-1.947241676536182881e-02
1.860000000000000098e+00,5.235987755982988157e-01,5.248062954804902924e-01,-7.899595040922380209e-04,5.245191782884185416e-01,-5.404249108777555615e-04,9.204026901197259747e-04,-5.404249108777555615e-04,-1.869962767715647426e-04,-1.869962767715647426e-04,0.000000000000000000e+00,9.734910186944261135e-01,1.947241676536179758e-02,9.734910186944261135e-01,-1.947241676536179758e-02,9.734910186944260024e-01,1.947241676536182881e-02,9.734910186944260024e-01,-1.947241676536182881e-02
1.870000000000000107e+00,5.235987755982988157e-01,5.247977704604070981e-01,-8.525020083183456774e-04,5.253563557011148299e-01,7.885391707172902109e-03,1.757580102816014289e-03,7.885391707172902109e-03,-5.850187687424852250e-04,-5.850187687424852250e-04,0.000000000000000000e+00,9.734910186944261135e-01,1.947241676536179758e-02,9.734910186944261135e-01,-1.947241676536179758e-02,9.734910186944260024e-01,1.947241676536182881e-02,9.734910186944260024e-01,-1.947241676536182881e-02
1.880000000000000115e+00,5.235987755982988157e-01,5.247866313348940048e-01,-1.113912551310390891e-03,5.247610246334136752e-01,1.143541859444066784e-03,1.162249035114859552e-03,1.143541859444066784e-03,-2.828048686929993138e-04,-2.828048686929993138e-04,0.000000000000000000e+00,9.734910186944261135e-01,1.947241676536179758e-02,9.734910186944261135e-01,-1.947241676536179758e-02,9.734910186944260024e-01,1.947241676536182881e-02,9.734910186944260024e-01,-1.947241676536182881e-02
1.890000000000000124e+00,5.235987755982988157e-01,5.247745135352129831e-01,-1.211779968101444997e-03,5.245596218830240742e-01,-9.848398303963492792e-04,9.608462847252585703e-04,-9.848398303963492792e-04,-1.844605209473245907e-04,-1.844605209473245907e-04,0.000000000000000000e+00,9.734910186944261135e-01,1.947241676536179758e-02,9.734910186944261135e-01,-1.947241676536179758e-02,9.734910186944260024e-01,1.947241676536182881e-02,9.734910186944260024e-01,-1.947241676536182881e-02
1.900000000000000133e+00,5.235987755982988157e-01,5.247619544507630129e-01,-1.255908445000244143e-03,5.250652609901476087e-01,4.170035223878629065e-03,1.466485391848793007e-03,4.170035223878629065e-03,-4.265414817999605042e-04,-4.265414817999605042e-04,0.000000000000000000e+00,9.734910186944261135e-01,1.947241676536179758e-02,9.734910186944261135e-01,-1.947241676536179758e-02,9.734910186944260024e-01,1.947241676536182881e-02,9.734910186944260024e-01,-1.947241676536182881e-02
1.910000000000000142e+00,5.235987755982988157e-01,5.247477470208129491e-01,-1.420742995010150023e-03,5.252232610358295029e-01,5.333032158309707060e-03,1.624485437530687193e-03,5.333032158309707060e-03,-4.907404203928474127e-04,-4.907404203928474127e-04,0.000000000000000000e+00,9.734910186944261135e-01,1.947241676536179758e-02,9.734910186944261135e-01,-1.947241676536179758e-02,9.734910186944260024e-01,1.947241676536182881e-02,9.734910186944260024e-01,-1.947241676536182881e-02
1.919999999999999929e+00,5.235987755982988157e-01,5.247316333270745092e-01,-1.611369373839376638e-03,5.249599779636955343e-01,2.166898221139051516e-03,1.361202365396718683e-03,2.166898221139051516e-03,-3.523695190139412002e-04,-3.523695190139412002e-04,0.000000000000000000e+00,9.734910186944261135e-01,1.947241676536179758e-02,9.734910186944261135e-01,-1.947241676536179758e-02,9.734910186944260024e-01,1.947241676536182881e-02,9.734910186944260024e-01,-1.947241676536182881e-02
1.929999999999999938e+00,5.235987755982988157e-01,5.247143909730427325e-01,-1.724235403177355828e-03,5.249296952203996725e-01,1.647380966066527494e-03,1.330919622100856792e-03,1.647380966066527494e-03,-3.324832872493190656e-04,-3.324832872493190656e-04,0.000000000000000000e+00,9.734910186944261135e-01,1.947241676536179758e-02,9.734910186944261135e-01,-1.947241676536179758e-02,9.734910186944260024e-01,1.947241676536182881e-02,9.734910186944260024e-01,-1.947241676536182881e-02
1.939999999999999947e+00,5.235987755982988157e-01,5.246961664242609791e-01,-1.822454878178122063e-03,5.245423465962488763e-01,-2.390843372048086050e-03,9.435709979500606082e-04,-2.390843372048086050e-03,-1.447529391807368692e-04,-1.447529391807368692e-04,0.000000000000000000e+00,9.734910186944261135e-01,1.947241676536179758e-02,9.734910186944261135e-01,-1.947241676536179758e-02,9.734910186944260024e-01,1.947241676536182881e-02,9.734910186944260024e-01,-1.947241676536182881e-02
1.949999999999999956e+00,5.235987755982988157e-01,5.246779495256258530e-01,-1.821689863515028830e-03,5.246688727877916181e-01,-8.864971194158597755e-04,1.070097189492802414e-03,-8.864971194158597755e-04,-2.108101818106150886e-04,-2.108101818106150886e-04,0.000000000000000000e+00,9.734910186944261135e-01,1.947241676536179758e-02,9.734910186944261135e-01,-1.947241676536179758e-02,9.734910186944260024e-01,1.947241676536182881e-02,9.734910186944260024e-01,-1.947241676536182881e-02
1.959999999999999964e+00,5.235987755982988157e-01,5.246594057024970281e-01,-1.854382312879713363e-03,5.249475807307661945e-01,1.989232022271490274e-03,1.348805132467378876e-03,1.989232022271490274e-03,-3.451234541016782119e-04,-3.451234541016782119e-04,0.000000000000000000e+00,9.734910186944261135e-01,1.947241676536179758e-02,9.734910186944261135e-01,-1.947241676536179758e-02,9.734910186944260024e-01,1.947241676536182881e-02,9.734910186944260024e-01,-1.947241676536182881e-02
1.969999999999999973e+00,5.235987755982988157e-01,5.246398685776132442e-01,-1.953712488376571632e-03,5.247948535970567985e-01,2.630374829503811119e-04,1.196077998757982819e-03,2.630374829503811119e-04,-2.676791779467066826e-04,-2.676791779467066826e-04,0.000000000000000000e+00,9.734910186944261135e-01,1.947241676536179758e-02,9.734910186944261135e-01,-1.947241676536179758e-02,9.734910186944260024e-01,1.947241676536182881e-02,9.734910186944260024e-01,-1.947241676536182881e-02
1.979999999999999982e+00,5.235987755982988157e-01,5.246197703755370867e-01,-2.009820207619091893e-03,5.253957965598322621e-01,6.246163362409977785e-03,1.797020961533446481e-03,6.246163362409977785e-03,-5.517238951291449089e-04,-5.517238951291449089e-04,0.000000000000000000e+00,9.734910186944261135e-01,1.947241676536179758e-02,9.734910186944261135e-01,-1.947241676536179758e-02,9.734910186944260024e-01,1.947241676536182881e-02,9.734910186944260024e-01,-1.947241676536182881e-02
1.989999999999999991e+00,5.235987755982988157e-01,5.245976965548254656e-01,-2.207382071158338691e-03,5.244660836329528841e-01,-3.675582242624798011e-03,8.673080346540684715e-04,-3.675582242624798011e-03,-9.527526870064105427e-05,-9.527526870064105427e-05,0.000000000000000000e+00,9.734910186944261135e-01,1.947241676536179758e-02,9.734910186944261135e-01,-1.947241676536179758e-02,9.734910186944260024e-01,1.947241676536182881e-02,9.734910186944260024e-01,-1.947241676536182881e-02
2.000000000000000000e+00,5.235987755982988157e-01,5.245760370777743375e-01,-2.165947705110209034e-03,5.257601266180396138e-01,9.632405832504974813e-03,2.161351019740798129e-03,9.632405832504974813e-03,-7.177669851710930318e-04,-7.177669851710930318e-04,0.000000000000000000e+00,9.734910186944261135e-01,1.947241676536179758e-02,9.734910186944261135e-01,-1.947241676536179758e-02,9.734910186944260024e-01,1.947241676536182881e-02,9.734910186944260024e-01,-1.947241676536182881e-02
2.010000000000000231e+00,5.235987755982988157e-01,5.245516251742471381e-01,-2.441190352717770556e-03,5.244768002840366483e-01,-4.164098090775173594e-03,8.780246857378326553e-04,-4.164098090775173594e-03,-8.512654819175532019e-05,-8.512654819175532019e-05,0.000000000000000000e+00,9.734910186944261135e-01,1.947241676536179758e-02,9.734910186944261135e-01,-1.947241676536179758e-02,9.734910186944260024e-01,1.947241676536182881e-02,9.734910186944260024e-01,-1.947241676536182881e-02
2.020000000000000018e+00,5.235987755982988157e-01,5.245277739228095815e-01,-2.385125143757991714e-03,5.242849737233010732e-01,-5.665953889053406897e-03,6.861981250022575196e-04,-5.665953889053406897e-03,-4.885977829502228956e-06,-4.885977829502228956e-06,0.000000000000000000e+00,9.734910186944261135e-01,1.947241676536179758e-02,9.734910186944261135e-01,-1.947241676536179758e-02,9.734910186944260024e-01,1.947241676536182881e-02,9.734910186944260024e-01,-1.947241676536182881e-02
2.030000000000000249e+00,5.235987755982988157e-01,5.245048665890464923e-01,-2.290733376308804956e-03,5.244844624582870596e-01,-3.104471150288202596e-03,8.856868599882439241e-04,-3.104471150288202596e-03,-1.138831269464272544e-04,-1.138831269464272544e-04,0.000000000000000000e+00,9.734910186944261135e-01,1.947241676536179758e-02,9.734910186944261135e-01,-1.947241676536179758e-02,9.734910186944260024e-01,1.947241676536182881e-02,9.734910186944260024e-01,-1.947241676536182881e-02
2.040000000000000036e+00,5.235987755982988157e-01,5.244823132895999329e-01,-2.255329944654120046e-03,5.247953024248660503e-01,3.143756305305240445e-04,1.196526826567234636e-03,3.143756305305240445e-04,-2.690893437922959263e-04,-2.690893437922959263e-04,0.000000000000000000e+00,9.734910186944261135e-01,1.947241676536179758e-02,9.734910186944261135e-01,-1.947241676536179758e-02,9.734910186944260024e-01,1.947241676536182881e-02,9.734910186944260024e-01,-1.947241676536182881e-02
2.049999999999999822e+00,5.235987755982988157e-01,5.244593142694347065e-01,-2.299902016521436065e-03,5.242177883536620620e-01,-5.492202644562411105e-03,6.190127553632462920e-04,-5.492202644562411105e-03,5.331055374617834925e-06,5.331055374617834925e-06,0.000000000000000000e+00,9.734910186944261135e-01,1.947241676536179758e-02,9.734910186944261135e-01,-1.947241676536179758e-02,9.734910186944260024e-01,1.947241676536182881e-02,9.734910186944260024e-01,-1.947241676536182881e-02
2.060000000000000053e+00,5.235987755982988157e-01,5.244372762567156565e-01,-2.203801271903189658e-03,5.255984534944748710e-01,8.863669028021915752e-03,1.999677896176055292e-03,8.863669028021915752e-03,-6.628442588160905194e-04,-6.628442588160905194e-04,0.000000000000000000e+00,9.734910186944261135e-01,1.947241676536179758e-02,9.734910186944261135e-01,-1.947241676536179758e-02,9.734910186944260024e-01,1.947241676536182881e-02,9.734910186944260024e-01,-1.947241676536182881e-02
2.069999999999999840e+00,5.235987755982988157e-01,5.244127791114182591e-01,-2.449714529739925074e-03,5.248310892135692463e-01,3.036593161634786042e-04,1.232313615270430596e-03,3.036593161634786042e-04,-2.766232517568322164e-04,-2.766232517568322164e-04,0.000000000000000000e+00,9.734910186944261135e-01,1.947241676536179758e-02,9.734910186944261135e-01,-1.947241676536179758e-02,9.734910186944260024e-01,1.947241676536182881e-02,9.734910186944260024e-01,-1.947241676536182881e-02
2.080000000000000071e+00,5.235987755982988157e-01,5.243878770652365962e-01,-2.490204618163918259e-03,5.250662567228852051e-01,2.624968477706718893e-03,1.467481124586389463e-03,2.624968477706718893e-03,-3.872656395940918001e-04,-3.872656395940918001e-04,0.000000000000000000e+00,9.734910186944261135e-01,1.947241676536179758e-02,9.734910186944261135e-01,-1.947241676536179758e-02,9.734910186944260024e-01,1.947241676536182881e-02,9.734910186944260024e-01,-1.947241676536182881e-02
2.089999999999999858e+00,5.235987755982988157e-01,5.243620266874713387e-01,-2.585037776525475964e-03,5.246745111915331883e-01,-1.554983683584120532e-03,1.075735593234372622e-03,-1.554983683584120532e-03,-1.949533195472475918e-04,-1.949533195472475918e-04,0.000000000000000000e+00,9.734910186944261135e-01,1.947241676536179758e-02,9.734910186944261135e-01,-1.947241676536179758e-02,9.734910186944260024e-01,1.947241676536182881e-02,9.734910186944260024e-01,-1.947241676536182881e-02
2.100000000000000089e+00,5.235987755982988157e-01,5.243362396335462527e-01,-2.578705392514061331e-03,5.242141360413307138e-01,-6.003236817250451676e-03,6.153604430318981855e-04,-6.003236817250451676e-03,1.919032714481832625e-05,1.919032714481832625e-05,0.000000000000000000e+00,9.734910186944261135e-01,1.947241676536179758e-02,9.734910186944261135e-01,-1.947241676536179758e-02,9.734910186944260024e-01,1.947241676536182881e-02,9.734910186944260024e-01,-1.947241676536182881e-02
2.109999999999999876e+00,5.235987755982988157e-01,5.243115969449982927e-01,-2.464268854799346684e-03,5.235071808609790267e-01,-1.247246493904227704e-02,-9.159473731978895472e-05,-1.247246493904227704e-02,3.387895308633414974e-04,3.387895308633414974e-04,0.000000000000000000e+00,9.734910186944261135e-01,1.947241676536179758e-02,9.734910186944261135e-01,-1.947241676536179758e-02,9.734910186944260024e-01,1.947241676536182881e-02,9.734910186944260024e-01,-1.947241676536182881e-02
2.120000000000000107e+00,5.235987755982988157e-01,5.242896693883010162e-01,-2.192755669725481461e-03,5.248139820397913491e-01,1.842793342985170335e-03,1.215206441492533429e-03,1.842793342985170335e-03,-3.122323163246240076e-04,-3.122323163246240076e-04,0.000000000000000000e+00,9.734910186944261135e-01,1.947241676536179758e-02,9.734910186944261135e-01,-1.947241676536179758e-02,9.734910186944260024e-01,1.947241676536182881e-02,9.734910186944260024e-01,-1.947241676536182881e-02
2.129999999999999893e+00,5.235987755982988157e-01,5.242670523855732512e-01,-2.261700272771461837e-03,5.248678766506600368e-01,2.197460117373530638e-03,1.269101052361221171e-03,2.197460117373530638e-03,-3.330563910268631014e-04,-3.330563910268631014e-04,0.000000000000000000e+00,9.734910186944261135e-01,1.947241676536179758e-02,9.734910186944261135e-01,-1.947241676536179758e-02,9.734910186944260024e-01,1.947241676536182881e-02,9.734910186944260024e-01,-1.947241676536182881e-02
2.140000000000000124e+00,5.235987755982988157e-01,5.242436685621176817e-01,-2.338382345555109227e-03,5.239588461825114285e-01,-7.112590575849904451e-03,3.600705842126128431e-04,-7.112590575849904451e-03,1.032444257461026006e-04,1.032444257461026006e-04,0.000000000000000000e+00,9.734910186944261135e-01,1.947241676536179758e-02,9.734910186944261135e-01,-1.947241676536179758e-02,9.734910186944260024e-01,1.947241676536182881e-02,9.734910186944260024e-01,-1.947241676536182881e-02
2.149999999999999911e+00,5.235987755982988157e-01,5.242217568365148406e-01,-2.191172560283720372e-03,5.242924535707462752e-01,-3.065257635916448023e-03,6.936779724474595454e-04,-3.065257635916448023e-03,-7.299368713874154703e-05,-7.299368713874154703e-05,0.000000000000000000e+00,9.734910186944261135e-01,1.947241676536179758e-02,9.734910186944261135e-01,-1.947241676536179758e-02,9.734910186944260024e-01,1.947241676536182881e-02,9.734910186944260024e-01,-1.947241676536182881e-02
2.160000000000000142e+00,5.235987755982988157e-01,5.242003656212299578e-01,-2.139121528489393211e-03,5.246937532441398044e-01,1.254264861610487978e-03,1.094977645840988778e-03,1.254264861610487978e-03,-2.709580179880585965e-04,-2.709580179880585965e-04,0.000000000000000000e+00,9.734910186944261135e-01,1.947241676536179758e-02,9.734910186944261135e-01,-1.947241676536179758e-02,9.734910186944260024e-01,1.947241676536182881e-02,9.734910186944260024e-01,-1.947241676536182881e-02
2.169999999999999929e+00,5.235987755982988157e-01,5.241784720350237681e-01,-2.189358620623835933e-03,5.239244074880821112e-01,-6.564619185127492165e-03,3.256318897832954917e-04,-6.564619185127492165e-03,9.675156110734429949e-05,9.675156110734429949e-05,0.000000000000000000e+00,9.734910186944261135e-01,1.947241676536179758e-02,9.734910186944261135e-01,-1.947241676536179758e-02,9.734910186944260024e-01,1.947241676536182881e-02,9.734910186944260024e-01,-1.947241676536182881e-02
2.180000000000000160e+00,5.235987755982988157e-01,5.241579571701813212e-01,-2.051486484239486551e-03,5.246693519147173079e-01,1.541286999737222912e-03,1.070576316418492269e-03,1.541286999737222912e-03,-2.729707342490267428e-04,-2.729707342490267428e-04,0.000000000000000000e+00,9.734910186944261135e-01,1.947241676536179758e-02,9.734910186944261135e-01,-1.947241676536179758e-02,9.734910186944260024e-01,1.947241676536182881e-02,9.734910186944260024e-01,-1.947241676536182881e-02
2.189999999999999947e+00,5.235987755982988157e-01,5.241368941594858333e-01,-2.106301069546347507e-03,5.245000473063164970e-01,-3.058877842446086192e-04,9.012717080176813056e-04,-3.058877842446086192e-04,-1.888173002988688387e-04,-1.888173002988688387e-04,0.000000000000000000e+00,9.734910186944261135e-01,1.947241676536179758e-02,9.734910186944261135e-01,-1.947241676536179758e-02,9.734910186944260024e-01,1.947241676536182881e-02,9.734910186944260024e-01,-1.947241676536182881e-02
2.200000000000000178e+00,5.235987755982988157e-01,5.241157310987176743e-01,-2.116306076812964065e-03,5.240357208251195109e-01,-4.918563817790007515e-03,4.369452268206952539e-04,-4.918563817790007515e-03,3.039120776606841579e-05,3.039120776606841579e-05,0.000000000000000000e+00,9.734910186944261135e-01,1.947241676536179758e-02,9.734910186944261135e-01,-1.947241676536179758e-02,9.734910186944260024e-01,1.947241676536182881e-02,9.734910186944260024e-01,-1.947241676536182881e-02
2.209999999999999964e+00,5.235987755982988157e-01,5.240955812936147762e-01,-2.014980510284856453e-03,5.245654057187959518e-01,8.701415007534010412e-04,9.666301204971361472e-04,8.701415007534010412e-04,-2.331371573199247612e-04,-2.331371573199247612e-04,0.000000000000000000e+00,9.734910186944261135e-01,1.947241676536179758e-02,9.734910186944261135e-01,-1.947241676536179758e-02,9.734910186944260024e-01,1.947241676536182881e-02,9.734910186944260024e-01,-1.947241676536182881e-02
2.220000000000000195e+00,5.235987755982988157e-01,5.240750700834592157e-01,-2.051121015550514369e-03,5.239696055362481619e-01,-5.174874474799836047e-03,3.708299379493462666e-04,-5.174874474799836047e-03,5.136748585167986287e-05,5.136748585167986287e-05,0.000000000000000000e+00,9.734910186944261135e-01,1.947241676536179758e-02,9.734910186944261135e-01,-1.947241676536179758e-02,9.734910186944260024e-01,1.947241676536182881e-02,9.734910186944260024e-01,-1.947241676536182881e-02
2.229999999999999982e+00,5.235987755982988157e-01,5.240556518006652675e-01,-1.941828279391867758e-03,5.233326090874611536e-01,-1.102735151518993359e-02,-2.661665108376620736e-04,-1.102735151518993359e-02,3.399387309698895135e-04,3.399387309698895135e-04,0.000000000000000000e+00,9.734910186944261135e-01,1.947241676536179758e-02,9.734910186944261135e-01,-1.947241676536179758e-02,9.734910186944260024e-01,1.947241676536182881e-02,9.734910186944260024e-01,-1.947241676536182881e-02
2.240000000000000213e+00,5.235987755982988157e-01,5.240387422925054661e-01,-1.690950815982778400e-03,5.234325427099701944e-01,-8.925280138580533179e-03,-1.662328883286212644e-04,-8.925280138580533179e-03,2.644050425055981084e-04,2.644050425055981084e-04,0.000000000000000000e+00,9.734910186944261135e-01,1.947241676536179758e-02,9.734910186944261135e-01,-1.947241676536179758e-02,9.734910186944260024e-01,1.947241676536182881e-02,9.734910186944260024e-01,-1.947241676536182881e-02
2.250000000000000000e+00,5.235987755982988157e-01,5.240238574563532703e-01,-1.488483615221758167e-03,5.247831777956013521e-01,5.473598731589094518e-03,1.184402197302536486e-03,5.473598731589094518e-03,-3.983177255622222029e-04,-3.983177255622222029e-04,0.000000000000000000e+00,9.734910186944261135e-01,1.947241676536179758e-02,9.734910186944261135e-01,-1.947241676536179758e-02,9.734910186944260024e-01,1.947241676536182881e-02,9.734910186944260024e-01,-1.947241676536182881e-02
2.260000000000000231e+00,5.235987755982988157e-01,5.240075615459370839e-01,-1.629591041623625232e-03,5.238547732409596369e-01,-4.357806687986965667e-03,2.559976426608212563e-04,-4.357806687986965667e-03,5.553628098470743700e-05,5.553628098470743700e-05,0.000000000000000000e+00,9.734910186944261135e-01,1.947241676536179758e-02,9.734910186944261135e-01,-1.947241676536179758e-02,9.734910186944260024e-01,1.947241676536182881e-02,9.734910186944260024e-01,-1.947241676536182881e-02
2.270000000000000018e+00,5.235987755982988157e-01,5.239922084670622926e-01,-1.535307887483206794e-03,5.244466489537898957e-01,1.996731109114316394e-03,8.478733554910800052e-04,1.996731109114316394e-03,-2.360237507594913856e-04,-2.360237507594913856e-04,0.000000000000000000e+00,9.734910186944261135e-01,1.947241676536179758e-02,9.734910186944261135e-01,-1.947241676536179758e-02,9.734910186944260024e-01,1.947241676536182881e-02,9.734910186944260024e-01,-1.947241676536182881e-02
2.280000000000000249e+00,5.235987755982988157e-01,5.239762845727556906e-01,-1.592389430663933379e-03,5.253451811400328131e-01,1.078237986063205686e-02,1.746405541733997424e-03,1.078237986063205686e-02,-6.566299778178161283e-04,-6.566299778178161283e-04,0.000000000000000000e+00,9.734910186944261135e-01,1.947241676536179758e-02,9.734910186944261135e-01,-1.947241676536179758e-02,9.734910186944260024e-01,1.947241676536182881e-02,9.734910186944260024e-01,-1.947241676536182881e-02
2.290000000000000036e+00,5.235987755982988157e-01,5.239576846862453730e-01,-1.859988651026761499e-03,5.239396076525941748e-01,-4.351592999817528729e-03,3.408320542953591215e-04,-4.351592999817528729e-03,3.686860579085932989e-05,3.686860579085932989e-05,0.000000000000000000e+00,9.734910186944261135e-01,1.947241676536179758e-02,9.734910186944261135e-01,-1.947241676536179758e-02,9.734910186944260024e-01,1.947241676536182881e-02,9.734910186944260024e-01,-1.947241676536182881e-02
2.300000000000000266e+00,5.235987755982988157e-01,5.239400267373677256e-01,-1.765794887765799025e-03,5.241661501729919515e-01,-1.651008495858009417e-03,5.673745746931357914e-04,-1.651008495858009417e-03,-8.158658258285983044e-05,-8.158658258285983044e-05,0.000000000000000000e+00,9.734910186944261135e-01,1.947241676536179758e-02,9.734910186944261135e-01,-1.947241676536179758e-02,9.734910186944260024e-01,1.947241676536182881e-02,9.734910186944260024e-01,-1.947241676536182881e-02
2.310000000000000053e+00,5.235987755982988157e-01,5.239226730634507501e-01,-1.735367391700340161e-03,5.248353688465340339e-01,5.206279089148614127e-03,1.236593248235218212e-03,5.206279089148614127e-03,-4.028716756704240286e-04,-4.028716756704240286e-04,0.000000000000000000e+00,9.734910186944261135e-01,1.947241676536179758e-02,9.734910186944261135e-01,-1.947241676536179758e-02,9.734910186944260024e-01,1.947241676536182881e-02,9.734910186944260024e-01,-1.947241676536182881e-02
2.319999999999999840e+00,5.235987755982988157e-01,5.239039855351924624e-01,-1.868752825823773948e-03,5.242635176719178114e-01,-1.032860565928470781e-03,6.647420736189957324e-04,-1.032860565928470781e-03,-1.186301860904314022e-04,-1.186301860904314022e-04,0.000000000000000000e+00,9.734910186944261135e-01,1.947241676536179758e-02,9.734910186944261135e-01,-1.947241676536179758e-02,9.734910186944260024e-01,1.947241676536182881e-02,9.734910186944260024e-01,-1.947241676536182881e-02
2.330000000000000071e+00,5.235987755982988157e-01,5.238854566462898266e-01,-1.852888890264768173e-03,5.242972071458783523e-01,-5.926797697302149323e-04,6.984315475795366268e-04,-5.926797697302149323e-04,-1.372317848173685109e-04,-1.372317848173685109e-04,0.000000000000000000e+00,9.734910186944261135e-01,1.947241676536179758e-02,9.734910186944261135e-01,-1.947241676536179758e-02,9.734910186944260024e-01,1.947241676536182881e-02,9.734910186944260024e-01,-1.947241676536182881e-02
2.339999999999999858e+00,5.235987755982988157e-01,5.238669858259978884e-01,-1.847082029193717213e-03,5.240933690189363281e-01,-2.571793062177434811e-03,4.945934206375124376e-04,-2.571793062177434811e-03,-4.217151026515770953e-05,-4.217151026515770953e-05,0.000000000000000000e+00,9.734910186944261135e-01,1.947241676536179758e-02,9.734910186944261135e-01,-1.947241676536179758e-02,9.734910186944260024e-01,1.947241676536182881e-02,9.734910186944260024e-01,-1.947241676536182881e-02
2.350000000000000089e+00,5.235987755982988157e-01,5.238490517416241055e-01,-1.793408437375154998e-03,5.229497563516132264e-01,-1.375074042919070642e-02,-6.490192466855893016e-04,-1.375074042919070642e-02,4.930799845110400747e-04,4.930799845110400747e-04,0.000000000000000000e+00,9.734910186944261135e-01,1.947241676536179758e-02,9.734910186944261135e-01,-1.947241676536179758e-02,9.734910186944260024e-01,1.947241676536182881e-02,9.734910186944260024e-01,-1.947241676536182881e-02
2.359999999999999876e+00,5.235987755982988157e-01,5.238343410838542935e-01,-1.471065776981744485e-03,5.233954825918885057e-01,-7.918403983518843697e-03,-2.032930064103100065e-04,-7.918403983518843697e-03,2.467541534355954086e-04,2.467541534355954086e-04,0.000000000000000000e+00,9.734910186944261135e-01,1.947241676536179758e-02,9.734910186944261135e-01,-1.947241676536179758e-02,9.734910186944260024e-01,1.947241676536182881e-02,9.734910186944260024e-01,-1.947241676536182881e-02
2.370000000000000107e+00,5.235987755982988157e-01,5.238214764815418700e-01,-1.286460231237984177e-03,5.238415061297162501e-01,-2.666328206889516730e-03,2.427305314174343920e-04,-2.666328206889516730e-03,1.519536547724770827e-05,1.519536547724770827e-05,0.000000000000000000e+00,9.734910186944261135e-01,1.947241676536179758e-02,9.734910186944261135e-01,-1.947241676536179758e-02,9.734910186944260024e-01,1.947241676536182881e-02,9.734910186944260024e-01,-1.947241676536182881e-02
2.379999999999999893e+00,5.235987755982988157e-01,5.238092112254710830e-01,-1.226525607082678843e-03,5.237029314769680033e-01,-3.785441913683032511e-03,1.041558786691876293e-04,-3.785441913683032511e-03,7.403445703100253726e-05,7.403445703100253726e-05,0.000000000000000000e+00,9.734910186944261135e-01,1.947241676536179758e-02,9.734910186944261135e-01,-1.947241676536179758e-02,9.734910186944260024e-01,1.947241676536182881e-02,9.734910186944260024e-01,-1.947241676536182881e-02
2.390000000000000124e+00,5.235987755982988157e-01,5.237978187136704822e-01,-1.139251180061812011e-03,5.235483427887824837e-01,-4.952784604169925033e-03,-5.043280951633200004e-05,-4.952784604169925033e-03,1.376001994956733553e-04,1.376001994956733553e-04,0.000000000000000000e+00,9.734910186944261135e-01,1.947241676536179758e-02,9.734910186944261135e-01,-1.947241676536179758e-02,9.734910186944260024e-01,1.947241676536182881e-02,9.734910186944260024e-01,-1.947241676536182881e-02
2.399999999999999911e+00,5.235987755982988157e-01,5.237875851588653653e-01,-1.023355480510200737e-03,5.238558352999933554e-01,-1.382581031644215808e-03,2.570597016945397328e-04,-1.382581031644215808e-03,-2.074447761958666560e-05,-2.074447761958666560e-05,0.000000000000000000e+00,9.734910186944261135e-01,1.947241676536179758e-02,9.734910186944261135e-01,-1.947241676536179758e-02,9.734910186944260024e-01,1.947241676536182881e-02,9.734910186944260024e-01,-1.947241676536182881e-02
2.410000000000000142e+00,5.235987755982988157e-01,5.237776622353890188e-01,-9.922923476391753463e-04,5.235912840527688905e-01,-3.889835400724442685e-03,-7.491545529925147662e-06,-3.889835400724442685e-03,1.010616438317322042e-04,1.010616438317322042e-04,0.000000000000000000e+00,9.734910186944261135e-01,1.947241676536179758e-02,9.734910186944261135e-01,-1.947241676536179758e-02,9.734910186944260024e-01,1.947241676536182881e-02,9.734910186944260024e-01,-1.947241676536182881e-02
2.419999999999999929e+00,5.235987755982988157e-01,5.237686536933050530e-01,-9.008542083940536188e-04,5.242193528890753962e-01,2.779836502413056409e-03,6.205772907765805257e-04,2.779836502413056409e-03,-2.064499343374112477e-04,-2.064499343374112477e-04,0.000000000000000000e+00,9.734910186944261135e-01,1.947241676536179758e-02,9.734910186944261135e-01,-1.947241676536179758e-02,9.734910186944260024e-01,1.947241676536182881e-02,9.734910186944260024e-01,-1.947241676536182881e-02
2.430000000000000160e+00,5.235987755982988157e-01,5.237589663227718573e-01,-9.687370533157871203e-04,5.238984964508881514e-01,-7.067115297006956905e-04,2.997208525893357844e-04,-7.067115297006956905e-04,-4.732786614811072931e-05,-4.732786614811072931e-05,0.000000000000000000e+00,9.734910186944261135e-01,1.947241676536179758e-02,9.734910186944261135e-01,-1.947241676536179758e-02,9.734910186944260024e-01,1.947241676536182881e-02,9.734910186944260024e-01,-1.947241676536182881e-02
2.439999999999999947e+00,5.235987755982988157e-01,5.237494328843484981e-01,-9.533438423351907982e-04,5.235257295034804192e-01,-4.363709850807947002e-03,-7.304609481839641205e-05,-4.363709850807947002e-03,1.274766787911729661e-04,1.274766787911729661e-04,0.000000000000000000e+00,9.734910186944261135e-01,1.947241676536179758e-02,9.734910186944261135e-01,-1.947241676536179758e-02,9.734910186944260024e-01,1.947241676536182881e-02,9.734910186944260024e-01,-1.947241676536182881e-02
2.450000000000000178e+00,5.235987755982988157e-01,5.237409316754340072e-01,-8.501208914468858175e-04,5.243938471564563164e-01,4.753837664031817720e-03,7.950715581575007462e-04,4.753837664031817720e-03,-2.949774074857514452e-04,-2.949774074857514452e-04,0.000000000000000000e+00,9.734910186944261135e-01,1.947241676536179758e-02,9.734910186944261135e-01,-1.947241676536179758e-02,9.734910186944260024e-01,1.947241676536182881e-02,9.734910186944260024e-01,-1.947241676536182881e-02
2.459999999999999964e+00,5.235987755982988157e-01,5.237312830661799978e-01,-9.648609254013938621e-04,5.237748067237176786e-01,-1.911950429757740613e-03,1.760311254188628993e-04,-1.911950429757740613e-03,1.046511486939440100e-05,1.046511486939440100e-05,0.000000000000000000e+00,9.734910186944261135e-01,1.947241676536179758e-02,9.734910186944261135e-01,-1.947241676536179758e-02,9.734910186944260024e-01,1.947241676536182881e-02,9.734910186944260024e-01,-1.947241676536182881e-02
2.470000000000000195e+00,5.235987755982988157e-01,5.237220792598717978e-01,-9.203806308161625914e-04,5.247072116110478301e-01,7.603293486519547423e-03,1.108436012749014488e-03,7.603293486519547423e-03,-4.361803392565697648e-04,-4.361803392565697648e-04,0.000000000000000000e+00,9.734910186944261135e-01,1.947241676536179758e-02,9.734910186944261135e-01,-1.947241676536179758e-02,9.734910186944260024e-01,1.947241676536182881e-02,9.734910186944260024e-01,-1.947241676536182881e-02
2.479999999999999982e+00,5.235987755982988157e-01,5.237110420695388902e-01,-1.103719033290181993e-03,5.242202109735680793e-01,1.972957763070085427e-03,6.214353752692636235e-04,1.972957763070085427e-03,-1.860127104299769932e-04,-1.860127104299769932e-04,0.000000000000000000e+00,9.734910186944261135e-01,1.947241676536179758e-02,9.734910186944261135e-01,-1.947241676536179758e-02,9.734910186944260024e-01,1.947241676536182881e-02,9.734910186944260024e-01,-1.947241676536182881e-02
2.490000000000000213e+00,5.235987755982988157e-01,5.236995118545527683e-01,-1.153021498615152589e-03,5.225238551061973657e-01,-1.518789668694405480e-02,-1.074920492101449909e-03,-1.518789668694405480e-02,6.227363076468417401e-04,6.227363076468417401e-04,0.000000000000000000e+00,9.734910186944261135e-01,1.947241676536179758e-02,9.734910186944261135e-01,-1.947241676536179758e-02,9.734910186944260024e-01,1.947241676536182881e-02,9.734910186944260024e-01,-1.947241676536182881e-02
2.500000000000000000e+00,5.235987755982988157e-01,5.236916010827102896e-01,-7.910771842435312950e-04,5.242160582414044923e-01,3.252924333821611766e-03,6.172826431056765983e-04,3.252924333821611766e-03,-2.178236073569339700e-04,-2.178236073569339700e-04,0.000000000000000000e+00,9.734910186944261135e-01,1.947241676536179758e-02,9.734910186944261135e-01,-1.947241676536179758e-02,9.734910186944260024e-01,1.947241676536182881e-02,9.734910186944260024e-01,-1.947241676536182881e-02
2.510000000000000231e+00,5.235987755982988157e-01,5.236829093467660901e-01,-8.691735944151236706e-04,5.231382683742130668e-01,-7.850266771474802285e-03,-4.605072240857488453e-04,-7.850266771474802285e-03,3.011305318063106163e-04,3.011305318063106163e-04,0.000000000000000000e+00,9.734910186944261135e-01,1.947241676536179758e-02,9.734910186944261135e-01,-1.947241676536179758e-02,9.734910186944260024e-01,1.947241676536182881e-02,9.734910186944260024e-01,-1.947241676536182881e-02
2.520000000000000018e+00,5.235987755982988157e-01,5.236760943834004589e-01,-6.814963365600050938e-04,5.235395492998317080e-01,-3.052430838140911783e-03,-5.922629846710769641e-05,-3.052430838140911783e-03,9.094423414078334255e-05,9.094423414078334255e-05,0.000000000000000000e+00,9.734910186944261135e-01,1.947241676536179758e-02,9.734910186944261135e-01,-1.947241676536179758e-02,9.734910186944260024e-01,1.947241676536182881e-02,9.734910186944260024e-01,-1.947241676536182881e-02
2.530000000000000249e+00,5.235987755982988157e-01,5.236700163853502676e-01,-6.077998050226709331e-04,5.226911393361688418e-01,-1.123128739095547932e-02,-9.076362621299738365e-04,-1.123128739095547932e-02,4.851049131759546489e-04,4.851049131759546489e-04,0.000000000000000000e+00,9.734910186944261135e-01,1.947241676536179758e-02,9.734910186944261135e-01,-1.947241676536179758e-02,9.734910186944260024e-01,1.947241676536182881e-02,9.734910186944260024e-01,-1.947241676536182881e-02
2.540000000000000036e+00,5.235987755982988157e-01,5.236666399615441669e-01,-3.376423806083104161e-04,5.242238527438228823e-01,5.218975424680470307e-03,6.250771455240666796e-04,5.218975424680470307e-03,-2.697779512958719530e-04,-2.697779512958719530e-04,0.000000000000000000e+00,9.734910186944261135e-01,1.947241676536179758e-02,9.734910186944261135e-01,-1.947241676536179758e-02,9.734910186944260024e-01,1.947241676536182881e-02,9.734910186944260024e-01,-1.947241676536182881e-02
2.550000000000000266e+00,5.235987755982988157e-01,5.236620355254582027e-01,-4.604436085990961909e-04,5.233219511801932011e-01,-4.321937754084386601e-03,-2.768244181056145337e-04,-4.321937754084386601e-03,1.708685299081313361e-04,1.708685299081313361e-04,0.000000000000000000e+00,9.734910186944261135e-01,1.947241676536179758e-02,9.734910186944261135e-01,-1.947241676536179758e-02,9.734910186944260024e-01,1.947241676536182881e-02,9.734910186944260024e-01,-1.947241676536182881e-02
2.560000000000000053e+00,5.235987755982988157e-01,5.236584827154859845e-01,-3.552809972219739157e-04,5.234670456477660272e-01,-2.438799302947687944e-03,-1.317299505327884646e-04,-2.438799302947687944e-03,9.107791337375595081e-05,9.107791337375595081e-05,0.000000000000000000e+00,9.734910186944261135e-01,1.947241676536179758e-02,9.734910186944261135e-01,-1.947241676536179758e-02,9.734910186944260024e-01,1.947241676536182881e-02,9.734910186944260024e-01,-1.947241676536182881e-02
2.569999999999999840e+00,5.235987755982988157e-01,5.236555350654185093e-01,-2.947650067514750311e-04,5.231406214660442311e-01,-5.459161189870880004e-03,-4.581541322545845674e-04,-5.459161189870880004e-03,2.394986563115830322e-04,2.394986563115830322e-04,0.000000000000000000e+00,9.734910186944261135e-01,1.947241676536179758e-02,9.734910186944261135e-01,-1.947241676536179758e-02,9.734910186944260024e-01,1.947241676536182881e-02,9.734910186944260024e-01,-1.947241676536182881e-02
2.580000000000000071e+00,5.235987755982988157e-01,5.236539190397384580e-01,-1.616025680011277965e-04,5.236059168873672398e-01,-2.602908576537056942e-04,7.141289068424150344e-06,-2.602908576537056942e-04,5.095174109147577637e-06,5.095174109147577637e-06,0.000000000000000000e+00,9.734910186944261135e-01,1.947241676536179758e-02,9.734910186944261135e-01,-1.947241676536179758e-02,9.734910186944260024e-01,1.947241676536182881e-02,9.734910186944260024e-01,-1.947241676536182881e-02
2.589999999999999858e+00,5.235987755982988157e-01,5.236523944264226404e-01,-1.524613315831467662e-04,5.231511233775015812e-01,-4.782196870544919848e-03,-4.476522207972344347e-04,-4.782196870544919848e-03,2.199036636951130807e-04,2.199036636951130807e-04,0.000000000000000000e+00,9.734910186944261135e-01,1.947241676536179758e-02,9.734910186944261135e-01,-1.947241676536179758e-02,9.734910186944260024e-01,1.947241676536182881e-02,9.734910186944260024e-01,-1.947241676536182881e-02
2.600000000000000089e+00,5.235987755982988157e-01,5.236520444905320426e-01,-3.499358905507180516e-05,5.247170367781438527e-01,1.135515682293228301e-02,1.118261179845037034e-03,1.135515682293228301e-02,-5.342244522904323473e-04,-5.342244522904323473e-04,0.000000000000000000e+00,9.734910186944261135e-01,1.947241676536179758e-02,9.734910186944261135e-01,-1.947241676536179758e-02,9.734910186944260024e-01,1.947241676536182881e-02,9.734910186944260024e-01,-1.947241676536182881e-02
2.609999999999999876e+00,5.235987755982988157e-01,5.236490054747314771e-01,-3.039015800547881945e-04,5.248108182398462107e-01,1.115745575766263591e-02,1.212042641547395050e-03,1.115745575766263591e-02,-5.496319437555876458e-04,-5.496319437555876458e-04,0.000000000000000000e+00,9.734910186944261135e-01,1.947241676536179758e-02,9.734910186944261135e-01,-1.947241676536179758e-02,9.734910186944260024e-01,1.947241676536182881e-02,9.734910186944260024e-01,-1.947241676536182881e-02
2.620000000000000107e+00,5.235987755982988157e-01,5.236433086220994015e-01,-5.696852632068631021e-04,5.233325991860081627e-01,-4.740480356484104429e-03,-2.661764122906529195e-04,-4.740480356484104429e-03,1.792436575176815689e-04,1.792436575176815689e-04,0.000000000000000000e+00,9.734910186944261135e-01,1.947241676536179758e-02,9.734910186944261135e-01,-1.947241676536179758e-02,9.734910186944260024e-01,1.947241676536182881e-02,9.734910186944260024e-01,-1.947241676536182881e-02
2.629999999999999893e+00,5.235987755982988157e-01,5.236387501405213030e-01,-4.558481578091934643e-04,5.233739421743281994e-01,-3.853002437635327619e-03,-2.248334239706162307e-04,-3.853002437635327619e-03,1.475389877449860998e-04,1.475389877449860998e-04,0.000000000000000000e+00,9.734910186944261135e-01,1.947241676536179758e-02,9.734910186944261135e-01,-1.947241676536179758e-02,9.734910186944260024e-01,1.947241676536182881e-02,9.734910186944260024e-01,-1.947241676536182881e-02
2.640000000000000124e+00,5.235987755982988157e-01,5.236351233662266402e-01,-3.626774294688035619e-04,5.240125146416600987e-01,2.918022479447196504e-03,4.137390433612830876e-04,2.918022479447196504e-03,-1.648548931355830734e-04,-1.648548931355830734e-04,0.000000000000000000e+00,9.734910186944261135e-01,1.947241676536179758e-02,9.734910186944261135e-01,-1.947241676536179758e-02,9.734910186944260024e-01,1.947241676536182881e-02,9.734910186944260024e-01,-1.947241676536182881e-02
2.649999999999999911e+00,5.235987755982988157e-01,5.236308096802293477e-01,-4.313685997343158192e-04,5.238942925414872276e-01,1.443999229773765399e-03,2.955169431884119291e-04,1.443999229773765399e-03,-1.013844846490640893e-04,-1.013844846490640893e-04,0.000000000000000000e+00,9.734910186944261135e-01,1.947241676536179758e-02,9.734910186944261135e-01,-1.947241676536179758e-02,9.734910186944260024e-01,1.947241676536182881e-02,9.734910186944260024e-01,-1.947241676536182881e-02
2.660000000000000142e+00,5.235987755982988157e-01,5.236261581532496434e-01,-4.651526979734551637e-04,5.226523055776227666e-01,-1.112027033184821712e-02,-9.464700206760490175e-04,-1.112027033184821712e-02,4.907398336821023211e-04,4.907398336821023211e-04,0.000000000000000000e+00,9.734910186944261135e-01,1.947241676536179758e-02,9.734910186944261135e-01,-1.947241676536179758e-02,9.734910186944260024e-01,1.947241676536182881e-02,9.734910186944260024e-01,-1.947241676536182881e-02
2.669999999999999929e+00,5.235987755982988157e-01,5.236241787829026828e-01,-1.979370346988078722e-04,5.238019483705782520e-01,1.488184630891455432e-03,2.031727722794363089e-04,1.488184630891455432e-03,-8.236659805808390841e-05,-8.236659805808390841e-05,0.000000000000000000e+00,9.734910186944261135e-01,1.947241676536179758e-02,9.734910186944261135e-01,-1.947241676536179758e-02,9.734910186944260024e-01,1.947241676536182881e-02,9.734910186944260024e-01,-1.947241676536182881e-02
2.680000000000000160e+00,5.235987755982988157e-01,5.236218630054841894e-01,-2.315777418459901912e-04,5.226975878359813033e-01,-9.704239178167175378e-03,-9.011877623175124086e-04,-9.704239178167175378e-03,4.446654841770790846e-04,4.446654841770790846e-04,0.000000000000000000e+00,9.734910186944261135e-01,1.947241676536179758e-02,9.734910186944261135e-01,-1.947241676536179758e-02,9.734910186944260024e-01,1.947241676536182881e-02,9.734910186944260024e-01,-1.947241676536182881e-02
2.689999999999999947e+00,5.235987755982988157e-01,5.236218913795636087e-01,2.837407938653479069e-06,5.243852590588357065e-01,8.142896968193570617e-03,7.864834605368908882e-04,8.142896968193570617e-03,-3.797306361465177310e-04,-3.797306361465177310e-04,0.000000000000000000e+00,9.734910186944261135e-01,1.947241676536179758e-02,9.734910186944261135e-01,-1.947241676536179758e-02,9.734910186944260024e-01,1.947241676536182881e-02,9.734910186944260024e-01,-1.947241676536182881e-02
2.700000000000000178e+00,5.235987755982988157e-01,5.236199970820611949e-01,-1.894297502414144766e-04,5.241123049696264635e-01,4.599066379281783676e-03,5.135293713276478655e-04,4.599066379281783676e-03,-2.295955339217611868e-04,-2.295955339217611868e-04,0.000000000000000000e+00,9.734910186944261135e-01,1.947241676536179758e-02,9.734910186944261135e-01,-1.947241676536179758e-02,9.734910186944260024e-01,1.947241676536182881e-02,9.734910186944260024e-01,-1.947241676536182881e-02
2.709999999999999964e+00,5.235987755982988157e-01,5.236170179122257018e-01,-2.979169835460577067e-04,5.237582123924188204e-01,5.982339692771751136e-04,1.594367941200047767e-04,5.982339692771751136e-04,-5.007662968768597208e-05,-5.007662968768597208e-05,0.000000000000000000e+00,9.734910186944261135e-01,1.947241676536179758e-02,9.734910186944261135e-01,-1.947241676536179758e-02,9.734910186944260024e-01,1.947241676536182881e-02,9.734910186944260024e-01,-1.947241676536182881e-02
2.720000000000000195e+00,5.235987755982988157e-01,5.236139063331890497e-01,-3.111579036650892124e-04,5.238230256633155113e-01,1.186543281316366225e-03,2.242500650166956433e-04,1.186543281316366225e-03,-7.925497792075341936e-05,-7.925497792075341936e-05,0.000000000000000000e+00,9.734910186944261135e-01,1.947241676536179758e-02,9.734910186944261135e-01,-1.947241676536179758e-02,9.734910186944260024e-01,1.947241676536182881e-02,9.734910186944260024e-01,-1.947241676536182881e-02
2.729999999999999982e+00,5.235987755982988157e-01,5.236105200735631238e-01,-3.386259625894411573e-04,5.232020584823935394e-01,-5.141782856034987810e-03,-3.967171159052762519e-04,-5.141782856034987810e-03,2.179821293814154402e-04,2.179821293814154402e-04,0.000000000000000000e+00,9.734910186944261135e-01,1.947241676536179758e-02,9.734910186944261135e-01,-1.947241676536179758e-02,9.734910186944260024e-01,1.947241676536182881e-02,9.734910186944260024e-01,-1.947241676536182881e-02
2.740000000000000213e+00,5.235987755982988157e-01,5.236083743727534268e-01,-2.145700809676638621e-04,5.234086123151427961e-01,-2.562066242938922881e-03,-1.901632831560196024e-04,-2.562066242938922881e-03,1.069774723946296147e-04,1.069774723946296147e-04,0.000000000000000000e+00,9.734910186944261135e-01,1.947241676536179758e-02,9.734910186944261135e-01,-1.947241676536179758e-02,9.734910186944260024e-01,1.947241676536182881e-02,9.734910186944260024e-01,-1.947241676536182881e-02
2.750000000000000000e+00,5.235987755982988157e-01,5.236068571418526219e-01,-1.517230900847312436e-04,5.232887624461781684e-01,-3.504358308291307365e-03,-3.100131521206472840e-04,-3.504358308291307365e-03,1.572115656425601986e-04,1.572115656425601986e-04,0.000000000000000000e+00,9.734910186944261135e-01,1.947241676536179758e-02,9.734910186944261135e-01,-1.947241676536179758e-02,9.734910186944260024e-01,1.947241676536182881e-02,9.734910186944260024e-01,-1.947241676536182881e-02
2.760000000000000231e+00,5.235987755982988157e-01,5.236061970529701792e-01,-6.600888824104614045e-05,5.244662004926905485e-01,8.620457987661620664e-03,8.674248943917328702e-04,8.620457987661620664e-03,-4.095969544637794151e-04,-4.095969544637794151e-04,0.000000000000000000e+00,9.734910186944261135e-01,1.947241676536179758e-02,9.734910186944261135e-01,-1.947241676536179758e-02,9.734910186944260024e-01,1.947241676536182881e-02,9.734910186944260024e-01,-1.947241676536182881e-02
2.770000000000000018e+00,5.235987755982988157e-01,5.236034911221734145e-01,-2.705930796792698715e-04,5.232301194096379282e-01,-4.602398641630741326e-03,-3.686561886608874516e-04,-4.602398641630741326e-03,1.980728303035152703e-04,1.980728303035152703e-04,0.000000000000000000e+00,9.734910186944261135e-01,1.947241676536179758e-02,9.734910186944261135e-01,-1.947241676536179758e-02,9.734910186944260024e-01,1.947241676536182881e-02,9.734910186944260024e-01,-1.947241676536182881e-02
2.780000000000000249e+00,5.235987755982988157e-01,5.236018973754626993e-01,-1.593746710671180484e-04,5.234465354143977844e-01,-1.977998729869105601e-03,-1.522401839010312230e-04,-1.977998729869105601e-03,8.377434293995296649e-05,8.377434293995296649e-05,0.000000000000000000e+00,9.734910186944261135e-01,1.947241676536179758e-02,9.734910186944261135e-01,-1.947241676536179758e-02,9.734910186944260024e-01,1.947241676536182881e-02,9.734910186944260024e-01,-1.947241676536182881e-02
2.790000000000000036e+00,5.235987755982988157e-01,5.236007922699620343e-01,-1.105105500693512853e-04,5.245094947364560278e-01,8.849394363700236604e-03,9.107191381572121713e-04,8.849394363700236604e-03,-4.248945163616976370e-04,-4.248945163616976370e-04,0.000000000000000000e+00,9.734910186944261135e-01,1.947241676536179758e-02,9.734910186944261135e-01,-1.947241676536179758e-02,9.734910186944260024e-01,1.947241676536182881e-02,9.734910186944260024e-01,-1.947241676536182881e-02
2.800000000000000266e+00,5.235987755982988157e-01,5.235975819864877590e-01,-3.210283474303378664e-04,5.235472216861717376e-01,-1.658275575512686839e-03,-5.155391212707804982e-05,-1.658275575512686839e-03,5.363462765941757901e-05,5.363462765941757901e-05,0.000000000000000000e+00,9.734910186944261135e-01,1.947241676536179758e-02,9.734910186944261135e-01,-1.947241676536179758e-02,9.734910186944260024e-01,1.947241676536182881e-02,9.734910186944260024e-01,-1.947241676536182881e-02
2.810000000000000053e+00,5.235987755982988157e-01,5.235947734811722265e-01,-2.808505315518163665e-04,5.242555252063008098e-01,5.590587183329301553e-03,6.567496080019941118e-04,5.590587183329301553e-03,-2.861868091184662519e-04,-2.861868091184662519e-04,0.000000000000000000e+00,9.734910186944261135e-01,1.947241676536179758e-02,9.734910186944261135e-01,-1.947241676536179758e-02,9.734910186944260024e-01,1.947241676536182881e-02,9.734910186944260024e-01,-1.947241676536182881e-02
2.819999999999999840e+00,5.235987755982988157e-01,5.235906308670215115e-01,-4.142614150695332923e-04,5.237928024145510619e-01,4.043005474988941098e-04,1.940268162522462703e-04,4.043005474988941098e-04,-5.266626233147116197e-05,-5.266626233147116197e-05,0.000000000000000000e+00,9.734910186944261135e-01,1.947241676536179758e-02,9.734910186944261135e-01,-1.947241676536179758e-02,9.734910186944260024e-01,1.947241676536182881e-02,9.734910186944260024e-01,-1.947241676536182881e-02
2.830000000000000071e+00,5.235987755982988157e-01,5.235863899891123330e-01,-4.240877909131906469e-04,5.240349692931864922e-01,2.785539279103307377e-03,4.361936948876765641e-04,2.785539279103307377e-03,-1.663675915203549161e-04,-1.663675915203549161e-04,0.000000000000000000e+00,9.734910186944261135e-01,1.947241676536179758e-02,9.734910186944261135e-01,-1.947241676536179758e-02,9.734910186944260024e-01,1.947241676536182881e-02,9.734910186944260024e-01,-1.947241676536182881e-02
2.839999999999999858e+00,5.235987755982988157e-01,5.235814794847600817e-01,-4.910504352229948331e-04,5.230805357965697677e-01,-7.037349614974265991e-03,-5.182398017290479331e-04,-7.037349614974265991e-03,2.929476214706498976e-04,2.929476214706498976e-04,0.000000000000000000e+00,9.734910186944261135e-01,1.947241676536179758e-02,9.734910186944261135e-01,-1.947241676536179758e-02,9.734910186944260024e-01,1.947241676536182881e-02,9.734910186944260024e-01,-1.947241676536182881e-02
2.850000000000000089e+00,5.235987755982988157e-01,5.235782507831416854e-01,-3.228701618446212589e-04,5.236280890729108073e-01,-8.580818900664451479e-04,2.931347461199163007e-05,-8.580818900664451479e-04,1.553772703459153386e-05,1.553772703459153386e-05,0.000000000000000000e+00,9.734910186944261135e-01,1.947241676536179758e-02,9.734910186944261135e-01,-1.947241676536179758e-02,9.734910186944260024e-01,1.947241676536182881e-02,9.734910186944260024e-01,-1.947241676536182881e-02
2.859999999999999876e+00,5.235987755982988157e-01,5.235752318291075902e-01,-3.018954034124001601e-04,5.236173316509515896e-01,-8.798479206519776216e-04,1.855605265277393556e-05,-8.798479206519776216e-04,1.844109673829275931e-05,1.844109673829275931e-05,0.000000000000000000e+00,9.734910186944261135e-01,1.947241676536179758e-02,9.734910186944261135e-01,-1.947241676536179758e-02,9.734910186944260024e-01,1.947241676536182881e-02,9.734910186944260024e-01,-1.947241676536182881e-02
2.870000000000000107e+00,5.235987755982988157e-01,5.235724287961145418e-01,-2.803032993085838613e-04,5.225494904577299149e-01,-1.147027506080352567e-02,-1.049285140568900765e-03,-1.147027506080352567e-02,5.221180331306682571e-04,5.221180331306682571e-04,0.000000000000000000e+00,9.734910186944261135e-01,1.947241676536179758e-02,9.734910186944261135e-01,-1.947241676536179758e-02,9.734910186944260024e-01,1.947241676536182881e-02,9.734910186944260024e-01,-1.947241676536182881e-02
2.879999999999999893e+00,5.235987755982988157e-01,5.235723816296077304e-01,-4.716650678244127710e-06,5.230754072231618146e-01,-5.064079900404176542e-03,-5.233683751370010739e-04,-5.064079900404176542e-03,2.436282714161922480e-04,2.436282714161922480e-04,0.000000000000000000e+00,9.734910186944261135e-01,1.947241676536179758e-02,9.734910186944261135e-01,-1.947241676536179758e-02,9.734910186944260024e-01,1.947241676536182881e-02,9.734910186944260024e-01,-1.947241676536182881e-02
2.890000000000000124e+00,5.235987755982988157e-01,5.235735691904345179e-01,1.187560826734794441e-04,5.233473738220767446e-01,-1.838005921214459510e-03,-2.514017762220710495e-04,-1.838005921214459510e-03,1.018307179588434923e-04,1.018307179588434923e-04,0.000000000000000000e+00,9.734910186944261135e-01,1.947241676536179758e-02,9.734910186944261135e-01,-1.947241676536179758e-02,9.734910186944260024e-01,1.947241676536182881e-02,9.734910186944260024e-01,-1.947241676536182881e-02
2.899999999999999911e+00,5.235987755982988157e-01,5.235752238077890919e-01,1.654617354574679233e-04,5.242193859952948287e-01,7.065916403087825481e-03,6.206103969960130584e-04,7.065916403087825481e-03,-3.160126366936242106e-04,-3.160126366936242106e-04,0.000000000000000000e+00,9.734910186944261135e-01,1.947241676536179758e-02,9.734910186944261135e-01,-1.947241676536179758e-02,9.734910186944260024e-01,1.947241676536182881e-02,9.734910186944260024e-01,-1.947241676536182881e-02
2.910000000000000142e+00,5.235987755982988157e-01,5.235752121358046018e-01,-1.167198454198005095e-06,5.230944167025345370e-01,-4.890368164823871537e-03,-5.043588957642786141e-04,-4.890368164823871537e-03,2.350406508835054041e-04,2.350406508835054041e-04,0.000000000000000000e+00,9.734910186944261135e-01,1.947241676536179758e-02,9.734910186944261135e-01,-1.947241676536179758e-02,9.734910186944260024e-01,1.947241676536182881e-02,9.734910186944260024e-01,-1.947241676536182881e-02
2.919999999999999929e+00,5.235987755982988157e-01,5.235763902944380321e-01,1.178158633461481083e-04,5.241918326295943453e-01,6.572827922256596449e-03,5.930570312955296686e-04,6.572827922256596449e-03,-2.973974298062528974e-04,-2.973974298062528974e-04,0.000000000000000000e+00,9.734910186944261135e-01,1.947241676536179758e-02,9.734910186944261135e-01,-1.947241676536179758e-02,9.734910186944260024e-01,1.947241676536182881e-02,9.734910186944260024e-01,-1.947241676536182881e-02
2.930000000000000160e+00,5.235987755982988157e-01,5.235760157105476820e-01,-3.745838903257102935e-05,5.239876199179446248e-01,3.873418013533731861e-03,3.888443196458091222e-04,3.873418013533731861e-03,-1.838440975446202865e-04,-1.838440975446202865e-04,0.000000000000000000e+00,9.734910186944261135e-01,1.947241676536179758e-02,9.734910186944261135e-01,-1.947241676536179758e-02,9.734910186944260024e-01,1.947241676536182881e-02,9.734910186944260024e-01,-1.947241676536182881e-02
2.939999999999999947e+00,5.235987755982988157e-01,5.235747260482259691e-01,-1.289662321739703144e-04,5.233306591001291030e-01,-3.083531965974856993e-03,-2.681164981697126137e-04,-3.083531965974856993e-03,1.373140703075238886e-04,1.373140703075238886e-04,0.000000000000000000e+00,9.734910186944261135e-01,1.947241676536179758e-02,9.734910186944261135e-01,-1.947241676536179758e-02,9.734910186944260024e-01,1.947241676536182881e-02,9.734910186944260024e-01,-1.947241676536182881e-02
2.950000000000000178e+00,5.235987755982988157e-01,5.235741836003218186e-01,-5.424479041548926309e-05,5.239763914952093593e-01,3.682145181425189491e-03,3.776158969105436469e-04,3.682145181425189491e-03,-1.765052432362575836e-04,-1.765052432362575836e-04,0.000000000000000000e+00,9.734910186944261135e-01,1.947241676536179758e-02,9.734910186944261135e-01,-1.947241676536179758e-02,9.734910186944260024e-01,1.947241676536182881e-02,9.734910186944260024e-01,-1.947241676536182881e-02
2.959999999999999964e+00,5.235987755982988157e-01,5.235727700274349639e-01,-1.413572886909075733e-04,5.243410171470749281e-01,6.960187181938358100e-03,7.422415487761124808e-04,6.960187181938358100e-03,-3.398471380440420183e-04,-3.398471380440420183e-04,0.000000000000000000e+00,9.734910186944261135e-01,1.947241676536179758e-02,9.734910186944261135e-01,-1.947241676536179758e-02,9.734910186944260024e-01,1.947241676536182881e-02,9.734910186944260024e-01,-1.947241676536182881e-02
2.970000000000000195e+00,5.235987755982988157e-01,5.235696941621377221e-01,-3.075865297219650693e-04,5.239612467078611502e-01,2.466464071606743781e-03,3.624711095623345258e-04,2.466464071606743781e-03,-1.421272725908175700e-04,-1.421272725908175700e-04,0.000000000000000000e+00,9.734910186944261135e-01,1.947241676536179758e-02,9.734910186944261135e-01,-1.947241676536179758e-02,9.734910186944260024e-01,1.947241676536182881e-02,9.734910186944260024e-01,-1.947241676536182881e-02
2.979999999999999982e+00,5.235987755982988157e-01,5.235660240184250025e-01,-3.670143712738939325e-04,5.237465711455290274e-01,7.306204112484185331e-05,1.477955472302117101e-04,7.306204112484185331e-05,-3.411299078706751011e-05,-3.411299078706751011e-05,0.000000000000000000e+00,9.734910186944261135e-01,1.947241676536179758e-02,9.734910186944261135e-01,-1.947241676536179758e-02,9.734910186944260024e-01,1.947241676536182881e-02,9.734910186944260024e-01,-1.947241676536182881e-02
2.990000000000000213e+00,5.235987755982988157e-01,5.235623303066604395e-01,-3.693711764513752781e-04,5.237511004294654882e-01,1.110486763769655966e-04,1.523248311666725030e-04,1.110486763769655966e-04,-3.607214013373923739e-05,-3.607214013373923739e-05,0.000000000000000000e+00,9.734910186944261135e-01,1.947241676536179758e-02,9.734910186944261135e-01,-1.947241676536179758e-02,9.734910186944260024e-01,1.947241676536182881e-02,9.734910186944260024e-01,-1.947241676536182881e-02
3.000000000000000000e+00,5.235987755982988157e-01,5.235586040702646660e-01,-3.726236395751892912e-04,5.226446576630360275e-01,-1.096448385555533547e-02,-9.541179352627882082e-04,-1.096448385555533547e-02,4.884264050883624060e-04,4.884264050883624060e-04,0.000000000000000000e+00,9.734910186944261135e-01,1.947241676536179758e-02,9.734910186944261135e-01,-1.947241676536179758e-02,9.734910186944260024e-01,1.947241676536182881e-02,9.734910186944260024e-01,-1.947241676536182881e-02
3.010000000000000231e+00,5.235987755982988157e-01,5.235575007063540953e-01,-1.103363910528998553e-04,5.223801574665469794e-01,-1.251303743489028293e-02,-1.218618131751836309e-03,-1.251303743489028293e-02,5.857162632831218810e-04,5.857162632831218810e-04,0.000000000000000000e+00,9.734910186944261135e-01,1.947241676536179758e-02,9.734910186944261135e-01,-1.947241676536179758e-02,9.734910186944260024e-01,1.947241676536182881e-02,9.734910186944260024e-01,-1.947241676536182881e-02
3.020000000000000018e+00,5.235987755982988157e-01,5.235594060031611985e-01,1.905296807110180889e-04,5.237873875919167865e-01,2.810567562296813204e-03,1.886119936179708745e-04,2.810567562296813204e-03,-1.129909016812836076e-04,-1.129909016812836076e-04,0.000000000000000000e+00,9.734910186944261135e-01,1.947241676536179758e-02,9.734910186944261135e-01,-1.947241676536179758e-02,9.734910186944260024e-01,1.947241676536182881e-02,9.734910186944260024e-01,-1.947241676536182881e-02
3.030000000000000249e+00,5.235987755982988157e-01,5.235606621640394032e-01,1.256160878225919160e-04,5.239591798424717561e-01,4.247433311616827939e-03,3.604042441729404800e-04,4.247433311616827939e-03,-1.871992672693472597e-04,-1.871992672693472597e-04,0.000000000000000000e+00,9.734910186944261135e-01,1.947241676536179758e-02,9.734910186944261135e-01,-1.947241676536179758e-02,9.734910186944260024e-01,1.947241676536182881e-02,9.734910186944260024e-01,-1.947241676536182881e-02
3.040000000000000036e+00,5.235987755982988157e-01,5.235609200411526221e-01,2.578771132743704585e-05,5.226995455462838391e-01,-8.773652981424021752e-03,-8.992300520149765219e-04,-8.773652981424021752e-03,4.204518636969927403e-04,4.204518636969927403e-04,0.000000000000000000e+00,9.734910186944261135e-01,1.947241676536179758e-02,9.734910186944261135e-01,-1.947241676536179758e-02,9.734910186944260024e-01,1.947241676536182881e-02,9.734910186944260024e-01,-1.947241676536182881e-02
3.050000000000000266e+00,5.235987755982988157e-01,5.235632950229078819e-01,2.374981755258919933e-04,5.240126580588096994e-01,5.234837441976978450e-03,4.138824605108837318e-04,5.234837441976978450e-03,-2.241057452051288025e-04,-2.241057452051288025e-04,0.000000000000000000e+00,9.734910186944261135e-01,1.947241676536179758e-02,9.734910186944261135e-01,-1.947241676536179758e-02,9.734910186944260024e-01,1.947241676536182881e-02,9.734910186944260024e-01,-1.947241676536182881e-02
3.060000000000000053e+00,5.235987755982988157e-01,5.235644395288192587e-01,1.144505911324549062e-04,5.234948435145950763e-01,-4.667917443669494099e-04,-1.039320837037394085e-04,-4.667917443669494099e-04,3.460705976381874720e-05,3.460705976381874720e-05,0.000000000000000000e+00,9.734910186944261135e-01,1.947241676536179758e-02,9.734910186944261135e-01,-1.947241676536179758e-02,9.734910186944260024e-01,1.947241676536182881e-02,9.734910186944260024e-01,-1.947241676536182881e-02
3.070000000000000284e+00,5.235987755982988157e-01,5.235657126735255851e-01,1.273144706341760343e-04,5.228927938814337262e-01,-6.440608901543753290e-03,-7.059817168650894814e-04,-6.440608901543753290e-03,3.186552880139040581e-04,3.186552880139040581e-04,0.000000000000000000e+00,9.734910186944261135e-01,1.947241676536179758e-02,9.734910186944261135e-01,-1.947241676536179758e-02,9.734910186944260024e-01,1.947241676536182881e-02,9.734910186944260024e-01,-1.947241676536182881e-02
3.080000000000000071e+00,5.235987755982988157e-01,5.235685465783298520e-01,2.833904804227688505e-04,5.239336307870243736e-01,4.611821044517094327e-03,3.348551887255579729e-04,4.611821044517094327e-03,-1.909391007965040602e-04,-1.909391007965040602e-04,0.000000000000000000e+00,9.734910186944261135e-01,1.947241676536179758e-02,9.734910186944261135e-01,-1.947241676536179758e-02,9.734910186944260024e-01,1.947241676536182881e-02,9.734910186944260024e-01,-1.947241676536182881e-02
3.089999999999999858e+00,5.235987755982988157e-01,5.235702992000119682e-01,1.752621682156065138e-04,5.228472489278971347e-01,-6.713179651207002926e-03,-7.515266704016809740e-04,-6.713179651207002926e-03,3.355592291431947925e-04,3.355592291431947925e-04,0.000000000000000000e+00,9.734910186944261135e-01,1.947241676536179758e-02,9.734910186944261135e-01,-1.947241676536179758e-02,9.734910186944260024e-01,1.947241676536182881e-02,9.734910186944260024e-01,-1.947241676536182881e-02
3.100000000000000089e+00,5.235987755982988157e-01,5.235736786469815662e-01,3.379446969620466309e-04,5.229366552752011676e-01,-5.147798213045973528e-03,-6.621203230976480114e-04,-5.147798213045973528e-03,2.760405466331354238e-04,2.760405466331354238e-04,0.000000000000000000e+00,9.734910186944261135e-01,1.947241676536179758e-02,9.734910186944261135e-01,-1.947241676536179758e-02,9.734910186944260024e-01,1.947241676536182881e-02,9.734910186944260024e-01,-1.947241676536182881e-02
3.109999999999999876e+00,5.235987755982988157e-01,5.235783176735437916e-01,4.639026562217635381e-04,5.244786327709880513e-01,1.078675656612745719e-02,8.798571726892356892e-04,1.078675656612745719e-02,-4.676816295575895012e-04,-4.676816295575895012e-04,0.000000000000000000e+00,9.734910186944261135e-01,1.947241676536179758e-02,9.734910186944261135e-01,-1.947241676536179758e-02,9.734910186944260024e-01,1.947241676536182881e-02,9.734910186944260024e-01,-1.947241676536182881e-02
3.120000000000000107e+00,5.235987755982988157e-01,5.235804017306442404e-01,2.084057100432493972e-04,5.227306949727291707e-01,-7.771297073074091843e-03,-8.680806255696449369e-04,-7.771297073074091843e-03,3.880348171535224653e-04,3.880348171535224653e-04,0.000000000000000000e+00,9.734910186944261135e-01,1.947241676536179758e-02,9.734910186944261135e-01,-1.947241676536179758e-02,9.734910186944260024e-01,1.947241676536182881e-02,9.734910186944260024e-01,-1.947241676536182881e-02
3.129999999999999893e+00,5.235987755982988157e-01,5.235843646906901405e-01,3.962960045896422260e-04,5.233593199702405441e-01,-7.079173906529507079e-04,-2.394556280582715857e-04,-7.079173906529507079e-04,7.033842598792317544e-05,7.033842598792317544e-05,0.000000000000000000e+00,9.734910186944261135e-01,1.947241676536179758e-02,9.734910186944261135e-01,-1.947241676536179758e-02,9.734910186944260024e-01,1.947241676536182881e-02,9.734910186944260024e-01,-1.947241676536182881e-02
3.140000000000000124e+00,5.235987755982988157e-01,5.235885226355430078e-01,4.157944852836875128e-04,5.234899113359325895e-01,6.687880053327984603e-04,-1.088642623662261499e-04,6.687880053327984603e-04,6.656857046252023633e-06,6.656857046252023633e-06,0.000000000000000000e+00,9.734910186944261135e-01,1.947241676536179758e-02,9.734910186944261135e-01,-1.947241676536179758e-02,9.734910186944260024e-01,1.947241676536182881e-02,9.734910186944260024e-01,-1.947241676536182881e-02
3.149999999999999911e+00,5.235987755982988157e-01,5.235925454039918048e-01,4.022768448833429974e-04,5.244311215110477598e-01,1.001401095595121950e-02,8.323459127489440945e-04,1.001401095595121950e-02,-4.375638353271140910e-04,-4.375638353271140910e-04,0.000000000000000000e+00,9.734910186944261135e-01,1.947241676536179758e-02,9.734910186944261135e-01,-1.947241676536179758e-02,9.734910186944260024e-01,1.947241676536182881e-02,9.734910186944260024e-01,-1.947241676536182881e-02
3.160000000000000142e+00,5.235987755982988157e-01,5.235941906328794859e-01,1.645228887721616150e-04,5.234665012922475880e-01,-6.335923276456177644e-04,-1.322743060512276969e-04,-6.335923276456177644e-04,4.505420824875783019e-05,4.505420824875783019e-05,0.000000000000000000e+00,9.734910186944261135e-01,1.947241676536179758e-02,9.734910186944261135e-01,-1.947241676536179758e-02,9.734910186944260024e-01,1.947241676536182881e-02,9.734910186944260024e-01,-1.947241676536182881e-02
3.169999999999999929e+00,5.235987755982988157e-01,5.235959970301446997e-01,1.806397265236900211e-04,5.240830725838976356e-01,5.595479821619418759e-03,4.842969855988199512e-04,5.595479821619418759e-03,-2.486868128631731178e-04,-2.486868128631731178e-04,0.000000000000000000e+00,9.734910186944261135e-01,1.947241676536179758e-02,9.734910186944261135e-01,-1.947241676536179758e-02,9.734910186944260024e-01,1.947241676536182881e-02,9.734910186944260024e-01,-1.947241676536182881e-02
3.180000000000000160e+00,5.235987755982988157e-01,5.235964716572683031e-01,4.746271235772254733e-05,5.233018770735057279e-01,-2.776023264461598312e-03,-2.968985247930877591e-04,-2.776023264461598312e-03,1.357334656402198192e-04,1.357334656402198192e-04,0.000000000000000000e+00,9.734910186944261135e-01,1.947241676536179758e-02,9.734910186944261135e-01,-1.947241676536179758e-02,9.734910186944260024e-01,1.947241676536182881e-02,9.734910186944260024e-01,-1.947241676536182881e-02
3.189999999999999947e+00,5.235987755982988157e-01,5.235976138496724053e-01,1.142192404087933352e-04,5.225681975573548410e-01,-9.835216099524306255e-03,-1.030578040943974649e-03,-9.835216099524306255e-03,4.762432322342406276e-04,4.762432322342406276e-04,0.000000000000000000e+00,9.734910186944261135e-01,1.947241676536179758e-02,9.734910186944261135e-01,-1.947241676536179758e-02,9.734910186944260024e-01,1.947241676536182881e-02,9.734910186944260024e-01,-1.947241676536182881e-02
3.200000000000000178e+00,5.235987755982988157e-01,5.236011195495081649e-01,3.505699835809176785e-04,5.239505572981417725e-01,4.971902918297434887e-03,3.517816998429568187e-04,4.971902918297434887e-03,-2.038360304844169025e-04,-2.038360304844169025e-04,0.000000000000000000e+00,9.734910186944261135e-01,1.947241676536179758e-02,9.734910186944261135e-01,-1.947241676536179758e-02,9.734910186944260024e-01,1.947241676536182881e-02,9.734910186944260024e-01,-1.947241676536182881e-02
3.209999999999999964e+00,5.235987755982988157e-01,5.236034514221723501e-01,2.331872664183477664e-04,5.229580291691992011e-01,-5.450568662958020331e-03,-6.407464290996145451e-04,-5.450568662958020331e-03,2.791163161058382710e-04,2.791163161058382710e-04,0.000000000000000000e+00,9.734910186944261135e-01,1.947241676536179758e-02,9.734910186944261135e-01,-1.947241676536179758e-02,9.734910186944260024e-01,1.947241676536182881e-02,9.734910186944260024e-01,-1.947241676536182881e-02
3.220000000000000195e+00,5.235987755982988157e-01,5.236071009823461964e-01,3.649560173873291459e-04,5.242278545862510963e-01,7.792742373856730367e-03,6.290789879522806771e-04,7.792742373856730367e-03,-3.364385091281727738e-04,-3.364385091281727738e-04,0.000000000000000000e+00,9.734910186944261135e-01,1.947241676536179758e-02,9.734910186944261135e-01,-1.947241676536179758e-02,9.734910186944260024e-01,1.947241676536182881e-02,9.734910186944260024e-01,-1.947241676536182881e-02
3.229999999999999982e+00,5.235987755982988157e-01,5.236088998756633917e-01,1.798893317200749638e-04,5.240793553531053472e-01,5.528475805013567668e-03,4.805797548065315894e-04,5.528475805013567668e-03,-2.461631277223686864e-04,-2.461631277223686864e-04,0.000000000000000000e+00,9.734910186944261135e-01,1.947241676536179758e-02,9.734910186944261135e-01,-1.947241676536179758e-02,9.734910186944260024e-01,1.947241676536182881e-02,9.734910186944260024e-01,-1.947241676536182881e-02
3.240000000000000213e+00,5.235987755982988157e-01,5.236093800739810566e-01,4.801983176145398517e-05,5.243950721785851643e-01,8.132796479310380744e-03,7.962965802863486431e-04,8.132796479310380744e-03,-3.816134489908866727e-04,-3.816134489908866727e-04,0.000000000000000000e+00,9.734910186944261135e-01,1.947241676536179758e-02,9.734910186944261135e-01,-1.947241676536179758e-02,9.734910186944260024e-01,1.947241676536182881e-02,9.734910186944260024e-01,-1.947241676536182881e-02
3.250000000000000000e+00,5.235987755982988157e-01,5.236079097238894864e-01,-1.470350091597916902e-04,5.234876525487250909e-01,-1.754679467221389490e-03,-1.111230495737247637e-04,-1.754679467221389490e-03,6.909535219400266904e-05,6.909535219400266904e-05,0.000000000000000000e+00,9.734910186944261135e-01,1.947241676536179758e-02,9.734910186944261135e-01,-1.947241676536179758e-02,9.734910186944260024e-01,1.947241676536182881e-02,9.734910186944260024e-01,-1.947241676536182881e-02
3.260000000000000231e+00,5.235987755982988157e-01,5.236068487247791392e-01,-1.060999110299768692e-04,5.231983136258524514e-01,-4.472600749225645253e-03,-4.004619724463642783e-04,-4.472600749225645253e-03,2.016943616056292667e-04,2.016943616056292667e-04,0.000000000000000000e+00,9.734910186944261135e-01,1.947241676536179758e-02,9.734910186944261135e-01,-1.947241676536179758e-02,9.734910186944260024e-01,1.947241676536182881e-02,9.734910186944260024e-01,-1.947241676536182881e-02
3.270000000000000018e+00,5.235987755982988157e-01,5.236068514318835687e-01,2.707104481944376875e-07,5.221895387957765644e-01,-1.411308897506194891e-02,-1.409236802522251253e-03,-1.411308897506194891e-02,6.682032590593640475e-04,6.682032590593640475e-04,0.000000000000000000e+00,9.734910186944261135e-01,1.947241676536179758e-02,9.734910186944261135e-01,-1.947241676536179758e-02,9.734910186944260024e-01,1.947241676536182881e-02,9.734910186944260024e-01,-1.947241676536182881e-02
3.280000000000000249e+00,5.235987755982988157e-01,5.236102352822561423e-01,3.383850372627492760e-04,5.240472872817186767e-01,5.875704781865364809e-03,4.485116834198610292e-04,5.875704781865364809e-03,-2.480420762758866159e-04,-2.480420762758866159e-04,0.000000000000000000e+00,9.734910186944261135e-01,1.947241676536179758e-02,9.734910186944261135e-01,-1.947241676536179758e-02,9.734910186944260024e-01,1.947241676536182881e-02,9.734910186944260024e-01,-1.947241676536182881e-02
3.290000000000000036e+00,5.235987755982988157e-01,5.236122265618150529e-01,1.991279558886560228e-04,5.237676899269938513e-01,2.492160756430575070e-03,1.689143286950356426e-04,2.492160756430575070e-03,-1.005546188190281783e-04,-1.005546188190281783e-04,0.000000000000000000e+00,9.734910186944261135e-01,1.947241676536179758e-02,9.734910186944261135e-01,-1.947241676536179758e-02,9.734910186944260024e-01,1.947241676536182881e-02,9.734910186944260024e-01,-1.947241676536182881e-02
3.300000000000000266e+00,5.235987755982988157e-01,5.236136281438171780e-01,1.401582002086721867e-04,5.234574625979944162e-01,-8.593286092068320309e-04,-1.413130003043994165e-04,-8.593286092068320309e-04,5.279622806184391959e-05,5.279622806184391959e-05,0.000000000000000000e+00,9.734910186944261135e-01,1.947241676536179758e-02,9.734910186944261135e-01,-1.947241676536179758e-02,9.734910186944260024e-01,1.947241676536182881e-02,9.734910186944260024e-01,-1.947241676536182881e-02
3.310000000000000053e+00,5.235987755982988157e-01,5.236152399654275813e-01,1.611821610363700598e-04,5.231060697304804608e-01,-4.287324423425702830e-03,-4.927058678183549034e-04,-4.287324423425702830e-03,2.170839785501674050e-04,2.170839785501674050e-04,0.000000000000000000e+00,9.734910186944261135e-01,1.947241676536179758e-02,9.734910186944261135e-01,-1.947241676536179758e-02,9.734910186944260024e-01,1.947241676536182881e-02,9.734910186944260024e-01,-1.947241676536182881e-02
3.320000000000000284e+00,5.235987755982988157e-01,5.236178848200399027e-01,2.644854612346655455e-04,5.238017184854117936e-01,3.097895568230194050e-03,2.029428871129779210e-04,3.097895568230194050e-03,-1.234618849206110206e-04,-1.234618849206110206e-04,0.000000000000000000e+00,9.734910186944261135e-01,1.947241676536179758e-02,9.734910186944261135e-01,-1.947241676536179758e-02,9.734910186944260024e-01,1.947241676536182881e-02,9.734910186944260024e-01,-1.947241676536182881e-02
3.330000000000000071e+00,5.235987755982988157e-01,5.236197975185213904e-01,1.912698481474670682e-04,5.233597674634508090e-01,-1.631404208202670309e-03,-2.390081348480066481e-04,-1.631404208202670309e-03,9.384582277300611871e-05,9.384582277300611871e-05,0.000000000000000000e+00,9.734910186944261135e-01,1.947241676536179758e-02,9.734910186944261135e-01,-1.947241676536179758e-02,9.734910186944260024e-01,1.947241676536182881e-02,9.734910186944260024e-01,-1.947241676536182881e-02
3.339999999999999858e+00,5.235987755982988157e-01,5.236221074191006464e-01,2.309900579289845624e-04,5.233467055425180536e-01,-1.598882996709957011e-03,-2.520700557807620257e-04,-1.598882996709957011e-03,9.586435586370441924e-05,9.586435586370441924e-05,0.000000000000000000e+00,9.734910186944261135e-01,1.947241676536179758e-02,9.734910186944261135e-01,-1.947241676536179758e-02,9.734910186944260024e-01,1.947241676536182881e-02,9.734910186944260024e-01,-1.947241676536182881e-02
3.350000000000000089e+00,5.235987755982988157e-01,5.236248086049081207e-01,2.701185807427169548e-04,5.240185648486838099e-01,5.279598364618600000e-03,4.197892503849942614e-04,5.279598364618600000e-03,-2.265385895119857544e-04,-2.265385895119857544e-04,0.000000000000000000e+00,9.734910186944261135e-01,1.947241676536179758e-02,9.734910186944261135e-01,-1.947241676536179758e-02,9.734910186944260024e-01,1.947241676536182881e-02,9.734910186944260024e-01,-1.947241676536182881e-02
3.359999999999999876e+00,5.235987755982988157e-01,5.236262537564252417e-01,1.445151517139475923e-04,5.230983877435788632e-01,-4.450132522892725519e-03,-5.003878547199525073e-04,-4.450132522892725519e-03,2.229215046757814737e-04,2.229215046757814737e-04,0.000000000000000000e+00,9.734910186944261135e-01,1.947241676536179758e-02,9.734910186944261135e-01,-1.947241676536179758e-02,9.734910186944260024e-01,1.947241676536182881e-02,9.734910186944260024e-01,-1.947241676536182881e-02
3.370000000000000107e+00,5.235987755982988157e-01,5.236287682488600659e-01,2.514492434782807746e-04,5.235262387256588434e-01,2.733905501963486417e-04,-7.253687263997221635e-05,2.733905501963486417e-04,8.837746893603692089e-06,8.837746893603692089e-06,0.000000000000000000e+00,9.734910186944261135e-01,1.947241676536179758e-02,9.734910186944261135e-01,-1.947241676536179758e-02,9.734910186944260024e-01,1.947241676536182881e-02,9.734910186944260024e-01,-1.947241676536182881e-02
3.379999999999999893e+00,5.235987755982988157e-01,5.236312253441941511e-01,2.457095334083320322e-04,5.232202099038379961e-01,-2.814236723031758938e-03,-3.785656944608195573e-04,-2.814236723031758938e-03,1.545280626523342434e-04,1.545280626523342434e-04,0.000000000000000000e+00,9.734910186944261135e-01,1.947241676536179758e-02,9.734910186944261135e-01,-1.947241676536179758e-02,9.734910186944260024e-01,1.947241676536182881e-02,9.734910186944260024e-01,-1.947241676536182881e-02
3.390000000000000124e+00,5.235987755982988157e-01,5.236343645979769645e-01,3.139253782770607716e-04,5.226899904653068418e-01,-7.835007436040125617e-03,-9.087851329919738319e-04,-7.835007436040125617e-03,3.985440570224316149e-04,3.985440570224316149e-04,0.000000000000000000e+00,9.734910186944261135e-01,1.947241676536179758e-02,9.734910186944261135e-01,-1.947241676536179758e-02,9.734910186944260024e-01,1.947241676536182881e-02,9.734910186944260024e-01,-1.947241676536182881e-02
3.399999999999999911e+00,5.235987755982988157e-01,5.236393930803192598e-01,5.028482342319486910e-04,5.231674182437643372e-01,-2.277228907861160445e-03,-4.313573545344784321e-04,-2.277228907861160445e-03,1.523196154769765299e-04,1.523196154769765299e-04,0.000000000000000000e+00,9.734910186944261135e-01,1.947241676536179758e-02,9.734910186944261135e-01,-1.947241676536179758e-02,9.734910186944260024e-01,1.947241676536182881e-02,9.734910186944260024e-01,-1.947241676536182881e-02
3.410000000000000142e+00,5.235987755982988157e-01,5.236449881172853260e-01,5.595036966053031037e-04,5.246997235195232090e-01,1.327354674051367013e-02,1.100947921224393333e-03,1.327354674051367013e-02,-5.794826245969258082e-04,-5.794826245969258082e-04,0.000000000000000000e+00,9.734910186944261135e-01,1.947241676536179758e-02,9.734910186944261135e-01,-1.947241676536179758e-02,9.734910186944260024e-01,1.947241676536182881e-02,9.734910186944260024e-01,-1.947241676536182881e-02
3.419999999999999929e+00,5.235987755982988157e-01,5.236474236222568024e-01,2.435504971440250409e-04,5.242960473815009292e-01,7.909430686239508207e-03,6.972717832021135820e-04,7.909430686239508207e-03,-3.542991957538437755e-04,-3.542991957538437755e-04,0.000000000000000000e+00,9.734910186944261135e-01,1.947241676536179758e-02,9.734910186944261135e-01,-1.947241676536179758e-02,9.734910186944260024e-01,1.947241676536182881e-02,9.734910186944260024e-01,-1.947241676536182881e-02
3.430000000000000160e+00,5.235987755982988157e-01,5.236479673863720929e-01,5.437641152357576427e-05,5.238999220966509274e-01,3.157234769115539567e-03,3.011464983521117134e-04,3.157234769115539567e-03,-1.464043298501962998e-04,-1.464043298501962998e-04,0.000000000000000000e+00,9.734910186944261135e-01,1.947241676536179758e-02,9.734910186944261135e-01,-1.947241676536179758e-02,9.734910186944260024e-01,1.947241676536182881e-02,9.734910186944260024e-01,-1.947241676536182881e-02
3.439999999999999947e+00,5.235987755982988157e-01,5.236477482296416630e-01,-2.191567303762448902e-05,5.243621317112674429e-01,7.463607438369140173e-03,7.633561129686272650e-04,7.463607438369140173e-03,-3.573216398446406664e-04,-3.573216398446406664e-04,0.000000000000000000e+00,9.734910186944261135e-01,1.947241676536179758e-02,9.734910186944261135e-01,-1.947241676536179758e-02,9.734910186944260024e-01,1.947241676536182881e-02,9.734910186944260024e-01,-1.947241676536182881e-02
3.450000000000000178e+00,5.235987755982988157e-01,5.236457298483708778e-01,-2.018381270775294087e-04,5.238357634872941038e-01,1.453564454798835816e-03,2.369878889952881096e-04,1.453564454798835816e-03,-8.885933316127125989e-05,-8.885933316127125989e-05,0.000000000000000000e+00,9.734910186944261135e-01,1.947241676536179758e-02,9.734910186944261135e-01,-1.947241676536179758e-02,9.734910186944260024e-01,1.947241676536182881e-02,9.734910186944260024e-01,-1.947241676536182881e-02
3.459999999999999964e+00,5.235987755982988157e-01,5.236433437896859111e-01,-2.386058684986456916e-04,5.230278892409555569e-01,-6.770534454066515218e-03,-5.708863573432587657e-04,-6.770534454066515218e-03,2.976138467877534810e-04,2.976138467877534810e-04,0.000000000000000000e+00,9.734910186944261135e-01,1.947241676536179758e-02,9.734910186944261135e-01,-1.947241676536179758e-02,9.734910186944260024e-01,1.947241676536182881e-02,9.734910186944260024e-01,-1.947241676536182881e-02
3.470000000000000195e+00,5.235987755982988157e-01,5.236425606236129182e-01,-7.831660730248674192e-05,5.234158661316049566e-01,-2.213712102165868272e-03,-1.829094666938591018e-04,-2.213712102165868272e-03,9.649066418050067037e-05,9.649066418050067037e-05,0.000000000000000000e+00,9.734910186944261135e-01,1.947241676536179758e-02,9.734910186944261135e-01,-1.947241676536179758e-02,9.734910186944260024e-01,1.947241676536182881e-02,9.734910186944260024e-01,-1.947241676536182881e-02
3.479999999999999982e+00,5.235987755982988157e-01,5.236422975269667823e-01,-2.630966461815501385e-05,5.231919282697956586e-01,-4.231719510042260268e-03,-4.068473285031570796e-04,-4.231719510042260268e-03,1.969303856018961708e-04,1.969303856018961708e-04,0.000000000000000000e+00,9.734910186944261135e-01,1.947241676536179758e-02,9.734910186944261135e-01,-1.947241676536179758e-02,9.734910186944260024e-01,1.947241676536182881e-02,9.734910186944260024e-01,-1.947241676536182881e-02
3.490000000000000213e+00,5.235987755982988157e-01,5.236430416255455356e-01,7.440985787711645698e-05,5.233488213237280640e-01,-2.239617019713981052e-03,-2.499542745707517000e-04,-2.239617019713981052e-03,1.117803943125313202e-04,1.117803943125313202e-04,0.000000000000000000e+00,9.734910186944261135e-01,1.947241676536179758e-02,9.734910186944261135e-01,-1.947241676536179758e-02,9.734910186944260024e-01,1.947241676536182881e-02,9.734910186944260024e-01,-1.947241676536182881e-02
3.500000000000000000e+00,5.235987755982988157e-01,5.236443211379606666e-01,1.279512415168733495e-04,5.232223244422256059e-01,-3.280624132767163796e-03,-3.764511560732097806e-04,-3.280624132767163796e-03,1.659879395160893112e-04,1.659879395160893112e-04,0.000000000000000000e+00,9.734910186944261135e-01,1.947241676536179758e-02,9.734910186944261135e-01,-1.947241676536179758e-02,9.734910186944260024e-01,1.947241676536182881e-02,9.734910186944260024e-01,-1.947241676536182881e-02
3.510000000000000231e+00,5.235987755982988157e-01,5.236463886220220632e-01,2.067484061387079848e-04,5.236959172670432316e-01,1.783366528685809312e-03,9.714166874441598765e-05,1.783366528685809312e-03,-6.677821104142544107e-05,-6.677821104142544107e-05,0.000000000000000000e+00,9.734910186944261135e-01,1.947241676536179758e-02,9.734910186944261135e-01,-1.947241676536179758e-02,9.734910186944260024e-01,1.947241676536182881e-02,9.734910186944260024e-01,-1.947241676536182881e-02
3.520000000000000018e+00,5.235987755982988157e-01,5.236480342296646606e-01,1.645607642639484699e-04,5.234784422717481123e-01,-5.697200771339649191e-04,-1.203333265507033900e-04,-5.697200771339649191e-04,4.081634729654630200e-05,4.081634729654630200e-05,0.000000000000000000e+00,9.734910186944261135e-01,1.947241676536179758e-02,9.734910186944261135e-01,-1.947241676536179758e-02,9.734910186944260024e-01,1.947241676536182881e-02,9.734910186944260024e-01,-1.947241676536182881e-02
3.530000000000000249e+00,5.235987755982988157e-01,5.236498195458086924e-01,1.785316144000756856e-04,5.235209472083270921e-01,-8.769870363077049685e-05,-7.782838997172358830e-05,-8.769870363077049685e-05,1.922194738985091023e-05,1.922194738985091023e-05,0.000000000000000000e+00,9.734910186944261135e-01,1.947241676536179758e-02,9.734910186944261135e-01,-1.947241676536179758e-02,9.734910186944260024e-01,1.947241676536182881e-02,9.734910186944260024e-01,-1.947241676536182881e-02
3.540000000000000036e+00,5.235987755982988157e-01,5.236516296243026725e-01,1.810078494030834971e-04,5.238307048851170711e-01,3.018647934632095846e-03,2.319292868182554201e-04,3.018647934632095846e-03,-1.277603970160225253e-04,-1.277603970160225253e-04,0.000000000000000000e+00,9.734910186944261135e-01,1.947241676536179758e-02,9.734910186944261135e-01,-1.947241676536179758e-02,9.734910186944260024e-01,1.947241676536182881e-02,9.734910186944260024e-01,-1.947241676536182881e-02
3.550000000000000266e+00,5.235987755982988157e-01,5.236527196970078846e-01,1.090072705216110749e-04,5.241807650428323972e-01,6.217384718322147702e-03,5.819894445335815902e-04,6.217384718322147702e-03,-2.858973458501333259e-04,-2.858973458501333259e-04,0.000000000000000000e+00,9.734910186944261135e-01,1.947241676536179758e-02,9.734910186944261135e-01,-1.947241676536179758e-02,9.734910186944260024e-01,1.947241676536182881e-02,9.734910186944260024e-01,-1.947241676536182881e-02
3.560000000000000053e+00,5.235987755982988157e-01,5.236523187974311266e-01,-4.008995767411114371e-05,5.240361937285060723e-01,4.149933103226683025e-03,4.374181302072566169e-04,4.149933103226683025e-03,-2.015096835016946396e-04,-2.015096835016946396e-04,0.000000000000000000e+00,9.734910186944261135e-01,1.947241676536179758e-02,9.734910186944261135e-01,-1.947241676536179758e-02,9.734910186944260024e-01,1.947241676536182881e-02,9.734910186944260024e-01,-1.947241676536182881e-02
3.570000000000000284e+00,5.235987755982988157e-01,5.236509144964589524e-01,-1.404300972190172965e-04,5.239024097451354667e-01,2.397099959197958666e-03,3.036341468366510199e-04,2.397099959197958666e-03,-1.275174485794040966e-04,-1.275174485794040966e-04,0.000000000000000000e+00,9.734910186944261135e-01,1.947241676536179758e-02,9.734910186944261135e-01,-1.947241676536179758e-02,9.734910186944260024e-01,1.947241676536182881e-02,9.734910186944260024e-01,-1.947241676536182881e-02
3.580000000000000071e+00,5.235987755982988157e-01,5.236489219607419754e-01,-1.992535716987751373e-04,5.227389687373856786e-01,-9.477020114219716213e-03,-8.598068609131370721e-04,-9.477020114219716213e-03,4.298292638326538110e-04,4.298292638326538110e-04,0.000000000000000000e+00,9.734910186944261135e-01,1.947241676536179758e-02,9.734910186944261135e-01,-1.947241676536179758e-02,9.734910186944260024e-01,1.947241676536182881e-02,9.734910186944260024e-01,-1.947241676536182881e-02
3.589999999999999858e+00,5.235987755982988157e-01,5.236491853746138014e-01,2.634138718012499453e-05,5.230311676791209452e-01,-5.607328685445079133e-03,-5.676079191778704569e-04,-5.607328685445079133e-03,2.671661408201932847e-04,2.671661408201932847e-04,0.000000000000000000e+00,9.734910186944261135e-01,1.947241676536179758e-02,9.734910186944261135e-01,-1.947241676536179758e-02,9.734910186944260024e-01,1.947241676536182881e-02,9.734910186944260024e-01,-1.947241676536182881e-02
3.600000000000000089e+00,5.235987755982988157e-01,5.236507900093140266e-01,1.604634700205652593e-04,5.222681748763415843e-01,-1.267652384469417776e-02,-1.330600721957231336e-03,-1.267652384469417776e-02,6.143270356134119745e-04,6.143270356134119745e-04,0.000000000000000000e+00,9.734910186944261135e-01,1.947241676536179758e-02,9.734910186944261135e-01,-1.947241676536179758e-02,9.734910186944260024e-01,1.947241676536182881e-02,9.734910186944260024e-01,-1.947241676536182881e-02
3.609999999999999876e+00,5.235987755982988157e-01,5.236554381047919815e-01,4.648095477960796033e-04,5.232586790339782690e-01,-1.503829883857915606e-03,-3.400965643205466904e-04,-1.503829883857915606e-03,1.126400137312721743e-04,1.126400137312721743e-04,0.000000000000000000e+00,9.734910186944261135e-01,1.947241676536179758e-02,9.734910186944261135e-01,-1.947241676536179758e-02,9.734910186944260024e-01,1.947241676536182881e-02,9.734910186944260024e-01,-1.947241676536182881e-02
3.620000000000000107e+00,5.235987755982988157e-01,5.236604674157028239e-01,5.029310910881564130e-04,5.223018218615835817e-01,-1.092201861941899561e-02,-1.296953736715233951e-03,-1.092201861941899561e-02,5.621395695828215744e-04,5.621395695828215744e-04,0.000000000000000000e+00,9.734910186944261135e-01,1.947241676536179758e-02,9.734910186944261135e-01,-1.947241676536179758e-02,9.734910186944260024e-01,1.947241676536182881e-02,9.734910186944260024e-01,-1.947241676536182881e-02
3.629999999999999893e+00,5.235987755982988157e-01,5.236681370253132295e-01,7.669609610433023549e-04,5.232816702553981791e-01,-3.133281933112401496e-05,-3.171053429006365221e-04,-3.133281933112401496e-05,6.998572584575065271e-05,6.998572584575065271e-05,0.000000000000000000e+00,9.734910186944261135e-01,1.947241676536179758e-02,9.734910186944261135e-01,-1.947241676536179758e-02,9.734910186944260024e-01,1.947241676536182881e-02,9.734910186944260024e-01,-1.947241676536182881e-02
3.640000000000000124e+00,5.235987755982988157e-01,5.236758493013541349e-01,7.712276040932458925e-04,5.236201031339436929e-01,3.356129248057124984e-03,2.132753564487721576e-05,3.356129248057124984e-03,-9.043839008727602919e-05,-9.043839008727602919e-05,0.000000000000000000e+00,9.734910186944261135e-01,1.947241676536179758e-02,9.734910186944261135e-01,-1.947241676536179758e-02,9.734910186944260024e-01,1.947241676536182881e-02,9.734910186944260024e-01,-1.947241676536182881e-02
3.649999999999999911e+00,5.235987755982988157e-01,5.236827907302950003e-01,6.941428940897099520e-04,5.243420442985066154e-01,1.023992796888063654e-02,7.432687002077997818e-04,1.023992796888063654e-02,-4.239039202090059966e-04,-4.239039202090059966e-04,0.000000000000000000e+00,9.734910186944261135e-01,1.947241676536179758e-02,9.734910186944261135e-01,-1.947241676536179758e-02,9.734910186944260024e-01,1.947241676536182881e-02,9.734910186944260024e-01,-1.947241676536182881e-02
3.660000000000000142e+00,5.235987755982988157e-01,5.236873052098053316e-01,4.514479510374055688e-04,5.243657053462933426e-01,9.452545649859844454e-03,7.669297479945269558e-04,9.452545649859844454e-03,-4.089401033269365231e-04,-4.089401033269365231e-04,0.000000000000000000e+00,9.734910186944261135e-01,1.947241676536179758e-02,9.734910186944261135e-01,-1.947241676536179758e-02,9.734910186944260024e-01,1.947241676536182881e-02,9.734910186944260024e-01,-1.947241676536182881e-02
3.669999999999999929e+00,5.235987755982988157e-01,5.236895670227762478e-01,2.261812970887436562e-04,5.246674366716745919e-01,1.152460433868635059e-02,1.068661073375776205e-03,1.152460433868635059e-02,-5.277340981791094543e-04,-5.277340981791094543e-04,0.000000000000000000e+00,9.734910186944261135e-01,1.947241676536179758e-02,9.734910186944261135e-01,-1.947241676536179758e-02,9.734910186944260024e-01,1.947241676536182881e-02,9.734910186944260024e-01,-1.947241676536182881e-02
3.680000000000000160e+00,5.235987755982988157e-01,5.236890665306639381e-01,-5.004921123003016584e-05,5.244234672478718107e-01,7.932449666789903944e-03,8.246916495729950114e-04,7.932449666789903944e-03,-3.826875592646655473e-04,-3.826875592646655473e-04,0.000000000000000000e+00,9.734910186944261135e-01,1.947241676536179758e-02,9.734910186944261135e-01,-1.947241676536179758e-02,9.734910186944260024e-01,1.947241676536182881e-02,9.734910186944260024e-01,-1.947241676536182881e-02
3.689999999999999947e+00,5.235987755982988157e-01,5.236866498824960248e-01,-2.416648167957507684e-04,5.229174641900007359e-01,-7.920825878599831171e-03,-6.813114082980797903e-04,-7.920825878599831171e-03,3.511082918216893584e-04,3.511082918216893584e-04,0.000000000000000000e+00,9.734910186944261135e-01,1.947241676536179758e-02,9.734910186944261135e-01,-1.947241676536179758e-02,9.734910186944260024e-01,1.947241676536182881e-02,9.734910186944260024e-01,-1.947241676536182881e-02
3.700000000000000178e+00,5.235987755982988157e-01,5.236861080627109866e-01,-5.418197850849947603e-05,5.241676771188337192e-01,5.373385997589981596e-03,5.689015205349035043e-04,5.373385997589981596e-03,-2.614686198610539219e-04,-2.614686198610539219e-04,0.000000000000000000e+00,9.734910186944261135e-01,1.947241676536179758e-02,9.734910186944261135e-01,-1.947241676536179758e-02,9.734910186944260024e-01,1.947241676536182881e-02,9.734910186944260024e-01,-1.947241676536182881e-02
3.709999999999999964e+00,5.235987755982988157e-01,5.236842651593472953e-01,-1.842903363730361000e-04,5.240157691711991861e-01,3.316967921485653500e-03,4.169935729003704239e-04,3.316967921485653500e-03,-1.757623045147183342e-04,-1.757623045147183342e-04,0.000000000000000000e+00,9.734910186944261135e-01,1.947241676536179758e-02,9.734910186944261135e-01,-1.947241676536179758e-02,9.734910186944260024e-01,1.947241676536182881e-02,9.734910186944260024e-01,-1.947241676536182881e-02
3.720000000000000195e+00,5.235987755982988157e-01,5.236816077042428796e-01,-2.657455104386304478e-04,5.239604548805733009e-01,2.432128223078235986e-03,3.616792822744852032e-04,2.432128223078235986e-03,-1.410768641899706581e-04,-1.410768641899706581e-04,0.000000000000000000e+00,9.734910186944261135e-01,1.947241676536179758e-02,9.734910186944261135e-01,-1.947241676536179758e-02,9.734910186944260024e-01,1.947241676536182881e-02,9.734910186944260024e-01,-1.947241676536182881e-02
3.729999999999999982e+00,5.235987755982988157e-01,5.236783442936342459e-01,-3.263410608680897686e-04,5.242744685786667747e-01,5.329052381705149180e-03,6.756929803679589952e-04,5.329052381705149180e-03,-2.836347723990422431e-04,-2.836347723990422431e-04,0.000000000000000000e+00,9.734910186944261135e-01,1.947241676536179758e-02,9.734910186944261135e-01,-1.947241676536179758e-02,9.734910186944260024e-01,1.947241676536182881e-02,9.734910186944260024e-01,-1.947241676536182881e-02
3.740000000000000213e+00,5.235987755982988157e-01,5.236737781625626642e-01,-4.566131071574086250e-04,5.247113986305864675e-01,9.165447662731560780e-03,1.112623032287651803e-03,9.165447662731560780e-03,-4.770237023761014295e-04,-4.770237023761014295e-04,0.000000000000000000e+00,9.734910186944261135e-01,1.947241676536179758e-02,9.734910186944261135e-01,-1.947241676536179758e-02,9.734910186944260024e-01,1.947241676536182881e-02,9.734910186944260024e-01,-1.947241676536182881e-02
3.750000000000000000e+00,5.235987755982988157e-01,5.236669836269559619e-01,-6.794535606717134850e-04,5.242494584584282968e-01,3.629501174876699314e-03,6.506828601294811776e-04,3.629501174876699314e-03,-2.347363313833625471e-04,-2.347363313833625471e-04,0.000000000000000000e+00,9.734910186944261135e-01,1.947241676536179758e-02,9.734910186944261135e-01,-1.947241676536179758e-02,9.734910186944260024e-01,1.947241676536182881e-02,9.734910186944260024e-01,-1.947241676536182881e-02
3.760000000000000231e+00,5.235987755982988157e-01,5.236592772128604301e-01,-7.706414095556993280e-04,5.234891828981104167e-01,-4.336204545789769903e-03,-1.095927001883989504e-04,-4.336204545789769903e-03,1.347472212221497594e-04,1.347472212221497594e-04,0.000000000000000000e+00,9.734910186944261135e-01,1.947241676536179758e-02,9.734910186944261135e-01,-1.947241676536179758e-02,9.734910186944260024e-01,1.947241676536182881e-02,9.734910186944260024e-01,-1.947241676536182881e-02
3.770000000000000018e+00,5.235987755982988157e-01,5.236525656200826662e-01,-6.711592777730550482e-04,5.231144897841485397e-01,-7.649515230829562022e-03,-4.842858141502759395e-04,-7.649515230829562022e-03,3.011870910793828203e-04,3.011870910793828203e-04,0.000000000000000000e+00,9.734910186944261135e-01,1.947241676536179758e-02,9.734910186944261135e-01,-1.947241676536179758e-02,9.734910186944260024e-01,1.947241676536182881e-02,9.734910186944260024e-01,-1.947241676536182881e-02
3.780000000000000249e+00,5.235987755982988157e-01,5.236476506689466959e-01,-4.914951136016073923e-04,5.239976433209768691e-01,1.946971660536686577e-03,3.988677226780534824e-04,1.946971660536686577e-03,-1.367895236829422061e-04,-1.367895236829422061e-04,0.000000000000000000e+00,9.734910186944261135e-01,1.947241676536179758e-02,9.734910186944261135e-01,-1.947241676536179758e-02,9.734910186944260024e-01,1.947241676536182881e-02,9.734910186944260024e-01,-1.947241676536182881e-02
3.790000000000000036e+00,5.235987755982988157e-01,5.236422431381104747e-01,-5.407530836201369017e-04,5.238202303301358054e-01,-2.185541392761927194e-05,2.214547318369897155e-04,-2.185541392761927194e-05,-4.775750819889093215e-05,-4.775750819889093215e-05,0.000000000000000000e+00,9.734910186944261135e-01,1.947241676536179758e-02,9.734910186944261135e-01,-1.947241676536179758e-02,9.734910186944260024e-01,1.947241676536182881e-02,9.734910186944260024e-01,-1.947241676536182881e-02
3.800000000000000266e+00,5.235987755982988157e-01,5.236368135533933099e-01,-5.429584717219431518e-04,5.230027477895142773e-01,-8.194495278750135378e-03,-5.960278087845383155e-04,-8.194495278750135378e-03,3.394966402626075296e-04,3.394966402626075296e-04,0.000000000000000000e+00,9.734910186944261135e-01,1.947241676536179758e-02,9.734910186944261135e-01,-1.947241676536179758e-02,9.734910186944260024e-01,1.947241676536182881e-02,9.734910186944260024e-01,-1.947241676536182881e-02
3.810000000000000053e+00,5.235987755982988157e-01,5.236333224003041353e-01,-3.491153089208118851e-04,5.237259403780436529e-01,-1.431198655813684453e-04,1.271647797448371975e-04,-1.431198655813684453e-04,-2.408607374733884901e-05,-2.408607374733884901e-05,0.000000000000000000e+00,9.734910186944261135e-01,1.947241676536179758e-02,9.734910186944261135e-01,-1.947241676536179758e-02,9.734910186944260024e-01,1.947241676536182881e-02,9.734910186944260024e-01,-1.947241676536182881e-02
3.820000000000000284e+00,5.235987755982988157e-01,5.236298511484070994e-01,-3.471251897017456258e-04,5.235906491366897342e-01,-1.481720292562418257e-03,-8.126461609081481186e-06,-1.481720292562418257e-03,3.964690400951885371e-05,3.964690400951885371e-05,0.000000000000000000e+00,9.734910186944261135e-01,1.947241676536179758e-02,9.734910186944261135e-01,-1.947241676536179758e-02,9.734910186944260024e-01,1.947241676536182881e-02,9.734910186944260024e-01,-1.947241676536182881e-02
3.830000000000000071e+00,5.235987755982988157e-01,5.236267214921499491e-01,-3.129656257105444222e-04,5.228094116316689410e-01,-9.145923313514105549e-03,-7.893639666298746249e-04,-9.145923313514105549e-03,4.059972142796707852e-04,4.059972142796707852e-04,0.000000000000000000e+00,9.734910186944261135e-01,1.947241676536179758e-02,9.734910186944261135e-01,-1.947241676536179758e-02,9.734910186944260024e-01,1.947241676536182881e-02,9.734910186944260024e-01,-1.947241676536182881e-02
3.839999999999999858e+00,5.235987755982988157e-01,5.236257733706388695e-01,-9.481215111165666167e-05,5.243150482921336009e-01,6.825035622483899625e-03,7.162726938347852013e-04,6.825035622483899625e-03,-3.307267750609532882e-04,-3.307267750609532882e-04,0.000000000000000000e+00,9.734910186944261135e-01,1.947241676536179758e-02,9.734910186944261135e-01,-1.947241676536179758e-02,9.734910186944260024e-01,1.947241676536182881e-02,9.734910186944260024e-01,-1.947241676536182881e-02
3.850000000000000089e+00,5.235987755982988157e-01,5.236231902049204301e-01,-2.583165718429516512e-04,5.235727405162295955e-01,-1.280545698804541263e-03,-2.603508206922011681e-05,-1.280545698804541263e-03,3.841196212741742499e-05,3.841196212741742499e-05,0.000000000000000000e+00,9.734910186944261135e-01,1.947241676536179758e-02,9.734910186944261135e-01,-1.947241676536179758e-02,9.734910186944260024e-01,1.947241676536182881e-02,9.734910186944260024e-01,-1.947241676536182881e-02
3.859999999999999876e+00,5.235987755982988157e-01,5.236209063190078172e-01,-2.283885912570710768e-04,5.233792410523718797e-01,-3.087485767501245773e-03,-2.195345459269359978e-04,-3.087485767501245773e-03,1.268157073335353694e-04,1.268157073335353694e-04,0.000000000000000000e+00,9.734910186944261135e-01,1.947241676536179758e-02,9.734910186944261135e-01,-1.947241676536179758e-02,9.734910186944260024e-01,1.947241676536182881e-02,9.734910186944260024e-01,-1.947241676536182881e-02
3.870000000000000107e+00,5.235987755982988157e-01,5.236193569007123738e-01,-1.549418295416302583e-04,5.241464535572013528e-01,4.893387857543608083e-03,5.476779589025371209e-04,4.893387857543608083e-03,-2.445690246176550646e-04,-2.445690246176550646e-04,0.000000000000000000e+00,9.734910186944261135e-01,1.947241676536179758e-02,9.734910186944261135e-01,-1.947241676536179758e-02,9.734910186944260024e-01,1.947241676536182881e-02,9.734910186944260024e-01,-1.947241676536182881e-02
3.879999999999999893e+00,5.235987755982988157e-01,5.236166328348195176e-01,-2.724065892846382780e-04,5.234728178426265588e-01,-2.332308073958690685e-03,-1.259577556722568659e-04,-2.332308073958690685e-03,8.709656066514372759e-05,8.709656066514372759e-05,0.000000000000000000e+00,9.734910186944261135e-01,1.947241676536179758e-02,9.734910186944261135e-01,-1.947241676536179758e-02,9.734910186944260024e-01,1.947241676536182881e-02,9.734910186944260024e-01,-1.947241676536182881e-02
3.890000000000000124e+00,5.235987755982988157e-01,5.236144601255520170e-01,-2.172709267497931565e-04,5.241301435437707434e-01,4.474179744879023049e-03,5.313679454719277828e-04,4.474179744879023049e-03,-2.302952881718038733e-04,-2.302952881718038733e-04,0.000000000000000000e+00,9.734910186944261135e-01,1.947241676536179758e-02,9.734910186944261135e-01,-1.947241676536179758e-02,9.734910186944260024e-01,1.947241676536182881e-02,9.734910186944260024e-01,-1.947241676536182881e-02
3.899999999999999911e+00,5.235987755982988157e-01,5.236112103098408133e-01,-3.249815711196169421e-04,5.242953054851491324e-01,5.678381184175010019e-03,6.965298868503166929e-04,5.678381184175010019e-03,-2.971100005182958619e-04,-2.971100005182958619e-04,0.000000000000000000e+00,9.734910186944261135e-01,1.947241676536179758e-02,9.734910186944261135e-01,-1.947241676536179758e-02,9.734910186944260024e-01,1.947241676536182881e-02,9.734910186944260024e-01,-1.947241676536182881e-02
3.910000000000000142e+00,5.235987755982988157e-01,5.236065890339810514e-01,-4.621275859789169757e-04,5.239515102954133141e-01,1.672591168399327650e-03,3.527346971144984522e-04,1.672591168399327650e-03,-1.197110208389652575e-04,-1.197110208389652575e-04,0.000000000000000000e+00,9.734910186944261135e-01,1.947241676536179758e-02,9.734910186944261135e-01,-1.947241676536179758e-02,9.734910186944260024e-01,1.947241676536182881e-02,9.734910186944260024e-01,-1.947241676536182881e-02
3.919999999999999929e+00,5.235987755982988157e-01,5.236015496726684759e-01,-5.039361312532086813e-04,5.240148470855420237e-01,2.138699952846490927e-03,4.160714872432080824e-04,2.138699952846490927e-03,-1.454436972069621768e-04,-1.454436972069621768e-04,0.000000000000000000e+00,9.734910186944261135e-01,1.947241676536179758e-02,9.734910186944261135e-01,-1.947241676536179758e-02,9.734910186944260024e-01,1.947241676536182881e-02,9.734910186944260024e-01,-1.947241676536182881e-02
3.930000000000000160e+00,5.235987755982988157e-01,5.235959789921821317e-01,-5.570680486304850285e-04,5.235945216808479685e-01,-2.278424089378709542e-03,-4.253917450847133352e-06,-2.278424089378709542e-03,5.916636528644816635e-05,5.916636528644816635e-05,0.000000000000000000e+00,9.734910186944261135e-01,1.947241676536179758e-02,9.734910186944261135e-01,-1.947241676536179758e-02,9.734910186944260024e-01,1.947241676536182881e-02,9.734910186944260024e-01,-1.947241676536182881e-02
3.939999999999999947e+00,5.235987755982988157e-01,5.235909339415696362e-01,-5.045050612479402407e-04,5.245324542746520047e-01,7.328744257599521458e-03,9.336786763531890188e-04,7.328744257599521458e-03,-3.910347615019150840e-04,-3.910347615019150840e-04,0.000000000000000000e+00,9.734910186944261135e-01,1.947241676536179758e-02,9.734910186944261135e-01,-1.947241676536179758e-02,9.734910186944260024e-01,1.947241676536182881e-02,9.734910186944260024e-01,-1.947241676536182881e-02
3.950000000000000178e+00,5.235987755982988157e-01,5.235841150588611548e-01,-6.818882708427885866e-04,5.239863017128250089e-01,1.134344213569612320e-03,3.875261145261932327e-04,1.134344213569612320e-03,-1.135436759727054842e-04,-1.135436759727054842e-04,0.000000000000000000e+00,9.734910186944261135e-01,1.947241676536179758e-02,9.734910186944261135e-01,-1.947241676536179758e-02,9.734910186944260024e-01,1.947241676536182881e-02,9.734910186944260024e-01,-1.947241676536182881e-02
3.959999999999999964e+00,5.235987755982988157e-01,5.235769985475269284e-01,-7.116511334172626914e-04,5.236414736971125583e-01,-2.427370364911854081e-03,4.269809881374264648e-05,-2.427370364911854081e-03,5.272973402729932030e-05,5.272973402729932030e-05,0.000000000000000000e+00,9.734910186944261135e-01,1.947241676536179758e-02,9.734910186944261135e-01,-1.947241676536179758e-02,9.734910186944260024e-01,1.947241676536182881e-02,9.734910186944260024e-01,-1.947241676536182881e-02
3.970000000000000195e+00,5.235987755982988157e-01,5.235704378742609411e-01,-6.560673265950945883e-04,5.239815535339262809e-01,1.216165039716555953e-03,3.827779356274652045e-04,1.216165039716555953e-03,-1.145991392748050051e-04,-1.145991392748050051e-04,0.000000000000000000e+00,9.734910186944261135e-01,1.947241676536179758e-02,9.734910186944261135e-01,-1.947241676536179758e-02,9.734910186944260024e-01,1.947241676536182881e-02,9.734910186944260024e-01,-1.947241676536182881e-02
3.979999999999999982e+00,5.235987755982988157e-01,5.235635637451512281e-01,-6.874129109713027165e-04,5.235107111249412970e-01,-3.613875554104937181e-03,-8.806447335751865779e-05,-3.613875554104937181e-03,1.115869934346850993e-04,1.115869934346850993e-04,0.000000000000000000e+00,9.734910186944261135e-01,1.947241676536179758e-02,9.734910186944261135e-01,-1.947241676536179758e-02,9.734910186944260024e-01,1.947241676536182881e-02,9.734910186944260024e-01,-1.947241676536182881e-02
3.990000000000000213e+00,5.235987755982988157e-01,5.235575334410158543e-01,-6.030304135365749428e-04,5.239358009020265161e-01,9.984097721577466118e-04,3.370253037277004537e-04,9.984097721577466118e-04,-9.905101330594666040e-05,-9.905101330594666040e-05,0.000000000000000000e+00,9.734910186944261135e-01,1.947241676536179758e-02,9.734910186944261135e-01,-1.947241676536179758e-02,9.734910186944260024e-01,1.947241676536182881e-02,9.734910186944260024e-01,-1.947241676536182881e-02
4.000000000000000000e+00,5.235987755982988157e-01,5.235512468186869217e-01,-6.286622328902545997e-04,5.237378122931332092e-01,-1.081317293991097134e-03,1.390366948343935150e-04,-1.081317293991097134e-03,-2.695199321035385244e-06,-2.695199321035385244e-06,0.000000000000000000e+00,9.734910186944261135e-01,1.947241676536179758e-02,9.734910186944261135e-01,-1.947241676536179758e-02,9.734910186944260024e-01,1.947241676536182881e-02,9.734910186944260024e-01,-1.947241676536182881e-02
